source_category,stage_index,stage,scenario_stage_count,reachable_pair_count,site_node_pair_count,reachable_pair_share,unreachable_pair_count,A0_pair_share,nodes_unreachable_from_every_site_sum,nodes_unreachable_from_every_site_mean,nodes_unreachable_from_every_site_max,C_reachable_observation_count,C_reachable_sum_km,C_reachable_mean_km,C_reachable_stage_p95_p95_km,C_reachable_max_km
main_reference,1,W1,22520,2880747,2972640,0.969087074115937,91893,0.0309129258840627,5544,0.246181172291297,27,2880747,56352943.0463058,19.5619202402383,44.1809956701106,109.965816776067
main_reference,2,W2,22520,2736629,2972640,0.920605589644222,236011,0.079394410355778,21411,0.950754884547069,29,2736629,54730202.6809984,19.999131296569,54.5431332915217,111.394868345072
main_reference,3,W3,22520,2645428,2972640,0.88992545346897,327212,0.11007454653103,30207,1.34134103019538,29,2645428,53663373.2249507,20.2853274498307,58.522344307194,118.459387563748
observed_candidate,1,W1,5360,527818,707520,0.746011420171868,179702,0.253988579828132,19216,3.58507462686567,28,527818,11463605.0900572,21.718859701748,68.3180412337867,113.044326244183
observed_candidate,2,W2,5360,335465,707520,0.474142073722298,372055,0.525857926277702,50039,9.33563432835821,29,335465,7498298.36441046,22.3519543451939,70.9542058593719,123.407974663801
observed_candidate,3,W3,5360,206753,707520,0.292222127996382,500767,0.707777872003618,73234,13.6630597014925,29,206753,4670402.31993819,22.5892844115354,70.9609096175945,126.278785560756
unobserved_candidate,1,W1,17160,1176963,2265120,0.519602934943844,1088157,0.480397065056156,150869,8.79189976689977,29,1176963,25635294.6014029,21.7808840221849,68.5939028196881,138.724130301335
unobserved_candidate,2,W2,17160,823596,2265120,0.36359927950837,1441524,0.63640072049163,208950,12.1765734265734,29,823596,18462466.906183,22.4168972483875,70.7575950393953,138.724130301335
unobserved_candidate,3,W3,17160,424963,2265120,0.187611693861694,1840157,0.812388306138306,289435,16.8668414918415,29,424963,8509553.99794771,20.024223280492,65.6335841808828,141.017062236973
