source_category,path_count,scenario_count,D_Hres3h_min_kg,D_Hres3h_mean_kg,D_Hres3h_p95_kg,D_Hres3h_p99_kg,D_Hres3h_max_kg,D_node_min_kg,D_node_mean_kg,D_node_p95_kg,D_node_p99_kg,D_node_max_kg,reachable_pair_share,A0_pair_share,C_reachable_mean_km,C_reachable_stage_p95_p95_km,C_reachable_max_km,unreachable_nodes_per_stage_mean,unreachable_nodes_per_stage_max,failed_lines_W3_mean,failed_lines_W3_max,closed_roads_W3_mean,closed_roads_W3_max,joint_line_road_damage_share,multi_line_failure_share,road_disconnection_share,novel_line_failure_scenarios,novel_road_closure_scenarios,novel_accessibility_scenarios,novel_structural_scenarios,novel_full_DAC_scenarios,above_reference_D_p99_scenarios,diagnostic_zero_D_scenarios
main_reference,1126,22520,0,160.224075855024,607.969887897881,607.969887897881,607.969887897881,0,1.61842500863663,8.18263644546273,22.9113820472956,22.9113820472956,0.92653937240971,0.0734606275902901,19.9383307352128,53.6615591844865,118.459387563748,0.846092362344583,29,4.8911190053286,32,2.79267317939609,36,0.342140319715808,0.426021314387211,0.214387211367673,0,0,0,0,0,0,11669
observed_candidate,268,5360,0,478.464959793126,607.969887897881,607.969887897881,607.969887897881,0,4.83297939184982,11.4556910236478,22.9113820472956,22.9113820472956,0.504125207296849,0.495874792703151,22.0855240145247,70.1252964718769,126.278785560756,8.86125621890547,29,23.6182835820896,32,18.4285447761194,35,0.9875,0.993470149253731,0.940111940298507,5297,5208,4757,5323,5325,0,16
unobserved_candidate,858,17160,0,545.625080626292,607.969887897881,607.969887897881,607.969887897881,0,5.51136445077081,22.9113820472956,22.9113820472956,22.9113820472956,0.356937969437969,0.643062030562031,21.6890696128638,68.5723441349203,141.017062236973,12.6117715617716,29,26.5886946386946,32,21.6856643356643,37,0.997727272727273,0.99988344988345,0.985955710955711,16928,17084,16689,17157,17160,0,1
