scope,initial_state_id,sample_id_r,path_id_r,sample_id_s,path_id_s,T_id,T_label,distance_metric,distance,low_positive_distance_q25,Q_r,Q_s,absolute_loss_difference,relative_loss_difference,loss_slope
STATE,7,1,1,1297,1297,1,ZERO,PERIOD_OLD,0.0159690920798078,0.0368466297213286,0,67643.1279491585,67643.1279491585,1,4235878.13327786
STATE,7,2,2,1297,1297,1,ZERO,PERIOD_OLD,0.0159690920798078,0.0368466297213286,0,67643.1279491585,67643.1279491585,1,4235878.13327786
STATE,7,3,3,1297,1297,1,ZERO,PERIOD_OLD,0.0159690920798078,0.0368466297213286,0,67643.1279491585,67643.1279491585,1,4235878.13327786
STATE,7,4,4,1297,1297,1,ZERO,PERIOD_OLD,0.0159690920798078,0.0368466297213286,0,67643.1279491585,67643.1279491585,1,4235878.13327786
STATE,7,5,5,1297,1297,1,ZERO,PERIOD_OLD,0.0159690920798078,0.0368466297213286,0,67643.1279491585,67643.1279491585,1,4235878.13327786
STATE,7,6,6,1297,1297,1,ZERO,PERIOD_OLD,0.0159690920798078,0.0368466297213286,0,67643.1279491585,67643.1279491585,1,4235878.13327786
STATE,7,7,7,1297,1297,1,ZERO,PERIOD_OLD,0.0159690920798078,0.0368466297213286,0,67643.1279491585,67643.1279491585,1,4235878.13327786
STATE,7,8,8,1297,1297,1,ZERO,PERIOD_OLD,0.0159690920798078,0.0368466297213286,0,67643.1279491585,67643.1279491585,1,4235878.13327786
STATE,7,1,1,224,224,1,ZERO,PERIOD_OLD,0.0172067851856425,0.0368466297213286,0,55641.9278291465,55641.9278291465,1,3233720.14172494
STATE,7,2,2,224,224,1,ZERO,PERIOD_OLD,0.0172067851856425,0.0368466297213286,0,55641.9278291465,55641.9278291465,1,3233720.14172494
STATE,7,3,3,224,224,1,ZERO,PERIOD_OLD,0.0172067851856425,0.0368466297213286,0,55641.9278291465,55641.9278291465,1,3233720.14172494
STATE,7,4,4,224,224,1,ZERO,PERIOD_OLD,0.0172067851856425,0.0368466297213286,0,55641.9278291465,55641.9278291465,1,3233720.14172494
STATE,7,5,5,224,224,1,ZERO,PERIOD_OLD,0.0172067851856425,0.0368466297213286,0,55641.9278291465,55641.9278291465,1,3233720.14172494
STATE,7,6,6,224,224,1,ZERO,PERIOD_OLD,0.0172067851856425,0.0368466297213286,0,55641.9278291465,55641.9278291465,1,3233720.14172494
STATE,7,7,7,224,224,1,ZERO,PERIOD_OLD,0.0172067851856425,0.0368466297213286,0,55641.9278291465,55641.9278291465,1,3233720.14172494
STATE,7,8,8,224,224,1,ZERO,PERIOD_OLD,0.0172067851856425,0.0368466297213286,0,55641.9278291465,55641.9278291465,1,3233720.14172494
STATE,7,1,1,1136,1136,1,ZERO,PERIOD_OLD,0.0200901481004033,0.0368466297213286,0,85099.4190328124,85099.4190328124,1,4235878.13327788
STATE,7,2,2,1136,1136,1,ZERO,PERIOD_OLD,0.0200901481004033,0.0368466297213286,0,85099.4190328124,85099.4190328124,1,4235878.13327788
STATE,7,3,3,1136,1136,1,ZERO,PERIOD_OLD,0.0200901481004033,0.0368466297213286,0,85099.4190328124,85099.4190328124,1,4235878.13327788
STATE,7,4,4,1136,1136,1,ZERO,PERIOD_OLD,0.0200901481004033,0.0368466297213286,0,85099.4190328124,85099.4190328124,1,4235878.13327788
STATE,7,1,1,224,224,1,ZERO,PERIOD_CORRECTED,0.0315271775317929,0.0701085001268668,0,55641.9278291465,55641.9278291465,1,1764887.6996057
STATE,7,2,2,224,224,1,ZERO,PERIOD_CORRECTED,0.0315271775317929,0.0701085001268668,0,55641.9278291465,55641.9278291465,1,1764887.6996057
STATE,7,3,3,224,224,1,ZERO,PERIOD_CORRECTED,0.0315271775317929,0.0701085001268668,0,55641.9278291465,55641.9278291465,1,1764887.6996057
STATE,7,4,4,224,224,1,ZERO,PERIOD_CORRECTED,0.0315271775317929,0.0701085001268668,0,55641.9278291465,55641.9278291465,1,1764887.6996057
STATE,7,5,5,224,224,1,ZERO,PERIOD_CORRECTED,0.0315271775317929,0.0701085001268668,0,55641.9278291465,55641.9278291465,1,1764887.6996057
STATE,7,6,6,224,224,1,ZERO,PERIOD_CORRECTED,0.0315271775317929,0.0701085001268668,0,55641.9278291465,55641.9278291465,1,1764887.6996057
STATE,7,7,7,224,224,1,ZERO,PERIOD_CORRECTED,0.0315271775317929,0.0701085001268668,0,55641.9278291465,55641.9278291465,1,1764887.6996057
STATE,7,8,8,224,224,1,ZERO,PERIOD_CORRECTED,0.0315271775317929,0.0701085001268668,0,55641.9278291465,55641.9278291465,1,1764887.6996057
STATE,7,1,1,1297,1297,1,ZERO,PERIOD_CORRECTED,0.0333781965006181,0.0701085001268668,0,67643.1279491585,67643.1279491585,1,2026566.29299627
STATE,7,2,2,1297,1297,1,ZERO,PERIOD_CORRECTED,0.0333781965006181,0.0701085001268668,0,67643.1279491585,67643.1279491585,1,2026566.29299627
STATE,7,3,3,1297,1297,1,ZERO,PERIOD_CORRECTED,0.0333781965006181,0.0701085001268668,0,67643.1279491585,67643.1279491585,1,2026566.29299627
STATE,7,4,4,1297,1297,1,ZERO,PERIOD_CORRECTED,0.0333781965006181,0.0701085001268668,0,67643.1279491585,67643.1279491585,1,2026566.29299627
STATE,7,5,5,1297,1297,1,ZERO,PERIOD_CORRECTED,0.0333781965006181,0.0701085001268668,0,67643.1279491585,67643.1279491585,1,2026566.29299627
STATE,7,6,6,1297,1297,1,ZERO,PERIOD_CORRECTED,0.0333781965006181,0.0701085001268668,0,67643.1279491585,67643.1279491585,1,2026566.29299627
STATE,7,7,7,1297,1297,1,ZERO,PERIOD_CORRECTED,0.0333781965006181,0.0701085001268668,0,67643.1279491585,67643.1279491585,1,2026566.29299627
STATE,7,8,8,1297,1297,1,ZERO,PERIOD_CORRECTED,0.0333781965006181,0.0701085001268668,0,67643.1279491585,67643.1279491585,1,2026566.29299627
STATE,7,1,1,1136,1136,1,ZERO,PERIOD_CORRECTED,0.0419919246298098,0.0701085001268668,0,85099.4190328124,85099.4190328124,1,2026566.29299627
STATE,7,2,2,1136,1136,1,ZERO,PERIOD_CORRECTED,0.0419919246298098,0.0701085001268668,0,85099.4190328124,85099.4190328124,1,2026566.29299627
STATE,7,3,3,1136,1136,1,ZERO,PERIOD_CORRECTED,0.0419919246298098,0.0701085001268668,0,85099.4190328124,85099.4190328124,1,2026566.29299627
STATE,7,4,4,1136,1136,1,ZERO,PERIOD_CORRECTED,0.0419919246298098,0.0701085001268668,0,85099.4190328124,85099.4190328124,1,2026566.29299627
STATE,7,1,1,1297,1297,2,HALF_CAPACITY,PERIOD_OLD,0.0159690920798078,0.0368466297213286,0,84.6063627341755,84.6063627341755,1,5298.13231155179
STATE,7,2,2,1297,1297,2,HALF_CAPACITY,PERIOD_OLD,0.0159690920798078,0.0368466297213286,0,84.6063627341755,84.6063627341755,1,5298.13231155179
STATE,7,3,3,1297,1297,2,HALF_CAPACITY,PERIOD_OLD,0.0159690920798078,0.0368466297213286,0,84.6063627341755,84.6063627341755,1,5298.13231155179
STATE,7,4,4,1297,1297,2,HALF_CAPACITY,PERIOD_OLD,0.0159690920798078,0.0368466297213286,0,84.6063627341755,84.6063627341755,1,5298.13231155179
STATE,7,5,5,1297,1297,2,HALF_CAPACITY,PERIOD_OLD,0.0159690920798078,0.0368466297213286,0,84.6063627341755,84.6063627341755,1,5298.13231155179
STATE,7,6,6,1297,1297,2,HALF_CAPACITY,PERIOD_OLD,0.0159690920798078,0.0368466297213286,0,84.6063627341755,84.6063627341755,1,5298.13231155179
STATE,7,7,7,1297,1297,2,HALF_CAPACITY,PERIOD_OLD,0.0159690920798078,0.0368466297213286,0,84.6063627341755,84.6063627341755,1,5298.13231155179
STATE,7,8,8,1297,1297,2,HALF_CAPACITY,PERIOD_OLD,0.0159690920798078,0.0368466297213286,0,84.6063627341755,84.6063627341755,1,5298.13231155179
STATE,7,1,1,224,224,2,HALF_CAPACITY,PERIOD_OLD,0.0172067851856425,0.0368466297213286,0,45936.7545879684,45936.7545879684,1,2669688.38701482
STATE,7,2,2,224,224,2,HALF_CAPACITY,PERIOD_OLD,0.0172067851856425,0.0368466297213286,0,45936.7545879684,45936.7545879684,1,2669688.38701482
STATE,7,3,3,224,224,2,HALF_CAPACITY,PERIOD_OLD,0.0172067851856425,0.0368466297213286,0,45936.7545879684,45936.7545879684,1,2669688.38701482
STATE,7,4,4,224,224,2,HALF_CAPACITY,PERIOD_OLD,0.0172067851856425,0.0368466297213286,0,45936.7545879684,45936.7545879684,1,2669688.38701482
STATE,7,5,5,224,224,2,HALF_CAPACITY,PERIOD_OLD,0.0172067851856425,0.0368466297213286,0,45936.7545879684,45936.7545879684,1,2669688.38701482
STATE,7,6,6,224,224,2,HALF_CAPACITY,PERIOD_OLD,0.0172067851856425,0.0368466297213286,0,45936.7545879684,45936.7545879684,1,2669688.38701482
STATE,7,7,7,224,224,2,HALF_CAPACITY,PERIOD_OLD,0.0172067851856425,0.0368466297213286,0,45936.7545879684,45936.7545879684,1,2669688.38701482
STATE,7,8,8,224,224,2,HALF_CAPACITY,PERIOD_OLD,0.0172067851856425,0.0368466297213286,0,45936.7545879684,45936.7545879684,1,2669688.38701482
STATE,7,1,1,1136,1136,2,HALF_CAPACITY,PERIOD_OLD,0.0200901481004033,0.0368466297213286,0,54.5509096364182,54.5509096364182,1,2715.30649569095
STATE,7,2,2,1136,1136,2,HALF_CAPACITY,PERIOD_OLD,0.0200901481004033,0.0368466297213286,0,54.5509096364182,54.5509096364182,1,2715.30649569095
STATE,7,3,3,1136,1136,2,HALF_CAPACITY,PERIOD_OLD,0.0200901481004033,0.0368466297213286,0,54.5509096364182,54.5509096364182,1,2715.30649569095
STATE,7,4,4,1136,1136,2,HALF_CAPACITY,PERIOD_OLD,0.0200901481004033,0.0368466297213286,0,54.5509096364182,54.5509096364182,1,2715.30649569095
STATE,7,1,1,224,224,2,HALF_CAPACITY,PERIOD_CORRECTED,0.0315271775317929,0.0701085001268668,0,45936.7545879684,45936.7545879684,1,1457052.55542284
STATE,7,2,2,224,224,2,HALF_CAPACITY,PERIOD_CORRECTED,0.0315271775317929,0.0701085001268668,0,45936.7545879684,45936.7545879684,1,1457052.55542284
STATE,7,3,3,224,224,2,HALF_CAPACITY,PERIOD_CORRECTED,0.0315271775317929,0.0701085001268668,0,45936.7545879684,45936.7545879684,1,1457052.55542284
STATE,7,4,4,224,224,2,HALF_CAPACITY,PERIOD_CORRECTED,0.0315271775317929,0.0701085001268668,0,45936.7545879684,45936.7545879684,1,1457052.55542284
STATE,7,5,5,224,224,2,HALF_CAPACITY,PERIOD_CORRECTED,0.0315271775317929,0.0701085001268668,0,45936.7545879684,45936.7545879684,1,1457052.55542284
STATE,7,6,6,224,224,2,HALF_CAPACITY,PERIOD_CORRECTED,0.0315271775317929,0.0701085001268668,0,45936.7545879684,45936.7545879684,1,1457052.55542284
STATE,7,7,7,224,224,2,HALF_CAPACITY,PERIOD_CORRECTED,0.0315271775317929,0.0701085001268668,0,45936.7545879684,45936.7545879684,1,1457052.55542284
STATE,7,8,8,224,224,2,HALF_CAPACITY,PERIOD_CORRECTED,0.0315271775317929,0.0701085001268668,0,45936.7545879684,45936.7545879684,1,1457052.55542284
STATE,7,1,1,1297,1297,2,HALF_CAPACITY,PERIOD_CORRECTED,0.0333781965006181,0.0701085001268668,0,84.6063627341755,84.6063627341755,1,2534.77933514499
STATE,7,2,2,1297,1297,2,HALF_CAPACITY,PERIOD_CORRECTED,0.0333781965006181,0.0701085001268668,0,84.6063627341755,84.6063627341755,1,2534.77933514499
STATE,7,3,3,1297,1297,2,HALF_CAPACITY,PERIOD_CORRECTED,0.0333781965006181,0.0701085001268668,0,84.6063627341755,84.6063627341755,1,2534.77933514499
STATE,7,4,4,1297,1297,2,HALF_CAPACITY,PERIOD_CORRECTED,0.0333781965006181,0.0701085001268668,0,84.6063627341755,84.6063627341755,1,2534.77933514499
STATE,7,5,5,1297,1297,2,HALF_CAPACITY,PERIOD_CORRECTED,0.0333781965006181,0.0701085001268668,0,84.6063627341755,84.6063627341755,1,2534.77933514499
STATE,7,6,6,1297,1297,2,HALF_CAPACITY,PERIOD_CORRECTED,0.0333781965006181,0.0701085001268668,0,84.6063627341755,84.6063627341755,1,2534.77933514499
STATE,7,7,7,1297,1297,2,HALF_CAPACITY,PERIOD_CORRECTED,0.0333781965006181,0.0701085001268668,0,84.6063627341755,84.6063627341755,1,2534.77933514499
STATE,7,8,8,1297,1297,2,HALF_CAPACITY,PERIOD_CORRECTED,0.0333781965006181,0.0701085001268668,0,84.6063627341755,84.6063627341755,1,2534.77933514499
STATE,7,1,1,1136,1136,2,HALF_CAPACITY,PERIOD_CORRECTED,0.0419919246298098,0.0701085001268668,0,54.5509096364182,54.5509096364182,1,1299.08095704889
STATE,7,2,2,1136,1136,2,HALF_CAPACITY,PERIOD_CORRECTED,0.0419919246298098,0.0701085001268668,0,54.5509096364182,54.5509096364182,1,1299.08095704889
STATE,7,3,3,1136,1136,2,HALF_CAPACITY,PERIOD_CORRECTED,0.0419919246298098,0.0701085001268668,0,54.5509096364182,54.5509096364182,1,1299.08095704889
STATE,7,4,4,1136,1136,2,HALF_CAPACITY,PERIOD_CORRECTED,0.0419919246298098,0.0701085001268668,0,54.5509096364182,54.5509096364182,1,1299.08095704889
STATE,7,1,1,1297,1297,3,FULL_CAPACITY,PERIOD_OLD,0.0159690920798078,0.0368466297213286,0,84.6063627341755,84.6063627341755,1,5298.13231155179
STATE,7,2,2,1297,1297,3,FULL_CAPACITY,PERIOD_OLD,0.0159690920798078,0.0368466297213286,0,84.6063627341755,84.6063627341755,1,5298.13231155179
STATE,7,3,3,1297,1297,3,FULL_CAPACITY,PERIOD_OLD,0.0159690920798078,0.0368466297213286,0,84.6063627341755,84.6063627341755,1,5298.13231155179
STATE,7,4,4,1297,1297,3,FULL_CAPACITY,PERIOD_OLD,0.0159690920798078,0.0368466297213286,0,84.6063627341755,84.6063627341755,1,5298.13231155179
STATE,7,5,5,1297,1297,3,FULL_CAPACITY,PERIOD_OLD,0.0159690920798078,0.0368466297213286,0,84.6063627341755,84.6063627341755,1,5298.13231155179
STATE,7,6,6,1297,1297,3,FULL_CAPACITY,PERIOD_OLD,0.0159690920798078,0.0368466297213286,0,84.6063627341755,84.6063627341755,1,5298.13231155179
STATE,7,7,7,1297,1297,3,FULL_CAPACITY,PERIOD_OLD,0.0159690920798078,0.0368466297213286,0,84.6063627341755,84.6063627341755,1,5298.13231155179
STATE,7,8,8,1297,1297,3,FULL_CAPACITY,PERIOD_OLD,0.0159690920798078,0.0368466297213286,0,84.6063627341755,84.6063627341755,1,5298.13231155179
STATE,7,1,1,224,224,3,FULL_CAPACITY,PERIOD_OLD,0.0172067851856425,0.0368466297213286,0,45936.7545879684,45936.7545879684,1,2669688.38701482
STATE,7,2,2,224,224,3,FULL_CAPACITY,PERIOD_OLD,0.0172067851856425,0.0368466297213286,0,45936.7545879684,45936.7545879684,1,2669688.38701482
STATE,7,3,3,224,224,3,FULL_CAPACITY,PERIOD_OLD,0.0172067851856425,0.0368466297213286,0,45936.7545879684,45936.7545879684,1,2669688.38701482
STATE,7,4,4,224,224,3,FULL_CAPACITY,PERIOD_OLD,0.0172067851856425,0.0368466297213286,0,45936.7545879684,45936.7545879684,1,2669688.38701482
STATE,7,5,5,224,224,3,FULL_CAPACITY,PERIOD_OLD,0.0172067851856425,0.0368466297213286,0,45936.7545879684,45936.7545879684,1,2669688.38701482
STATE,7,6,6,224,224,3,FULL_CAPACITY,PERIOD_OLD,0.0172067851856425,0.0368466297213286,0,45936.7545879684,45936.7545879684,1,2669688.38701482
STATE,7,7,7,224,224,3,FULL_CAPACITY,PERIOD_OLD,0.0172067851856425,0.0368466297213286,0,45936.7545879684,45936.7545879684,1,2669688.38701482
STATE,7,8,8,224,224,3,FULL_CAPACITY,PERIOD_OLD,0.0172067851856425,0.0368466297213286,0,45936.7545879684,45936.7545879684,1,2669688.38701482
STATE,7,1,1,1136,1136,3,FULL_CAPACITY,PERIOD_OLD,0.0200901481004033,0.0368466297213286,0,54.5509096364182,54.5509096364182,1,2715.30649569095
STATE,7,2,2,1136,1136,3,FULL_CAPACITY,PERIOD_OLD,0.0200901481004033,0.0368466297213286,0,54.5509096364182,54.5509096364182,1,2715.30649569095
STATE,7,3,3,1136,1136,3,FULL_CAPACITY,PERIOD_OLD,0.0200901481004033,0.0368466297213286,0,54.5509096364182,54.5509096364182,1,2715.30649569095
STATE,7,4,4,1136,1136,3,FULL_CAPACITY,PERIOD_OLD,0.0200901481004033,0.0368466297213286,0,54.5509096364182,54.5509096364182,1,2715.30649569095
STATE,7,1,1,224,224,3,FULL_CAPACITY,PERIOD_CORRECTED,0.0315271775317929,0.0701085001268668,0,45936.7545879684,45936.7545879684,1,1457052.55542284
STATE,7,2,2,224,224,3,FULL_CAPACITY,PERIOD_CORRECTED,0.0315271775317929,0.0701085001268668,0,45936.7545879684,45936.7545879684,1,1457052.55542284
STATE,7,3,3,224,224,3,FULL_CAPACITY,PERIOD_CORRECTED,0.0315271775317929,0.0701085001268668,0,45936.7545879684,45936.7545879684,1,1457052.55542284
STATE,7,4,4,224,224,3,FULL_CAPACITY,PERIOD_CORRECTED,0.0315271775317929,0.0701085001268668,0,45936.7545879684,45936.7545879684,1,1457052.55542284
STATE,7,5,5,224,224,3,FULL_CAPACITY,PERIOD_CORRECTED,0.0315271775317929,0.0701085001268668,0,45936.7545879684,45936.7545879684,1,1457052.55542284
STATE,7,6,6,224,224,3,FULL_CAPACITY,PERIOD_CORRECTED,0.0315271775317929,0.0701085001268668,0,45936.7545879684,45936.7545879684,1,1457052.55542284
STATE,7,7,7,224,224,3,FULL_CAPACITY,PERIOD_CORRECTED,0.0315271775317929,0.0701085001268668,0,45936.7545879684,45936.7545879684,1,1457052.55542284
STATE,7,8,8,224,224,3,FULL_CAPACITY,PERIOD_CORRECTED,0.0315271775317929,0.0701085001268668,0,45936.7545879684,45936.7545879684,1,1457052.55542284
STATE,7,1,1,1297,1297,3,FULL_CAPACITY,PERIOD_CORRECTED,0.0333781965006181,0.0701085001268668,0,84.6063627341755,84.6063627341755,1,2534.77933514499
STATE,7,2,2,1297,1297,3,FULL_CAPACITY,PERIOD_CORRECTED,0.0333781965006181,0.0701085001268668,0,84.6063627341755,84.6063627341755,1,2534.77933514499
STATE,7,3,3,1297,1297,3,FULL_CAPACITY,PERIOD_CORRECTED,0.0333781965006181,0.0701085001268668,0,84.6063627341755,84.6063627341755,1,2534.77933514499
STATE,7,4,4,1297,1297,3,FULL_CAPACITY,PERIOD_CORRECTED,0.0333781965006181,0.0701085001268668,0,84.6063627341755,84.6063627341755,1,2534.77933514499
STATE,7,5,5,1297,1297,3,FULL_CAPACITY,PERIOD_CORRECTED,0.0333781965006181,0.0701085001268668,0,84.6063627341755,84.6063627341755,1,2534.77933514499
STATE,7,6,6,1297,1297,3,FULL_CAPACITY,PERIOD_CORRECTED,0.0333781965006181,0.0701085001268668,0,84.6063627341755,84.6063627341755,1,2534.77933514499
STATE,7,7,7,1297,1297,3,FULL_CAPACITY,PERIOD_CORRECTED,0.0333781965006181,0.0701085001268668,0,84.6063627341755,84.6063627341755,1,2534.77933514499
STATE,7,8,8,1297,1297,3,FULL_CAPACITY,PERIOD_CORRECTED,0.0333781965006181,0.0701085001268668,0,84.6063627341755,84.6063627341755,1,2534.77933514499
STATE,7,1,1,1136,1136,3,FULL_CAPACITY,PERIOD_CORRECTED,0.0419919246298098,0.0701085001268668,0,54.5509096364182,54.5509096364182,1,1299.08095704889
STATE,7,2,2,1136,1136,3,FULL_CAPACITY,PERIOD_CORRECTED,0.0419919246298098,0.0701085001268668,0,54.5509096364182,54.5509096364182,1,1299.08095704889
STATE,7,3,3,1136,1136,3,FULL_CAPACITY,PERIOD_CORRECTED,0.0419919246298098,0.0701085001268668,0,54.5509096364182,54.5509096364182,1,1299.08095704889
STATE,7,4,4,1136,1136,3,FULL_CAPACITY,PERIOD_CORRECTED,0.0419919246298098,0.0701085001268668,0,54.5509096364182,54.5509096364182,1,1299.08095704889
STATE,7,1,1,1297,1297,4,STEP03YF_PERIOD_R2000,PERIOD_OLD,0.0159690920798078,0.0368466297213286,0,84.6063627341755,84.6063627341755,1,5298.13231155179
STATE,7,2,2,1297,1297,4,STEP03YF_PERIOD_R2000,PERIOD_OLD,0.0159690920798078,0.0368466297213286,0,84.6063627341755,84.6063627341755,1,5298.13231155179
STATE,7,3,3,1297,1297,4,STEP03YF_PERIOD_R2000,PERIOD_OLD,0.0159690920798078,0.0368466297213286,0,84.6063627341755,84.6063627341755,1,5298.13231155179
STATE,7,4,4,1297,1297,4,STEP03YF_PERIOD_R2000,PERIOD_OLD,0.0159690920798078,0.0368466297213286,0,84.6063627341755,84.6063627341755,1,5298.13231155179
STATE,7,5,5,1297,1297,4,STEP03YF_PERIOD_R2000,PERIOD_OLD,0.0159690920798078,0.0368466297213286,0,84.6063627341755,84.6063627341755,1,5298.13231155179
STATE,7,6,6,1297,1297,4,STEP03YF_PERIOD_R2000,PERIOD_OLD,0.0159690920798078,0.0368466297213286,0,84.6063627341755,84.6063627341755,1,5298.13231155179
STATE,7,7,7,1297,1297,4,STEP03YF_PERIOD_R2000,PERIOD_OLD,0.0159690920798078,0.0368466297213286,0,84.6063627341755,84.6063627341755,1,5298.13231155179
STATE,7,8,8,1297,1297,4,STEP03YF_PERIOD_R2000,PERIOD_OLD,0.0159690920798078,0.0368466297213286,0,84.6063627341755,84.6063627341755,1,5298.13231155179
STATE,7,1,1,224,224,4,STEP03YF_PERIOD_R2000,PERIOD_OLD,0.0172067851856425,0.0368466297213286,0,45936.7545879684,45936.7545879684,1,2669688.38701482
STATE,7,2,2,224,224,4,STEP03YF_PERIOD_R2000,PERIOD_OLD,0.0172067851856425,0.0368466297213286,0,45936.7545879684,45936.7545879684,1,2669688.38701482
STATE,7,3,3,224,224,4,STEP03YF_PERIOD_R2000,PERIOD_OLD,0.0172067851856425,0.0368466297213286,0,45936.7545879684,45936.7545879684,1,2669688.38701482
STATE,7,4,4,224,224,4,STEP03YF_PERIOD_R2000,PERIOD_OLD,0.0172067851856425,0.0368466297213286,0,45936.7545879684,45936.7545879684,1,2669688.38701482
STATE,7,5,5,224,224,4,STEP03YF_PERIOD_R2000,PERIOD_OLD,0.0172067851856425,0.0368466297213286,0,45936.7545879684,45936.7545879684,1,2669688.38701482
STATE,7,6,6,224,224,4,STEP03YF_PERIOD_R2000,PERIOD_OLD,0.0172067851856425,0.0368466297213286,0,45936.7545879684,45936.7545879684,1,2669688.38701482
STATE,7,7,7,224,224,4,STEP03YF_PERIOD_R2000,PERIOD_OLD,0.0172067851856425,0.0368466297213286,0,45936.7545879684,45936.7545879684,1,2669688.38701482
STATE,7,8,8,224,224,4,STEP03YF_PERIOD_R2000,PERIOD_OLD,0.0172067851856425,0.0368466297213286,0,45936.7545879684,45936.7545879684,1,2669688.38701482
STATE,7,1,1,1136,1136,4,STEP03YF_PERIOD_R2000,PERIOD_OLD,0.0200901481004033,0.0368466297213286,0,54.5509096364182,54.5509096364182,1,2715.30649569095
STATE,7,2,2,1136,1136,4,STEP03YF_PERIOD_R2000,PERIOD_OLD,0.0200901481004033,0.0368466297213286,0,54.5509096364182,54.5509096364182,1,2715.30649569095
STATE,7,3,3,1136,1136,4,STEP03YF_PERIOD_R2000,PERIOD_OLD,0.0200901481004033,0.0368466297213286,0,54.5509096364182,54.5509096364182,1,2715.30649569095
STATE,7,4,4,1136,1136,4,STEP03YF_PERIOD_R2000,PERIOD_OLD,0.0200901481004033,0.0368466297213286,0,54.5509096364182,54.5509096364182,1,2715.30649569095
STATE,7,1,1,224,224,4,STEP03YF_PERIOD_R2000,PERIOD_CORRECTED,0.0315271775317929,0.0701085001268668,0,45936.7545879684,45936.7545879684,1,1457052.55542284
STATE,7,2,2,224,224,4,STEP03YF_PERIOD_R2000,PERIOD_CORRECTED,0.0315271775317929,0.0701085001268668,0,45936.7545879684,45936.7545879684,1,1457052.55542284
STATE,7,3,3,224,224,4,STEP03YF_PERIOD_R2000,PERIOD_CORRECTED,0.0315271775317929,0.0701085001268668,0,45936.7545879684,45936.7545879684,1,1457052.55542284
STATE,7,4,4,224,224,4,STEP03YF_PERIOD_R2000,PERIOD_CORRECTED,0.0315271775317929,0.0701085001268668,0,45936.7545879684,45936.7545879684,1,1457052.55542284
STATE,7,5,5,224,224,4,STEP03YF_PERIOD_R2000,PERIOD_CORRECTED,0.0315271775317929,0.0701085001268668,0,45936.7545879684,45936.7545879684,1,1457052.55542284
STATE,7,6,6,224,224,4,STEP03YF_PERIOD_R2000,PERIOD_CORRECTED,0.0315271775317929,0.0701085001268668,0,45936.7545879684,45936.7545879684,1,1457052.55542284
STATE,7,7,7,224,224,4,STEP03YF_PERIOD_R2000,PERIOD_CORRECTED,0.0315271775317929,0.0701085001268668,0,45936.7545879684,45936.7545879684,1,1457052.55542284
STATE,7,8,8,224,224,4,STEP03YF_PERIOD_R2000,PERIOD_CORRECTED,0.0315271775317929,0.0701085001268668,0,45936.7545879684,45936.7545879684,1,1457052.55542284
STATE,7,1,1,1297,1297,4,STEP03YF_PERIOD_R2000,PERIOD_CORRECTED,0.0333781965006181,0.0701085001268668,0,84.6063627341755,84.6063627341755,1,2534.77933514499
STATE,7,2,2,1297,1297,4,STEP03YF_PERIOD_R2000,PERIOD_CORRECTED,0.0333781965006181,0.0701085001268668,0,84.6063627341755,84.6063627341755,1,2534.77933514499
STATE,7,3,3,1297,1297,4,STEP03YF_PERIOD_R2000,PERIOD_CORRECTED,0.0333781965006181,0.0701085001268668,0,84.6063627341755,84.6063627341755,1,2534.77933514499
STATE,7,4,4,1297,1297,4,STEP03YF_PERIOD_R2000,PERIOD_CORRECTED,0.0333781965006181,0.0701085001268668,0,84.6063627341755,84.6063627341755,1,2534.77933514499
STATE,7,5,5,1297,1297,4,STEP03YF_PERIOD_R2000,PERIOD_CORRECTED,0.0333781965006181,0.0701085001268668,0,84.6063627341755,84.6063627341755,1,2534.77933514499
STATE,7,6,6,1297,1297,4,STEP03YF_PERIOD_R2000,PERIOD_CORRECTED,0.0333781965006181,0.0701085001268668,0,84.6063627341755,84.6063627341755,1,2534.77933514499
STATE,7,7,7,1297,1297,4,STEP03YF_PERIOD_R2000,PERIOD_CORRECTED,0.0333781965006181,0.0701085001268668,0,84.6063627341755,84.6063627341755,1,2534.77933514499
STATE,7,8,8,1297,1297,4,STEP03YF_PERIOD_R2000,PERIOD_CORRECTED,0.0333781965006181,0.0701085001268668,0,84.6063627341755,84.6063627341755,1,2534.77933514499
STATE,7,1,1,1136,1136,4,STEP03YF_PERIOD_R2000,PERIOD_CORRECTED,0.0419919246298098,0.0701085001268668,0,54.5509096364182,54.5509096364182,1,1299.08095704889
STATE,7,2,2,1136,1136,4,STEP03YF_PERIOD_R2000,PERIOD_CORRECTED,0.0419919246298098,0.0701085001268668,0,54.5509096364182,54.5509096364182,1,1299.08095704889
STATE,7,3,3,1136,1136,4,STEP03YF_PERIOD_R2000,PERIOD_CORRECTED,0.0419919246298098,0.0701085001268668,0,54.5509096364182,54.5509096364182,1,1299.08095704889
STATE,7,4,4,1136,1136,4,STEP03YF_PERIOD_R2000,PERIOD_CORRECTED,0.0419919246298098,0.0701085001268668,0,54.5509096364182,54.5509096364182,1,1299.08095704889
STATE,9,1,1,18,18,1,ZERO,PERIOD_OLD,0.00484522207267036,0.0379542395692512,0,29457.4912036658,29457.4912036658,1,6079698.8789888
STATE,9,2,2,18,18,1,ZERO,PERIOD_OLD,0.00484522207267036,0.0379542395692512,0,29457.4912036658,29457.4912036658,1,6079698.8789888
STATE,9,4,4,18,18,1,ZERO,PERIOD_OLD,0.00484522207267036,0.0379542395692512,0,29457.4912036658,29457.4912036658,1,6079698.8789888
STATE,9,5,5,18,18,1,ZERO,PERIOD_OLD,0.00484522207267036,0.0379542395692512,0,29457.4912036658,29457.4912036658,1,6079698.8789888
STATE,9,6,6,18,18,1,ZERO,PERIOD_OLD,0.00484522207267036,0.0379542395692512,0,29457.4912036658,29457.4912036658,1,6079698.8789888
STATE,9,7,7,18,18,1,ZERO,PERIOD_OLD,0.00484522207267036,0.0379542395692512,0,29457.4912036658,29457.4912036658,1,6079698.8789888
STATE,9,8,8,18,18,1,ZERO,PERIOD_OLD,0.00484522207267036,0.0379542395692512,0,29457.4912036658,29457.4912036658,1,6079698.8789888
STATE,9,9,9,18,18,1,ZERO,PERIOD_OLD,0.00484522207267036,0.0379542395692512,0,29457.4912036658,29457.4912036658,1,6079698.8789888
STATE,9,1,1,76,76,1,ZERO,PERIOD_OLD,0.00940865122042056,0.0379542395692512,0,42549.7095164062,42549.7095164062,1,4522402.68233731
STATE,9,2,2,76,76,1,ZERO,PERIOD_OLD,0.00940865122042056,0.0379542395692512,0,42549.7095164062,42549.7095164062,1,4522402.68233731
STATE,9,4,4,76,76,1,ZERO,PERIOD_OLD,0.00940865122042056,0.0379542395692512,0,42549.7095164062,42549.7095164062,1,4522402.68233731
STATE,9,5,5,76,76,1,ZERO,PERIOD_OLD,0.00940865122042056,0.0379542395692512,0,42549.7095164062,42549.7095164062,1,4522402.68233731
STATE,9,6,6,76,76,1,ZERO,PERIOD_OLD,0.00940865122042056,0.0379542395692512,0,42549.7095164062,42549.7095164062,1,4522402.68233731
STATE,9,7,7,76,76,1,ZERO,PERIOD_OLD,0.00940865122042056,0.0379542395692512,0,42549.7095164062,42549.7095164062,1,4522402.68233731
STATE,9,8,8,76,76,1,ZERO,PERIOD_OLD,0.00940865122042056,0.0379542395692512,0,42549.7095164062,42549.7095164062,1,4522402.68233731
STATE,9,9,9,76,76,1,ZERO,PERIOD_OLD,0.00940865122042056,0.0379542395692512,0,42549.7095164062,42549.7095164062,1,4522402.68233731
STATE,9,1,1,320,320,1,ZERO,PERIOD_OLD,0.00969044414534073,0.0379542395692512,0,58914.9824073316,58914.9824073316,1,6079698.8789888
STATE,9,2,2,320,320,1,ZERO,PERIOD_OLD,0.00969044414534073,0.0379542395692512,0,58914.9824073316,58914.9824073316,1,6079698.8789888
STATE,9,4,4,320,320,1,ZERO,PERIOD_OLD,0.00969044414534073,0.0379542395692512,0,58914.9824073316,58914.9824073316,1,6079698.8789888
STATE,9,5,5,320,320,1,ZERO,PERIOD_OLD,0.00969044414534073,0.0379542395692512,0,58914.9824073316,58914.9824073316,1,6079698.8789888
STATE,9,1,1,18,18,1,ZERO,PERIOD_CORRECTED,0.0145356662180111,0.113862718707753,0,29457.4912036658,29457.4912036658,1,2026566.29299627
STATE,9,2,2,18,18,1,ZERO,PERIOD_CORRECTED,0.0145356662180111,0.113862718707753,0,29457.4912036658,29457.4912036658,1,2026566.29299627
STATE,9,4,4,18,18,1,ZERO,PERIOD_CORRECTED,0.0145356662180111,0.113862718707753,0,29457.4912036658,29457.4912036658,1,2026566.29299627
STATE,9,5,5,18,18,1,ZERO,PERIOD_CORRECTED,0.0145356662180111,0.113862718707753,0,29457.4912036658,29457.4912036658,1,2026566.29299627
STATE,9,6,6,18,18,1,ZERO,PERIOD_CORRECTED,0.0145356662180111,0.113862718707753,0,29457.4912036658,29457.4912036658,1,2026566.29299627
STATE,9,7,7,18,18,1,ZERO,PERIOD_CORRECTED,0.0145356662180111,0.113862718707753,0,29457.4912036658,29457.4912036658,1,2026566.29299627
STATE,9,8,8,18,18,1,ZERO,PERIOD_CORRECTED,0.0145356662180111,0.113862718707753,0,29457.4912036658,29457.4912036658,1,2026566.29299627
STATE,9,9,9,18,18,1,ZERO,PERIOD_CORRECTED,0.0145356662180111,0.113862718707753,0,29457.4912036658,29457.4912036658,1,2026566.29299627
STATE,9,1,1,76,76,1,ZERO,PERIOD_CORRECTED,0.0234059594303572,0.113862718707753,0,42549.7095164062,42549.7095164062,1,1817900.67794529
STATE,9,2,2,76,76,1,ZERO,PERIOD_CORRECTED,0.0234059594303572,0.113862718707753,0,42549.7095164062,42549.7095164062,1,1817900.67794529
STATE,9,4,4,76,76,1,ZERO,PERIOD_CORRECTED,0.0234059594303572,0.113862718707753,0,42549.7095164062,42549.7095164062,1,1817900.67794529
STATE,9,5,5,76,76,1,ZERO,PERIOD_CORRECTED,0.0234059594303572,0.113862718707753,0,42549.7095164062,42549.7095164062,1,1817900.67794529
STATE,9,6,6,76,76,1,ZERO,PERIOD_CORRECTED,0.0234059594303572,0.113862718707753,0,42549.7095164062,42549.7095164062,1,1817900.67794529
STATE,9,7,7,76,76,1,ZERO,PERIOD_CORRECTED,0.0234059594303572,0.113862718707753,0,42549.7095164062,42549.7095164062,1,1817900.67794529
STATE,9,8,8,76,76,1,ZERO,PERIOD_CORRECTED,0.0234059594303572,0.113862718707753,0,42549.7095164062,42549.7095164062,1,1817900.67794529
STATE,9,9,9,76,76,1,ZERO,PERIOD_CORRECTED,0.0234059594303572,0.113862718707753,0,42549.7095164062,42549.7095164062,1,1817900.67794529
STATE,9,1,1,320,320,1,ZERO,PERIOD_CORRECTED,0.0290713324360222,0.113862718707753,0,58914.9824073316,58914.9824073316,1,2026566.29299627
STATE,9,2,2,320,320,1,ZERO,PERIOD_CORRECTED,0.0290713324360222,0.113862718707753,0,58914.9824073316,58914.9824073316,1,2026566.29299627
STATE,9,4,4,320,320,1,ZERO,PERIOD_CORRECTED,0.0290713324360222,0.113862718707753,0,58914.9824073316,58914.9824073316,1,2026566.29299627
STATE,9,5,5,320,320,1,ZERO,PERIOD_CORRECTED,0.0290713324360222,0.113862718707753,0,58914.9824073316,58914.9824073316,1,2026566.29299627
STATE,9,1,1,76,76,2,HALF_CAPACITY,PERIOD_OLD,0.00940865122042056,0.0379542395692512,0,29.6800300863085,29.6800300863085,1,3154.54674543476
STATE,9,2,2,76,76,2,HALF_CAPACITY,PERIOD_OLD,0.00940865122042056,0.0379542395692512,0,29.6800300863085,29.6800300863085,1,3154.54674543476
STATE,9,4,4,76,76,2,HALF_CAPACITY,PERIOD_OLD,0.00940865122042056,0.0379542395692512,0,29.6800300863085,29.6800300863085,1,3154.54674543476
STATE,9,5,5,76,76,2,HALF_CAPACITY,PERIOD_OLD,0.00940865122042056,0.0379542395692512,0,29.6800300863085,29.6800300863085,1,3154.54674543476
STATE,9,6,6,76,76,2,HALF_CAPACITY,PERIOD_OLD,0.00940865122042056,0.0379542395692512,0,29.6800300863085,29.6800300863085,1,3154.54674543476
STATE,9,7,7,76,76,2,HALF_CAPACITY,PERIOD_OLD,0.00940865122042056,0.0379542395692512,0,29.6800300863085,29.6800300863085,1,3154.54674543476
STATE,9,8,8,76,76,2,HALF_CAPACITY,PERIOD_OLD,0.00940865122042056,0.0379542395692512,0,29.6800300863085,29.6800300863085,1,3154.54674543476
STATE,9,9,9,76,76,2,HALF_CAPACITY,PERIOD_OLD,0.00940865122042056,0.0379542395692512,0,29.6800300863085,29.6800300863085,1,3154.54674543476
STATE,9,1,1,320,320,2,HALF_CAPACITY,PERIOD_OLD,0.00969044414534073,0.0379542395692512,0,572.037203831743,572.037203831743,1,59031.0614510672
STATE,9,2,2,320,320,2,HALF_CAPACITY,PERIOD_OLD,0.00969044414534073,0.0379542395692512,0,572.037203831743,572.037203831743,1,59031.0614510672
STATE,9,4,4,320,320,2,HALF_CAPACITY,PERIOD_OLD,0.00969044414534073,0.0379542395692512,0,572.037203831743,572.037203831743,1,59031.0614510672
STATE,9,5,5,320,320,2,HALF_CAPACITY,PERIOD_OLD,0.00969044414534073,0.0379542395692512,0,572.037203831743,572.037203831743,1,59031.0614510672
STATE,9,6,6,320,320,2,HALF_CAPACITY,PERIOD_OLD,0.00969044414534073,0.0379542395692512,0,572.037203831743,572.037203831743,1,59031.0614510672
STATE,9,7,7,320,320,2,HALF_CAPACITY,PERIOD_OLD,0.00969044414534073,0.0379542395692512,0,572.037203831743,572.037203831743,1,59031.0614510672
STATE,9,8,8,320,320,2,HALF_CAPACITY,PERIOD_OLD,0.00969044414534073,0.0379542395692512,0,572.037203831743,572.037203831743,1,59031.0614510672
STATE,9,9,9,320,320,2,HALF_CAPACITY,PERIOD_OLD,0.00969044414534073,0.0379542395692512,0,572.037203831743,572.037203831743,1,59031.0614510672
STATE,9,1,1,56,56,2,HALF_CAPACITY,PERIOD_OLD,0.00995962314937797,0.0379542395692512,0,65.0939219796106,65.0939219796106,1,6535.78162580138
STATE,9,2,2,56,56,2,HALF_CAPACITY,PERIOD_OLD,0.00995962314937797,0.0379542395692512,0,65.0939219796106,65.0939219796106,1,6535.78162580138
STATE,9,4,4,56,56,2,HALF_CAPACITY,PERIOD_OLD,0.00995962314937797,0.0379542395692512,0,65.0939219796106,65.0939219796106,1,6535.78162580138
STATE,9,5,5,56,56,2,HALF_CAPACITY,PERIOD_OLD,0.00995962314937797,0.0379542395692512,0,65.0939219796106,65.0939219796106,1,6535.78162580138
STATE,9,1,1,76,76,2,HALF_CAPACITY,PERIOD_CORRECTED,0.0234059594303572,0.113862718707753,0,29.6800300863085,29.6800300863085,1,1268.05441044275
STATE,9,2,2,76,76,2,HALF_CAPACITY,PERIOD_CORRECTED,0.0234059594303572,0.113862718707753,0,29.6800300863085,29.6800300863085,1,1268.05441044275
STATE,9,4,4,76,76,2,HALF_CAPACITY,PERIOD_CORRECTED,0.0234059594303572,0.113862718707753,0,29.6800300863085,29.6800300863085,1,1268.05441044275
STATE,9,5,5,76,76,2,HALF_CAPACITY,PERIOD_CORRECTED,0.0234059594303572,0.113862718707753,0,29.6800300863085,29.6800300863085,1,1268.05441044275
STATE,9,6,6,76,76,2,HALF_CAPACITY,PERIOD_CORRECTED,0.0234059594303572,0.113862718707753,0,29.6800300863085,29.6800300863085,1,1268.05441044275
STATE,9,7,7,76,76,2,HALF_CAPACITY,PERIOD_CORRECTED,0.0234059594303572,0.113862718707753,0,29.6800300863085,29.6800300863085,1,1268.05441044275
STATE,9,8,8,76,76,2,HALF_CAPACITY,PERIOD_CORRECTED,0.0234059594303572,0.113862718707753,0,29.6800300863085,29.6800300863085,1,1268.05441044275
STATE,9,9,9,76,76,2,HALF_CAPACITY,PERIOD_CORRECTED,0.0234059594303572,0.113862718707753,0,29.6800300863085,29.6800300863085,1,1268.05441044275
STATE,9,18,18,76,76,2,HALF_CAPACITY,PERIOD_CORRECTED,0.0282511815030276,0.113862718707753,0,29.6800300863085,29.6800300863085,1,1050.57659564177
STATE,9,1,1,320,320,2,HALF_CAPACITY,PERIOD_CORRECTED,0.0290713324360222,0.113862718707753,0,572.037203831743,572.037203831743,1,19677.0204836891
STATE,9,2,2,320,320,2,HALF_CAPACITY,PERIOD_CORRECTED,0.0290713324360222,0.113862718707753,0,572.037203831743,572.037203831743,1,19677.0204836891
STATE,9,4,4,320,320,2,HALF_CAPACITY,PERIOD_CORRECTED,0.0290713324360222,0.113862718707753,0,572.037203831743,572.037203831743,1,19677.0204836891
STATE,9,5,5,320,320,2,HALF_CAPACITY,PERIOD_CORRECTED,0.0290713324360222,0.113862718707753,0,572.037203831743,572.037203831743,1,19677.0204836891
STATE,9,6,6,320,320,2,HALF_CAPACITY,PERIOD_CORRECTED,0.0290713324360222,0.113862718707753,0,572.037203831743,572.037203831743,1,19677.0204836891
STATE,9,7,7,320,320,2,HALF_CAPACITY,PERIOD_CORRECTED,0.0290713324360222,0.113862718707753,0,572.037203831743,572.037203831743,1,19677.0204836891
STATE,9,8,8,320,320,2,HALF_CAPACITY,PERIOD_CORRECTED,0.0290713324360222,0.113862718707753,0,572.037203831743,572.037203831743,1,19677.0204836891
STATE,9,9,9,320,320,2,HALF_CAPACITY,PERIOD_CORRECTED,0.0290713324360222,0.113862718707753,0,572.037203831743,572.037203831743,1,19677.0204836891
STATE,9,1,1,56,56,2,HALF_CAPACITY,PERIOD_CORRECTED,0.0298788694481339,0.113862718707753,0,65.0939219796106,65.0939219796106,1,2178.59387526713
STATE,9,2,2,56,56,2,HALF_CAPACITY,PERIOD_CORRECTED,0.0298788694481339,0.113862718707753,0,65.0939219796106,65.0939219796106,1,2178.59387526713
STATE,9,4,4,56,56,2,HALF_CAPACITY,PERIOD_CORRECTED,0.0298788694481339,0.113862718707753,0,65.0939219796106,65.0939219796106,1,2178.59387526713
STATE,9,1,1,76,76,3,FULL_CAPACITY,PERIOD_OLD,0.00940865122042056,0.0379542395692512,0,29.6800300863085,29.6800300863085,1,3154.54674543476
STATE,9,2,2,76,76,3,FULL_CAPACITY,PERIOD_OLD,0.00940865122042056,0.0379542395692512,0,29.6800300863085,29.6800300863085,1,3154.54674543476
STATE,9,4,4,76,76,3,FULL_CAPACITY,PERIOD_OLD,0.00940865122042056,0.0379542395692512,0,29.6800300863085,29.6800300863085,1,3154.54674543476
STATE,9,5,5,76,76,3,FULL_CAPACITY,PERIOD_OLD,0.00940865122042056,0.0379542395692512,0,29.6800300863085,29.6800300863085,1,3154.54674543476
STATE,9,6,6,76,76,3,FULL_CAPACITY,PERIOD_OLD,0.00940865122042056,0.0379542395692512,0,29.6800300863085,29.6800300863085,1,3154.54674543476
STATE,9,7,7,76,76,3,FULL_CAPACITY,PERIOD_OLD,0.00940865122042056,0.0379542395692512,0,29.6800300863085,29.6800300863085,1,3154.54674543476
STATE,9,8,8,76,76,3,FULL_CAPACITY,PERIOD_OLD,0.00940865122042056,0.0379542395692512,0,29.6800300863085,29.6800300863085,1,3154.54674543476
STATE,9,9,9,76,76,3,FULL_CAPACITY,PERIOD_OLD,0.00940865122042056,0.0379542395692512,0,29.6800300863085,29.6800300863085,1,3154.54674543476
STATE,9,1,1,320,320,3,FULL_CAPACITY,PERIOD_OLD,0.00969044414534073,0.0379542395692512,0,572.037203831743,572.037203831743,1,59031.0614510672
STATE,9,2,2,320,320,3,FULL_CAPACITY,PERIOD_OLD,0.00969044414534073,0.0379542395692512,0,572.037203831743,572.037203831743,1,59031.0614510672
STATE,9,4,4,320,320,3,FULL_CAPACITY,PERIOD_OLD,0.00969044414534073,0.0379542395692512,0,572.037203831743,572.037203831743,1,59031.0614510672
STATE,9,5,5,320,320,3,FULL_CAPACITY,PERIOD_OLD,0.00969044414534073,0.0379542395692512,0,572.037203831743,572.037203831743,1,59031.0614510672
STATE,9,6,6,320,320,3,FULL_CAPACITY,PERIOD_OLD,0.00969044414534073,0.0379542395692512,0,572.037203831743,572.037203831743,1,59031.0614510672
STATE,9,7,7,320,320,3,FULL_CAPACITY,PERIOD_OLD,0.00969044414534073,0.0379542395692512,0,572.037203831743,572.037203831743,1,59031.0614510672
STATE,9,8,8,320,320,3,FULL_CAPACITY,PERIOD_OLD,0.00969044414534073,0.0379542395692512,0,572.037203831743,572.037203831743,1,59031.0614510672
STATE,9,9,9,320,320,3,FULL_CAPACITY,PERIOD_OLD,0.00969044414534073,0.0379542395692512,0,572.037203831743,572.037203831743,1,59031.0614510672
STATE,9,1,1,56,56,3,FULL_CAPACITY,PERIOD_OLD,0.00995962314937797,0.0379542395692512,0,65.0939219796106,65.0939219796106,1,6535.78162580138
STATE,9,2,2,56,56,3,FULL_CAPACITY,PERIOD_OLD,0.00995962314937797,0.0379542395692512,0,65.0939219796106,65.0939219796106,1,6535.78162580138
STATE,9,4,4,56,56,3,FULL_CAPACITY,PERIOD_OLD,0.00995962314937797,0.0379542395692512,0,65.0939219796106,65.0939219796106,1,6535.78162580138
STATE,9,5,5,56,56,3,FULL_CAPACITY,PERIOD_OLD,0.00995962314937797,0.0379542395692512,0,65.0939219796106,65.0939219796106,1,6535.78162580138
STATE,9,1,1,76,76,3,FULL_CAPACITY,PERIOD_CORRECTED,0.0234059594303572,0.113862718707753,0,29.6800300863085,29.6800300863085,1,1268.05441044275
STATE,9,2,2,76,76,3,FULL_CAPACITY,PERIOD_CORRECTED,0.0234059594303572,0.113862718707753,0,29.6800300863085,29.6800300863085,1,1268.05441044275
STATE,9,4,4,76,76,3,FULL_CAPACITY,PERIOD_CORRECTED,0.0234059594303572,0.113862718707753,0,29.6800300863085,29.6800300863085,1,1268.05441044275
STATE,9,5,5,76,76,3,FULL_CAPACITY,PERIOD_CORRECTED,0.0234059594303572,0.113862718707753,0,29.6800300863085,29.6800300863085,1,1268.05441044275
STATE,9,6,6,76,76,3,FULL_CAPACITY,PERIOD_CORRECTED,0.0234059594303572,0.113862718707753,0,29.6800300863085,29.6800300863085,1,1268.05441044275
STATE,9,7,7,76,76,3,FULL_CAPACITY,PERIOD_CORRECTED,0.0234059594303572,0.113862718707753,0,29.6800300863085,29.6800300863085,1,1268.05441044275
STATE,9,8,8,76,76,3,FULL_CAPACITY,PERIOD_CORRECTED,0.0234059594303572,0.113862718707753,0,29.6800300863085,29.6800300863085,1,1268.05441044275
STATE,9,9,9,76,76,3,FULL_CAPACITY,PERIOD_CORRECTED,0.0234059594303572,0.113862718707753,0,29.6800300863085,29.6800300863085,1,1268.05441044275
STATE,9,18,18,76,76,3,FULL_CAPACITY,PERIOD_CORRECTED,0.0282511815030276,0.113862718707753,0,29.6800300863085,29.6800300863085,1,1050.57659564177
STATE,9,1,1,320,320,3,FULL_CAPACITY,PERIOD_CORRECTED,0.0290713324360222,0.113862718707753,0,572.037203831743,572.037203831743,1,19677.0204836891
STATE,9,2,2,320,320,3,FULL_CAPACITY,PERIOD_CORRECTED,0.0290713324360222,0.113862718707753,0,572.037203831743,572.037203831743,1,19677.0204836891
STATE,9,4,4,320,320,3,FULL_CAPACITY,PERIOD_CORRECTED,0.0290713324360222,0.113862718707753,0,572.037203831743,572.037203831743,1,19677.0204836891
STATE,9,5,5,320,320,3,FULL_CAPACITY,PERIOD_CORRECTED,0.0290713324360222,0.113862718707753,0,572.037203831743,572.037203831743,1,19677.0204836891
STATE,9,6,6,320,320,3,FULL_CAPACITY,PERIOD_CORRECTED,0.0290713324360222,0.113862718707753,0,572.037203831743,572.037203831743,1,19677.0204836891
STATE,9,7,7,320,320,3,FULL_CAPACITY,PERIOD_CORRECTED,0.0290713324360222,0.113862718707753,0,572.037203831743,572.037203831743,1,19677.0204836891
STATE,9,8,8,320,320,3,FULL_CAPACITY,PERIOD_CORRECTED,0.0290713324360222,0.113862718707753,0,572.037203831743,572.037203831743,1,19677.0204836891
STATE,9,9,9,320,320,3,FULL_CAPACITY,PERIOD_CORRECTED,0.0290713324360222,0.113862718707753,0,572.037203831743,572.037203831743,1,19677.0204836891
STATE,9,1,1,56,56,3,FULL_CAPACITY,PERIOD_CORRECTED,0.0298788694481339,0.113862718707753,0,65.0939219796106,65.0939219796106,1,2178.59387526713
STATE,9,2,2,56,56,3,FULL_CAPACITY,PERIOD_CORRECTED,0.0298788694481339,0.113862718707753,0,65.0939219796106,65.0939219796106,1,2178.59387526713
STATE,9,4,4,56,56,3,FULL_CAPACITY,PERIOD_CORRECTED,0.0298788694481339,0.113862718707753,0,65.0939219796106,65.0939219796106,1,2178.59387526713
STATE,9,1,1,76,76,4,STEP03YF_PERIOD_R2000,PERIOD_OLD,0.00940865122042056,0.0379542395692512,0,29.6800300863085,29.6800300863085,1,3154.54674543476
STATE,9,2,2,76,76,4,STEP03YF_PERIOD_R2000,PERIOD_OLD,0.00940865122042056,0.0379542395692512,0,29.6800300863085,29.6800300863085,1,3154.54674543476
STATE,9,4,4,76,76,4,STEP03YF_PERIOD_R2000,PERIOD_OLD,0.00940865122042056,0.0379542395692512,0,29.6800300863085,29.6800300863085,1,3154.54674543476
STATE,9,5,5,76,76,4,STEP03YF_PERIOD_R2000,PERIOD_OLD,0.00940865122042056,0.0379542395692512,0,29.6800300863085,29.6800300863085,1,3154.54674543476
STATE,9,6,6,76,76,4,STEP03YF_PERIOD_R2000,PERIOD_OLD,0.00940865122042056,0.0379542395692512,0,29.6800300863085,29.6800300863085,1,3154.54674543476
STATE,9,7,7,76,76,4,STEP03YF_PERIOD_R2000,PERIOD_OLD,0.00940865122042056,0.0379542395692512,0,29.6800300863085,29.6800300863085,1,3154.54674543476
STATE,9,8,8,76,76,4,STEP03YF_PERIOD_R2000,PERIOD_OLD,0.00940865122042056,0.0379542395692512,0,29.6800300863085,29.6800300863085,1,3154.54674543476
STATE,9,9,9,76,76,4,STEP03YF_PERIOD_R2000,PERIOD_OLD,0.00940865122042056,0.0379542395692512,0,29.6800300863085,29.6800300863085,1,3154.54674543476
STATE,9,1,1,320,320,4,STEP03YF_PERIOD_R2000,PERIOD_OLD,0.00969044414534073,0.0379542395692512,0,572.037203831743,572.037203831743,1,59031.0614510672
STATE,9,2,2,320,320,4,STEP03YF_PERIOD_R2000,PERIOD_OLD,0.00969044414534073,0.0379542395692512,0,572.037203831743,572.037203831743,1,59031.0614510672
STATE,9,4,4,320,320,4,STEP03YF_PERIOD_R2000,PERIOD_OLD,0.00969044414534073,0.0379542395692512,0,572.037203831743,572.037203831743,1,59031.0614510672
STATE,9,5,5,320,320,4,STEP03YF_PERIOD_R2000,PERIOD_OLD,0.00969044414534073,0.0379542395692512,0,572.037203831743,572.037203831743,1,59031.0614510672
STATE,9,6,6,320,320,4,STEP03YF_PERIOD_R2000,PERIOD_OLD,0.00969044414534073,0.0379542395692512,0,572.037203831743,572.037203831743,1,59031.0614510672
STATE,9,7,7,320,320,4,STEP03YF_PERIOD_R2000,PERIOD_OLD,0.00969044414534073,0.0379542395692512,0,572.037203831743,572.037203831743,1,59031.0614510672
STATE,9,8,8,320,320,4,STEP03YF_PERIOD_R2000,PERIOD_OLD,0.00969044414534073,0.0379542395692512,0,572.037203831743,572.037203831743,1,59031.0614510672
STATE,9,9,9,320,320,4,STEP03YF_PERIOD_R2000,PERIOD_OLD,0.00969044414534073,0.0379542395692512,0,572.037203831743,572.037203831743,1,59031.0614510672
STATE,9,1,1,56,56,4,STEP03YF_PERIOD_R2000,PERIOD_OLD,0.00995962314937797,0.0379542395692512,0,65.0939219796106,65.0939219796106,1,6535.78162580138
STATE,9,2,2,56,56,4,STEP03YF_PERIOD_R2000,PERIOD_OLD,0.00995962314937797,0.0379542395692512,0,65.0939219796106,65.0939219796106,1,6535.78162580138
STATE,9,4,4,56,56,4,STEP03YF_PERIOD_R2000,PERIOD_OLD,0.00995962314937797,0.0379542395692512,0,65.0939219796106,65.0939219796106,1,6535.78162580138
STATE,9,5,5,56,56,4,STEP03YF_PERIOD_R2000,PERIOD_OLD,0.00995962314937797,0.0379542395692512,0,65.0939219796106,65.0939219796106,1,6535.78162580138
STATE,9,1,1,76,76,4,STEP03YF_PERIOD_R2000,PERIOD_CORRECTED,0.0234059594303572,0.113862718707753,0,29.6800300863085,29.6800300863085,1,1268.05441044275
STATE,9,2,2,76,76,4,STEP03YF_PERIOD_R2000,PERIOD_CORRECTED,0.0234059594303572,0.113862718707753,0,29.6800300863085,29.6800300863085,1,1268.05441044275
STATE,9,4,4,76,76,4,STEP03YF_PERIOD_R2000,PERIOD_CORRECTED,0.0234059594303572,0.113862718707753,0,29.6800300863085,29.6800300863085,1,1268.05441044275
STATE,9,5,5,76,76,4,STEP03YF_PERIOD_R2000,PERIOD_CORRECTED,0.0234059594303572,0.113862718707753,0,29.6800300863085,29.6800300863085,1,1268.05441044275
STATE,9,6,6,76,76,4,STEP03YF_PERIOD_R2000,PERIOD_CORRECTED,0.0234059594303572,0.113862718707753,0,29.6800300863085,29.6800300863085,1,1268.05441044275
STATE,9,7,7,76,76,4,STEP03YF_PERIOD_R2000,PERIOD_CORRECTED,0.0234059594303572,0.113862718707753,0,29.6800300863085,29.6800300863085,1,1268.05441044275
STATE,9,8,8,76,76,4,STEP03YF_PERIOD_R2000,PERIOD_CORRECTED,0.0234059594303572,0.113862718707753,0,29.6800300863085,29.6800300863085,1,1268.05441044275
STATE,9,9,9,76,76,4,STEP03YF_PERIOD_R2000,PERIOD_CORRECTED,0.0234059594303572,0.113862718707753,0,29.6800300863085,29.6800300863085,1,1268.05441044275
STATE,9,18,18,76,76,4,STEP03YF_PERIOD_R2000,PERIOD_CORRECTED,0.0282511815030276,0.113862718707753,0,29.6800300863085,29.6800300863085,1,1050.57659564177
STATE,9,1,1,320,320,4,STEP03YF_PERIOD_R2000,PERIOD_CORRECTED,0.0290713324360222,0.113862718707753,0,572.037203831743,572.037203831743,1,19677.0204836891
STATE,9,2,2,320,320,4,STEP03YF_PERIOD_R2000,PERIOD_CORRECTED,0.0290713324360222,0.113862718707753,0,572.037203831743,572.037203831743,1,19677.0204836891
STATE,9,4,4,320,320,4,STEP03YF_PERIOD_R2000,PERIOD_CORRECTED,0.0290713324360222,0.113862718707753,0,572.037203831743,572.037203831743,1,19677.0204836891
STATE,9,5,5,320,320,4,STEP03YF_PERIOD_R2000,PERIOD_CORRECTED,0.0290713324360222,0.113862718707753,0,572.037203831743,572.037203831743,1,19677.0204836891
STATE,9,6,6,320,320,4,STEP03YF_PERIOD_R2000,PERIOD_CORRECTED,0.0290713324360222,0.113862718707753,0,572.037203831743,572.037203831743,1,19677.0204836891
STATE,9,7,7,320,320,4,STEP03YF_PERIOD_R2000,PERIOD_CORRECTED,0.0290713324360222,0.113862718707753,0,572.037203831743,572.037203831743,1,19677.0204836891
STATE,9,8,8,320,320,4,STEP03YF_PERIOD_R2000,PERIOD_CORRECTED,0.0290713324360222,0.113862718707753,0,572.037203831743,572.037203831743,1,19677.0204836891
STATE,9,9,9,320,320,4,STEP03YF_PERIOD_R2000,PERIOD_CORRECTED,0.0290713324360222,0.113862718707753,0,572.037203831743,572.037203831743,1,19677.0204836891
STATE,9,1,1,56,56,4,STEP03YF_PERIOD_R2000,PERIOD_CORRECTED,0.0298788694481339,0.113862718707753,0,65.0939219796106,65.0939219796106,1,2178.59387526713
STATE,9,2,2,56,56,4,STEP03YF_PERIOD_R2000,PERIOD_CORRECTED,0.0298788694481339,0.113862718707753,0,65.0939219796106,65.0939219796106,1,2178.59387526713
STATE,9,4,4,56,56,4,STEP03YF_PERIOD_R2000,PERIOD_CORRECTED,0.0298788694481339,0.113862718707753,0,65.0939219796106,65.0939219796106,1,2178.59387526713
STATE,11,1,1,13,13,1,ZERO,PERIOD_OLD,0.00161507402422345,0.0381770217283878,0,9819.16373455527,9819.16373455527,1,6079698.87898882
STATE,11,4,4,13,13,1,ZERO,PERIOD_OLD,0.00161507402422345,0.0381770217283878,0,9819.16373455527,9819.16373455527,1,6079698.87898882
STATE,11,5,5,13,13,1,ZERO,PERIOD_OLD,0.00161507402422345,0.0381770217283878,0,9819.16373455527,9819.16373455527,1,6079698.87898882
STATE,11,6,6,13,13,1,ZERO,PERIOD_OLD,0.00161507402422345,0.0381770217283878,0,9819.16373455527,9819.16373455527,1,6079698.87898882
STATE,11,8,8,13,13,1,ZERO,PERIOD_OLD,0.00161507402422345,0.0381770217283878,0,9819.16373455527,9819.16373455527,1,6079698.87898882
STATE,11,11,11,13,13,1,ZERO,PERIOD_OLD,0.00161507402422345,0.0381770217283878,0,9819.16373455527,9819.16373455527,1,6079698.87898882
STATE,11,13,13,14,14,1,ZERO,PERIOD_OLD,0.00161507402422345,0.0381770217283878,9819.16373455527,0,9819.16373455527,1,6079698.87898882
STATE,11,2,2,13,13,1,ZERO,PERIOD_OLD,0.00163908085844097,0.0381770217283878,0,9819.16373455527,9819.16373455527,1,5990652.43425201
STATE,11,1,1,131,131,1,ZERO,PERIOD_OLD,0.00376850605652139,0.0381770217283878,0,22911.3820472956,22911.3820472956,1,6079698.8789888
STATE,11,4,4,131,131,1,ZERO,PERIOD_OLD,0.00376850605652139,0.0381770217283878,0,22911.3820472956,22911.3820472956,1,6079698.8789888
STATE,11,5,5,131,131,1,ZERO,PERIOD_OLD,0.00376850605652139,0.0381770217283878,0,22911.3820472956,22911.3820472956,1,6079698.8789888
STATE,11,6,6,131,131,1,ZERO,PERIOD_OLD,0.00376850605652139,0.0381770217283878,0,22911.3820472956,22911.3820472956,1,6079698.8789888
STATE,11,8,8,131,131,1,ZERO,PERIOD_OLD,0.00376850605652139,0.0381770217283878,0,22911.3820472956,22911.3820472956,1,6079698.8789888
STATE,11,11,11,131,131,1,ZERO,PERIOD_OLD,0.00376850605652139,0.0381770217283878,0,22911.3820472956,22911.3820472956,1,6079698.8789888
STATE,11,14,14,131,131,1,ZERO,PERIOD_OLD,0.00376850605652139,0.0381770217283878,0,22911.3820472956,22911.3820472956,1,6079698.8789888
STATE,11,2,2,131,131,1,ZERO,PERIOD_OLD,0.00379251289073891,0.0381770217283878,0,22911.3820472956,22911.3820472956,1,6041214.02019327
STATE,11,1,1,59,59,1,ZERO,PERIOD_OLD,0.00753701211304278,0.0381770217283878,0,45822.7640945913,45822.7640945913,1,6079698.87898881
STATE,11,4,4,59,59,1,ZERO,PERIOD_OLD,0.00753701211304278,0.0381770217283878,0,45822.7640945913,45822.7640945913,1,6079698.87898881
STATE,11,5,5,59,59,1,ZERO,PERIOD_OLD,0.00753701211304278,0.0381770217283878,0,45822.7640945913,45822.7640945913,1,6079698.87898881
STATE,11,6,6,59,59,1,ZERO,PERIOD_OLD,0.00753701211304278,0.0381770217283878,0,45822.7640945913,45822.7640945913,1,6079698.87898881
STATE,11,1,1,13,13,1,ZERO,PERIOD_CORRECTED,0.00484522207267037,0.113873437664655,0,9819.16373455527,9819.16373455527,1,2026566.29299627
STATE,11,4,4,13,13,1,ZERO,PERIOD_CORRECTED,0.00484522207267037,0.113873437664655,0,9819.16373455527,9819.16373455527,1,2026566.29299627
STATE,11,5,5,13,13,1,ZERO,PERIOD_CORRECTED,0.00484522207267037,0.113873437664655,0,9819.16373455527,9819.16373455527,1,2026566.29299627
STATE,11,6,6,13,13,1,ZERO,PERIOD_CORRECTED,0.00484522207267037,0.113873437664655,0,9819.16373455527,9819.16373455527,1,2026566.29299627
STATE,11,8,8,13,13,1,ZERO,PERIOD_CORRECTED,0.00484522207267037,0.113873437664655,0,9819.16373455527,9819.16373455527,1,2026566.29299627
STATE,11,11,11,13,13,1,ZERO,PERIOD_CORRECTED,0.00484522207267037,0.113873437664655,0,9819.16373455527,9819.16373455527,1,2026566.29299627
STATE,11,13,13,14,14,1,ZERO,PERIOD_CORRECTED,0.00484522207267037,0.113873437664655,9819.16373455527,0,9819.16373455527,1,2026566.29299627
STATE,11,2,2,13,13,1,ZERO,PERIOD_CORRECTED,0.00486922890688789,0.113873437664655,0,9819.16373455527,9819.16373455527,1,2016574.68201286
STATE,11,1,1,131,131,1,ZERO,PERIOD_CORRECTED,0.0113055181695642,0.113873437664655,0,22911.3820472956,22911.3820472956,1,2026566.29299627
STATE,11,4,4,131,131,1,ZERO,PERIOD_CORRECTED,0.0113055181695642,0.113873437664655,0,22911.3820472956,22911.3820472956,1,2026566.29299627
STATE,11,5,5,131,131,1,ZERO,PERIOD_CORRECTED,0.0113055181695642,0.113873437664655,0,22911.3820472956,22911.3820472956,1,2026566.29299627
STATE,11,6,6,131,131,1,ZERO,PERIOD_CORRECTED,0.0113055181695642,0.113873437664655,0,22911.3820472956,22911.3820472956,1,2026566.29299627
STATE,11,8,8,131,131,1,ZERO,PERIOD_CORRECTED,0.0113055181695642,0.113873437664655,0,22911.3820472956,22911.3820472956,1,2026566.29299627
STATE,11,11,11,131,131,1,ZERO,PERIOD_CORRECTED,0.0113055181695642,0.113873437664655,0,22911.3820472956,22911.3820472956,1,2026566.29299627
STATE,11,14,14,131,131,1,ZERO,PERIOD_CORRECTED,0.0113055181695642,0.113873437664655,0,22911.3820472956,22911.3820472956,1,2026566.29299627
STATE,11,2,2,131,131,1,ZERO,PERIOD_CORRECTED,0.0113295250037817,0.113873437664655,0,22911.3820472956,22911.3820472956,1,2022272.07580618
STATE,11,1,1,59,59,1,ZERO,PERIOD_CORRECTED,0.0226110363391283,0.113873437664655,0,45822.7640945913,45822.7640945913,1,2026566.29299627
STATE,11,4,4,59,59,1,ZERO,PERIOD_CORRECTED,0.0226110363391283,0.113873437664655,0,45822.7640945913,45822.7640945913,1,2026566.29299627
STATE,11,5,5,59,59,1,ZERO,PERIOD_CORRECTED,0.0226110363391283,0.113873437664655,0,45822.7640945913,45822.7640945913,1,2026566.29299627
STATE,11,6,6,59,59,1,ZERO,PERIOD_CORRECTED,0.0226110363391283,0.113873437664655,0,45822.7640945913,45822.7640945913,1,2026566.29299627
STATE,11,1,1,13,13,2,HALF_CAPACITY,PERIOD_OLD,0.00161507402422345,0.0381770217283878,0,107.770100056493,107.770100056493,1,66727.6536184218
STATE,11,4,4,13,13,2,HALF_CAPACITY,PERIOD_OLD,0.00161507402422345,0.0381770217283878,0,107.770100056493,107.770100056493,1,66727.6536184218
STATE,11,5,5,13,13,2,HALF_CAPACITY,PERIOD_OLD,0.00161507402422345,0.0381770217283878,0,107.770100056493,107.770100056493,1,66727.6536184218
STATE,11,6,6,13,13,2,HALF_CAPACITY,PERIOD_OLD,0.00161507402422345,0.0381770217283878,0,107.770100056493,107.770100056493,1,66727.6536184218
STATE,11,8,8,13,13,2,HALF_CAPACITY,PERIOD_OLD,0.00161507402422345,0.0381770217283878,0,107.770100056493,107.770100056493,1,66727.6536184218
STATE,11,11,11,13,13,2,HALF_CAPACITY,PERIOD_OLD,0.00161507402422345,0.0381770217283878,0,107.770100056493,107.770100056493,1,66727.6536184218
STATE,11,13,13,14,14,2,HALF_CAPACITY,PERIOD_OLD,0.00161507402422345,0.0381770217283878,107.770100056493,0,107.770100056493,1,66727.6536184218
STATE,11,2,2,13,13,2,HALF_CAPACITY,PERIOD_OLD,0.00163908085844097,0.0381770217283878,0,107.770100056493,107.770100056493,1,65750.3255568488
STATE,11,1,1,131,131,2,HALF_CAPACITY,PERIOD_OLD,0.00376850605652139,0.0381770217283878,0,20.4565911136568,20.4565911136568,1,5428.30257052572
STATE,11,4,4,131,131,2,HALF_CAPACITY,PERIOD_OLD,0.00376850605652139,0.0381770217283878,0,20.4565911136568,20.4565911136568,1,5428.30257052572
STATE,11,5,5,131,131,2,HALF_CAPACITY,PERIOD_OLD,0.00376850605652139,0.0381770217283878,0,20.4565911136568,20.4565911136568,1,5428.30257052572
STATE,11,6,6,131,131,2,HALF_CAPACITY,PERIOD_OLD,0.00376850605652139,0.0381770217283878,0,20.4565911136568,20.4565911136568,1,5428.30257052572
STATE,11,8,8,131,131,2,HALF_CAPACITY,PERIOD_OLD,0.00376850605652139,0.0381770217283878,0,20.4565911136568,20.4565911136568,1,5428.30257052572
STATE,11,11,11,131,131,2,HALF_CAPACITY,PERIOD_OLD,0.00376850605652139,0.0381770217283878,0,20.4565911136568,20.4565911136568,1,5428.30257052572
STATE,11,14,14,131,131,2,HALF_CAPACITY,PERIOD_OLD,0.00376850605652139,0.0381770217283878,0,20.4565911136568,20.4565911136568,1,5428.30257052572
STATE,11,2,2,131,131,2,HALF_CAPACITY,PERIOD_OLD,0.00379251289073891,0.0381770217283878,0,20.4565911136568,20.4565911136568,1,5393.94108945828
STATE,11,1,1,59,59,2,HALF_CAPACITY,PERIOD_OLD,0.00753701211304278,0.0381770217283878,0,59.4290198250594,59.4290198250594,1,7884.95745180211
STATE,11,4,4,59,59,2,HALF_CAPACITY,PERIOD_OLD,0.00753701211304278,0.0381770217283878,0,59.4290198250594,59.4290198250594,1,7884.95745180211
STATE,11,5,5,59,59,2,HALF_CAPACITY,PERIOD_OLD,0.00753701211304278,0.0381770217283878,0,59.4290198250594,59.4290198250594,1,7884.95745180211
STATE,11,6,6,59,59,2,HALF_CAPACITY,PERIOD_OLD,0.00753701211304278,0.0381770217283878,0,59.4290198250594,59.4290198250594,1,7884.95745180211
STATE,11,1,1,13,13,2,HALF_CAPACITY,PERIOD_CORRECTED,0.00484522207267037,0.113873437664655,0,107.770100056493,107.770100056493,1,22242.5512061405
STATE,11,4,4,13,13,2,HALF_CAPACITY,PERIOD_CORRECTED,0.00484522207267037,0.113873437664655,0,107.770100056493,107.770100056493,1,22242.5512061405
STATE,11,5,5,13,13,2,HALF_CAPACITY,PERIOD_CORRECTED,0.00484522207267037,0.113873437664655,0,107.770100056493,107.770100056493,1,22242.5512061405
STATE,11,6,6,13,13,2,HALF_CAPACITY,PERIOD_CORRECTED,0.00484522207267037,0.113873437664655,0,107.770100056493,107.770100056493,1,22242.5512061405
STATE,11,8,8,13,13,2,HALF_CAPACITY,PERIOD_CORRECTED,0.00484522207267037,0.113873437664655,0,107.770100056493,107.770100056493,1,22242.5512061405
STATE,11,11,11,13,13,2,HALF_CAPACITY,PERIOD_CORRECTED,0.00484522207267037,0.113873437664655,0,107.770100056493,107.770100056493,1,22242.5512061405
STATE,11,13,13,14,14,2,HALF_CAPACITY,PERIOD_CORRECTED,0.00484522207267037,0.113873437664655,107.770100056493,0,107.770100056493,1,22242.5512061405
STATE,11,2,2,13,13,2,HALF_CAPACITY,PERIOD_CORRECTED,0.00486922890688789,0.113873437664655,0,107.770100056493,107.770100056493,1,22132.8884136139
STATE,11,1,1,131,131,2,HALF_CAPACITY,PERIOD_CORRECTED,0.0113055181695642,0.113873437664655,0,20.4565911136568,20.4565911136568,1,1809.43419017524
STATE,11,4,4,131,131,2,HALF_CAPACITY,PERIOD_CORRECTED,0.0113055181695642,0.113873437664655,0,20.4565911136568,20.4565911136568,1,1809.43419017524
STATE,11,5,5,131,131,2,HALF_CAPACITY,PERIOD_CORRECTED,0.0113055181695642,0.113873437664655,0,20.4565911136568,20.4565911136568,1,1809.43419017524
STATE,11,6,6,131,131,2,HALF_CAPACITY,PERIOD_CORRECTED,0.0113055181695642,0.113873437664655,0,20.4565911136568,20.4565911136568,1,1809.43419017524
STATE,11,8,8,131,131,2,HALF_CAPACITY,PERIOD_CORRECTED,0.0113055181695642,0.113873437664655,0,20.4565911136568,20.4565911136568,1,1809.43419017524
STATE,11,11,11,131,131,2,HALF_CAPACITY,PERIOD_CORRECTED,0.0113055181695642,0.113873437664655,0,20.4565911136568,20.4565911136568,1,1809.43419017524
STATE,11,14,14,131,131,2,HALF_CAPACITY,PERIOD_CORRECTED,0.0113055181695642,0.113873437664655,0,20.4565911136568,20.4565911136568,1,1809.43419017524
STATE,11,2,2,131,131,2,HALF_CAPACITY,PERIOD_CORRECTED,0.0113295250037817,0.113873437664655,0,20.4565911136568,20.4565911136568,1,1805.60006768409
STATE,11,1,1,59,59,2,HALF_CAPACITY,PERIOD_CORRECTED,0.0226110363391283,0.113873437664655,0,59.4290198250594,59.4290198250594,1,2628.3191506007
STATE,11,4,4,59,59,2,HALF_CAPACITY,PERIOD_CORRECTED,0.0226110363391283,0.113873437664655,0,59.4290198250594,59.4290198250594,1,2628.3191506007
STATE,11,5,5,59,59,2,HALF_CAPACITY,PERIOD_CORRECTED,0.0226110363391283,0.113873437664655,0,59.4290198250594,59.4290198250594,1,2628.3191506007
STATE,11,6,6,59,59,2,HALF_CAPACITY,PERIOD_CORRECTED,0.0226110363391283,0.113873437664655,0,59.4290198250594,59.4290198250594,1,2628.3191506007
STATE,11,1,1,13,13,3,FULL_CAPACITY,PERIOD_OLD,0.00161507402422345,0.0381770217283878,0,107.770100056493,107.770100056493,1,66727.6536184218
STATE,11,4,4,13,13,3,FULL_CAPACITY,PERIOD_OLD,0.00161507402422345,0.0381770217283878,0,107.770100056493,107.770100056493,1,66727.6536184218
STATE,11,5,5,13,13,3,FULL_CAPACITY,PERIOD_OLD,0.00161507402422345,0.0381770217283878,0,107.770100056493,107.770100056493,1,66727.6536184218
STATE,11,6,6,13,13,3,FULL_CAPACITY,PERIOD_OLD,0.00161507402422345,0.0381770217283878,0,107.770100056493,107.770100056493,1,66727.6536184218
STATE,11,8,8,13,13,3,FULL_CAPACITY,PERIOD_OLD,0.00161507402422345,0.0381770217283878,0,107.770100056493,107.770100056493,1,66727.6536184218
STATE,11,11,11,13,13,3,FULL_CAPACITY,PERIOD_OLD,0.00161507402422345,0.0381770217283878,0,107.770100056493,107.770100056493,1,66727.6536184218
STATE,11,13,13,14,14,3,FULL_CAPACITY,PERIOD_OLD,0.00161507402422345,0.0381770217283878,107.770100056493,0,107.770100056493,1,66727.6536184218
STATE,11,2,2,13,13,3,FULL_CAPACITY,PERIOD_OLD,0.00163908085844097,0.0381770217283878,0,107.770100056493,107.770100056493,1,65750.3255568488
STATE,11,1,1,131,131,3,FULL_CAPACITY,PERIOD_OLD,0.00376850605652139,0.0381770217283878,0,20.4565911136568,20.4565911136568,1,5428.30257052572
STATE,11,4,4,131,131,3,FULL_CAPACITY,PERIOD_OLD,0.00376850605652139,0.0381770217283878,0,20.4565911136568,20.4565911136568,1,5428.30257052572
STATE,11,5,5,131,131,3,FULL_CAPACITY,PERIOD_OLD,0.00376850605652139,0.0381770217283878,0,20.4565911136568,20.4565911136568,1,5428.30257052572
STATE,11,6,6,131,131,3,FULL_CAPACITY,PERIOD_OLD,0.00376850605652139,0.0381770217283878,0,20.4565911136568,20.4565911136568,1,5428.30257052572
STATE,11,8,8,131,131,3,FULL_CAPACITY,PERIOD_OLD,0.00376850605652139,0.0381770217283878,0,20.4565911136568,20.4565911136568,1,5428.30257052572
STATE,11,11,11,131,131,3,FULL_CAPACITY,PERIOD_OLD,0.00376850605652139,0.0381770217283878,0,20.4565911136568,20.4565911136568,1,5428.30257052572
STATE,11,14,14,131,131,3,FULL_CAPACITY,PERIOD_OLD,0.00376850605652139,0.0381770217283878,0,20.4565911136568,20.4565911136568,1,5428.30257052572
STATE,11,2,2,131,131,3,FULL_CAPACITY,PERIOD_OLD,0.00379251289073891,0.0381770217283878,0,20.4565911136568,20.4565911136568,1,5393.94108945828
STATE,11,1,1,59,59,3,FULL_CAPACITY,PERIOD_OLD,0.00753701211304278,0.0381770217283878,0,59.4290198250594,59.4290198250594,1,7884.95745180211
STATE,11,4,4,59,59,3,FULL_CAPACITY,PERIOD_OLD,0.00753701211304278,0.0381770217283878,0,59.4290198250594,59.4290198250594,1,7884.95745180211
STATE,11,5,5,59,59,3,FULL_CAPACITY,PERIOD_OLD,0.00753701211304278,0.0381770217283878,0,59.4290198250594,59.4290198250594,1,7884.95745180211
STATE,11,6,6,59,59,3,FULL_CAPACITY,PERIOD_OLD,0.00753701211304278,0.0381770217283878,0,59.4290198250594,59.4290198250594,1,7884.95745180211
STATE,11,1,1,13,13,3,FULL_CAPACITY,PERIOD_CORRECTED,0.00484522207267037,0.113873437664655,0,107.770100056493,107.770100056493,1,22242.5512061405
STATE,11,4,4,13,13,3,FULL_CAPACITY,PERIOD_CORRECTED,0.00484522207267037,0.113873437664655,0,107.770100056493,107.770100056493,1,22242.5512061405
STATE,11,5,5,13,13,3,FULL_CAPACITY,PERIOD_CORRECTED,0.00484522207267037,0.113873437664655,0,107.770100056493,107.770100056493,1,22242.5512061405
STATE,11,6,6,13,13,3,FULL_CAPACITY,PERIOD_CORRECTED,0.00484522207267037,0.113873437664655,0,107.770100056493,107.770100056493,1,22242.5512061405
STATE,11,8,8,13,13,3,FULL_CAPACITY,PERIOD_CORRECTED,0.00484522207267037,0.113873437664655,0,107.770100056493,107.770100056493,1,22242.5512061405
STATE,11,11,11,13,13,3,FULL_CAPACITY,PERIOD_CORRECTED,0.00484522207267037,0.113873437664655,0,107.770100056493,107.770100056493,1,22242.5512061405
STATE,11,13,13,14,14,3,FULL_CAPACITY,PERIOD_CORRECTED,0.00484522207267037,0.113873437664655,107.770100056493,0,107.770100056493,1,22242.5512061405
STATE,11,2,2,13,13,3,FULL_CAPACITY,PERIOD_CORRECTED,0.00486922890688789,0.113873437664655,0,107.770100056493,107.770100056493,1,22132.8884136139
STATE,11,1,1,131,131,3,FULL_CAPACITY,PERIOD_CORRECTED,0.0113055181695642,0.113873437664655,0,20.4565911136568,20.4565911136568,1,1809.43419017524
STATE,11,4,4,131,131,3,FULL_CAPACITY,PERIOD_CORRECTED,0.0113055181695642,0.113873437664655,0,20.4565911136568,20.4565911136568,1,1809.43419017524
STATE,11,5,5,131,131,3,FULL_CAPACITY,PERIOD_CORRECTED,0.0113055181695642,0.113873437664655,0,20.4565911136568,20.4565911136568,1,1809.43419017524
STATE,11,6,6,131,131,3,FULL_CAPACITY,PERIOD_CORRECTED,0.0113055181695642,0.113873437664655,0,20.4565911136568,20.4565911136568,1,1809.43419017524
STATE,11,8,8,131,131,3,FULL_CAPACITY,PERIOD_CORRECTED,0.0113055181695642,0.113873437664655,0,20.4565911136568,20.4565911136568,1,1809.43419017524
STATE,11,11,11,131,131,3,FULL_CAPACITY,PERIOD_CORRECTED,0.0113055181695642,0.113873437664655,0,20.4565911136568,20.4565911136568,1,1809.43419017524
STATE,11,14,14,131,131,3,FULL_CAPACITY,PERIOD_CORRECTED,0.0113055181695642,0.113873437664655,0,20.4565911136568,20.4565911136568,1,1809.43419017524
STATE,11,2,2,131,131,3,FULL_CAPACITY,PERIOD_CORRECTED,0.0113295250037817,0.113873437664655,0,20.4565911136568,20.4565911136568,1,1805.60006768409
STATE,11,1,1,59,59,3,FULL_CAPACITY,PERIOD_CORRECTED,0.0226110363391283,0.113873437664655,0,59.4290198250594,59.4290198250594,1,2628.3191506007
STATE,11,4,4,59,59,3,FULL_CAPACITY,PERIOD_CORRECTED,0.0226110363391283,0.113873437664655,0,59.4290198250594,59.4290198250594,1,2628.3191506007
STATE,11,5,5,59,59,3,FULL_CAPACITY,PERIOD_CORRECTED,0.0226110363391283,0.113873437664655,0,59.4290198250594,59.4290198250594,1,2628.3191506007
STATE,11,6,6,59,59,3,FULL_CAPACITY,PERIOD_CORRECTED,0.0226110363391283,0.113873437664655,0,59.4290198250594,59.4290198250594,1,2628.3191506007
STATE,11,1,1,13,13,4,STEP03YF_PERIOD_R2000,PERIOD_OLD,0.00161507402422345,0.0381770217283878,0,107.770100056493,107.770100056493,1,66727.6536184218
STATE,11,4,4,13,13,4,STEP03YF_PERIOD_R2000,PERIOD_OLD,0.00161507402422345,0.0381770217283878,0,107.770100056493,107.770100056493,1,66727.6536184218
STATE,11,5,5,13,13,4,STEP03YF_PERIOD_R2000,PERIOD_OLD,0.00161507402422345,0.0381770217283878,0,107.770100056493,107.770100056493,1,66727.6536184218
STATE,11,6,6,13,13,4,STEP03YF_PERIOD_R2000,PERIOD_OLD,0.00161507402422345,0.0381770217283878,0,107.770100056493,107.770100056493,1,66727.6536184218
STATE,11,8,8,13,13,4,STEP03YF_PERIOD_R2000,PERIOD_OLD,0.00161507402422345,0.0381770217283878,0,107.770100056493,107.770100056493,1,66727.6536184218
STATE,11,11,11,13,13,4,STEP03YF_PERIOD_R2000,PERIOD_OLD,0.00161507402422345,0.0381770217283878,0,107.770100056493,107.770100056493,1,66727.6536184218
STATE,11,13,13,14,14,4,STEP03YF_PERIOD_R2000,PERIOD_OLD,0.00161507402422345,0.0381770217283878,107.770100056493,0,107.770100056493,1,66727.6536184218
STATE,11,2,2,13,13,4,STEP03YF_PERIOD_R2000,PERIOD_OLD,0.00163908085844097,0.0381770217283878,0,107.770100056493,107.770100056493,1,65750.3255568488
STATE,11,1,1,131,131,4,STEP03YF_PERIOD_R2000,PERIOD_OLD,0.00376850605652139,0.0381770217283878,0,20.4565911136568,20.4565911136568,1,5428.30257052572
STATE,11,4,4,131,131,4,STEP03YF_PERIOD_R2000,PERIOD_OLD,0.00376850605652139,0.0381770217283878,0,20.4565911136568,20.4565911136568,1,5428.30257052572
STATE,11,5,5,131,131,4,STEP03YF_PERIOD_R2000,PERIOD_OLD,0.00376850605652139,0.0381770217283878,0,20.4565911136568,20.4565911136568,1,5428.30257052572
STATE,11,6,6,131,131,4,STEP03YF_PERIOD_R2000,PERIOD_OLD,0.00376850605652139,0.0381770217283878,0,20.4565911136568,20.4565911136568,1,5428.30257052572
STATE,11,8,8,131,131,4,STEP03YF_PERIOD_R2000,PERIOD_OLD,0.00376850605652139,0.0381770217283878,0,20.4565911136568,20.4565911136568,1,5428.30257052572
STATE,11,11,11,131,131,4,STEP03YF_PERIOD_R2000,PERIOD_OLD,0.00376850605652139,0.0381770217283878,0,20.4565911136568,20.4565911136568,1,5428.30257052572
STATE,11,14,14,131,131,4,STEP03YF_PERIOD_R2000,PERIOD_OLD,0.00376850605652139,0.0381770217283878,0,20.4565911136568,20.4565911136568,1,5428.30257052572
STATE,11,2,2,131,131,4,STEP03YF_PERIOD_R2000,PERIOD_OLD,0.00379251289073891,0.0381770217283878,0,20.4565911136568,20.4565911136568,1,5393.94108945828
STATE,11,1,1,59,59,4,STEP03YF_PERIOD_R2000,PERIOD_OLD,0.00753701211304278,0.0381770217283878,0,59.4290198250594,59.4290198250594,1,7884.95745180211
STATE,11,4,4,59,59,4,STEP03YF_PERIOD_R2000,PERIOD_OLD,0.00753701211304278,0.0381770217283878,0,59.4290198250594,59.4290198250594,1,7884.95745180211
STATE,11,5,5,59,59,4,STEP03YF_PERIOD_R2000,PERIOD_OLD,0.00753701211304278,0.0381770217283878,0,59.4290198250594,59.4290198250594,1,7884.95745180211
STATE,11,6,6,59,59,4,STEP03YF_PERIOD_R2000,PERIOD_OLD,0.00753701211304278,0.0381770217283878,0,59.4290198250594,59.4290198250594,1,7884.95745180211
STATE,11,1,1,13,13,4,STEP03YF_PERIOD_R2000,PERIOD_CORRECTED,0.00484522207267037,0.113873437664655,0,107.770100056493,107.770100056493,1,22242.5512061405
STATE,11,4,4,13,13,4,STEP03YF_PERIOD_R2000,PERIOD_CORRECTED,0.00484522207267037,0.113873437664655,0,107.770100056493,107.770100056493,1,22242.5512061405
STATE,11,5,5,13,13,4,STEP03YF_PERIOD_R2000,PERIOD_CORRECTED,0.00484522207267037,0.113873437664655,0,107.770100056493,107.770100056493,1,22242.5512061405
STATE,11,6,6,13,13,4,STEP03YF_PERIOD_R2000,PERIOD_CORRECTED,0.00484522207267037,0.113873437664655,0,107.770100056493,107.770100056493,1,22242.5512061405
STATE,11,8,8,13,13,4,STEP03YF_PERIOD_R2000,PERIOD_CORRECTED,0.00484522207267037,0.113873437664655,0,107.770100056493,107.770100056493,1,22242.5512061405
STATE,11,11,11,13,13,4,STEP03YF_PERIOD_R2000,PERIOD_CORRECTED,0.00484522207267037,0.113873437664655,0,107.770100056493,107.770100056493,1,22242.5512061405
STATE,11,13,13,14,14,4,STEP03YF_PERIOD_R2000,PERIOD_CORRECTED,0.00484522207267037,0.113873437664655,107.770100056493,0,107.770100056493,1,22242.5512061405
STATE,11,2,2,13,13,4,STEP03YF_PERIOD_R2000,PERIOD_CORRECTED,0.00486922890688789,0.113873437664655,0,107.770100056493,107.770100056493,1,22132.8884136139
STATE,11,1,1,131,131,4,STEP03YF_PERIOD_R2000,PERIOD_CORRECTED,0.0113055181695642,0.113873437664655,0,20.4565911136568,20.4565911136568,1,1809.43419017524
STATE,11,4,4,131,131,4,STEP03YF_PERIOD_R2000,PERIOD_CORRECTED,0.0113055181695642,0.113873437664655,0,20.4565911136568,20.4565911136568,1,1809.43419017524
STATE,11,5,5,131,131,4,STEP03YF_PERIOD_R2000,PERIOD_CORRECTED,0.0113055181695642,0.113873437664655,0,20.4565911136568,20.4565911136568,1,1809.43419017524
STATE,11,6,6,131,131,4,STEP03YF_PERIOD_R2000,PERIOD_CORRECTED,0.0113055181695642,0.113873437664655,0,20.4565911136568,20.4565911136568,1,1809.43419017524
STATE,11,8,8,131,131,4,STEP03YF_PERIOD_R2000,PERIOD_CORRECTED,0.0113055181695642,0.113873437664655,0,20.4565911136568,20.4565911136568,1,1809.43419017524
STATE,11,11,11,131,131,4,STEP03YF_PERIOD_R2000,PERIOD_CORRECTED,0.0113055181695642,0.113873437664655,0,20.4565911136568,20.4565911136568,1,1809.43419017524
STATE,11,14,14,131,131,4,STEP03YF_PERIOD_R2000,PERIOD_CORRECTED,0.0113055181695642,0.113873437664655,0,20.4565911136568,20.4565911136568,1,1809.43419017524
STATE,11,2,2,131,131,4,STEP03YF_PERIOD_R2000,PERIOD_CORRECTED,0.0113295250037817,0.113873437664655,0,20.4565911136568,20.4565911136568,1,1805.60006768409
STATE,11,1,1,59,59,4,STEP03YF_PERIOD_R2000,PERIOD_CORRECTED,0.0226110363391283,0.113873437664655,0,59.4290198250594,59.4290198250594,1,2628.3191506007
STATE,11,4,4,59,59,4,STEP03YF_PERIOD_R2000,PERIOD_CORRECTED,0.0226110363391283,0.113873437664655,0,59.4290198250594,59.4290198250594,1,2628.3191506007
STATE,11,5,5,59,59,4,STEP03YF_PERIOD_R2000,PERIOD_CORRECTED,0.0226110363391283,0.113873437664655,0,59.4290198250594,59.4290198250594,1,2628.3191506007
STATE,11,6,6,59,59,4,STEP03YF_PERIOD_R2000,PERIOD_CORRECTED,0.0226110363391283,0.113873437664655,0,59.4290198250594,59.4290198250594,1,2628.3191506007
STATE,19,6,6,32,32,1,ZERO,PERIOD_OLD,0.00175176129286316,0.0746477932370276,0,9819.16373455527,9819.16373455527,1,5605309.22481246
STATE,19,7,7,32,32,1,ZERO,PERIOD_OLD,0.00175176129286316,0.0746477932370276,0,9819.16373455527,9819.16373455527,1,5605309.22481246
STATE,19,9,9,32,32,1,ZERO,PERIOD_OLD,0.00175176129286316,0.0746477932370276,0,9819.16373455527,9819.16373455527,1,5605309.22481246
STATE,19,12,12,32,32,1,ZERO,PERIOD_OLD,0.00175176129286316,0.0746477932370276,0,9819.16373455527,9819.16373455527,1,5605309.22481246
STATE,19,13,13,32,32,1,ZERO,PERIOD_OLD,0.00175176129286316,0.0746477932370276,0,9819.16373455527,9819.16373455527,1,5605309.22481246
STATE,19,14,14,32,32,1,ZERO,PERIOD_OLD,0.00175176129286316,0.0746477932370276,0,9819.16373455527,9819.16373455527,1,5605309.22481246
STATE,19,17,17,32,32,1,ZERO,PERIOD_OLD,0.00175176129286316,0.0746477932370276,0,9819.16373455527,9819.16373455527,1,5605309.22481246
STATE,19,19,19,32,32,1,ZERO,PERIOD_OLD,0.00175176129286316,0.0746477932370276,0,9819.16373455527,9819.16373455527,1,5605309.22481246
STATE,19,6,6,16,16,1,ZERO,PERIOD_OLD,0.00271592435198703,0.0746477932370276,0,16365.2728909255,16365.2728909255,1,6025673.3141158
STATE,19,7,7,16,16,1,ZERO,PERIOD_OLD,0.00271592435198703,0.0746477932370276,0,16365.2728909255,16365.2728909255,1,6025673.3141158
STATE,19,9,9,16,16,1,ZERO,PERIOD_OLD,0.00271592435198703,0.0746477932370276,0,16365.2728909255,16365.2728909255,1,6025673.3141158
STATE,19,12,12,16,16,1,ZERO,PERIOD_OLD,0.00271592435198703,0.0746477932370276,0,16365.2728909255,16365.2728909255,1,6025673.3141158
STATE,19,13,13,16,16,1,ZERO,PERIOD_OLD,0.00271592435198703,0.0746477932370276,0,16365.2728909255,16365.2728909255,1,6025673.3141158
STATE,19,14,14,16,16,1,ZERO,PERIOD_OLD,0.00271592435198703,0.0746477932370276,0,16365.2728909255,16365.2728909255,1,6025673.3141158
STATE,19,16,16,17,17,1,ZERO,PERIOD_OLD,0.00271592435198703,0.0746477932370276,16365.2728909255,0,16365.2728909255,1,6025673.3141158
STATE,19,16,16,19,19,1,ZERO,PERIOD_OLD,0.00271592435198703,0.0746477932370276,16365.2728909255,0,16365.2728909255,1,6025673.3141158
STATE,19,6,6,11,11,1,ZERO,PERIOD_OLD,0.00377542674113468,0.0746477932370276,0,22911.3820472956,22911.3820472956,1,6068554.26372536
STATE,19,7,7,11,11,1,ZERO,PERIOD_OLD,0.00377542674113468,0.0746477932370276,0,22911.3820472956,22911.3820472956,1,6068554.26372536
STATE,19,9,9,11,11,1,ZERO,PERIOD_OLD,0.00377542674113468,0.0746477932370276,0,22911.3820472956,22911.3820472956,1,6068554.26372536
STATE,19,11,11,12,12,1,ZERO,PERIOD_OLD,0.00377542674113468,0.0746477932370276,22911.3820472956,0,22911.3820472956,1,6068554.26372536
STATE,19,6,6,32,32,1,ZERO,PERIOD_CORRECTED,0.00498190934131008,0.178504906308887,0,9819.16373455527,9819.16373455527,1,1970963.95414798
STATE,19,7,7,32,32,1,ZERO,PERIOD_CORRECTED,0.00498190934131008,0.178504906308887,0,9819.16373455527,9819.16373455527,1,1970963.95414798
STATE,19,9,9,32,32,1,ZERO,PERIOD_CORRECTED,0.00498190934131008,0.178504906308887,0,9819.16373455527,9819.16373455527,1,1970963.95414798
STATE,19,12,12,32,32,1,ZERO,PERIOD_CORRECTED,0.00498190934131008,0.178504906308887,0,9819.16373455527,9819.16373455527,1,1970963.95414798
STATE,19,13,13,32,32,1,ZERO,PERIOD_CORRECTED,0.00498190934131008,0.178504906308887,0,9819.16373455527,9819.16373455527,1,1970963.95414798
STATE,19,14,14,32,32,1,ZERO,PERIOD_CORRECTED,0.00498190934131008,0.178504906308887,0,9819.16373455527,9819.16373455527,1,1970963.95414798
STATE,19,17,17,32,32,1,ZERO,PERIOD_CORRECTED,0.00498190934131008,0.178504906308887,0,9819.16373455527,9819.16373455527,1,1970963.95414798
STATE,19,19,19,32,32,1,ZERO,PERIOD_CORRECTED,0.00498190934131008,0.178504906308887,0,9819.16373455527,9819.16373455527,1,1970963.95414798
STATE,19,6,6,16,16,1,ZERO,PERIOD_CORRECTED,0.00809950443273188,0.178504906308887,0,16365.2728909255,16365.2728909255,1,2020527.67880339
STATE,19,7,7,16,16,1,ZERO,PERIOD_CORRECTED,0.00809950443273188,0.178504906308887,0,16365.2728909255,16365.2728909255,1,2020527.67880339
STATE,19,9,9,16,16,1,ZERO,PERIOD_CORRECTED,0.00809950443273188,0.178504906308887,0,16365.2728909255,16365.2728909255,1,2020527.67880339
STATE,19,12,12,16,16,1,ZERO,PERIOD_CORRECTED,0.00809950443273188,0.178504906308887,0,16365.2728909255,16365.2728909255,1,2020527.67880339
STATE,19,13,13,16,16,1,ZERO,PERIOD_CORRECTED,0.00809950443273188,0.178504906308887,0,16365.2728909255,16365.2728909255,1,2020527.67880339
STATE,19,14,14,16,16,1,ZERO,PERIOD_CORRECTED,0.00809950443273188,0.178504906308887,0,16365.2728909255,16365.2728909255,1,2020527.67880339
STATE,19,16,16,17,17,1,ZERO,PERIOD_CORRECTED,0.00809950443273188,0.178504906308887,16365.2728909255,0,16365.2728909255,1,2020527.67880339
STATE,19,16,16,19,19,1,ZERO,PERIOD_CORRECTED,0.00809950443273188,0.178504906308887,16365.2728909255,0,16365.2728909255,1,2020527.67880339
STATE,19,6,6,11,11,1,ZERO,PERIOD_CORRECTED,0.0113124388541774,0.178504906308887,0,22911.3820472956,22911.3820472956,1,2025326.4872972
STATE,19,7,7,11,11,1,ZERO,PERIOD_CORRECTED,0.0113124388541774,0.178504906308887,0,22911.3820472956,22911.3820472956,1,2025326.4872972
STATE,19,9,9,11,11,1,ZERO,PERIOD_CORRECTED,0.0113124388541774,0.178504906308887,0,22911.3820472956,22911.3820472956,1,2025326.4872972
STATE,19,11,11,12,12,1,ZERO,PERIOD_CORRECTED,0.0113124388541774,0.178504906308887,22911.3820472956,0,22911.3820472956,1,2025326.4872972
STATE,19,16,16,32,32,2,HALF_CAPACITY,PERIOD_OLD,0.00118926897317407,0.0746477932370276,6.88935181921016,0,6.88935181921016,1,5792.92992133058
STATE,19,11,11,32,32,2,HALF_CAPACITY,PERIOD_OLD,0.00228319861632436,0.0746477932370276,20.4565911136568,0,20.4565911136568,1,8959.61961758243
STATE,19,6,6,16,16,2,HALF_CAPACITY,PERIOD_OLD,0.00271592435198703,0.0746477932370276,0,6.88935181921016,6.88935181921016,1,2536.65085118065
STATE,19,7,7,16,16,2,HALF_CAPACITY,PERIOD_OLD,0.00271592435198703,0.0746477932370276,0,6.88935181921016,6.88935181921016,1,2536.65085118065
STATE,19,9,9,16,16,2,HALF_CAPACITY,PERIOD_OLD,0.00271592435198703,0.0746477932370276,0,6.88935181921016,6.88935181921016,1,2536.65085118065
STATE,19,12,12,16,16,2,HALF_CAPACITY,PERIOD_OLD,0.00271592435198703,0.0746477932370276,0,6.88935181921016,6.88935181921016,1,2536.65085118065
STATE,19,13,13,16,16,2,HALF_CAPACITY,PERIOD_OLD,0.00271592435198703,0.0746477932370276,0,6.88935181921016,6.88935181921016,1,2536.65085118065
STATE,19,14,14,16,16,2,HALF_CAPACITY,PERIOD_OLD,0.00271592435198703,0.0746477932370276,0,6.88935181921016,6.88935181921016,1,2536.65085118065
STATE,19,16,16,17,17,2,HALF_CAPACITY,PERIOD_OLD,0.00271592435198703,0.0746477932370276,6.88935181921016,0,6.88935181921016,1,2536.65085118065
STATE,19,16,16,19,19,2,HALF_CAPACITY,PERIOD_OLD,0.00271592435198703,0.0746477932370276,6.88935181921016,0,6.88935181921016,1,2536.65085118065
STATE,19,6,6,11,11,2,HALF_CAPACITY,PERIOD_OLD,0.00377542674113468,0.0746477932370276,0,20.4565911136568,20.4565911136568,1,5418.35202118336
STATE,19,7,7,11,11,2,HALF_CAPACITY,PERIOD_OLD,0.00377542674113468,0.0746477932370276,0,20.4565911136568,20.4565911136568,1,5418.35202118336
STATE,19,9,9,11,11,2,HALF_CAPACITY,PERIOD_OLD,0.00377542674113468,0.0746477932370276,0,20.4565911136568,20.4565911136568,1,5418.35202118336
STATE,19,11,11,12,12,2,HALF_CAPACITY,PERIOD_OLD,0.00377542674113468,0.0746477932370276,20.4565911136568,0,20.4565911136568,1,5418.35202118336
STATE,19,11,11,13,13,2,HALF_CAPACITY,PERIOD_OLD,0.00377542674113468,0.0746477932370276,20.4565911136568,0,20.4565911136568,1,5418.35202118336
STATE,19,11,11,14,14,2,HALF_CAPACITY,PERIOD_OLD,0.00377542674113468,0.0746477932370276,20.4565911136568,0,20.4565911136568,1,5418.35202118336
STATE,19,11,11,17,17,2,HALF_CAPACITY,PERIOD_OLD,0.00377542674113468,0.0746477932370276,20.4565911136568,0,20.4565911136568,1,5418.35202118336
STATE,19,11,11,19,19,2,HALF_CAPACITY,PERIOD_OLD,0.00377542674113468,0.0746477932370276,20.4565911136568,0,20.4565911136568,1,5418.35202118336
STATE,19,32,32,104,104,2,HALF_CAPACITY,PERIOD_OLD,0.00659698336553353,0.0746477932370276,0,20.4565911136568,20.4565911136568,1,3100.90081786986
STATE,19,6,6,104,104,2,HALF_CAPACITY,PERIOD_OLD,0.00807537012111727,0.0746477932370276,0,20.4565911136568,20.4565911136568,1,2533.20786624533
STATE,19,16,16,32,32,2,HALF_CAPACITY,PERIOD_CORRECTED,0.00334270100547201,0.178504906308887,6.88935181921016,0,6.88935181921016,1,2061.01347620749
STATE,19,11,11,32,32,2,HALF_CAPACITY,PERIOD_CORRECTED,0.00659006268092024,0.178504906308887,20.4565911136568,0,20.4565911136568,1,3104.15729017015
STATE,19,6,6,16,16,2,HALF_CAPACITY,PERIOD_CORRECTED,0.00809950443273188,0.178504906308887,0,6.88935181921016,6.88935181921016,1,850.589301657614
STATE,19,7,7,16,16,2,HALF_CAPACITY,PERIOD_CORRECTED,0.00809950443273188,0.178504906308887,0,6.88935181921016,6.88935181921016,1,850.589301657614
STATE,19,9,9,16,16,2,HALF_CAPACITY,PERIOD_CORRECTED,0.00809950443273188,0.178504906308887,0,6.88935181921016,6.88935181921016,1,850.589301657614
STATE,19,12,12,16,16,2,HALF_CAPACITY,PERIOD_CORRECTED,0.00809950443273188,0.178504906308887,0,6.88935181921016,6.88935181921016,1,850.589301657614
STATE,19,13,13,16,16,2,HALF_CAPACITY,PERIOD_CORRECTED,0.00809950443273188,0.178504906308887,0,6.88935181921016,6.88935181921016,1,850.589301657614
STATE,19,14,14,16,16,2,HALF_CAPACITY,PERIOD_CORRECTED,0.00809950443273188,0.178504906308887,0,6.88935181921016,6.88935181921016,1,850.589301657614
STATE,19,16,16,17,17,2,HALF_CAPACITY,PERIOD_CORRECTED,0.00809950443273188,0.178504906308887,6.88935181921016,0,6.88935181921016,1,850.589301657614
STATE,19,16,16,19,19,2,HALF_CAPACITY,PERIOD_CORRECTED,0.00809950443273188,0.178504906308887,6.88935181921016,0,6.88935181921016,1,850.589301657614
STATE,19,6,6,11,11,2,HALF_CAPACITY,PERIOD_CORRECTED,0.0113124388541774,0.178504906308887,0,20.4565911136568,20.4565911136568,1,1808.32722080107
STATE,19,7,7,11,11,2,HALF_CAPACITY,PERIOD_CORRECTED,0.0113124388541774,0.178504906308887,0,20.4565911136568,20.4565911136568,1,1808.32722080107
STATE,19,9,9,11,11,2,HALF_CAPACITY,PERIOD_CORRECTED,0.0113124388541774,0.178504906308887,0,20.4565911136568,20.4565911136568,1,1808.32722080107
STATE,19,11,11,12,12,2,HALF_CAPACITY,PERIOD_CORRECTED,0.0113124388541774,0.178504906308887,20.4565911136568,0,20.4565911136568,1,1808.32722080107
STATE,19,11,11,13,13,2,HALF_CAPACITY,PERIOD_CORRECTED,0.0113124388541774,0.178504906308887,20.4565911136568,0,20.4565911136568,1,1808.32722080107
STATE,19,11,11,14,14,2,HALF_CAPACITY,PERIOD_CORRECTED,0.0113124388541774,0.178504906308887,20.4565911136568,0,20.4565911136568,1,1808.32722080107
STATE,19,11,11,17,17,2,HALF_CAPACITY,PERIOD_CORRECTED,0.0113124388541774,0.178504906308887,20.4565911136568,0,20.4565911136568,1,1808.32722080107
STATE,19,11,11,19,19,2,HALF_CAPACITY,PERIOD_CORRECTED,0.0113124388541774,0.178504906308887,20.4565911136568,0,20.4565911136568,1,1808.32722080107
STATE,19,32,32,104,104,2,HALF_CAPACITY,PERIOD_CORRECTED,0.0195175755593212,0.178504906308887,0,20.4565911136568,20.4565911136568,1,1048.11128059843
STATE,19,6,6,104,104,2,HALF_CAPACITY,PERIOD_CORRECTED,0.0242261103633518,0.178504906308887,0,20.4565911136568,20.4565911136568,1,844.402622081777
STATE,19,16,16,32,32,3,FULL_CAPACITY,PERIOD_OLD,0.00118926897317407,0.0746477932370276,6.88935181921016,0,6.88935181921016,1,5792.92992133058
STATE,19,11,11,32,32,3,FULL_CAPACITY,PERIOD_OLD,0.00228319861632436,0.0746477932370276,20.4565911136568,0,20.4565911136568,1,8959.61961758243
STATE,19,6,6,16,16,3,FULL_CAPACITY,PERIOD_OLD,0.00271592435198703,0.0746477932370276,0,6.88935181921016,6.88935181921016,1,2536.65085118065
STATE,19,7,7,16,16,3,FULL_CAPACITY,PERIOD_OLD,0.00271592435198703,0.0746477932370276,0,6.88935181921016,6.88935181921016,1,2536.65085118065
STATE,19,9,9,16,16,3,FULL_CAPACITY,PERIOD_OLD,0.00271592435198703,0.0746477932370276,0,6.88935181921016,6.88935181921016,1,2536.65085118065
STATE,19,12,12,16,16,3,FULL_CAPACITY,PERIOD_OLD,0.00271592435198703,0.0746477932370276,0,6.88935181921016,6.88935181921016,1,2536.65085118065
STATE,19,13,13,16,16,3,FULL_CAPACITY,PERIOD_OLD,0.00271592435198703,0.0746477932370276,0,6.88935181921016,6.88935181921016,1,2536.65085118065
STATE,19,14,14,16,16,3,FULL_CAPACITY,PERIOD_OLD,0.00271592435198703,0.0746477932370276,0,6.88935181921016,6.88935181921016,1,2536.65085118065
STATE,19,16,16,17,17,3,FULL_CAPACITY,PERIOD_OLD,0.00271592435198703,0.0746477932370276,6.88935181921016,0,6.88935181921016,1,2536.65085118065
STATE,19,16,16,19,19,3,FULL_CAPACITY,PERIOD_OLD,0.00271592435198703,0.0746477932370276,6.88935181921016,0,6.88935181921016,1,2536.65085118065
STATE,19,6,6,11,11,3,FULL_CAPACITY,PERIOD_OLD,0.00377542674113468,0.0746477932370276,0,20.4565911136568,20.4565911136568,1,5418.35202118336
STATE,19,7,7,11,11,3,FULL_CAPACITY,PERIOD_OLD,0.00377542674113468,0.0746477932370276,0,20.4565911136568,20.4565911136568,1,5418.35202118336
STATE,19,9,9,11,11,3,FULL_CAPACITY,PERIOD_OLD,0.00377542674113468,0.0746477932370276,0,20.4565911136568,20.4565911136568,1,5418.35202118336
STATE,19,11,11,12,12,3,FULL_CAPACITY,PERIOD_OLD,0.00377542674113468,0.0746477932370276,20.4565911136568,0,20.4565911136568,1,5418.35202118336
STATE,19,11,11,13,13,3,FULL_CAPACITY,PERIOD_OLD,0.00377542674113468,0.0746477932370276,20.4565911136568,0,20.4565911136568,1,5418.35202118336
STATE,19,11,11,14,14,3,FULL_CAPACITY,PERIOD_OLD,0.00377542674113468,0.0746477932370276,20.4565911136568,0,20.4565911136568,1,5418.35202118336
STATE,19,11,11,17,17,3,FULL_CAPACITY,PERIOD_OLD,0.00377542674113468,0.0746477932370276,20.4565911136568,0,20.4565911136568,1,5418.35202118336
STATE,19,11,11,19,19,3,FULL_CAPACITY,PERIOD_OLD,0.00377542674113468,0.0746477932370276,20.4565911136568,0,20.4565911136568,1,5418.35202118336
STATE,19,32,32,104,104,3,FULL_CAPACITY,PERIOD_OLD,0.00659698336553353,0.0746477932370276,0,20.4565911136568,20.4565911136568,1,3100.90081786986
STATE,19,6,6,104,104,3,FULL_CAPACITY,PERIOD_OLD,0.00807537012111727,0.0746477932370276,0,20.4565911136568,20.4565911136568,1,2533.20786624533
STATE,19,16,16,32,32,3,FULL_CAPACITY,PERIOD_CORRECTED,0.00334270100547201,0.178504906308887,6.88935181921016,0,6.88935181921016,1,2061.01347620749
STATE,19,11,11,32,32,3,FULL_CAPACITY,PERIOD_CORRECTED,0.00659006268092024,0.178504906308887,20.4565911136568,0,20.4565911136568,1,3104.15729017015
STATE,19,6,6,16,16,3,FULL_CAPACITY,PERIOD_CORRECTED,0.00809950443273188,0.178504906308887,0,6.88935181921016,6.88935181921016,1,850.589301657614
STATE,19,7,7,16,16,3,FULL_CAPACITY,PERIOD_CORRECTED,0.00809950443273188,0.178504906308887,0,6.88935181921016,6.88935181921016,1,850.589301657614
STATE,19,9,9,16,16,3,FULL_CAPACITY,PERIOD_CORRECTED,0.00809950443273188,0.178504906308887,0,6.88935181921016,6.88935181921016,1,850.589301657614
STATE,19,12,12,16,16,3,FULL_CAPACITY,PERIOD_CORRECTED,0.00809950443273188,0.178504906308887,0,6.88935181921016,6.88935181921016,1,850.589301657614
STATE,19,13,13,16,16,3,FULL_CAPACITY,PERIOD_CORRECTED,0.00809950443273188,0.178504906308887,0,6.88935181921016,6.88935181921016,1,850.589301657614
STATE,19,14,14,16,16,3,FULL_CAPACITY,PERIOD_CORRECTED,0.00809950443273188,0.178504906308887,0,6.88935181921016,6.88935181921016,1,850.589301657614
STATE,19,16,16,17,17,3,FULL_CAPACITY,PERIOD_CORRECTED,0.00809950443273188,0.178504906308887,6.88935181921016,0,6.88935181921016,1,850.589301657614
STATE,19,16,16,19,19,3,FULL_CAPACITY,PERIOD_CORRECTED,0.00809950443273188,0.178504906308887,6.88935181921016,0,6.88935181921016,1,850.589301657614
STATE,19,6,6,11,11,3,FULL_CAPACITY,PERIOD_CORRECTED,0.0113124388541774,0.178504906308887,0,20.4565911136568,20.4565911136568,1,1808.32722080107
STATE,19,7,7,11,11,3,FULL_CAPACITY,PERIOD_CORRECTED,0.0113124388541774,0.178504906308887,0,20.4565911136568,20.4565911136568,1,1808.32722080107
STATE,19,9,9,11,11,3,FULL_CAPACITY,PERIOD_CORRECTED,0.0113124388541774,0.178504906308887,0,20.4565911136568,20.4565911136568,1,1808.32722080107
STATE,19,11,11,12,12,3,FULL_CAPACITY,PERIOD_CORRECTED,0.0113124388541774,0.178504906308887,20.4565911136568,0,20.4565911136568,1,1808.32722080107
STATE,19,11,11,13,13,3,FULL_CAPACITY,PERIOD_CORRECTED,0.0113124388541774,0.178504906308887,20.4565911136568,0,20.4565911136568,1,1808.32722080107
STATE,19,11,11,14,14,3,FULL_CAPACITY,PERIOD_CORRECTED,0.0113124388541774,0.178504906308887,20.4565911136568,0,20.4565911136568,1,1808.32722080107
STATE,19,11,11,17,17,3,FULL_CAPACITY,PERIOD_CORRECTED,0.0113124388541774,0.178504906308887,20.4565911136568,0,20.4565911136568,1,1808.32722080107
STATE,19,11,11,19,19,3,FULL_CAPACITY,PERIOD_CORRECTED,0.0113124388541774,0.178504906308887,20.4565911136568,0,20.4565911136568,1,1808.32722080107
STATE,19,32,32,104,104,3,FULL_CAPACITY,PERIOD_CORRECTED,0.0195175755593212,0.178504906308887,0,20.4565911136568,20.4565911136568,1,1048.11128059843
STATE,19,6,6,104,104,3,FULL_CAPACITY,PERIOD_CORRECTED,0.0242261103633518,0.178504906308887,0,20.4565911136568,20.4565911136568,1,844.402622081777
STATE,19,16,16,32,32,4,STEP03YF_PERIOD_R2000,PERIOD_OLD,0.00118926897317407,0.0746477932370276,6.88935181921016,0,6.88935181921016,1,5792.92992133058
STATE,19,11,11,32,32,4,STEP03YF_PERIOD_R2000,PERIOD_OLD,0.00228319861632436,0.0746477932370276,20.4565911136568,0,20.4565911136568,1,8959.61961758243
STATE,19,6,6,16,16,4,STEP03YF_PERIOD_R2000,PERIOD_OLD,0.00271592435198703,0.0746477932370276,0,6.88935181921016,6.88935181921016,1,2536.65085118065
STATE,19,7,7,16,16,4,STEP03YF_PERIOD_R2000,PERIOD_OLD,0.00271592435198703,0.0746477932370276,0,6.88935181921016,6.88935181921016,1,2536.65085118065
STATE,19,9,9,16,16,4,STEP03YF_PERIOD_R2000,PERIOD_OLD,0.00271592435198703,0.0746477932370276,0,6.88935181921016,6.88935181921016,1,2536.65085118065
STATE,19,12,12,16,16,4,STEP03YF_PERIOD_R2000,PERIOD_OLD,0.00271592435198703,0.0746477932370276,0,6.88935181921016,6.88935181921016,1,2536.65085118065
STATE,19,13,13,16,16,4,STEP03YF_PERIOD_R2000,PERIOD_OLD,0.00271592435198703,0.0746477932370276,0,6.88935181921016,6.88935181921016,1,2536.65085118065
STATE,19,14,14,16,16,4,STEP03YF_PERIOD_R2000,PERIOD_OLD,0.00271592435198703,0.0746477932370276,0,6.88935181921016,6.88935181921016,1,2536.65085118065
STATE,19,16,16,17,17,4,STEP03YF_PERIOD_R2000,PERIOD_OLD,0.00271592435198703,0.0746477932370276,6.88935181921016,0,6.88935181921016,1,2536.65085118065
STATE,19,16,16,19,19,4,STEP03YF_PERIOD_R2000,PERIOD_OLD,0.00271592435198703,0.0746477932370276,6.88935181921016,0,6.88935181921016,1,2536.65085118065
STATE,19,6,6,11,11,4,STEP03YF_PERIOD_R2000,PERIOD_OLD,0.00377542674113468,0.0746477932370276,0,20.4565911136568,20.4565911136568,1,5418.35202118336
STATE,19,7,7,11,11,4,STEP03YF_PERIOD_R2000,PERIOD_OLD,0.00377542674113468,0.0746477932370276,0,20.4565911136568,20.4565911136568,1,5418.35202118336
STATE,19,9,9,11,11,4,STEP03YF_PERIOD_R2000,PERIOD_OLD,0.00377542674113468,0.0746477932370276,0,20.4565911136568,20.4565911136568,1,5418.35202118336
STATE,19,11,11,12,12,4,STEP03YF_PERIOD_R2000,PERIOD_OLD,0.00377542674113468,0.0746477932370276,20.4565911136568,0,20.4565911136568,1,5418.35202118336
STATE,19,11,11,13,13,4,STEP03YF_PERIOD_R2000,PERIOD_OLD,0.00377542674113468,0.0746477932370276,20.4565911136568,0,20.4565911136568,1,5418.35202118336
STATE,19,11,11,14,14,4,STEP03YF_PERIOD_R2000,PERIOD_OLD,0.00377542674113468,0.0746477932370276,20.4565911136568,0,20.4565911136568,1,5418.35202118336
STATE,19,11,11,17,17,4,STEP03YF_PERIOD_R2000,PERIOD_OLD,0.00377542674113468,0.0746477932370276,20.4565911136568,0,20.4565911136568,1,5418.35202118336
STATE,19,11,11,19,19,4,STEP03YF_PERIOD_R2000,PERIOD_OLD,0.00377542674113468,0.0746477932370276,20.4565911136568,0,20.4565911136568,1,5418.35202118336
STATE,19,32,32,104,104,4,STEP03YF_PERIOD_R2000,PERIOD_OLD,0.00659698336553353,0.0746477932370276,0,20.4565911136568,20.4565911136568,1,3100.90081786986
STATE,19,6,6,104,104,4,STEP03YF_PERIOD_R2000,PERIOD_OLD,0.00807537012111727,0.0746477932370276,0,20.4565911136568,20.4565911136568,1,2533.20786624533
STATE,19,16,16,32,32,4,STEP03YF_PERIOD_R2000,PERIOD_CORRECTED,0.00334270100547201,0.178504906308887,6.88935181921016,0,6.88935181921016,1,2061.01347620749
STATE,19,11,11,32,32,4,STEP03YF_PERIOD_R2000,PERIOD_CORRECTED,0.00659006268092024,0.178504906308887,20.4565911136568,0,20.4565911136568,1,3104.15729017015
STATE,19,6,6,16,16,4,STEP03YF_PERIOD_R2000,PERIOD_CORRECTED,0.00809950443273188,0.178504906308887,0,6.88935181921016,6.88935181921016,1,850.589301657614
STATE,19,7,7,16,16,4,STEP03YF_PERIOD_R2000,PERIOD_CORRECTED,0.00809950443273188,0.178504906308887,0,6.88935181921016,6.88935181921016,1,850.589301657614
STATE,19,9,9,16,16,4,STEP03YF_PERIOD_R2000,PERIOD_CORRECTED,0.00809950443273188,0.178504906308887,0,6.88935181921016,6.88935181921016,1,850.589301657614
STATE,19,12,12,16,16,4,STEP03YF_PERIOD_R2000,PERIOD_CORRECTED,0.00809950443273188,0.178504906308887,0,6.88935181921016,6.88935181921016,1,850.589301657614
STATE,19,13,13,16,16,4,STEP03YF_PERIOD_R2000,PERIOD_CORRECTED,0.00809950443273188,0.178504906308887,0,6.88935181921016,6.88935181921016,1,850.589301657614
STATE,19,14,14,16,16,4,STEP03YF_PERIOD_R2000,PERIOD_CORRECTED,0.00809950443273188,0.178504906308887,0,6.88935181921016,6.88935181921016,1,850.589301657614
STATE,19,16,16,17,17,4,STEP03YF_PERIOD_R2000,PERIOD_CORRECTED,0.00809950443273188,0.178504906308887,6.88935181921016,0,6.88935181921016,1,850.589301657614
STATE,19,16,16,19,19,4,STEP03YF_PERIOD_R2000,PERIOD_CORRECTED,0.00809950443273188,0.178504906308887,6.88935181921016,0,6.88935181921016,1,850.589301657614
STATE,19,6,6,11,11,4,STEP03YF_PERIOD_R2000,PERIOD_CORRECTED,0.0113124388541774,0.178504906308887,0,20.4565911136568,20.4565911136568,1,1808.32722080107
STATE,19,7,7,11,11,4,STEP03YF_PERIOD_R2000,PERIOD_CORRECTED,0.0113124388541774,0.178504906308887,0,20.4565911136568,20.4565911136568,1,1808.32722080107
STATE,19,9,9,11,11,4,STEP03YF_PERIOD_R2000,PERIOD_CORRECTED,0.0113124388541774,0.178504906308887,0,20.4565911136568,20.4565911136568,1,1808.32722080107
STATE,19,11,11,12,12,4,STEP03YF_PERIOD_R2000,PERIOD_CORRECTED,0.0113124388541774,0.178504906308887,20.4565911136568,0,20.4565911136568,1,1808.32722080107
STATE,19,11,11,13,13,4,STEP03YF_PERIOD_R2000,PERIOD_CORRECTED,0.0113124388541774,0.178504906308887,20.4565911136568,0,20.4565911136568,1,1808.32722080107
STATE,19,11,11,14,14,4,STEP03YF_PERIOD_R2000,PERIOD_CORRECTED,0.0113124388541774,0.178504906308887,20.4565911136568,0,20.4565911136568,1,1808.32722080107
STATE,19,11,11,17,17,4,STEP03YF_PERIOD_R2000,PERIOD_CORRECTED,0.0113124388541774,0.178504906308887,20.4565911136568,0,20.4565911136568,1,1808.32722080107
STATE,19,11,11,19,19,4,STEP03YF_PERIOD_R2000,PERIOD_CORRECTED,0.0113124388541774,0.178504906308887,20.4565911136568,0,20.4565911136568,1,1808.32722080107
STATE,19,32,32,104,104,4,STEP03YF_PERIOD_R2000,PERIOD_CORRECTED,0.0195175755593212,0.178504906308887,0,20.4565911136568,20.4565911136568,1,1048.11128059843
STATE,19,6,6,104,104,4,STEP03YF_PERIOD_R2000,PERIOD_CORRECTED,0.0242261103633518,0.178504906308887,0,20.4565911136568,20.4565911136568,1,844.402622081777
POOLED,11,1,1,13,13,1,ZERO,PERIOD_OLD,0.00161507402422345,0.0453120989251899,0,9819.16373455527,9819.16373455527,1,6079698.87898882
POOLED,11,4,4,13,13,1,ZERO,PERIOD_OLD,0.00161507402422345,0.0453120989251899,0,9819.16373455527,9819.16373455527,1,6079698.87898882
POOLED,11,5,5,13,13,1,ZERO,PERIOD_OLD,0.00161507402422345,0.0453120989251899,0,9819.16373455527,9819.16373455527,1,6079698.87898882
POOLED,11,6,6,13,13,1,ZERO,PERIOD_OLD,0.00161507402422345,0.0453120989251899,0,9819.16373455527,9819.16373455527,1,6079698.87898882
POOLED,11,8,8,13,13,1,ZERO,PERIOD_OLD,0.00161507402422345,0.0453120989251899,0,9819.16373455527,9819.16373455527,1,6079698.87898882
POOLED,11,11,11,13,13,1,ZERO,PERIOD_OLD,0.00161507402422345,0.0453120989251899,0,9819.16373455527,9819.16373455527,1,6079698.87898882
POOLED,11,13,13,14,14,1,ZERO,PERIOD_OLD,0.00161507402422345,0.0453120989251899,9819.16373455527,0,9819.16373455527,1,6079698.87898882
POOLED,11,2,2,13,13,1,ZERO,PERIOD_OLD,0.00163908085844097,0.0453120989251899,0,9819.16373455527,9819.16373455527,1,5990652.43425201
POOLED,19,6,6,32,32,1,ZERO,PERIOD_OLD,0.00175176129286316,0.0453120989251899,0,9819.16373455527,9819.16373455527,1,5605309.22481246
POOLED,19,7,7,32,32,1,ZERO,PERIOD_OLD,0.00175176129286316,0.0453120989251899,0,9819.16373455527,9819.16373455527,1,5605309.22481246
POOLED,19,9,9,32,32,1,ZERO,PERIOD_OLD,0.00175176129286316,0.0453120989251899,0,9819.16373455527,9819.16373455527,1,5605309.22481246
POOLED,19,12,12,32,32,1,ZERO,PERIOD_OLD,0.00175176129286316,0.0453120989251899,0,9819.16373455527,9819.16373455527,1,5605309.22481246
POOLED,19,13,13,32,32,1,ZERO,PERIOD_OLD,0.00175176129286316,0.0453120989251899,0,9819.16373455527,9819.16373455527,1,5605309.22481246
POOLED,19,14,14,32,32,1,ZERO,PERIOD_OLD,0.00175176129286316,0.0453120989251899,0,9819.16373455527,9819.16373455527,1,5605309.22481246
POOLED,19,17,17,32,32,1,ZERO,PERIOD_OLD,0.00175176129286316,0.0453120989251899,0,9819.16373455527,9819.16373455527,1,5605309.22481246
POOLED,19,19,19,32,32,1,ZERO,PERIOD_OLD,0.00175176129286316,0.0453120989251899,0,9819.16373455527,9819.16373455527,1,5605309.22481246
POOLED,19,6,6,16,16,1,ZERO,PERIOD_OLD,0.00271592435198703,0.0453120989251899,0,16365.2728909255,16365.2728909255,1,6025673.3141158
POOLED,19,7,7,16,16,1,ZERO,PERIOD_OLD,0.00271592435198703,0.0453120989251899,0,16365.2728909255,16365.2728909255,1,6025673.3141158
POOLED,19,9,9,16,16,1,ZERO,PERIOD_OLD,0.00271592435198703,0.0453120989251899,0,16365.2728909255,16365.2728909255,1,6025673.3141158
POOLED,19,12,12,16,16,1,ZERO,PERIOD_OLD,0.00271592435198703,0.0453120989251899,0,16365.2728909255,16365.2728909255,1,6025673.3141158
POOLED,11,1,1,13,13,1,ZERO,PERIOD_CORRECTED,0.00484522207267037,0.118204153318153,0,9819.16373455527,9819.16373455527,1,2026566.29299627
POOLED,11,4,4,13,13,1,ZERO,PERIOD_CORRECTED,0.00484522207267037,0.118204153318153,0,9819.16373455527,9819.16373455527,1,2026566.29299627
POOLED,11,5,5,13,13,1,ZERO,PERIOD_CORRECTED,0.00484522207267037,0.118204153318153,0,9819.16373455527,9819.16373455527,1,2026566.29299627
POOLED,11,6,6,13,13,1,ZERO,PERIOD_CORRECTED,0.00484522207267037,0.118204153318153,0,9819.16373455527,9819.16373455527,1,2026566.29299627
POOLED,11,8,8,13,13,1,ZERO,PERIOD_CORRECTED,0.00484522207267037,0.118204153318153,0,9819.16373455527,9819.16373455527,1,2026566.29299627
POOLED,11,11,11,13,13,1,ZERO,PERIOD_CORRECTED,0.00484522207267037,0.118204153318153,0,9819.16373455527,9819.16373455527,1,2026566.29299627
POOLED,11,13,13,14,14,1,ZERO,PERIOD_CORRECTED,0.00484522207267037,0.118204153318153,9819.16373455527,0,9819.16373455527,1,2026566.29299627
POOLED,11,2,2,13,13,1,ZERO,PERIOD_CORRECTED,0.00486922890688789,0.118204153318153,0,9819.16373455527,9819.16373455527,1,2016574.68201286
POOLED,19,6,6,32,32,1,ZERO,PERIOD_CORRECTED,0.00498190934131008,0.118204153318153,0,9819.16373455527,9819.16373455527,1,1970963.95414798
POOLED,19,7,7,32,32,1,ZERO,PERIOD_CORRECTED,0.00498190934131008,0.118204153318153,0,9819.16373455527,9819.16373455527,1,1970963.95414798
POOLED,19,9,9,32,32,1,ZERO,PERIOD_CORRECTED,0.00498190934131008,0.118204153318153,0,9819.16373455527,9819.16373455527,1,1970963.95414798
POOLED,19,12,12,32,32,1,ZERO,PERIOD_CORRECTED,0.00498190934131008,0.118204153318153,0,9819.16373455527,9819.16373455527,1,1970963.95414798
POOLED,19,13,13,32,32,1,ZERO,PERIOD_CORRECTED,0.00498190934131008,0.118204153318153,0,9819.16373455527,9819.16373455527,1,1970963.95414798
POOLED,19,14,14,32,32,1,ZERO,PERIOD_CORRECTED,0.00498190934131008,0.118204153318153,0,9819.16373455527,9819.16373455527,1,1970963.95414798
POOLED,19,17,17,32,32,1,ZERO,PERIOD_CORRECTED,0.00498190934131008,0.118204153318153,0,9819.16373455527,9819.16373455527,1,1970963.95414798
POOLED,19,19,19,32,32,1,ZERO,PERIOD_CORRECTED,0.00498190934131008,0.118204153318153,0,9819.16373455527,9819.16373455527,1,1970963.95414798
POOLED,19,6,6,16,16,1,ZERO,PERIOD_CORRECTED,0.00809950443273188,0.118204153318153,0,16365.2728909255,16365.2728909255,1,2020527.67880339
POOLED,19,7,7,16,16,1,ZERO,PERIOD_CORRECTED,0.00809950443273188,0.118204153318153,0,16365.2728909255,16365.2728909255,1,2020527.67880339
POOLED,19,9,9,16,16,1,ZERO,PERIOD_CORRECTED,0.00809950443273188,0.118204153318153,0,16365.2728909255,16365.2728909255,1,2020527.67880339
POOLED,19,12,12,16,16,1,ZERO,PERIOD_CORRECTED,0.00809950443273188,0.118204153318153,0,16365.2728909255,16365.2728909255,1,2020527.67880339
POOLED,19,16,16,32,32,2,HALF_CAPACITY,PERIOD_OLD,0.00118926897317407,0.0453120989251899,6.88935181921016,0,6.88935181921016,1,5792.92992133058
POOLED,11,1,1,13,13,2,HALF_CAPACITY,PERIOD_OLD,0.00161507402422345,0.0453120989251899,0,107.770100056493,107.770100056493,1,66727.6536184218
POOLED,11,4,4,13,13,2,HALF_CAPACITY,PERIOD_OLD,0.00161507402422345,0.0453120989251899,0,107.770100056493,107.770100056493,1,66727.6536184218
POOLED,11,5,5,13,13,2,HALF_CAPACITY,PERIOD_OLD,0.00161507402422345,0.0453120989251899,0,107.770100056493,107.770100056493,1,66727.6536184218
POOLED,11,6,6,13,13,2,HALF_CAPACITY,PERIOD_OLD,0.00161507402422345,0.0453120989251899,0,107.770100056493,107.770100056493,1,66727.6536184218
POOLED,11,8,8,13,13,2,HALF_CAPACITY,PERIOD_OLD,0.00161507402422345,0.0453120989251899,0,107.770100056493,107.770100056493,1,66727.6536184218
POOLED,11,11,11,13,13,2,HALF_CAPACITY,PERIOD_OLD,0.00161507402422345,0.0453120989251899,0,107.770100056493,107.770100056493,1,66727.6536184218
POOLED,11,13,13,14,14,2,HALF_CAPACITY,PERIOD_OLD,0.00161507402422345,0.0453120989251899,107.770100056493,0,107.770100056493,1,66727.6536184218
POOLED,11,2,2,13,13,2,HALF_CAPACITY,PERIOD_OLD,0.00163908085844097,0.0453120989251899,0,107.770100056493,107.770100056493,1,65750.3255568488
POOLED,19,11,11,32,32,2,HALF_CAPACITY,PERIOD_OLD,0.00228319861632436,0.0453120989251899,20.4565911136568,0,20.4565911136568,1,8959.61961758243
POOLED,19,6,6,16,16,2,HALF_CAPACITY,PERIOD_OLD,0.00271592435198703,0.0453120989251899,0,6.88935181921016,6.88935181921016,1,2536.65085118065
POOLED,19,7,7,16,16,2,HALF_CAPACITY,PERIOD_OLD,0.00271592435198703,0.0453120989251899,0,6.88935181921016,6.88935181921016,1,2536.65085118065
POOLED,19,9,9,16,16,2,HALF_CAPACITY,PERIOD_OLD,0.00271592435198703,0.0453120989251899,0,6.88935181921016,6.88935181921016,1,2536.65085118065
POOLED,19,12,12,16,16,2,HALF_CAPACITY,PERIOD_OLD,0.00271592435198703,0.0453120989251899,0,6.88935181921016,6.88935181921016,1,2536.65085118065
POOLED,19,13,13,16,16,2,HALF_CAPACITY,PERIOD_OLD,0.00271592435198703,0.0453120989251899,0,6.88935181921016,6.88935181921016,1,2536.65085118065
POOLED,19,14,14,16,16,2,HALF_CAPACITY,PERIOD_OLD,0.00271592435198703,0.0453120989251899,0,6.88935181921016,6.88935181921016,1,2536.65085118065
POOLED,19,16,16,17,17,2,HALF_CAPACITY,PERIOD_OLD,0.00271592435198703,0.0453120989251899,6.88935181921016,0,6.88935181921016,1,2536.65085118065
POOLED,19,16,16,19,19,2,HALF_CAPACITY,PERIOD_OLD,0.00271592435198703,0.0453120989251899,6.88935181921016,0,6.88935181921016,1,2536.65085118065
POOLED,11,1,1,131,131,2,HALF_CAPACITY,PERIOD_OLD,0.00376850605652139,0.0453120989251899,0,20.4565911136568,20.4565911136568,1,5428.30257052572
POOLED,11,4,4,131,131,2,HALF_CAPACITY,PERIOD_OLD,0.00376850605652139,0.0453120989251899,0,20.4565911136568,20.4565911136568,1,5428.30257052572
POOLED,19,16,16,32,32,2,HALF_CAPACITY,PERIOD_CORRECTED,0.00334270100547201,0.118204153318153,6.88935181921016,0,6.88935181921016,1,2061.01347620749
POOLED,11,1,1,13,13,2,HALF_CAPACITY,PERIOD_CORRECTED,0.00484522207267037,0.118204153318153,0,107.770100056493,107.770100056493,1,22242.5512061405
POOLED,11,4,4,13,13,2,HALF_CAPACITY,PERIOD_CORRECTED,0.00484522207267037,0.118204153318153,0,107.770100056493,107.770100056493,1,22242.5512061405
POOLED,11,5,5,13,13,2,HALF_CAPACITY,PERIOD_CORRECTED,0.00484522207267037,0.118204153318153,0,107.770100056493,107.770100056493,1,22242.5512061405
POOLED,11,6,6,13,13,2,HALF_CAPACITY,PERIOD_CORRECTED,0.00484522207267037,0.118204153318153,0,107.770100056493,107.770100056493,1,22242.5512061405
POOLED,11,8,8,13,13,2,HALF_CAPACITY,PERIOD_CORRECTED,0.00484522207267037,0.118204153318153,0,107.770100056493,107.770100056493,1,22242.5512061405
POOLED,11,11,11,13,13,2,HALF_CAPACITY,PERIOD_CORRECTED,0.00484522207267037,0.118204153318153,0,107.770100056493,107.770100056493,1,22242.5512061405
POOLED,11,13,13,14,14,2,HALF_CAPACITY,PERIOD_CORRECTED,0.00484522207267037,0.118204153318153,107.770100056493,0,107.770100056493,1,22242.5512061405
POOLED,11,2,2,13,13,2,HALF_CAPACITY,PERIOD_CORRECTED,0.00486922890688789,0.118204153318153,0,107.770100056493,107.770100056493,1,22132.8884136139
POOLED,19,11,11,32,32,2,HALF_CAPACITY,PERIOD_CORRECTED,0.00659006268092024,0.118204153318153,20.4565911136568,0,20.4565911136568,1,3104.15729017015
POOLED,19,6,6,16,16,2,HALF_CAPACITY,PERIOD_CORRECTED,0.00809950443273188,0.118204153318153,0,6.88935181921016,6.88935181921016,1,850.589301657614
POOLED,19,7,7,16,16,2,HALF_CAPACITY,PERIOD_CORRECTED,0.00809950443273188,0.118204153318153,0,6.88935181921016,6.88935181921016,1,850.589301657614
POOLED,19,9,9,16,16,2,HALF_CAPACITY,PERIOD_CORRECTED,0.00809950443273188,0.118204153318153,0,6.88935181921016,6.88935181921016,1,850.589301657614
POOLED,19,12,12,16,16,2,HALF_CAPACITY,PERIOD_CORRECTED,0.00809950443273188,0.118204153318153,0,6.88935181921016,6.88935181921016,1,850.589301657614
POOLED,19,13,13,16,16,2,HALF_CAPACITY,PERIOD_CORRECTED,0.00809950443273188,0.118204153318153,0,6.88935181921016,6.88935181921016,1,850.589301657614
POOLED,19,14,14,16,16,2,HALF_CAPACITY,PERIOD_CORRECTED,0.00809950443273188,0.118204153318153,0,6.88935181921016,6.88935181921016,1,850.589301657614
POOLED,19,16,16,17,17,2,HALF_CAPACITY,PERIOD_CORRECTED,0.00809950443273188,0.118204153318153,6.88935181921016,0,6.88935181921016,1,850.589301657614
POOLED,19,16,16,19,19,2,HALF_CAPACITY,PERIOD_CORRECTED,0.00809950443273188,0.118204153318153,6.88935181921016,0,6.88935181921016,1,850.589301657614
POOLED,11,1,1,131,131,2,HALF_CAPACITY,PERIOD_CORRECTED,0.0113055181695642,0.118204153318153,0,20.4565911136568,20.4565911136568,1,1809.43419017524
POOLED,11,4,4,131,131,2,HALF_CAPACITY,PERIOD_CORRECTED,0.0113055181695642,0.118204153318153,0,20.4565911136568,20.4565911136568,1,1809.43419017524
POOLED,19,16,16,32,32,3,FULL_CAPACITY,PERIOD_OLD,0.00118926897317407,0.0453120989251899,6.88935181921016,0,6.88935181921016,1,5792.92992133058
POOLED,11,1,1,13,13,3,FULL_CAPACITY,PERIOD_OLD,0.00161507402422345,0.0453120989251899,0,107.770100056493,107.770100056493,1,66727.6536184218
POOLED,11,4,4,13,13,3,FULL_CAPACITY,PERIOD_OLD,0.00161507402422345,0.0453120989251899,0,107.770100056493,107.770100056493,1,66727.6536184218
POOLED,11,5,5,13,13,3,FULL_CAPACITY,PERIOD_OLD,0.00161507402422345,0.0453120989251899,0,107.770100056493,107.770100056493,1,66727.6536184218
POOLED,11,6,6,13,13,3,FULL_CAPACITY,PERIOD_OLD,0.00161507402422345,0.0453120989251899,0,107.770100056493,107.770100056493,1,66727.6536184218
POOLED,11,8,8,13,13,3,FULL_CAPACITY,PERIOD_OLD,0.00161507402422345,0.0453120989251899,0,107.770100056493,107.770100056493,1,66727.6536184218
POOLED,11,11,11,13,13,3,FULL_CAPACITY,PERIOD_OLD,0.00161507402422345,0.0453120989251899,0,107.770100056493,107.770100056493,1,66727.6536184218
POOLED,11,13,13,14,14,3,FULL_CAPACITY,PERIOD_OLD,0.00161507402422345,0.0453120989251899,107.770100056493,0,107.770100056493,1,66727.6536184218
POOLED,11,2,2,13,13,3,FULL_CAPACITY,PERIOD_OLD,0.00163908085844097,0.0453120989251899,0,107.770100056493,107.770100056493,1,65750.3255568488
POOLED,19,11,11,32,32,3,FULL_CAPACITY,PERIOD_OLD,0.00228319861632436,0.0453120989251899,20.4565911136568,0,20.4565911136568,1,8959.61961758243
POOLED,19,6,6,16,16,3,FULL_CAPACITY,PERIOD_OLD,0.00271592435198703,0.0453120989251899,0,6.88935181921016,6.88935181921016,1,2536.65085118065
POOLED,19,7,7,16,16,3,FULL_CAPACITY,PERIOD_OLD,0.00271592435198703,0.0453120989251899,0,6.88935181921016,6.88935181921016,1,2536.65085118065
POOLED,19,9,9,16,16,3,FULL_CAPACITY,PERIOD_OLD,0.00271592435198703,0.0453120989251899,0,6.88935181921016,6.88935181921016,1,2536.65085118065
POOLED,19,12,12,16,16,3,FULL_CAPACITY,PERIOD_OLD,0.00271592435198703,0.0453120989251899,0,6.88935181921016,6.88935181921016,1,2536.65085118065
POOLED,19,13,13,16,16,3,FULL_CAPACITY,PERIOD_OLD,0.00271592435198703,0.0453120989251899,0,6.88935181921016,6.88935181921016,1,2536.65085118065
POOLED,19,14,14,16,16,3,FULL_CAPACITY,PERIOD_OLD,0.00271592435198703,0.0453120989251899,0,6.88935181921016,6.88935181921016,1,2536.65085118065
POOLED,19,16,16,17,17,3,FULL_CAPACITY,PERIOD_OLD,0.00271592435198703,0.0453120989251899,6.88935181921016,0,6.88935181921016,1,2536.65085118065
POOLED,19,16,16,19,19,3,FULL_CAPACITY,PERIOD_OLD,0.00271592435198703,0.0453120989251899,6.88935181921016,0,6.88935181921016,1,2536.65085118065
POOLED,11,1,1,131,131,3,FULL_CAPACITY,PERIOD_OLD,0.00376850605652139,0.0453120989251899,0,20.4565911136568,20.4565911136568,1,5428.30257052572
POOLED,11,4,4,131,131,3,FULL_CAPACITY,PERIOD_OLD,0.00376850605652139,0.0453120989251899,0,20.4565911136568,20.4565911136568,1,5428.30257052572
POOLED,19,16,16,32,32,3,FULL_CAPACITY,PERIOD_CORRECTED,0.00334270100547201,0.118204153318153,6.88935181921016,0,6.88935181921016,1,2061.01347620749
POOLED,11,1,1,13,13,3,FULL_CAPACITY,PERIOD_CORRECTED,0.00484522207267037,0.118204153318153,0,107.770100056493,107.770100056493,1,22242.5512061405
POOLED,11,4,4,13,13,3,FULL_CAPACITY,PERIOD_CORRECTED,0.00484522207267037,0.118204153318153,0,107.770100056493,107.770100056493,1,22242.5512061405
POOLED,11,5,5,13,13,3,FULL_CAPACITY,PERIOD_CORRECTED,0.00484522207267037,0.118204153318153,0,107.770100056493,107.770100056493,1,22242.5512061405
POOLED,11,6,6,13,13,3,FULL_CAPACITY,PERIOD_CORRECTED,0.00484522207267037,0.118204153318153,0,107.770100056493,107.770100056493,1,22242.5512061405
POOLED,11,8,8,13,13,3,FULL_CAPACITY,PERIOD_CORRECTED,0.00484522207267037,0.118204153318153,0,107.770100056493,107.770100056493,1,22242.5512061405
POOLED,11,11,11,13,13,3,FULL_CAPACITY,PERIOD_CORRECTED,0.00484522207267037,0.118204153318153,0,107.770100056493,107.770100056493,1,22242.5512061405
POOLED,11,13,13,14,14,3,FULL_CAPACITY,PERIOD_CORRECTED,0.00484522207267037,0.118204153318153,107.770100056493,0,107.770100056493,1,22242.5512061405
POOLED,11,2,2,13,13,3,FULL_CAPACITY,PERIOD_CORRECTED,0.00486922890688789,0.118204153318153,0,107.770100056493,107.770100056493,1,22132.8884136139
POOLED,19,11,11,32,32,3,FULL_CAPACITY,PERIOD_CORRECTED,0.00659006268092024,0.118204153318153,20.4565911136568,0,20.4565911136568,1,3104.15729017015
POOLED,19,6,6,16,16,3,FULL_CAPACITY,PERIOD_CORRECTED,0.00809950443273188,0.118204153318153,0,6.88935181921016,6.88935181921016,1,850.589301657614
POOLED,19,7,7,16,16,3,FULL_CAPACITY,PERIOD_CORRECTED,0.00809950443273188,0.118204153318153,0,6.88935181921016,6.88935181921016,1,850.589301657614
POOLED,19,9,9,16,16,3,FULL_CAPACITY,PERIOD_CORRECTED,0.00809950443273188,0.118204153318153,0,6.88935181921016,6.88935181921016,1,850.589301657614
POOLED,19,12,12,16,16,3,FULL_CAPACITY,PERIOD_CORRECTED,0.00809950443273188,0.118204153318153,0,6.88935181921016,6.88935181921016,1,850.589301657614
POOLED,19,13,13,16,16,3,FULL_CAPACITY,PERIOD_CORRECTED,0.00809950443273188,0.118204153318153,0,6.88935181921016,6.88935181921016,1,850.589301657614
POOLED,19,14,14,16,16,3,FULL_CAPACITY,PERIOD_CORRECTED,0.00809950443273188,0.118204153318153,0,6.88935181921016,6.88935181921016,1,850.589301657614
POOLED,19,16,16,17,17,3,FULL_CAPACITY,PERIOD_CORRECTED,0.00809950443273188,0.118204153318153,6.88935181921016,0,6.88935181921016,1,850.589301657614
POOLED,19,16,16,19,19,3,FULL_CAPACITY,PERIOD_CORRECTED,0.00809950443273188,0.118204153318153,6.88935181921016,0,6.88935181921016,1,850.589301657614
POOLED,11,1,1,131,131,3,FULL_CAPACITY,PERIOD_CORRECTED,0.0113055181695642,0.118204153318153,0,20.4565911136568,20.4565911136568,1,1809.43419017524
POOLED,11,4,4,131,131,3,FULL_CAPACITY,PERIOD_CORRECTED,0.0113055181695642,0.118204153318153,0,20.4565911136568,20.4565911136568,1,1809.43419017524
POOLED,19,16,16,32,32,4,STEP03YF_PERIOD_R2000,PERIOD_OLD,0.00118926897317407,0.0453120989251899,6.88935181921016,0,6.88935181921016,1,5792.92992133058
POOLED,11,1,1,13,13,4,STEP03YF_PERIOD_R2000,PERIOD_OLD,0.00161507402422345,0.0453120989251899,0,107.770100056493,107.770100056493,1,66727.6536184218
POOLED,11,4,4,13,13,4,STEP03YF_PERIOD_R2000,PERIOD_OLD,0.00161507402422345,0.0453120989251899,0,107.770100056493,107.770100056493,1,66727.6536184218
POOLED,11,5,5,13,13,4,STEP03YF_PERIOD_R2000,PERIOD_OLD,0.00161507402422345,0.0453120989251899,0,107.770100056493,107.770100056493,1,66727.6536184218
POOLED,11,6,6,13,13,4,STEP03YF_PERIOD_R2000,PERIOD_OLD,0.00161507402422345,0.0453120989251899,0,107.770100056493,107.770100056493,1,66727.6536184218
POOLED,11,8,8,13,13,4,STEP03YF_PERIOD_R2000,PERIOD_OLD,0.00161507402422345,0.0453120989251899,0,107.770100056493,107.770100056493,1,66727.6536184218
POOLED,11,11,11,13,13,4,STEP03YF_PERIOD_R2000,PERIOD_OLD,0.00161507402422345,0.0453120989251899,0,107.770100056493,107.770100056493,1,66727.6536184218
POOLED,11,13,13,14,14,4,STEP03YF_PERIOD_R2000,PERIOD_OLD,0.00161507402422345,0.0453120989251899,107.770100056493,0,107.770100056493,1,66727.6536184218
POOLED,11,2,2,13,13,4,STEP03YF_PERIOD_R2000,PERIOD_OLD,0.00163908085844097,0.0453120989251899,0,107.770100056493,107.770100056493,1,65750.3255568488
POOLED,19,11,11,32,32,4,STEP03YF_PERIOD_R2000,PERIOD_OLD,0.00228319861632436,0.0453120989251899,20.4565911136568,0,20.4565911136568,1,8959.61961758243
POOLED,19,6,6,16,16,4,STEP03YF_PERIOD_R2000,PERIOD_OLD,0.00271592435198703,0.0453120989251899,0,6.88935181921016,6.88935181921016,1,2536.65085118065
POOLED,19,7,7,16,16,4,STEP03YF_PERIOD_R2000,PERIOD_OLD,0.00271592435198703,0.0453120989251899,0,6.88935181921016,6.88935181921016,1,2536.65085118065
POOLED,19,9,9,16,16,4,STEP03YF_PERIOD_R2000,PERIOD_OLD,0.00271592435198703,0.0453120989251899,0,6.88935181921016,6.88935181921016,1,2536.65085118065
POOLED,19,12,12,16,16,4,STEP03YF_PERIOD_R2000,PERIOD_OLD,0.00271592435198703,0.0453120989251899,0,6.88935181921016,6.88935181921016,1,2536.65085118065
POOLED,19,13,13,16,16,4,STEP03YF_PERIOD_R2000,PERIOD_OLD,0.00271592435198703,0.0453120989251899,0,6.88935181921016,6.88935181921016,1,2536.65085118065
POOLED,19,14,14,16,16,4,STEP03YF_PERIOD_R2000,PERIOD_OLD,0.00271592435198703,0.0453120989251899,0,6.88935181921016,6.88935181921016,1,2536.65085118065
POOLED,19,16,16,17,17,4,STEP03YF_PERIOD_R2000,PERIOD_OLD,0.00271592435198703,0.0453120989251899,6.88935181921016,0,6.88935181921016,1,2536.65085118065
POOLED,19,16,16,19,19,4,STEP03YF_PERIOD_R2000,PERIOD_OLD,0.00271592435198703,0.0453120989251899,6.88935181921016,0,6.88935181921016,1,2536.65085118065
POOLED,11,1,1,131,131,4,STEP03YF_PERIOD_R2000,PERIOD_OLD,0.00376850605652139,0.0453120989251899,0,20.4565911136568,20.4565911136568,1,5428.30257052572
POOLED,11,4,4,131,131,4,STEP03YF_PERIOD_R2000,PERIOD_OLD,0.00376850605652139,0.0453120989251899,0,20.4565911136568,20.4565911136568,1,5428.30257052572
POOLED,19,16,16,32,32,4,STEP03YF_PERIOD_R2000,PERIOD_CORRECTED,0.00334270100547201,0.118204153318153,6.88935181921016,0,6.88935181921016,1,2061.01347620749
POOLED,11,1,1,13,13,4,STEP03YF_PERIOD_R2000,PERIOD_CORRECTED,0.00484522207267037,0.118204153318153,0,107.770100056493,107.770100056493,1,22242.5512061405
POOLED,11,4,4,13,13,4,STEP03YF_PERIOD_R2000,PERIOD_CORRECTED,0.00484522207267037,0.118204153318153,0,107.770100056493,107.770100056493,1,22242.5512061405
POOLED,11,5,5,13,13,4,STEP03YF_PERIOD_R2000,PERIOD_CORRECTED,0.00484522207267037,0.118204153318153,0,107.770100056493,107.770100056493,1,22242.5512061405
POOLED,11,6,6,13,13,4,STEP03YF_PERIOD_R2000,PERIOD_CORRECTED,0.00484522207267037,0.118204153318153,0,107.770100056493,107.770100056493,1,22242.5512061405
POOLED,11,8,8,13,13,4,STEP03YF_PERIOD_R2000,PERIOD_CORRECTED,0.00484522207267037,0.118204153318153,0,107.770100056493,107.770100056493,1,22242.5512061405
POOLED,11,11,11,13,13,4,STEP03YF_PERIOD_R2000,PERIOD_CORRECTED,0.00484522207267037,0.118204153318153,0,107.770100056493,107.770100056493,1,22242.5512061405
POOLED,11,13,13,14,14,4,STEP03YF_PERIOD_R2000,PERIOD_CORRECTED,0.00484522207267037,0.118204153318153,107.770100056493,0,107.770100056493,1,22242.5512061405
POOLED,11,2,2,13,13,4,STEP03YF_PERIOD_R2000,PERIOD_CORRECTED,0.00486922890688789,0.118204153318153,0,107.770100056493,107.770100056493,1,22132.8884136139
POOLED,19,11,11,32,32,4,STEP03YF_PERIOD_R2000,PERIOD_CORRECTED,0.00659006268092024,0.118204153318153,20.4565911136568,0,20.4565911136568,1,3104.15729017015
POOLED,19,6,6,16,16,4,STEP03YF_PERIOD_R2000,PERIOD_CORRECTED,0.00809950443273188,0.118204153318153,0,6.88935181921016,6.88935181921016,1,850.589301657614
POOLED,19,7,7,16,16,4,STEP03YF_PERIOD_R2000,PERIOD_CORRECTED,0.00809950443273188,0.118204153318153,0,6.88935181921016,6.88935181921016,1,850.589301657614
POOLED,19,9,9,16,16,4,STEP03YF_PERIOD_R2000,PERIOD_CORRECTED,0.00809950443273188,0.118204153318153,0,6.88935181921016,6.88935181921016,1,850.589301657614
POOLED,19,12,12,16,16,4,STEP03YF_PERIOD_R2000,PERIOD_CORRECTED,0.00809950443273188,0.118204153318153,0,6.88935181921016,6.88935181921016,1,850.589301657614
POOLED,19,13,13,16,16,4,STEP03YF_PERIOD_R2000,PERIOD_CORRECTED,0.00809950443273188,0.118204153318153,0,6.88935181921016,6.88935181921016,1,850.589301657614
POOLED,19,14,14,16,16,4,STEP03YF_PERIOD_R2000,PERIOD_CORRECTED,0.00809950443273188,0.118204153318153,0,6.88935181921016,6.88935181921016,1,850.589301657614
POOLED,19,16,16,17,17,4,STEP03YF_PERIOD_R2000,PERIOD_CORRECTED,0.00809950443273188,0.118204153318153,6.88935181921016,0,6.88935181921016,1,850.589301657614
POOLED,19,16,16,19,19,4,STEP03YF_PERIOD_R2000,PERIOD_CORRECTED,0.00809950443273188,0.118204153318153,6.88935181921016,0,6.88935181921016,1,850.589301657614
POOLED,11,1,1,131,131,4,STEP03YF_PERIOD_R2000,PERIOD_CORRECTED,0.0113055181695642,0.118204153318153,0,20.4565911136568,20.4565911136568,1,1809.43419017524
POOLED,11,4,4,131,131,4,STEP03YF_PERIOD_R2000,PERIOD_CORRECTED,0.0113055181695642,0.118204153318153,0,20.4565911136568,20.4565911136568,1,1809.43419017524
