initial_state_id,T_label,eta,path_id,loss,nominal_probability,worst_probability,probability_shift,model,absolute_shift
7,ASYMMETRIC_CAPACITY_FRACTION,0.001,155,23478.7738810103,0.005,0.0072289787166396145,0.0022289787166396144,flat,0.0022289787166396144
7,ASYMMETRIC_CAPACITY_FRACTION,0.001,35,859.078049623756,0.005,0.005070369395212541,7.036939521254133e-05,flat,7.036939521254133e-05
7,ASYMMETRIC_CAPACITY_FRACTION,0.001,1,0.0,0.005,0.004988387130748221,-1.1612869251779318e-05,flat,1.1612869251779318e-05
7,ASYMMETRIC_CAPACITY_FRACTION,0.001,2,0.0,0.005,0.004988387130748221,-1.1612869251779318e-05,flat,1.1612869251779318e-05
7,ASYMMETRIC_CAPACITY_FRACTION,0.001,3,0.0,0.005,0.004988387130748221,-1.1612869251779318e-05,flat,1.1612869251779318e-05
7,ASYMMETRIC_CAPACITY_FRACTION,0.001,4,0.0,0.005,0.004988387130748221,-1.1612869251779318e-05,flat,1.1612869251779318e-05
7,ASYMMETRIC_CAPACITY_FRACTION,0.001,5,0.0,0.005,0.004988387130748221,-1.1612869251779318e-05,flat,1.1612869251779318e-05
7,ASYMMETRIC_CAPACITY_FRACTION,0.001,6,0.0,0.005,0.004988387130748221,-1.1612869251779318e-05,flat,1.1612869251779318e-05
7,ASYMMETRIC_CAPACITY_FRACTION,0.001,7,0.0,0.005,0.004988387130748221,-1.1612869251779318e-05,flat,1.1612869251779318e-05
7,ASYMMETRIC_CAPACITY_FRACTION,0.001,8,0.0,0.005,0.004988387130748221,-1.1612869251779318e-05,flat,1.1612869251779318e-05
7,ASYMMETRIC_CAPACITY_FRACTION,0.001,9,0.0,0.005,0.004988387130748221,-1.1612869251779318e-05,flat,1.1612869251779318e-05
7,ASYMMETRIC_CAPACITY_FRACTION,0.001,10,0.0,0.005,0.004988387130748221,-1.1612869251779318e-05,flat,1.1612869251779318e-05
7,ASYMMETRIC_CAPACITY_FRACTION,0.001,11,0.0,0.005,0.004988387130748221,-1.1612869251779318e-05,flat,1.1612869251779318e-05
7,ASYMMETRIC_CAPACITY_FRACTION,0.001,12,0.0,0.005,0.004988387130748221,-1.1612869251779318e-05,flat,1.1612869251779318e-05
7,ASYMMETRIC_CAPACITY_FRACTION,0.001,13,0.0,0.005,0.004988387130748221,-1.1612869251779318e-05,flat,1.1612869251779318e-05
7,ASYMMETRIC_CAPACITY_FRACTION,0.001,14,0.0,0.005,0.004988387130748221,-1.1612869251779318e-05,flat,1.1612869251779318e-05
7,ASYMMETRIC_CAPACITY_FRACTION,0.001,15,0.0,0.005,0.004988387130748221,-1.1612869251779318e-05,flat,1.1612869251779318e-05
7,ASYMMETRIC_CAPACITY_FRACTION,0.001,16,0.0,0.005,0.004988387130748221,-1.1612869251779318e-05,flat,1.1612869251779318e-05
7,ASYMMETRIC_CAPACITY_FRACTION,0.001,17,0.0,0.005,0.004988387130748221,-1.1612869251779318e-05,flat,1.1612869251779318e-05
7,ASYMMETRIC_CAPACITY_FRACTION,0.001,18,0.0,0.005,0.004988387130748221,-1.1612869251779318e-05,flat,1.1612869251779318e-05
7,ASYMMETRIC_CAPACITY_FRACTION,0.001,19,0.0,0.005,0.004988387130748221,-1.1612869251779318e-05,flat,1.1612869251779318e-05
7,ASYMMETRIC_CAPACITY_FRACTION,0.001,20,0.0,0.005,0.004988387130748221,-1.1612869251779318e-05,flat,1.1612869251779318e-05
7,ASYMMETRIC_CAPACITY_FRACTION,0.001,21,0.0,0.005,0.004988387130748221,-1.1612869251779318e-05,flat,1.1612869251779318e-05
7,ASYMMETRIC_CAPACITY_FRACTION,0.001,22,0.0,0.005,0.004988387130748221,-1.1612869251779318e-05,flat,1.1612869251779318e-05
7,ASYMMETRIC_CAPACITY_FRACTION,0.001,23,0.0,0.005,0.004988387130748221,-1.1612869251779318e-05,flat,1.1612869251779318e-05
7,ASYMMETRIC_CAPACITY_FRACTION,0.001,24,0.0,0.005,0.004988387130748221,-1.1612869251779318e-05,flat,1.1612869251779318e-05
7,ASYMMETRIC_CAPACITY_FRACTION,0.001,25,0.0,0.005,0.004988387130748221,-1.1612869251779318e-05,flat,1.1612869251779318e-05
7,ASYMMETRIC_CAPACITY_FRACTION,0.001,26,0.0,0.005,0.004988387130748221,-1.1612869251779318e-05,flat,1.1612869251779318e-05
7,ASYMMETRIC_CAPACITY_FRACTION,0.001,27,0.0,0.005,0.004988387130748221,-1.1612869251779318e-05,flat,1.1612869251779318e-05
7,ASYMMETRIC_CAPACITY_FRACTION,0.001,28,0.0,0.005,0.004988387130748221,-1.1612869251779318e-05,flat,1.1612869251779318e-05
7,ASYMMETRIC_CAPACITY_FRACTION,0.001,29,0.0,0.005,0.004988387130748221,-1.1612869251779318e-05,flat,1.1612869251779318e-05
7,ASYMMETRIC_CAPACITY_FRACTION,0.001,30,0.0,0.005,0.004988387130748221,-1.1612869251779318e-05,flat,1.1612869251779318e-05
7,ASYMMETRIC_CAPACITY_FRACTION,0.001,31,0.0,0.005,0.004988387130748221,-1.1612869251779318e-05,flat,1.1612869251779318e-05
7,ASYMMETRIC_CAPACITY_FRACTION,0.001,32,0.0,0.005,0.004988387130748221,-1.1612869251779318e-05,flat,1.1612869251779318e-05
7,ASYMMETRIC_CAPACITY_FRACTION,0.001,33,0.0,0.005,0.004988387130748221,-1.1612869251779318e-05,flat,1.1612869251779318e-05
7,ASYMMETRIC_CAPACITY_FRACTION,0.001,34,0.0,0.005,0.004988387130748221,-1.1612869251779318e-05,flat,1.1612869251779318e-05
7,ASYMMETRIC_CAPACITY_FRACTION,0.001,36,0.0,0.005,0.004988387130748221,-1.1612869251779318e-05,flat,1.1612869251779318e-05
7,ASYMMETRIC_CAPACITY_FRACTION,0.001,37,0.0,0.005,0.004988387130748221,-1.1612869251779318e-05,flat,1.1612869251779318e-05
7,ASYMMETRIC_CAPACITY_FRACTION,0.001,38,0.0,0.005,0.004988387130748221,-1.1612869251779318e-05,flat,1.1612869251779318e-05
7,ASYMMETRIC_CAPACITY_FRACTION,0.001,39,0.0,0.005,0.004988387130748221,-1.1612869251779318e-05,flat,1.1612869251779318e-05
7,ASYMMETRIC_CAPACITY_FRACTION,0.001,40,0.0,0.005,0.004988387130748221,-1.1612869251779318e-05,flat,1.1612869251779318e-05
7,ASYMMETRIC_CAPACITY_FRACTION,0.001,41,0.0,0.005,0.004988387130748221,-1.1612869251779318e-05,flat,1.1612869251779318e-05
7,ASYMMETRIC_CAPACITY_FRACTION,0.001,42,0.0,0.005,0.004988387130748221,-1.1612869251779318e-05,flat,1.1612869251779318e-05
7,ASYMMETRIC_CAPACITY_FRACTION,0.001,43,0.0,0.005,0.004988387130748221,-1.1612869251779318e-05,flat,1.1612869251779318e-05
7,ASYMMETRIC_CAPACITY_FRACTION,0.001,44,0.0,0.005,0.004988387130748221,-1.1612869251779318e-05,flat,1.1612869251779318e-05
7,ASYMMETRIC_CAPACITY_FRACTION,0.001,45,0.0,0.005,0.004988387130748221,-1.1612869251779318e-05,flat,1.1612869251779318e-05
7,ASYMMETRIC_CAPACITY_FRACTION,0.001,46,0.0,0.005,0.004988387130748221,-1.1612869251779318e-05,flat,1.1612869251779318e-05
7,ASYMMETRIC_CAPACITY_FRACTION,0.001,47,0.0,0.005,0.004988387130748221,-1.1612869251779318e-05,flat,1.1612869251779318e-05
7,ASYMMETRIC_CAPACITY_FRACTION,0.001,48,0.0,0.005,0.004988387130748221,-1.1612869251779318e-05,flat,1.1612869251779318e-05
7,ASYMMETRIC_CAPACITY_FRACTION,0.001,49,0.0,0.005,0.004988387130748221,-1.1612869251779318e-05,flat,1.1612869251779318e-05
7,ASYMMETRIC_CAPACITY_FRACTION,0.001,50,0.0,0.005,0.004988387130748221,-1.1612869251779318e-05,flat,1.1612869251779318e-05
7,ASYMMETRIC_CAPACITY_FRACTION,0.001,51,0.0,0.005,0.004988387130748221,-1.1612869251779318e-05,flat,1.1612869251779318e-05
7,ASYMMETRIC_CAPACITY_FRACTION,0.001,52,0.0,0.005,0.004988387130748221,-1.1612869251779318e-05,flat,1.1612869251779318e-05
7,ASYMMETRIC_CAPACITY_FRACTION,0.001,53,0.0,0.005,0.004988387130748221,-1.1612869251779318e-05,flat,1.1612869251779318e-05
7,ASYMMETRIC_CAPACITY_FRACTION,0.001,54,0.0,0.005,0.004988387130748221,-1.1612869251779318e-05,flat,1.1612869251779318e-05
7,ASYMMETRIC_CAPACITY_FRACTION,0.001,55,0.0,0.005,0.004988387130748221,-1.1612869251779318e-05,flat,1.1612869251779318e-05
7,ASYMMETRIC_CAPACITY_FRACTION,0.001,56,0.0,0.005,0.004988387130748221,-1.1612869251779318e-05,flat,1.1612869251779318e-05
7,ASYMMETRIC_CAPACITY_FRACTION,0.001,57,0.0,0.005,0.004988387130748221,-1.1612869251779318e-05,flat,1.1612869251779318e-05
7,ASYMMETRIC_CAPACITY_FRACTION,0.001,58,0.0,0.005,0.004988387130748221,-1.1612869251779318e-05,flat,1.1612869251779318e-05
7,ASYMMETRIC_CAPACITY_FRACTION,0.001,59,0.0,0.005,0.004988387130748221,-1.1612869251779318e-05,flat,1.1612869251779318e-05
7,ASYMMETRIC_CAPACITY_FRACTION,0.001,60,0.0,0.005,0.004988387130748221,-1.1612869251779318e-05,flat,1.1612869251779318e-05
7,ASYMMETRIC_CAPACITY_FRACTION,0.001,61,0.0,0.005,0.004988387130748221,-1.1612869251779318e-05,flat,1.1612869251779318e-05
7,ASYMMETRIC_CAPACITY_FRACTION,0.001,62,0.0,0.005,0.004988387130748221,-1.1612869251779318e-05,flat,1.1612869251779318e-05
7,ASYMMETRIC_CAPACITY_FRACTION,0.001,63,0.0,0.005,0.004988387130748221,-1.1612869251779318e-05,flat,1.1612869251779318e-05
7,ASYMMETRIC_CAPACITY_FRACTION,0.001,64,0.0,0.005,0.004988387130748221,-1.1612869251779318e-05,flat,1.1612869251779318e-05
7,ASYMMETRIC_CAPACITY_FRACTION,0.001,65,0.0,0.005,0.004988387130748221,-1.1612869251779318e-05,flat,1.1612869251779318e-05
7,ASYMMETRIC_CAPACITY_FRACTION,0.001,66,0.0,0.005,0.004988387130748221,-1.1612869251779318e-05,flat,1.1612869251779318e-05
7,ASYMMETRIC_CAPACITY_FRACTION,0.001,67,0.0,0.005,0.004988387130748221,-1.1612869251779318e-05,flat,1.1612869251779318e-05
7,ASYMMETRIC_CAPACITY_FRACTION,0.001,68,0.0,0.005,0.004988387130748221,-1.1612869251779318e-05,flat,1.1612869251779318e-05
7,ASYMMETRIC_CAPACITY_FRACTION,0.001,69,0.0,0.005,0.004988387130748221,-1.1612869251779318e-05,flat,1.1612869251779318e-05
7,ASYMMETRIC_CAPACITY_FRACTION,0.001,70,0.0,0.005,0.004988387130748221,-1.1612869251779318e-05,flat,1.1612869251779318e-05
7,ASYMMETRIC_CAPACITY_FRACTION,0.001,71,0.0,0.005,0.004988387130748221,-1.1612869251779318e-05,flat,1.1612869251779318e-05
7,ASYMMETRIC_CAPACITY_FRACTION,0.001,72,0.0,0.005,0.004988387130748221,-1.1612869251779318e-05,flat,1.1612869251779318e-05
7,ASYMMETRIC_CAPACITY_FRACTION,0.001,73,0.0,0.005,0.004988387130748221,-1.1612869251779318e-05,flat,1.1612869251779318e-05
7,ASYMMETRIC_CAPACITY_FRACTION,0.001,74,0.0,0.005,0.004988387130748221,-1.1612869251779318e-05,flat,1.1612869251779318e-05
7,ASYMMETRIC_CAPACITY_FRACTION,0.001,75,0.0,0.005,0.004988387130748221,-1.1612869251779318e-05,flat,1.1612869251779318e-05
7,ASYMMETRIC_CAPACITY_FRACTION,0.001,76,0.0,0.005,0.004988387130748221,-1.1612869251779318e-05,flat,1.1612869251779318e-05
7,ASYMMETRIC_CAPACITY_FRACTION,0.001,77,0.0,0.005,0.004988387130748221,-1.1612869251779318e-05,flat,1.1612869251779318e-05
7,ASYMMETRIC_CAPACITY_FRACTION,0.001,78,0.0,0.005,0.004988387130748221,-1.1612869251779318e-05,flat,1.1612869251779318e-05
7,ASYMMETRIC_CAPACITY_FRACTION,0.001,79,0.0,0.005,0.004988387130748221,-1.1612869251779318e-05,flat,1.1612869251779318e-05
7,ASYMMETRIC_CAPACITY_FRACTION,0.001,80,0.0,0.005,0.004988387130748221,-1.1612869251779318e-05,flat,1.1612869251779318e-05
7,ASYMMETRIC_CAPACITY_FRACTION,0.001,81,0.0,0.005,0.004988387130748221,-1.1612869251779318e-05,flat,1.1612869251779318e-05
7,ASYMMETRIC_CAPACITY_FRACTION,0.001,82,0.0,0.005,0.004988387130748221,-1.1612869251779318e-05,flat,1.1612869251779318e-05
7,ASYMMETRIC_CAPACITY_FRACTION,0.001,83,0.0,0.005,0.004988387130748221,-1.1612869251779318e-05,flat,1.1612869251779318e-05
7,ASYMMETRIC_CAPACITY_FRACTION,0.001,84,0.0,0.005,0.004988387130748221,-1.1612869251779318e-05,flat,1.1612869251779318e-05
7,ASYMMETRIC_CAPACITY_FRACTION,0.001,85,0.0,0.005,0.004988387130748221,-1.1612869251779318e-05,flat,1.1612869251779318e-05
7,ASYMMETRIC_CAPACITY_FRACTION,0.001,86,0.0,0.005,0.004988387130748221,-1.1612869251779318e-05,flat,1.1612869251779318e-05
7,ASYMMETRIC_CAPACITY_FRACTION,0.001,87,0.0,0.005,0.004988387130748221,-1.1612869251779318e-05,flat,1.1612869251779318e-05
7,ASYMMETRIC_CAPACITY_FRACTION,0.001,88,0.0,0.005,0.004988387130748221,-1.1612869251779318e-05,flat,1.1612869251779318e-05
7,ASYMMETRIC_CAPACITY_FRACTION,0.001,89,0.0,0.005,0.004988387130748221,-1.1612869251779318e-05,flat,1.1612869251779318e-05
7,ASYMMETRIC_CAPACITY_FRACTION,0.001,90,0.0,0.005,0.004988387130748221,-1.1612869251779318e-05,flat,1.1612869251779318e-05
7,ASYMMETRIC_CAPACITY_FRACTION,0.001,91,0.0,0.005,0.004988387130748221,-1.1612869251779318e-05,flat,1.1612869251779318e-05
7,ASYMMETRIC_CAPACITY_FRACTION,0.001,92,0.0,0.005,0.004988387130748221,-1.1612869251779318e-05,flat,1.1612869251779318e-05
7,ASYMMETRIC_CAPACITY_FRACTION,0.001,93,0.0,0.005,0.004988387130748221,-1.1612869251779318e-05,flat,1.1612869251779318e-05
7,ASYMMETRIC_CAPACITY_FRACTION,0.001,94,0.0,0.005,0.004988387130748221,-1.1612869251779318e-05,flat,1.1612869251779318e-05
7,ASYMMETRIC_CAPACITY_FRACTION,0.001,95,0.0,0.005,0.004988387130748221,-1.1612869251779318e-05,flat,1.1612869251779318e-05
7,ASYMMETRIC_CAPACITY_FRACTION,0.001,96,0.0,0.005,0.004988387130748221,-1.1612869251779318e-05,flat,1.1612869251779318e-05
7,ASYMMETRIC_CAPACITY_FRACTION,0.001,97,0.0,0.005,0.004988387130748221,-1.1612869251779318e-05,flat,1.1612869251779318e-05
7,ASYMMETRIC_CAPACITY_FRACTION,0.001,98,0.0,0.005,0.004988387130748221,-1.1612869251779318e-05,flat,1.1612869251779318e-05
7,ASYMMETRIC_CAPACITY_FRACTION,0.001,99,0.0,0.005,0.004988387130748221,-1.1612869251779318e-05,flat,1.1612869251779318e-05
7,ASYMMETRIC_CAPACITY_FRACTION,0.001,100,0.0,0.005,0.004988387130748221,-1.1612869251779318e-05,flat,1.1612869251779318e-05
7,ASYMMETRIC_CAPACITY_FRACTION,0.001,101,0.0,0.005,0.004988387130748221,-1.1612869251779318e-05,flat,1.1612869251779318e-05
7,ASYMMETRIC_CAPACITY_FRACTION,0.001,102,0.0,0.005,0.004988387130748221,-1.1612869251779318e-05,flat,1.1612869251779318e-05
7,ASYMMETRIC_CAPACITY_FRACTION,0.001,103,0.0,0.005,0.004988387130748221,-1.1612869251779318e-05,flat,1.1612869251779318e-05
7,ASYMMETRIC_CAPACITY_FRACTION,0.001,104,0.0,0.005,0.004988387130748221,-1.1612869251779318e-05,flat,1.1612869251779318e-05
7,ASYMMETRIC_CAPACITY_FRACTION,0.001,105,0.0,0.005,0.004988387130748221,-1.1612869251779318e-05,flat,1.1612869251779318e-05
7,ASYMMETRIC_CAPACITY_FRACTION,0.001,106,0.0,0.005,0.004988387130748221,-1.1612869251779318e-05,flat,1.1612869251779318e-05
7,ASYMMETRIC_CAPACITY_FRACTION,0.001,107,0.0,0.005,0.004988387130748221,-1.1612869251779318e-05,flat,1.1612869251779318e-05
7,ASYMMETRIC_CAPACITY_FRACTION,0.001,108,0.0,0.005,0.004988387130748221,-1.1612869251779318e-05,flat,1.1612869251779318e-05
7,ASYMMETRIC_CAPACITY_FRACTION,0.001,109,0.0,0.005,0.004988387130748221,-1.1612869251779318e-05,flat,1.1612869251779318e-05
7,ASYMMETRIC_CAPACITY_FRACTION,0.001,110,0.0,0.005,0.004988387130748221,-1.1612869251779318e-05,flat,1.1612869251779318e-05
7,ASYMMETRIC_CAPACITY_FRACTION,0.001,111,0.0,0.005,0.004988387130748221,-1.1612869251779318e-05,flat,1.1612869251779318e-05
7,ASYMMETRIC_CAPACITY_FRACTION,0.001,112,0.0,0.005,0.004988387130748221,-1.1612869251779318e-05,flat,1.1612869251779318e-05
7,ASYMMETRIC_CAPACITY_FRACTION,0.001,113,0.0,0.005,0.004988387130748221,-1.1612869251779318e-05,flat,1.1612869251779318e-05
7,ASYMMETRIC_CAPACITY_FRACTION,0.001,114,0.0,0.005,0.004988387130748221,-1.1612869251779318e-05,flat,1.1612869251779318e-05
7,ASYMMETRIC_CAPACITY_FRACTION,0.001,115,0.0,0.005,0.004988387130748221,-1.1612869251779318e-05,flat,1.1612869251779318e-05
7,ASYMMETRIC_CAPACITY_FRACTION,0.001,116,0.0,0.005,0.004988387130748221,-1.1612869251779318e-05,flat,1.1612869251779318e-05
7,ASYMMETRIC_CAPACITY_FRACTION,0.001,117,0.0,0.005,0.004988387130748221,-1.1612869251779318e-05,flat,1.1612869251779318e-05
7,ASYMMETRIC_CAPACITY_FRACTION,0.001,118,0.0,0.005,0.004988387130748221,-1.1612869251779318e-05,flat,1.1612869251779318e-05
7,ASYMMETRIC_CAPACITY_FRACTION,0.001,119,0.0,0.005,0.004988387130748221,-1.1612869251779318e-05,flat,1.1612869251779318e-05
7,ASYMMETRIC_CAPACITY_FRACTION,0.001,120,0.0,0.005,0.004988387130748221,-1.1612869251779318e-05,flat,1.1612869251779318e-05
7,ASYMMETRIC_CAPACITY_FRACTION,0.001,121,0.0,0.005,0.004988387130748221,-1.1612869251779318e-05,flat,1.1612869251779318e-05
7,ASYMMETRIC_CAPACITY_FRACTION,0.001,122,0.0,0.005,0.004988387130748221,-1.1612869251779318e-05,flat,1.1612869251779318e-05
7,ASYMMETRIC_CAPACITY_FRACTION,0.001,123,0.0,0.005,0.004988387130748221,-1.1612869251779318e-05,flat,1.1612869251779318e-05
7,ASYMMETRIC_CAPACITY_FRACTION,0.001,124,0.0,0.005,0.004988387130748221,-1.1612869251779318e-05,flat,1.1612869251779318e-05
7,ASYMMETRIC_CAPACITY_FRACTION,0.001,125,0.0,0.005,0.004988387130748221,-1.1612869251779318e-05,flat,1.1612869251779318e-05
7,ASYMMETRIC_CAPACITY_FRACTION,0.001,126,0.0,0.005,0.004988387130748221,-1.1612869251779318e-05,flat,1.1612869251779318e-05
7,ASYMMETRIC_CAPACITY_FRACTION,0.001,127,0.0,0.005,0.004988387130748221,-1.1612869251779318e-05,flat,1.1612869251779318e-05
7,ASYMMETRIC_CAPACITY_FRACTION,0.001,128,0.0,0.005,0.004988387130748221,-1.1612869251779318e-05,flat,1.1612869251779318e-05
7,ASYMMETRIC_CAPACITY_FRACTION,0.001,129,0.0,0.005,0.004988387130748221,-1.1612869251779318e-05,flat,1.1612869251779318e-05
7,ASYMMETRIC_CAPACITY_FRACTION,0.001,130,0.0,0.005,0.004988387130748221,-1.1612869251779318e-05,flat,1.1612869251779318e-05
7,ASYMMETRIC_CAPACITY_FRACTION,0.001,131,0.0,0.005,0.004988387130748221,-1.1612869251779318e-05,flat,1.1612869251779318e-05
7,ASYMMETRIC_CAPACITY_FRACTION,0.001,132,0.0,0.005,0.004988387130748221,-1.1612869251779318e-05,flat,1.1612869251779318e-05
7,ASYMMETRIC_CAPACITY_FRACTION,0.001,133,0.0,0.005,0.004988387130748221,-1.1612869251779318e-05,flat,1.1612869251779318e-05
7,ASYMMETRIC_CAPACITY_FRACTION,0.001,134,0.0,0.005,0.004988387130748221,-1.1612869251779318e-05,flat,1.1612869251779318e-05
7,ASYMMETRIC_CAPACITY_FRACTION,0.001,135,0.0,0.005,0.004988387130748221,-1.1612869251779318e-05,flat,1.1612869251779318e-05
7,ASYMMETRIC_CAPACITY_FRACTION,0.001,136,0.0,0.005,0.004988387130748221,-1.1612869251779318e-05,flat,1.1612869251779318e-05
7,ASYMMETRIC_CAPACITY_FRACTION,0.001,137,0.0,0.005,0.004988387130748221,-1.1612869251779318e-05,flat,1.1612869251779318e-05
7,ASYMMETRIC_CAPACITY_FRACTION,0.001,138,0.0,0.005,0.004988387130748221,-1.1612869251779318e-05,flat,1.1612869251779318e-05
7,ASYMMETRIC_CAPACITY_FRACTION,0.001,139,0.0,0.005,0.004988387130748221,-1.1612869251779318e-05,flat,1.1612869251779318e-05
7,ASYMMETRIC_CAPACITY_FRACTION,0.001,140,0.0,0.005,0.004988387130748221,-1.1612869251779318e-05,flat,1.1612869251779318e-05
7,ASYMMETRIC_CAPACITY_FRACTION,0.001,141,0.0,0.005,0.004988387130748221,-1.1612869251779318e-05,flat,1.1612869251779318e-05
7,ASYMMETRIC_CAPACITY_FRACTION,0.001,142,0.0,0.005,0.004988387130748221,-1.1612869251779318e-05,flat,1.1612869251779318e-05
7,ASYMMETRIC_CAPACITY_FRACTION,0.001,143,0.0,0.005,0.004988387130748221,-1.1612869251779318e-05,flat,1.1612869251779318e-05
7,ASYMMETRIC_CAPACITY_FRACTION,0.001,144,0.0,0.005,0.004988387130748221,-1.1612869251779318e-05,flat,1.1612869251779318e-05
7,ASYMMETRIC_CAPACITY_FRACTION,0.001,145,0.0,0.005,0.004988387130748221,-1.1612869251779318e-05,flat,1.1612869251779318e-05
7,ASYMMETRIC_CAPACITY_FRACTION,0.001,146,0.0,0.005,0.004988387130748221,-1.1612869251779318e-05,flat,1.1612869251779318e-05
7,ASYMMETRIC_CAPACITY_FRACTION,0.001,147,0.0,0.005,0.004988387130748221,-1.1612869251779318e-05,flat,1.1612869251779318e-05
7,ASYMMETRIC_CAPACITY_FRACTION,0.001,148,0.0,0.005,0.004988387130748221,-1.1612869251779318e-05,flat,1.1612869251779318e-05
7,ASYMMETRIC_CAPACITY_FRACTION,0.001,149,0.0,0.005,0.004988387130748221,-1.1612869251779318e-05,flat,1.1612869251779318e-05
7,ASYMMETRIC_CAPACITY_FRACTION,0.001,150,0.0,0.005,0.004988387130748221,-1.1612869251779318e-05,flat,1.1612869251779318e-05
7,ASYMMETRIC_CAPACITY_FRACTION,0.001,151,0.0,0.005,0.004988387130748221,-1.1612869251779318e-05,flat,1.1612869251779318e-05
7,ASYMMETRIC_CAPACITY_FRACTION,0.001,152,0.0,0.005,0.004988387130748221,-1.1612869251779318e-05,flat,1.1612869251779318e-05
7,ASYMMETRIC_CAPACITY_FRACTION,0.001,153,0.0,0.005,0.004988387130748221,-1.1612869251779318e-05,flat,1.1612869251779318e-05
7,ASYMMETRIC_CAPACITY_FRACTION,0.001,154,0.0,0.005,0.004988387130748221,-1.1612869251779318e-05,flat,1.1612869251779318e-05
7,ASYMMETRIC_CAPACITY_FRACTION,0.001,156,0.0,0.005,0.004988387130748221,-1.1612869251779318e-05,flat,1.1612869251779318e-05
7,ASYMMETRIC_CAPACITY_FRACTION,0.001,157,0.0,0.005,0.004988387130748221,-1.1612869251779318e-05,flat,1.1612869251779318e-05
7,ASYMMETRIC_CAPACITY_FRACTION,0.001,158,0.0,0.005,0.004988387130748221,-1.1612869251779318e-05,flat,1.1612869251779318e-05
7,ASYMMETRIC_CAPACITY_FRACTION,0.001,159,0.0,0.005,0.004988387130748221,-1.1612869251779318e-05,flat,1.1612869251779318e-05
7,ASYMMETRIC_CAPACITY_FRACTION,0.001,160,0.0,0.005,0.004988387130748221,-1.1612869251779318e-05,flat,1.1612869251779318e-05
7,ASYMMETRIC_CAPACITY_FRACTION,0.001,161,0.0,0.005,0.004988387130748221,-1.1612869251779318e-05,flat,1.1612869251779318e-05
7,ASYMMETRIC_CAPACITY_FRACTION,0.001,162,0.0,0.005,0.004988387130748221,-1.1612869251779318e-05,flat,1.1612869251779318e-05
7,ASYMMETRIC_CAPACITY_FRACTION,0.001,163,0.0,0.005,0.004988387130748221,-1.1612869251779318e-05,flat,1.1612869251779318e-05
7,ASYMMETRIC_CAPACITY_FRACTION,0.001,164,0.0,0.005,0.004988387130748221,-1.1612869251779318e-05,flat,1.1612869251779318e-05
7,ASYMMETRIC_CAPACITY_FRACTION,0.001,165,0.0,0.005,0.004988387130748221,-1.1612869251779318e-05,flat,1.1612869251779318e-05
7,ASYMMETRIC_CAPACITY_FRACTION,0.001,166,0.0,0.005,0.004988387130748221,-1.1612869251779318e-05,flat,1.1612869251779318e-05
7,ASYMMETRIC_CAPACITY_FRACTION,0.001,167,0.0,0.005,0.004988387130748221,-1.1612869251779318e-05,flat,1.1612869251779318e-05
7,ASYMMETRIC_CAPACITY_FRACTION,0.001,168,0.0,0.005,0.004988387130748221,-1.1612869251779318e-05,flat,1.1612869251779318e-05
7,ASYMMETRIC_CAPACITY_FRACTION,0.001,169,0.0,0.005,0.004988387130748221,-1.1612869251779318e-05,flat,1.1612869251779318e-05
7,ASYMMETRIC_CAPACITY_FRACTION,0.001,170,0.0,0.005,0.004988387130748221,-1.1612869251779318e-05,flat,1.1612869251779318e-05
7,ASYMMETRIC_CAPACITY_FRACTION,0.001,171,0.0,0.005,0.004988387130748221,-1.1612869251779318e-05,flat,1.1612869251779318e-05
7,ASYMMETRIC_CAPACITY_FRACTION,0.001,172,0.0,0.005,0.004988387130748221,-1.1612869251779318e-05,flat,1.1612869251779318e-05
7,ASYMMETRIC_CAPACITY_FRACTION,0.001,173,0.0,0.005,0.004988387130748221,-1.1612869251779318e-05,flat,1.1612869251779318e-05
7,ASYMMETRIC_CAPACITY_FRACTION,0.001,174,0.0,0.005,0.004988387130748221,-1.1612869251779318e-05,flat,1.1612869251779318e-05
7,ASYMMETRIC_CAPACITY_FRACTION,0.001,175,0.0,0.005,0.004988387130748221,-1.1612869251779318e-05,flat,1.1612869251779318e-05
7,ASYMMETRIC_CAPACITY_FRACTION,0.001,176,0.0,0.005,0.004988387130748221,-1.1612869251779318e-05,flat,1.1612869251779318e-05
7,ASYMMETRIC_CAPACITY_FRACTION,0.001,177,0.0,0.005,0.004988387130748221,-1.1612869251779318e-05,flat,1.1612869251779318e-05
7,ASYMMETRIC_CAPACITY_FRACTION,0.001,178,0.0,0.005,0.004988387130748221,-1.1612869251779318e-05,flat,1.1612869251779318e-05
7,ASYMMETRIC_CAPACITY_FRACTION,0.001,179,0.0,0.005,0.004988387130748221,-1.1612869251779318e-05,flat,1.1612869251779318e-05
7,ASYMMETRIC_CAPACITY_FRACTION,0.001,180,0.0,0.005,0.004988387130748221,-1.1612869251779318e-05,flat,1.1612869251779318e-05
7,ASYMMETRIC_CAPACITY_FRACTION,0.001,181,0.0,0.005,0.004988387130748221,-1.1612869251779318e-05,flat,1.1612869251779318e-05
7,ASYMMETRIC_CAPACITY_FRACTION,0.001,182,0.0,0.005,0.004988387130748221,-1.1612869251779318e-05,flat,1.1612869251779318e-05
7,ASYMMETRIC_CAPACITY_FRACTION,0.001,183,0.0,0.005,0.004988387130748221,-1.1612869251779318e-05,flat,1.1612869251779318e-05
7,ASYMMETRIC_CAPACITY_FRACTION,0.001,184,0.0,0.005,0.004988387130748221,-1.1612869251779318e-05,flat,1.1612869251779318e-05
7,ASYMMETRIC_CAPACITY_FRACTION,0.001,185,0.0,0.005,0.004988387130748221,-1.1612869251779318e-05,flat,1.1612869251779318e-05
7,ASYMMETRIC_CAPACITY_FRACTION,0.001,186,0.0,0.005,0.004988387130748221,-1.1612869251779318e-05,flat,1.1612869251779318e-05
7,ASYMMETRIC_CAPACITY_FRACTION,0.001,187,0.0,0.005,0.004988387130748221,-1.1612869251779318e-05,flat,1.1612869251779318e-05
7,ASYMMETRIC_CAPACITY_FRACTION,0.001,188,0.0,0.005,0.004988387130748221,-1.1612869251779318e-05,flat,1.1612869251779318e-05
7,ASYMMETRIC_CAPACITY_FRACTION,0.001,189,0.0,0.005,0.004988387130748221,-1.1612869251779318e-05,flat,1.1612869251779318e-05
7,ASYMMETRIC_CAPACITY_FRACTION,0.001,190,0.0,0.005,0.004988387130748221,-1.1612869251779318e-05,flat,1.1612869251779318e-05
7,ASYMMETRIC_CAPACITY_FRACTION,0.001,191,0.0,0.005,0.004988387130748221,-1.1612869251779318e-05,flat,1.1612869251779318e-05
7,ASYMMETRIC_CAPACITY_FRACTION,0.001,192,0.0,0.005,0.004988387130748221,-1.1612869251779318e-05,flat,1.1612869251779318e-05
7,ASYMMETRIC_CAPACITY_FRACTION,0.001,193,0.0,0.005,0.004988387130748221,-1.1612869251779318e-05,flat,1.1612869251779318e-05
7,ASYMMETRIC_CAPACITY_FRACTION,0.001,194,0.0,0.005,0.004988387130748221,-1.1612869251779318e-05,flat,1.1612869251779318e-05
7,ASYMMETRIC_CAPACITY_FRACTION,0.001,195,0.0,0.005,0.004988387130748221,-1.1612869251779318e-05,flat,1.1612869251779318e-05
7,ASYMMETRIC_CAPACITY_FRACTION,0.001,196,0.0,0.005,0.004988387130748221,-1.1612869251779318e-05,flat,1.1612869251779318e-05
7,ASYMMETRIC_CAPACITY_FRACTION,0.001,197,0.0,0.005,0.004988387130748221,-1.1612869251779318e-05,flat,1.1612869251779318e-05
7,ASYMMETRIC_CAPACITY_FRACTION,0.001,198,0.0,0.005,0.004988387130748221,-1.1612869251779318e-05,flat,1.1612869251779318e-05
7,ASYMMETRIC_CAPACITY_FRACTION,0.001,199,0.0,0.005,0.004988387130748221,-1.1612869251779318e-05,flat,1.1612869251779318e-05
7,ASYMMETRIC_CAPACITY_FRACTION,0.001,200,0.0,0.005,0.004988387130748221,-1.1612869251779318e-05,flat,1.1612869251779318e-05
7,ASYMMETRIC_CAPACITY_FRACTION,0.01,155,23478.7738810103,0.005,0.012048649600618827,0.007048649600618827,flat,0.007048649600618827
7,ASYMMETRIC_CAPACITY_FRACTION,0.01,35,859.078049623756,0.005,0.005222527566440137,0.00022252756644013712,flat,0.00022252756644013712
7,ASYMMETRIC_CAPACITY_FRACTION,0.01,1,0.0,0.005,0.004963276882994651,-3.6723117005348777e-05,flat,3.6723117005348777e-05
7,ASYMMETRIC_CAPACITY_FRACTION,0.01,2,0.0,0.005,0.004963276882994651,-3.6723117005348777e-05,flat,3.6723117005348777e-05
7,ASYMMETRIC_CAPACITY_FRACTION,0.01,3,0.0,0.005,0.004963276882994651,-3.6723117005348777e-05,flat,3.6723117005348777e-05
7,ASYMMETRIC_CAPACITY_FRACTION,0.01,4,0.0,0.005,0.004963276882994651,-3.6723117005348777e-05,flat,3.6723117005348777e-05
7,ASYMMETRIC_CAPACITY_FRACTION,0.01,5,0.0,0.005,0.004963276882994651,-3.6723117005348777e-05,flat,3.6723117005348777e-05
7,ASYMMETRIC_CAPACITY_FRACTION,0.01,6,0.0,0.005,0.004963276882994651,-3.6723117005348777e-05,flat,3.6723117005348777e-05
7,ASYMMETRIC_CAPACITY_FRACTION,0.01,7,0.0,0.005,0.004963276882994651,-3.6723117005348777e-05,flat,3.6723117005348777e-05
7,ASYMMETRIC_CAPACITY_FRACTION,0.01,8,0.0,0.005,0.004963276882994651,-3.6723117005348777e-05,flat,3.6723117005348777e-05
7,ASYMMETRIC_CAPACITY_FRACTION,0.01,9,0.0,0.005,0.004963276882994651,-3.6723117005348777e-05,flat,3.6723117005348777e-05
7,ASYMMETRIC_CAPACITY_FRACTION,0.01,10,0.0,0.005,0.004963276882994651,-3.6723117005348777e-05,flat,3.6723117005348777e-05
7,ASYMMETRIC_CAPACITY_FRACTION,0.01,11,0.0,0.005,0.004963276882994651,-3.6723117005348777e-05,flat,3.6723117005348777e-05
7,ASYMMETRIC_CAPACITY_FRACTION,0.01,12,0.0,0.005,0.004963276882994651,-3.6723117005348777e-05,flat,3.6723117005348777e-05
7,ASYMMETRIC_CAPACITY_FRACTION,0.01,13,0.0,0.005,0.004963276882994651,-3.6723117005348777e-05,flat,3.6723117005348777e-05
7,ASYMMETRIC_CAPACITY_FRACTION,0.01,14,0.0,0.005,0.004963276882994651,-3.6723117005348777e-05,flat,3.6723117005348777e-05
7,ASYMMETRIC_CAPACITY_FRACTION,0.01,15,0.0,0.005,0.004963276882994651,-3.6723117005348777e-05,flat,3.6723117005348777e-05
7,ASYMMETRIC_CAPACITY_FRACTION,0.01,16,0.0,0.005,0.004963276882994651,-3.6723117005348777e-05,flat,3.6723117005348777e-05
7,ASYMMETRIC_CAPACITY_FRACTION,0.01,17,0.0,0.005,0.004963276882994651,-3.6723117005348777e-05,flat,3.6723117005348777e-05
7,ASYMMETRIC_CAPACITY_FRACTION,0.01,18,0.0,0.005,0.004963276882994651,-3.6723117005348777e-05,flat,3.6723117005348777e-05
7,ASYMMETRIC_CAPACITY_FRACTION,0.01,19,0.0,0.005,0.004963276882994651,-3.6723117005348777e-05,flat,3.6723117005348777e-05
7,ASYMMETRIC_CAPACITY_FRACTION,0.01,20,0.0,0.005,0.004963276882994651,-3.6723117005348777e-05,flat,3.6723117005348777e-05
7,ASYMMETRIC_CAPACITY_FRACTION,0.01,21,0.0,0.005,0.004963276882994651,-3.6723117005348777e-05,flat,3.6723117005348777e-05
7,ASYMMETRIC_CAPACITY_FRACTION,0.01,22,0.0,0.005,0.004963276882994651,-3.6723117005348777e-05,flat,3.6723117005348777e-05
7,ASYMMETRIC_CAPACITY_FRACTION,0.01,23,0.0,0.005,0.004963276882994651,-3.6723117005348777e-05,flat,3.6723117005348777e-05
7,ASYMMETRIC_CAPACITY_FRACTION,0.01,24,0.0,0.005,0.004963276882994651,-3.6723117005348777e-05,flat,3.6723117005348777e-05
7,ASYMMETRIC_CAPACITY_FRACTION,0.01,25,0.0,0.005,0.004963276882994651,-3.6723117005348777e-05,flat,3.6723117005348777e-05
7,ASYMMETRIC_CAPACITY_FRACTION,0.01,26,0.0,0.005,0.004963276882994651,-3.6723117005348777e-05,flat,3.6723117005348777e-05
7,ASYMMETRIC_CAPACITY_FRACTION,0.01,27,0.0,0.005,0.004963276882994651,-3.6723117005348777e-05,flat,3.6723117005348777e-05
7,ASYMMETRIC_CAPACITY_FRACTION,0.01,28,0.0,0.005,0.004963276882994651,-3.6723117005348777e-05,flat,3.6723117005348777e-05
7,ASYMMETRIC_CAPACITY_FRACTION,0.01,29,0.0,0.005,0.004963276882994651,-3.6723117005348777e-05,flat,3.6723117005348777e-05
7,ASYMMETRIC_CAPACITY_FRACTION,0.01,30,0.0,0.005,0.004963276882994651,-3.6723117005348777e-05,flat,3.6723117005348777e-05
7,ASYMMETRIC_CAPACITY_FRACTION,0.01,31,0.0,0.005,0.004963276882994651,-3.6723117005348777e-05,flat,3.6723117005348777e-05
7,ASYMMETRIC_CAPACITY_FRACTION,0.01,32,0.0,0.005,0.004963276882994651,-3.6723117005348777e-05,flat,3.6723117005348777e-05
7,ASYMMETRIC_CAPACITY_FRACTION,0.01,33,0.0,0.005,0.004963276882994651,-3.6723117005348777e-05,flat,3.6723117005348777e-05
7,ASYMMETRIC_CAPACITY_FRACTION,0.01,34,0.0,0.005,0.004963276882994651,-3.6723117005348777e-05,flat,3.6723117005348777e-05
7,ASYMMETRIC_CAPACITY_FRACTION,0.01,36,0.0,0.005,0.004963276882994651,-3.6723117005348777e-05,flat,3.6723117005348777e-05
7,ASYMMETRIC_CAPACITY_FRACTION,0.01,37,0.0,0.005,0.004963276882994651,-3.6723117005348777e-05,flat,3.6723117005348777e-05
7,ASYMMETRIC_CAPACITY_FRACTION,0.01,38,0.0,0.005,0.004963276882994651,-3.6723117005348777e-05,flat,3.6723117005348777e-05
7,ASYMMETRIC_CAPACITY_FRACTION,0.01,39,0.0,0.005,0.004963276882994651,-3.6723117005348777e-05,flat,3.6723117005348777e-05
7,ASYMMETRIC_CAPACITY_FRACTION,0.01,40,0.0,0.005,0.004963276882994651,-3.6723117005348777e-05,flat,3.6723117005348777e-05
7,ASYMMETRIC_CAPACITY_FRACTION,0.01,41,0.0,0.005,0.004963276882994651,-3.6723117005348777e-05,flat,3.6723117005348777e-05
7,ASYMMETRIC_CAPACITY_FRACTION,0.01,42,0.0,0.005,0.004963276882994651,-3.6723117005348777e-05,flat,3.6723117005348777e-05
7,ASYMMETRIC_CAPACITY_FRACTION,0.01,43,0.0,0.005,0.004963276882994651,-3.6723117005348777e-05,flat,3.6723117005348777e-05
7,ASYMMETRIC_CAPACITY_FRACTION,0.01,44,0.0,0.005,0.004963276882994651,-3.6723117005348777e-05,flat,3.6723117005348777e-05
7,ASYMMETRIC_CAPACITY_FRACTION,0.01,45,0.0,0.005,0.004963276882994651,-3.6723117005348777e-05,flat,3.6723117005348777e-05
7,ASYMMETRIC_CAPACITY_FRACTION,0.01,46,0.0,0.005,0.004963276882994651,-3.6723117005348777e-05,flat,3.6723117005348777e-05
7,ASYMMETRIC_CAPACITY_FRACTION,0.01,47,0.0,0.005,0.004963276882994651,-3.6723117005348777e-05,flat,3.6723117005348777e-05
7,ASYMMETRIC_CAPACITY_FRACTION,0.01,48,0.0,0.005,0.004963276882994651,-3.6723117005348777e-05,flat,3.6723117005348777e-05
7,ASYMMETRIC_CAPACITY_FRACTION,0.01,49,0.0,0.005,0.004963276882994651,-3.6723117005348777e-05,flat,3.6723117005348777e-05
7,ASYMMETRIC_CAPACITY_FRACTION,0.01,50,0.0,0.005,0.004963276882994651,-3.6723117005348777e-05,flat,3.6723117005348777e-05
7,ASYMMETRIC_CAPACITY_FRACTION,0.01,51,0.0,0.005,0.004963276882994651,-3.6723117005348777e-05,flat,3.6723117005348777e-05
7,ASYMMETRIC_CAPACITY_FRACTION,0.01,52,0.0,0.005,0.004963276882994651,-3.6723117005348777e-05,flat,3.6723117005348777e-05
7,ASYMMETRIC_CAPACITY_FRACTION,0.01,53,0.0,0.005,0.004963276882994651,-3.6723117005348777e-05,flat,3.6723117005348777e-05
7,ASYMMETRIC_CAPACITY_FRACTION,0.01,54,0.0,0.005,0.004963276882994651,-3.6723117005348777e-05,flat,3.6723117005348777e-05
7,ASYMMETRIC_CAPACITY_FRACTION,0.01,55,0.0,0.005,0.004963276882994651,-3.6723117005348777e-05,flat,3.6723117005348777e-05
7,ASYMMETRIC_CAPACITY_FRACTION,0.01,56,0.0,0.005,0.004963276882994651,-3.6723117005348777e-05,flat,3.6723117005348777e-05
7,ASYMMETRIC_CAPACITY_FRACTION,0.01,57,0.0,0.005,0.004963276882994651,-3.6723117005348777e-05,flat,3.6723117005348777e-05
7,ASYMMETRIC_CAPACITY_FRACTION,0.01,58,0.0,0.005,0.004963276882994651,-3.6723117005348777e-05,flat,3.6723117005348777e-05
7,ASYMMETRIC_CAPACITY_FRACTION,0.01,59,0.0,0.005,0.004963276882994651,-3.6723117005348777e-05,flat,3.6723117005348777e-05
7,ASYMMETRIC_CAPACITY_FRACTION,0.01,60,0.0,0.005,0.004963276882994651,-3.6723117005348777e-05,flat,3.6723117005348777e-05
7,ASYMMETRIC_CAPACITY_FRACTION,0.01,61,0.0,0.005,0.004963276882994651,-3.6723117005348777e-05,flat,3.6723117005348777e-05
7,ASYMMETRIC_CAPACITY_FRACTION,0.01,62,0.0,0.005,0.004963276882994651,-3.6723117005348777e-05,flat,3.6723117005348777e-05
7,ASYMMETRIC_CAPACITY_FRACTION,0.01,63,0.0,0.005,0.004963276882994651,-3.6723117005348777e-05,flat,3.6723117005348777e-05
7,ASYMMETRIC_CAPACITY_FRACTION,0.01,64,0.0,0.005,0.004963276882994651,-3.6723117005348777e-05,flat,3.6723117005348777e-05
7,ASYMMETRIC_CAPACITY_FRACTION,0.01,65,0.0,0.005,0.004963276882994651,-3.6723117005348777e-05,flat,3.6723117005348777e-05
7,ASYMMETRIC_CAPACITY_FRACTION,0.01,66,0.0,0.005,0.004963276882994651,-3.6723117005348777e-05,flat,3.6723117005348777e-05
7,ASYMMETRIC_CAPACITY_FRACTION,0.01,67,0.0,0.005,0.004963276882994651,-3.6723117005348777e-05,flat,3.6723117005348777e-05
7,ASYMMETRIC_CAPACITY_FRACTION,0.01,68,0.0,0.005,0.004963276882994651,-3.6723117005348777e-05,flat,3.6723117005348777e-05
7,ASYMMETRIC_CAPACITY_FRACTION,0.01,69,0.0,0.005,0.004963276882994651,-3.6723117005348777e-05,flat,3.6723117005348777e-05
7,ASYMMETRIC_CAPACITY_FRACTION,0.01,70,0.0,0.005,0.004963276882994651,-3.6723117005348777e-05,flat,3.6723117005348777e-05
7,ASYMMETRIC_CAPACITY_FRACTION,0.01,71,0.0,0.005,0.004963276882994651,-3.6723117005348777e-05,flat,3.6723117005348777e-05
7,ASYMMETRIC_CAPACITY_FRACTION,0.01,72,0.0,0.005,0.004963276882994651,-3.6723117005348777e-05,flat,3.6723117005348777e-05
7,ASYMMETRIC_CAPACITY_FRACTION,0.01,73,0.0,0.005,0.004963276882994651,-3.6723117005348777e-05,flat,3.6723117005348777e-05
7,ASYMMETRIC_CAPACITY_FRACTION,0.01,74,0.0,0.005,0.004963276882994651,-3.6723117005348777e-05,flat,3.6723117005348777e-05
7,ASYMMETRIC_CAPACITY_FRACTION,0.01,75,0.0,0.005,0.004963276882994651,-3.6723117005348777e-05,flat,3.6723117005348777e-05
7,ASYMMETRIC_CAPACITY_FRACTION,0.01,76,0.0,0.005,0.004963276882994651,-3.6723117005348777e-05,flat,3.6723117005348777e-05
7,ASYMMETRIC_CAPACITY_FRACTION,0.01,77,0.0,0.005,0.004963276882994651,-3.6723117005348777e-05,flat,3.6723117005348777e-05
7,ASYMMETRIC_CAPACITY_FRACTION,0.01,78,0.0,0.005,0.004963276882994651,-3.6723117005348777e-05,flat,3.6723117005348777e-05
7,ASYMMETRIC_CAPACITY_FRACTION,0.01,79,0.0,0.005,0.004963276882994651,-3.6723117005348777e-05,flat,3.6723117005348777e-05
7,ASYMMETRIC_CAPACITY_FRACTION,0.01,80,0.0,0.005,0.004963276882994651,-3.6723117005348777e-05,flat,3.6723117005348777e-05
7,ASYMMETRIC_CAPACITY_FRACTION,0.01,81,0.0,0.005,0.004963276882994651,-3.6723117005348777e-05,flat,3.6723117005348777e-05
7,ASYMMETRIC_CAPACITY_FRACTION,0.01,82,0.0,0.005,0.004963276882994651,-3.6723117005348777e-05,flat,3.6723117005348777e-05
7,ASYMMETRIC_CAPACITY_FRACTION,0.01,83,0.0,0.005,0.004963276882994651,-3.6723117005348777e-05,flat,3.6723117005348777e-05
7,ASYMMETRIC_CAPACITY_FRACTION,0.01,84,0.0,0.005,0.004963276882994651,-3.6723117005348777e-05,flat,3.6723117005348777e-05
7,ASYMMETRIC_CAPACITY_FRACTION,0.01,85,0.0,0.005,0.004963276882994651,-3.6723117005348777e-05,flat,3.6723117005348777e-05
7,ASYMMETRIC_CAPACITY_FRACTION,0.01,86,0.0,0.005,0.004963276882994651,-3.6723117005348777e-05,flat,3.6723117005348777e-05
7,ASYMMETRIC_CAPACITY_FRACTION,0.01,87,0.0,0.005,0.004963276882994651,-3.6723117005348777e-05,flat,3.6723117005348777e-05
7,ASYMMETRIC_CAPACITY_FRACTION,0.01,88,0.0,0.005,0.004963276882994651,-3.6723117005348777e-05,flat,3.6723117005348777e-05
7,ASYMMETRIC_CAPACITY_FRACTION,0.01,89,0.0,0.005,0.004963276882994651,-3.6723117005348777e-05,flat,3.6723117005348777e-05
7,ASYMMETRIC_CAPACITY_FRACTION,0.01,90,0.0,0.005,0.004963276882994651,-3.6723117005348777e-05,flat,3.6723117005348777e-05
7,ASYMMETRIC_CAPACITY_FRACTION,0.01,91,0.0,0.005,0.004963276882994651,-3.6723117005348777e-05,flat,3.6723117005348777e-05
7,ASYMMETRIC_CAPACITY_FRACTION,0.01,92,0.0,0.005,0.004963276882994651,-3.6723117005348777e-05,flat,3.6723117005348777e-05
7,ASYMMETRIC_CAPACITY_FRACTION,0.01,93,0.0,0.005,0.004963276882994651,-3.6723117005348777e-05,flat,3.6723117005348777e-05
7,ASYMMETRIC_CAPACITY_FRACTION,0.01,94,0.0,0.005,0.004963276882994651,-3.6723117005348777e-05,flat,3.6723117005348777e-05
7,ASYMMETRIC_CAPACITY_FRACTION,0.01,95,0.0,0.005,0.004963276882994651,-3.6723117005348777e-05,flat,3.6723117005348777e-05
7,ASYMMETRIC_CAPACITY_FRACTION,0.01,96,0.0,0.005,0.004963276882994651,-3.6723117005348777e-05,flat,3.6723117005348777e-05
7,ASYMMETRIC_CAPACITY_FRACTION,0.01,97,0.0,0.005,0.004963276882994651,-3.6723117005348777e-05,flat,3.6723117005348777e-05
7,ASYMMETRIC_CAPACITY_FRACTION,0.01,98,0.0,0.005,0.004963276882994651,-3.6723117005348777e-05,flat,3.6723117005348777e-05
7,ASYMMETRIC_CAPACITY_FRACTION,0.01,99,0.0,0.005,0.004963276882994651,-3.6723117005348777e-05,flat,3.6723117005348777e-05
7,ASYMMETRIC_CAPACITY_FRACTION,0.01,100,0.0,0.005,0.004963276882994651,-3.6723117005348777e-05,flat,3.6723117005348777e-05
7,ASYMMETRIC_CAPACITY_FRACTION,0.01,101,0.0,0.005,0.004963276882994651,-3.6723117005348777e-05,flat,3.6723117005348777e-05
7,ASYMMETRIC_CAPACITY_FRACTION,0.01,102,0.0,0.005,0.004963276882994651,-3.6723117005348777e-05,flat,3.6723117005348777e-05
7,ASYMMETRIC_CAPACITY_FRACTION,0.01,103,0.0,0.005,0.004963276882994651,-3.6723117005348777e-05,flat,3.6723117005348777e-05
7,ASYMMETRIC_CAPACITY_FRACTION,0.01,104,0.0,0.005,0.004963276882994651,-3.6723117005348777e-05,flat,3.6723117005348777e-05
7,ASYMMETRIC_CAPACITY_FRACTION,0.01,105,0.0,0.005,0.004963276882994651,-3.6723117005348777e-05,flat,3.6723117005348777e-05
7,ASYMMETRIC_CAPACITY_FRACTION,0.01,106,0.0,0.005,0.004963276882994651,-3.6723117005348777e-05,flat,3.6723117005348777e-05
7,ASYMMETRIC_CAPACITY_FRACTION,0.01,107,0.0,0.005,0.004963276882994651,-3.6723117005348777e-05,flat,3.6723117005348777e-05
7,ASYMMETRIC_CAPACITY_FRACTION,0.01,108,0.0,0.005,0.004963276882994651,-3.6723117005348777e-05,flat,3.6723117005348777e-05
7,ASYMMETRIC_CAPACITY_FRACTION,0.01,109,0.0,0.005,0.004963276882994651,-3.6723117005348777e-05,flat,3.6723117005348777e-05
7,ASYMMETRIC_CAPACITY_FRACTION,0.01,110,0.0,0.005,0.004963276882994651,-3.6723117005348777e-05,flat,3.6723117005348777e-05
7,ASYMMETRIC_CAPACITY_FRACTION,0.01,111,0.0,0.005,0.004963276882994651,-3.6723117005348777e-05,flat,3.6723117005348777e-05
7,ASYMMETRIC_CAPACITY_FRACTION,0.01,112,0.0,0.005,0.004963276882994651,-3.6723117005348777e-05,flat,3.6723117005348777e-05
7,ASYMMETRIC_CAPACITY_FRACTION,0.01,113,0.0,0.005,0.004963276882994651,-3.6723117005348777e-05,flat,3.6723117005348777e-05
7,ASYMMETRIC_CAPACITY_FRACTION,0.01,114,0.0,0.005,0.004963276882994651,-3.6723117005348777e-05,flat,3.6723117005348777e-05
7,ASYMMETRIC_CAPACITY_FRACTION,0.01,115,0.0,0.005,0.004963276882994651,-3.6723117005348777e-05,flat,3.6723117005348777e-05
7,ASYMMETRIC_CAPACITY_FRACTION,0.01,116,0.0,0.005,0.004963276882994651,-3.6723117005348777e-05,flat,3.6723117005348777e-05
7,ASYMMETRIC_CAPACITY_FRACTION,0.01,117,0.0,0.005,0.004963276882994651,-3.6723117005348777e-05,flat,3.6723117005348777e-05
7,ASYMMETRIC_CAPACITY_FRACTION,0.01,118,0.0,0.005,0.004963276882994651,-3.6723117005348777e-05,flat,3.6723117005348777e-05
7,ASYMMETRIC_CAPACITY_FRACTION,0.01,119,0.0,0.005,0.004963276882994651,-3.6723117005348777e-05,flat,3.6723117005348777e-05
7,ASYMMETRIC_CAPACITY_FRACTION,0.01,120,0.0,0.005,0.004963276882994651,-3.6723117005348777e-05,flat,3.6723117005348777e-05
7,ASYMMETRIC_CAPACITY_FRACTION,0.01,121,0.0,0.005,0.004963276882994651,-3.6723117005348777e-05,flat,3.6723117005348777e-05
7,ASYMMETRIC_CAPACITY_FRACTION,0.01,122,0.0,0.005,0.004963276882994651,-3.6723117005348777e-05,flat,3.6723117005348777e-05
7,ASYMMETRIC_CAPACITY_FRACTION,0.01,123,0.0,0.005,0.004963276882994651,-3.6723117005348777e-05,flat,3.6723117005348777e-05
7,ASYMMETRIC_CAPACITY_FRACTION,0.01,124,0.0,0.005,0.004963276882994651,-3.6723117005348777e-05,flat,3.6723117005348777e-05
7,ASYMMETRIC_CAPACITY_FRACTION,0.01,125,0.0,0.005,0.004963276882994651,-3.6723117005348777e-05,flat,3.6723117005348777e-05
7,ASYMMETRIC_CAPACITY_FRACTION,0.01,126,0.0,0.005,0.004963276882994651,-3.6723117005348777e-05,flat,3.6723117005348777e-05
7,ASYMMETRIC_CAPACITY_FRACTION,0.01,127,0.0,0.005,0.004963276882994651,-3.6723117005348777e-05,flat,3.6723117005348777e-05
7,ASYMMETRIC_CAPACITY_FRACTION,0.01,128,0.0,0.005,0.004963276882994651,-3.6723117005348777e-05,flat,3.6723117005348777e-05
7,ASYMMETRIC_CAPACITY_FRACTION,0.01,129,0.0,0.005,0.004963276882994651,-3.6723117005348777e-05,flat,3.6723117005348777e-05
7,ASYMMETRIC_CAPACITY_FRACTION,0.01,130,0.0,0.005,0.004963276882994651,-3.6723117005348777e-05,flat,3.6723117005348777e-05
7,ASYMMETRIC_CAPACITY_FRACTION,0.01,131,0.0,0.005,0.004963276882994651,-3.6723117005348777e-05,flat,3.6723117005348777e-05
7,ASYMMETRIC_CAPACITY_FRACTION,0.01,132,0.0,0.005,0.004963276882994651,-3.6723117005348777e-05,flat,3.6723117005348777e-05
7,ASYMMETRIC_CAPACITY_FRACTION,0.01,133,0.0,0.005,0.004963276882994651,-3.6723117005348777e-05,flat,3.6723117005348777e-05
7,ASYMMETRIC_CAPACITY_FRACTION,0.01,134,0.0,0.005,0.004963276882994651,-3.6723117005348777e-05,flat,3.6723117005348777e-05
7,ASYMMETRIC_CAPACITY_FRACTION,0.01,135,0.0,0.005,0.004963276882994651,-3.6723117005348777e-05,flat,3.6723117005348777e-05
7,ASYMMETRIC_CAPACITY_FRACTION,0.01,136,0.0,0.005,0.004963276882994651,-3.6723117005348777e-05,flat,3.6723117005348777e-05
7,ASYMMETRIC_CAPACITY_FRACTION,0.01,137,0.0,0.005,0.004963276882994651,-3.6723117005348777e-05,flat,3.6723117005348777e-05
7,ASYMMETRIC_CAPACITY_FRACTION,0.01,138,0.0,0.005,0.004963276882994651,-3.6723117005348777e-05,flat,3.6723117005348777e-05
7,ASYMMETRIC_CAPACITY_FRACTION,0.01,139,0.0,0.005,0.004963276882994651,-3.6723117005348777e-05,flat,3.6723117005348777e-05
7,ASYMMETRIC_CAPACITY_FRACTION,0.01,140,0.0,0.005,0.004963276882994651,-3.6723117005348777e-05,flat,3.6723117005348777e-05
7,ASYMMETRIC_CAPACITY_FRACTION,0.01,141,0.0,0.005,0.004963276882994651,-3.6723117005348777e-05,flat,3.6723117005348777e-05
7,ASYMMETRIC_CAPACITY_FRACTION,0.01,142,0.0,0.005,0.004963276882994651,-3.6723117005348777e-05,flat,3.6723117005348777e-05
7,ASYMMETRIC_CAPACITY_FRACTION,0.01,143,0.0,0.005,0.004963276882994651,-3.6723117005348777e-05,flat,3.6723117005348777e-05
7,ASYMMETRIC_CAPACITY_FRACTION,0.01,144,0.0,0.005,0.004963276882994651,-3.6723117005348777e-05,flat,3.6723117005348777e-05
7,ASYMMETRIC_CAPACITY_FRACTION,0.01,145,0.0,0.005,0.004963276882994651,-3.6723117005348777e-05,flat,3.6723117005348777e-05
7,ASYMMETRIC_CAPACITY_FRACTION,0.01,146,0.0,0.005,0.004963276882994651,-3.6723117005348777e-05,flat,3.6723117005348777e-05
7,ASYMMETRIC_CAPACITY_FRACTION,0.01,147,0.0,0.005,0.004963276882994651,-3.6723117005348777e-05,flat,3.6723117005348777e-05
7,ASYMMETRIC_CAPACITY_FRACTION,0.01,148,0.0,0.005,0.004963276882994651,-3.6723117005348777e-05,flat,3.6723117005348777e-05
7,ASYMMETRIC_CAPACITY_FRACTION,0.01,149,0.0,0.005,0.004963276882994651,-3.6723117005348777e-05,flat,3.6723117005348777e-05
7,ASYMMETRIC_CAPACITY_FRACTION,0.01,150,0.0,0.005,0.004963276882994651,-3.6723117005348777e-05,flat,3.6723117005348777e-05
7,ASYMMETRIC_CAPACITY_FRACTION,0.01,151,0.0,0.005,0.004963276882994651,-3.6723117005348777e-05,flat,3.6723117005348777e-05
7,ASYMMETRIC_CAPACITY_FRACTION,0.01,152,0.0,0.005,0.004963276882994651,-3.6723117005348777e-05,flat,3.6723117005348777e-05
7,ASYMMETRIC_CAPACITY_FRACTION,0.01,153,0.0,0.005,0.004963276882994651,-3.6723117005348777e-05,flat,3.6723117005348777e-05
7,ASYMMETRIC_CAPACITY_FRACTION,0.01,154,0.0,0.005,0.004963276882994651,-3.6723117005348777e-05,flat,3.6723117005348777e-05
7,ASYMMETRIC_CAPACITY_FRACTION,0.01,156,0.0,0.005,0.004963276882994651,-3.6723117005348777e-05,flat,3.6723117005348777e-05
7,ASYMMETRIC_CAPACITY_FRACTION,0.01,157,0.0,0.005,0.004963276882994651,-3.6723117005348777e-05,flat,3.6723117005348777e-05
7,ASYMMETRIC_CAPACITY_FRACTION,0.01,158,0.0,0.005,0.004963276882994651,-3.6723117005348777e-05,flat,3.6723117005348777e-05
7,ASYMMETRIC_CAPACITY_FRACTION,0.01,159,0.0,0.005,0.004963276882994651,-3.6723117005348777e-05,flat,3.6723117005348777e-05
7,ASYMMETRIC_CAPACITY_FRACTION,0.01,160,0.0,0.005,0.004963276882994651,-3.6723117005348777e-05,flat,3.6723117005348777e-05
7,ASYMMETRIC_CAPACITY_FRACTION,0.01,161,0.0,0.005,0.004963276882994651,-3.6723117005348777e-05,flat,3.6723117005348777e-05
7,ASYMMETRIC_CAPACITY_FRACTION,0.01,162,0.0,0.005,0.004963276882994651,-3.6723117005348777e-05,flat,3.6723117005348777e-05
7,ASYMMETRIC_CAPACITY_FRACTION,0.01,163,0.0,0.005,0.004963276882994651,-3.6723117005348777e-05,flat,3.6723117005348777e-05
7,ASYMMETRIC_CAPACITY_FRACTION,0.01,164,0.0,0.005,0.004963276882994651,-3.6723117005348777e-05,flat,3.6723117005348777e-05
7,ASYMMETRIC_CAPACITY_FRACTION,0.01,165,0.0,0.005,0.004963276882994651,-3.6723117005348777e-05,flat,3.6723117005348777e-05
7,ASYMMETRIC_CAPACITY_FRACTION,0.01,166,0.0,0.005,0.004963276882994651,-3.6723117005348777e-05,flat,3.6723117005348777e-05
7,ASYMMETRIC_CAPACITY_FRACTION,0.01,167,0.0,0.005,0.004963276882994651,-3.6723117005348777e-05,flat,3.6723117005348777e-05
7,ASYMMETRIC_CAPACITY_FRACTION,0.01,168,0.0,0.005,0.004963276882994651,-3.6723117005348777e-05,flat,3.6723117005348777e-05
7,ASYMMETRIC_CAPACITY_FRACTION,0.01,169,0.0,0.005,0.004963276882994651,-3.6723117005348777e-05,flat,3.6723117005348777e-05
7,ASYMMETRIC_CAPACITY_FRACTION,0.01,170,0.0,0.005,0.004963276882994651,-3.6723117005348777e-05,flat,3.6723117005348777e-05
7,ASYMMETRIC_CAPACITY_FRACTION,0.01,171,0.0,0.005,0.004963276882994651,-3.6723117005348777e-05,flat,3.6723117005348777e-05
7,ASYMMETRIC_CAPACITY_FRACTION,0.01,172,0.0,0.005,0.004963276882994651,-3.6723117005348777e-05,flat,3.6723117005348777e-05
7,ASYMMETRIC_CAPACITY_FRACTION,0.01,173,0.0,0.005,0.004963276882994651,-3.6723117005348777e-05,flat,3.6723117005348777e-05
7,ASYMMETRIC_CAPACITY_FRACTION,0.01,174,0.0,0.005,0.004963276882994651,-3.6723117005348777e-05,flat,3.6723117005348777e-05
7,ASYMMETRIC_CAPACITY_FRACTION,0.01,175,0.0,0.005,0.004963276882994651,-3.6723117005348777e-05,flat,3.6723117005348777e-05
7,ASYMMETRIC_CAPACITY_FRACTION,0.01,176,0.0,0.005,0.004963276882994651,-3.6723117005348777e-05,flat,3.6723117005348777e-05
7,ASYMMETRIC_CAPACITY_FRACTION,0.01,177,0.0,0.005,0.004963276882994651,-3.6723117005348777e-05,flat,3.6723117005348777e-05
7,ASYMMETRIC_CAPACITY_FRACTION,0.01,178,0.0,0.005,0.004963276882994651,-3.6723117005348777e-05,flat,3.6723117005348777e-05
7,ASYMMETRIC_CAPACITY_FRACTION,0.01,179,0.0,0.005,0.004963276882994651,-3.6723117005348777e-05,flat,3.6723117005348777e-05
7,ASYMMETRIC_CAPACITY_FRACTION,0.01,180,0.0,0.005,0.004963276882994651,-3.6723117005348777e-05,flat,3.6723117005348777e-05
7,ASYMMETRIC_CAPACITY_FRACTION,0.01,181,0.0,0.005,0.004963276882994651,-3.6723117005348777e-05,flat,3.6723117005348777e-05
7,ASYMMETRIC_CAPACITY_FRACTION,0.01,182,0.0,0.005,0.004963276882994651,-3.6723117005348777e-05,flat,3.6723117005348777e-05
7,ASYMMETRIC_CAPACITY_FRACTION,0.01,183,0.0,0.005,0.004963276882994651,-3.6723117005348777e-05,flat,3.6723117005348777e-05
7,ASYMMETRIC_CAPACITY_FRACTION,0.01,184,0.0,0.005,0.004963276882994651,-3.6723117005348777e-05,flat,3.6723117005348777e-05
7,ASYMMETRIC_CAPACITY_FRACTION,0.01,185,0.0,0.005,0.004963276882994651,-3.6723117005348777e-05,flat,3.6723117005348777e-05
7,ASYMMETRIC_CAPACITY_FRACTION,0.01,186,0.0,0.005,0.004963276882994651,-3.6723117005348777e-05,flat,3.6723117005348777e-05
7,ASYMMETRIC_CAPACITY_FRACTION,0.01,187,0.0,0.005,0.004963276882994651,-3.6723117005348777e-05,flat,3.6723117005348777e-05
7,ASYMMETRIC_CAPACITY_FRACTION,0.01,188,0.0,0.005,0.004963276882994651,-3.6723117005348777e-05,flat,3.6723117005348777e-05
7,ASYMMETRIC_CAPACITY_FRACTION,0.01,189,0.0,0.005,0.004963276882994651,-3.6723117005348777e-05,flat,3.6723117005348777e-05
7,ASYMMETRIC_CAPACITY_FRACTION,0.01,190,0.0,0.005,0.004963276882994651,-3.6723117005348777e-05,flat,3.6723117005348777e-05
7,ASYMMETRIC_CAPACITY_FRACTION,0.01,191,0.0,0.005,0.004963276882994651,-3.6723117005348777e-05,flat,3.6723117005348777e-05
7,ASYMMETRIC_CAPACITY_FRACTION,0.01,192,0.0,0.005,0.004963276882994651,-3.6723117005348777e-05,flat,3.6723117005348777e-05
7,ASYMMETRIC_CAPACITY_FRACTION,0.01,193,0.0,0.005,0.004963276882994651,-3.6723117005348777e-05,flat,3.6723117005348777e-05
7,ASYMMETRIC_CAPACITY_FRACTION,0.01,194,0.0,0.005,0.004963276882994651,-3.6723117005348777e-05,flat,3.6723117005348777e-05
7,ASYMMETRIC_CAPACITY_FRACTION,0.01,195,0.0,0.005,0.004963276882994651,-3.6723117005348777e-05,flat,3.6723117005348777e-05
7,ASYMMETRIC_CAPACITY_FRACTION,0.01,196,0.0,0.005,0.004963276882994651,-3.6723117005348777e-05,flat,3.6723117005348777e-05
7,ASYMMETRIC_CAPACITY_FRACTION,0.01,197,0.0,0.005,0.004963276882994651,-3.6723117005348777e-05,flat,3.6723117005348777e-05
7,ASYMMETRIC_CAPACITY_FRACTION,0.01,198,0.0,0.005,0.004963276882994651,-3.6723117005348777e-05,flat,3.6723117005348777e-05
7,ASYMMETRIC_CAPACITY_FRACTION,0.01,199,0.0,0.005,0.004963276882994651,-3.6723117005348777e-05,flat,3.6723117005348777e-05
7,ASYMMETRIC_CAPACITY_FRACTION,0.01,200,0.0,0.005,0.004963276882994651,-3.6723117005348777e-05,flat,3.6723117005348777e-05
7,ASYMMETRIC_CAPACITY_FRACTION,0.05,155,23478.7738810103,0.005,0.02076125965656016,0.01576125965656016,flat,0.01576125965656016
7,ASYMMETRIC_CAPACITY_FRACTION,0.05,35,859.078049623756,0.005,0.005497586765427739,0.0004975867654277389,flat,0.0004975867654277389
7,ASYMMETRIC_CAPACITY_FRACTION,0.05,1,0.0,0.005,0.004917884614030363,-8.211538596963712e-05,flat,8.211538596963712e-05
7,ASYMMETRIC_CAPACITY_FRACTION,0.05,2,0.0,0.005,0.004917884614030363,-8.211538596963712e-05,flat,8.211538596963712e-05
7,ASYMMETRIC_CAPACITY_FRACTION,0.05,3,0.0,0.005,0.004917884614030363,-8.211538596963712e-05,flat,8.211538596963712e-05
7,ASYMMETRIC_CAPACITY_FRACTION,0.05,4,0.0,0.005,0.004917884614030363,-8.211538596963712e-05,flat,8.211538596963712e-05
7,ASYMMETRIC_CAPACITY_FRACTION,0.05,5,0.0,0.005,0.004917884614030363,-8.211538596963712e-05,flat,8.211538596963712e-05
7,ASYMMETRIC_CAPACITY_FRACTION,0.05,6,0.0,0.005,0.004917884614030363,-8.211538596963712e-05,flat,8.211538596963712e-05
7,ASYMMETRIC_CAPACITY_FRACTION,0.05,7,0.0,0.005,0.004917884614030363,-8.211538596963712e-05,flat,8.211538596963712e-05
7,ASYMMETRIC_CAPACITY_FRACTION,0.05,8,0.0,0.005,0.004917884614030363,-8.211538596963712e-05,flat,8.211538596963712e-05
7,ASYMMETRIC_CAPACITY_FRACTION,0.05,9,0.0,0.005,0.004917884614030363,-8.211538596963712e-05,flat,8.211538596963712e-05
7,ASYMMETRIC_CAPACITY_FRACTION,0.05,10,0.0,0.005,0.004917884614030363,-8.211538596963712e-05,flat,8.211538596963712e-05
7,ASYMMETRIC_CAPACITY_FRACTION,0.05,11,0.0,0.005,0.004917884614030363,-8.211538596963712e-05,flat,8.211538596963712e-05
7,ASYMMETRIC_CAPACITY_FRACTION,0.05,12,0.0,0.005,0.004917884614030363,-8.211538596963712e-05,flat,8.211538596963712e-05
7,ASYMMETRIC_CAPACITY_FRACTION,0.05,13,0.0,0.005,0.004917884614030363,-8.211538596963712e-05,flat,8.211538596963712e-05
7,ASYMMETRIC_CAPACITY_FRACTION,0.05,14,0.0,0.005,0.004917884614030363,-8.211538596963712e-05,flat,8.211538596963712e-05
7,ASYMMETRIC_CAPACITY_FRACTION,0.05,15,0.0,0.005,0.004917884614030363,-8.211538596963712e-05,flat,8.211538596963712e-05
7,ASYMMETRIC_CAPACITY_FRACTION,0.05,16,0.0,0.005,0.004917884614030363,-8.211538596963712e-05,flat,8.211538596963712e-05
7,ASYMMETRIC_CAPACITY_FRACTION,0.05,17,0.0,0.005,0.004917884614030363,-8.211538596963712e-05,flat,8.211538596963712e-05
7,ASYMMETRIC_CAPACITY_FRACTION,0.05,18,0.0,0.005,0.004917884614030363,-8.211538596963712e-05,flat,8.211538596963712e-05
7,ASYMMETRIC_CAPACITY_FRACTION,0.05,19,0.0,0.005,0.004917884614030363,-8.211538596963712e-05,flat,8.211538596963712e-05
7,ASYMMETRIC_CAPACITY_FRACTION,0.05,20,0.0,0.005,0.004917884614030363,-8.211538596963712e-05,flat,8.211538596963712e-05
7,ASYMMETRIC_CAPACITY_FRACTION,0.05,21,0.0,0.005,0.004917884614030363,-8.211538596963712e-05,flat,8.211538596963712e-05
7,ASYMMETRIC_CAPACITY_FRACTION,0.05,22,0.0,0.005,0.004917884614030363,-8.211538596963712e-05,flat,8.211538596963712e-05
7,ASYMMETRIC_CAPACITY_FRACTION,0.05,23,0.0,0.005,0.004917884614030363,-8.211538596963712e-05,flat,8.211538596963712e-05
7,ASYMMETRIC_CAPACITY_FRACTION,0.05,24,0.0,0.005,0.004917884614030363,-8.211538596963712e-05,flat,8.211538596963712e-05
7,ASYMMETRIC_CAPACITY_FRACTION,0.05,25,0.0,0.005,0.004917884614030363,-8.211538596963712e-05,flat,8.211538596963712e-05
7,ASYMMETRIC_CAPACITY_FRACTION,0.05,26,0.0,0.005,0.004917884614030363,-8.211538596963712e-05,flat,8.211538596963712e-05
7,ASYMMETRIC_CAPACITY_FRACTION,0.05,27,0.0,0.005,0.004917884614030363,-8.211538596963712e-05,flat,8.211538596963712e-05
7,ASYMMETRIC_CAPACITY_FRACTION,0.05,28,0.0,0.005,0.004917884614030363,-8.211538596963712e-05,flat,8.211538596963712e-05
7,ASYMMETRIC_CAPACITY_FRACTION,0.05,29,0.0,0.005,0.004917884614030363,-8.211538596963712e-05,flat,8.211538596963712e-05
7,ASYMMETRIC_CAPACITY_FRACTION,0.05,30,0.0,0.005,0.004917884614030363,-8.211538596963712e-05,flat,8.211538596963712e-05
7,ASYMMETRIC_CAPACITY_FRACTION,0.05,31,0.0,0.005,0.004917884614030363,-8.211538596963712e-05,flat,8.211538596963712e-05
7,ASYMMETRIC_CAPACITY_FRACTION,0.05,32,0.0,0.005,0.004917884614030363,-8.211538596963712e-05,flat,8.211538596963712e-05
7,ASYMMETRIC_CAPACITY_FRACTION,0.05,33,0.0,0.005,0.004917884614030363,-8.211538596963712e-05,flat,8.211538596963712e-05
7,ASYMMETRIC_CAPACITY_FRACTION,0.05,34,0.0,0.005,0.004917884614030363,-8.211538596963712e-05,flat,8.211538596963712e-05
7,ASYMMETRIC_CAPACITY_FRACTION,0.05,36,0.0,0.005,0.004917884614030363,-8.211538596963712e-05,flat,8.211538596963712e-05
7,ASYMMETRIC_CAPACITY_FRACTION,0.05,37,0.0,0.005,0.004917884614030363,-8.211538596963712e-05,flat,8.211538596963712e-05
7,ASYMMETRIC_CAPACITY_FRACTION,0.05,38,0.0,0.005,0.004917884614030363,-8.211538596963712e-05,flat,8.211538596963712e-05
7,ASYMMETRIC_CAPACITY_FRACTION,0.05,39,0.0,0.005,0.004917884614030363,-8.211538596963712e-05,flat,8.211538596963712e-05
7,ASYMMETRIC_CAPACITY_FRACTION,0.05,40,0.0,0.005,0.004917884614030363,-8.211538596963712e-05,flat,8.211538596963712e-05
7,ASYMMETRIC_CAPACITY_FRACTION,0.05,41,0.0,0.005,0.004917884614030363,-8.211538596963712e-05,flat,8.211538596963712e-05
7,ASYMMETRIC_CAPACITY_FRACTION,0.05,42,0.0,0.005,0.004917884614030363,-8.211538596963712e-05,flat,8.211538596963712e-05
7,ASYMMETRIC_CAPACITY_FRACTION,0.05,43,0.0,0.005,0.004917884614030363,-8.211538596963712e-05,flat,8.211538596963712e-05
7,ASYMMETRIC_CAPACITY_FRACTION,0.05,44,0.0,0.005,0.004917884614030363,-8.211538596963712e-05,flat,8.211538596963712e-05
7,ASYMMETRIC_CAPACITY_FRACTION,0.05,45,0.0,0.005,0.004917884614030363,-8.211538596963712e-05,flat,8.211538596963712e-05
7,ASYMMETRIC_CAPACITY_FRACTION,0.05,46,0.0,0.005,0.004917884614030363,-8.211538596963712e-05,flat,8.211538596963712e-05
7,ASYMMETRIC_CAPACITY_FRACTION,0.05,47,0.0,0.005,0.004917884614030363,-8.211538596963712e-05,flat,8.211538596963712e-05
7,ASYMMETRIC_CAPACITY_FRACTION,0.05,48,0.0,0.005,0.004917884614030363,-8.211538596963712e-05,flat,8.211538596963712e-05
7,ASYMMETRIC_CAPACITY_FRACTION,0.05,49,0.0,0.005,0.004917884614030363,-8.211538596963712e-05,flat,8.211538596963712e-05
7,ASYMMETRIC_CAPACITY_FRACTION,0.05,50,0.0,0.005,0.004917884614030363,-8.211538596963712e-05,flat,8.211538596963712e-05
7,ASYMMETRIC_CAPACITY_FRACTION,0.05,51,0.0,0.005,0.004917884614030363,-8.211538596963712e-05,flat,8.211538596963712e-05
7,ASYMMETRIC_CAPACITY_FRACTION,0.05,52,0.0,0.005,0.004917884614030363,-8.211538596963712e-05,flat,8.211538596963712e-05
7,ASYMMETRIC_CAPACITY_FRACTION,0.05,53,0.0,0.005,0.004917884614030363,-8.211538596963712e-05,flat,8.211538596963712e-05
7,ASYMMETRIC_CAPACITY_FRACTION,0.05,54,0.0,0.005,0.004917884614030363,-8.211538596963712e-05,flat,8.211538596963712e-05
7,ASYMMETRIC_CAPACITY_FRACTION,0.05,55,0.0,0.005,0.004917884614030363,-8.211538596963712e-05,flat,8.211538596963712e-05
7,ASYMMETRIC_CAPACITY_FRACTION,0.05,56,0.0,0.005,0.004917884614030363,-8.211538596963712e-05,flat,8.211538596963712e-05
7,ASYMMETRIC_CAPACITY_FRACTION,0.05,57,0.0,0.005,0.004917884614030363,-8.211538596963712e-05,flat,8.211538596963712e-05
7,ASYMMETRIC_CAPACITY_FRACTION,0.05,58,0.0,0.005,0.004917884614030363,-8.211538596963712e-05,flat,8.211538596963712e-05
7,ASYMMETRIC_CAPACITY_FRACTION,0.05,59,0.0,0.005,0.004917884614030363,-8.211538596963712e-05,flat,8.211538596963712e-05
7,ASYMMETRIC_CAPACITY_FRACTION,0.05,60,0.0,0.005,0.004917884614030363,-8.211538596963712e-05,flat,8.211538596963712e-05
7,ASYMMETRIC_CAPACITY_FRACTION,0.05,61,0.0,0.005,0.004917884614030363,-8.211538596963712e-05,flat,8.211538596963712e-05
7,ASYMMETRIC_CAPACITY_FRACTION,0.05,62,0.0,0.005,0.004917884614030363,-8.211538596963712e-05,flat,8.211538596963712e-05
7,ASYMMETRIC_CAPACITY_FRACTION,0.05,63,0.0,0.005,0.004917884614030363,-8.211538596963712e-05,flat,8.211538596963712e-05
7,ASYMMETRIC_CAPACITY_FRACTION,0.05,64,0.0,0.005,0.004917884614030363,-8.211538596963712e-05,flat,8.211538596963712e-05
7,ASYMMETRIC_CAPACITY_FRACTION,0.05,65,0.0,0.005,0.004917884614030363,-8.211538596963712e-05,flat,8.211538596963712e-05
7,ASYMMETRIC_CAPACITY_FRACTION,0.05,66,0.0,0.005,0.004917884614030363,-8.211538596963712e-05,flat,8.211538596963712e-05
7,ASYMMETRIC_CAPACITY_FRACTION,0.05,67,0.0,0.005,0.004917884614030363,-8.211538596963712e-05,flat,8.211538596963712e-05
7,ASYMMETRIC_CAPACITY_FRACTION,0.05,68,0.0,0.005,0.004917884614030363,-8.211538596963712e-05,flat,8.211538596963712e-05
7,ASYMMETRIC_CAPACITY_FRACTION,0.05,69,0.0,0.005,0.004917884614030363,-8.211538596963712e-05,flat,8.211538596963712e-05
7,ASYMMETRIC_CAPACITY_FRACTION,0.05,70,0.0,0.005,0.004917884614030363,-8.211538596963712e-05,flat,8.211538596963712e-05
7,ASYMMETRIC_CAPACITY_FRACTION,0.05,71,0.0,0.005,0.004917884614030363,-8.211538596963712e-05,flat,8.211538596963712e-05
7,ASYMMETRIC_CAPACITY_FRACTION,0.05,72,0.0,0.005,0.004917884614030363,-8.211538596963712e-05,flat,8.211538596963712e-05
7,ASYMMETRIC_CAPACITY_FRACTION,0.05,73,0.0,0.005,0.004917884614030363,-8.211538596963712e-05,flat,8.211538596963712e-05
7,ASYMMETRIC_CAPACITY_FRACTION,0.05,74,0.0,0.005,0.004917884614030363,-8.211538596963712e-05,flat,8.211538596963712e-05
7,ASYMMETRIC_CAPACITY_FRACTION,0.05,75,0.0,0.005,0.004917884614030363,-8.211538596963712e-05,flat,8.211538596963712e-05
7,ASYMMETRIC_CAPACITY_FRACTION,0.05,76,0.0,0.005,0.004917884614030363,-8.211538596963712e-05,flat,8.211538596963712e-05
7,ASYMMETRIC_CAPACITY_FRACTION,0.05,77,0.0,0.005,0.004917884614030363,-8.211538596963712e-05,flat,8.211538596963712e-05
7,ASYMMETRIC_CAPACITY_FRACTION,0.05,78,0.0,0.005,0.004917884614030363,-8.211538596963712e-05,flat,8.211538596963712e-05
7,ASYMMETRIC_CAPACITY_FRACTION,0.05,79,0.0,0.005,0.004917884614030363,-8.211538596963712e-05,flat,8.211538596963712e-05
7,ASYMMETRIC_CAPACITY_FRACTION,0.05,80,0.0,0.005,0.004917884614030363,-8.211538596963712e-05,flat,8.211538596963712e-05
7,ASYMMETRIC_CAPACITY_FRACTION,0.05,81,0.0,0.005,0.004917884614030363,-8.211538596963712e-05,flat,8.211538596963712e-05
7,ASYMMETRIC_CAPACITY_FRACTION,0.05,82,0.0,0.005,0.004917884614030363,-8.211538596963712e-05,flat,8.211538596963712e-05
7,ASYMMETRIC_CAPACITY_FRACTION,0.05,83,0.0,0.005,0.004917884614030363,-8.211538596963712e-05,flat,8.211538596963712e-05
7,ASYMMETRIC_CAPACITY_FRACTION,0.05,84,0.0,0.005,0.004917884614030363,-8.211538596963712e-05,flat,8.211538596963712e-05
7,ASYMMETRIC_CAPACITY_FRACTION,0.05,85,0.0,0.005,0.004917884614030363,-8.211538596963712e-05,flat,8.211538596963712e-05
7,ASYMMETRIC_CAPACITY_FRACTION,0.05,86,0.0,0.005,0.004917884614030363,-8.211538596963712e-05,flat,8.211538596963712e-05
7,ASYMMETRIC_CAPACITY_FRACTION,0.05,87,0.0,0.005,0.004917884614030363,-8.211538596963712e-05,flat,8.211538596963712e-05
7,ASYMMETRIC_CAPACITY_FRACTION,0.05,88,0.0,0.005,0.004917884614030363,-8.211538596963712e-05,flat,8.211538596963712e-05
7,ASYMMETRIC_CAPACITY_FRACTION,0.05,89,0.0,0.005,0.004917884614030363,-8.211538596963712e-05,flat,8.211538596963712e-05
7,ASYMMETRIC_CAPACITY_FRACTION,0.05,90,0.0,0.005,0.004917884614030363,-8.211538596963712e-05,flat,8.211538596963712e-05
7,ASYMMETRIC_CAPACITY_FRACTION,0.05,91,0.0,0.005,0.004917884614030363,-8.211538596963712e-05,flat,8.211538596963712e-05
7,ASYMMETRIC_CAPACITY_FRACTION,0.05,92,0.0,0.005,0.004917884614030363,-8.211538596963712e-05,flat,8.211538596963712e-05
7,ASYMMETRIC_CAPACITY_FRACTION,0.05,93,0.0,0.005,0.004917884614030363,-8.211538596963712e-05,flat,8.211538596963712e-05
7,ASYMMETRIC_CAPACITY_FRACTION,0.05,94,0.0,0.005,0.004917884614030363,-8.211538596963712e-05,flat,8.211538596963712e-05
7,ASYMMETRIC_CAPACITY_FRACTION,0.05,95,0.0,0.005,0.004917884614030363,-8.211538596963712e-05,flat,8.211538596963712e-05
7,ASYMMETRIC_CAPACITY_FRACTION,0.05,96,0.0,0.005,0.004917884614030363,-8.211538596963712e-05,flat,8.211538596963712e-05
7,ASYMMETRIC_CAPACITY_FRACTION,0.05,97,0.0,0.005,0.004917884614030363,-8.211538596963712e-05,flat,8.211538596963712e-05
7,ASYMMETRIC_CAPACITY_FRACTION,0.05,98,0.0,0.005,0.004917884614030363,-8.211538596963712e-05,flat,8.211538596963712e-05
7,ASYMMETRIC_CAPACITY_FRACTION,0.05,99,0.0,0.005,0.004917884614030363,-8.211538596963712e-05,flat,8.211538596963712e-05
7,ASYMMETRIC_CAPACITY_FRACTION,0.05,100,0.0,0.005,0.004917884614030363,-8.211538596963712e-05,flat,8.211538596963712e-05
7,ASYMMETRIC_CAPACITY_FRACTION,0.05,101,0.0,0.005,0.004917884614030363,-8.211538596963712e-05,flat,8.211538596963712e-05
7,ASYMMETRIC_CAPACITY_FRACTION,0.05,102,0.0,0.005,0.004917884614030363,-8.211538596963712e-05,flat,8.211538596963712e-05
7,ASYMMETRIC_CAPACITY_FRACTION,0.05,103,0.0,0.005,0.004917884614030363,-8.211538596963712e-05,flat,8.211538596963712e-05
7,ASYMMETRIC_CAPACITY_FRACTION,0.05,104,0.0,0.005,0.004917884614030363,-8.211538596963712e-05,flat,8.211538596963712e-05
7,ASYMMETRIC_CAPACITY_FRACTION,0.05,105,0.0,0.005,0.004917884614030363,-8.211538596963712e-05,flat,8.211538596963712e-05
7,ASYMMETRIC_CAPACITY_FRACTION,0.05,106,0.0,0.005,0.004917884614030363,-8.211538596963712e-05,flat,8.211538596963712e-05
7,ASYMMETRIC_CAPACITY_FRACTION,0.05,107,0.0,0.005,0.004917884614030363,-8.211538596963712e-05,flat,8.211538596963712e-05
7,ASYMMETRIC_CAPACITY_FRACTION,0.05,108,0.0,0.005,0.004917884614030363,-8.211538596963712e-05,flat,8.211538596963712e-05
7,ASYMMETRIC_CAPACITY_FRACTION,0.05,109,0.0,0.005,0.004917884614030363,-8.211538596963712e-05,flat,8.211538596963712e-05
7,ASYMMETRIC_CAPACITY_FRACTION,0.05,110,0.0,0.005,0.004917884614030363,-8.211538596963712e-05,flat,8.211538596963712e-05
7,ASYMMETRIC_CAPACITY_FRACTION,0.05,111,0.0,0.005,0.004917884614030363,-8.211538596963712e-05,flat,8.211538596963712e-05
7,ASYMMETRIC_CAPACITY_FRACTION,0.05,112,0.0,0.005,0.004917884614030363,-8.211538596963712e-05,flat,8.211538596963712e-05
7,ASYMMETRIC_CAPACITY_FRACTION,0.05,113,0.0,0.005,0.004917884614030363,-8.211538596963712e-05,flat,8.211538596963712e-05
7,ASYMMETRIC_CAPACITY_FRACTION,0.05,114,0.0,0.005,0.004917884614030363,-8.211538596963712e-05,flat,8.211538596963712e-05
7,ASYMMETRIC_CAPACITY_FRACTION,0.05,115,0.0,0.005,0.004917884614030363,-8.211538596963712e-05,flat,8.211538596963712e-05
7,ASYMMETRIC_CAPACITY_FRACTION,0.05,116,0.0,0.005,0.004917884614030363,-8.211538596963712e-05,flat,8.211538596963712e-05
7,ASYMMETRIC_CAPACITY_FRACTION,0.05,117,0.0,0.005,0.004917884614030363,-8.211538596963712e-05,flat,8.211538596963712e-05
7,ASYMMETRIC_CAPACITY_FRACTION,0.05,118,0.0,0.005,0.004917884614030363,-8.211538596963712e-05,flat,8.211538596963712e-05
7,ASYMMETRIC_CAPACITY_FRACTION,0.05,119,0.0,0.005,0.004917884614030363,-8.211538596963712e-05,flat,8.211538596963712e-05
7,ASYMMETRIC_CAPACITY_FRACTION,0.05,120,0.0,0.005,0.004917884614030363,-8.211538596963712e-05,flat,8.211538596963712e-05
7,ASYMMETRIC_CAPACITY_FRACTION,0.05,121,0.0,0.005,0.004917884614030363,-8.211538596963712e-05,flat,8.211538596963712e-05
7,ASYMMETRIC_CAPACITY_FRACTION,0.05,122,0.0,0.005,0.004917884614030363,-8.211538596963712e-05,flat,8.211538596963712e-05
7,ASYMMETRIC_CAPACITY_FRACTION,0.05,123,0.0,0.005,0.004917884614030363,-8.211538596963712e-05,flat,8.211538596963712e-05
7,ASYMMETRIC_CAPACITY_FRACTION,0.05,124,0.0,0.005,0.004917884614030363,-8.211538596963712e-05,flat,8.211538596963712e-05
7,ASYMMETRIC_CAPACITY_FRACTION,0.05,125,0.0,0.005,0.004917884614030363,-8.211538596963712e-05,flat,8.211538596963712e-05
7,ASYMMETRIC_CAPACITY_FRACTION,0.05,126,0.0,0.005,0.004917884614030363,-8.211538596963712e-05,flat,8.211538596963712e-05
7,ASYMMETRIC_CAPACITY_FRACTION,0.05,127,0.0,0.005,0.004917884614030363,-8.211538596963712e-05,flat,8.211538596963712e-05
7,ASYMMETRIC_CAPACITY_FRACTION,0.05,128,0.0,0.005,0.004917884614030363,-8.211538596963712e-05,flat,8.211538596963712e-05
7,ASYMMETRIC_CAPACITY_FRACTION,0.05,129,0.0,0.005,0.004917884614030363,-8.211538596963712e-05,flat,8.211538596963712e-05
7,ASYMMETRIC_CAPACITY_FRACTION,0.05,130,0.0,0.005,0.004917884614030363,-8.211538596963712e-05,flat,8.211538596963712e-05
7,ASYMMETRIC_CAPACITY_FRACTION,0.05,131,0.0,0.005,0.004917884614030363,-8.211538596963712e-05,flat,8.211538596963712e-05
7,ASYMMETRIC_CAPACITY_FRACTION,0.05,132,0.0,0.005,0.004917884614030363,-8.211538596963712e-05,flat,8.211538596963712e-05
7,ASYMMETRIC_CAPACITY_FRACTION,0.05,133,0.0,0.005,0.004917884614030363,-8.211538596963712e-05,flat,8.211538596963712e-05
7,ASYMMETRIC_CAPACITY_FRACTION,0.05,134,0.0,0.005,0.004917884614030363,-8.211538596963712e-05,flat,8.211538596963712e-05
7,ASYMMETRIC_CAPACITY_FRACTION,0.05,135,0.0,0.005,0.004917884614030363,-8.211538596963712e-05,flat,8.211538596963712e-05
7,ASYMMETRIC_CAPACITY_FRACTION,0.05,136,0.0,0.005,0.004917884614030363,-8.211538596963712e-05,flat,8.211538596963712e-05
7,ASYMMETRIC_CAPACITY_FRACTION,0.05,137,0.0,0.005,0.004917884614030363,-8.211538596963712e-05,flat,8.211538596963712e-05
7,ASYMMETRIC_CAPACITY_FRACTION,0.05,138,0.0,0.005,0.004917884614030363,-8.211538596963712e-05,flat,8.211538596963712e-05
7,ASYMMETRIC_CAPACITY_FRACTION,0.05,139,0.0,0.005,0.004917884614030363,-8.211538596963712e-05,flat,8.211538596963712e-05
7,ASYMMETRIC_CAPACITY_FRACTION,0.05,140,0.0,0.005,0.004917884614030363,-8.211538596963712e-05,flat,8.211538596963712e-05
7,ASYMMETRIC_CAPACITY_FRACTION,0.05,141,0.0,0.005,0.004917884614030363,-8.211538596963712e-05,flat,8.211538596963712e-05
7,ASYMMETRIC_CAPACITY_FRACTION,0.05,142,0.0,0.005,0.004917884614030363,-8.211538596963712e-05,flat,8.211538596963712e-05
7,ASYMMETRIC_CAPACITY_FRACTION,0.05,143,0.0,0.005,0.004917884614030363,-8.211538596963712e-05,flat,8.211538596963712e-05
7,ASYMMETRIC_CAPACITY_FRACTION,0.05,144,0.0,0.005,0.004917884614030363,-8.211538596963712e-05,flat,8.211538596963712e-05
7,ASYMMETRIC_CAPACITY_FRACTION,0.05,145,0.0,0.005,0.004917884614030363,-8.211538596963712e-05,flat,8.211538596963712e-05
7,ASYMMETRIC_CAPACITY_FRACTION,0.05,146,0.0,0.005,0.004917884614030363,-8.211538596963712e-05,flat,8.211538596963712e-05
7,ASYMMETRIC_CAPACITY_FRACTION,0.05,147,0.0,0.005,0.004917884614030363,-8.211538596963712e-05,flat,8.211538596963712e-05
7,ASYMMETRIC_CAPACITY_FRACTION,0.05,148,0.0,0.005,0.004917884614030363,-8.211538596963712e-05,flat,8.211538596963712e-05
7,ASYMMETRIC_CAPACITY_FRACTION,0.05,149,0.0,0.005,0.004917884614030363,-8.211538596963712e-05,flat,8.211538596963712e-05
7,ASYMMETRIC_CAPACITY_FRACTION,0.05,150,0.0,0.005,0.004917884614030363,-8.211538596963712e-05,flat,8.211538596963712e-05
7,ASYMMETRIC_CAPACITY_FRACTION,0.05,151,0.0,0.005,0.004917884614030363,-8.211538596963712e-05,flat,8.211538596963712e-05
7,ASYMMETRIC_CAPACITY_FRACTION,0.05,152,0.0,0.005,0.004917884614030363,-8.211538596963712e-05,flat,8.211538596963712e-05
7,ASYMMETRIC_CAPACITY_FRACTION,0.05,153,0.0,0.005,0.004917884614030363,-8.211538596963712e-05,flat,8.211538596963712e-05
7,ASYMMETRIC_CAPACITY_FRACTION,0.05,154,0.0,0.005,0.004917884614030363,-8.211538596963712e-05,flat,8.211538596963712e-05
7,ASYMMETRIC_CAPACITY_FRACTION,0.05,156,0.0,0.005,0.004917884614030363,-8.211538596963712e-05,flat,8.211538596963712e-05
7,ASYMMETRIC_CAPACITY_FRACTION,0.05,157,0.0,0.005,0.004917884614030363,-8.211538596963712e-05,flat,8.211538596963712e-05
7,ASYMMETRIC_CAPACITY_FRACTION,0.05,158,0.0,0.005,0.004917884614030363,-8.211538596963712e-05,flat,8.211538596963712e-05
7,ASYMMETRIC_CAPACITY_FRACTION,0.05,159,0.0,0.005,0.004917884614030363,-8.211538596963712e-05,flat,8.211538596963712e-05
7,ASYMMETRIC_CAPACITY_FRACTION,0.05,160,0.0,0.005,0.004917884614030363,-8.211538596963712e-05,flat,8.211538596963712e-05
7,ASYMMETRIC_CAPACITY_FRACTION,0.05,161,0.0,0.005,0.004917884614030363,-8.211538596963712e-05,flat,8.211538596963712e-05
7,ASYMMETRIC_CAPACITY_FRACTION,0.05,162,0.0,0.005,0.004917884614030363,-8.211538596963712e-05,flat,8.211538596963712e-05
7,ASYMMETRIC_CAPACITY_FRACTION,0.05,163,0.0,0.005,0.004917884614030363,-8.211538596963712e-05,flat,8.211538596963712e-05
7,ASYMMETRIC_CAPACITY_FRACTION,0.05,164,0.0,0.005,0.004917884614030363,-8.211538596963712e-05,flat,8.211538596963712e-05
7,ASYMMETRIC_CAPACITY_FRACTION,0.05,165,0.0,0.005,0.004917884614030363,-8.211538596963712e-05,flat,8.211538596963712e-05
7,ASYMMETRIC_CAPACITY_FRACTION,0.05,166,0.0,0.005,0.004917884614030363,-8.211538596963712e-05,flat,8.211538596963712e-05
7,ASYMMETRIC_CAPACITY_FRACTION,0.05,167,0.0,0.005,0.004917884614030363,-8.211538596963712e-05,flat,8.211538596963712e-05
7,ASYMMETRIC_CAPACITY_FRACTION,0.05,168,0.0,0.005,0.004917884614030363,-8.211538596963712e-05,flat,8.211538596963712e-05
7,ASYMMETRIC_CAPACITY_FRACTION,0.05,169,0.0,0.005,0.004917884614030363,-8.211538596963712e-05,flat,8.211538596963712e-05
7,ASYMMETRIC_CAPACITY_FRACTION,0.05,170,0.0,0.005,0.004917884614030363,-8.211538596963712e-05,flat,8.211538596963712e-05
7,ASYMMETRIC_CAPACITY_FRACTION,0.05,171,0.0,0.005,0.004917884614030363,-8.211538596963712e-05,flat,8.211538596963712e-05
7,ASYMMETRIC_CAPACITY_FRACTION,0.05,172,0.0,0.005,0.004917884614030363,-8.211538596963712e-05,flat,8.211538596963712e-05
7,ASYMMETRIC_CAPACITY_FRACTION,0.05,173,0.0,0.005,0.004917884614030363,-8.211538596963712e-05,flat,8.211538596963712e-05
7,ASYMMETRIC_CAPACITY_FRACTION,0.05,174,0.0,0.005,0.004917884614030363,-8.211538596963712e-05,flat,8.211538596963712e-05
7,ASYMMETRIC_CAPACITY_FRACTION,0.05,175,0.0,0.005,0.004917884614030363,-8.211538596963712e-05,flat,8.211538596963712e-05
7,ASYMMETRIC_CAPACITY_FRACTION,0.05,176,0.0,0.005,0.004917884614030363,-8.211538596963712e-05,flat,8.211538596963712e-05
7,ASYMMETRIC_CAPACITY_FRACTION,0.05,177,0.0,0.005,0.004917884614030363,-8.211538596963712e-05,flat,8.211538596963712e-05
7,ASYMMETRIC_CAPACITY_FRACTION,0.05,178,0.0,0.005,0.004917884614030363,-8.211538596963712e-05,flat,8.211538596963712e-05
7,ASYMMETRIC_CAPACITY_FRACTION,0.05,179,0.0,0.005,0.004917884614030363,-8.211538596963712e-05,flat,8.211538596963712e-05
7,ASYMMETRIC_CAPACITY_FRACTION,0.05,180,0.0,0.005,0.004917884614030363,-8.211538596963712e-05,flat,8.211538596963712e-05
7,ASYMMETRIC_CAPACITY_FRACTION,0.05,181,0.0,0.005,0.004917884614030363,-8.211538596963712e-05,flat,8.211538596963712e-05
7,ASYMMETRIC_CAPACITY_FRACTION,0.05,182,0.0,0.005,0.004917884614030363,-8.211538596963712e-05,flat,8.211538596963712e-05
7,ASYMMETRIC_CAPACITY_FRACTION,0.05,183,0.0,0.005,0.004917884614030363,-8.211538596963712e-05,flat,8.211538596963712e-05
7,ASYMMETRIC_CAPACITY_FRACTION,0.05,184,0.0,0.005,0.004917884614030363,-8.211538596963712e-05,flat,8.211538596963712e-05
7,ASYMMETRIC_CAPACITY_FRACTION,0.05,185,0.0,0.005,0.004917884614030363,-8.211538596963712e-05,flat,8.211538596963712e-05
7,ASYMMETRIC_CAPACITY_FRACTION,0.05,186,0.0,0.005,0.004917884614030363,-8.211538596963712e-05,flat,8.211538596963712e-05
7,ASYMMETRIC_CAPACITY_FRACTION,0.05,187,0.0,0.005,0.004917884614030363,-8.211538596963712e-05,flat,8.211538596963712e-05
7,ASYMMETRIC_CAPACITY_FRACTION,0.05,188,0.0,0.005,0.004917884614030363,-8.211538596963712e-05,flat,8.211538596963712e-05
7,ASYMMETRIC_CAPACITY_FRACTION,0.05,189,0.0,0.005,0.004917884614030363,-8.211538596963712e-05,flat,8.211538596963712e-05
7,ASYMMETRIC_CAPACITY_FRACTION,0.05,190,0.0,0.005,0.004917884614030363,-8.211538596963712e-05,flat,8.211538596963712e-05
7,ASYMMETRIC_CAPACITY_FRACTION,0.05,191,0.0,0.005,0.004917884614030363,-8.211538596963712e-05,flat,8.211538596963712e-05
7,ASYMMETRIC_CAPACITY_FRACTION,0.05,192,0.0,0.005,0.004917884614030363,-8.211538596963712e-05,flat,8.211538596963712e-05
7,ASYMMETRIC_CAPACITY_FRACTION,0.05,193,0.0,0.005,0.004917884614030363,-8.211538596963712e-05,flat,8.211538596963712e-05
7,ASYMMETRIC_CAPACITY_FRACTION,0.05,194,0.0,0.005,0.004917884614030363,-8.211538596963712e-05,flat,8.211538596963712e-05
7,ASYMMETRIC_CAPACITY_FRACTION,0.05,195,0.0,0.005,0.004917884614030363,-8.211538596963712e-05,flat,8.211538596963712e-05
7,ASYMMETRIC_CAPACITY_FRACTION,0.05,196,0.0,0.005,0.004917884614030363,-8.211538596963712e-05,flat,8.211538596963712e-05
7,ASYMMETRIC_CAPACITY_FRACTION,0.05,197,0.0,0.005,0.004917884614030363,-8.211538596963712e-05,flat,8.211538596963712e-05
7,ASYMMETRIC_CAPACITY_FRACTION,0.05,198,0.0,0.005,0.004917884614030363,-8.211538596963712e-05,flat,8.211538596963712e-05
7,ASYMMETRIC_CAPACITY_FRACTION,0.05,199,0.0,0.005,0.004917884614030363,-8.211538596963712e-05,flat,8.211538596963712e-05
7,ASYMMETRIC_CAPACITY_FRACTION,0.05,200,0.0,0.005,0.004917884614030363,-8.211538596963712e-05,flat,8.211538596963712e-05
7,ASYMMETRIC_CAPACITY_FRACTION,0.1,155,23478.7738810103,0.005,0.027289787166391244,0.022289787166391243,flat,0.022289787166391243
7,ASYMMETRIC_CAPACITY_FRACTION,0.1,35,859.078049623756,0.005,0.005703693952125268,0.0007036939521252675,flat,0.0007036939521252675
7,ASYMMETRIC_CAPACITY_FRACTION,0.1,1,0.0,0.005,0.004883871307482239,-0.00011612869251776108,flat,0.00011612869251776108
7,ASYMMETRIC_CAPACITY_FRACTION,0.1,2,0.0,0.005,0.004883871307482239,-0.00011612869251776108,flat,0.00011612869251776108
7,ASYMMETRIC_CAPACITY_FRACTION,0.1,3,0.0,0.005,0.004883871307482239,-0.00011612869251776108,flat,0.00011612869251776108
7,ASYMMETRIC_CAPACITY_FRACTION,0.1,4,0.0,0.005,0.004883871307482239,-0.00011612869251776108,flat,0.00011612869251776108
7,ASYMMETRIC_CAPACITY_FRACTION,0.1,5,0.0,0.005,0.004883871307482239,-0.00011612869251776108,flat,0.00011612869251776108
7,ASYMMETRIC_CAPACITY_FRACTION,0.1,6,0.0,0.005,0.004883871307482239,-0.00011612869251776108,flat,0.00011612869251776108
7,ASYMMETRIC_CAPACITY_FRACTION,0.1,7,0.0,0.005,0.004883871307482239,-0.00011612869251776108,flat,0.00011612869251776108
7,ASYMMETRIC_CAPACITY_FRACTION,0.1,8,0.0,0.005,0.004883871307482239,-0.00011612869251776108,flat,0.00011612869251776108
7,ASYMMETRIC_CAPACITY_FRACTION,0.1,9,0.0,0.005,0.004883871307482239,-0.00011612869251776108,flat,0.00011612869251776108
7,ASYMMETRIC_CAPACITY_FRACTION,0.1,10,0.0,0.005,0.004883871307482239,-0.00011612869251776108,flat,0.00011612869251776108
7,ASYMMETRIC_CAPACITY_FRACTION,0.1,11,0.0,0.005,0.004883871307482239,-0.00011612869251776108,flat,0.00011612869251776108
7,ASYMMETRIC_CAPACITY_FRACTION,0.1,12,0.0,0.005,0.004883871307482239,-0.00011612869251776108,flat,0.00011612869251776108
7,ASYMMETRIC_CAPACITY_FRACTION,0.1,13,0.0,0.005,0.004883871307482239,-0.00011612869251776108,flat,0.00011612869251776108
7,ASYMMETRIC_CAPACITY_FRACTION,0.1,14,0.0,0.005,0.004883871307482239,-0.00011612869251776108,flat,0.00011612869251776108
7,ASYMMETRIC_CAPACITY_FRACTION,0.1,15,0.0,0.005,0.004883871307482239,-0.00011612869251776108,flat,0.00011612869251776108
7,ASYMMETRIC_CAPACITY_FRACTION,0.1,16,0.0,0.005,0.004883871307482239,-0.00011612869251776108,flat,0.00011612869251776108
7,ASYMMETRIC_CAPACITY_FRACTION,0.1,17,0.0,0.005,0.004883871307482239,-0.00011612869251776108,flat,0.00011612869251776108
7,ASYMMETRIC_CAPACITY_FRACTION,0.1,18,0.0,0.005,0.004883871307482239,-0.00011612869251776108,flat,0.00011612869251776108
7,ASYMMETRIC_CAPACITY_FRACTION,0.1,19,0.0,0.005,0.004883871307482239,-0.00011612869251776108,flat,0.00011612869251776108
7,ASYMMETRIC_CAPACITY_FRACTION,0.1,20,0.0,0.005,0.004883871307482239,-0.00011612869251776108,flat,0.00011612869251776108
7,ASYMMETRIC_CAPACITY_FRACTION,0.1,21,0.0,0.005,0.004883871307482239,-0.00011612869251776108,flat,0.00011612869251776108
7,ASYMMETRIC_CAPACITY_FRACTION,0.1,22,0.0,0.005,0.004883871307482239,-0.00011612869251776108,flat,0.00011612869251776108
7,ASYMMETRIC_CAPACITY_FRACTION,0.1,23,0.0,0.005,0.004883871307482239,-0.00011612869251776108,flat,0.00011612869251776108
7,ASYMMETRIC_CAPACITY_FRACTION,0.1,24,0.0,0.005,0.004883871307482239,-0.00011612869251776108,flat,0.00011612869251776108
7,ASYMMETRIC_CAPACITY_FRACTION,0.1,25,0.0,0.005,0.004883871307482239,-0.00011612869251776108,flat,0.00011612869251776108
7,ASYMMETRIC_CAPACITY_FRACTION,0.1,26,0.0,0.005,0.004883871307482239,-0.00011612869251776108,flat,0.00011612869251776108
7,ASYMMETRIC_CAPACITY_FRACTION,0.1,27,0.0,0.005,0.004883871307482239,-0.00011612869251776108,flat,0.00011612869251776108
7,ASYMMETRIC_CAPACITY_FRACTION,0.1,28,0.0,0.005,0.004883871307482239,-0.00011612869251776108,flat,0.00011612869251776108
7,ASYMMETRIC_CAPACITY_FRACTION,0.1,29,0.0,0.005,0.004883871307482239,-0.00011612869251776108,flat,0.00011612869251776108
7,ASYMMETRIC_CAPACITY_FRACTION,0.1,30,0.0,0.005,0.004883871307482239,-0.00011612869251776108,flat,0.00011612869251776108
7,ASYMMETRIC_CAPACITY_FRACTION,0.1,31,0.0,0.005,0.004883871307482239,-0.00011612869251776108,flat,0.00011612869251776108
7,ASYMMETRIC_CAPACITY_FRACTION,0.1,32,0.0,0.005,0.004883871307482239,-0.00011612869251776108,flat,0.00011612869251776108
7,ASYMMETRIC_CAPACITY_FRACTION,0.1,33,0.0,0.005,0.004883871307482239,-0.00011612869251776108,flat,0.00011612869251776108
7,ASYMMETRIC_CAPACITY_FRACTION,0.1,34,0.0,0.005,0.004883871307482239,-0.00011612869251776108,flat,0.00011612869251776108
7,ASYMMETRIC_CAPACITY_FRACTION,0.1,36,0.0,0.005,0.004883871307482239,-0.00011612869251776108,flat,0.00011612869251776108
7,ASYMMETRIC_CAPACITY_FRACTION,0.1,37,0.0,0.005,0.004883871307482239,-0.00011612869251776108,flat,0.00011612869251776108
7,ASYMMETRIC_CAPACITY_FRACTION,0.1,38,0.0,0.005,0.004883871307482239,-0.00011612869251776108,flat,0.00011612869251776108
7,ASYMMETRIC_CAPACITY_FRACTION,0.1,39,0.0,0.005,0.004883871307482239,-0.00011612869251776108,flat,0.00011612869251776108
7,ASYMMETRIC_CAPACITY_FRACTION,0.1,40,0.0,0.005,0.004883871307482239,-0.00011612869251776108,flat,0.00011612869251776108
7,ASYMMETRIC_CAPACITY_FRACTION,0.1,41,0.0,0.005,0.004883871307482239,-0.00011612869251776108,flat,0.00011612869251776108
7,ASYMMETRIC_CAPACITY_FRACTION,0.1,42,0.0,0.005,0.004883871307482239,-0.00011612869251776108,flat,0.00011612869251776108
7,ASYMMETRIC_CAPACITY_FRACTION,0.1,43,0.0,0.005,0.004883871307482239,-0.00011612869251776108,flat,0.00011612869251776108
7,ASYMMETRIC_CAPACITY_FRACTION,0.1,44,0.0,0.005,0.004883871307482239,-0.00011612869251776108,flat,0.00011612869251776108
7,ASYMMETRIC_CAPACITY_FRACTION,0.1,45,0.0,0.005,0.004883871307482239,-0.00011612869251776108,flat,0.00011612869251776108
7,ASYMMETRIC_CAPACITY_FRACTION,0.1,46,0.0,0.005,0.004883871307482239,-0.00011612869251776108,flat,0.00011612869251776108
7,ASYMMETRIC_CAPACITY_FRACTION,0.1,47,0.0,0.005,0.004883871307482239,-0.00011612869251776108,flat,0.00011612869251776108
7,ASYMMETRIC_CAPACITY_FRACTION,0.1,48,0.0,0.005,0.004883871307482239,-0.00011612869251776108,flat,0.00011612869251776108
7,ASYMMETRIC_CAPACITY_FRACTION,0.1,49,0.0,0.005,0.004883871307482239,-0.00011612869251776108,flat,0.00011612869251776108
7,ASYMMETRIC_CAPACITY_FRACTION,0.1,50,0.0,0.005,0.004883871307482239,-0.00011612869251776108,flat,0.00011612869251776108
7,ASYMMETRIC_CAPACITY_FRACTION,0.1,51,0.0,0.005,0.004883871307482239,-0.00011612869251776108,flat,0.00011612869251776108
7,ASYMMETRIC_CAPACITY_FRACTION,0.1,52,0.0,0.005,0.004883871307482239,-0.00011612869251776108,flat,0.00011612869251776108
7,ASYMMETRIC_CAPACITY_FRACTION,0.1,53,0.0,0.005,0.004883871307482239,-0.00011612869251776108,flat,0.00011612869251776108
7,ASYMMETRIC_CAPACITY_FRACTION,0.1,54,0.0,0.005,0.004883871307482239,-0.00011612869251776108,flat,0.00011612869251776108
7,ASYMMETRIC_CAPACITY_FRACTION,0.1,55,0.0,0.005,0.004883871307482239,-0.00011612869251776108,flat,0.00011612869251776108
7,ASYMMETRIC_CAPACITY_FRACTION,0.1,56,0.0,0.005,0.004883871307482239,-0.00011612869251776108,flat,0.00011612869251776108
7,ASYMMETRIC_CAPACITY_FRACTION,0.1,57,0.0,0.005,0.004883871307482239,-0.00011612869251776108,flat,0.00011612869251776108
7,ASYMMETRIC_CAPACITY_FRACTION,0.1,58,0.0,0.005,0.004883871307482239,-0.00011612869251776108,flat,0.00011612869251776108
7,ASYMMETRIC_CAPACITY_FRACTION,0.1,59,0.0,0.005,0.004883871307482239,-0.00011612869251776108,flat,0.00011612869251776108
7,ASYMMETRIC_CAPACITY_FRACTION,0.1,60,0.0,0.005,0.004883871307482239,-0.00011612869251776108,flat,0.00011612869251776108
7,ASYMMETRIC_CAPACITY_FRACTION,0.1,61,0.0,0.005,0.004883871307482239,-0.00011612869251776108,flat,0.00011612869251776108
7,ASYMMETRIC_CAPACITY_FRACTION,0.1,62,0.0,0.005,0.004883871307482239,-0.00011612869251776108,flat,0.00011612869251776108
7,ASYMMETRIC_CAPACITY_FRACTION,0.1,63,0.0,0.005,0.004883871307482239,-0.00011612869251776108,flat,0.00011612869251776108
7,ASYMMETRIC_CAPACITY_FRACTION,0.1,64,0.0,0.005,0.004883871307482239,-0.00011612869251776108,flat,0.00011612869251776108
7,ASYMMETRIC_CAPACITY_FRACTION,0.1,65,0.0,0.005,0.004883871307482239,-0.00011612869251776108,flat,0.00011612869251776108
7,ASYMMETRIC_CAPACITY_FRACTION,0.1,66,0.0,0.005,0.004883871307482239,-0.00011612869251776108,flat,0.00011612869251776108
7,ASYMMETRIC_CAPACITY_FRACTION,0.1,67,0.0,0.005,0.004883871307482239,-0.00011612869251776108,flat,0.00011612869251776108
7,ASYMMETRIC_CAPACITY_FRACTION,0.1,68,0.0,0.005,0.004883871307482239,-0.00011612869251776108,flat,0.00011612869251776108
7,ASYMMETRIC_CAPACITY_FRACTION,0.1,69,0.0,0.005,0.004883871307482239,-0.00011612869251776108,flat,0.00011612869251776108
7,ASYMMETRIC_CAPACITY_FRACTION,0.1,70,0.0,0.005,0.004883871307482239,-0.00011612869251776108,flat,0.00011612869251776108
7,ASYMMETRIC_CAPACITY_FRACTION,0.1,71,0.0,0.005,0.004883871307482239,-0.00011612869251776108,flat,0.00011612869251776108
7,ASYMMETRIC_CAPACITY_FRACTION,0.1,72,0.0,0.005,0.004883871307482239,-0.00011612869251776108,flat,0.00011612869251776108
7,ASYMMETRIC_CAPACITY_FRACTION,0.1,73,0.0,0.005,0.004883871307482239,-0.00011612869251776108,flat,0.00011612869251776108
7,ASYMMETRIC_CAPACITY_FRACTION,0.1,74,0.0,0.005,0.004883871307482239,-0.00011612869251776108,flat,0.00011612869251776108
7,ASYMMETRIC_CAPACITY_FRACTION,0.1,75,0.0,0.005,0.004883871307482239,-0.00011612869251776108,flat,0.00011612869251776108
7,ASYMMETRIC_CAPACITY_FRACTION,0.1,76,0.0,0.005,0.004883871307482239,-0.00011612869251776108,flat,0.00011612869251776108
7,ASYMMETRIC_CAPACITY_FRACTION,0.1,77,0.0,0.005,0.004883871307482239,-0.00011612869251776108,flat,0.00011612869251776108
7,ASYMMETRIC_CAPACITY_FRACTION,0.1,78,0.0,0.005,0.004883871307482239,-0.00011612869251776108,flat,0.00011612869251776108
7,ASYMMETRIC_CAPACITY_FRACTION,0.1,79,0.0,0.005,0.004883871307482239,-0.00011612869251776108,flat,0.00011612869251776108
7,ASYMMETRIC_CAPACITY_FRACTION,0.1,80,0.0,0.005,0.004883871307482239,-0.00011612869251776108,flat,0.00011612869251776108
7,ASYMMETRIC_CAPACITY_FRACTION,0.1,81,0.0,0.005,0.004883871307482239,-0.00011612869251776108,flat,0.00011612869251776108
7,ASYMMETRIC_CAPACITY_FRACTION,0.1,82,0.0,0.005,0.004883871307482239,-0.00011612869251776108,flat,0.00011612869251776108
7,ASYMMETRIC_CAPACITY_FRACTION,0.1,83,0.0,0.005,0.004883871307482239,-0.00011612869251776108,flat,0.00011612869251776108
7,ASYMMETRIC_CAPACITY_FRACTION,0.1,84,0.0,0.005,0.004883871307482239,-0.00011612869251776108,flat,0.00011612869251776108
7,ASYMMETRIC_CAPACITY_FRACTION,0.1,85,0.0,0.005,0.004883871307482239,-0.00011612869251776108,flat,0.00011612869251776108
7,ASYMMETRIC_CAPACITY_FRACTION,0.1,86,0.0,0.005,0.004883871307482239,-0.00011612869251776108,flat,0.00011612869251776108
7,ASYMMETRIC_CAPACITY_FRACTION,0.1,87,0.0,0.005,0.004883871307482239,-0.00011612869251776108,flat,0.00011612869251776108
7,ASYMMETRIC_CAPACITY_FRACTION,0.1,88,0.0,0.005,0.004883871307482239,-0.00011612869251776108,flat,0.00011612869251776108
7,ASYMMETRIC_CAPACITY_FRACTION,0.1,89,0.0,0.005,0.004883871307482239,-0.00011612869251776108,flat,0.00011612869251776108
7,ASYMMETRIC_CAPACITY_FRACTION,0.1,90,0.0,0.005,0.004883871307482239,-0.00011612869251776108,flat,0.00011612869251776108
7,ASYMMETRIC_CAPACITY_FRACTION,0.1,91,0.0,0.005,0.004883871307482239,-0.00011612869251776108,flat,0.00011612869251776108
7,ASYMMETRIC_CAPACITY_FRACTION,0.1,92,0.0,0.005,0.004883871307482239,-0.00011612869251776108,flat,0.00011612869251776108
7,ASYMMETRIC_CAPACITY_FRACTION,0.1,93,0.0,0.005,0.004883871307482239,-0.00011612869251776108,flat,0.00011612869251776108
7,ASYMMETRIC_CAPACITY_FRACTION,0.1,94,0.0,0.005,0.004883871307482239,-0.00011612869251776108,flat,0.00011612869251776108
7,ASYMMETRIC_CAPACITY_FRACTION,0.1,95,0.0,0.005,0.004883871307482239,-0.00011612869251776108,flat,0.00011612869251776108
7,ASYMMETRIC_CAPACITY_FRACTION,0.1,96,0.0,0.005,0.004883871307482239,-0.00011612869251776108,flat,0.00011612869251776108
7,ASYMMETRIC_CAPACITY_FRACTION,0.1,97,0.0,0.005,0.004883871307482239,-0.00011612869251776108,flat,0.00011612869251776108
7,ASYMMETRIC_CAPACITY_FRACTION,0.1,98,0.0,0.005,0.004883871307482239,-0.00011612869251776108,flat,0.00011612869251776108
7,ASYMMETRIC_CAPACITY_FRACTION,0.1,99,0.0,0.005,0.004883871307482239,-0.00011612869251776108,flat,0.00011612869251776108
7,ASYMMETRIC_CAPACITY_FRACTION,0.1,100,0.0,0.005,0.004883871307482239,-0.00011612869251776108,flat,0.00011612869251776108
7,ASYMMETRIC_CAPACITY_FRACTION,0.1,101,0.0,0.005,0.004883871307482239,-0.00011612869251776108,flat,0.00011612869251776108
7,ASYMMETRIC_CAPACITY_FRACTION,0.1,102,0.0,0.005,0.004883871307482239,-0.00011612869251776108,flat,0.00011612869251776108
7,ASYMMETRIC_CAPACITY_FRACTION,0.1,103,0.0,0.005,0.004883871307482239,-0.00011612869251776108,flat,0.00011612869251776108
7,ASYMMETRIC_CAPACITY_FRACTION,0.1,104,0.0,0.005,0.004883871307482239,-0.00011612869251776108,flat,0.00011612869251776108
7,ASYMMETRIC_CAPACITY_FRACTION,0.1,105,0.0,0.005,0.004883871307482239,-0.00011612869251776108,flat,0.00011612869251776108
7,ASYMMETRIC_CAPACITY_FRACTION,0.1,106,0.0,0.005,0.004883871307482239,-0.00011612869251776108,flat,0.00011612869251776108
7,ASYMMETRIC_CAPACITY_FRACTION,0.1,107,0.0,0.005,0.004883871307482239,-0.00011612869251776108,flat,0.00011612869251776108
7,ASYMMETRIC_CAPACITY_FRACTION,0.1,108,0.0,0.005,0.004883871307482239,-0.00011612869251776108,flat,0.00011612869251776108
7,ASYMMETRIC_CAPACITY_FRACTION,0.1,109,0.0,0.005,0.004883871307482239,-0.00011612869251776108,flat,0.00011612869251776108
7,ASYMMETRIC_CAPACITY_FRACTION,0.1,110,0.0,0.005,0.004883871307482239,-0.00011612869251776108,flat,0.00011612869251776108
7,ASYMMETRIC_CAPACITY_FRACTION,0.1,111,0.0,0.005,0.004883871307482239,-0.00011612869251776108,flat,0.00011612869251776108
7,ASYMMETRIC_CAPACITY_FRACTION,0.1,112,0.0,0.005,0.004883871307482239,-0.00011612869251776108,flat,0.00011612869251776108
7,ASYMMETRIC_CAPACITY_FRACTION,0.1,113,0.0,0.005,0.004883871307482239,-0.00011612869251776108,flat,0.00011612869251776108
7,ASYMMETRIC_CAPACITY_FRACTION,0.1,114,0.0,0.005,0.004883871307482239,-0.00011612869251776108,flat,0.00011612869251776108
7,ASYMMETRIC_CAPACITY_FRACTION,0.1,115,0.0,0.005,0.004883871307482239,-0.00011612869251776108,flat,0.00011612869251776108
7,ASYMMETRIC_CAPACITY_FRACTION,0.1,116,0.0,0.005,0.004883871307482239,-0.00011612869251776108,flat,0.00011612869251776108
7,ASYMMETRIC_CAPACITY_FRACTION,0.1,117,0.0,0.005,0.004883871307482239,-0.00011612869251776108,flat,0.00011612869251776108
7,ASYMMETRIC_CAPACITY_FRACTION,0.1,118,0.0,0.005,0.004883871307482239,-0.00011612869251776108,flat,0.00011612869251776108
7,ASYMMETRIC_CAPACITY_FRACTION,0.1,119,0.0,0.005,0.004883871307482239,-0.00011612869251776108,flat,0.00011612869251776108
7,ASYMMETRIC_CAPACITY_FRACTION,0.1,120,0.0,0.005,0.004883871307482239,-0.00011612869251776108,flat,0.00011612869251776108
7,ASYMMETRIC_CAPACITY_FRACTION,0.1,121,0.0,0.005,0.004883871307482239,-0.00011612869251776108,flat,0.00011612869251776108
7,ASYMMETRIC_CAPACITY_FRACTION,0.1,122,0.0,0.005,0.004883871307482239,-0.00011612869251776108,flat,0.00011612869251776108
7,ASYMMETRIC_CAPACITY_FRACTION,0.1,123,0.0,0.005,0.004883871307482239,-0.00011612869251776108,flat,0.00011612869251776108
7,ASYMMETRIC_CAPACITY_FRACTION,0.1,124,0.0,0.005,0.004883871307482239,-0.00011612869251776108,flat,0.00011612869251776108
7,ASYMMETRIC_CAPACITY_FRACTION,0.1,125,0.0,0.005,0.004883871307482239,-0.00011612869251776108,flat,0.00011612869251776108
7,ASYMMETRIC_CAPACITY_FRACTION,0.1,126,0.0,0.005,0.004883871307482239,-0.00011612869251776108,flat,0.00011612869251776108
7,ASYMMETRIC_CAPACITY_FRACTION,0.1,127,0.0,0.005,0.004883871307482239,-0.00011612869251776108,flat,0.00011612869251776108
7,ASYMMETRIC_CAPACITY_FRACTION,0.1,128,0.0,0.005,0.004883871307482239,-0.00011612869251776108,flat,0.00011612869251776108
7,ASYMMETRIC_CAPACITY_FRACTION,0.1,129,0.0,0.005,0.004883871307482239,-0.00011612869251776108,flat,0.00011612869251776108
7,ASYMMETRIC_CAPACITY_FRACTION,0.1,130,0.0,0.005,0.004883871307482239,-0.00011612869251776108,flat,0.00011612869251776108
7,ASYMMETRIC_CAPACITY_FRACTION,0.1,131,0.0,0.005,0.004883871307482239,-0.00011612869251776108,flat,0.00011612869251776108
7,ASYMMETRIC_CAPACITY_FRACTION,0.1,132,0.0,0.005,0.004883871307482239,-0.00011612869251776108,flat,0.00011612869251776108
7,ASYMMETRIC_CAPACITY_FRACTION,0.1,133,0.0,0.005,0.004883871307482239,-0.00011612869251776108,flat,0.00011612869251776108
7,ASYMMETRIC_CAPACITY_FRACTION,0.1,134,0.0,0.005,0.004883871307482239,-0.00011612869251776108,flat,0.00011612869251776108
7,ASYMMETRIC_CAPACITY_FRACTION,0.1,135,0.0,0.005,0.004883871307482239,-0.00011612869251776108,flat,0.00011612869251776108
7,ASYMMETRIC_CAPACITY_FRACTION,0.1,136,0.0,0.005,0.004883871307482239,-0.00011612869251776108,flat,0.00011612869251776108
7,ASYMMETRIC_CAPACITY_FRACTION,0.1,137,0.0,0.005,0.004883871307482239,-0.00011612869251776108,flat,0.00011612869251776108
7,ASYMMETRIC_CAPACITY_FRACTION,0.1,138,0.0,0.005,0.004883871307482239,-0.00011612869251776108,flat,0.00011612869251776108
7,ASYMMETRIC_CAPACITY_FRACTION,0.1,139,0.0,0.005,0.004883871307482239,-0.00011612869251776108,flat,0.00011612869251776108
7,ASYMMETRIC_CAPACITY_FRACTION,0.1,140,0.0,0.005,0.004883871307482239,-0.00011612869251776108,flat,0.00011612869251776108
7,ASYMMETRIC_CAPACITY_FRACTION,0.1,141,0.0,0.005,0.004883871307482239,-0.00011612869251776108,flat,0.00011612869251776108
7,ASYMMETRIC_CAPACITY_FRACTION,0.1,142,0.0,0.005,0.004883871307482239,-0.00011612869251776108,flat,0.00011612869251776108
7,ASYMMETRIC_CAPACITY_FRACTION,0.1,143,0.0,0.005,0.004883871307482239,-0.00011612869251776108,flat,0.00011612869251776108
7,ASYMMETRIC_CAPACITY_FRACTION,0.1,144,0.0,0.005,0.004883871307482239,-0.00011612869251776108,flat,0.00011612869251776108
7,ASYMMETRIC_CAPACITY_FRACTION,0.1,145,0.0,0.005,0.004883871307482239,-0.00011612869251776108,flat,0.00011612869251776108
7,ASYMMETRIC_CAPACITY_FRACTION,0.1,146,0.0,0.005,0.004883871307482239,-0.00011612869251776108,flat,0.00011612869251776108
7,ASYMMETRIC_CAPACITY_FRACTION,0.1,147,0.0,0.005,0.004883871307482239,-0.00011612869251776108,flat,0.00011612869251776108
7,ASYMMETRIC_CAPACITY_FRACTION,0.1,148,0.0,0.005,0.004883871307482239,-0.00011612869251776108,flat,0.00011612869251776108
7,ASYMMETRIC_CAPACITY_FRACTION,0.1,149,0.0,0.005,0.004883871307482239,-0.00011612869251776108,flat,0.00011612869251776108
7,ASYMMETRIC_CAPACITY_FRACTION,0.1,150,0.0,0.005,0.004883871307482239,-0.00011612869251776108,flat,0.00011612869251776108
7,ASYMMETRIC_CAPACITY_FRACTION,0.1,151,0.0,0.005,0.004883871307482239,-0.00011612869251776108,flat,0.00011612869251776108
7,ASYMMETRIC_CAPACITY_FRACTION,0.1,152,0.0,0.005,0.004883871307482239,-0.00011612869251776108,flat,0.00011612869251776108
7,ASYMMETRIC_CAPACITY_FRACTION,0.1,153,0.0,0.005,0.004883871307482239,-0.00011612869251776108,flat,0.00011612869251776108
7,ASYMMETRIC_CAPACITY_FRACTION,0.1,154,0.0,0.005,0.004883871307482239,-0.00011612869251776108,flat,0.00011612869251776108
7,ASYMMETRIC_CAPACITY_FRACTION,0.1,156,0.0,0.005,0.004883871307482239,-0.00011612869251776108,flat,0.00011612869251776108
7,ASYMMETRIC_CAPACITY_FRACTION,0.1,157,0.0,0.005,0.004883871307482239,-0.00011612869251776108,flat,0.00011612869251776108
7,ASYMMETRIC_CAPACITY_FRACTION,0.1,158,0.0,0.005,0.004883871307482239,-0.00011612869251776108,flat,0.00011612869251776108
7,ASYMMETRIC_CAPACITY_FRACTION,0.1,159,0.0,0.005,0.004883871307482239,-0.00011612869251776108,flat,0.00011612869251776108
7,ASYMMETRIC_CAPACITY_FRACTION,0.1,160,0.0,0.005,0.004883871307482239,-0.00011612869251776108,flat,0.00011612869251776108
7,ASYMMETRIC_CAPACITY_FRACTION,0.1,161,0.0,0.005,0.004883871307482239,-0.00011612869251776108,flat,0.00011612869251776108
7,ASYMMETRIC_CAPACITY_FRACTION,0.1,162,0.0,0.005,0.004883871307482239,-0.00011612869251776108,flat,0.00011612869251776108
7,ASYMMETRIC_CAPACITY_FRACTION,0.1,163,0.0,0.005,0.004883871307482239,-0.00011612869251776108,flat,0.00011612869251776108
7,ASYMMETRIC_CAPACITY_FRACTION,0.1,164,0.0,0.005,0.004883871307482239,-0.00011612869251776108,flat,0.00011612869251776108
7,ASYMMETRIC_CAPACITY_FRACTION,0.1,165,0.0,0.005,0.004883871307482239,-0.00011612869251776108,flat,0.00011612869251776108
7,ASYMMETRIC_CAPACITY_FRACTION,0.1,166,0.0,0.005,0.004883871307482239,-0.00011612869251776108,flat,0.00011612869251776108
7,ASYMMETRIC_CAPACITY_FRACTION,0.1,167,0.0,0.005,0.004883871307482239,-0.00011612869251776108,flat,0.00011612869251776108
7,ASYMMETRIC_CAPACITY_FRACTION,0.1,168,0.0,0.005,0.004883871307482239,-0.00011612869251776108,flat,0.00011612869251776108
7,ASYMMETRIC_CAPACITY_FRACTION,0.1,169,0.0,0.005,0.004883871307482239,-0.00011612869251776108,flat,0.00011612869251776108
7,ASYMMETRIC_CAPACITY_FRACTION,0.1,170,0.0,0.005,0.004883871307482239,-0.00011612869251776108,flat,0.00011612869251776108
7,ASYMMETRIC_CAPACITY_FRACTION,0.1,171,0.0,0.005,0.004883871307482239,-0.00011612869251776108,flat,0.00011612869251776108
7,ASYMMETRIC_CAPACITY_FRACTION,0.1,172,0.0,0.005,0.004883871307482239,-0.00011612869251776108,flat,0.00011612869251776108
7,ASYMMETRIC_CAPACITY_FRACTION,0.1,173,0.0,0.005,0.004883871307482239,-0.00011612869251776108,flat,0.00011612869251776108
7,ASYMMETRIC_CAPACITY_FRACTION,0.1,174,0.0,0.005,0.004883871307482239,-0.00011612869251776108,flat,0.00011612869251776108
7,ASYMMETRIC_CAPACITY_FRACTION,0.1,175,0.0,0.005,0.004883871307482239,-0.00011612869251776108,flat,0.00011612869251776108
7,ASYMMETRIC_CAPACITY_FRACTION,0.1,176,0.0,0.005,0.004883871307482239,-0.00011612869251776108,flat,0.00011612869251776108
7,ASYMMETRIC_CAPACITY_FRACTION,0.1,177,0.0,0.005,0.004883871307482239,-0.00011612869251776108,flat,0.00011612869251776108
7,ASYMMETRIC_CAPACITY_FRACTION,0.1,178,0.0,0.005,0.004883871307482239,-0.00011612869251776108,flat,0.00011612869251776108
7,ASYMMETRIC_CAPACITY_FRACTION,0.1,179,0.0,0.005,0.004883871307482239,-0.00011612869251776108,flat,0.00011612869251776108
7,ASYMMETRIC_CAPACITY_FRACTION,0.1,180,0.0,0.005,0.004883871307482239,-0.00011612869251776108,flat,0.00011612869251776108
7,ASYMMETRIC_CAPACITY_FRACTION,0.1,181,0.0,0.005,0.004883871307482239,-0.00011612869251776108,flat,0.00011612869251776108
7,ASYMMETRIC_CAPACITY_FRACTION,0.1,182,0.0,0.005,0.004883871307482239,-0.00011612869251776108,flat,0.00011612869251776108
7,ASYMMETRIC_CAPACITY_FRACTION,0.1,183,0.0,0.005,0.004883871307482239,-0.00011612869251776108,flat,0.00011612869251776108
7,ASYMMETRIC_CAPACITY_FRACTION,0.1,184,0.0,0.005,0.004883871307482239,-0.00011612869251776108,flat,0.00011612869251776108
7,ASYMMETRIC_CAPACITY_FRACTION,0.1,185,0.0,0.005,0.004883871307482239,-0.00011612869251776108,flat,0.00011612869251776108
7,ASYMMETRIC_CAPACITY_FRACTION,0.1,186,0.0,0.005,0.004883871307482239,-0.00011612869251776108,flat,0.00011612869251776108
7,ASYMMETRIC_CAPACITY_FRACTION,0.1,187,0.0,0.005,0.004883871307482239,-0.00011612869251776108,flat,0.00011612869251776108
7,ASYMMETRIC_CAPACITY_FRACTION,0.1,188,0.0,0.005,0.004883871307482239,-0.00011612869251776108,flat,0.00011612869251776108
7,ASYMMETRIC_CAPACITY_FRACTION,0.1,189,0.0,0.005,0.004883871307482239,-0.00011612869251776108,flat,0.00011612869251776108
7,ASYMMETRIC_CAPACITY_FRACTION,0.1,190,0.0,0.005,0.004883871307482239,-0.00011612869251776108,flat,0.00011612869251776108
7,ASYMMETRIC_CAPACITY_FRACTION,0.1,191,0.0,0.005,0.004883871307482239,-0.00011612869251776108,flat,0.00011612869251776108
7,ASYMMETRIC_CAPACITY_FRACTION,0.1,192,0.0,0.005,0.004883871307482239,-0.00011612869251776108,flat,0.00011612869251776108
7,ASYMMETRIC_CAPACITY_FRACTION,0.1,193,0.0,0.005,0.004883871307482239,-0.00011612869251776108,flat,0.00011612869251776108
7,ASYMMETRIC_CAPACITY_FRACTION,0.1,194,0.0,0.005,0.004883871307482239,-0.00011612869251776108,flat,0.00011612869251776108
7,ASYMMETRIC_CAPACITY_FRACTION,0.1,195,0.0,0.005,0.004883871307482239,-0.00011612869251776108,flat,0.00011612869251776108
7,ASYMMETRIC_CAPACITY_FRACTION,0.1,196,0.0,0.005,0.004883871307482239,-0.00011612869251776108,flat,0.00011612869251776108
7,ASYMMETRIC_CAPACITY_FRACTION,0.1,197,0.0,0.005,0.004883871307482239,-0.00011612869251776108,flat,0.00011612869251776108
7,ASYMMETRIC_CAPACITY_FRACTION,0.1,198,0.0,0.005,0.004883871307482239,-0.00011612869251776108,flat,0.00011612869251776108
7,ASYMMETRIC_CAPACITY_FRACTION,0.1,199,0.0,0.005,0.004883871307482239,-0.00011612869251776108,flat,0.00011612869251776108
7,ASYMMETRIC_CAPACITY_FRACTION,0.1,200,0.0,0.005,0.004883871307482239,-0.00011612869251776108,flat,0.00011612869251776108
7,FULL_CAPACITY,0.001,155,23458.6978833397,0.005,0.007228976163784915,0.002228976163784915,flat,0.002228976163784915
7,FULL_CAPACITY,0.001,35,859.078049623756,0.005,0.005070439135397155,7.043913539715469e-05,flat,7.043913539715469e-05
7,FULL_CAPACITY,0.001,1,0.0,0.005,0.004988386791418273,-1.1613208581727139e-05,flat,1.1613208581727139e-05
7,FULL_CAPACITY,0.001,2,0.0,0.005,0.004988386791418273,-1.1613208581727139e-05,flat,1.1613208581727139e-05
7,FULL_CAPACITY,0.001,3,0.0,0.005,0.004988386791418273,-1.1613208581727139e-05,flat,1.1613208581727139e-05
7,FULL_CAPACITY,0.001,4,0.0,0.005,0.004988386791418273,-1.1613208581727139e-05,flat,1.1613208581727139e-05
7,FULL_CAPACITY,0.001,5,0.0,0.005,0.004988386791418273,-1.1613208581727139e-05,flat,1.1613208581727139e-05
7,FULL_CAPACITY,0.001,6,0.0,0.005,0.004988386791418273,-1.1613208581727139e-05,flat,1.1613208581727139e-05
7,FULL_CAPACITY,0.001,7,0.0,0.005,0.004988386791418273,-1.1613208581727139e-05,flat,1.1613208581727139e-05
7,FULL_CAPACITY,0.001,8,0.0,0.005,0.004988386791418273,-1.1613208581727139e-05,flat,1.1613208581727139e-05
7,FULL_CAPACITY,0.001,9,0.0,0.005,0.004988386791418273,-1.1613208581727139e-05,flat,1.1613208581727139e-05
7,FULL_CAPACITY,0.001,10,0.0,0.005,0.004988386791418273,-1.1613208581727139e-05,flat,1.1613208581727139e-05
7,FULL_CAPACITY,0.001,11,0.0,0.005,0.004988386791418273,-1.1613208581727139e-05,flat,1.1613208581727139e-05
7,FULL_CAPACITY,0.001,12,0.0,0.005,0.004988386791418273,-1.1613208581727139e-05,flat,1.1613208581727139e-05
7,FULL_CAPACITY,0.001,13,0.0,0.005,0.004988386791418273,-1.1613208581727139e-05,flat,1.1613208581727139e-05
7,FULL_CAPACITY,0.001,14,0.0,0.005,0.004988386791418273,-1.1613208581727139e-05,flat,1.1613208581727139e-05
7,FULL_CAPACITY,0.001,15,0.0,0.005,0.004988386791418273,-1.1613208581727139e-05,flat,1.1613208581727139e-05
7,FULL_CAPACITY,0.001,16,0.0,0.005,0.004988386791418273,-1.1613208581727139e-05,flat,1.1613208581727139e-05
7,FULL_CAPACITY,0.001,17,0.0,0.005,0.004988386791418273,-1.1613208581727139e-05,flat,1.1613208581727139e-05
7,FULL_CAPACITY,0.001,18,0.0,0.005,0.004988386791418273,-1.1613208581727139e-05,flat,1.1613208581727139e-05
7,FULL_CAPACITY,0.001,19,0.0,0.005,0.004988386791418273,-1.1613208581727139e-05,flat,1.1613208581727139e-05
7,FULL_CAPACITY,0.001,20,0.0,0.005,0.004988386791418273,-1.1613208581727139e-05,flat,1.1613208581727139e-05
7,FULL_CAPACITY,0.001,21,0.0,0.005,0.004988386791418273,-1.1613208581727139e-05,flat,1.1613208581727139e-05
7,FULL_CAPACITY,0.001,22,0.0,0.005,0.004988386791418273,-1.1613208581727139e-05,flat,1.1613208581727139e-05
7,FULL_CAPACITY,0.001,23,0.0,0.005,0.004988386791418273,-1.1613208581727139e-05,flat,1.1613208581727139e-05
7,FULL_CAPACITY,0.001,24,0.0,0.005,0.004988386791418273,-1.1613208581727139e-05,flat,1.1613208581727139e-05
7,FULL_CAPACITY,0.001,25,0.0,0.005,0.004988386791418273,-1.1613208581727139e-05,flat,1.1613208581727139e-05
7,FULL_CAPACITY,0.001,26,0.0,0.005,0.004988386791418273,-1.1613208581727139e-05,flat,1.1613208581727139e-05
7,FULL_CAPACITY,0.001,27,0.0,0.005,0.004988386791418273,-1.1613208581727139e-05,flat,1.1613208581727139e-05
7,FULL_CAPACITY,0.001,28,0.0,0.005,0.004988386791418273,-1.1613208581727139e-05,flat,1.1613208581727139e-05
7,FULL_CAPACITY,0.001,29,0.0,0.005,0.004988386791418273,-1.1613208581727139e-05,flat,1.1613208581727139e-05
7,FULL_CAPACITY,0.001,30,0.0,0.005,0.004988386791418273,-1.1613208581727139e-05,flat,1.1613208581727139e-05
7,FULL_CAPACITY,0.001,31,0.0,0.005,0.004988386791418273,-1.1613208581727139e-05,flat,1.1613208581727139e-05
7,FULL_CAPACITY,0.001,32,0.0,0.005,0.004988386791418273,-1.1613208581727139e-05,flat,1.1613208581727139e-05
7,FULL_CAPACITY,0.001,33,0.0,0.005,0.004988386791418273,-1.1613208581727139e-05,flat,1.1613208581727139e-05
7,FULL_CAPACITY,0.001,34,0.0,0.005,0.004988386791418273,-1.1613208581727139e-05,flat,1.1613208581727139e-05
7,FULL_CAPACITY,0.001,36,0.0,0.005,0.004988386791418273,-1.1613208581727139e-05,flat,1.1613208581727139e-05
7,FULL_CAPACITY,0.001,37,0.0,0.005,0.004988386791418273,-1.1613208581727139e-05,flat,1.1613208581727139e-05
7,FULL_CAPACITY,0.001,38,0.0,0.005,0.004988386791418273,-1.1613208581727139e-05,flat,1.1613208581727139e-05
7,FULL_CAPACITY,0.001,39,0.0,0.005,0.004988386791418273,-1.1613208581727139e-05,flat,1.1613208581727139e-05
7,FULL_CAPACITY,0.001,40,0.0,0.005,0.004988386791418273,-1.1613208581727139e-05,flat,1.1613208581727139e-05
7,FULL_CAPACITY,0.001,41,0.0,0.005,0.004988386791418273,-1.1613208581727139e-05,flat,1.1613208581727139e-05
7,FULL_CAPACITY,0.001,42,0.0,0.005,0.004988386791418273,-1.1613208581727139e-05,flat,1.1613208581727139e-05
7,FULL_CAPACITY,0.001,43,0.0,0.005,0.004988386791418273,-1.1613208581727139e-05,flat,1.1613208581727139e-05
7,FULL_CAPACITY,0.001,44,0.0,0.005,0.004988386791418273,-1.1613208581727139e-05,flat,1.1613208581727139e-05
7,FULL_CAPACITY,0.001,45,0.0,0.005,0.004988386791418273,-1.1613208581727139e-05,flat,1.1613208581727139e-05
7,FULL_CAPACITY,0.001,46,0.0,0.005,0.004988386791418273,-1.1613208581727139e-05,flat,1.1613208581727139e-05
7,FULL_CAPACITY,0.001,47,0.0,0.005,0.004988386791418273,-1.1613208581727139e-05,flat,1.1613208581727139e-05
7,FULL_CAPACITY,0.001,48,0.0,0.005,0.004988386791418273,-1.1613208581727139e-05,flat,1.1613208581727139e-05
7,FULL_CAPACITY,0.001,49,0.0,0.005,0.004988386791418273,-1.1613208581727139e-05,flat,1.1613208581727139e-05
7,FULL_CAPACITY,0.001,50,0.0,0.005,0.004988386791418273,-1.1613208581727139e-05,flat,1.1613208581727139e-05
7,FULL_CAPACITY,0.001,51,0.0,0.005,0.004988386791418273,-1.1613208581727139e-05,flat,1.1613208581727139e-05
7,FULL_CAPACITY,0.001,52,0.0,0.005,0.004988386791418273,-1.1613208581727139e-05,flat,1.1613208581727139e-05
7,FULL_CAPACITY,0.001,53,0.0,0.005,0.004988386791418273,-1.1613208581727139e-05,flat,1.1613208581727139e-05
7,FULL_CAPACITY,0.001,54,0.0,0.005,0.004988386791418273,-1.1613208581727139e-05,flat,1.1613208581727139e-05
7,FULL_CAPACITY,0.001,55,0.0,0.005,0.004988386791418273,-1.1613208581727139e-05,flat,1.1613208581727139e-05
7,FULL_CAPACITY,0.001,56,0.0,0.005,0.004988386791418273,-1.1613208581727139e-05,flat,1.1613208581727139e-05
7,FULL_CAPACITY,0.001,57,0.0,0.005,0.004988386791418273,-1.1613208581727139e-05,flat,1.1613208581727139e-05
7,FULL_CAPACITY,0.001,58,0.0,0.005,0.004988386791418273,-1.1613208581727139e-05,flat,1.1613208581727139e-05
7,FULL_CAPACITY,0.001,59,0.0,0.005,0.004988386791418273,-1.1613208581727139e-05,flat,1.1613208581727139e-05
7,FULL_CAPACITY,0.001,60,0.0,0.005,0.004988386791418273,-1.1613208581727139e-05,flat,1.1613208581727139e-05
7,FULL_CAPACITY,0.001,61,0.0,0.005,0.004988386791418273,-1.1613208581727139e-05,flat,1.1613208581727139e-05
7,FULL_CAPACITY,0.001,62,0.0,0.005,0.004988386791418273,-1.1613208581727139e-05,flat,1.1613208581727139e-05
7,FULL_CAPACITY,0.001,63,0.0,0.005,0.004988386791418273,-1.1613208581727139e-05,flat,1.1613208581727139e-05
7,FULL_CAPACITY,0.001,64,0.0,0.005,0.004988386791418273,-1.1613208581727139e-05,flat,1.1613208581727139e-05
7,FULL_CAPACITY,0.001,65,0.0,0.005,0.004988386791418273,-1.1613208581727139e-05,flat,1.1613208581727139e-05
7,FULL_CAPACITY,0.001,66,0.0,0.005,0.004988386791418273,-1.1613208581727139e-05,flat,1.1613208581727139e-05
7,FULL_CAPACITY,0.001,67,0.0,0.005,0.004988386791418273,-1.1613208581727139e-05,flat,1.1613208581727139e-05
7,FULL_CAPACITY,0.001,68,0.0,0.005,0.004988386791418273,-1.1613208581727139e-05,flat,1.1613208581727139e-05
7,FULL_CAPACITY,0.001,69,0.0,0.005,0.004988386791418273,-1.1613208581727139e-05,flat,1.1613208581727139e-05
7,FULL_CAPACITY,0.001,70,0.0,0.005,0.004988386791418273,-1.1613208581727139e-05,flat,1.1613208581727139e-05
7,FULL_CAPACITY,0.001,71,0.0,0.005,0.004988386791418273,-1.1613208581727139e-05,flat,1.1613208581727139e-05
7,FULL_CAPACITY,0.001,72,0.0,0.005,0.004988386791418273,-1.1613208581727139e-05,flat,1.1613208581727139e-05
7,FULL_CAPACITY,0.001,73,0.0,0.005,0.004988386791418273,-1.1613208581727139e-05,flat,1.1613208581727139e-05
7,FULL_CAPACITY,0.001,74,0.0,0.005,0.004988386791418273,-1.1613208581727139e-05,flat,1.1613208581727139e-05
7,FULL_CAPACITY,0.001,75,0.0,0.005,0.004988386791418273,-1.1613208581727139e-05,flat,1.1613208581727139e-05
7,FULL_CAPACITY,0.001,76,0.0,0.005,0.004988386791418273,-1.1613208581727139e-05,flat,1.1613208581727139e-05
7,FULL_CAPACITY,0.001,77,0.0,0.005,0.004988386791418273,-1.1613208581727139e-05,flat,1.1613208581727139e-05
7,FULL_CAPACITY,0.001,78,0.0,0.005,0.004988386791418273,-1.1613208581727139e-05,flat,1.1613208581727139e-05
7,FULL_CAPACITY,0.001,79,0.0,0.005,0.004988386791418273,-1.1613208581727139e-05,flat,1.1613208581727139e-05
7,FULL_CAPACITY,0.001,80,0.0,0.005,0.004988386791418273,-1.1613208581727139e-05,flat,1.1613208581727139e-05
7,FULL_CAPACITY,0.001,81,0.0,0.005,0.004988386791418273,-1.1613208581727139e-05,flat,1.1613208581727139e-05
7,FULL_CAPACITY,0.001,82,0.0,0.005,0.004988386791418273,-1.1613208581727139e-05,flat,1.1613208581727139e-05
7,FULL_CAPACITY,0.001,83,0.0,0.005,0.004988386791418273,-1.1613208581727139e-05,flat,1.1613208581727139e-05
7,FULL_CAPACITY,0.001,84,0.0,0.005,0.004988386791418273,-1.1613208581727139e-05,flat,1.1613208581727139e-05
7,FULL_CAPACITY,0.001,85,0.0,0.005,0.004988386791418273,-1.1613208581727139e-05,flat,1.1613208581727139e-05
7,FULL_CAPACITY,0.001,86,0.0,0.005,0.004988386791418273,-1.1613208581727139e-05,flat,1.1613208581727139e-05
7,FULL_CAPACITY,0.001,87,0.0,0.005,0.004988386791418273,-1.1613208581727139e-05,flat,1.1613208581727139e-05
7,FULL_CAPACITY,0.001,88,0.0,0.005,0.004988386791418273,-1.1613208581727139e-05,flat,1.1613208581727139e-05
7,FULL_CAPACITY,0.001,89,0.0,0.005,0.004988386791418273,-1.1613208581727139e-05,flat,1.1613208581727139e-05
7,FULL_CAPACITY,0.001,90,0.0,0.005,0.004988386791418273,-1.1613208581727139e-05,flat,1.1613208581727139e-05
7,FULL_CAPACITY,0.001,91,0.0,0.005,0.004988386791418273,-1.1613208581727139e-05,flat,1.1613208581727139e-05
7,FULL_CAPACITY,0.001,92,0.0,0.005,0.004988386791418273,-1.1613208581727139e-05,flat,1.1613208581727139e-05
7,FULL_CAPACITY,0.001,93,0.0,0.005,0.004988386791418273,-1.1613208581727139e-05,flat,1.1613208581727139e-05
7,FULL_CAPACITY,0.001,94,0.0,0.005,0.004988386791418273,-1.1613208581727139e-05,flat,1.1613208581727139e-05
7,FULL_CAPACITY,0.001,95,0.0,0.005,0.004988386791418273,-1.1613208581727139e-05,flat,1.1613208581727139e-05
7,FULL_CAPACITY,0.001,96,0.0,0.005,0.004988386791418273,-1.1613208581727139e-05,flat,1.1613208581727139e-05
7,FULL_CAPACITY,0.001,97,0.0,0.005,0.004988386791418273,-1.1613208581727139e-05,flat,1.1613208581727139e-05
7,FULL_CAPACITY,0.001,98,0.0,0.005,0.004988386791418273,-1.1613208581727139e-05,flat,1.1613208581727139e-05
7,FULL_CAPACITY,0.001,99,0.0,0.005,0.004988386791418273,-1.1613208581727139e-05,flat,1.1613208581727139e-05
7,FULL_CAPACITY,0.001,100,0.0,0.005,0.004988386791418273,-1.1613208581727139e-05,flat,1.1613208581727139e-05
7,FULL_CAPACITY,0.001,101,0.0,0.005,0.004988386791418273,-1.1613208581727139e-05,flat,1.1613208581727139e-05
7,FULL_CAPACITY,0.001,102,0.0,0.005,0.004988386791418273,-1.1613208581727139e-05,flat,1.1613208581727139e-05
7,FULL_CAPACITY,0.001,103,0.0,0.005,0.004988386791418273,-1.1613208581727139e-05,flat,1.1613208581727139e-05
7,FULL_CAPACITY,0.001,104,0.0,0.005,0.004988386791418273,-1.1613208581727139e-05,flat,1.1613208581727139e-05
7,FULL_CAPACITY,0.001,105,0.0,0.005,0.004988386791418273,-1.1613208581727139e-05,flat,1.1613208581727139e-05
7,FULL_CAPACITY,0.001,106,0.0,0.005,0.004988386791418273,-1.1613208581727139e-05,flat,1.1613208581727139e-05
7,FULL_CAPACITY,0.001,107,0.0,0.005,0.004988386791418273,-1.1613208581727139e-05,flat,1.1613208581727139e-05
7,FULL_CAPACITY,0.001,108,0.0,0.005,0.004988386791418273,-1.1613208581727139e-05,flat,1.1613208581727139e-05
7,FULL_CAPACITY,0.001,109,0.0,0.005,0.004988386791418273,-1.1613208581727139e-05,flat,1.1613208581727139e-05
7,FULL_CAPACITY,0.001,110,0.0,0.005,0.004988386791418273,-1.1613208581727139e-05,flat,1.1613208581727139e-05
7,FULL_CAPACITY,0.001,111,0.0,0.005,0.004988386791418273,-1.1613208581727139e-05,flat,1.1613208581727139e-05
7,FULL_CAPACITY,0.001,112,0.0,0.005,0.004988386791418273,-1.1613208581727139e-05,flat,1.1613208581727139e-05
7,FULL_CAPACITY,0.001,113,0.0,0.005,0.004988386791418273,-1.1613208581727139e-05,flat,1.1613208581727139e-05
7,FULL_CAPACITY,0.001,114,0.0,0.005,0.004988386791418273,-1.1613208581727139e-05,flat,1.1613208581727139e-05
7,FULL_CAPACITY,0.001,115,0.0,0.005,0.004988386791418273,-1.1613208581727139e-05,flat,1.1613208581727139e-05
7,FULL_CAPACITY,0.001,116,0.0,0.005,0.004988386791418273,-1.1613208581727139e-05,flat,1.1613208581727139e-05
7,FULL_CAPACITY,0.001,117,0.0,0.005,0.004988386791418273,-1.1613208581727139e-05,flat,1.1613208581727139e-05
7,FULL_CAPACITY,0.001,118,0.0,0.005,0.004988386791418273,-1.1613208581727139e-05,flat,1.1613208581727139e-05
7,FULL_CAPACITY,0.001,119,0.0,0.005,0.004988386791418273,-1.1613208581727139e-05,flat,1.1613208581727139e-05
7,FULL_CAPACITY,0.001,120,0.0,0.005,0.004988386791418273,-1.1613208581727139e-05,flat,1.1613208581727139e-05
7,FULL_CAPACITY,0.001,121,0.0,0.005,0.004988386791418273,-1.1613208581727139e-05,flat,1.1613208581727139e-05
7,FULL_CAPACITY,0.001,122,0.0,0.005,0.004988386791418273,-1.1613208581727139e-05,flat,1.1613208581727139e-05
7,FULL_CAPACITY,0.001,123,0.0,0.005,0.004988386791418273,-1.1613208581727139e-05,flat,1.1613208581727139e-05
7,FULL_CAPACITY,0.001,124,0.0,0.005,0.004988386791418273,-1.1613208581727139e-05,flat,1.1613208581727139e-05
7,FULL_CAPACITY,0.001,125,0.0,0.005,0.004988386791418273,-1.1613208581727139e-05,flat,1.1613208581727139e-05
7,FULL_CAPACITY,0.001,126,0.0,0.005,0.004988386791418273,-1.1613208581727139e-05,flat,1.1613208581727139e-05
7,FULL_CAPACITY,0.001,127,0.0,0.005,0.004988386791418273,-1.1613208581727139e-05,flat,1.1613208581727139e-05
7,FULL_CAPACITY,0.001,128,0.0,0.005,0.004988386791418273,-1.1613208581727139e-05,flat,1.1613208581727139e-05
7,FULL_CAPACITY,0.001,129,0.0,0.005,0.004988386791418273,-1.1613208581727139e-05,flat,1.1613208581727139e-05
7,FULL_CAPACITY,0.001,130,0.0,0.005,0.004988386791418273,-1.1613208581727139e-05,flat,1.1613208581727139e-05
7,FULL_CAPACITY,0.001,131,0.0,0.005,0.004988386791418273,-1.1613208581727139e-05,flat,1.1613208581727139e-05
7,FULL_CAPACITY,0.001,132,0.0,0.005,0.004988386791418273,-1.1613208581727139e-05,flat,1.1613208581727139e-05
7,FULL_CAPACITY,0.001,133,0.0,0.005,0.004988386791418273,-1.1613208581727139e-05,flat,1.1613208581727139e-05
7,FULL_CAPACITY,0.001,134,0.0,0.005,0.004988386791418273,-1.1613208581727139e-05,flat,1.1613208581727139e-05
7,FULL_CAPACITY,0.001,135,0.0,0.005,0.004988386791418273,-1.1613208581727139e-05,flat,1.1613208581727139e-05
7,FULL_CAPACITY,0.001,136,0.0,0.005,0.004988386791418273,-1.1613208581727139e-05,flat,1.1613208581727139e-05
7,FULL_CAPACITY,0.001,137,0.0,0.005,0.004988386791418273,-1.1613208581727139e-05,flat,1.1613208581727139e-05
7,FULL_CAPACITY,0.001,138,0.0,0.005,0.004988386791418273,-1.1613208581727139e-05,flat,1.1613208581727139e-05
7,FULL_CAPACITY,0.001,139,0.0,0.005,0.004988386791418273,-1.1613208581727139e-05,flat,1.1613208581727139e-05
7,FULL_CAPACITY,0.001,140,0.0,0.005,0.004988386791418273,-1.1613208581727139e-05,flat,1.1613208581727139e-05
7,FULL_CAPACITY,0.001,141,0.0,0.005,0.004988386791418273,-1.1613208581727139e-05,flat,1.1613208581727139e-05
7,FULL_CAPACITY,0.001,142,0.0,0.005,0.004988386791418273,-1.1613208581727139e-05,flat,1.1613208581727139e-05
7,FULL_CAPACITY,0.001,143,0.0,0.005,0.004988386791418273,-1.1613208581727139e-05,flat,1.1613208581727139e-05
7,FULL_CAPACITY,0.001,144,0.0,0.005,0.004988386791418273,-1.1613208581727139e-05,flat,1.1613208581727139e-05
7,FULL_CAPACITY,0.001,145,0.0,0.005,0.004988386791418273,-1.1613208581727139e-05,flat,1.1613208581727139e-05
7,FULL_CAPACITY,0.001,146,0.0,0.005,0.004988386791418273,-1.1613208581727139e-05,flat,1.1613208581727139e-05
7,FULL_CAPACITY,0.001,147,0.0,0.005,0.004988386791418273,-1.1613208581727139e-05,flat,1.1613208581727139e-05
7,FULL_CAPACITY,0.001,148,0.0,0.005,0.004988386791418273,-1.1613208581727139e-05,flat,1.1613208581727139e-05
7,FULL_CAPACITY,0.001,149,0.0,0.005,0.004988386791418273,-1.1613208581727139e-05,flat,1.1613208581727139e-05
7,FULL_CAPACITY,0.001,150,0.0,0.005,0.004988386791418273,-1.1613208581727139e-05,flat,1.1613208581727139e-05
7,FULL_CAPACITY,0.001,151,0.0,0.005,0.004988386791418273,-1.1613208581727139e-05,flat,1.1613208581727139e-05
7,FULL_CAPACITY,0.001,152,0.0,0.005,0.004988386791418273,-1.1613208581727139e-05,flat,1.1613208581727139e-05
7,FULL_CAPACITY,0.001,153,0.0,0.005,0.004988386791418273,-1.1613208581727139e-05,flat,1.1613208581727139e-05
7,FULL_CAPACITY,0.001,154,0.0,0.005,0.004988386791418273,-1.1613208581727139e-05,flat,1.1613208581727139e-05
7,FULL_CAPACITY,0.001,156,0.0,0.005,0.004988386791418273,-1.1613208581727139e-05,flat,1.1613208581727139e-05
7,FULL_CAPACITY,0.001,157,0.0,0.005,0.004988386791418273,-1.1613208581727139e-05,flat,1.1613208581727139e-05
7,FULL_CAPACITY,0.001,158,0.0,0.005,0.004988386791418273,-1.1613208581727139e-05,flat,1.1613208581727139e-05
7,FULL_CAPACITY,0.001,159,0.0,0.005,0.004988386791418273,-1.1613208581727139e-05,flat,1.1613208581727139e-05
7,FULL_CAPACITY,0.001,160,0.0,0.005,0.004988386791418273,-1.1613208581727139e-05,flat,1.1613208581727139e-05
7,FULL_CAPACITY,0.001,161,0.0,0.005,0.004988386791418273,-1.1613208581727139e-05,flat,1.1613208581727139e-05
7,FULL_CAPACITY,0.001,162,0.0,0.005,0.004988386791418273,-1.1613208581727139e-05,flat,1.1613208581727139e-05
7,FULL_CAPACITY,0.001,163,0.0,0.005,0.004988386791418273,-1.1613208581727139e-05,flat,1.1613208581727139e-05
7,FULL_CAPACITY,0.001,164,0.0,0.005,0.004988386791418273,-1.1613208581727139e-05,flat,1.1613208581727139e-05
7,FULL_CAPACITY,0.001,165,0.0,0.005,0.004988386791418273,-1.1613208581727139e-05,flat,1.1613208581727139e-05
7,FULL_CAPACITY,0.001,166,0.0,0.005,0.004988386791418273,-1.1613208581727139e-05,flat,1.1613208581727139e-05
7,FULL_CAPACITY,0.001,167,0.0,0.005,0.004988386791418273,-1.1613208581727139e-05,flat,1.1613208581727139e-05
7,FULL_CAPACITY,0.001,168,0.0,0.005,0.004988386791418273,-1.1613208581727139e-05,flat,1.1613208581727139e-05
7,FULL_CAPACITY,0.001,169,0.0,0.005,0.004988386791418273,-1.1613208581727139e-05,flat,1.1613208581727139e-05
7,FULL_CAPACITY,0.001,170,0.0,0.005,0.004988386791418273,-1.1613208581727139e-05,flat,1.1613208581727139e-05
7,FULL_CAPACITY,0.001,171,0.0,0.005,0.004988386791418273,-1.1613208581727139e-05,flat,1.1613208581727139e-05
7,FULL_CAPACITY,0.001,172,0.0,0.005,0.004988386791418273,-1.1613208581727139e-05,flat,1.1613208581727139e-05
7,FULL_CAPACITY,0.001,173,0.0,0.005,0.004988386791418273,-1.1613208581727139e-05,flat,1.1613208581727139e-05
7,FULL_CAPACITY,0.001,174,0.0,0.005,0.004988386791418273,-1.1613208581727139e-05,flat,1.1613208581727139e-05
7,FULL_CAPACITY,0.001,175,0.0,0.005,0.004988386791418273,-1.1613208581727139e-05,flat,1.1613208581727139e-05
7,FULL_CAPACITY,0.001,176,0.0,0.005,0.004988386791418273,-1.1613208581727139e-05,flat,1.1613208581727139e-05
7,FULL_CAPACITY,0.001,177,0.0,0.005,0.004988386791418273,-1.1613208581727139e-05,flat,1.1613208581727139e-05
7,FULL_CAPACITY,0.001,178,0.0,0.005,0.004988386791418273,-1.1613208581727139e-05,flat,1.1613208581727139e-05
7,FULL_CAPACITY,0.001,179,0.0,0.005,0.004988386791418273,-1.1613208581727139e-05,flat,1.1613208581727139e-05
7,FULL_CAPACITY,0.001,180,0.0,0.005,0.004988386791418273,-1.1613208581727139e-05,flat,1.1613208581727139e-05
7,FULL_CAPACITY,0.001,181,0.0,0.005,0.004988386791418273,-1.1613208581727139e-05,flat,1.1613208581727139e-05
7,FULL_CAPACITY,0.001,182,0.0,0.005,0.004988386791418273,-1.1613208581727139e-05,flat,1.1613208581727139e-05
7,FULL_CAPACITY,0.001,183,0.0,0.005,0.004988386791418273,-1.1613208581727139e-05,flat,1.1613208581727139e-05
7,FULL_CAPACITY,0.001,184,0.0,0.005,0.004988386791418273,-1.1613208581727139e-05,flat,1.1613208581727139e-05
7,FULL_CAPACITY,0.001,185,0.0,0.005,0.004988386791418273,-1.1613208581727139e-05,flat,1.1613208581727139e-05
7,FULL_CAPACITY,0.001,186,0.0,0.005,0.004988386791418273,-1.1613208581727139e-05,flat,1.1613208581727139e-05
7,FULL_CAPACITY,0.001,187,0.0,0.005,0.004988386791418273,-1.1613208581727139e-05,flat,1.1613208581727139e-05
7,FULL_CAPACITY,0.001,188,0.0,0.005,0.004988386791418273,-1.1613208581727139e-05,flat,1.1613208581727139e-05
7,FULL_CAPACITY,0.001,189,0.0,0.005,0.004988386791418273,-1.1613208581727139e-05,flat,1.1613208581727139e-05
7,FULL_CAPACITY,0.001,190,0.0,0.005,0.004988386791418273,-1.1613208581727139e-05,flat,1.1613208581727139e-05
7,FULL_CAPACITY,0.001,191,0.0,0.005,0.004988386791418273,-1.1613208581727139e-05,flat,1.1613208581727139e-05
7,FULL_CAPACITY,0.001,192,0.0,0.005,0.004988386791418273,-1.1613208581727139e-05,flat,1.1613208581727139e-05
7,FULL_CAPACITY,0.001,193,0.0,0.005,0.004988386791418273,-1.1613208581727139e-05,flat,1.1613208581727139e-05
7,FULL_CAPACITY,0.001,194,0.0,0.005,0.004988386791418273,-1.1613208581727139e-05,flat,1.1613208581727139e-05
7,FULL_CAPACITY,0.001,195,0.0,0.005,0.004988386791418273,-1.1613208581727139e-05,flat,1.1613208581727139e-05
7,FULL_CAPACITY,0.001,196,0.0,0.005,0.004988386791418273,-1.1613208581727139e-05,flat,1.1613208581727139e-05
7,FULL_CAPACITY,0.001,197,0.0,0.005,0.004988386791418273,-1.1613208581727139e-05,flat,1.1613208581727139e-05
7,FULL_CAPACITY,0.001,198,0.0,0.005,0.004988386791418273,-1.1613208581727139e-05,flat,1.1613208581727139e-05
7,FULL_CAPACITY,0.001,199,0.0,0.005,0.004988386791418273,-1.1613208581727139e-05,flat,1.1613208581727139e-05
7,FULL_CAPACITY,0.001,200,0.0,0.005,0.004988386791418273,-1.1613208581727139e-05,flat,1.1613208581727139e-05
7,FULL_CAPACITY,0.01,155,23458.6978833397,0.005,0.012048641527783439,0.007048641527783439,flat,0.007048641527783439
7,FULL_CAPACITY,0.01,35,859.078049623756,0.005,0.005222748104267952,0.00022274810426795195,flat,0.00022274810426795195
7,FULL_CAPACITY,0.01,1,0.0,0.005,0.004963275809939135,-3.672419006086475e-05,flat,3.672419006086475e-05
7,FULL_CAPACITY,0.01,2,0.0,0.005,0.004963275809939135,-3.672419006086475e-05,flat,3.672419006086475e-05
7,FULL_CAPACITY,0.01,3,0.0,0.005,0.004963275809939135,-3.672419006086475e-05,flat,3.672419006086475e-05
7,FULL_CAPACITY,0.01,4,0.0,0.005,0.004963275809939135,-3.672419006086475e-05,flat,3.672419006086475e-05
7,FULL_CAPACITY,0.01,5,0.0,0.005,0.004963275809939135,-3.672419006086475e-05,flat,3.672419006086475e-05
7,FULL_CAPACITY,0.01,6,0.0,0.005,0.004963275809939135,-3.672419006086475e-05,flat,3.672419006086475e-05
7,FULL_CAPACITY,0.01,7,0.0,0.005,0.004963275809939135,-3.672419006086475e-05,flat,3.672419006086475e-05
7,FULL_CAPACITY,0.01,8,0.0,0.005,0.004963275809939135,-3.672419006086475e-05,flat,3.672419006086475e-05
7,FULL_CAPACITY,0.01,9,0.0,0.005,0.004963275809939135,-3.672419006086475e-05,flat,3.672419006086475e-05
7,FULL_CAPACITY,0.01,10,0.0,0.005,0.004963275809939135,-3.672419006086475e-05,flat,3.672419006086475e-05
7,FULL_CAPACITY,0.01,11,0.0,0.005,0.004963275809939135,-3.672419006086475e-05,flat,3.672419006086475e-05
7,FULL_CAPACITY,0.01,12,0.0,0.005,0.004963275809939135,-3.672419006086475e-05,flat,3.672419006086475e-05
7,FULL_CAPACITY,0.01,13,0.0,0.005,0.004963275809939135,-3.672419006086475e-05,flat,3.672419006086475e-05
7,FULL_CAPACITY,0.01,14,0.0,0.005,0.004963275809939135,-3.672419006086475e-05,flat,3.672419006086475e-05
7,FULL_CAPACITY,0.01,15,0.0,0.005,0.004963275809939135,-3.672419006086475e-05,flat,3.672419006086475e-05
7,FULL_CAPACITY,0.01,16,0.0,0.005,0.004963275809939135,-3.672419006086475e-05,flat,3.672419006086475e-05
7,FULL_CAPACITY,0.01,17,0.0,0.005,0.004963275809939135,-3.672419006086475e-05,flat,3.672419006086475e-05
7,FULL_CAPACITY,0.01,18,0.0,0.005,0.004963275809939135,-3.672419006086475e-05,flat,3.672419006086475e-05
7,FULL_CAPACITY,0.01,19,0.0,0.005,0.004963275809939135,-3.672419006086475e-05,flat,3.672419006086475e-05
7,FULL_CAPACITY,0.01,20,0.0,0.005,0.004963275809939135,-3.672419006086475e-05,flat,3.672419006086475e-05
7,FULL_CAPACITY,0.01,21,0.0,0.005,0.004963275809939135,-3.672419006086475e-05,flat,3.672419006086475e-05
7,FULL_CAPACITY,0.01,22,0.0,0.005,0.004963275809939135,-3.672419006086475e-05,flat,3.672419006086475e-05
7,FULL_CAPACITY,0.01,23,0.0,0.005,0.004963275809939135,-3.672419006086475e-05,flat,3.672419006086475e-05
7,FULL_CAPACITY,0.01,24,0.0,0.005,0.004963275809939135,-3.672419006086475e-05,flat,3.672419006086475e-05
7,FULL_CAPACITY,0.01,25,0.0,0.005,0.004963275809939135,-3.672419006086475e-05,flat,3.672419006086475e-05
7,FULL_CAPACITY,0.01,26,0.0,0.005,0.004963275809939135,-3.672419006086475e-05,flat,3.672419006086475e-05
7,FULL_CAPACITY,0.01,27,0.0,0.005,0.004963275809939135,-3.672419006086475e-05,flat,3.672419006086475e-05
7,FULL_CAPACITY,0.01,28,0.0,0.005,0.004963275809939135,-3.672419006086475e-05,flat,3.672419006086475e-05
7,FULL_CAPACITY,0.01,29,0.0,0.005,0.004963275809939135,-3.672419006086475e-05,flat,3.672419006086475e-05
7,FULL_CAPACITY,0.01,30,0.0,0.005,0.004963275809939135,-3.672419006086475e-05,flat,3.672419006086475e-05
7,FULL_CAPACITY,0.01,31,0.0,0.005,0.004963275809939135,-3.672419006086475e-05,flat,3.672419006086475e-05
7,FULL_CAPACITY,0.01,32,0.0,0.005,0.004963275809939135,-3.672419006086475e-05,flat,3.672419006086475e-05
7,FULL_CAPACITY,0.01,33,0.0,0.005,0.004963275809939135,-3.672419006086475e-05,flat,3.672419006086475e-05
7,FULL_CAPACITY,0.01,34,0.0,0.005,0.004963275809939135,-3.672419006086475e-05,flat,3.672419006086475e-05
7,FULL_CAPACITY,0.01,36,0.0,0.005,0.004963275809939135,-3.672419006086475e-05,flat,3.672419006086475e-05
7,FULL_CAPACITY,0.01,37,0.0,0.005,0.004963275809939135,-3.672419006086475e-05,flat,3.672419006086475e-05
7,FULL_CAPACITY,0.01,38,0.0,0.005,0.004963275809939135,-3.672419006086475e-05,flat,3.672419006086475e-05
7,FULL_CAPACITY,0.01,39,0.0,0.005,0.004963275809939135,-3.672419006086475e-05,flat,3.672419006086475e-05
7,FULL_CAPACITY,0.01,40,0.0,0.005,0.004963275809939135,-3.672419006086475e-05,flat,3.672419006086475e-05
7,FULL_CAPACITY,0.01,41,0.0,0.005,0.004963275809939135,-3.672419006086475e-05,flat,3.672419006086475e-05
7,FULL_CAPACITY,0.01,42,0.0,0.005,0.004963275809939135,-3.672419006086475e-05,flat,3.672419006086475e-05
7,FULL_CAPACITY,0.01,43,0.0,0.005,0.004963275809939135,-3.672419006086475e-05,flat,3.672419006086475e-05
7,FULL_CAPACITY,0.01,44,0.0,0.005,0.004963275809939135,-3.672419006086475e-05,flat,3.672419006086475e-05
7,FULL_CAPACITY,0.01,45,0.0,0.005,0.004963275809939135,-3.672419006086475e-05,flat,3.672419006086475e-05
7,FULL_CAPACITY,0.01,46,0.0,0.005,0.004963275809939135,-3.672419006086475e-05,flat,3.672419006086475e-05
7,FULL_CAPACITY,0.01,47,0.0,0.005,0.004963275809939135,-3.672419006086475e-05,flat,3.672419006086475e-05
7,FULL_CAPACITY,0.01,48,0.0,0.005,0.004963275809939135,-3.672419006086475e-05,flat,3.672419006086475e-05
7,FULL_CAPACITY,0.01,49,0.0,0.005,0.004963275809939135,-3.672419006086475e-05,flat,3.672419006086475e-05
7,FULL_CAPACITY,0.01,50,0.0,0.005,0.004963275809939135,-3.672419006086475e-05,flat,3.672419006086475e-05
7,FULL_CAPACITY,0.01,51,0.0,0.005,0.004963275809939135,-3.672419006086475e-05,flat,3.672419006086475e-05
7,FULL_CAPACITY,0.01,52,0.0,0.005,0.004963275809939135,-3.672419006086475e-05,flat,3.672419006086475e-05
7,FULL_CAPACITY,0.01,53,0.0,0.005,0.004963275809939135,-3.672419006086475e-05,flat,3.672419006086475e-05
7,FULL_CAPACITY,0.01,54,0.0,0.005,0.004963275809939135,-3.672419006086475e-05,flat,3.672419006086475e-05
7,FULL_CAPACITY,0.01,55,0.0,0.005,0.004963275809939135,-3.672419006086475e-05,flat,3.672419006086475e-05
7,FULL_CAPACITY,0.01,56,0.0,0.005,0.004963275809939135,-3.672419006086475e-05,flat,3.672419006086475e-05
7,FULL_CAPACITY,0.01,57,0.0,0.005,0.004963275809939135,-3.672419006086475e-05,flat,3.672419006086475e-05
7,FULL_CAPACITY,0.01,58,0.0,0.005,0.004963275809939135,-3.672419006086475e-05,flat,3.672419006086475e-05
7,FULL_CAPACITY,0.01,59,0.0,0.005,0.004963275809939135,-3.672419006086475e-05,flat,3.672419006086475e-05
7,FULL_CAPACITY,0.01,60,0.0,0.005,0.004963275809939135,-3.672419006086475e-05,flat,3.672419006086475e-05
7,FULL_CAPACITY,0.01,61,0.0,0.005,0.004963275809939135,-3.672419006086475e-05,flat,3.672419006086475e-05
7,FULL_CAPACITY,0.01,62,0.0,0.005,0.004963275809939135,-3.672419006086475e-05,flat,3.672419006086475e-05
7,FULL_CAPACITY,0.01,63,0.0,0.005,0.004963275809939135,-3.672419006086475e-05,flat,3.672419006086475e-05
7,FULL_CAPACITY,0.01,64,0.0,0.005,0.004963275809939135,-3.672419006086475e-05,flat,3.672419006086475e-05
7,FULL_CAPACITY,0.01,65,0.0,0.005,0.004963275809939135,-3.672419006086475e-05,flat,3.672419006086475e-05
7,FULL_CAPACITY,0.01,66,0.0,0.005,0.004963275809939135,-3.672419006086475e-05,flat,3.672419006086475e-05
7,FULL_CAPACITY,0.01,67,0.0,0.005,0.004963275809939135,-3.672419006086475e-05,flat,3.672419006086475e-05
7,FULL_CAPACITY,0.01,68,0.0,0.005,0.004963275809939135,-3.672419006086475e-05,flat,3.672419006086475e-05
7,FULL_CAPACITY,0.01,69,0.0,0.005,0.004963275809939135,-3.672419006086475e-05,flat,3.672419006086475e-05
7,FULL_CAPACITY,0.01,70,0.0,0.005,0.004963275809939135,-3.672419006086475e-05,flat,3.672419006086475e-05
7,FULL_CAPACITY,0.01,71,0.0,0.005,0.004963275809939135,-3.672419006086475e-05,flat,3.672419006086475e-05
7,FULL_CAPACITY,0.01,72,0.0,0.005,0.004963275809939135,-3.672419006086475e-05,flat,3.672419006086475e-05
7,FULL_CAPACITY,0.01,73,0.0,0.005,0.004963275809939135,-3.672419006086475e-05,flat,3.672419006086475e-05
7,FULL_CAPACITY,0.01,74,0.0,0.005,0.004963275809939135,-3.672419006086475e-05,flat,3.672419006086475e-05
7,FULL_CAPACITY,0.01,75,0.0,0.005,0.004963275809939135,-3.672419006086475e-05,flat,3.672419006086475e-05
7,FULL_CAPACITY,0.01,76,0.0,0.005,0.004963275809939135,-3.672419006086475e-05,flat,3.672419006086475e-05
7,FULL_CAPACITY,0.01,77,0.0,0.005,0.004963275809939135,-3.672419006086475e-05,flat,3.672419006086475e-05
7,FULL_CAPACITY,0.01,78,0.0,0.005,0.004963275809939135,-3.672419006086475e-05,flat,3.672419006086475e-05
7,FULL_CAPACITY,0.01,79,0.0,0.005,0.004963275809939135,-3.672419006086475e-05,flat,3.672419006086475e-05
7,FULL_CAPACITY,0.01,80,0.0,0.005,0.004963275809939135,-3.672419006086475e-05,flat,3.672419006086475e-05
7,FULL_CAPACITY,0.01,81,0.0,0.005,0.004963275809939135,-3.672419006086475e-05,flat,3.672419006086475e-05
7,FULL_CAPACITY,0.01,82,0.0,0.005,0.004963275809939135,-3.672419006086475e-05,flat,3.672419006086475e-05
7,FULL_CAPACITY,0.01,83,0.0,0.005,0.004963275809939135,-3.672419006086475e-05,flat,3.672419006086475e-05
7,FULL_CAPACITY,0.01,84,0.0,0.005,0.004963275809939135,-3.672419006086475e-05,flat,3.672419006086475e-05
7,FULL_CAPACITY,0.01,85,0.0,0.005,0.004963275809939135,-3.672419006086475e-05,flat,3.672419006086475e-05
7,FULL_CAPACITY,0.01,86,0.0,0.005,0.004963275809939135,-3.672419006086475e-05,flat,3.672419006086475e-05
7,FULL_CAPACITY,0.01,87,0.0,0.005,0.004963275809939135,-3.672419006086475e-05,flat,3.672419006086475e-05
7,FULL_CAPACITY,0.01,88,0.0,0.005,0.004963275809939135,-3.672419006086475e-05,flat,3.672419006086475e-05
7,FULL_CAPACITY,0.01,89,0.0,0.005,0.004963275809939135,-3.672419006086475e-05,flat,3.672419006086475e-05
7,FULL_CAPACITY,0.01,90,0.0,0.005,0.004963275809939135,-3.672419006086475e-05,flat,3.672419006086475e-05
7,FULL_CAPACITY,0.01,91,0.0,0.005,0.004963275809939135,-3.672419006086475e-05,flat,3.672419006086475e-05
7,FULL_CAPACITY,0.01,92,0.0,0.005,0.004963275809939135,-3.672419006086475e-05,flat,3.672419006086475e-05
7,FULL_CAPACITY,0.01,93,0.0,0.005,0.004963275809939135,-3.672419006086475e-05,flat,3.672419006086475e-05
7,FULL_CAPACITY,0.01,94,0.0,0.005,0.004963275809939135,-3.672419006086475e-05,flat,3.672419006086475e-05
7,FULL_CAPACITY,0.01,95,0.0,0.005,0.004963275809939135,-3.672419006086475e-05,flat,3.672419006086475e-05
7,FULL_CAPACITY,0.01,96,0.0,0.005,0.004963275809939135,-3.672419006086475e-05,flat,3.672419006086475e-05
7,FULL_CAPACITY,0.01,97,0.0,0.005,0.004963275809939135,-3.672419006086475e-05,flat,3.672419006086475e-05
7,FULL_CAPACITY,0.01,98,0.0,0.005,0.004963275809939135,-3.672419006086475e-05,flat,3.672419006086475e-05
7,FULL_CAPACITY,0.01,99,0.0,0.005,0.004963275809939135,-3.672419006086475e-05,flat,3.672419006086475e-05
7,FULL_CAPACITY,0.01,100,0.0,0.005,0.004963275809939135,-3.672419006086475e-05,flat,3.672419006086475e-05
7,FULL_CAPACITY,0.01,101,0.0,0.005,0.004963275809939135,-3.672419006086475e-05,flat,3.672419006086475e-05
7,FULL_CAPACITY,0.01,102,0.0,0.005,0.004963275809939135,-3.672419006086475e-05,flat,3.672419006086475e-05
7,FULL_CAPACITY,0.01,103,0.0,0.005,0.004963275809939135,-3.672419006086475e-05,flat,3.672419006086475e-05
7,FULL_CAPACITY,0.01,104,0.0,0.005,0.004963275809939135,-3.672419006086475e-05,flat,3.672419006086475e-05
7,FULL_CAPACITY,0.01,105,0.0,0.005,0.004963275809939135,-3.672419006086475e-05,flat,3.672419006086475e-05
7,FULL_CAPACITY,0.01,106,0.0,0.005,0.004963275809939135,-3.672419006086475e-05,flat,3.672419006086475e-05
7,FULL_CAPACITY,0.01,107,0.0,0.005,0.004963275809939135,-3.672419006086475e-05,flat,3.672419006086475e-05
7,FULL_CAPACITY,0.01,108,0.0,0.005,0.004963275809939135,-3.672419006086475e-05,flat,3.672419006086475e-05
7,FULL_CAPACITY,0.01,109,0.0,0.005,0.004963275809939135,-3.672419006086475e-05,flat,3.672419006086475e-05
7,FULL_CAPACITY,0.01,110,0.0,0.005,0.004963275809939135,-3.672419006086475e-05,flat,3.672419006086475e-05
7,FULL_CAPACITY,0.01,111,0.0,0.005,0.004963275809939135,-3.672419006086475e-05,flat,3.672419006086475e-05
7,FULL_CAPACITY,0.01,112,0.0,0.005,0.004963275809939135,-3.672419006086475e-05,flat,3.672419006086475e-05
7,FULL_CAPACITY,0.01,113,0.0,0.005,0.004963275809939135,-3.672419006086475e-05,flat,3.672419006086475e-05
7,FULL_CAPACITY,0.01,114,0.0,0.005,0.004963275809939135,-3.672419006086475e-05,flat,3.672419006086475e-05
7,FULL_CAPACITY,0.01,115,0.0,0.005,0.004963275809939135,-3.672419006086475e-05,flat,3.672419006086475e-05
7,FULL_CAPACITY,0.01,116,0.0,0.005,0.004963275809939135,-3.672419006086475e-05,flat,3.672419006086475e-05
7,FULL_CAPACITY,0.01,117,0.0,0.005,0.004963275809939135,-3.672419006086475e-05,flat,3.672419006086475e-05
7,FULL_CAPACITY,0.01,118,0.0,0.005,0.004963275809939135,-3.672419006086475e-05,flat,3.672419006086475e-05
7,FULL_CAPACITY,0.01,119,0.0,0.005,0.004963275809939135,-3.672419006086475e-05,flat,3.672419006086475e-05
7,FULL_CAPACITY,0.01,120,0.0,0.005,0.004963275809939135,-3.672419006086475e-05,flat,3.672419006086475e-05
7,FULL_CAPACITY,0.01,121,0.0,0.005,0.004963275809939135,-3.672419006086475e-05,flat,3.672419006086475e-05
7,FULL_CAPACITY,0.01,122,0.0,0.005,0.004963275809939135,-3.672419006086475e-05,flat,3.672419006086475e-05
7,FULL_CAPACITY,0.01,123,0.0,0.005,0.004963275809939135,-3.672419006086475e-05,flat,3.672419006086475e-05
7,FULL_CAPACITY,0.01,124,0.0,0.005,0.004963275809939135,-3.672419006086475e-05,flat,3.672419006086475e-05
7,FULL_CAPACITY,0.01,125,0.0,0.005,0.004963275809939135,-3.672419006086475e-05,flat,3.672419006086475e-05
7,FULL_CAPACITY,0.01,126,0.0,0.005,0.004963275809939135,-3.672419006086475e-05,flat,3.672419006086475e-05
7,FULL_CAPACITY,0.01,127,0.0,0.005,0.004963275809939135,-3.672419006086475e-05,flat,3.672419006086475e-05
7,FULL_CAPACITY,0.01,128,0.0,0.005,0.004963275809939135,-3.672419006086475e-05,flat,3.672419006086475e-05
7,FULL_CAPACITY,0.01,129,0.0,0.005,0.004963275809939135,-3.672419006086475e-05,flat,3.672419006086475e-05
7,FULL_CAPACITY,0.01,130,0.0,0.005,0.004963275809939135,-3.672419006086475e-05,flat,3.672419006086475e-05
7,FULL_CAPACITY,0.01,131,0.0,0.005,0.004963275809939135,-3.672419006086475e-05,flat,3.672419006086475e-05
7,FULL_CAPACITY,0.01,132,0.0,0.005,0.004963275809939135,-3.672419006086475e-05,flat,3.672419006086475e-05
7,FULL_CAPACITY,0.01,133,0.0,0.005,0.004963275809939135,-3.672419006086475e-05,flat,3.672419006086475e-05
7,FULL_CAPACITY,0.01,134,0.0,0.005,0.004963275809939135,-3.672419006086475e-05,flat,3.672419006086475e-05
7,FULL_CAPACITY,0.01,135,0.0,0.005,0.004963275809939135,-3.672419006086475e-05,flat,3.672419006086475e-05
7,FULL_CAPACITY,0.01,136,0.0,0.005,0.004963275809939135,-3.672419006086475e-05,flat,3.672419006086475e-05
7,FULL_CAPACITY,0.01,137,0.0,0.005,0.004963275809939135,-3.672419006086475e-05,flat,3.672419006086475e-05
7,FULL_CAPACITY,0.01,138,0.0,0.005,0.004963275809939135,-3.672419006086475e-05,flat,3.672419006086475e-05
7,FULL_CAPACITY,0.01,139,0.0,0.005,0.004963275809939135,-3.672419006086475e-05,flat,3.672419006086475e-05
7,FULL_CAPACITY,0.01,140,0.0,0.005,0.004963275809939135,-3.672419006086475e-05,flat,3.672419006086475e-05
7,FULL_CAPACITY,0.01,141,0.0,0.005,0.004963275809939135,-3.672419006086475e-05,flat,3.672419006086475e-05
7,FULL_CAPACITY,0.01,142,0.0,0.005,0.004963275809939135,-3.672419006086475e-05,flat,3.672419006086475e-05
7,FULL_CAPACITY,0.01,143,0.0,0.005,0.004963275809939135,-3.672419006086475e-05,flat,3.672419006086475e-05
7,FULL_CAPACITY,0.01,144,0.0,0.005,0.004963275809939135,-3.672419006086475e-05,flat,3.672419006086475e-05
7,FULL_CAPACITY,0.01,145,0.0,0.005,0.004963275809939135,-3.672419006086475e-05,flat,3.672419006086475e-05
7,FULL_CAPACITY,0.01,146,0.0,0.005,0.004963275809939135,-3.672419006086475e-05,flat,3.672419006086475e-05
7,FULL_CAPACITY,0.01,147,0.0,0.005,0.004963275809939135,-3.672419006086475e-05,flat,3.672419006086475e-05
7,FULL_CAPACITY,0.01,148,0.0,0.005,0.004963275809939135,-3.672419006086475e-05,flat,3.672419006086475e-05
7,FULL_CAPACITY,0.01,149,0.0,0.005,0.004963275809939135,-3.672419006086475e-05,flat,3.672419006086475e-05
7,FULL_CAPACITY,0.01,150,0.0,0.005,0.004963275809939135,-3.672419006086475e-05,flat,3.672419006086475e-05
7,FULL_CAPACITY,0.01,151,0.0,0.005,0.004963275809939135,-3.672419006086475e-05,flat,3.672419006086475e-05
7,FULL_CAPACITY,0.01,152,0.0,0.005,0.004963275809939135,-3.672419006086475e-05,flat,3.672419006086475e-05
7,FULL_CAPACITY,0.01,153,0.0,0.005,0.004963275809939135,-3.672419006086475e-05,flat,3.672419006086475e-05
7,FULL_CAPACITY,0.01,154,0.0,0.005,0.004963275809939135,-3.672419006086475e-05,flat,3.672419006086475e-05
7,FULL_CAPACITY,0.01,156,0.0,0.005,0.004963275809939135,-3.672419006086475e-05,flat,3.672419006086475e-05
7,FULL_CAPACITY,0.01,157,0.0,0.005,0.004963275809939135,-3.672419006086475e-05,flat,3.672419006086475e-05
7,FULL_CAPACITY,0.01,158,0.0,0.005,0.004963275809939135,-3.672419006086475e-05,flat,3.672419006086475e-05
7,FULL_CAPACITY,0.01,159,0.0,0.005,0.004963275809939135,-3.672419006086475e-05,flat,3.672419006086475e-05
7,FULL_CAPACITY,0.01,160,0.0,0.005,0.004963275809939135,-3.672419006086475e-05,flat,3.672419006086475e-05
7,FULL_CAPACITY,0.01,161,0.0,0.005,0.004963275809939135,-3.672419006086475e-05,flat,3.672419006086475e-05
7,FULL_CAPACITY,0.01,162,0.0,0.005,0.004963275809939135,-3.672419006086475e-05,flat,3.672419006086475e-05
7,FULL_CAPACITY,0.01,163,0.0,0.005,0.004963275809939135,-3.672419006086475e-05,flat,3.672419006086475e-05
7,FULL_CAPACITY,0.01,164,0.0,0.005,0.004963275809939135,-3.672419006086475e-05,flat,3.672419006086475e-05
7,FULL_CAPACITY,0.01,165,0.0,0.005,0.004963275809939135,-3.672419006086475e-05,flat,3.672419006086475e-05
7,FULL_CAPACITY,0.01,166,0.0,0.005,0.004963275809939135,-3.672419006086475e-05,flat,3.672419006086475e-05
7,FULL_CAPACITY,0.01,167,0.0,0.005,0.004963275809939135,-3.672419006086475e-05,flat,3.672419006086475e-05
7,FULL_CAPACITY,0.01,168,0.0,0.005,0.004963275809939135,-3.672419006086475e-05,flat,3.672419006086475e-05
7,FULL_CAPACITY,0.01,169,0.0,0.005,0.004963275809939135,-3.672419006086475e-05,flat,3.672419006086475e-05
7,FULL_CAPACITY,0.01,170,0.0,0.005,0.004963275809939135,-3.672419006086475e-05,flat,3.672419006086475e-05
7,FULL_CAPACITY,0.01,171,0.0,0.005,0.004963275809939135,-3.672419006086475e-05,flat,3.672419006086475e-05
7,FULL_CAPACITY,0.01,172,0.0,0.005,0.004963275809939135,-3.672419006086475e-05,flat,3.672419006086475e-05
7,FULL_CAPACITY,0.01,173,0.0,0.005,0.004963275809939135,-3.672419006086475e-05,flat,3.672419006086475e-05
7,FULL_CAPACITY,0.01,174,0.0,0.005,0.004963275809939135,-3.672419006086475e-05,flat,3.672419006086475e-05
7,FULL_CAPACITY,0.01,175,0.0,0.005,0.004963275809939135,-3.672419006086475e-05,flat,3.672419006086475e-05
7,FULL_CAPACITY,0.01,176,0.0,0.005,0.004963275809939135,-3.672419006086475e-05,flat,3.672419006086475e-05
7,FULL_CAPACITY,0.01,177,0.0,0.005,0.004963275809939135,-3.672419006086475e-05,flat,3.672419006086475e-05
7,FULL_CAPACITY,0.01,178,0.0,0.005,0.004963275809939135,-3.672419006086475e-05,flat,3.672419006086475e-05
7,FULL_CAPACITY,0.01,179,0.0,0.005,0.004963275809939135,-3.672419006086475e-05,flat,3.672419006086475e-05
7,FULL_CAPACITY,0.01,180,0.0,0.005,0.004963275809939135,-3.672419006086475e-05,flat,3.672419006086475e-05
7,FULL_CAPACITY,0.01,181,0.0,0.005,0.004963275809939135,-3.672419006086475e-05,flat,3.672419006086475e-05
7,FULL_CAPACITY,0.01,182,0.0,0.005,0.004963275809939135,-3.672419006086475e-05,flat,3.672419006086475e-05
7,FULL_CAPACITY,0.01,183,0.0,0.005,0.004963275809939135,-3.672419006086475e-05,flat,3.672419006086475e-05
7,FULL_CAPACITY,0.01,184,0.0,0.005,0.004963275809939135,-3.672419006086475e-05,flat,3.672419006086475e-05
7,FULL_CAPACITY,0.01,185,0.0,0.005,0.004963275809939135,-3.672419006086475e-05,flat,3.672419006086475e-05
7,FULL_CAPACITY,0.01,186,0.0,0.005,0.004963275809939135,-3.672419006086475e-05,flat,3.672419006086475e-05
7,FULL_CAPACITY,0.01,187,0.0,0.005,0.004963275809939135,-3.672419006086475e-05,flat,3.672419006086475e-05
7,FULL_CAPACITY,0.01,188,0.0,0.005,0.004963275809939135,-3.672419006086475e-05,flat,3.672419006086475e-05
7,FULL_CAPACITY,0.01,189,0.0,0.005,0.004963275809939135,-3.672419006086475e-05,flat,3.672419006086475e-05
7,FULL_CAPACITY,0.01,190,0.0,0.005,0.004963275809939135,-3.672419006086475e-05,flat,3.672419006086475e-05
7,FULL_CAPACITY,0.01,191,0.0,0.005,0.004963275809939135,-3.672419006086475e-05,flat,3.672419006086475e-05
7,FULL_CAPACITY,0.01,192,0.0,0.005,0.004963275809939135,-3.672419006086475e-05,flat,3.672419006086475e-05
7,FULL_CAPACITY,0.01,193,0.0,0.005,0.004963275809939135,-3.672419006086475e-05,flat,3.672419006086475e-05
7,FULL_CAPACITY,0.01,194,0.0,0.005,0.004963275809939135,-3.672419006086475e-05,flat,3.672419006086475e-05
7,FULL_CAPACITY,0.01,195,0.0,0.005,0.004963275809939135,-3.672419006086475e-05,flat,3.672419006086475e-05
7,FULL_CAPACITY,0.01,196,0.0,0.005,0.004963275809939135,-3.672419006086475e-05,flat,3.672419006086475e-05
7,FULL_CAPACITY,0.01,197,0.0,0.005,0.004963275809939135,-3.672419006086475e-05,flat,3.672419006086475e-05
7,FULL_CAPACITY,0.01,198,0.0,0.005,0.004963275809939135,-3.672419006086475e-05,flat,3.672419006086475e-05
7,FULL_CAPACITY,0.01,199,0.0,0.005,0.004963275809939135,-3.672419006086475e-05,flat,3.672419006086475e-05
7,FULL_CAPACITY,0.01,200,0.0,0.005,0.004963275809939135,-3.672419006086475e-05,flat,3.672419006086475e-05
7,FULL_CAPACITY,0.05,155,23458.6978833397,0.005,0.020761241605151453,0.015761241605151452,flat,0.015761241605151452
7,FULL_CAPACITY,0.05,35,859.078049623756,0.005,0.00549807990300234,0.0004980799030023398,flat,0.0004980799030023398
7,FULL_CAPACITY,0.05,1,0.0,0.005,0.004917882214605283,-8.211778539471675e-05,flat,8.211778539471675e-05
7,FULL_CAPACITY,0.05,2,0.0,0.005,0.004917882214605283,-8.211778539471675e-05,flat,8.211778539471675e-05
7,FULL_CAPACITY,0.05,3,0.0,0.005,0.004917882214605283,-8.211778539471675e-05,flat,8.211778539471675e-05
7,FULL_CAPACITY,0.05,4,0.0,0.005,0.004917882214605283,-8.211778539471675e-05,flat,8.211778539471675e-05
7,FULL_CAPACITY,0.05,5,0.0,0.005,0.004917882214605283,-8.211778539471675e-05,flat,8.211778539471675e-05
7,FULL_CAPACITY,0.05,6,0.0,0.005,0.004917882214605283,-8.211778539471675e-05,flat,8.211778539471675e-05
7,FULL_CAPACITY,0.05,7,0.0,0.005,0.004917882214605283,-8.211778539471675e-05,flat,8.211778539471675e-05
7,FULL_CAPACITY,0.05,8,0.0,0.005,0.004917882214605283,-8.211778539471675e-05,flat,8.211778539471675e-05
7,FULL_CAPACITY,0.05,9,0.0,0.005,0.004917882214605283,-8.211778539471675e-05,flat,8.211778539471675e-05
7,FULL_CAPACITY,0.05,10,0.0,0.005,0.004917882214605283,-8.211778539471675e-05,flat,8.211778539471675e-05
7,FULL_CAPACITY,0.05,11,0.0,0.005,0.004917882214605283,-8.211778539471675e-05,flat,8.211778539471675e-05
7,FULL_CAPACITY,0.05,12,0.0,0.005,0.004917882214605283,-8.211778539471675e-05,flat,8.211778539471675e-05
7,FULL_CAPACITY,0.05,13,0.0,0.005,0.004917882214605283,-8.211778539471675e-05,flat,8.211778539471675e-05
7,FULL_CAPACITY,0.05,14,0.0,0.005,0.004917882214605283,-8.211778539471675e-05,flat,8.211778539471675e-05
7,FULL_CAPACITY,0.05,15,0.0,0.005,0.004917882214605283,-8.211778539471675e-05,flat,8.211778539471675e-05
7,FULL_CAPACITY,0.05,16,0.0,0.005,0.004917882214605283,-8.211778539471675e-05,flat,8.211778539471675e-05
7,FULL_CAPACITY,0.05,17,0.0,0.005,0.004917882214605283,-8.211778539471675e-05,flat,8.211778539471675e-05
7,FULL_CAPACITY,0.05,18,0.0,0.005,0.004917882214605283,-8.211778539471675e-05,flat,8.211778539471675e-05
7,FULL_CAPACITY,0.05,19,0.0,0.005,0.004917882214605283,-8.211778539471675e-05,flat,8.211778539471675e-05
7,FULL_CAPACITY,0.05,20,0.0,0.005,0.004917882214605283,-8.211778539471675e-05,flat,8.211778539471675e-05
7,FULL_CAPACITY,0.05,21,0.0,0.005,0.004917882214605283,-8.211778539471675e-05,flat,8.211778539471675e-05
7,FULL_CAPACITY,0.05,22,0.0,0.005,0.004917882214605283,-8.211778539471675e-05,flat,8.211778539471675e-05
7,FULL_CAPACITY,0.05,23,0.0,0.005,0.004917882214605283,-8.211778539471675e-05,flat,8.211778539471675e-05
7,FULL_CAPACITY,0.05,24,0.0,0.005,0.004917882214605283,-8.211778539471675e-05,flat,8.211778539471675e-05
7,FULL_CAPACITY,0.05,25,0.0,0.005,0.004917882214605283,-8.211778539471675e-05,flat,8.211778539471675e-05
7,FULL_CAPACITY,0.05,26,0.0,0.005,0.004917882214605283,-8.211778539471675e-05,flat,8.211778539471675e-05
7,FULL_CAPACITY,0.05,27,0.0,0.005,0.004917882214605283,-8.211778539471675e-05,flat,8.211778539471675e-05
7,FULL_CAPACITY,0.05,28,0.0,0.005,0.004917882214605283,-8.211778539471675e-05,flat,8.211778539471675e-05
7,FULL_CAPACITY,0.05,29,0.0,0.005,0.004917882214605283,-8.211778539471675e-05,flat,8.211778539471675e-05
7,FULL_CAPACITY,0.05,30,0.0,0.005,0.004917882214605283,-8.211778539471675e-05,flat,8.211778539471675e-05
7,FULL_CAPACITY,0.05,31,0.0,0.005,0.004917882214605283,-8.211778539471675e-05,flat,8.211778539471675e-05
7,FULL_CAPACITY,0.05,32,0.0,0.005,0.004917882214605283,-8.211778539471675e-05,flat,8.211778539471675e-05
7,FULL_CAPACITY,0.05,33,0.0,0.005,0.004917882214605283,-8.211778539471675e-05,flat,8.211778539471675e-05
7,FULL_CAPACITY,0.05,34,0.0,0.005,0.004917882214605283,-8.211778539471675e-05,flat,8.211778539471675e-05
7,FULL_CAPACITY,0.05,36,0.0,0.005,0.004917882214605283,-8.211778539471675e-05,flat,8.211778539471675e-05
7,FULL_CAPACITY,0.05,37,0.0,0.005,0.004917882214605283,-8.211778539471675e-05,flat,8.211778539471675e-05
7,FULL_CAPACITY,0.05,38,0.0,0.005,0.004917882214605283,-8.211778539471675e-05,flat,8.211778539471675e-05
7,FULL_CAPACITY,0.05,39,0.0,0.005,0.004917882214605283,-8.211778539471675e-05,flat,8.211778539471675e-05
7,FULL_CAPACITY,0.05,40,0.0,0.005,0.004917882214605283,-8.211778539471675e-05,flat,8.211778539471675e-05
7,FULL_CAPACITY,0.05,41,0.0,0.005,0.004917882214605283,-8.211778539471675e-05,flat,8.211778539471675e-05
7,FULL_CAPACITY,0.05,42,0.0,0.005,0.004917882214605283,-8.211778539471675e-05,flat,8.211778539471675e-05
7,FULL_CAPACITY,0.05,43,0.0,0.005,0.004917882214605283,-8.211778539471675e-05,flat,8.211778539471675e-05
7,FULL_CAPACITY,0.05,44,0.0,0.005,0.004917882214605283,-8.211778539471675e-05,flat,8.211778539471675e-05
7,FULL_CAPACITY,0.05,45,0.0,0.005,0.004917882214605283,-8.211778539471675e-05,flat,8.211778539471675e-05
7,FULL_CAPACITY,0.05,46,0.0,0.005,0.004917882214605283,-8.211778539471675e-05,flat,8.211778539471675e-05
7,FULL_CAPACITY,0.05,47,0.0,0.005,0.004917882214605283,-8.211778539471675e-05,flat,8.211778539471675e-05
7,FULL_CAPACITY,0.05,48,0.0,0.005,0.004917882214605283,-8.211778539471675e-05,flat,8.211778539471675e-05
7,FULL_CAPACITY,0.05,49,0.0,0.005,0.004917882214605283,-8.211778539471675e-05,flat,8.211778539471675e-05
7,FULL_CAPACITY,0.05,50,0.0,0.005,0.004917882214605283,-8.211778539471675e-05,flat,8.211778539471675e-05
7,FULL_CAPACITY,0.05,51,0.0,0.005,0.004917882214605283,-8.211778539471675e-05,flat,8.211778539471675e-05
7,FULL_CAPACITY,0.05,52,0.0,0.005,0.004917882214605283,-8.211778539471675e-05,flat,8.211778539471675e-05
7,FULL_CAPACITY,0.05,53,0.0,0.005,0.004917882214605283,-8.211778539471675e-05,flat,8.211778539471675e-05
7,FULL_CAPACITY,0.05,54,0.0,0.005,0.004917882214605283,-8.211778539471675e-05,flat,8.211778539471675e-05
7,FULL_CAPACITY,0.05,55,0.0,0.005,0.004917882214605283,-8.211778539471675e-05,flat,8.211778539471675e-05
7,FULL_CAPACITY,0.05,56,0.0,0.005,0.004917882214605283,-8.211778539471675e-05,flat,8.211778539471675e-05
7,FULL_CAPACITY,0.05,57,0.0,0.005,0.004917882214605283,-8.211778539471675e-05,flat,8.211778539471675e-05
7,FULL_CAPACITY,0.05,58,0.0,0.005,0.004917882214605283,-8.211778539471675e-05,flat,8.211778539471675e-05
7,FULL_CAPACITY,0.05,59,0.0,0.005,0.004917882214605283,-8.211778539471675e-05,flat,8.211778539471675e-05
7,FULL_CAPACITY,0.05,60,0.0,0.005,0.004917882214605283,-8.211778539471675e-05,flat,8.211778539471675e-05
7,FULL_CAPACITY,0.05,61,0.0,0.005,0.004917882214605283,-8.211778539471675e-05,flat,8.211778539471675e-05
7,FULL_CAPACITY,0.05,62,0.0,0.005,0.004917882214605283,-8.211778539471675e-05,flat,8.211778539471675e-05
7,FULL_CAPACITY,0.05,63,0.0,0.005,0.004917882214605283,-8.211778539471675e-05,flat,8.211778539471675e-05
7,FULL_CAPACITY,0.05,64,0.0,0.005,0.004917882214605283,-8.211778539471675e-05,flat,8.211778539471675e-05
7,FULL_CAPACITY,0.05,65,0.0,0.005,0.004917882214605283,-8.211778539471675e-05,flat,8.211778539471675e-05
7,FULL_CAPACITY,0.05,66,0.0,0.005,0.004917882214605283,-8.211778539471675e-05,flat,8.211778539471675e-05
7,FULL_CAPACITY,0.05,67,0.0,0.005,0.004917882214605283,-8.211778539471675e-05,flat,8.211778539471675e-05
7,FULL_CAPACITY,0.05,68,0.0,0.005,0.004917882214605283,-8.211778539471675e-05,flat,8.211778539471675e-05
7,FULL_CAPACITY,0.05,69,0.0,0.005,0.004917882214605283,-8.211778539471675e-05,flat,8.211778539471675e-05
7,FULL_CAPACITY,0.05,70,0.0,0.005,0.004917882214605283,-8.211778539471675e-05,flat,8.211778539471675e-05
7,FULL_CAPACITY,0.05,71,0.0,0.005,0.004917882214605283,-8.211778539471675e-05,flat,8.211778539471675e-05
7,FULL_CAPACITY,0.05,72,0.0,0.005,0.004917882214605283,-8.211778539471675e-05,flat,8.211778539471675e-05
7,FULL_CAPACITY,0.05,73,0.0,0.005,0.004917882214605283,-8.211778539471675e-05,flat,8.211778539471675e-05
7,FULL_CAPACITY,0.05,74,0.0,0.005,0.004917882214605283,-8.211778539471675e-05,flat,8.211778539471675e-05
7,FULL_CAPACITY,0.05,75,0.0,0.005,0.004917882214605283,-8.211778539471675e-05,flat,8.211778539471675e-05
7,FULL_CAPACITY,0.05,76,0.0,0.005,0.004917882214605283,-8.211778539471675e-05,flat,8.211778539471675e-05
7,FULL_CAPACITY,0.05,77,0.0,0.005,0.004917882214605283,-8.211778539471675e-05,flat,8.211778539471675e-05
7,FULL_CAPACITY,0.05,78,0.0,0.005,0.004917882214605283,-8.211778539471675e-05,flat,8.211778539471675e-05
7,FULL_CAPACITY,0.05,79,0.0,0.005,0.004917882214605283,-8.211778539471675e-05,flat,8.211778539471675e-05
7,FULL_CAPACITY,0.05,80,0.0,0.005,0.004917882214605283,-8.211778539471675e-05,flat,8.211778539471675e-05
7,FULL_CAPACITY,0.05,81,0.0,0.005,0.004917882214605283,-8.211778539471675e-05,flat,8.211778539471675e-05
7,FULL_CAPACITY,0.05,82,0.0,0.005,0.004917882214605283,-8.211778539471675e-05,flat,8.211778539471675e-05
7,FULL_CAPACITY,0.05,83,0.0,0.005,0.004917882214605283,-8.211778539471675e-05,flat,8.211778539471675e-05
7,FULL_CAPACITY,0.05,84,0.0,0.005,0.004917882214605283,-8.211778539471675e-05,flat,8.211778539471675e-05
7,FULL_CAPACITY,0.05,85,0.0,0.005,0.004917882214605283,-8.211778539471675e-05,flat,8.211778539471675e-05
7,FULL_CAPACITY,0.05,86,0.0,0.005,0.004917882214605283,-8.211778539471675e-05,flat,8.211778539471675e-05
7,FULL_CAPACITY,0.05,87,0.0,0.005,0.004917882214605283,-8.211778539471675e-05,flat,8.211778539471675e-05
7,FULL_CAPACITY,0.05,88,0.0,0.005,0.004917882214605283,-8.211778539471675e-05,flat,8.211778539471675e-05
7,FULL_CAPACITY,0.05,89,0.0,0.005,0.004917882214605283,-8.211778539471675e-05,flat,8.211778539471675e-05
7,FULL_CAPACITY,0.05,90,0.0,0.005,0.004917882214605283,-8.211778539471675e-05,flat,8.211778539471675e-05
7,FULL_CAPACITY,0.05,91,0.0,0.005,0.004917882214605283,-8.211778539471675e-05,flat,8.211778539471675e-05
7,FULL_CAPACITY,0.05,92,0.0,0.005,0.004917882214605283,-8.211778539471675e-05,flat,8.211778539471675e-05
7,FULL_CAPACITY,0.05,93,0.0,0.005,0.004917882214605283,-8.211778539471675e-05,flat,8.211778539471675e-05
7,FULL_CAPACITY,0.05,94,0.0,0.005,0.004917882214605283,-8.211778539471675e-05,flat,8.211778539471675e-05
7,FULL_CAPACITY,0.05,95,0.0,0.005,0.004917882214605283,-8.211778539471675e-05,flat,8.211778539471675e-05
7,FULL_CAPACITY,0.05,96,0.0,0.005,0.004917882214605283,-8.211778539471675e-05,flat,8.211778539471675e-05
7,FULL_CAPACITY,0.05,97,0.0,0.005,0.004917882214605283,-8.211778539471675e-05,flat,8.211778539471675e-05
7,FULL_CAPACITY,0.05,98,0.0,0.005,0.004917882214605283,-8.211778539471675e-05,flat,8.211778539471675e-05
7,FULL_CAPACITY,0.05,99,0.0,0.005,0.004917882214605283,-8.211778539471675e-05,flat,8.211778539471675e-05
7,FULL_CAPACITY,0.05,100,0.0,0.005,0.004917882214605283,-8.211778539471675e-05,flat,8.211778539471675e-05
7,FULL_CAPACITY,0.05,101,0.0,0.005,0.004917882214605283,-8.211778539471675e-05,flat,8.211778539471675e-05
7,FULL_CAPACITY,0.05,102,0.0,0.005,0.004917882214605283,-8.211778539471675e-05,flat,8.211778539471675e-05
7,FULL_CAPACITY,0.05,103,0.0,0.005,0.004917882214605283,-8.211778539471675e-05,flat,8.211778539471675e-05
7,FULL_CAPACITY,0.05,104,0.0,0.005,0.004917882214605283,-8.211778539471675e-05,flat,8.211778539471675e-05
7,FULL_CAPACITY,0.05,105,0.0,0.005,0.004917882214605283,-8.211778539471675e-05,flat,8.211778539471675e-05
7,FULL_CAPACITY,0.05,106,0.0,0.005,0.004917882214605283,-8.211778539471675e-05,flat,8.211778539471675e-05
7,FULL_CAPACITY,0.05,107,0.0,0.005,0.004917882214605283,-8.211778539471675e-05,flat,8.211778539471675e-05
7,FULL_CAPACITY,0.05,108,0.0,0.005,0.004917882214605283,-8.211778539471675e-05,flat,8.211778539471675e-05
7,FULL_CAPACITY,0.05,109,0.0,0.005,0.004917882214605283,-8.211778539471675e-05,flat,8.211778539471675e-05
7,FULL_CAPACITY,0.05,110,0.0,0.005,0.004917882214605283,-8.211778539471675e-05,flat,8.211778539471675e-05
7,FULL_CAPACITY,0.05,111,0.0,0.005,0.004917882214605283,-8.211778539471675e-05,flat,8.211778539471675e-05
7,FULL_CAPACITY,0.05,112,0.0,0.005,0.004917882214605283,-8.211778539471675e-05,flat,8.211778539471675e-05
7,FULL_CAPACITY,0.05,113,0.0,0.005,0.004917882214605283,-8.211778539471675e-05,flat,8.211778539471675e-05
7,FULL_CAPACITY,0.05,114,0.0,0.005,0.004917882214605283,-8.211778539471675e-05,flat,8.211778539471675e-05
7,FULL_CAPACITY,0.05,115,0.0,0.005,0.004917882214605283,-8.211778539471675e-05,flat,8.211778539471675e-05
7,FULL_CAPACITY,0.05,116,0.0,0.005,0.004917882214605283,-8.211778539471675e-05,flat,8.211778539471675e-05
7,FULL_CAPACITY,0.05,117,0.0,0.005,0.004917882214605283,-8.211778539471675e-05,flat,8.211778539471675e-05
7,FULL_CAPACITY,0.05,118,0.0,0.005,0.004917882214605283,-8.211778539471675e-05,flat,8.211778539471675e-05
7,FULL_CAPACITY,0.05,119,0.0,0.005,0.004917882214605283,-8.211778539471675e-05,flat,8.211778539471675e-05
7,FULL_CAPACITY,0.05,120,0.0,0.005,0.004917882214605283,-8.211778539471675e-05,flat,8.211778539471675e-05
7,FULL_CAPACITY,0.05,121,0.0,0.005,0.004917882214605283,-8.211778539471675e-05,flat,8.211778539471675e-05
7,FULL_CAPACITY,0.05,122,0.0,0.005,0.004917882214605283,-8.211778539471675e-05,flat,8.211778539471675e-05
7,FULL_CAPACITY,0.05,123,0.0,0.005,0.004917882214605283,-8.211778539471675e-05,flat,8.211778539471675e-05
7,FULL_CAPACITY,0.05,124,0.0,0.005,0.004917882214605283,-8.211778539471675e-05,flat,8.211778539471675e-05
7,FULL_CAPACITY,0.05,125,0.0,0.005,0.004917882214605283,-8.211778539471675e-05,flat,8.211778539471675e-05
7,FULL_CAPACITY,0.05,126,0.0,0.005,0.004917882214605283,-8.211778539471675e-05,flat,8.211778539471675e-05
7,FULL_CAPACITY,0.05,127,0.0,0.005,0.004917882214605283,-8.211778539471675e-05,flat,8.211778539471675e-05
7,FULL_CAPACITY,0.05,128,0.0,0.005,0.004917882214605283,-8.211778539471675e-05,flat,8.211778539471675e-05
7,FULL_CAPACITY,0.05,129,0.0,0.005,0.004917882214605283,-8.211778539471675e-05,flat,8.211778539471675e-05
7,FULL_CAPACITY,0.05,130,0.0,0.005,0.004917882214605283,-8.211778539471675e-05,flat,8.211778539471675e-05
7,FULL_CAPACITY,0.05,131,0.0,0.005,0.004917882214605283,-8.211778539471675e-05,flat,8.211778539471675e-05
7,FULL_CAPACITY,0.05,132,0.0,0.005,0.004917882214605283,-8.211778539471675e-05,flat,8.211778539471675e-05
7,FULL_CAPACITY,0.05,133,0.0,0.005,0.004917882214605283,-8.211778539471675e-05,flat,8.211778539471675e-05
7,FULL_CAPACITY,0.05,134,0.0,0.005,0.004917882214605283,-8.211778539471675e-05,flat,8.211778539471675e-05
7,FULL_CAPACITY,0.05,135,0.0,0.005,0.004917882214605283,-8.211778539471675e-05,flat,8.211778539471675e-05
7,FULL_CAPACITY,0.05,136,0.0,0.005,0.004917882214605283,-8.211778539471675e-05,flat,8.211778539471675e-05
7,FULL_CAPACITY,0.05,137,0.0,0.005,0.004917882214605283,-8.211778539471675e-05,flat,8.211778539471675e-05
7,FULL_CAPACITY,0.05,138,0.0,0.005,0.004917882214605283,-8.211778539471675e-05,flat,8.211778539471675e-05
7,FULL_CAPACITY,0.05,139,0.0,0.005,0.004917882214605283,-8.211778539471675e-05,flat,8.211778539471675e-05
7,FULL_CAPACITY,0.05,140,0.0,0.005,0.004917882214605283,-8.211778539471675e-05,flat,8.211778539471675e-05
7,FULL_CAPACITY,0.05,141,0.0,0.005,0.004917882214605283,-8.211778539471675e-05,flat,8.211778539471675e-05
7,FULL_CAPACITY,0.05,142,0.0,0.005,0.004917882214605283,-8.211778539471675e-05,flat,8.211778539471675e-05
7,FULL_CAPACITY,0.05,143,0.0,0.005,0.004917882214605283,-8.211778539471675e-05,flat,8.211778539471675e-05
7,FULL_CAPACITY,0.05,144,0.0,0.005,0.004917882214605283,-8.211778539471675e-05,flat,8.211778539471675e-05
7,FULL_CAPACITY,0.05,145,0.0,0.005,0.004917882214605283,-8.211778539471675e-05,flat,8.211778539471675e-05
7,FULL_CAPACITY,0.05,146,0.0,0.005,0.004917882214605283,-8.211778539471675e-05,flat,8.211778539471675e-05
7,FULL_CAPACITY,0.05,147,0.0,0.005,0.004917882214605283,-8.211778539471675e-05,flat,8.211778539471675e-05
7,FULL_CAPACITY,0.05,148,0.0,0.005,0.004917882214605283,-8.211778539471675e-05,flat,8.211778539471675e-05
7,FULL_CAPACITY,0.05,149,0.0,0.005,0.004917882214605283,-8.211778539471675e-05,flat,8.211778539471675e-05
7,FULL_CAPACITY,0.05,150,0.0,0.005,0.004917882214605283,-8.211778539471675e-05,flat,8.211778539471675e-05
7,FULL_CAPACITY,0.05,151,0.0,0.005,0.004917882214605283,-8.211778539471675e-05,flat,8.211778539471675e-05
7,FULL_CAPACITY,0.05,152,0.0,0.005,0.004917882214605283,-8.211778539471675e-05,flat,8.211778539471675e-05
7,FULL_CAPACITY,0.05,153,0.0,0.005,0.004917882214605283,-8.211778539471675e-05,flat,8.211778539471675e-05
7,FULL_CAPACITY,0.05,154,0.0,0.005,0.004917882214605283,-8.211778539471675e-05,flat,8.211778539471675e-05
7,FULL_CAPACITY,0.05,156,0.0,0.005,0.004917882214605283,-8.211778539471675e-05,flat,8.211778539471675e-05
7,FULL_CAPACITY,0.05,157,0.0,0.005,0.004917882214605283,-8.211778539471675e-05,flat,8.211778539471675e-05
7,FULL_CAPACITY,0.05,158,0.0,0.005,0.004917882214605283,-8.211778539471675e-05,flat,8.211778539471675e-05
7,FULL_CAPACITY,0.05,159,0.0,0.005,0.004917882214605283,-8.211778539471675e-05,flat,8.211778539471675e-05
7,FULL_CAPACITY,0.05,160,0.0,0.005,0.004917882214605283,-8.211778539471675e-05,flat,8.211778539471675e-05
7,FULL_CAPACITY,0.05,161,0.0,0.005,0.004917882214605283,-8.211778539471675e-05,flat,8.211778539471675e-05
7,FULL_CAPACITY,0.05,162,0.0,0.005,0.004917882214605283,-8.211778539471675e-05,flat,8.211778539471675e-05
7,FULL_CAPACITY,0.05,163,0.0,0.005,0.004917882214605283,-8.211778539471675e-05,flat,8.211778539471675e-05
7,FULL_CAPACITY,0.05,164,0.0,0.005,0.004917882214605283,-8.211778539471675e-05,flat,8.211778539471675e-05
7,FULL_CAPACITY,0.05,165,0.0,0.005,0.004917882214605283,-8.211778539471675e-05,flat,8.211778539471675e-05
7,FULL_CAPACITY,0.05,166,0.0,0.005,0.004917882214605283,-8.211778539471675e-05,flat,8.211778539471675e-05
7,FULL_CAPACITY,0.05,167,0.0,0.005,0.004917882214605283,-8.211778539471675e-05,flat,8.211778539471675e-05
7,FULL_CAPACITY,0.05,168,0.0,0.005,0.004917882214605283,-8.211778539471675e-05,flat,8.211778539471675e-05
7,FULL_CAPACITY,0.05,169,0.0,0.005,0.004917882214605283,-8.211778539471675e-05,flat,8.211778539471675e-05
7,FULL_CAPACITY,0.05,170,0.0,0.005,0.004917882214605283,-8.211778539471675e-05,flat,8.211778539471675e-05
7,FULL_CAPACITY,0.05,171,0.0,0.005,0.004917882214605283,-8.211778539471675e-05,flat,8.211778539471675e-05
7,FULL_CAPACITY,0.05,172,0.0,0.005,0.004917882214605283,-8.211778539471675e-05,flat,8.211778539471675e-05
7,FULL_CAPACITY,0.05,173,0.0,0.005,0.004917882214605283,-8.211778539471675e-05,flat,8.211778539471675e-05
7,FULL_CAPACITY,0.05,174,0.0,0.005,0.004917882214605283,-8.211778539471675e-05,flat,8.211778539471675e-05
7,FULL_CAPACITY,0.05,175,0.0,0.005,0.004917882214605283,-8.211778539471675e-05,flat,8.211778539471675e-05
7,FULL_CAPACITY,0.05,176,0.0,0.005,0.004917882214605283,-8.211778539471675e-05,flat,8.211778539471675e-05
7,FULL_CAPACITY,0.05,177,0.0,0.005,0.004917882214605283,-8.211778539471675e-05,flat,8.211778539471675e-05
7,FULL_CAPACITY,0.05,178,0.0,0.005,0.004917882214605283,-8.211778539471675e-05,flat,8.211778539471675e-05
7,FULL_CAPACITY,0.05,179,0.0,0.005,0.004917882214605283,-8.211778539471675e-05,flat,8.211778539471675e-05
7,FULL_CAPACITY,0.05,180,0.0,0.005,0.004917882214605283,-8.211778539471675e-05,flat,8.211778539471675e-05
7,FULL_CAPACITY,0.05,181,0.0,0.005,0.004917882214605283,-8.211778539471675e-05,flat,8.211778539471675e-05
7,FULL_CAPACITY,0.05,182,0.0,0.005,0.004917882214605283,-8.211778539471675e-05,flat,8.211778539471675e-05
7,FULL_CAPACITY,0.05,183,0.0,0.005,0.004917882214605283,-8.211778539471675e-05,flat,8.211778539471675e-05
7,FULL_CAPACITY,0.05,184,0.0,0.005,0.004917882214605283,-8.211778539471675e-05,flat,8.211778539471675e-05
7,FULL_CAPACITY,0.05,185,0.0,0.005,0.004917882214605283,-8.211778539471675e-05,flat,8.211778539471675e-05
7,FULL_CAPACITY,0.05,186,0.0,0.005,0.004917882214605283,-8.211778539471675e-05,flat,8.211778539471675e-05
7,FULL_CAPACITY,0.05,187,0.0,0.005,0.004917882214605283,-8.211778539471675e-05,flat,8.211778539471675e-05
7,FULL_CAPACITY,0.05,188,0.0,0.005,0.004917882214605283,-8.211778539471675e-05,flat,8.211778539471675e-05
7,FULL_CAPACITY,0.05,189,0.0,0.005,0.004917882214605283,-8.211778539471675e-05,flat,8.211778539471675e-05
7,FULL_CAPACITY,0.05,190,0.0,0.005,0.004917882214605283,-8.211778539471675e-05,flat,8.211778539471675e-05
7,FULL_CAPACITY,0.05,191,0.0,0.005,0.004917882214605283,-8.211778539471675e-05,flat,8.211778539471675e-05
7,FULL_CAPACITY,0.05,192,0.0,0.005,0.004917882214605283,-8.211778539471675e-05,flat,8.211778539471675e-05
7,FULL_CAPACITY,0.05,193,0.0,0.005,0.004917882214605283,-8.211778539471675e-05,flat,8.211778539471675e-05
7,FULL_CAPACITY,0.05,194,0.0,0.005,0.004917882214605283,-8.211778539471675e-05,flat,8.211778539471675e-05
7,FULL_CAPACITY,0.05,195,0.0,0.005,0.004917882214605283,-8.211778539471675e-05,flat,8.211778539471675e-05
7,FULL_CAPACITY,0.05,196,0.0,0.005,0.004917882214605283,-8.211778539471675e-05,flat,8.211778539471675e-05
7,FULL_CAPACITY,0.05,197,0.0,0.005,0.004917882214605283,-8.211778539471675e-05,flat,8.211778539471675e-05
7,FULL_CAPACITY,0.05,198,0.0,0.005,0.004917882214605283,-8.211778539471675e-05,flat,8.211778539471675e-05
7,FULL_CAPACITY,0.05,199,0.0,0.005,0.004917882214605283,-8.211778539471675e-05,flat,8.211778539471675e-05
7,FULL_CAPACITY,0.05,200,0.0,0.005,0.004917882214605283,-8.211778539471675e-05,flat,8.211778539471675e-05
7,FULL_CAPACITY,0.1,155,23458.6978833397,0.005,0.027289761637844228,0.022289761637844227,flat,0.022289761637844227
7,FULL_CAPACITY,0.1,35,859.078049623756,0.005,0.005704391353971383,0.000704391353971383,flat,0.000704391353971383
7,FULL_CAPACITY,0.1,1,0.0,0.005,0.004883867914182749,-0.00011613208581725144,flat,0.00011613208581725144
7,FULL_CAPACITY,0.1,2,0.0,0.005,0.004883867914182749,-0.00011613208581725144,flat,0.00011613208581725144
7,FULL_CAPACITY,0.1,3,0.0,0.005,0.004883867914182749,-0.00011613208581725144,flat,0.00011613208581725144
7,FULL_CAPACITY,0.1,4,0.0,0.005,0.004883867914182749,-0.00011613208581725144,flat,0.00011613208581725144
7,FULL_CAPACITY,0.1,5,0.0,0.005,0.004883867914182749,-0.00011613208581725144,flat,0.00011613208581725144
7,FULL_CAPACITY,0.1,6,0.0,0.005,0.004883867914182749,-0.00011613208581725144,flat,0.00011613208581725144
7,FULL_CAPACITY,0.1,7,0.0,0.005,0.004883867914182749,-0.00011613208581725144,flat,0.00011613208581725144
7,FULL_CAPACITY,0.1,8,0.0,0.005,0.004883867914182749,-0.00011613208581725144,flat,0.00011613208581725144
7,FULL_CAPACITY,0.1,9,0.0,0.005,0.004883867914182749,-0.00011613208581725144,flat,0.00011613208581725144
7,FULL_CAPACITY,0.1,10,0.0,0.005,0.004883867914182749,-0.00011613208581725144,flat,0.00011613208581725144
7,FULL_CAPACITY,0.1,11,0.0,0.005,0.004883867914182749,-0.00011613208581725144,flat,0.00011613208581725144
7,FULL_CAPACITY,0.1,12,0.0,0.005,0.004883867914182749,-0.00011613208581725144,flat,0.00011613208581725144
7,FULL_CAPACITY,0.1,13,0.0,0.005,0.004883867914182749,-0.00011613208581725144,flat,0.00011613208581725144
7,FULL_CAPACITY,0.1,14,0.0,0.005,0.004883867914182749,-0.00011613208581725144,flat,0.00011613208581725144
7,FULL_CAPACITY,0.1,15,0.0,0.005,0.004883867914182749,-0.00011613208581725144,flat,0.00011613208581725144
7,FULL_CAPACITY,0.1,16,0.0,0.005,0.004883867914182749,-0.00011613208581725144,flat,0.00011613208581725144
7,FULL_CAPACITY,0.1,17,0.0,0.005,0.004883867914182749,-0.00011613208581725144,flat,0.00011613208581725144
7,FULL_CAPACITY,0.1,18,0.0,0.005,0.004883867914182749,-0.00011613208581725144,flat,0.00011613208581725144
7,FULL_CAPACITY,0.1,19,0.0,0.005,0.004883867914182749,-0.00011613208581725144,flat,0.00011613208581725144
7,FULL_CAPACITY,0.1,20,0.0,0.005,0.004883867914182749,-0.00011613208581725144,flat,0.00011613208581725144
7,FULL_CAPACITY,0.1,21,0.0,0.005,0.004883867914182749,-0.00011613208581725144,flat,0.00011613208581725144
7,FULL_CAPACITY,0.1,22,0.0,0.005,0.004883867914182749,-0.00011613208581725144,flat,0.00011613208581725144
7,FULL_CAPACITY,0.1,23,0.0,0.005,0.004883867914182749,-0.00011613208581725144,flat,0.00011613208581725144
7,FULL_CAPACITY,0.1,24,0.0,0.005,0.004883867914182749,-0.00011613208581725144,flat,0.00011613208581725144
7,FULL_CAPACITY,0.1,25,0.0,0.005,0.004883867914182749,-0.00011613208581725144,flat,0.00011613208581725144
7,FULL_CAPACITY,0.1,26,0.0,0.005,0.004883867914182749,-0.00011613208581725144,flat,0.00011613208581725144
7,FULL_CAPACITY,0.1,27,0.0,0.005,0.004883867914182749,-0.00011613208581725144,flat,0.00011613208581725144
7,FULL_CAPACITY,0.1,28,0.0,0.005,0.004883867914182749,-0.00011613208581725144,flat,0.00011613208581725144
7,FULL_CAPACITY,0.1,29,0.0,0.005,0.004883867914182749,-0.00011613208581725144,flat,0.00011613208581725144
7,FULL_CAPACITY,0.1,30,0.0,0.005,0.004883867914182749,-0.00011613208581725144,flat,0.00011613208581725144
7,FULL_CAPACITY,0.1,31,0.0,0.005,0.004883867914182749,-0.00011613208581725144,flat,0.00011613208581725144
7,FULL_CAPACITY,0.1,32,0.0,0.005,0.004883867914182749,-0.00011613208581725144,flat,0.00011613208581725144
7,FULL_CAPACITY,0.1,33,0.0,0.005,0.004883867914182749,-0.00011613208581725144,flat,0.00011613208581725144
7,FULL_CAPACITY,0.1,34,0.0,0.005,0.004883867914182749,-0.00011613208581725144,flat,0.00011613208581725144
7,FULL_CAPACITY,0.1,36,0.0,0.005,0.004883867914182749,-0.00011613208581725144,flat,0.00011613208581725144
7,FULL_CAPACITY,0.1,37,0.0,0.005,0.004883867914182749,-0.00011613208581725144,flat,0.00011613208581725144
7,FULL_CAPACITY,0.1,38,0.0,0.005,0.004883867914182749,-0.00011613208581725144,flat,0.00011613208581725144
7,FULL_CAPACITY,0.1,39,0.0,0.005,0.004883867914182749,-0.00011613208581725144,flat,0.00011613208581725144
7,FULL_CAPACITY,0.1,40,0.0,0.005,0.004883867914182749,-0.00011613208581725144,flat,0.00011613208581725144
7,FULL_CAPACITY,0.1,41,0.0,0.005,0.004883867914182749,-0.00011613208581725144,flat,0.00011613208581725144
7,FULL_CAPACITY,0.1,42,0.0,0.005,0.004883867914182749,-0.00011613208581725144,flat,0.00011613208581725144
7,FULL_CAPACITY,0.1,43,0.0,0.005,0.004883867914182749,-0.00011613208581725144,flat,0.00011613208581725144
7,FULL_CAPACITY,0.1,44,0.0,0.005,0.004883867914182749,-0.00011613208581725144,flat,0.00011613208581725144
7,FULL_CAPACITY,0.1,45,0.0,0.005,0.004883867914182749,-0.00011613208581725144,flat,0.00011613208581725144
7,FULL_CAPACITY,0.1,46,0.0,0.005,0.004883867914182749,-0.00011613208581725144,flat,0.00011613208581725144
7,FULL_CAPACITY,0.1,47,0.0,0.005,0.004883867914182749,-0.00011613208581725144,flat,0.00011613208581725144
7,FULL_CAPACITY,0.1,48,0.0,0.005,0.004883867914182749,-0.00011613208581725144,flat,0.00011613208581725144
7,FULL_CAPACITY,0.1,49,0.0,0.005,0.004883867914182749,-0.00011613208581725144,flat,0.00011613208581725144
7,FULL_CAPACITY,0.1,50,0.0,0.005,0.004883867914182749,-0.00011613208581725144,flat,0.00011613208581725144
7,FULL_CAPACITY,0.1,51,0.0,0.005,0.004883867914182749,-0.00011613208581725144,flat,0.00011613208581725144
7,FULL_CAPACITY,0.1,52,0.0,0.005,0.004883867914182749,-0.00011613208581725144,flat,0.00011613208581725144
7,FULL_CAPACITY,0.1,53,0.0,0.005,0.004883867914182749,-0.00011613208581725144,flat,0.00011613208581725144
7,FULL_CAPACITY,0.1,54,0.0,0.005,0.004883867914182749,-0.00011613208581725144,flat,0.00011613208581725144
7,FULL_CAPACITY,0.1,55,0.0,0.005,0.004883867914182749,-0.00011613208581725144,flat,0.00011613208581725144
7,FULL_CAPACITY,0.1,56,0.0,0.005,0.004883867914182749,-0.00011613208581725144,flat,0.00011613208581725144
7,FULL_CAPACITY,0.1,57,0.0,0.005,0.004883867914182749,-0.00011613208581725144,flat,0.00011613208581725144
7,FULL_CAPACITY,0.1,58,0.0,0.005,0.004883867914182749,-0.00011613208581725144,flat,0.00011613208581725144
7,FULL_CAPACITY,0.1,59,0.0,0.005,0.004883867914182749,-0.00011613208581725144,flat,0.00011613208581725144
7,FULL_CAPACITY,0.1,60,0.0,0.005,0.004883867914182749,-0.00011613208581725144,flat,0.00011613208581725144
7,FULL_CAPACITY,0.1,61,0.0,0.005,0.004883867914182749,-0.00011613208581725144,flat,0.00011613208581725144
7,FULL_CAPACITY,0.1,62,0.0,0.005,0.004883867914182749,-0.00011613208581725144,flat,0.00011613208581725144
7,FULL_CAPACITY,0.1,63,0.0,0.005,0.004883867914182749,-0.00011613208581725144,flat,0.00011613208581725144
7,FULL_CAPACITY,0.1,64,0.0,0.005,0.004883867914182749,-0.00011613208581725144,flat,0.00011613208581725144
7,FULL_CAPACITY,0.1,65,0.0,0.005,0.004883867914182749,-0.00011613208581725144,flat,0.00011613208581725144
7,FULL_CAPACITY,0.1,66,0.0,0.005,0.004883867914182749,-0.00011613208581725144,flat,0.00011613208581725144
7,FULL_CAPACITY,0.1,67,0.0,0.005,0.004883867914182749,-0.00011613208581725144,flat,0.00011613208581725144
7,FULL_CAPACITY,0.1,68,0.0,0.005,0.004883867914182749,-0.00011613208581725144,flat,0.00011613208581725144
7,FULL_CAPACITY,0.1,69,0.0,0.005,0.004883867914182749,-0.00011613208581725144,flat,0.00011613208581725144
7,FULL_CAPACITY,0.1,70,0.0,0.005,0.004883867914182749,-0.00011613208581725144,flat,0.00011613208581725144
7,FULL_CAPACITY,0.1,71,0.0,0.005,0.004883867914182749,-0.00011613208581725144,flat,0.00011613208581725144
7,FULL_CAPACITY,0.1,72,0.0,0.005,0.004883867914182749,-0.00011613208581725144,flat,0.00011613208581725144
7,FULL_CAPACITY,0.1,73,0.0,0.005,0.004883867914182749,-0.00011613208581725144,flat,0.00011613208581725144
7,FULL_CAPACITY,0.1,74,0.0,0.005,0.004883867914182749,-0.00011613208581725144,flat,0.00011613208581725144
7,FULL_CAPACITY,0.1,75,0.0,0.005,0.004883867914182749,-0.00011613208581725144,flat,0.00011613208581725144
7,FULL_CAPACITY,0.1,76,0.0,0.005,0.004883867914182749,-0.00011613208581725144,flat,0.00011613208581725144
7,FULL_CAPACITY,0.1,77,0.0,0.005,0.004883867914182749,-0.00011613208581725144,flat,0.00011613208581725144
7,FULL_CAPACITY,0.1,78,0.0,0.005,0.004883867914182749,-0.00011613208581725144,flat,0.00011613208581725144
7,FULL_CAPACITY,0.1,79,0.0,0.005,0.004883867914182749,-0.00011613208581725144,flat,0.00011613208581725144
7,FULL_CAPACITY,0.1,80,0.0,0.005,0.004883867914182749,-0.00011613208581725144,flat,0.00011613208581725144
7,FULL_CAPACITY,0.1,81,0.0,0.005,0.004883867914182749,-0.00011613208581725144,flat,0.00011613208581725144
7,FULL_CAPACITY,0.1,82,0.0,0.005,0.004883867914182749,-0.00011613208581725144,flat,0.00011613208581725144
7,FULL_CAPACITY,0.1,83,0.0,0.005,0.004883867914182749,-0.00011613208581725144,flat,0.00011613208581725144
7,FULL_CAPACITY,0.1,84,0.0,0.005,0.004883867914182749,-0.00011613208581725144,flat,0.00011613208581725144
7,FULL_CAPACITY,0.1,85,0.0,0.005,0.004883867914182749,-0.00011613208581725144,flat,0.00011613208581725144
7,FULL_CAPACITY,0.1,86,0.0,0.005,0.004883867914182749,-0.00011613208581725144,flat,0.00011613208581725144
7,FULL_CAPACITY,0.1,87,0.0,0.005,0.004883867914182749,-0.00011613208581725144,flat,0.00011613208581725144
7,FULL_CAPACITY,0.1,88,0.0,0.005,0.004883867914182749,-0.00011613208581725144,flat,0.00011613208581725144
7,FULL_CAPACITY,0.1,89,0.0,0.005,0.004883867914182749,-0.00011613208581725144,flat,0.00011613208581725144
7,FULL_CAPACITY,0.1,90,0.0,0.005,0.004883867914182749,-0.00011613208581725144,flat,0.00011613208581725144
7,FULL_CAPACITY,0.1,91,0.0,0.005,0.004883867914182749,-0.00011613208581725144,flat,0.00011613208581725144
7,FULL_CAPACITY,0.1,92,0.0,0.005,0.004883867914182749,-0.00011613208581725144,flat,0.00011613208581725144
7,FULL_CAPACITY,0.1,93,0.0,0.005,0.004883867914182749,-0.00011613208581725144,flat,0.00011613208581725144
7,FULL_CAPACITY,0.1,94,0.0,0.005,0.004883867914182749,-0.00011613208581725144,flat,0.00011613208581725144
7,FULL_CAPACITY,0.1,95,0.0,0.005,0.004883867914182749,-0.00011613208581725144,flat,0.00011613208581725144
7,FULL_CAPACITY,0.1,96,0.0,0.005,0.004883867914182749,-0.00011613208581725144,flat,0.00011613208581725144
7,FULL_CAPACITY,0.1,97,0.0,0.005,0.004883867914182749,-0.00011613208581725144,flat,0.00011613208581725144
7,FULL_CAPACITY,0.1,98,0.0,0.005,0.004883867914182749,-0.00011613208581725144,flat,0.00011613208581725144
7,FULL_CAPACITY,0.1,99,0.0,0.005,0.004883867914182749,-0.00011613208581725144,flat,0.00011613208581725144
7,FULL_CAPACITY,0.1,100,0.0,0.005,0.004883867914182749,-0.00011613208581725144,flat,0.00011613208581725144
7,FULL_CAPACITY,0.1,101,0.0,0.005,0.004883867914182749,-0.00011613208581725144,flat,0.00011613208581725144
7,FULL_CAPACITY,0.1,102,0.0,0.005,0.004883867914182749,-0.00011613208581725144,flat,0.00011613208581725144
7,FULL_CAPACITY,0.1,103,0.0,0.005,0.004883867914182749,-0.00011613208581725144,flat,0.00011613208581725144
7,FULL_CAPACITY,0.1,104,0.0,0.005,0.004883867914182749,-0.00011613208581725144,flat,0.00011613208581725144
7,FULL_CAPACITY,0.1,105,0.0,0.005,0.004883867914182749,-0.00011613208581725144,flat,0.00011613208581725144
7,FULL_CAPACITY,0.1,106,0.0,0.005,0.004883867914182749,-0.00011613208581725144,flat,0.00011613208581725144
7,FULL_CAPACITY,0.1,107,0.0,0.005,0.004883867914182749,-0.00011613208581725144,flat,0.00011613208581725144
7,FULL_CAPACITY,0.1,108,0.0,0.005,0.004883867914182749,-0.00011613208581725144,flat,0.00011613208581725144
7,FULL_CAPACITY,0.1,109,0.0,0.005,0.004883867914182749,-0.00011613208581725144,flat,0.00011613208581725144
7,FULL_CAPACITY,0.1,110,0.0,0.005,0.004883867914182749,-0.00011613208581725144,flat,0.00011613208581725144
7,FULL_CAPACITY,0.1,111,0.0,0.005,0.004883867914182749,-0.00011613208581725144,flat,0.00011613208581725144
7,FULL_CAPACITY,0.1,112,0.0,0.005,0.004883867914182749,-0.00011613208581725144,flat,0.00011613208581725144
7,FULL_CAPACITY,0.1,113,0.0,0.005,0.004883867914182749,-0.00011613208581725144,flat,0.00011613208581725144
7,FULL_CAPACITY,0.1,114,0.0,0.005,0.004883867914182749,-0.00011613208581725144,flat,0.00011613208581725144
7,FULL_CAPACITY,0.1,115,0.0,0.005,0.004883867914182749,-0.00011613208581725144,flat,0.00011613208581725144
7,FULL_CAPACITY,0.1,116,0.0,0.005,0.004883867914182749,-0.00011613208581725144,flat,0.00011613208581725144
7,FULL_CAPACITY,0.1,117,0.0,0.005,0.004883867914182749,-0.00011613208581725144,flat,0.00011613208581725144
7,FULL_CAPACITY,0.1,118,0.0,0.005,0.004883867914182749,-0.00011613208581725144,flat,0.00011613208581725144
7,FULL_CAPACITY,0.1,119,0.0,0.005,0.004883867914182749,-0.00011613208581725144,flat,0.00011613208581725144
7,FULL_CAPACITY,0.1,120,0.0,0.005,0.004883867914182749,-0.00011613208581725144,flat,0.00011613208581725144
7,FULL_CAPACITY,0.1,121,0.0,0.005,0.004883867914182749,-0.00011613208581725144,flat,0.00011613208581725144
7,FULL_CAPACITY,0.1,122,0.0,0.005,0.004883867914182749,-0.00011613208581725144,flat,0.00011613208581725144
7,FULL_CAPACITY,0.1,123,0.0,0.005,0.004883867914182749,-0.00011613208581725144,flat,0.00011613208581725144
7,FULL_CAPACITY,0.1,124,0.0,0.005,0.004883867914182749,-0.00011613208581725144,flat,0.00011613208581725144
7,FULL_CAPACITY,0.1,125,0.0,0.005,0.004883867914182749,-0.00011613208581725144,flat,0.00011613208581725144
7,FULL_CAPACITY,0.1,126,0.0,0.005,0.004883867914182749,-0.00011613208581725144,flat,0.00011613208581725144
7,FULL_CAPACITY,0.1,127,0.0,0.005,0.004883867914182749,-0.00011613208581725144,flat,0.00011613208581725144
7,FULL_CAPACITY,0.1,128,0.0,0.005,0.004883867914182749,-0.00011613208581725144,flat,0.00011613208581725144
7,FULL_CAPACITY,0.1,129,0.0,0.005,0.004883867914182749,-0.00011613208581725144,flat,0.00011613208581725144
7,FULL_CAPACITY,0.1,130,0.0,0.005,0.004883867914182749,-0.00011613208581725144,flat,0.00011613208581725144
7,FULL_CAPACITY,0.1,131,0.0,0.005,0.004883867914182749,-0.00011613208581725144,flat,0.00011613208581725144
7,FULL_CAPACITY,0.1,132,0.0,0.005,0.004883867914182749,-0.00011613208581725144,flat,0.00011613208581725144
7,FULL_CAPACITY,0.1,133,0.0,0.005,0.004883867914182749,-0.00011613208581725144,flat,0.00011613208581725144
7,FULL_CAPACITY,0.1,134,0.0,0.005,0.004883867914182749,-0.00011613208581725144,flat,0.00011613208581725144
7,FULL_CAPACITY,0.1,135,0.0,0.005,0.004883867914182749,-0.00011613208581725144,flat,0.00011613208581725144
7,FULL_CAPACITY,0.1,136,0.0,0.005,0.004883867914182749,-0.00011613208581725144,flat,0.00011613208581725144
7,FULL_CAPACITY,0.1,137,0.0,0.005,0.004883867914182749,-0.00011613208581725144,flat,0.00011613208581725144
7,FULL_CAPACITY,0.1,138,0.0,0.005,0.004883867914182749,-0.00011613208581725144,flat,0.00011613208581725144
7,FULL_CAPACITY,0.1,139,0.0,0.005,0.004883867914182749,-0.00011613208581725144,flat,0.00011613208581725144
7,FULL_CAPACITY,0.1,140,0.0,0.005,0.004883867914182749,-0.00011613208581725144,flat,0.00011613208581725144
7,FULL_CAPACITY,0.1,141,0.0,0.005,0.004883867914182749,-0.00011613208581725144,flat,0.00011613208581725144
7,FULL_CAPACITY,0.1,142,0.0,0.005,0.004883867914182749,-0.00011613208581725144,flat,0.00011613208581725144
7,FULL_CAPACITY,0.1,143,0.0,0.005,0.004883867914182749,-0.00011613208581725144,flat,0.00011613208581725144
7,FULL_CAPACITY,0.1,144,0.0,0.005,0.004883867914182749,-0.00011613208581725144,flat,0.00011613208581725144
7,FULL_CAPACITY,0.1,145,0.0,0.005,0.004883867914182749,-0.00011613208581725144,flat,0.00011613208581725144
7,FULL_CAPACITY,0.1,146,0.0,0.005,0.004883867914182749,-0.00011613208581725144,flat,0.00011613208581725144
7,FULL_CAPACITY,0.1,147,0.0,0.005,0.004883867914182749,-0.00011613208581725144,flat,0.00011613208581725144
7,FULL_CAPACITY,0.1,148,0.0,0.005,0.004883867914182749,-0.00011613208581725144,flat,0.00011613208581725144
7,FULL_CAPACITY,0.1,149,0.0,0.005,0.004883867914182749,-0.00011613208581725144,flat,0.00011613208581725144
7,FULL_CAPACITY,0.1,150,0.0,0.005,0.004883867914182749,-0.00011613208581725144,flat,0.00011613208581725144
7,FULL_CAPACITY,0.1,151,0.0,0.005,0.004883867914182749,-0.00011613208581725144,flat,0.00011613208581725144
7,FULL_CAPACITY,0.1,152,0.0,0.005,0.004883867914182749,-0.00011613208581725144,flat,0.00011613208581725144
7,FULL_CAPACITY,0.1,153,0.0,0.005,0.004883867914182749,-0.00011613208581725144,flat,0.00011613208581725144
7,FULL_CAPACITY,0.1,154,0.0,0.005,0.004883867914182749,-0.00011613208581725144,flat,0.00011613208581725144
7,FULL_CAPACITY,0.1,156,0.0,0.005,0.004883867914182749,-0.00011613208581725144,flat,0.00011613208581725144
7,FULL_CAPACITY,0.1,157,0.0,0.005,0.004883867914182749,-0.00011613208581725144,flat,0.00011613208581725144
7,FULL_CAPACITY,0.1,158,0.0,0.005,0.004883867914182749,-0.00011613208581725144,flat,0.00011613208581725144
7,FULL_CAPACITY,0.1,159,0.0,0.005,0.004883867914182749,-0.00011613208581725144,flat,0.00011613208581725144
7,FULL_CAPACITY,0.1,160,0.0,0.005,0.004883867914182749,-0.00011613208581725144,flat,0.00011613208581725144
7,FULL_CAPACITY,0.1,161,0.0,0.005,0.004883867914182749,-0.00011613208581725144,flat,0.00011613208581725144
7,FULL_CAPACITY,0.1,162,0.0,0.005,0.004883867914182749,-0.00011613208581725144,flat,0.00011613208581725144
7,FULL_CAPACITY,0.1,163,0.0,0.005,0.004883867914182749,-0.00011613208581725144,flat,0.00011613208581725144
7,FULL_CAPACITY,0.1,164,0.0,0.005,0.004883867914182749,-0.00011613208581725144,flat,0.00011613208581725144
7,FULL_CAPACITY,0.1,165,0.0,0.005,0.004883867914182749,-0.00011613208581725144,flat,0.00011613208581725144
7,FULL_CAPACITY,0.1,166,0.0,0.005,0.004883867914182749,-0.00011613208581725144,flat,0.00011613208581725144
7,FULL_CAPACITY,0.1,167,0.0,0.005,0.004883867914182749,-0.00011613208581725144,flat,0.00011613208581725144
7,FULL_CAPACITY,0.1,168,0.0,0.005,0.004883867914182749,-0.00011613208581725144,flat,0.00011613208581725144
7,FULL_CAPACITY,0.1,169,0.0,0.005,0.004883867914182749,-0.00011613208581725144,flat,0.00011613208581725144
7,FULL_CAPACITY,0.1,170,0.0,0.005,0.004883867914182749,-0.00011613208581725144,flat,0.00011613208581725144
7,FULL_CAPACITY,0.1,171,0.0,0.005,0.004883867914182749,-0.00011613208581725144,flat,0.00011613208581725144
7,FULL_CAPACITY,0.1,172,0.0,0.005,0.004883867914182749,-0.00011613208581725144,flat,0.00011613208581725144
7,FULL_CAPACITY,0.1,173,0.0,0.005,0.004883867914182749,-0.00011613208581725144,flat,0.00011613208581725144
7,FULL_CAPACITY,0.1,174,0.0,0.005,0.004883867914182749,-0.00011613208581725144,flat,0.00011613208581725144
7,FULL_CAPACITY,0.1,175,0.0,0.005,0.004883867914182749,-0.00011613208581725144,flat,0.00011613208581725144
7,FULL_CAPACITY,0.1,176,0.0,0.005,0.004883867914182749,-0.00011613208581725144,flat,0.00011613208581725144
7,FULL_CAPACITY,0.1,177,0.0,0.005,0.004883867914182749,-0.00011613208581725144,flat,0.00011613208581725144
7,FULL_CAPACITY,0.1,178,0.0,0.005,0.004883867914182749,-0.00011613208581725144,flat,0.00011613208581725144
7,FULL_CAPACITY,0.1,179,0.0,0.005,0.004883867914182749,-0.00011613208581725144,flat,0.00011613208581725144
7,FULL_CAPACITY,0.1,180,0.0,0.005,0.004883867914182749,-0.00011613208581725144,flat,0.00011613208581725144
7,FULL_CAPACITY,0.1,181,0.0,0.005,0.004883867914182749,-0.00011613208581725144,flat,0.00011613208581725144
7,FULL_CAPACITY,0.1,182,0.0,0.005,0.004883867914182749,-0.00011613208581725144,flat,0.00011613208581725144
7,FULL_CAPACITY,0.1,183,0.0,0.005,0.004883867914182749,-0.00011613208581725144,flat,0.00011613208581725144
7,FULL_CAPACITY,0.1,184,0.0,0.005,0.004883867914182749,-0.00011613208581725144,flat,0.00011613208581725144
7,FULL_CAPACITY,0.1,185,0.0,0.005,0.004883867914182749,-0.00011613208581725144,flat,0.00011613208581725144
7,FULL_CAPACITY,0.1,186,0.0,0.005,0.004883867914182749,-0.00011613208581725144,flat,0.00011613208581725144
7,FULL_CAPACITY,0.1,187,0.0,0.005,0.004883867914182749,-0.00011613208581725144,flat,0.00011613208581725144
7,FULL_CAPACITY,0.1,188,0.0,0.005,0.004883867914182749,-0.00011613208581725144,flat,0.00011613208581725144
7,FULL_CAPACITY,0.1,189,0.0,0.005,0.004883867914182749,-0.00011613208581725144,flat,0.00011613208581725144
7,FULL_CAPACITY,0.1,190,0.0,0.005,0.004883867914182749,-0.00011613208581725144,flat,0.00011613208581725144
7,FULL_CAPACITY,0.1,191,0.0,0.005,0.004883867914182749,-0.00011613208581725144,flat,0.00011613208581725144
7,FULL_CAPACITY,0.1,192,0.0,0.005,0.004883867914182749,-0.00011613208581725144,flat,0.00011613208581725144
7,FULL_CAPACITY,0.1,193,0.0,0.005,0.004883867914182749,-0.00011613208581725144,flat,0.00011613208581725144
7,FULL_CAPACITY,0.1,194,0.0,0.005,0.004883867914182749,-0.00011613208581725144,flat,0.00011613208581725144
7,FULL_CAPACITY,0.1,195,0.0,0.005,0.004883867914182749,-0.00011613208581725144,flat,0.00011613208581725144
7,FULL_CAPACITY,0.1,196,0.0,0.005,0.004883867914182749,-0.00011613208581725144,flat,0.00011613208581725144
7,FULL_CAPACITY,0.1,197,0.0,0.005,0.004883867914182749,-0.00011613208581725144,flat,0.00011613208581725144
7,FULL_CAPACITY,0.1,198,0.0,0.005,0.004883867914182749,-0.00011613208581725144,flat,0.00011613208581725144
7,FULL_CAPACITY,0.1,199,0.0,0.005,0.004883867914182749,-0.00011613208581725144,flat,0.00011613208581725144
7,FULL_CAPACITY,0.1,200,0.0,0.005,0.004883867914182749,-0.00011613208581725144,flat,0.00011613208581725144
7,HALF_CAPACITY,0.001,155,23464.6468711169,0.005,0.007228976920937891,0.0022289769209378908,flat,0.0022289769209378908
7,HALF_CAPACITY,0.001,35,859.078049623756,0.005,0.0050704184573286196,7.041845732861946e-05,flat,7.041845732861946e-05
7,HALF_CAPACITY,0.001,1,0.0,0.005,0.004988386892028958,-1.1613107971042425e-05,flat,1.1613107971042425e-05
7,HALF_CAPACITY,0.001,2,0.0,0.005,0.004988386892028958,-1.1613107971042425e-05,flat,1.1613107971042425e-05
7,HALF_CAPACITY,0.001,3,0.0,0.005,0.004988386892028958,-1.1613107971042425e-05,flat,1.1613107971042425e-05
7,HALF_CAPACITY,0.001,4,0.0,0.005,0.004988386892028958,-1.1613107971042425e-05,flat,1.1613107971042425e-05
7,HALF_CAPACITY,0.001,5,0.0,0.005,0.004988386892028958,-1.1613107971042425e-05,flat,1.1613107971042425e-05
7,HALF_CAPACITY,0.001,6,0.0,0.005,0.004988386892028958,-1.1613107971042425e-05,flat,1.1613107971042425e-05
7,HALF_CAPACITY,0.001,7,0.0,0.005,0.004988386892028958,-1.1613107971042425e-05,flat,1.1613107971042425e-05
7,HALF_CAPACITY,0.001,8,0.0,0.005,0.004988386892028958,-1.1613107971042425e-05,flat,1.1613107971042425e-05
7,HALF_CAPACITY,0.001,9,0.0,0.005,0.004988386892028958,-1.1613107971042425e-05,flat,1.1613107971042425e-05
7,HALF_CAPACITY,0.001,10,0.0,0.005,0.004988386892028958,-1.1613107971042425e-05,flat,1.1613107971042425e-05
7,HALF_CAPACITY,0.001,11,0.0,0.005,0.004988386892028958,-1.1613107971042425e-05,flat,1.1613107971042425e-05
7,HALF_CAPACITY,0.001,12,0.0,0.005,0.004988386892028958,-1.1613107971042425e-05,flat,1.1613107971042425e-05
7,HALF_CAPACITY,0.001,13,0.0,0.005,0.004988386892028958,-1.1613107971042425e-05,flat,1.1613107971042425e-05
7,HALF_CAPACITY,0.001,14,0.0,0.005,0.004988386892028958,-1.1613107971042425e-05,flat,1.1613107971042425e-05
7,HALF_CAPACITY,0.001,15,0.0,0.005,0.004988386892028958,-1.1613107971042425e-05,flat,1.1613107971042425e-05
7,HALF_CAPACITY,0.001,16,0.0,0.005,0.004988386892028958,-1.1613107971042425e-05,flat,1.1613107971042425e-05
7,HALF_CAPACITY,0.001,17,0.0,0.005,0.004988386892028958,-1.1613107971042425e-05,flat,1.1613107971042425e-05
7,HALF_CAPACITY,0.001,18,0.0,0.005,0.004988386892028958,-1.1613107971042425e-05,flat,1.1613107971042425e-05
7,HALF_CAPACITY,0.001,19,0.0,0.005,0.004988386892028958,-1.1613107971042425e-05,flat,1.1613107971042425e-05
7,HALF_CAPACITY,0.001,20,0.0,0.005,0.004988386892028958,-1.1613107971042425e-05,flat,1.1613107971042425e-05
7,HALF_CAPACITY,0.001,21,0.0,0.005,0.004988386892028958,-1.1613107971042425e-05,flat,1.1613107971042425e-05
7,HALF_CAPACITY,0.001,22,0.0,0.005,0.004988386892028958,-1.1613107971042425e-05,flat,1.1613107971042425e-05
7,HALF_CAPACITY,0.001,23,0.0,0.005,0.004988386892028958,-1.1613107971042425e-05,flat,1.1613107971042425e-05
7,HALF_CAPACITY,0.001,24,0.0,0.005,0.004988386892028958,-1.1613107971042425e-05,flat,1.1613107971042425e-05
7,HALF_CAPACITY,0.001,25,0.0,0.005,0.004988386892028958,-1.1613107971042425e-05,flat,1.1613107971042425e-05
7,HALF_CAPACITY,0.001,26,0.0,0.005,0.004988386892028958,-1.1613107971042425e-05,flat,1.1613107971042425e-05
7,HALF_CAPACITY,0.001,27,0.0,0.005,0.004988386892028958,-1.1613107971042425e-05,flat,1.1613107971042425e-05
7,HALF_CAPACITY,0.001,28,0.0,0.005,0.004988386892028958,-1.1613107971042425e-05,flat,1.1613107971042425e-05
7,HALF_CAPACITY,0.001,29,0.0,0.005,0.004988386892028958,-1.1613107971042425e-05,flat,1.1613107971042425e-05
7,HALF_CAPACITY,0.001,30,0.0,0.005,0.004988386892028958,-1.1613107971042425e-05,flat,1.1613107971042425e-05
7,HALF_CAPACITY,0.001,31,0.0,0.005,0.004988386892028958,-1.1613107971042425e-05,flat,1.1613107971042425e-05
7,HALF_CAPACITY,0.001,32,0.0,0.005,0.004988386892028958,-1.1613107971042425e-05,flat,1.1613107971042425e-05
7,HALF_CAPACITY,0.001,33,0.0,0.005,0.004988386892028958,-1.1613107971042425e-05,flat,1.1613107971042425e-05
7,HALF_CAPACITY,0.001,34,0.0,0.005,0.004988386892028958,-1.1613107971042425e-05,flat,1.1613107971042425e-05
7,HALF_CAPACITY,0.001,36,0.0,0.005,0.004988386892028958,-1.1613107971042425e-05,flat,1.1613107971042425e-05
7,HALF_CAPACITY,0.001,37,0.0,0.005,0.004988386892028958,-1.1613107971042425e-05,flat,1.1613107971042425e-05
7,HALF_CAPACITY,0.001,38,0.0,0.005,0.004988386892028958,-1.1613107971042425e-05,flat,1.1613107971042425e-05
7,HALF_CAPACITY,0.001,39,0.0,0.005,0.004988386892028958,-1.1613107971042425e-05,flat,1.1613107971042425e-05
7,HALF_CAPACITY,0.001,40,0.0,0.005,0.004988386892028958,-1.1613107971042425e-05,flat,1.1613107971042425e-05
7,HALF_CAPACITY,0.001,41,0.0,0.005,0.004988386892028958,-1.1613107971042425e-05,flat,1.1613107971042425e-05
7,HALF_CAPACITY,0.001,42,0.0,0.005,0.004988386892028958,-1.1613107971042425e-05,flat,1.1613107971042425e-05
7,HALF_CAPACITY,0.001,43,0.0,0.005,0.004988386892028958,-1.1613107971042425e-05,flat,1.1613107971042425e-05
7,HALF_CAPACITY,0.001,44,0.0,0.005,0.004988386892028958,-1.1613107971042425e-05,flat,1.1613107971042425e-05
7,HALF_CAPACITY,0.001,45,0.0,0.005,0.004988386892028958,-1.1613107971042425e-05,flat,1.1613107971042425e-05
7,HALF_CAPACITY,0.001,46,0.0,0.005,0.004988386892028958,-1.1613107971042425e-05,flat,1.1613107971042425e-05
7,HALF_CAPACITY,0.001,47,0.0,0.005,0.004988386892028958,-1.1613107971042425e-05,flat,1.1613107971042425e-05
7,HALF_CAPACITY,0.001,48,0.0,0.005,0.004988386892028958,-1.1613107971042425e-05,flat,1.1613107971042425e-05
7,HALF_CAPACITY,0.001,49,0.0,0.005,0.004988386892028958,-1.1613107971042425e-05,flat,1.1613107971042425e-05
7,HALF_CAPACITY,0.001,50,0.0,0.005,0.004988386892028958,-1.1613107971042425e-05,flat,1.1613107971042425e-05
7,HALF_CAPACITY,0.001,51,0.0,0.005,0.004988386892028958,-1.1613107971042425e-05,flat,1.1613107971042425e-05
7,HALF_CAPACITY,0.001,52,0.0,0.005,0.004988386892028958,-1.1613107971042425e-05,flat,1.1613107971042425e-05
7,HALF_CAPACITY,0.001,53,0.0,0.005,0.004988386892028958,-1.1613107971042425e-05,flat,1.1613107971042425e-05
7,HALF_CAPACITY,0.001,54,0.0,0.005,0.004988386892028958,-1.1613107971042425e-05,flat,1.1613107971042425e-05
7,HALF_CAPACITY,0.001,55,0.0,0.005,0.004988386892028958,-1.1613107971042425e-05,flat,1.1613107971042425e-05
7,HALF_CAPACITY,0.001,56,0.0,0.005,0.004988386892028958,-1.1613107971042425e-05,flat,1.1613107971042425e-05
7,HALF_CAPACITY,0.001,57,0.0,0.005,0.004988386892028958,-1.1613107971042425e-05,flat,1.1613107971042425e-05
7,HALF_CAPACITY,0.001,58,0.0,0.005,0.004988386892028958,-1.1613107971042425e-05,flat,1.1613107971042425e-05
7,HALF_CAPACITY,0.001,59,0.0,0.005,0.004988386892028958,-1.1613107971042425e-05,flat,1.1613107971042425e-05
7,HALF_CAPACITY,0.001,60,0.0,0.005,0.004988386892028958,-1.1613107971042425e-05,flat,1.1613107971042425e-05
7,HALF_CAPACITY,0.001,61,0.0,0.005,0.004988386892028958,-1.1613107971042425e-05,flat,1.1613107971042425e-05
7,HALF_CAPACITY,0.001,62,0.0,0.005,0.004988386892028958,-1.1613107971042425e-05,flat,1.1613107971042425e-05
7,HALF_CAPACITY,0.001,63,0.0,0.005,0.004988386892028958,-1.1613107971042425e-05,flat,1.1613107971042425e-05
7,HALF_CAPACITY,0.001,64,0.0,0.005,0.004988386892028958,-1.1613107971042425e-05,flat,1.1613107971042425e-05
7,HALF_CAPACITY,0.001,65,0.0,0.005,0.004988386892028958,-1.1613107971042425e-05,flat,1.1613107971042425e-05
7,HALF_CAPACITY,0.001,66,0.0,0.005,0.004988386892028958,-1.1613107971042425e-05,flat,1.1613107971042425e-05
7,HALF_CAPACITY,0.001,67,0.0,0.005,0.004988386892028958,-1.1613107971042425e-05,flat,1.1613107971042425e-05
7,HALF_CAPACITY,0.001,68,0.0,0.005,0.004988386892028958,-1.1613107971042425e-05,flat,1.1613107971042425e-05
7,HALF_CAPACITY,0.001,69,0.0,0.005,0.004988386892028958,-1.1613107971042425e-05,flat,1.1613107971042425e-05
7,HALF_CAPACITY,0.001,70,0.0,0.005,0.004988386892028958,-1.1613107971042425e-05,flat,1.1613107971042425e-05
7,HALF_CAPACITY,0.001,71,0.0,0.005,0.004988386892028958,-1.1613107971042425e-05,flat,1.1613107971042425e-05
7,HALF_CAPACITY,0.001,72,0.0,0.005,0.004988386892028958,-1.1613107971042425e-05,flat,1.1613107971042425e-05
7,HALF_CAPACITY,0.001,73,0.0,0.005,0.004988386892028958,-1.1613107971042425e-05,flat,1.1613107971042425e-05
7,HALF_CAPACITY,0.001,74,0.0,0.005,0.004988386892028958,-1.1613107971042425e-05,flat,1.1613107971042425e-05
7,HALF_CAPACITY,0.001,75,0.0,0.005,0.004988386892028958,-1.1613107971042425e-05,flat,1.1613107971042425e-05
7,HALF_CAPACITY,0.001,76,0.0,0.005,0.004988386892028958,-1.1613107971042425e-05,flat,1.1613107971042425e-05
7,HALF_CAPACITY,0.001,77,0.0,0.005,0.004988386892028958,-1.1613107971042425e-05,flat,1.1613107971042425e-05
7,HALF_CAPACITY,0.001,78,0.0,0.005,0.004988386892028958,-1.1613107971042425e-05,flat,1.1613107971042425e-05
7,HALF_CAPACITY,0.001,79,0.0,0.005,0.004988386892028958,-1.1613107971042425e-05,flat,1.1613107971042425e-05
7,HALF_CAPACITY,0.001,80,0.0,0.005,0.004988386892028958,-1.1613107971042425e-05,flat,1.1613107971042425e-05
7,HALF_CAPACITY,0.001,81,0.0,0.005,0.004988386892028958,-1.1613107971042425e-05,flat,1.1613107971042425e-05
7,HALF_CAPACITY,0.001,82,0.0,0.005,0.004988386892028958,-1.1613107971042425e-05,flat,1.1613107971042425e-05
7,HALF_CAPACITY,0.001,83,0.0,0.005,0.004988386892028958,-1.1613107971042425e-05,flat,1.1613107971042425e-05
7,HALF_CAPACITY,0.001,84,0.0,0.005,0.004988386892028958,-1.1613107971042425e-05,flat,1.1613107971042425e-05
7,HALF_CAPACITY,0.001,85,0.0,0.005,0.004988386892028958,-1.1613107971042425e-05,flat,1.1613107971042425e-05
7,HALF_CAPACITY,0.001,86,0.0,0.005,0.004988386892028958,-1.1613107971042425e-05,flat,1.1613107971042425e-05
7,HALF_CAPACITY,0.001,87,0.0,0.005,0.004988386892028958,-1.1613107971042425e-05,flat,1.1613107971042425e-05
7,HALF_CAPACITY,0.001,88,0.0,0.005,0.004988386892028958,-1.1613107971042425e-05,flat,1.1613107971042425e-05
7,HALF_CAPACITY,0.001,89,0.0,0.005,0.004988386892028958,-1.1613107971042425e-05,flat,1.1613107971042425e-05
7,HALF_CAPACITY,0.001,90,0.0,0.005,0.004988386892028958,-1.1613107971042425e-05,flat,1.1613107971042425e-05
7,HALF_CAPACITY,0.001,91,0.0,0.005,0.004988386892028958,-1.1613107971042425e-05,flat,1.1613107971042425e-05
7,HALF_CAPACITY,0.001,92,0.0,0.005,0.004988386892028958,-1.1613107971042425e-05,flat,1.1613107971042425e-05
7,HALF_CAPACITY,0.001,93,0.0,0.005,0.004988386892028958,-1.1613107971042425e-05,flat,1.1613107971042425e-05
7,HALF_CAPACITY,0.001,94,0.0,0.005,0.004988386892028958,-1.1613107971042425e-05,flat,1.1613107971042425e-05
7,HALF_CAPACITY,0.001,95,0.0,0.005,0.004988386892028958,-1.1613107971042425e-05,flat,1.1613107971042425e-05
7,HALF_CAPACITY,0.001,96,0.0,0.005,0.004988386892028958,-1.1613107971042425e-05,flat,1.1613107971042425e-05
7,HALF_CAPACITY,0.001,97,0.0,0.005,0.004988386892028958,-1.1613107971042425e-05,flat,1.1613107971042425e-05
7,HALF_CAPACITY,0.001,98,0.0,0.005,0.004988386892028958,-1.1613107971042425e-05,flat,1.1613107971042425e-05
7,HALF_CAPACITY,0.001,99,0.0,0.005,0.004988386892028958,-1.1613107971042425e-05,flat,1.1613107971042425e-05
7,HALF_CAPACITY,0.001,100,0.0,0.005,0.004988386892028958,-1.1613107971042425e-05,flat,1.1613107971042425e-05
7,HALF_CAPACITY,0.001,101,0.0,0.005,0.004988386892028958,-1.1613107971042425e-05,flat,1.1613107971042425e-05
7,HALF_CAPACITY,0.001,102,0.0,0.005,0.004988386892028958,-1.1613107971042425e-05,flat,1.1613107971042425e-05
7,HALF_CAPACITY,0.001,103,0.0,0.005,0.004988386892028958,-1.1613107971042425e-05,flat,1.1613107971042425e-05
7,HALF_CAPACITY,0.001,104,0.0,0.005,0.004988386892028958,-1.1613107971042425e-05,flat,1.1613107971042425e-05
7,HALF_CAPACITY,0.001,105,0.0,0.005,0.004988386892028958,-1.1613107971042425e-05,flat,1.1613107971042425e-05
7,HALF_CAPACITY,0.001,106,0.0,0.005,0.004988386892028958,-1.1613107971042425e-05,flat,1.1613107971042425e-05
7,HALF_CAPACITY,0.001,107,0.0,0.005,0.004988386892028958,-1.1613107971042425e-05,flat,1.1613107971042425e-05
7,HALF_CAPACITY,0.001,108,0.0,0.005,0.004988386892028958,-1.1613107971042425e-05,flat,1.1613107971042425e-05
7,HALF_CAPACITY,0.001,109,0.0,0.005,0.004988386892028958,-1.1613107971042425e-05,flat,1.1613107971042425e-05
7,HALF_CAPACITY,0.001,110,0.0,0.005,0.004988386892028958,-1.1613107971042425e-05,flat,1.1613107971042425e-05
7,HALF_CAPACITY,0.001,111,0.0,0.005,0.004988386892028958,-1.1613107971042425e-05,flat,1.1613107971042425e-05
7,HALF_CAPACITY,0.001,112,0.0,0.005,0.004988386892028958,-1.1613107971042425e-05,flat,1.1613107971042425e-05
7,HALF_CAPACITY,0.001,113,0.0,0.005,0.004988386892028958,-1.1613107971042425e-05,flat,1.1613107971042425e-05
7,HALF_CAPACITY,0.001,114,0.0,0.005,0.004988386892028958,-1.1613107971042425e-05,flat,1.1613107971042425e-05
7,HALF_CAPACITY,0.001,115,0.0,0.005,0.004988386892028958,-1.1613107971042425e-05,flat,1.1613107971042425e-05
7,HALF_CAPACITY,0.001,116,0.0,0.005,0.004988386892028958,-1.1613107971042425e-05,flat,1.1613107971042425e-05
7,HALF_CAPACITY,0.001,117,0.0,0.005,0.004988386892028958,-1.1613107971042425e-05,flat,1.1613107971042425e-05
7,HALF_CAPACITY,0.001,118,0.0,0.005,0.004988386892028958,-1.1613107971042425e-05,flat,1.1613107971042425e-05
7,HALF_CAPACITY,0.001,119,0.0,0.005,0.004988386892028958,-1.1613107971042425e-05,flat,1.1613107971042425e-05
7,HALF_CAPACITY,0.001,120,0.0,0.005,0.004988386892028958,-1.1613107971042425e-05,flat,1.1613107971042425e-05
7,HALF_CAPACITY,0.001,121,0.0,0.005,0.004988386892028958,-1.1613107971042425e-05,flat,1.1613107971042425e-05
7,HALF_CAPACITY,0.001,122,0.0,0.005,0.004988386892028958,-1.1613107971042425e-05,flat,1.1613107971042425e-05
7,HALF_CAPACITY,0.001,123,0.0,0.005,0.004988386892028958,-1.1613107971042425e-05,flat,1.1613107971042425e-05
7,HALF_CAPACITY,0.001,124,0.0,0.005,0.004988386892028958,-1.1613107971042425e-05,flat,1.1613107971042425e-05
7,HALF_CAPACITY,0.001,125,0.0,0.005,0.004988386892028958,-1.1613107971042425e-05,flat,1.1613107971042425e-05
7,HALF_CAPACITY,0.001,126,0.0,0.005,0.004988386892028958,-1.1613107971042425e-05,flat,1.1613107971042425e-05
7,HALF_CAPACITY,0.001,127,0.0,0.005,0.004988386892028958,-1.1613107971042425e-05,flat,1.1613107971042425e-05
7,HALF_CAPACITY,0.001,128,0.0,0.005,0.004988386892028958,-1.1613107971042425e-05,flat,1.1613107971042425e-05
7,HALF_CAPACITY,0.001,129,0.0,0.005,0.004988386892028958,-1.1613107971042425e-05,flat,1.1613107971042425e-05
7,HALF_CAPACITY,0.001,130,0.0,0.005,0.004988386892028958,-1.1613107971042425e-05,flat,1.1613107971042425e-05
7,HALF_CAPACITY,0.001,131,0.0,0.005,0.004988386892028958,-1.1613107971042425e-05,flat,1.1613107971042425e-05
7,HALF_CAPACITY,0.001,132,0.0,0.005,0.004988386892028958,-1.1613107971042425e-05,flat,1.1613107971042425e-05
7,HALF_CAPACITY,0.001,133,0.0,0.005,0.004988386892028958,-1.1613107971042425e-05,flat,1.1613107971042425e-05
7,HALF_CAPACITY,0.001,134,0.0,0.005,0.004988386892028958,-1.1613107971042425e-05,flat,1.1613107971042425e-05
7,HALF_CAPACITY,0.001,135,0.0,0.005,0.004988386892028958,-1.1613107971042425e-05,flat,1.1613107971042425e-05
7,HALF_CAPACITY,0.001,136,0.0,0.005,0.004988386892028958,-1.1613107971042425e-05,flat,1.1613107971042425e-05
7,HALF_CAPACITY,0.001,137,0.0,0.005,0.004988386892028958,-1.1613107971042425e-05,flat,1.1613107971042425e-05
7,HALF_CAPACITY,0.001,138,0.0,0.005,0.004988386892028958,-1.1613107971042425e-05,flat,1.1613107971042425e-05
7,HALF_CAPACITY,0.001,139,0.0,0.005,0.004988386892028958,-1.1613107971042425e-05,flat,1.1613107971042425e-05
7,HALF_CAPACITY,0.001,140,0.0,0.005,0.004988386892028958,-1.1613107971042425e-05,flat,1.1613107971042425e-05
7,HALF_CAPACITY,0.001,141,0.0,0.005,0.004988386892028958,-1.1613107971042425e-05,flat,1.1613107971042425e-05
7,HALF_CAPACITY,0.001,142,0.0,0.005,0.004988386892028958,-1.1613107971042425e-05,flat,1.1613107971042425e-05
7,HALF_CAPACITY,0.001,143,0.0,0.005,0.004988386892028958,-1.1613107971042425e-05,flat,1.1613107971042425e-05
7,HALF_CAPACITY,0.001,144,0.0,0.005,0.004988386892028958,-1.1613107971042425e-05,flat,1.1613107971042425e-05
7,HALF_CAPACITY,0.001,145,0.0,0.005,0.004988386892028958,-1.1613107971042425e-05,flat,1.1613107971042425e-05
7,HALF_CAPACITY,0.001,146,0.0,0.005,0.004988386892028958,-1.1613107971042425e-05,flat,1.1613107971042425e-05
7,HALF_CAPACITY,0.001,147,0.0,0.005,0.004988386892028958,-1.1613107971042425e-05,flat,1.1613107971042425e-05
7,HALF_CAPACITY,0.001,148,0.0,0.005,0.004988386892028958,-1.1613107971042425e-05,flat,1.1613107971042425e-05
7,HALF_CAPACITY,0.001,149,0.0,0.005,0.004988386892028958,-1.1613107971042425e-05,flat,1.1613107971042425e-05
7,HALF_CAPACITY,0.001,150,0.0,0.005,0.004988386892028958,-1.1613107971042425e-05,flat,1.1613107971042425e-05
7,HALF_CAPACITY,0.001,151,0.0,0.005,0.004988386892028958,-1.1613107971042425e-05,flat,1.1613107971042425e-05
7,HALF_CAPACITY,0.001,152,0.0,0.005,0.004988386892028958,-1.1613107971042425e-05,flat,1.1613107971042425e-05
7,HALF_CAPACITY,0.001,153,0.0,0.005,0.004988386892028958,-1.1613107971042425e-05,flat,1.1613107971042425e-05
7,HALF_CAPACITY,0.001,154,0.0,0.005,0.004988386892028958,-1.1613107971042425e-05,flat,1.1613107971042425e-05
7,HALF_CAPACITY,0.001,156,0.0,0.005,0.004988386892028958,-1.1613107971042425e-05,flat,1.1613107971042425e-05
7,HALF_CAPACITY,0.001,157,0.0,0.005,0.004988386892028958,-1.1613107971042425e-05,flat,1.1613107971042425e-05
7,HALF_CAPACITY,0.001,158,0.0,0.005,0.004988386892028958,-1.1613107971042425e-05,flat,1.1613107971042425e-05
7,HALF_CAPACITY,0.001,159,0.0,0.005,0.004988386892028958,-1.1613107971042425e-05,flat,1.1613107971042425e-05
7,HALF_CAPACITY,0.001,160,0.0,0.005,0.004988386892028958,-1.1613107971042425e-05,flat,1.1613107971042425e-05
7,HALF_CAPACITY,0.001,161,0.0,0.005,0.004988386892028958,-1.1613107971042425e-05,flat,1.1613107971042425e-05
7,HALF_CAPACITY,0.001,162,0.0,0.005,0.004988386892028958,-1.1613107971042425e-05,flat,1.1613107971042425e-05
7,HALF_CAPACITY,0.001,163,0.0,0.005,0.004988386892028958,-1.1613107971042425e-05,flat,1.1613107971042425e-05
7,HALF_CAPACITY,0.001,164,0.0,0.005,0.004988386892028958,-1.1613107971042425e-05,flat,1.1613107971042425e-05
7,HALF_CAPACITY,0.001,165,0.0,0.005,0.004988386892028958,-1.1613107971042425e-05,flat,1.1613107971042425e-05
7,HALF_CAPACITY,0.001,166,0.0,0.005,0.004988386892028958,-1.1613107971042425e-05,flat,1.1613107971042425e-05
7,HALF_CAPACITY,0.001,167,0.0,0.005,0.004988386892028958,-1.1613107971042425e-05,flat,1.1613107971042425e-05
7,HALF_CAPACITY,0.001,168,0.0,0.005,0.004988386892028958,-1.1613107971042425e-05,flat,1.1613107971042425e-05
7,HALF_CAPACITY,0.001,169,0.0,0.005,0.004988386892028958,-1.1613107971042425e-05,flat,1.1613107971042425e-05
7,HALF_CAPACITY,0.001,170,0.0,0.005,0.004988386892028958,-1.1613107971042425e-05,flat,1.1613107971042425e-05
7,HALF_CAPACITY,0.001,171,0.0,0.005,0.004988386892028958,-1.1613107971042425e-05,flat,1.1613107971042425e-05
7,HALF_CAPACITY,0.001,172,0.0,0.005,0.004988386892028958,-1.1613107971042425e-05,flat,1.1613107971042425e-05
7,HALF_CAPACITY,0.001,173,0.0,0.005,0.004988386892028958,-1.1613107971042425e-05,flat,1.1613107971042425e-05
7,HALF_CAPACITY,0.001,174,0.0,0.005,0.004988386892028958,-1.1613107971042425e-05,flat,1.1613107971042425e-05
7,HALF_CAPACITY,0.001,175,0.0,0.005,0.004988386892028958,-1.1613107971042425e-05,flat,1.1613107971042425e-05
7,HALF_CAPACITY,0.001,176,0.0,0.005,0.004988386892028958,-1.1613107971042425e-05,flat,1.1613107971042425e-05
7,HALF_CAPACITY,0.001,177,0.0,0.005,0.004988386892028958,-1.1613107971042425e-05,flat,1.1613107971042425e-05
7,HALF_CAPACITY,0.001,178,0.0,0.005,0.004988386892028958,-1.1613107971042425e-05,flat,1.1613107971042425e-05
7,HALF_CAPACITY,0.001,179,0.0,0.005,0.004988386892028958,-1.1613107971042425e-05,flat,1.1613107971042425e-05
7,HALF_CAPACITY,0.001,180,0.0,0.005,0.004988386892028958,-1.1613107971042425e-05,flat,1.1613107971042425e-05
7,HALF_CAPACITY,0.001,181,0.0,0.005,0.004988386892028958,-1.1613107971042425e-05,flat,1.1613107971042425e-05
7,HALF_CAPACITY,0.001,182,0.0,0.005,0.004988386892028958,-1.1613107971042425e-05,flat,1.1613107971042425e-05
7,HALF_CAPACITY,0.001,183,0.0,0.005,0.004988386892028958,-1.1613107971042425e-05,flat,1.1613107971042425e-05
7,HALF_CAPACITY,0.001,184,0.0,0.005,0.004988386892028958,-1.1613107971042425e-05,flat,1.1613107971042425e-05
7,HALF_CAPACITY,0.001,185,0.0,0.005,0.004988386892028958,-1.1613107971042425e-05,flat,1.1613107971042425e-05
7,HALF_CAPACITY,0.001,186,0.0,0.005,0.004988386892028958,-1.1613107971042425e-05,flat,1.1613107971042425e-05
7,HALF_CAPACITY,0.001,187,0.0,0.005,0.004988386892028958,-1.1613107971042425e-05,flat,1.1613107971042425e-05
7,HALF_CAPACITY,0.001,188,0.0,0.005,0.004988386892028958,-1.1613107971042425e-05,flat,1.1613107971042425e-05
7,HALF_CAPACITY,0.001,189,0.0,0.005,0.004988386892028958,-1.1613107971042425e-05,flat,1.1613107971042425e-05
7,HALF_CAPACITY,0.001,190,0.0,0.005,0.004988386892028958,-1.1613107971042425e-05,flat,1.1613107971042425e-05
7,HALF_CAPACITY,0.001,191,0.0,0.005,0.004988386892028958,-1.1613107971042425e-05,flat,1.1613107971042425e-05
7,HALF_CAPACITY,0.001,192,0.0,0.005,0.004988386892028958,-1.1613107971042425e-05,flat,1.1613107971042425e-05
7,HALF_CAPACITY,0.001,193,0.0,0.005,0.004988386892028958,-1.1613107971042425e-05,flat,1.1613107971042425e-05
7,HALF_CAPACITY,0.001,194,0.0,0.005,0.004988386892028958,-1.1613107971042425e-05,flat,1.1613107971042425e-05
7,HALF_CAPACITY,0.001,195,0.0,0.005,0.004988386892028958,-1.1613107971042425e-05,flat,1.1613107971042425e-05
7,HALF_CAPACITY,0.001,196,0.0,0.005,0.004988386892028958,-1.1613107971042425e-05,flat,1.1613107971042425e-05
7,HALF_CAPACITY,0.001,197,0.0,0.005,0.004988386892028958,-1.1613107971042425e-05,flat,1.1613107971042425e-05
7,HALF_CAPACITY,0.001,198,0.0,0.005,0.004988386892028958,-1.1613107971042425e-05,flat,1.1613107971042425e-05
7,HALF_CAPACITY,0.001,199,0.0,0.005,0.004988386892028958,-1.1613107971042425e-05,flat,1.1613107971042425e-05
7,HALF_CAPACITY,0.001,200,0.0,0.005,0.004988386892028958,-1.1613107971042425e-05,flat,1.1613107971042425e-05
7,HALF_CAPACITY,0.01,155,23464.6468711169,0.005,0.01204864392211138,0.00704864392211138,flat,0.00704864392211138
7,HALF_CAPACITY,0.01,35,859.078049623756,0.005,0.005222682714473765,0.00022268271447376496,flat,0.00022268271447376496
7,HALF_CAPACITY,0.01,1,0.0,0.005,0.004963276128098054,-3.6723871901946266e-05,flat,3.6723871901946266e-05
7,HALF_CAPACITY,0.01,2,0.0,0.005,0.004963276128098054,-3.6723871901946266e-05,flat,3.6723871901946266e-05
7,HALF_CAPACITY,0.01,3,0.0,0.005,0.004963276128098054,-3.6723871901946266e-05,flat,3.6723871901946266e-05
7,HALF_CAPACITY,0.01,4,0.0,0.005,0.004963276128098054,-3.6723871901946266e-05,flat,3.6723871901946266e-05
7,HALF_CAPACITY,0.01,5,0.0,0.005,0.004963276128098054,-3.6723871901946266e-05,flat,3.6723871901946266e-05
7,HALF_CAPACITY,0.01,6,0.0,0.005,0.004963276128098054,-3.6723871901946266e-05,flat,3.6723871901946266e-05
7,HALF_CAPACITY,0.01,7,0.0,0.005,0.004963276128098054,-3.6723871901946266e-05,flat,3.6723871901946266e-05
7,HALF_CAPACITY,0.01,8,0.0,0.005,0.004963276128098054,-3.6723871901946266e-05,flat,3.6723871901946266e-05
7,HALF_CAPACITY,0.01,9,0.0,0.005,0.004963276128098054,-3.6723871901946266e-05,flat,3.6723871901946266e-05
7,HALF_CAPACITY,0.01,10,0.0,0.005,0.004963276128098054,-3.6723871901946266e-05,flat,3.6723871901946266e-05
7,HALF_CAPACITY,0.01,11,0.0,0.005,0.004963276128098054,-3.6723871901946266e-05,flat,3.6723871901946266e-05
7,HALF_CAPACITY,0.01,12,0.0,0.005,0.004963276128098054,-3.6723871901946266e-05,flat,3.6723871901946266e-05
7,HALF_CAPACITY,0.01,13,0.0,0.005,0.004963276128098054,-3.6723871901946266e-05,flat,3.6723871901946266e-05
7,HALF_CAPACITY,0.01,14,0.0,0.005,0.004963276128098054,-3.6723871901946266e-05,flat,3.6723871901946266e-05
7,HALF_CAPACITY,0.01,15,0.0,0.005,0.004963276128098054,-3.6723871901946266e-05,flat,3.6723871901946266e-05
7,HALF_CAPACITY,0.01,16,0.0,0.005,0.004963276128098054,-3.6723871901946266e-05,flat,3.6723871901946266e-05
7,HALF_CAPACITY,0.01,17,0.0,0.005,0.004963276128098054,-3.6723871901946266e-05,flat,3.6723871901946266e-05
7,HALF_CAPACITY,0.01,18,0.0,0.005,0.004963276128098054,-3.6723871901946266e-05,flat,3.6723871901946266e-05
7,HALF_CAPACITY,0.01,19,0.0,0.005,0.004963276128098054,-3.6723871901946266e-05,flat,3.6723871901946266e-05
7,HALF_CAPACITY,0.01,20,0.0,0.005,0.004963276128098054,-3.6723871901946266e-05,flat,3.6723871901946266e-05
7,HALF_CAPACITY,0.01,21,0.0,0.005,0.004963276128098054,-3.6723871901946266e-05,flat,3.6723871901946266e-05
7,HALF_CAPACITY,0.01,22,0.0,0.005,0.004963276128098054,-3.6723871901946266e-05,flat,3.6723871901946266e-05
7,HALF_CAPACITY,0.01,23,0.0,0.005,0.004963276128098054,-3.6723871901946266e-05,flat,3.6723871901946266e-05
7,HALF_CAPACITY,0.01,24,0.0,0.005,0.004963276128098054,-3.6723871901946266e-05,flat,3.6723871901946266e-05
7,HALF_CAPACITY,0.01,25,0.0,0.005,0.004963276128098054,-3.6723871901946266e-05,flat,3.6723871901946266e-05
7,HALF_CAPACITY,0.01,26,0.0,0.005,0.004963276128098054,-3.6723871901946266e-05,flat,3.6723871901946266e-05
7,HALF_CAPACITY,0.01,27,0.0,0.005,0.004963276128098054,-3.6723871901946266e-05,flat,3.6723871901946266e-05
7,HALF_CAPACITY,0.01,28,0.0,0.005,0.004963276128098054,-3.6723871901946266e-05,flat,3.6723871901946266e-05
7,HALF_CAPACITY,0.01,29,0.0,0.005,0.004963276128098054,-3.6723871901946266e-05,flat,3.6723871901946266e-05
7,HALF_CAPACITY,0.01,30,0.0,0.005,0.004963276128098054,-3.6723871901946266e-05,flat,3.6723871901946266e-05
7,HALF_CAPACITY,0.01,31,0.0,0.005,0.004963276128098054,-3.6723871901946266e-05,flat,3.6723871901946266e-05
7,HALF_CAPACITY,0.01,32,0.0,0.005,0.004963276128098054,-3.6723871901946266e-05,flat,3.6723871901946266e-05
7,HALF_CAPACITY,0.01,33,0.0,0.005,0.004963276128098054,-3.6723871901946266e-05,flat,3.6723871901946266e-05
7,HALF_CAPACITY,0.01,34,0.0,0.005,0.004963276128098054,-3.6723871901946266e-05,flat,3.6723871901946266e-05
7,HALF_CAPACITY,0.01,36,0.0,0.005,0.004963276128098054,-3.6723871901946266e-05,flat,3.6723871901946266e-05
7,HALF_CAPACITY,0.01,37,0.0,0.005,0.004963276128098054,-3.6723871901946266e-05,flat,3.6723871901946266e-05
7,HALF_CAPACITY,0.01,38,0.0,0.005,0.004963276128098054,-3.6723871901946266e-05,flat,3.6723871901946266e-05
7,HALF_CAPACITY,0.01,39,0.0,0.005,0.004963276128098054,-3.6723871901946266e-05,flat,3.6723871901946266e-05
7,HALF_CAPACITY,0.01,40,0.0,0.005,0.004963276128098054,-3.6723871901946266e-05,flat,3.6723871901946266e-05
7,HALF_CAPACITY,0.01,41,0.0,0.005,0.004963276128098054,-3.6723871901946266e-05,flat,3.6723871901946266e-05
7,HALF_CAPACITY,0.01,42,0.0,0.005,0.004963276128098054,-3.6723871901946266e-05,flat,3.6723871901946266e-05
7,HALF_CAPACITY,0.01,43,0.0,0.005,0.004963276128098054,-3.6723871901946266e-05,flat,3.6723871901946266e-05
7,HALF_CAPACITY,0.01,44,0.0,0.005,0.004963276128098054,-3.6723871901946266e-05,flat,3.6723871901946266e-05
7,HALF_CAPACITY,0.01,45,0.0,0.005,0.004963276128098054,-3.6723871901946266e-05,flat,3.6723871901946266e-05
7,HALF_CAPACITY,0.01,46,0.0,0.005,0.004963276128098054,-3.6723871901946266e-05,flat,3.6723871901946266e-05
7,HALF_CAPACITY,0.01,47,0.0,0.005,0.004963276128098054,-3.6723871901946266e-05,flat,3.6723871901946266e-05
7,HALF_CAPACITY,0.01,48,0.0,0.005,0.004963276128098054,-3.6723871901946266e-05,flat,3.6723871901946266e-05
7,HALF_CAPACITY,0.01,49,0.0,0.005,0.004963276128098054,-3.6723871901946266e-05,flat,3.6723871901946266e-05
7,HALF_CAPACITY,0.01,50,0.0,0.005,0.004963276128098054,-3.6723871901946266e-05,flat,3.6723871901946266e-05
7,HALF_CAPACITY,0.01,51,0.0,0.005,0.004963276128098054,-3.6723871901946266e-05,flat,3.6723871901946266e-05
7,HALF_CAPACITY,0.01,52,0.0,0.005,0.004963276128098054,-3.6723871901946266e-05,flat,3.6723871901946266e-05
7,HALF_CAPACITY,0.01,53,0.0,0.005,0.004963276128098054,-3.6723871901946266e-05,flat,3.6723871901946266e-05
7,HALF_CAPACITY,0.01,54,0.0,0.005,0.004963276128098054,-3.6723871901946266e-05,flat,3.6723871901946266e-05
7,HALF_CAPACITY,0.01,55,0.0,0.005,0.004963276128098054,-3.6723871901946266e-05,flat,3.6723871901946266e-05
7,HALF_CAPACITY,0.01,56,0.0,0.005,0.004963276128098054,-3.6723871901946266e-05,flat,3.6723871901946266e-05
7,HALF_CAPACITY,0.01,57,0.0,0.005,0.004963276128098054,-3.6723871901946266e-05,flat,3.6723871901946266e-05
7,HALF_CAPACITY,0.01,58,0.0,0.005,0.004963276128098054,-3.6723871901946266e-05,flat,3.6723871901946266e-05
7,HALF_CAPACITY,0.01,59,0.0,0.005,0.004963276128098054,-3.6723871901946266e-05,flat,3.6723871901946266e-05
7,HALF_CAPACITY,0.01,60,0.0,0.005,0.004963276128098054,-3.6723871901946266e-05,flat,3.6723871901946266e-05
7,HALF_CAPACITY,0.01,61,0.0,0.005,0.004963276128098054,-3.6723871901946266e-05,flat,3.6723871901946266e-05
7,HALF_CAPACITY,0.01,62,0.0,0.005,0.004963276128098054,-3.6723871901946266e-05,flat,3.6723871901946266e-05
7,HALF_CAPACITY,0.01,63,0.0,0.005,0.004963276128098054,-3.6723871901946266e-05,flat,3.6723871901946266e-05
7,HALF_CAPACITY,0.01,64,0.0,0.005,0.004963276128098054,-3.6723871901946266e-05,flat,3.6723871901946266e-05
7,HALF_CAPACITY,0.01,65,0.0,0.005,0.004963276128098054,-3.6723871901946266e-05,flat,3.6723871901946266e-05
7,HALF_CAPACITY,0.01,66,0.0,0.005,0.004963276128098054,-3.6723871901946266e-05,flat,3.6723871901946266e-05
7,HALF_CAPACITY,0.01,67,0.0,0.005,0.004963276128098054,-3.6723871901946266e-05,flat,3.6723871901946266e-05
7,HALF_CAPACITY,0.01,68,0.0,0.005,0.004963276128098054,-3.6723871901946266e-05,flat,3.6723871901946266e-05
7,HALF_CAPACITY,0.01,69,0.0,0.005,0.004963276128098054,-3.6723871901946266e-05,flat,3.6723871901946266e-05
7,HALF_CAPACITY,0.01,70,0.0,0.005,0.004963276128098054,-3.6723871901946266e-05,flat,3.6723871901946266e-05
7,HALF_CAPACITY,0.01,71,0.0,0.005,0.004963276128098054,-3.6723871901946266e-05,flat,3.6723871901946266e-05
7,HALF_CAPACITY,0.01,72,0.0,0.005,0.004963276128098054,-3.6723871901946266e-05,flat,3.6723871901946266e-05
7,HALF_CAPACITY,0.01,73,0.0,0.005,0.004963276128098054,-3.6723871901946266e-05,flat,3.6723871901946266e-05
7,HALF_CAPACITY,0.01,74,0.0,0.005,0.004963276128098054,-3.6723871901946266e-05,flat,3.6723871901946266e-05
7,HALF_CAPACITY,0.01,75,0.0,0.005,0.004963276128098054,-3.6723871901946266e-05,flat,3.6723871901946266e-05
7,HALF_CAPACITY,0.01,76,0.0,0.005,0.004963276128098054,-3.6723871901946266e-05,flat,3.6723871901946266e-05
7,HALF_CAPACITY,0.01,77,0.0,0.005,0.004963276128098054,-3.6723871901946266e-05,flat,3.6723871901946266e-05
7,HALF_CAPACITY,0.01,78,0.0,0.005,0.004963276128098054,-3.6723871901946266e-05,flat,3.6723871901946266e-05
7,HALF_CAPACITY,0.01,79,0.0,0.005,0.004963276128098054,-3.6723871901946266e-05,flat,3.6723871901946266e-05
7,HALF_CAPACITY,0.01,80,0.0,0.005,0.004963276128098054,-3.6723871901946266e-05,flat,3.6723871901946266e-05
7,HALF_CAPACITY,0.01,81,0.0,0.005,0.004963276128098054,-3.6723871901946266e-05,flat,3.6723871901946266e-05
7,HALF_CAPACITY,0.01,82,0.0,0.005,0.004963276128098054,-3.6723871901946266e-05,flat,3.6723871901946266e-05
7,HALF_CAPACITY,0.01,83,0.0,0.005,0.004963276128098054,-3.6723871901946266e-05,flat,3.6723871901946266e-05
7,HALF_CAPACITY,0.01,84,0.0,0.005,0.004963276128098054,-3.6723871901946266e-05,flat,3.6723871901946266e-05
7,HALF_CAPACITY,0.01,85,0.0,0.005,0.004963276128098054,-3.6723871901946266e-05,flat,3.6723871901946266e-05
7,HALF_CAPACITY,0.01,86,0.0,0.005,0.004963276128098054,-3.6723871901946266e-05,flat,3.6723871901946266e-05
7,HALF_CAPACITY,0.01,87,0.0,0.005,0.004963276128098054,-3.6723871901946266e-05,flat,3.6723871901946266e-05
7,HALF_CAPACITY,0.01,88,0.0,0.005,0.004963276128098054,-3.6723871901946266e-05,flat,3.6723871901946266e-05
7,HALF_CAPACITY,0.01,89,0.0,0.005,0.004963276128098054,-3.6723871901946266e-05,flat,3.6723871901946266e-05
7,HALF_CAPACITY,0.01,90,0.0,0.005,0.004963276128098054,-3.6723871901946266e-05,flat,3.6723871901946266e-05
7,HALF_CAPACITY,0.01,91,0.0,0.005,0.004963276128098054,-3.6723871901946266e-05,flat,3.6723871901946266e-05
7,HALF_CAPACITY,0.01,92,0.0,0.005,0.004963276128098054,-3.6723871901946266e-05,flat,3.6723871901946266e-05
7,HALF_CAPACITY,0.01,93,0.0,0.005,0.004963276128098054,-3.6723871901946266e-05,flat,3.6723871901946266e-05
7,HALF_CAPACITY,0.01,94,0.0,0.005,0.004963276128098054,-3.6723871901946266e-05,flat,3.6723871901946266e-05
7,HALF_CAPACITY,0.01,95,0.0,0.005,0.004963276128098054,-3.6723871901946266e-05,flat,3.6723871901946266e-05
7,HALF_CAPACITY,0.01,96,0.0,0.005,0.004963276128098054,-3.6723871901946266e-05,flat,3.6723871901946266e-05
7,HALF_CAPACITY,0.01,97,0.0,0.005,0.004963276128098054,-3.6723871901946266e-05,flat,3.6723871901946266e-05
7,HALF_CAPACITY,0.01,98,0.0,0.005,0.004963276128098054,-3.6723871901946266e-05,flat,3.6723871901946266e-05
7,HALF_CAPACITY,0.01,99,0.0,0.005,0.004963276128098054,-3.6723871901946266e-05,flat,3.6723871901946266e-05
7,HALF_CAPACITY,0.01,100,0.0,0.005,0.004963276128098054,-3.6723871901946266e-05,flat,3.6723871901946266e-05
7,HALF_CAPACITY,0.01,101,0.0,0.005,0.004963276128098054,-3.6723871901946266e-05,flat,3.6723871901946266e-05
7,HALF_CAPACITY,0.01,102,0.0,0.005,0.004963276128098054,-3.6723871901946266e-05,flat,3.6723871901946266e-05
7,HALF_CAPACITY,0.01,103,0.0,0.005,0.004963276128098054,-3.6723871901946266e-05,flat,3.6723871901946266e-05
7,HALF_CAPACITY,0.01,104,0.0,0.005,0.004963276128098054,-3.6723871901946266e-05,flat,3.6723871901946266e-05
7,HALF_CAPACITY,0.01,105,0.0,0.005,0.004963276128098054,-3.6723871901946266e-05,flat,3.6723871901946266e-05
7,HALF_CAPACITY,0.01,106,0.0,0.005,0.004963276128098054,-3.6723871901946266e-05,flat,3.6723871901946266e-05
7,HALF_CAPACITY,0.01,107,0.0,0.005,0.004963276128098054,-3.6723871901946266e-05,flat,3.6723871901946266e-05
7,HALF_CAPACITY,0.01,108,0.0,0.005,0.004963276128098054,-3.6723871901946266e-05,flat,3.6723871901946266e-05
7,HALF_CAPACITY,0.01,109,0.0,0.005,0.004963276128098054,-3.6723871901946266e-05,flat,3.6723871901946266e-05
7,HALF_CAPACITY,0.01,110,0.0,0.005,0.004963276128098054,-3.6723871901946266e-05,flat,3.6723871901946266e-05
7,HALF_CAPACITY,0.01,111,0.0,0.005,0.004963276128098054,-3.6723871901946266e-05,flat,3.6723871901946266e-05
7,HALF_CAPACITY,0.01,112,0.0,0.005,0.004963276128098054,-3.6723871901946266e-05,flat,3.6723871901946266e-05
7,HALF_CAPACITY,0.01,113,0.0,0.005,0.004963276128098054,-3.6723871901946266e-05,flat,3.6723871901946266e-05
7,HALF_CAPACITY,0.01,114,0.0,0.005,0.004963276128098054,-3.6723871901946266e-05,flat,3.6723871901946266e-05
7,HALF_CAPACITY,0.01,115,0.0,0.005,0.004963276128098054,-3.6723871901946266e-05,flat,3.6723871901946266e-05
7,HALF_CAPACITY,0.01,116,0.0,0.005,0.004963276128098054,-3.6723871901946266e-05,flat,3.6723871901946266e-05
7,HALF_CAPACITY,0.01,117,0.0,0.005,0.004963276128098054,-3.6723871901946266e-05,flat,3.6723871901946266e-05
7,HALF_CAPACITY,0.01,118,0.0,0.005,0.004963276128098054,-3.6723871901946266e-05,flat,3.6723871901946266e-05
7,HALF_CAPACITY,0.01,119,0.0,0.005,0.004963276128098054,-3.6723871901946266e-05,flat,3.6723871901946266e-05
7,HALF_CAPACITY,0.01,120,0.0,0.005,0.004963276128098054,-3.6723871901946266e-05,flat,3.6723871901946266e-05
7,HALF_CAPACITY,0.01,121,0.0,0.005,0.004963276128098054,-3.6723871901946266e-05,flat,3.6723871901946266e-05
7,HALF_CAPACITY,0.01,122,0.0,0.005,0.004963276128098054,-3.6723871901946266e-05,flat,3.6723871901946266e-05
7,HALF_CAPACITY,0.01,123,0.0,0.005,0.004963276128098054,-3.6723871901946266e-05,flat,3.6723871901946266e-05
7,HALF_CAPACITY,0.01,124,0.0,0.005,0.004963276128098054,-3.6723871901946266e-05,flat,3.6723871901946266e-05
7,HALF_CAPACITY,0.01,125,0.0,0.005,0.004963276128098054,-3.6723871901946266e-05,flat,3.6723871901946266e-05
7,HALF_CAPACITY,0.01,126,0.0,0.005,0.004963276128098054,-3.6723871901946266e-05,flat,3.6723871901946266e-05
7,HALF_CAPACITY,0.01,127,0.0,0.005,0.004963276128098054,-3.6723871901946266e-05,flat,3.6723871901946266e-05
7,HALF_CAPACITY,0.01,128,0.0,0.005,0.004963276128098054,-3.6723871901946266e-05,flat,3.6723871901946266e-05
7,HALF_CAPACITY,0.01,129,0.0,0.005,0.004963276128098054,-3.6723871901946266e-05,flat,3.6723871901946266e-05
7,HALF_CAPACITY,0.01,130,0.0,0.005,0.004963276128098054,-3.6723871901946266e-05,flat,3.6723871901946266e-05
7,HALF_CAPACITY,0.01,131,0.0,0.005,0.004963276128098054,-3.6723871901946266e-05,flat,3.6723871901946266e-05
7,HALF_CAPACITY,0.01,132,0.0,0.005,0.004963276128098054,-3.6723871901946266e-05,flat,3.6723871901946266e-05
7,HALF_CAPACITY,0.01,133,0.0,0.005,0.004963276128098054,-3.6723871901946266e-05,flat,3.6723871901946266e-05
7,HALF_CAPACITY,0.01,134,0.0,0.005,0.004963276128098054,-3.6723871901946266e-05,flat,3.6723871901946266e-05
7,HALF_CAPACITY,0.01,135,0.0,0.005,0.004963276128098054,-3.6723871901946266e-05,flat,3.6723871901946266e-05
7,HALF_CAPACITY,0.01,136,0.0,0.005,0.004963276128098054,-3.6723871901946266e-05,flat,3.6723871901946266e-05
7,HALF_CAPACITY,0.01,137,0.0,0.005,0.004963276128098054,-3.6723871901946266e-05,flat,3.6723871901946266e-05
7,HALF_CAPACITY,0.01,138,0.0,0.005,0.004963276128098054,-3.6723871901946266e-05,flat,3.6723871901946266e-05
7,HALF_CAPACITY,0.01,139,0.0,0.005,0.004963276128098054,-3.6723871901946266e-05,flat,3.6723871901946266e-05
7,HALF_CAPACITY,0.01,140,0.0,0.005,0.004963276128098054,-3.6723871901946266e-05,flat,3.6723871901946266e-05
7,HALF_CAPACITY,0.01,141,0.0,0.005,0.004963276128098054,-3.6723871901946266e-05,flat,3.6723871901946266e-05
7,HALF_CAPACITY,0.01,142,0.0,0.005,0.004963276128098054,-3.6723871901946266e-05,flat,3.6723871901946266e-05
7,HALF_CAPACITY,0.01,143,0.0,0.005,0.004963276128098054,-3.6723871901946266e-05,flat,3.6723871901946266e-05
7,HALF_CAPACITY,0.01,144,0.0,0.005,0.004963276128098054,-3.6723871901946266e-05,flat,3.6723871901946266e-05
7,HALF_CAPACITY,0.01,145,0.0,0.005,0.004963276128098054,-3.6723871901946266e-05,flat,3.6723871901946266e-05
7,HALF_CAPACITY,0.01,146,0.0,0.005,0.004963276128098054,-3.6723871901946266e-05,flat,3.6723871901946266e-05
7,HALF_CAPACITY,0.01,147,0.0,0.005,0.004963276128098054,-3.6723871901946266e-05,flat,3.6723871901946266e-05
7,HALF_CAPACITY,0.01,148,0.0,0.005,0.004963276128098054,-3.6723871901946266e-05,flat,3.6723871901946266e-05
7,HALF_CAPACITY,0.01,149,0.0,0.005,0.004963276128098054,-3.6723871901946266e-05,flat,3.6723871901946266e-05
7,HALF_CAPACITY,0.01,150,0.0,0.005,0.004963276128098054,-3.6723871901946266e-05,flat,3.6723871901946266e-05
7,HALF_CAPACITY,0.01,151,0.0,0.005,0.004963276128098054,-3.6723871901946266e-05,flat,3.6723871901946266e-05
7,HALF_CAPACITY,0.01,152,0.0,0.005,0.004963276128098054,-3.6723871901946266e-05,flat,3.6723871901946266e-05
7,HALF_CAPACITY,0.01,153,0.0,0.005,0.004963276128098054,-3.6723871901946266e-05,flat,3.6723871901946266e-05
7,HALF_CAPACITY,0.01,154,0.0,0.005,0.004963276128098054,-3.6723871901946266e-05,flat,3.6723871901946266e-05
7,HALF_CAPACITY,0.01,156,0.0,0.005,0.004963276128098054,-3.6723871901946266e-05,flat,3.6723871901946266e-05
7,HALF_CAPACITY,0.01,157,0.0,0.005,0.004963276128098054,-3.6723871901946266e-05,flat,3.6723871901946266e-05
7,HALF_CAPACITY,0.01,158,0.0,0.005,0.004963276128098054,-3.6723871901946266e-05,flat,3.6723871901946266e-05
7,HALF_CAPACITY,0.01,159,0.0,0.005,0.004963276128098054,-3.6723871901946266e-05,flat,3.6723871901946266e-05
7,HALF_CAPACITY,0.01,160,0.0,0.005,0.004963276128098054,-3.6723871901946266e-05,flat,3.6723871901946266e-05
7,HALF_CAPACITY,0.01,161,0.0,0.005,0.004963276128098054,-3.6723871901946266e-05,flat,3.6723871901946266e-05
7,HALF_CAPACITY,0.01,162,0.0,0.005,0.004963276128098054,-3.6723871901946266e-05,flat,3.6723871901946266e-05
7,HALF_CAPACITY,0.01,163,0.0,0.005,0.004963276128098054,-3.6723871901946266e-05,flat,3.6723871901946266e-05
7,HALF_CAPACITY,0.01,164,0.0,0.005,0.004963276128098054,-3.6723871901946266e-05,flat,3.6723871901946266e-05
7,HALF_CAPACITY,0.01,165,0.0,0.005,0.004963276128098054,-3.6723871901946266e-05,flat,3.6723871901946266e-05
7,HALF_CAPACITY,0.01,166,0.0,0.005,0.004963276128098054,-3.6723871901946266e-05,flat,3.6723871901946266e-05
7,HALF_CAPACITY,0.01,167,0.0,0.005,0.004963276128098054,-3.6723871901946266e-05,flat,3.6723871901946266e-05
7,HALF_CAPACITY,0.01,168,0.0,0.005,0.004963276128098054,-3.6723871901946266e-05,flat,3.6723871901946266e-05
7,HALF_CAPACITY,0.01,169,0.0,0.005,0.004963276128098054,-3.6723871901946266e-05,flat,3.6723871901946266e-05
7,HALF_CAPACITY,0.01,170,0.0,0.005,0.004963276128098054,-3.6723871901946266e-05,flat,3.6723871901946266e-05
7,HALF_CAPACITY,0.01,171,0.0,0.005,0.004963276128098054,-3.6723871901946266e-05,flat,3.6723871901946266e-05
7,HALF_CAPACITY,0.01,172,0.0,0.005,0.004963276128098054,-3.6723871901946266e-05,flat,3.6723871901946266e-05
7,HALF_CAPACITY,0.01,173,0.0,0.005,0.004963276128098054,-3.6723871901946266e-05,flat,3.6723871901946266e-05
7,HALF_CAPACITY,0.01,174,0.0,0.005,0.004963276128098054,-3.6723871901946266e-05,flat,3.6723871901946266e-05
7,HALF_CAPACITY,0.01,175,0.0,0.005,0.004963276128098054,-3.6723871901946266e-05,flat,3.6723871901946266e-05
7,HALF_CAPACITY,0.01,176,0.0,0.005,0.004963276128098054,-3.6723871901946266e-05,flat,3.6723871901946266e-05
7,HALF_CAPACITY,0.01,177,0.0,0.005,0.004963276128098054,-3.6723871901946266e-05,flat,3.6723871901946266e-05
7,HALF_CAPACITY,0.01,178,0.0,0.005,0.004963276128098054,-3.6723871901946266e-05,flat,3.6723871901946266e-05
7,HALF_CAPACITY,0.01,179,0.0,0.005,0.004963276128098054,-3.6723871901946266e-05,flat,3.6723871901946266e-05
7,HALF_CAPACITY,0.01,180,0.0,0.005,0.004963276128098054,-3.6723871901946266e-05,flat,3.6723871901946266e-05
7,HALF_CAPACITY,0.01,181,0.0,0.005,0.004963276128098054,-3.6723871901946266e-05,flat,3.6723871901946266e-05
7,HALF_CAPACITY,0.01,182,0.0,0.005,0.004963276128098054,-3.6723871901946266e-05,flat,3.6723871901946266e-05
7,HALF_CAPACITY,0.01,183,0.0,0.005,0.004963276128098054,-3.6723871901946266e-05,flat,3.6723871901946266e-05
7,HALF_CAPACITY,0.01,184,0.0,0.005,0.004963276128098054,-3.6723871901946266e-05,flat,3.6723871901946266e-05
7,HALF_CAPACITY,0.01,185,0.0,0.005,0.004963276128098054,-3.6723871901946266e-05,flat,3.6723871901946266e-05
7,HALF_CAPACITY,0.01,186,0.0,0.005,0.004963276128098054,-3.6723871901946266e-05,flat,3.6723871901946266e-05
7,HALF_CAPACITY,0.01,187,0.0,0.005,0.004963276128098054,-3.6723871901946266e-05,flat,3.6723871901946266e-05
7,HALF_CAPACITY,0.01,188,0.0,0.005,0.004963276128098054,-3.6723871901946266e-05,flat,3.6723871901946266e-05
7,HALF_CAPACITY,0.01,189,0.0,0.005,0.004963276128098054,-3.6723871901946266e-05,flat,3.6723871901946266e-05
7,HALF_CAPACITY,0.01,190,0.0,0.005,0.004963276128098054,-3.6723871901946266e-05,flat,3.6723871901946266e-05
7,HALF_CAPACITY,0.01,191,0.0,0.005,0.004963276128098054,-3.6723871901946266e-05,flat,3.6723871901946266e-05
7,HALF_CAPACITY,0.01,192,0.0,0.005,0.004963276128098054,-3.6723871901946266e-05,flat,3.6723871901946266e-05
7,HALF_CAPACITY,0.01,193,0.0,0.005,0.004963276128098054,-3.6723871901946266e-05,flat,3.6723871901946266e-05
7,HALF_CAPACITY,0.01,194,0.0,0.005,0.004963276128098054,-3.6723871901946266e-05,flat,3.6723871901946266e-05
7,HALF_CAPACITY,0.01,195,0.0,0.005,0.004963276128098054,-3.6723871901946266e-05,flat,3.6723871901946266e-05
7,HALF_CAPACITY,0.01,196,0.0,0.005,0.004963276128098054,-3.6723871901946266e-05,flat,3.6723871901946266e-05
7,HALF_CAPACITY,0.01,197,0.0,0.005,0.004963276128098054,-3.6723871901946266e-05,flat,3.6723871901946266e-05
7,HALF_CAPACITY,0.01,198,0.0,0.005,0.004963276128098054,-3.6723871901946266e-05,flat,3.6723871901946266e-05
7,HALF_CAPACITY,0.01,199,0.0,0.005,0.004963276128098054,-3.6723871901946266e-05,flat,3.6723871901946266e-05
7,HALF_CAPACITY,0.01,200,0.0,0.005,0.004963276128098054,-3.6723871901946266e-05,flat,3.6723871901946266e-05
7,HALF_CAPACITY,0.05,155,23464.6468711169,0.005,0.020761246959031494,0.015761246959031493,flat,0.015761246959031493
7,HALF_CAPACITY,0.05,35,859.078049623756,0.005,0.005497933686977506,0.000497933686977506,flat,0.000497933686977506
7,HALF_CAPACITY,0.05,1,0.0,0.005,0.004917882926030256,-8.2117073969744e-05,flat,8.2117073969744e-05
7,HALF_CAPACITY,0.05,2,0.0,0.005,0.004917882926030256,-8.2117073969744e-05,flat,8.2117073969744e-05
7,HALF_CAPACITY,0.05,3,0.0,0.005,0.004917882926030256,-8.2117073969744e-05,flat,8.2117073969744e-05
7,HALF_CAPACITY,0.05,4,0.0,0.005,0.004917882926030256,-8.2117073969744e-05,flat,8.2117073969744e-05
7,HALF_CAPACITY,0.05,5,0.0,0.005,0.004917882926030256,-8.2117073969744e-05,flat,8.2117073969744e-05
7,HALF_CAPACITY,0.05,6,0.0,0.005,0.004917882926030256,-8.2117073969744e-05,flat,8.2117073969744e-05
7,HALF_CAPACITY,0.05,7,0.0,0.005,0.004917882926030256,-8.2117073969744e-05,flat,8.2117073969744e-05
7,HALF_CAPACITY,0.05,8,0.0,0.005,0.004917882926030256,-8.2117073969744e-05,flat,8.2117073969744e-05
7,HALF_CAPACITY,0.05,9,0.0,0.005,0.004917882926030256,-8.2117073969744e-05,flat,8.2117073969744e-05
7,HALF_CAPACITY,0.05,10,0.0,0.005,0.004917882926030256,-8.2117073969744e-05,flat,8.2117073969744e-05
7,HALF_CAPACITY,0.05,11,0.0,0.005,0.004917882926030256,-8.2117073969744e-05,flat,8.2117073969744e-05
7,HALF_CAPACITY,0.05,12,0.0,0.005,0.004917882926030256,-8.2117073969744e-05,flat,8.2117073969744e-05
7,HALF_CAPACITY,0.05,13,0.0,0.005,0.004917882926030256,-8.2117073969744e-05,flat,8.2117073969744e-05
7,HALF_CAPACITY,0.05,14,0.0,0.005,0.004917882926030256,-8.2117073969744e-05,flat,8.2117073969744e-05
7,HALF_CAPACITY,0.05,15,0.0,0.005,0.004917882926030256,-8.2117073969744e-05,flat,8.2117073969744e-05
7,HALF_CAPACITY,0.05,16,0.0,0.005,0.004917882926030256,-8.2117073969744e-05,flat,8.2117073969744e-05
7,HALF_CAPACITY,0.05,17,0.0,0.005,0.004917882926030256,-8.2117073969744e-05,flat,8.2117073969744e-05
7,HALF_CAPACITY,0.05,18,0.0,0.005,0.004917882926030256,-8.2117073969744e-05,flat,8.2117073969744e-05
7,HALF_CAPACITY,0.05,19,0.0,0.005,0.004917882926030256,-8.2117073969744e-05,flat,8.2117073969744e-05
7,HALF_CAPACITY,0.05,20,0.0,0.005,0.004917882926030256,-8.2117073969744e-05,flat,8.2117073969744e-05
7,HALF_CAPACITY,0.05,21,0.0,0.005,0.004917882926030256,-8.2117073969744e-05,flat,8.2117073969744e-05
7,HALF_CAPACITY,0.05,22,0.0,0.005,0.004917882926030256,-8.2117073969744e-05,flat,8.2117073969744e-05
7,HALF_CAPACITY,0.05,23,0.0,0.005,0.004917882926030256,-8.2117073969744e-05,flat,8.2117073969744e-05
7,HALF_CAPACITY,0.05,24,0.0,0.005,0.004917882926030256,-8.2117073969744e-05,flat,8.2117073969744e-05
7,HALF_CAPACITY,0.05,25,0.0,0.005,0.004917882926030256,-8.2117073969744e-05,flat,8.2117073969744e-05
7,HALF_CAPACITY,0.05,26,0.0,0.005,0.004917882926030256,-8.2117073969744e-05,flat,8.2117073969744e-05
7,HALF_CAPACITY,0.05,27,0.0,0.005,0.004917882926030256,-8.2117073969744e-05,flat,8.2117073969744e-05
7,HALF_CAPACITY,0.05,28,0.0,0.005,0.004917882926030256,-8.2117073969744e-05,flat,8.2117073969744e-05
7,HALF_CAPACITY,0.05,29,0.0,0.005,0.004917882926030256,-8.2117073969744e-05,flat,8.2117073969744e-05
7,HALF_CAPACITY,0.05,30,0.0,0.005,0.004917882926030256,-8.2117073969744e-05,flat,8.2117073969744e-05
7,HALF_CAPACITY,0.05,31,0.0,0.005,0.004917882926030256,-8.2117073969744e-05,flat,8.2117073969744e-05
7,HALF_CAPACITY,0.05,32,0.0,0.005,0.004917882926030256,-8.2117073969744e-05,flat,8.2117073969744e-05
7,HALF_CAPACITY,0.05,33,0.0,0.005,0.004917882926030256,-8.2117073969744e-05,flat,8.2117073969744e-05
7,HALF_CAPACITY,0.05,34,0.0,0.005,0.004917882926030256,-8.2117073969744e-05,flat,8.2117073969744e-05
7,HALF_CAPACITY,0.05,36,0.0,0.005,0.004917882926030256,-8.2117073969744e-05,flat,8.2117073969744e-05
7,HALF_CAPACITY,0.05,37,0.0,0.005,0.004917882926030256,-8.2117073969744e-05,flat,8.2117073969744e-05
7,HALF_CAPACITY,0.05,38,0.0,0.005,0.004917882926030256,-8.2117073969744e-05,flat,8.2117073969744e-05
7,HALF_CAPACITY,0.05,39,0.0,0.005,0.004917882926030256,-8.2117073969744e-05,flat,8.2117073969744e-05
7,HALF_CAPACITY,0.05,40,0.0,0.005,0.004917882926030256,-8.2117073969744e-05,flat,8.2117073969744e-05
7,HALF_CAPACITY,0.05,41,0.0,0.005,0.004917882926030256,-8.2117073969744e-05,flat,8.2117073969744e-05
7,HALF_CAPACITY,0.05,42,0.0,0.005,0.004917882926030256,-8.2117073969744e-05,flat,8.2117073969744e-05
7,HALF_CAPACITY,0.05,43,0.0,0.005,0.004917882926030256,-8.2117073969744e-05,flat,8.2117073969744e-05
7,HALF_CAPACITY,0.05,44,0.0,0.005,0.004917882926030256,-8.2117073969744e-05,flat,8.2117073969744e-05
7,HALF_CAPACITY,0.05,45,0.0,0.005,0.004917882926030256,-8.2117073969744e-05,flat,8.2117073969744e-05
7,HALF_CAPACITY,0.05,46,0.0,0.005,0.004917882926030256,-8.2117073969744e-05,flat,8.2117073969744e-05
7,HALF_CAPACITY,0.05,47,0.0,0.005,0.004917882926030256,-8.2117073969744e-05,flat,8.2117073969744e-05
7,HALF_CAPACITY,0.05,48,0.0,0.005,0.004917882926030256,-8.2117073969744e-05,flat,8.2117073969744e-05
7,HALF_CAPACITY,0.05,49,0.0,0.005,0.004917882926030256,-8.2117073969744e-05,flat,8.2117073969744e-05
7,HALF_CAPACITY,0.05,50,0.0,0.005,0.004917882926030256,-8.2117073969744e-05,flat,8.2117073969744e-05
7,HALF_CAPACITY,0.05,51,0.0,0.005,0.004917882926030256,-8.2117073969744e-05,flat,8.2117073969744e-05
7,HALF_CAPACITY,0.05,52,0.0,0.005,0.004917882926030256,-8.2117073969744e-05,flat,8.2117073969744e-05
7,HALF_CAPACITY,0.05,53,0.0,0.005,0.004917882926030256,-8.2117073969744e-05,flat,8.2117073969744e-05
7,HALF_CAPACITY,0.05,54,0.0,0.005,0.004917882926030256,-8.2117073969744e-05,flat,8.2117073969744e-05
7,HALF_CAPACITY,0.05,55,0.0,0.005,0.004917882926030256,-8.2117073969744e-05,flat,8.2117073969744e-05
7,HALF_CAPACITY,0.05,56,0.0,0.005,0.004917882926030256,-8.2117073969744e-05,flat,8.2117073969744e-05
7,HALF_CAPACITY,0.05,57,0.0,0.005,0.004917882926030256,-8.2117073969744e-05,flat,8.2117073969744e-05
7,HALF_CAPACITY,0.05,58,0.0,0.005,0.004917882926030256,-8.2117073969744e-05,flat,8.2117073969744e-05
7,HALF_CAPACITY,0.05,59,0.0,0.005,0.004917882926030256,-8.2117073969744e-05,flat,8.2117073969744e-05
7,HALF_CAPACITY,0.05,60,0.0,0.005,0.004917882926030256,-8.2117073969744e-05,flat,8.2117073969744e-05
7,HALF_CAPACITY,0.05,61,0.0,0.005,0.004917882926030256,-8.2117073969744e-05,flat,8.2117073969744e-05
7,HALF_CAPACITY,0.05,62,0.0,0.005,0.004917882926030256,-8.2117073969744e-05,flat,8.2117073969744e-05
7,HALF_CAPACITY,0.05,63,0.0,0.005,0.004917882926030256,-8.2117073969744e-05,flat,8.2117073969744e-05
7,HALF_CAPACITY,0.05,64,0.0,0.005,0.004917882926030256,-8.2117073969744e-05,flat,8.2117073969744e-05
7,HALF_CAPACITY,0.05,65,0.0,0.005,0.004917882926030256,-8.2117073969744e-05,flat,8.2117073969744e-05
7,HALF_CAPACITY,0.05,66,0.0,0.005,0.004917882926030256,-8.2117073969744e-05,flat,8.2117073969744e-05
7,HALF_CAPACITY,0.05,67,0.0,0.005,0.004917882926030256,-8.2117073969744e-05,flat,8.2117073969744e-05
7,HALF_CAPACITY,0.05,68,0.0,0.005,0.004917882926030256,-8.2117073969744e-05,flat,8.2117073969744e-05
7,HALF_CAPACITY,0.05,69,0.0,0.005,0.004917882926030256,-8.2117073969744e-05,flat,8.2117073969744e-05
7,HALF_CAPACITY,0.05,70,0.0,0.005,0.004917882926030256,-8.2117073969744e-05,flat,8.2117073969744e-05
7,HALF_CAPACITY,0.05,71,0.0,0.005,0.004917882926030256,-8.2117073969744e-05,flat,8.2117073969744e-05
7,HALF_CAPACITY,0.05,72,0.0,0.005,0.004917882926030256,-8.2117073969744e-05,flat,8.2117073969744e-05
7,HALF_CAPACITY,0.05,73,0.0,0.005,0.004917882926030256,-8.2117073969744e-05,flat,8.2117073969744e-05
7,HALF_CAPACITY,0.05,74,0.0,0.005,0.004917882926030256,-8.2117073969744e-05,flat,8.2117073969744e-05
7,HALF_CAPACITY,0.05,75,0.0,0.005,0.004917882926030256,-8.2117073969744e-05,flat,8.2117073969744e-05
7,HALF_CAPACITY,0.05,76,0.0,0.005,0.004917882926030256,-8.2117073969744e-05,flat,8.2117073969744e-05
7,HALF_CAPACITY,0.05,77,0.0,0.005,0.004917882926030256,-8.2117073969744e-05,flat,8.2117073969744e-05
7,HALF_CAPACITY,0.05,78,0.0,0.005,0.004917882926030256,-8.2117073969744e-05,flat,8.2117073969744e-05
7,HALF_CAPACITY,0.05,79,0.0,0.005,0.004917882926030256,-8.2117073969744e-05,flat,8.2117073969744e-05
7,HALF_CAPACITY,0.05,80,0.0,0.005,0.004917882926030256,-8.2117073969744e-05,flat,8.2117073969744e-05
7,HALF_CAPACITY,0.05,81,0.0,0.005,0.004917882926030256,-8.2117073969744e-05,flat,8.2117073969744e-05
7,HALF_CAPACITY,0.05,82,0.0,0.005,0.004917882926030256,-8.2117073969744e-05,flat,8.2117073969744e-05
7,HALF_CAPACITY,0.05,83,0.0,0.005,0.004917882926030256,-8.2117073969744e-05,flat,8.2117073969744e-05
7,HALF_CAPACITY,0.05,84,0.0,0.005,0.004917882926030256,-8.2117073969744e-05,flat,8.2117073969744e-05
7,HALF_CAPACITY,0.05,85,0.0,0.005,0.004917882926030256,-8.2117073969744e-05,flat,8.2117073969744e-05
7,HALF_CAPACITY,0.05,86,0.0,0.005,0.004917882926030256,-8.2117073969744e-05,flat,8.2117073969744e-05
7,HALF_CAPACITY,0.05,87,0.0,0.005,0.004917882926030256,-8.2117073969744e-05,flat,8.2117073969744e-05
7,HALF_CAPACITY,0.05,88,0.0,0.005,0.004917882926030256,-8.2117073969744e-05,flat,8.2117073969744e-05
7,HALF_CAPACITY,0.05,89,0.0,0.005,0.004917882926030256,-8.2117073969744e-05,flat,8.2117073969744e-05
7,HALF_CAPACITY,0.05,90,0.0,0.005,0.004917882926030256,-8.2117073969744e-05,flat,8.2117073969744e-05
7,HALF_CAPACITY,0.05,91,0.0,0.005,0.004917882926030256,-8.2117073969744e-05,flat,8.2117073969744e-05
7,HALF_CAPACITY,0.05,92,0.0,0.005,0.004917882926030256,-8.2117073969744e-05,flat,8.2117073969744e-05
7,HALF_CAPACITY,0.05,93,0.0,0.005,0.004917882926030256,-8.2117073969744e-05,flat,8.2117073969744e-05
7,HALF_CAPACITY,0.05,94,0.0,0.005,0.004917882926030256,-8.2117073969744e-05,flat,8.2117073969744e-05
7,HALF_CAPACITY,0.05,95,0.0,0.005,0.004917882926030256,-8.2117073969744e-05,flat,8.2117073969744e-05
7,HALF_CAPACITY,0.05,96,0.0,0.005,0.004917882926030256,-8.2117073969744e-05,flat,8.2117073969744e-05
7,HALF_CAPACITY,0.05,97,0.0,0.005,0.004917882926030256,-8.2117073969744e-05,flat,8.2117073969744e-05
7,HALF_CAPACITY,0.05,98,0.0,0.005,0.004917882926030256,-8.2117073969744e-05,flat,8.2117073969744e-05
7,HALF_CAPACITY,0.05,99,0.0,0.005,0.004917882926030256,-8.2117073969744e-05,flat,8.2117073969744e-05
7,HALF_CAPACITY,0.05,100,0.0,0.005,0.004917882926030256,-8.2117073969744e-05,flat,8.2117073969744e-05
7,HALF_CAPACITY,0.05,101,0.0,0.005,0.004917882926030256,-8.2117073969744e-05,flat,8.2117073969744e-05
7,HALF_CAPACITY,0.05,102,0.0,0.005,0.004917882926030256,-8.2117073969744e-05,flat,8.2117073969744e-05
7,HALF_CAPACITY,0.05,103,0.0,0.005,0.004917882926030256,-8.2117073969744e-05,flat,8.2117073969744e-05
7,HALF_CAPACITY,0.05,104,0.0,0.005,0.004917882926030256,-8.2117073969744e-05,flat,8.2117073969744e-05
7,HALF_CAPACITY,0.05,105,0.0,0.005,0.004917882926030256,-8.2117073969744e-05,flat,8.2117073969744e-05
7,HALF_CAPACITY,0.05,106,0.0,0.005,0.004917882926030256,-8.2117073969744e-05,flat,8.2117073969744e-05
7,HALF_CAPACITY,0.05,107,0.0,0.005,0.004917882926030256,-8.2117073969744e-05,flat,8.2117073969744e-05
7,HALF_CAPACITY,0.05,108,0.0,0.005,0.004917882926030256,-8.2117073969744e-05,flat,8.2117073969744e-05
7,HALF_CAPACITY,0.05,109,0.0,0.005,0.004917882926030256,-8.2117073969744e-05,flat,8.2117073969744e-05
7,HALF_CAPACITY,0.05,110,0.0,0.005,0.004917882926030256,-8.2117073969744e-05,flat,8.2117073969744e-05
7,HALF_CAPACITY,0.05,111,0.0,0.005,0.004917882926030256,-8.2117073969744e-05,flat,8.2117073969744e-05
7,HALF_CAPACITY,0.05,112,0.0,0.005,0.004917882926030256,-8.2117073969744e-05,flat,8.2117073969744e-05
7,HALF_CAPACITY,0.05,113,0.0,0.005,0.004917882926030256,-8.2117073969744e-05,flat,8.2117073969744e-05
7,HALF_CAPACITY,0.05,114,0.0,0.005,0.004917882926030256,-8.2117073969744e-05,flat,8.2117073969744e-05
7,HALF_CAPACITY,0.05,115,0.0,0.005,0.004917882926030256,-8.2117073969744e-05,flat,8.2117073969744e-05
7,HALF_CAPACITY,0.05,116,0.0,0.005,0.004917882926030256,-8.2117073969744e-05,flat,8.2117073969744e-05
7,HALF_CAPACITY,0.05,117,0.0,0.005,0.004917882926030256,-8.2117073969744e-05,flat,8.2117073969744e-05
7,HALF_CAPACITY,0.05,118,0.0,0.005,0.004917882926030256,-8.2117073969744e-05,flat,8.2117073969744e-05
7,HALF_CAPACITY,0.05,119,0.0,0.005,0.004917882926030256,-8.2117073969744e-05,flat,8.2117073969744e-05
7,HALF_CAPACITY,0.05,120,0.0,0.005,0.004917882926030256,-8.2117073969744e-05,flat,8.2117073969744e-05
7,HALF_CAPACITY,0.05,121,0.0,0.005,0.004917882926030256,-8.2117073969744e-05,flat,8.2117073969744e-05
7,HALF_CAPACITY,0.05,122,0.0,0.005,0.004917882926030256,-8.2117073969744e-05,flat,8.2117073969744e-05
7,HALF_CAPACITY,0.05,123,0.0,0.005,0.004917882926030256,-8.2117073969744e-05,flat,8.2117073969744e-05
7,HALF_CAPACITY,0.05,124,0.0,0.005,0.004917882926030256,-8.2117073969744e-05,flat,8.2117073969744e-05
7,HALF_CAPACITY,0.05,125,0.0,0.005,0.004917882926030256,-8.2117073969744e-05,flat,8.2117073969744e-05
7,HALF_CAPACITY,0.05,126,0.0,0.005,0.004917882926030256,-8.2117073969744e-05,flat,8.2117073969744e-05
7,HALF_CAPACITY,0.05,127,0.0,0.005,0.004917882926030256,-8.2117073969744e-05,flat,8.2117073969744e-05
7,HALF_CAPACITY,0.05,128,0.0,0.005,0.004917882926030256,-8.2117073969744e-05,flat,8.2117073969744e-05
7,HALF_CAPACITY,0.05,129,0.0,0.005,0.004917882926030256,-8.2117073969744e-05,flat,8.2117073969744e-05
7,HALF_CAPACITY,0.05,130,0.0,0.005,0.004917882926030256,-8.2117073969744e-05,flat,8.2117073969744e-05
7,HALF_CAPACITY,0.05,131,0.0,0.005,0.004917882926030256,-8.2117073969744e-05,flat,8.2117073969744e-05
7,HALF_CAPACITY,0.05,132,0.0,0.005,0.004917882926030256,-8.2117073969744e-05,flat,8.2117073969744e-05
7,HALF_CAPACITY,0.05,133,0.0,0.005,0.004917882926030256,-8.2117073969744e-05,flat,8.2117073969744e-05
7,HALF_CAPACITY,0.05,134,0.0,0.005,0.004917882926030256,-8.2117073969744e-05,flat,8.2117073969744e-05
7,HALF_CAPACITY,0.05,135,0.0,0.005,0.004917882926030256,-8.2117073969744e-05,flat,8.2117073969744e-05
7,HALF_CAPACITY,0.05,136,0.0,0.005,0.004917882926030256,-8.2117073969744e-05,flat,8.2117073969744e-05
7,HALF_CAPACITY,0.05,137,0.0,0.005,0.004917882926030256,-8.2117073969744e-05,flat,8.2117073969744e-05
7,HALF_CAPACITY,0.05,138,0.0,0.005,0.004917882926030256,-8.2117073969744e-05,flat,8.2117073969744e-05
7,HALF_CAPACITY,0.05,139,0.0,0.005,0.004917882926030256,-8.2117073969744e-05,flat,8.2117073969744e-05
7,HALF_CAPACITY,0.05,140,0.0,0.005,0.004917882926030256,-8.2117073969744e-05,flat,8.2117073969744e-05
7,HALF_CAPACITY,0.05,141,0.0,0.005,0.004917882926030256,-8.2117073969744e-05,flat,8.2117073969744e-05
7,HALF_CAPACITY,0.05,142,0.0,0.005,0.004917882926030256,-8.2117073969744e-05,flat,8.2117073969744e-05
7,HALF_CAPACITY,0.05,143,0.0,0.005,0.004917882926030256,-8.2117073969744e-05,flat,8.2117073969744e-05
7,HALF_CAPACITY,0.05,144,0.0,0.005,0.004917882926030256,-8.2117073969744e-05,flat,8.2117073969744e-05
7,HALF_CAPACITY,0.05,145,0.0,0.005,0.004917882926030256,-8.2117073969744e-05,flat,8.2117073969744e-05
7,HALF_CAPACITY,0.05,146,0.0,0.005,0.004917882926030256,-8.2117073969744e-05,flat,8.2117073969744e-05
7,HALF_CAPACITY,0.05,147,0.0,0.005,0.004917882926030256,-8.2117073969744e-05,flat,8.2117073969744e-05
7,HALF_CAPACITY,0.05,148,0.0,0.005,0.004917882926030256,-8.2117073969744e-05,flat,8.2117073969744e-05
7,HALF_CAPACITY,0.05,149,0.0,0.005,0.004917882926030256,-8.2117073969744e-05,flat,8.2117073969744e-05
7,HALF_CAPACITY,0.05,150,0.0,0.005,0.004917882926030256,-8.2117073969744e-05,flat,8.2117073969744e-05
7,HALF_CAPACITY,0.05,151,0.0,0.005,0.004917882926030256,-8.2117073969744e-05,flat,8.2117073969744e-05
7,HALF_CAPACITY,0.05,152,0.0,0.005,0.004917882926030256,-8.2117073969744e-05,flat,8.2117073969744e-05
7,HALF_CAPACITY,0.05,153,0.0,0.005,0.004917882926030256,-8.2117073969744e-05,flat,8.2117073969744e-05
7,HALF_CAPACITY,0.05,154,0.0,0.005,0.004917882926030256,-8.2117073969744e-05,flat,8.2117073969744e-05
7,HALF_CAPACITY,0.05,156,0.0,0.005,0.004917882926030256,-8.2117073969744e-05,flat,8.2117073969744e-05
7,HALF_CAPACITY,0.05,157,0.0,0.005,0.004917882926030256,-8.2117073969744e-05,flat,8.2117073969744e-05
7,HALF_CAPACITY,0.05,158,0.0,0.005,0.004917882926030256,-8.2117073969744e-05,flat,8.2117073969744e-05
7,HALF_CAPACITY,0.05,159,0.0,0.005,0.004917882926030256,-8.2117073969744e-05,flat,8.2117073969744e-05
7,HALF_CAPACITY,0.05,160,0.0,0.005,0.004917882926030256,-8.2117073969744e-05,flat,8.2117073969744e-05
7,HALF_CAPACITY,0.05,161,0.0,0.005,0.004917882926030256,-8.2117073969744e-05,flat,8.2117073969744e-05
7,HALF_CAPACITY,0.05,162,0.0,0.005,0.004917882926030256,-8.2117073969744e-05,flat,8.2117073969744e-05
7,HALF_CAPACITY,0.05,163,0.0,0.005,0.004917882926030256,-8.2117073969744e-05,flat,8.2117073969744e-05
7,HALF_CAPACITY,0.05,164,0.0,0.005,0.004917882926030256,-8.2117073969744e-05,flat,8.2117073969744e-05
7,HALF_CAPACITY,0.05,165,0.0,0.005,0.004917882926030256,-8.2117073969744e-05,flat,8.2117073969744e-05
7,HALF_CAPACITY,0.05,166,0.0,0.005,0.004917882926030256,-8.2117073969744e-05,flat,8.2117073969744e-05
7,HALF_CAPACITY,0.05,167,0.0,0.005,0.004917882926030256,-8.2117073969744e-05,flat,8.2117073969744e-05
7,HALF_CAPACITY,0.05,168,0.0,0.005,0.004917882926030256,-8.2117073969744e-05,flat,8.2117073969744e-05
7,HALF_CAPACITY,0.05,169,0.0,0.005,0.004917882926030256,-8.2117073969744e-05,flat,8.2117073969744e-05
7,HALF_CAPACITY,0.05,170,0.0,0.005,0.004917882926030256,-8.2117073969744e-05,flat,8.2117073969744e-05
7,HALF_CAPACITY,0.05,171,0.0,0.005,0.004917882926030256,-8.2117073969744e-05,flat,8.2117073969744e-05
7,HALF_CAPACITY,0.05,172,0.0,0.005,0.004917882926030256,-8.2117073969744e-05,flat,8.2117073969744e-05
7,HALF_CAPACITY,0.05,173,0.0,0.005,0.004917882926030256,-8.2117073969744e-05,flat,8.2117073969744e-05
7,HALF_CAPACITY,0.05,174,0.0,0.005,0.004917882926030256,-8.2117073969744e-05,flat,8.2117073969744e-05
7,HALF_CAPACITY,0.05,175,0.0,0.005,0.004917882926030256,-8.2117073969744e-05,flat,8.2117073969744e-05
7,HALF_CAPACITY,0.05,176,0.0,0.005,0.004917882926030256,-8.2117073969744e-05,flat,8.2117073969744e-05
7,HALF_CAPACITY,0.05,177,0.0,0.005,0.004917882926030256,-8.2117073969744e-05,flat,8.2117073969744e-05
7,HALF_CAPACITY,0.05,178,0.0,0.005,0.004917882926030256,-8.2117073969744e-05,flat,8.2117073969744e-05
7,HALF_CAPACITY,0.05,179,0.0,0.005,0.004917882926030256,-8.2117073969744e-05,flat,8.2117073969744e-05
7,HALF_CAPACITY,0.05,180,0.0,0.005,0.004917882926030256,-8.2117073969744e-05,flat,8.2117073969744e-05
7,HALF_CAPACITY,0.05,181,0.0,0.005,0.004917882926030256,-8.2117073969744e-05,flat,8.2117073969744e-05
7,HALF_CAPACITY,0.05,182,0.0,0.005,0.004917882926030256,-8.2117073969744e-05,flat,8.2117073969744e-05
7,HALF_CAPACITY,0.05,183,0.0,0.005,0.004917882926030256,-8.2117073969744e-05,flat,8.2117073969744e-05
7,HALF_CAPACITY,0.05,184,0.0,0.005,0.004917882926030256,-8.2117073969744e-05,flat,8.2117073969744e-05
7,HALF_CAPACITY,0.05,185,0.0,0.005,0.004917882926030256,-8.2117073969744e-05,flat,8.2117073969744e-05
7,HALF_CAPACITY,0.05,186,0.0,0.005,0.004917882926030256,-8.2117073969744e-05,flat,8.2117073969744e-05
7,HALF_CAPACITY,0.05,187,0.0,0.005,0.004917882926030256,-8.2117073969744e-05,flat,8.2117073969744e-05
7,HALF_CAPACITY,0.05,188,0.0,0.005,0.004917882926030256,-8.2117073969744e-05,flat,8.2117073969744e-05
7,HALF_CAPACITY,0.05,189,0.0,0.005,0.004917882926030256,-8.2117073969744e-05,flat,8.2117073969744e-05
7,HALF_CAPACITY,0.05,190,0.0,0.005,0.004917882926030256,-8.2117073969744e-05,flat,8.2117073969744e-05
7,HALF_CAPACITY,0.05,191,0.0,0.005,0.004917882926030256,-8.2117073969744e-05,flat,8.2117073969744e-05
7,HALF_CAPACITY,0.05,192,0.0,0.005,0.004917882926030256,-8.2117073969744e-05,flat,8.2117073969744e-05
7,HALF_CAPACITY,0.05,193,0.0,0.005,0.004917882926030256,-8.2117073969744e-05,flat,8.2117073969744e-05
7,HALF_CAPACITY,0.05,194,0.0,0.005,0.004917882926030256,-8.2117073969744e-05,flat,8.2117073969744e-05
7,HALF_CAPACITY,0.05,195,0.0,0.005,0.004917882926030256,-8.2117073969744e-05,flat,8.2117073969744e-05
7,HALF_CAPACITY,0.05,196,0.0,0.005,0.004917882926030256,-8.2117073969744e-05,flat,8.2117073969744e-05
7,HALF_CAPACITY,0.05,197,0.0,0.005,0.004917882926030256,-8.2117073969744e-05,flat,8.2117073969744e-05
7,HALF_CAPACITY,0.05,198,0.0,0.005,0.004917882926030256,-8.2117073969744e-05,flat,8.2117073969744e-05
7,HALF_CAPACITY,0.05,199,0.0,0.005,0.004917882926030256,-8.2117073969744e-05,flat,8.2117073969744e-05
7,HALF_CAPACITY,0.05,200,0.0,0.005,0.004917882926030256,-8.2117073969744e-05,flat,8.2117073969744e-05
7,HALF_CAPACITY,0.1,155,23464.6468711169,0.005,0.027289769209374003,0.022289769209374,flat,0.022289769209374
7,HALF_CAPACITY,0.1,35,859.078049623756,0.005,0.005704184573286029,0.000704184573286029,flat,0.000704184573286029
7,HALF_CAPACITY,0.1,1,0.0,0.005,0.004883868920289596,-0.0001161310797104043,flat,0.0001161310797104043
7,HALF_CAPACITY,0.1,2,0.0,0.005,0.004883868920289596,-0.0001161310797104043,flat,0.0001161310797104043
7,HALF_CAPACITY,0.1,3,0.0,0.005,0.004883868920289596,-0.0001161310797104043,flat,0.0001161310797104043
7,HALF_CAPACITY,0.1,4,0.0,0.005,0.004883868920289596,-0.0001161310797104043,flat,0.0001161310797104043
7,HALF_CAPACITY,0.1,5,0.0,0.005,0.004883868920289596,-0.0001161310797104043,flat,0.0001161310797104043
7,HALF_CAPACITY,0.1,6,0.0,0.005,0.004883868920289596,-0.0001161310797104043,flat,0.0001161310797104043
7,HALF_CAPACITY,0.1,7,0.0,0.005,0.004883868920289596,-0.0001161310797104043,flat,0.0001161310797104043
7,HALF_CAPACITY,0.1,8,0.0,0.005,0.004883868920289596,-0.0001161310797104043,flat,0.0001161310797104043
7,HALF_CAPACITY,0.1,9,0.0,0.005,0.004883868920289596,-0.0001161310797104043,flat,0.0001161310797104043
7,HALF_CAPACITY,0.1,10,0.0,0.005,0.004883868920289596,-0.0001161310797104043,flat,0.0001161310797104043
7,HALF_CAPACITY,0.1,11,0.0,0.005,0.004883868920289596,-0.0001161310797104043,flat,0.0001161310797104043
7,HALF_CAPACITY,0.1,12,0.0,0.005,0.004883868920289596,-0.0001161310797104043,flat,0.0001161310797104043
7,HALF_CAPACITY,0.1,13,0.0,0.005,0.004883868920289596,-0.0001161310797104043,flat,0.0001161310797104043
7,HALF_CAPACITY,0.1,14,0.0,0.005,0.004883868920289596,-0.0001161310797104043,flat,0.0001161310797104043
7,HALF_CAPACITY,0.1,15,0.0,0.005,0.004883868920289596,-0.0001161310797104043,flat,0.0001161310797104043
7,HALF_CAPACITY,0.1,16,0.0,0.005,0.004883868920289596,-0.0001161310797104043,flat,0.0001161310797104043
7,HALF_CAPACITY,0.1,17,0.0,0.005,0.004883868920289596,-0.0001161310797104043,flat,0.0001161310797104043
7,HALF_CAPACITY,0.1,18,0.0,0.005,0.004883868920289596,-0.0001161310797104043,flat,0.0001161310797104043
7,HALF_CAPACITY,0.1,19,0.0,0.005,0.004883868920289596,-0.0001161310797104043,flat,0.0001161310797104043
7,HALF_CAPACITY,0.1,20,0.0,0.005,0.004883868920289596,-0.0001161310797104043,flat,0.0001161310797104043
7,HALF_CAPACITY,0.1,21,0.0,0.005,0.004883868920289596,-0.0001161310797104043,flat,0.0001161310797104043
7,HALF_CAPACITY,0.1,22,0.0,0.005,0.004883868920289596,-0.0001161310797104043,flat,0.0001161310797104043
7,HALF_CAPACITY,0.1,23,0.0,0.005,0.004883868920289596,-0.0001161310797104043,flat,0.0001161310797104043
7,HALF_CAPACITY,0.1,24,0.0,0.005,0.004883868920289596,-0.0001161310797104043,flat,0.0001161310797104043
7,HALF_CAPACITY,0.1,25,0.0,0.005,0.004883868920289596,-0.0001161310797104043,flat,0.0001161310797104043
7,HALF_CAPACITY,0.1,26,0.0,0.005,0.004883868920289596,-0.0001161310797104043,flat,0.0001161310797104043
7,HALF_CAPACITY,0.1,27,0.0,0.005,0.004883868920289596,-0.0001161310797104043,flat,0.0001161310797104043
7,HALF_CAPACITY,0.1,28,0.0,0.005,0.004883868920289596,-0.0001161310797104043,flat,0.0001161310797104043
7,HALF_CAPACITY,0.1,29,0.0,0.005,0.004883868920289596,-0.0001161310797104043,flat,0.0001161310797104043
7,HALF_CAPACITY,0.1,30,0.0,0.005,0.004883868920289596,-0.0001161310797104043,flat,0.0001161310797104043
7,HALF_CAPACITY,0.1,31,0.0,0.005,0.004883868920289596,-0.0001161310797104043,flat,0.0001161310797104043
7,HALF_CAPACITY,0.1,32,0.0,0.005,0.004883868920289596,-0.0001161310797104043,flat,0.0001161310797104043
7,HALF_CAPACITY,0.1,33,0.0,0.005,0.004883868920289596,-0.0001161310797104043,flat,0.0001161310797104043
7,HALF_CAPACITY,0.1,34,0.0,0.005,0.004883868920289596,-0.0001161310797104043,flat,0.0001161310797104043
7,HALF_CAPACITY,0.1,36,0.0,0.005,0.004883868920289596,-0.0001161310797104043,flat,0.0001161310797104043
7,HALF_CAPACITY,0.1,37,0.0,0.005,0.004883868920289596,-0.0001161310797104043,flat,0.0001161310797104043
7,HALF_CAPACITY,0.1,38,0.0,0.005,0.004883868920289596,-0.0001161310797104043,flat,0.0001161310797104043
7,HALF_CAPACITY,0.1,39,0.0,0.005,0.004883868920289596,-0.0001161310797104043,flat,0.0001161310797104043
7,HALF_CAPACITY,0.1,40,0.0,0.005,0.004883868920289596,-0.0001161310797104043,flat,0.0001161310797104043
7,HALF_CAPACITY,0.1,41,0.0,0.005,0.004883868920289596,-0.0001161310797104043,flat,0.0001161310797104043
7,HALF_CAPACITY,0.1,42,0.0,0.005,0.004883868920289596,-0.0001161310797104043,flat,0.0001161310797104043
7,HALF_CAPACITY,0.1,43,0.0,0.005,0.004883868920289596,-0.0001161310797104043,flat,0.0001161310797104043
7,HALF_CAPACITY,0.1,44,0.0,0.005,0.004883868920289596,-0.0001161310797104043,flat,0.0001161310797104043
7,HALF_CAPACITY,0.1,45,0.0,0.005,0.004883868920289596,-0.0001161310797104043,flat,0.0001161310797104043
7,HALF_CAPACITY,0.1,46,0.0,0.005,0.004883868920289596,-0.0001161310797104043,flat,0.0001161310797104043
7,HALF_CAPACITY,0.1,47,0.0,0.005,0.004883868920289596,-0.0001161310797104043,flat,0.0001161310797104043
7,HALF_CAPACITY,0.1,48,0.0,0.005,0.004883868920289596,-0.0001161310797104043,flat,0.0001161310797104043
7,HALF_CAPACITY,0.1,49,0.0,0.005,0.004883868920289596,-0.0001161310797104043,flat,0.0001161310797104043
7,HALF_CAPACITY,0.1,50,0.0,0.005,0.004883868920289596,-0.0001161310797104043,flat,0.0001161310797104043
7,HALF_CAPACITY,0.1,51,0.0,0.005,0.004883868920289596,-0.0001161310797104043,flat,0.0001161310797104043
7,HALF_CAPACITY,0.1,52,0.0,0.005,0.004883868920289596,-0.0001161310797104043,flat,0.0001161310797104043
7,HALF_CAPACITY,0.1,53,0.0,0.005,0.004883868920289596,-0.0001161310797104043,flat,0.0001161310797104043
7,HALF_CAPACITY,0.1,54,0.0,0.005,0.004883868920289596,-0.0001161310797104043,flat,0.0001161310797104043
7,HALF_CAPACITY,0.1,55,0.0,0.005,0.004883868920289596,-0.0001161310797104043,flat,0.0001161310797104043
7,HALF_CAPACITY,0.1,56,0.0,0.005,0.004883868920289596,-0.0001161310797104043,flat,0.0001161310797104043
7,HALF_CAPACITY,0.1,57,0.0,0.005,0.004883868920289596,-0.0001161310797104043,flat,0.0001161310797104043
7,HALF_CAPACITY,0.1,58,0.0,0.005,0.004883868920289596,-0.0001161310797104043,flat,0.0001161310797104043
7,HALF_CAPACITY,0.1,59,0.0,0.005,0.004883868920289596,-0.0001161310797104043,flat,0.0001161310797104043
7,HALF_CAPACITY,0.1,60,0.0,0.005,0.004883868920289596,-0.0001161310797104043,flat,0.0001161310797104043
7,HALF_CAPACITY,0.1,61,0.0,0.005,0.004883868920289596,-0.0001161310797104043,flat,0.0001161310797104043
7,HALF_CAPACITY,0.1,62,0.0,0.005,0.004883868920289596,-0.0001161310797104043,flat,0.0001161310797104043
7,HALF_CAPACITY,0.1,63,0.0,0.005,0.004883868920289596,-0.0001161310797104043,flat,0.0001161310797104043
7,HALF_CAPACITY,0.1,64,0.0,0.005,0.004883868920289596,-0.0001161310797104043,flat,0.0001161310797104043
7,HALF_CAPACITY,0.1,65,0.0,0.005,0.004883868920289596,-0.0001161310797104043,flat,0.0001161310797104043
7,HALF_CAPACITY,0.1,66,0.0,0.005,0.004883868920289596,-0.0001161310797104043,flat,0.0001161310797104043
7,HALF_CAPACITY,0.1,67,0.0,0.005,0.004883868920289596,-0.0001161310797104043,flat,0.0001161310797104043
7,HALF_CAPACITY,0.1,68,0.0,0.005,0.004883868920289596,-0.0001161310797104043,flat,0.0001161310797104043
7,HALF_CAPACITY,0.1,69,0.0,0.005,0.004883868920289596,-0.0001161310797104043,flat,0.0001161310797104043
7,HALF_CAPACITY,0.1,70,0.0,0.005,0.004883868920289596,-0.0001161310797104043,flat,0.0001161310797104043
7,HALF_CAPACITY,0.1,71,0.0,0.005,0.004883868920289596,-0.0001161310797104043,flat,0.0001161310797104043
7,HALF_CAPACITY,0.1,72,0.0,0.005,0.004883868920289596,-0.0001161310797104043,flat,0.0001161310797104043
7,HALF_CAPACITY,0.1,73,0.0,0.005,0.004883868920289596,-0.0001161310797104043,flat,0.0001161310797104043
7,HALF_CAPACITY,0.1,74,0.0,0.005,0.004883868920289596,-0.0001161310797104043,flat,0.0001161310797104043
7,HALF_CAPACITY,0.1,75,0.0,0.005,0.004883868920289596,-0.0001161310797104043,flat,0.0001161310797104043
7,HALF_CAPACITY,0.1,76,0.0,0.005,0.004883868920289596,-0.0001161310797104043,flat,0.0001161310797104043
7,HALF_CAPACITY,0.1,77,0.0,0.005,0.004883868920289596,-0.0001161310797104043,flat,0.0001161310797104043
7,HALF_CAPACITY,0.1,78,0.0,0.005,0.004883868920289596,-0.0001161310797104043,flat,0.0001161310797104043
7,HALF_CAPACITY,0.1,79,0.0,0.005,0.004883868920289596,-0.0001161310797104043,flat,0.0001161310797104043
7,HALF_CAPACITY,0.1,80,0.0,0.005,0.004883868920289596,-0.0001161310797104043,flat,0.0001161310797104043
7,HALF_CAPACITY,0.1,81,0.0,0.005,0.004883868920289596,-0.0001161310797104043,flat,0.0001161310797104043
7,HALF_CAPACITY,0.1,82,0.0,0.005,0.004883868920289596,-0.0001161310797104043,flat,0.0001161310797104043
7,HALF_CAPACITY,0.1,83,0.0,0.005,0.004883868920289596,-0.0001161310797104043,flat,0.0001161310797104043
7,HALF_CAPACITY,0.1,84,0.0,0.005,0.004883868920289596,-0.0001161310797104043,flat,0.0001161310797104043
7,HALF_CAPACITY,0.1,85,0.0,0.005,0.004883868920289596,-0.0001161310797104043,flat,0.0001161310797104043
7,HALF_CAPACITY,0.1,86,0.0,0.005,0.004883868920289596,-0.0001161310797104043,flat,0.0001161310797104043
7,HALF_CAPACITY,0.1,87,0.0,0.005,0.004883868920289596,-0.0001161310797104043,flat,0.0001161310797104043
7,HALF_CAPACITY,0.1,88,0.0,0.005,0.004883868920289596,-0.0001161310797104043,flat,0.0001161310797104043
7,HALF_CAPACITY,0.1,89,0.0,0.005,0.004883868920289596,-0.0001161310797104043,flat,0.0001161310797104043
7,HALF_CAPACITY,0.1,90,0.0,0.005,0.004883868920289596,-0.0001161310797104043,flat,0.0001161310797104043
7,HALF_CAPACITY,0.1,91,0.0,0.005,0.004883868920289596,-0.0001161310797104043,flat,0.0001161310797104043
7,HALF_CAPACITY,0.1,92,0.0,0.005,0.004883868920289596,-0.0001161310797104043,flat,0.0001161310797104043
7,HALF_CAPACITY,0.1,93,0.0,0.005,0.004883868920289596,-0.0001161310797104043,flat,0.0001161310797104043
7,HALF_CAPACITY,0.1,94,0.0,0.005,0.004883868920289596,-0.0001161310797104043,flat,0.0001161310797104043
7,HALF_CAPACITY,0.1,95,0.0,0.005,0.004883868920289596,-0.0001161310797104043,flat,0.0001161310797104043
7,HALF_CAPACITY,0.1,96,0.0,0.005,0.004883868920289596,-0.0001161310797104043,flat,0.0001161310797104043
7,HALF_CAPACITY,0.1,97,0.0,0.005,0.004883868920289596,-0.0001161310797104043,flat,0.0001161310797104043
7,HALF_CAPACITY,0.1,98,0.0,0.005,0.004883868920289596,-0.0001161310797104043,flat,0.0001161310797104043
7,HALF_CAPACITY,0.1,99,0.0,0.005,0.004883868920289596,-0.0001161310797104043,flat,0.0001161310797104043
7,HALF_CAPACITY,0.1,100,0.0,0.005,0.004883868920289596,-0.0001161310797104043,flat,0.0001161310797104043
7,HALF_CAPACITY,0.1,101,0.0,0.005,0.004883868920289596,-0.0001161310797104043,flat,0.0001161310797104043
7,HALF_CAPACITY,0.1,102,0.0,0.005,0.004883868920289596,-0.0001161310797104043,flat,0.0001161310797104043
7,HALF_CAPACITY,0.1,103,0.0,0.005,0.004883868920289596,-0.0001161310797104043,flat,0.0001161310797104043
7,HALF_CAPACITY,0.1,104,0.0,0.005,0.004883868920289596,-0.0001161310797104043,flat,0.0001161310797104043
7,HALF_CAPACITY,0.1,105,0.0,0.005,0.004883868920289596,-0.0001161310797104043,flat,0.0001161310797104043
7,HALF_CAPACITY,0.1,106,0.0,0.005,0.004883868920289596,-0.0001161310797104043,flat,0.0001161310797104043
7,HALF_CAPACITY,0.1,107,0.0,0.005,0.004883868920289596,-0.0001161310797104043,flat,0.0001161310797104043
7,HALF_CAPACITY,0.1,108,0.0,0.005,0.004883868920289596,-0.0001161310797104043,flat,0.0001161310797104043
7,HALF_CAPACITY,0.1,109,0.0,0.005,0.004883868920289596,-0.0001161310797104043,flat,0.0001161310797104043
7,HALF_CAPACITY,0.1,110,0.0,0.005,0.004883868920289596,-0.0001161310797104043,flat,0.0001161310797104043
7,HALF_CAPACITY,0.1,111,0.0,0.005,0.004883868920289596,-0.0001161310797104043,flat,0.0001161310797104043
7,HALF_CAPACITY,0.1,112,0.0,0.005,0.004883868920289596,-0.0001161310797104043,flat,0.0001161310797104043
7,HALF_CAPACITY,0.1,113,0.0,0.005,0.004883868920289596,-0.0001161310797104043,flat,0.0001161310797104043
7,HALF_CAPACITY,0.1,114,0.0,0.005,0.004883868920289596,-0.0001161310797104043,flat,0.0001161310797104043
7,HALF_CAPACITY,0.1,115,0.0,0.005,0.004883868920289596,-0.0001161310797104043,flat,0.0001161310797104043
7,HALF_CAPACITY,0.1,116,0.0,0.005,0.004883868920289596,-0.0001161310797104043,flat,0.0001161310797104043
7,HALF_CAPACITY,0.1,117,0.0,0.005,0.004883868920289596,-0.0001161310797104043,flat,0.0001161310797104043
7,HALF_CAPACITY,0.1,118,0.0,0.005,0.004883868920289596,-0.0001161310797104043,flat,0.0001161310797104043
7,HALF_CAPACITY,0.1,119,0.0,0.005,0.004883868920289596,-0.0001161310797104043,flat,0.0001161310797104043
7,HALF_CAPACITY,0.1,120,0.0,0.005,0.004883868920289596,-0.0001161310797104043,flat,0.0001161310797104043
7,HALF_CAPACITY,0.1,121,0.0,0.005,0.004883868920289596,-0.0001161310797104043,flat,0.0001161310797104043
7,HALF_CAPACITY,0.1,122,0.0,0.005,0.004883868920289596,-0.0001161310797104043,flat,0.0001161310797104043
7,HALF_CAPACITY,0.1,123,0.0,0.005,0.004883868920289596,-0.0001161310797104043,flat,0.0001161310797104043
7,HALF_CAPACITY,0.1,124,0.0,0.005,0.004883868920289596,-0.0001161310797104043,flat,0.0001161310797104043
7,HALF_CAPACITY,0.1,125,0.0,0.005,0.004883868920289596,-0.0001161310797104043,flat,0.0001161310797104043
7,HALF_CAPACITY,0.1,126,0.0,0.005,0.004883868920289596,-0.0001161310797104043,flat,0.0001161310797104043
7,HALF_CAPACITY,0.1,127,0.0,0.005,0.004883868920289596,-0.0001161310797104043,flat,0.0001161310797104043
7,HALF_CAPACITY,0.1,128,0.0,0.005,0.004883868920289596,-0.0001161310797104043,flat,0.0001161310797104043
7,HALF_CAPACITY,0.1,129,0.0,0.005,0.004883868920289596,-0.0001161310797104043,flat,0.0001161310797104043
7,HALF_CAPACITY,0.1,130,0.0,0.005,0.004883868920289596,-0.0001161310797104043,flat,0.0001161310797104043
7,HALF_CAPACITY,0.1,131,0.0,0.005,0.004883868920289596,-0.0001161310797104043,flat,0.0001161310797104043
7,HALF_CAPACITY,0.1,132,0.0,0.005,0.004883868920289596,-0.0001161310797104043,flat,0.0001161310797104043
7,HALF_CAPACITY,0.1,133,0.0,0.005,0.004883868920289596,-0.0001161310797104043,flat,0.0001161310797104043
7,HALF_CAPACITY,0.1,134,0.0,0.005,0.004883868920289596,-0.0001161310797104043,flat,0.0001161310797104043
7,HALF_CAPACITY,0.1,135,0.0,0.005,0.004883868920289596,-0.0001161310797104043,flat,0.0001161310797104043
7,HALF_CAPACITY,0.1,136,0.0,0.005,0.004883868920289596,-0.0001161310797104043,flat,0.0001161310797104043
7,HALF_CAPACITY,0.1,137,0.0,0.005,0.004883868920289596,-0.0001161310797104043,flat,0.0001161310797104043
7,HALF_CAPACITY,0.1,138,0.0,0.005,0.004883868920289596,-0.0001161310797104043,flat,0.0001161310797104043
7,HALF_CAPACITY,0.1,139,0.0,0.005,0.004883868920289596,-0.0001161310797104043,flat,0.0001161310797104043
7,HALF_CAPACITY,0.1,140,0.0,0.005,0.004883868920289596,-0.0001161310797104043,flat,0.0001161310797104043
7,HALF_CAPACITY,0.1,141,0.0,0.005,0.004883868920289596,-0.0001161310797104043,flat,0.0001161310797104043
7,HALF_CAPACITY,0.1,142,0.0,0.005,0.004883868920289596,-0.0001161310797104043,flat,0.0001161310797104043
7,HALF_CAPACITY,0.1,143,0.0,0.005,0.004883868920289596,-0.0001161310797104043,flat,0.0001161310797104043
7,HALF_CAPACITY,0.1,144,0.0,0.005,0.004883868920289596,-0.0001161310797104043,flat,0.0001161310797104043
7,HALF_CAPACITY,0.1,145,0.0,0.005,0.004883868920289596,-0.0001161310797104043,flat,0.0001161310797104043
7,HALF_CAPACITY,0.1,146,0.0,0.005,0.004883868920289596,-0.0001161310797104043,flat,0.0001161310797104043
7,HALF_CAPACITY,0.1,147,0.0,0.005,0.004883868920289596,-0.0001161310797104043,flat,0.0001161310797104043
7,HALF_CAPACITY,0.1,148,0.0,0.005,0.004883868920289596,-0.0001161310797104043,flat,0.0001161310797104043
7,HALF_CAPACITY,0.1,149,0.0,0.005,0.004883868920289596,-0.0001161310797104043,flat,0.0001161310797104043
7,HALF_CAPACITY,0.1,150,0.0,0.005,0.004883868920289596,-0.0001161310797104043,flat,0.0001161310797104043
7,HALF_CAPACITY,0.1,151,0.0,0.005,0.004883868920289596,-0.0001161310797104043,flat,0.0001161310797104043
7,HALF_CAPACITY,0.1,152,0.0,0.005,0.004883868920289596,-0.0001161310797104043,flat,0.0001161310797104043
7,HALF_CAPACITY,0.1,153,0.0,0.005,0.004883868920289596,-0.0001161310797104043,flat,0.0001161310797104043
7,HALF_CAPACITY,0.1,154,0.0,0.005,0.004883868920289596,-0.0001161310797104043,flat,0.0001161310797104043
7,HALF_CAPACITY,0.1,156,0.0,0.005,0.004883868920289596,-0.0001161310797104043,flat,0.0001161310797104043
7,HALF_CAPACITY,0.1,157,0.0,0.005,0.004883868920289596,-0.0001161310797104043,flat,0.0001161310797104043
7,HALF_CAPACITY,0.1,158,0.0,0.005,0.004883868920289596,-0.0001161310797104043,flat,0.0001161310797104043
7,HALF_CAPACITY,0.1,159,0.0,0.005,0.004883868920289596,-0.0001161310797104043,flat,0.0001161310797104043
7,HALF_CAPACITY,0.1,160,0.0,0.005,0.004883868920289596,-0.0001161310797104043,flat,0.0001161310797104043
7,HALF_CAPACITY,0.1,161,0.0,0.005,0.004883868920289596,-0.0001161310797104043,flat,0.0001161310797104043
7,HALF_CAPACITY,0.1,162,0.0,0.005,0.004883868920289596,-0.0001161310797104043,flat,0.0001161310797104043
7,HALF_CAPACITY,0.1,163,0.0,0.005,0.004883868920289596,-0.0001161310797104043,flat,0.0001161310797104043
7,HALF_CAPACITY,0.1,164,0.0,0.005,0.004883868920289596,-0.0001161310797104043,flat,0.0001161310797104043
7,HALF_CAPACITY,0.1,165,0.0,0.005,0.004883868920289596,-0.0001161310797104043,flat,0.0001161310797104043
7,HALF_CAPACITY,0.1,166,0.0,0.005,0.004883868920289596,-0.0001161310797104043,flat,0.0001161310797104043
7,HALF_CAPACITY,0.1,167,0.0,0.005,0.004883868920289596,-0.0001161310797104043,flat,0.0001161310797104043
7,HALF_CAPACITY,0.1,168,0.0,0.005,0.004883868920289596,-0.0001161310797104043,flat,0.0001161310797104043
7,HALF_CAPACITY,0.1,169,0.0,0.005,0.004883868920289596,-0.0001161310797104043,flat,0.0001161310797104043
7,HALF_CAPACITY,0.1,170,0.0,0.005,0.004883868920289596,-0.0001161310797104043,flat,0.0001161310797104043
7,HALF_CAPACITY,0.1,171,0.0,0.005,0.004883868920289596,-0.0001161310797104043,flat,0.0001161310797104043
7,HALF_CAPACITY,0.1,172,0.0,0.005,0.004883868920289596,-0.0001161310797104043,flat,0.0001161310797104043
7,HALF_CAPACITY,0.1,173,0.0,0.005,0.004883868920289596,-0.0001161310797104043,flat,0.0001161310797104043
7,HALF_CAPACITY,0.1,174,0.0,0.005,0.004883868920289596,-0.0001161310797104043,flat,0.0001161310797104043
7,HALF_CAPACITY,0.1,175,0.0,0.005,0.004883868920289596,-0.0001161310797104043,flat,0.0001161310797104043
7,HALF_CAPACITY,0.1,176,0.0,0.005,0.004883868920289596,-0.0001161310797104043,flat,0.0001161310797104043
7,HALF_CAPACITY,0.1,177,0.0,0.005,0.004883868920289596,-0.0001161310797104043,flat,0.0001161310797104043
7,HALF_CAPACITY,0.1,178,0.0,0.005,0.004883868920289596,-0.0001161310797104043,flat,0.0001161310797104043
7,HALF_CAPACITY,0.1,179,0.0,0.005,0.004883868920289596,-0.0001161310797104043,flat,0.0001161310797104043
7,HALF_CAPACITY,0.1,180,0.0,0.005,0.004883868920289596,-0.0001161310797104043,flat,0.0001161310797104043
7,HALF_CAPACITY,0.1,181,0.0,0.005,0.004883868920289596,-0.0001161310797104043,flat,0.0001161310797104043
7,HALF_CAPACITY,0.1,182,0.0,0.005,0.004883868920289596,-0.0001161310797104043,flat,0.0001161310797104043
7,HALF_CAPACITY,0.1,183,0.0,0.005,0.004883868920289596,-0.0001161310797104043,flat,0.0001161310797104043
7,HALF_CAPACITY,0.1,184,0.0,0.005,0.004883868920289596,-0.0001161310797104043,flat,0.0001161310797104043
7,HALF_CAPACITY,0.1,185,0.0,0.005,0.004883868920289596,-0.0001161310797104043,flat,0.0001161310797104043
7,HALF_CAPACITY,0.1,186,0.0,0.005,0.004883868920289596,-0.0001161310797104043,flat,0.0001161310797104043
7,HALF_CAPACITY,0.1,187,0.0,0.005,0.004883868920289596,-0.0001161310797104043,flat,0.0001161310797104043
7,HALF_CAPACITY,0.1,188,0.0,0.005,0.004883868920289596,-0.0001161310797104043,flat,0.0001161310797104043
7,HALF_CAPACITY,0.1,189,0.0,0.005,0.004883868920289596,-0.0001161310797104043,flat,0.0001161310797104043
7,HALF_CAPACITY,0.1,190,0.0,0.005,0.004883868920289596,-0.0001161310797104043,flat,0.0001161310797104043
7,HALF_CAPACITY,0.1,191,0.0,0.005,0.004883868920289596,-0.0001161310797104043,flat,0.0001161310797104043
7,HALF_CAPACITY,0.1,192,0.0,0.005,0.004883868920289596,-0.0001161310797104043,flat,0.0001161310797104043
7,HALF_CAPACITY,0.1,193,0.0,0.005,0.004883868920289596,-0.0001161310797104043,flat,0.0001161310797104043
7,HALF_CAPACITY,0.1,194,0.0,0.005,0.004883868920289596,-0.0001161310797104043,flat,0.0001161310797104043
7,HALF_CAPACITY,0.1,195,0.0,0.005,0.004883868920289596,-0.0001161310797104043,flat,0.0001161310797104043
7,HALF_CAPACITY,0.1,196,0.0,0.005,0.004883868920289596,-0.0001161310797104043,flat,0.0001161310797104043
7,HALF_CAPACITY,0.1,197,0.0,0.005,0.004883868920289596,-0.0001161310797104043,flat,0.0001161310797104043
7,HALF_CAPACITY,0.1,198,0.0,0.005,0.004883868920289596,-0.0001161310797104043,flat,0.0001161310797104043
7,HALF_CAPACITY,0.1,199,0.0,0.005,0.004883868920289596,-0.0001161310797104043,flat,0.0001161310797104043
7,HALF_CAPACITY,0.1,200,0.0,0.005,0.004883868920289596,-0.0001161310797104043,flat,0.0001161310797104043
7,STEP03YF_PERIOD_R2000,0.001,155,23530.5172489881,0.005,0.0072289852662401665,0.0022289852662401664,flat,0.0022289852662401664
7,STEP03YF_PERIOD_R2000,0.001,35,859.078049623756,0.005,0.005070190196298815,7.019019629881523e-05,flat,7.019019629881523e-05
7,STEP03YF_PERIOD_R2000,0.001,1,0.0,0.005,0.004988388002714449,-1.1611997285550929e-05,flat,1.1611997285550929e-05
7,STEP03YF_PERIOD_R2000,0.001,2,0.0,0.005,0.004988388002714449,-1.1611997285550929e-05,flat,1.1611997285550929e-05
7,STEP03YF_PERIOD_R2000,0.001,3,0.0,0.005,0.004988388002714449,-1.1611997285550929e-05,flat,1.1611997285550929e-05
7,STEP03YF_PERIOD_R2000,0.001,4,0.0,0.005,0.004988388002714449,-1.1611997285550929e-05,flat,1.1611997285550929e-05
7,STEP03YF_PERIOD_R2000,0.001,5,0.0,0.005,0.004988388002714449,-1.1611997285550929e-05,flat,1.1611997285550929e-05
7,STEP03YF_PERIOD_R2000,0.001,6,0.0,0.005,0.004988388002714449,-1.1611997285550929e-05,flat,1.1611997285550929e-05
7,STEP03YF_PERIOD_R2000,0.001,7,0.0,0.005,0.004988388002714449,-1.1611997285550929e-05,flat,1.1611997285550929e-05
7,STEP03YF_PERIOD_R2000,0.001,8,0.0,0.005,0.004988388002714449,-1.1611997285550929e-05,flat,1.1611997285550929e-05
7,STEP03YF_PERIOD_R2000,0.001,9,0.0,0.005,0.004988388002714449,-1.1611997285550929e-05,flat,1.1611997285550929e-05
7,STEP03YF_PERIOD_R2000,0.001,10,0.0,0.005,0.004988388002714449,-1.1611997285550929e-05,flat,1.1611997285550929e-05
7,STEP03YF_PERIOD_R2000,0.001,11,0.0,0.005,0.004988388002714449,-1.1611997285550929e-05,flat,1.1611997285550929e-05
7,STEP03YF_PERIOD_R2000,0.001,12,0.0,0.005,0.004988388002714449,-1.1611997285550929e-05,flat,1.1611997285550929e-05
7,STEP03YF_PERIOD_R2000,0.001,13,0.0,0.005,0.004988388002714449,-1.1611997285550929e-05,flat,1.1611997285550929e-05
7,STEP03YF_PERIOD_R2000,0.001,14,0.0,0.005,0.004988388002714449,-1.1611997285550929e-05,flat,1.1611997285550929e-05
7,STEP03YF_PERIOD_R2000,0.001,15,0.0,0.005,0.004988388002714449,-1.1611997285550929e-05,flat,1.1611997285550929e-05
7,STEP03YF_PERIOD_R2000,0.001,16,0.0,0.005,0.004988388002714449,-1.1611997285550929e-05,flat,1.1611997285550929e-05
7,STEP03YF_PERIOD_R2000,0.001,17,0.0,0.005,0.004988388002714449,-1.1611997285550929e-05,flat,1.1611997285550929e-05
7,STEP03YF_PERIOD_R2000,0.001,18,0.0,0.005,0.004988388002714449,-1.1611997285550929e-05,flat,1.1611997285550929e-05
7,STEP03YF_PERIOD_R2000,0.001,19,0.0,0.005,0.004988388002714449,-1.1611997285550929e-05,flat,1.1611997285550929e-05
7,STEP03YF_PERIOD_R2000,0.001,20,0.0,0.005,0.004988388002714449,-1.1611997285550929e-05,flat,1.1611997285550929e-05
7,STEP03YF_PERIOD_R2000,0.001,21,0.0,0.005,0.004988388002714449,-1.1611997285550929e-05,flat,1.1611997285550929e-05
7,STEP03YF_PERIOD_R2000,0.001,22,0.0,0.005,0.004988388002714449,-1.1611997285550929e-05,flat,1.1611997285550929e-05
7,STEP03YF_PERIOD_R2000,0.001,23,0.0,0.005,0.004988388002714449,-1.1611997285550929e-05,flat,1.1611997285550929e-05
7,STEP03YF_PERIOD_R2000,0.001,24,0.0,0.005,0.004988388002714449,-1.1611997285550929e-05,flat,1.1611997285550929e-05
7,STEP03YF_PERIOD_R2000,0.001,25,0.0,0.005,0.004988388002714449,-1.1611997285550929e-05,flat,1.1611997285550929e-05
7,STEP03YF_PERIOD_R2000,0.001,26,0.0,0.005,0.004988388002714449,-1.1611997285550929e-05,flat,1.1611997285550929e-05
7,STEP03YF_PERIOD_R2000,0.001,27,0.0,0.005,0.004988388002714449,-1.1611997285550929e-05,flat,1.1611997285550929e-05
7,STEP03YF_PERIOD_R2000,0.001,28,0.0,0.005,0.004988388002714449,-1.1611997285550929e-05,flat,1.1611997285550929e-05
7,STEP03YF_PERIOD_R2000,0.001,29,0.0,0.005,0.004988388002714449,-1.1611997285550929e-05,flat,1.1611997285550929e-05
7,STEP03YF_PERIOD_R2000,0.001,30,0.0,0.005,0.004988388002714449,-1.1611997285550929e-05,flat,1.1611997285550929e-05
7,STEP03YF_PERIOD_R2000,0.001,31,0.0,0.005,0.004988388002714449,-1.1611997285550929e-05,flat,1.1611997285550929e-05
7,STEP03YF_PERIOD_R2000,0.001,32,0.0,0.005,0.004988388002714449,-1.1611997285550929e-05,flat,1.1611997285550929e-05
7,STEP03YF_PERIOD_R2000,0.001,33,0.0,0.005,0.004988388002714449,-1.1611997285550929e-05,flat,1.1611997285550929e-05
7,STEP03YF_PERIOD_R2000,0.001,34,0.0,0.005,0.004988388002714449,-1.1611997285550929e-05,flat,1.1611997285550929e-05
7,STEP03YF_PERIOD_R2000,0.001,36,0.0,0.005,0.004988388002714449,-1.1611997285550929e-05,flat,1.1611997285550929e-05
7,STEP03YF_PERIOD_R2000,0.001,37,0.0,0.005,0.004988388002714449,-1.1611997285550929e-05,flat,1.1611997285550929e-05
7,STEP03YF_PERIOD_R2000,0.001,38,0.0,0.005,0.004988388002714449,-1.1611997285550929e-05,flat,1.1611997285550929e-05
7,STEP03YF_PERIOD_R2000,0.001,39,0.0,0.005,0.004988388002714449,-1.1611997285550929e-05,flat,1.1611997285550929e-05
7,STEP03YF_PERIOD_R2000,0.001,40,0.0,0.005,0.004988388002714449,-1.1611997285550929e-05,flat,1.1611997285550929e-05
7,STEP03YF_PERIOD_R2000,0.001,41,0.0,0.005,0.004988388002714449,-1.1611997285550929e-05,flat,1.1611997285550929e-05
7,STEP03YF_PERIOD_R2000,0.001,42,0.0,0.005,0.004988388002714449,-1.1611997285550929e-05,flat,1.1611997285550929e-05
7,STEP03YF_PERIOD_R2000,0.001,43,0.0,0.005,0.004988388002714449,-1.1611997285550929e-05,flat,1.1611997285550929e-05
7,STEP03YF_PERIOD_R2000,0.001,44,0.0,0.005,0.004988388002714449,-1.1611997285550929e-05,flat,1.1611997285550929e-05
7,STEP03YF_PERIOD_R2000,0.001,45,0.0,0.005,0.004988388002714449,-1.1611997285550929e-05,flat,1.1611997285550929e-05
7,STEP03YF_PERIOD_R2000,0.001,46,0.0,0.005,0.004988388002714449,-1.1611997285550929e-05,flat,1.1611997285550929e-05
7,STEP03YF_PERIOD_R2000,0.001,47,0.0,0.005,0.004988388002714449,-1.1611997285550929e-05,flat,1.1611997285550929e-05
7,STEP03YF_PERIOD_R2000,0.001,48,0.0,0.005,0.004988388002714449,-1.1611997285550929e-05,flat,1.1611997285550929e-05
7,STEP03YF_PERIOD_R2000,0.001,49,0.0,0.005,0.004988388002714449,-1.1611997285550929e-05,flat,1.1611997285550929e-05
7,STEP03YF_PERIOD_R2000,0.001,50,0.0,0.005,0.004988388002714449,-1.1611997285550929e-05,flat,1.1611997285550929e-05
7,STEP03YF_PERIOD_R2000,0.001,51,0.0,0.005,0.004988388002714449,-1.1611997285550929e-05,flat,1.1611997285550929e-05
7,STEP03YF_PERIOD_R2000,0.001,52,0.0,0.005,0.004988388002714449,-1.1611997285550929e-05,flat,1.1611997285550929e-05
7,STEP03YF_PERIOD_R2000,0.001,53,0.0,0.005,0.004988388002714449,-1.1611997285550929e-05,flat,1.1611997285550929e-05
7,STEP03YF_PERIOD_R2000,0.001,54,0.0,0.005,0.004988388002714449,-1.1611997285550929e-05,flat,1.1611997285550929e-05
7,STEP03YF_PERIOD_R2000,0.001,55,0.0,0.005,0.004988388002714449,-1.1611997285550929e-05,flat,1.1611997285550929e-05
7,STEP03YF_PERIOD_R2000,0.001,56,0.0,0.005,0.004988388002714449,-1.1611997285550929e-05,flat,1.1611997285550929e-05
7,STEP03YF_PERIOD_R2000,0.001,57,0.0,0.005,0.004988388002714449,-1.1611997285550929e-05,flat,1.1611997285550929e-05
7,STEP03YF_PERIOD_R2000,0.001,58,0.0,0.005,0.004988388002714449,-1.1611997285550929e-05,flat,1.1611997285550929e-05
7,STEP03YF_PERIOD_R2000,0.001,59,0.0,0.005,0.004988388002714449,-1.1611997285550929e-05,flat,1.1611997285550929e-05
7,STEP03YF_PERIOD_R2000,0.001,60,0.0,0.005,0.004988388002714449,-1.1611997285550929e-05,flat,1.1611997285550929e-05
7,STEP03YF_PERIOD_R2000,0.001,61,0.0,0.005,0.004988388002714449,-1.1611997285550929e-05,flat,1.1611997285550929e-05
7,STEP03YF_PERIOD_R2000,0.001,62,0.0,0.005,0.004988388002714449,-1.1611997285550929e-05,flat,1.1611997285550929e-05
7,STEP03YF_PERIOD_R2000,0.001,63,0.0,0.005,0.004988388002714449,-1.1611997285550929e-05,flat,1.1611997285550929e-05
7,STEP03YF_PERIOD_R2000,0.001,64,0.0,0.005,0.004988388002714449,-1.1611997285550929e-05,flat,1.1611997285550929e-05
7,STEP03YF_PERIOD_R2000,0.001,65,0.0,0.005,0.004988388002714449,-1.1611997285550929e-05,flat,1.1611997285550929e-05
7,STEP03YF_PERIOD_R2000,0.001,66,0.0,0.005,0.004988388002714449,-1.1611997285550929e-05,flat,1.1611997285550929e-05
7,STEP03YF_PERIOD_R2000,0.001,67,0.0,0.005,0.004988388002714449,-1.1611997285550929e-05,flat,1.1611997285550929e-05
7,STEP03YF_PERIOD_R2000,0.001,68,0.0,0.005,0.004988388002714449,-1.1611997285550929e-05,flat,1.1611997285550929e-05
7,STEP03YF_PERIOD_R2000,0.001,69,0.0,0.005,0.004988388002714449,-1.1611997285550929e-05,flat,1.1611997285550929e-05
7,STEP03YF_PERIOD_R2000,0.001,70,0.0,0.005,0.004988388002714449,-1.1611997285550929e-05,flat,1.1611997285550929e-05
7,STEP03YF_PERIOD_R2000,0.001,71,0.0,0.005,0.004988388002714449,-1.1611997285550929e-05,flat,1.1611997285550929e-05
7,STEP03YF_PERIOD_R2000,0.001,72,0.0,0.005,0.004988388002714449,-1.1611997285550929e-05,flat,1.1611997285550929e-05
7,STEP03YF_PERIOD_R2000,0.001,73,0.0,0.005,0.004988388002714449,-1.1611997285550929e-05,flat,1.1611997285550929e-05
7,STEP03YF_PERIOD_R2000,0.001,74,0.0,0.005,0.004988388002714449,-1.1611997285550929e-05,flat,1.1611997285550929e-05
7,STEP03YF_PERIOD_R2000,0.001,75,0.0,0.005,0.004988388002714449,-1.1611997285550929e-05,flat,1.1611997285550929e-05
7,STEP03YF_PERIOD_R2000,0.001,76,0.0,0.005,0.004988388002714449,-1.1611997285550929e-05,flat,1.1611997285550929e-05
7,STEP03YF_PERIOD_R2000,0.001,77,0.0,0.005,0.004988388002714449,-1.1611997285550929e-05,flat,1.1611997285550929e-05
7,STEP03YF_PERIOD_R2000,0.001,78,0.0,0.005,0.004988388002714449,-1.1611997285550929e-05,flat,1.1611997285550929e-05
7,STEP03YF_PERIOD_R2000,0.001,79,0.0,0.005,0.004988388002714449,-1.1611997285550929e-05,flat,1.1611997285550929e-05
7,STEP03YF_PERIOD_R2000,0.001,80,0.0,0.005,0.004988388002714449,-1.1611997285550929e-05,flat,1.1611997285550929e-05
7,STEP03YF_PERIOD_R2000,0.001,81,0.0,0.005,0.004988388002714449,-1.1611997285550929e-05,flat,1.1611997285550929e-05
7,STEP03YF_PERIOD_R2000,0.001,82,0.0,0.005,0.004988388002714449,-1.1611997285550929e-05,flat,1.1611997285550929e-05
7,STEP03YF_PERIOD_R2000,0.001,83,0.0,0.005,0.004988388002714449,-1.1611997285550929e-05,flat,1.1611997285550929e-05
7,STEP03YF_PERIOD_R2000,0.001,84,0.0,0.005,0.004988388002714449,-1.1611997285550929e-05,flat,1.1611997285550929e-05
7,STEP03YF_PERIOD_R2000,0.001,85,0.0,0.005,0.004988388002714449,-1.1611997285550929e-05,flat,1.1611997285550929e-05
7,STEP03YF_PERIOD_R2000,0.001,86,0.0,0.005,0.004988388002714449,-1.1611997285550929e-05,flat,1.1611997285550929e-05
7,STEP03YF_PERIOD_R2000,0.001,87,0.0,0.005,0.004988388002714449,-1.1611997285550929e-05,flat,1.1611997285550929e-05
7,STEP03YF_PERIOD_R2000,0.001,88,0.0,0.005,0.004988388002714449,-1.1611997285550929e-05,flat,1.1611997285550929e-05
7,STEP03YF_PERIOD_R2000,0.001,89,0.0,0.005,0.004988388002714449,-1.1611997285550929e-05,flat,1.1611997285550929e-05
7,STEP03YF_PERIOD_R2000,0.001,90,0.0,0.005,0.004988388002714449,-1.1611997285550929e-05,flat,1.1611997285550929e-05
7,STEP03YF_PERIOD_R2000,0.001,91,0.0,0.005,0.004988388002714449,-1.1611997285550929e-05,flat,1.1611997285550929e-05
7,STEP03YF_PERIOD_R2000,0.001,92,0.0,0.005,0.004988388002714449,-1.1611997285550929e-05,flat,1.1611997285550929e-05
7,STEP03YF_PERIOD_R2000,0.001,93,0.0,0.005,0.004988388002714449,-1.1611997285550929e-05,flat,1.1611997285550929e-05
7,STEP03YF_PERIOD_R2000,0.001,94,0.0,0.005,0.004988388002714449,-1.1611997285550929e-05,flat,1.1611997285550929e-05
7,STEP03YF_PERIOD_R2000,0.001,95,0.0,0.005,0.004988388002714449,-1.1611997285550929e-05,flat,1.1611997285550929e-05
7,STEP03YF_PERIOD_R2000,0.001,96,0.0,0.005,0.004988388002714449,-1.1611997285550929e-05,flat,1.1611997285550929e-05
7,STEP03YF_PERIOD_R2000,0.001,97,0.0,0.005,0.004988388002714449,-1.1611997285550929e-05,flat,1.1611997285550929e-05
7,STEP03YF_PERIOD_R2000,0.001,98,0.0,0.005,0.004988388002714449,-1.1611997285550929e-05,flat,1.1611997285550929e-05
7,STEP03YF_PERIOD_R2000,0.001,99,0.0,0.005,0.004988388002714449,-1.1611997285550929e-05,flat,1.1611997285550929e-05
7,STEP03YF_PERIOD_R2000,0.001,100,0.0,0.005,0.004988388002714449,-1.1611997285550929e-05,flat,1.1611997285550929e-05
7,STEP03YF_PERIOD_R2000,0.001,101,0.0,0.005,0.004988388002714449,-1.1611997285550929e-05,flat,1.1611997285550929e-05
7,STEP03YF_PERIOD_R2000,0.001,102,0.0,0.005,0.004988388002714449,-1.1611997285550929e-05,flat,1.1611997285550929e-05
7,STEP03YF_PERIOD_R2000,0.001,103,0.0,0.005,0.004988388002714449,-1.1611997285550929e-05,flat,1.1611997285550929e-05
7,STEP03YF_PERIOD_R2000,0.001,104,0.0,0.005,0.004988388002714449,-1.1611997285550929e-05,flat,1.1611997285550929e-05
7,STEP03YF_PERIOD_R2000,0.001,105,0.0,0.005,0.004988388002714449,-1.1611997285550929e-05,flat,1.1611997285550929e-05
7,STEP03YF_PERIOD_R2000,0.001,106,0.0,0.005,0.004988388002714449,-1.1611997285550929e-05,flat,1.1611997285550929e-05
7,STEP03YF_PERIOD_R2000,0.001,107,0.0,0.005,0.004988388002714449,-1.1611997285550929e-05,flat,1.1611997285550929e-05
7,STEP03YF_PERIOD_R2000,0.001,108,0.0,0.005,0.004988388002714449,-1.1611997285550929e-05,flat,1.1611997285550929e-05
7,STEP03YF_PERIOD_R2000,0.001,109,0.0,0.005,0.004988388002714449,-1.1611997285550929e-05,flat,1.1611997285550929e-05
7,STEP03YF_PERIOD_R2000,0.001,110,0.0,0.005,0.004988388002714449,-1.1611997285550929e-05,flat,1.1611997285550929e-05
7,STEP03YF_PERIOD_R2000,0.001,111,0.0,0.005,0.004988388002714449,-1.1611997285550929e-05,flat,1.1611997285550929e-05
7,STEP03YF_PERIOD_R2000,0.001,112,0.0,0.005,0.004988388002714449,-1.1611997285550929e-05,flat,1.1611997285550929e-05
7,STEP03YF_PERIOD_R2000,0.001,113,0.0,0.005,0.004988388002714449,-1.1611997285550929e-05,flat,1.1611997285550929e-05
7,STEP03YF_PERIOD_R2000,0.001,114,0.0,0.005,0.004988388002714449,-1.1611997285550929e-05,flat,1.1611997285550929e-05
7,STEP03YF_PERIOD_R2000,0.001,115,0.0,0.005,0.004988388002714449,-1.1611997285550929e-05,flat,1.1611997285550929e-05
7,STEP03YF_PERIOD_R2000,0.001,116,0.0,0.005,0.004988388002714449,-1.1611997285550929e-05,flat,1.1611997285550929e-05
7,STEP03YF_PERIOD_R2000,0.001,117,0.0,0.005,0.004988388002714449,-1.1611997285550929e-05,flat,1.1611997285550929e-05
7,STEP03YF_PERIOD_R2000,0.001,118,0.0,0.005,0.004988388002714449,-1.1611997285550929e-05,flat,1.1611997285550929e-05
7,STEP03YF_PERIOD_R2000,0.001,119,0.0,0.005,0.004988388002714449,-1.1611997285550929e-05,flat,1.1611997285550929e-05
7,STEP03YF_PERIOD_R2000,0.001,120,0.0,0.005,0.004988388002714449,-1.1611997285550929e-05,flat,1.1611997285550929e-05
7,STEP03YF_PERIOD_R2000,0.001,121,0.0,0.005,0.004988388002714449,-1.1611997285550929e-05,flat,1.1611997285550929e-05
7,STEP03YF_PERIOD_R2000,0.001,122,0.0,0.005,0.004988388002714449,-1.1611997285550929e-05,flat,1.1611997285550929e-05
7,STEP03YF_PERIOD_R2000,0.001,123,0.0,0.005,0.004988388002714449,-1.1611997285550929e-05,flat,1.1611997285550929e-05
7,STEP03YF_PERIOD_R2000,0.001,124,0.0,0.005,0.004988388002714449,-1.1611997285550929e-05,flat,1.1611997285550929e-05
7,STEP03YF_PERIOD_R2000,0.001,125,0.0,0.005,0.004988388002714449,-1.1611997285550929e-05,flat,1.1611997285550929e-05
7,STEP03YF_PERIOD_R2000,0.001,126,0.0,0.005,0.004988388002714449,-1.1611997285550929e-05,flat,1.1611997285550929e-05
7,STEP03YF_PERIOD_R2000,0.001,127,0.0,0.005,0.004988388002714449,-1.1611997285550929e-05,flat,1.1611997285550929e-05
7,STEP03YF_PERIOD_R2000,0.001,128,0.0,0.005,0.004988388002714449,-1.1611997285550929e-05,flat,1.1611997285550929e-05
7,STEP03YF_PERIOD_R2000,0.001,129,0.0,0.005,0.004988388002714449,-1.1611997285550929e-05,flat,1.1611997285550929e-05
7,STEP03YF_PERIOD_R2000,0.001,130,0.0,0.005,0.004988388002714449,-1.1611997285550929e-05,flat,1.1611997285550929e-05
7,STEP03YF_PERIOD_R2000,0.001,131,0.0,0.005,0.004988388002714449,-1.1611997285550929e-05,flat,1.1611997285550929e-05
7,STEP03YF_PERIOD_R2000,0.001,132,0.0,0.005,0.004988388002714449,-1.1611997285550929e-05,flat,1.1611997285550929e-05
7,STEP03YF_PERIOD_R2000,0.001,133,0.0,0.005,0.004988388002714449,-1.1611997285550929e-05,flat,1.1611997285550929e-05
7,STEP03YF_PERIOD_R2000,0.001,134,0.0,0.005,0.004988388002714449,-1.1611997285550929e-05,flat,1.1611997285550929e-05
7,STEP03YF_PERIOD_R2000,0.001,135,0.0,0.005,0.004988388002714449,-1.1611997285550929e-05,flat,1.1611997285550929e-05
7,STEP03YF_PERIOD_R2000,0.001,136,0.0,0.005,0.004988388002714449,-1.1611997285550929e-05,flat,1.1611997285550929e-05
7,STEP03YF_PERIOD_R2000,0.001,137,0.0,0.005,0.004988388002714449,-1.1611997285550929e-05,flat,1.1611997285550929e-05
7,STEP03YF_PERIOD_R2000,0.001,138,0.0,0.005,0.004988388002714449,-1.1611997285550929e-05,flat,1.1611997285550929e-05
7,STEP03YF_PERIOD_R2000,0.001,139,0.0,0.005,0.004988388002714449,-1.1611997285550929e-05,flat,1.1611997285550929e-05
7,STEP03YF_PERIOD_R2000,0.001,140,0.0,0.005,0.004988388002714449,-1.1611997285550929e-05,flat,1.1611997285550929e-05
7,STEP03YF_PERIOD_R2000,0.001,141,0.0,0.005,0.004988388002714449,-1.1611997285550929e-05,flat,1.1611997285550929e-05
7,STEP03YF_PERIOD_R2000,0.001,142,0.0,0.005,0.004988388002714449,-1.1611997285550929e-05,flat,1.1611997285550929e-05
7,STEP03YF_PERIOD_R2000,0.001,143,0.0,0.005,0.004988388002714449,-1.1611997285550929e-05,flat,1.1611997285550929e-05
7,STEP03YF_PERIOD_R2000,0.001,144,0.0,0.005,0.004988388002714449,-1.1611997285550929e-05,flat,1.1611997285550929e-05
7,STEP03YF_PERIOD_R2000,0.001,145,0.0,0.005,0.004988388002714449,-1.1611997285550929e-05,flat,1.1611997285550929e-05
7,STEP03YF_PERIOD_R2000,0.001,146,0.0,0.005,0.004988388002714449,-1.1611997285550929e-05,flat,1.1611997285550929e-05
7,STEP03YF_PERIOD_R2000,0.001,147,0.0,0.005,0.004988388002714449,-1.1611997285550929e-05,flat,1.1611997285550929e-05
7,STEP03YF_PERIOD_R2000,0.001,148,0.0,0.005,0.004988388002714449,-1.1611997285550929e-05,flat,1.1611997285550929e-05
7,STEP03YF_PERIOD_R2000,0.001,149,0.0,0.005,0.004988388002714449,-1.1611997285550929e-05,flat,1.1611997285550929e-05
7,STEP03YF_PERIOD_R2000,0.001,150,0.0,0.005,0.004988388002714449,-1.1611997285550929e-05,flat,1.1611997285550929e-05
7,STEP03YF_PERIOD_R2000,0.001,151,0.0,0.005,0.004988388002714449,-1.1611997285550929e-05,flat,1.1611997285550929e-05
7,STEP03YF_PERIOD_R2000,0.001,152,0.0,0.005,0.004988388002714449,-1.1611997285550929e-05,flat,1.1611997285550929e-05
7,STEP03YF_PERIOD_R2000,0.001,153,0.0,0.005,0.004988388002714449,-1.1611997285550929e-05,flat,1.1611997285550929e-05
7,STEP03YF_PERIOD_R2000,0.001,154,0.0,0.005,0.004988388002714449,-1.1611997285550929e-05,flat,1.1611997285550929e-05
7,STEP03YF_PERIOD_R2000,0.001,156,0.0,0.005,0.004988388002714449,-1.1611997285550929e-05,flat,1.1611997285550929e-05
7,STEP03YF_PERIOD_R2000,0.001,157,0.0,0.005,0.004988388002714449,-1.1611997285550929e-05,flat,1.1611997285550929e-05
7,STEP03YF_PERIOD_R2000,0.001,158,0.0,0.005,0.004988388002714449,-1.1611997285550929e-05,flat,1.1611997285550929e-05
7,STEP03YF_PERIOD_R2000,0.001,159,0.0,0.005,0.004988388002714449,-1.1611997285550929e-05,flat,1.1611997285550929e-05
7,STEP03YF_PERIOD_R2000,0.001,160,0.0,0.005,0.004988388002714449,-1.1611997285550929e-05,flat,1.1611997285550929e-05
7,STEP03YF_PERIOD_R2000,0.001,161,0.0,0.005,0.004988388002714449,-1.1611997285550929e-05,flat,1.1611997285550929e-05
7,STEP03YF_PERIOD_R2000,0.001,162,0.0,0.005,0.004988388002714449,-1.1611997285550929e-05,flat,1.1611997285550929e-05
7,STEP03YF_PERIOD_R2000,0.001,163,0.0,0.005,0.004988388002714449,-1.1611997285550929e-05,flat,1.1611997285550929e-05
7,STEP03YF_PERIOD_R2000,0.001,164,0.0,0.005,0.004988388002714449,-1.1611997285550929e-05,flat,1.1611997285550929e-05
7,STEP03YF_PERIOD_R2000,0.001,165,0.0,0.005,0.004988388002714449,-1.1611997285550929e-05,flat,1.1611997285550929e-05
7,STEP03YF_PERIOD_R2000,0.001,166,0.0,0.005,0.004988388002714449,-1.1611997285550929e-05,flat,1.1611997285550929e-05
7,STEP03YF_PERIOD_R2000,0.001,167,0.0,0.005,0.004988388002714449,-1.1611997285550929e-05,flat,1.1611997285550929e-05
7,STEP03YF_PERIOD_R2000,0.001,168,0.0,0.005,0.004988388002714449,-1.1611997285550929e-05,flat,1.1611997285550929e-05
7,STEP03YF_PERIOD_R2000,0.001,169,0.0,0.005,0.004988388002714449,-1.1611997285550929e-05,flat,1.1611997285550929e-05
7,STEP03YF_PERIOD_R2000,0.001,170,0.0,0.005,0.004988388002714449,-1.1611997285550929e-05,flat,1.1611997285550929e-05
7,STEP03YF_PERIOD_R2000,0.001,171,0.0,0.005,0.004988388002714449,-1.1611997285550929e-05,flat,1.1611997285550929e-05
7,STEP03YF_PERIOD_R2000,0.001,172,0.0,0.005,0.004988388002714449,-1.1611997285550929e-05,flat,1.1611997285550929e-05
7,STEP03YF_PERIOD_R2000,0.001,173,0.0,0.005,0.004988388002714449,-1.1611997285550929e-05,flat,1.1611997285550929e-05
7,STEP03YF_PERIOD_R2000,0.001,174,0.0,0.005,0.004988388002714449,-1.1611997285550929e-05,flat,1.1611997285550929e-05
7,STEP03YF_PERIOD_R2000,0.001,175,0.0,0.005,0.004988388002714449,-1.1611997285550929e-05,flat,1.1611997285550929e-05
7,STEP03YF_PERIOD_R2000,0.001,176,0.0,0.005,0.004988388002714449,-1.1611997285550929e-05,flat,1.1611997285550929e-05
7,STEP03YF_PERIOD_R2000,0.001,177,0.0,0.005,0.004988388002714449,-1.1611997285550929e-05,flat,1.1611997285550929e-05
7,STEP03YF_PERIOD_R2000,0.001,178,0.0,0.005,0.004988388002714449,-1.1611997285550929e-05,flat,1.1611997285550929e-05
7,STEP03YF_PERIOD_R2000,0.001,179,0.0,0.005,0.004988388002714449,-1.1611997285550929e-05,flat,1.1611997285550929e-05
7,STEP03YF_PERIOD_R2000,0.001,180,0.0,0.005,0.004988388002714449,-1.1611997285550929e-05,flat,1.1611997285550929e-05
7,STEP03YF_PERIOD_R2000,0.001,181,0.0,0.005,0.004988388002714449,-1.1611997285550929e-05,flat,1.1611997285550929e-05
7,STEP03YF_PERIOD_R2000,0.001,182,0.0,0.005,0.004988388002714449,-1.1611997285550929e-05,flat,1.1611997285550929e-05
7,STEP03YF_PERIOD_R2000,0.001,183,0.0,0.005,0.004988388002714449,-1.1611997285550929e-05,flat,1.1611997285550929e-05
7,STEP03YF_PERIOD_R2000,0.001,184,0.0,0.005,0.004988388002714449,-1.1611997285550929e-05,flat,1.1611997285550929e-05
7,STEP03YF_PERIOD_R2000,0.001,185,0.0,0.005,0.004988388002714449,-1.1611997285550929e-05,flat,1.1611997285550929e-05
7,STEP03YF_PERIOD_R2000,0.001,186,0.0,0.005,0.004988388002714449,-1.1611997285550929e-05,flat,1.1611997285550929e-05
7,STEP03YF_PERIOD_R2000,0.001,187,0.0,0.005,0.004988388002714449,-1.1611997285550929e-05,flat,1.1611997285550929e-05
7,STEP03YF_PERIOD_R2000,0.001,188,0.0,0.005,0.004988388002714449,-1.1611997285550929e-05,flat,1.1611997285550929e-05
7,STEP03YF_PERIOD_R2000,0.001,189,0.0,0.005,0.004988388002714449,-1.1611997285550929e-05,flat,1.1611997285550929e-05
7,STEP03YF_PERIOD_R2000,0.001,190,0.0,0.005,0.004988388002714449,-1.1611997285550929e-05,flat,1.1611997285550929e-05
7,STEP03YF_PERIOD_R2000,0.001,191,0.0,0.005,0.004988388002714449,-1.1611997285550929e-05,flat,1.1611997285550929e-05
7,STEP03YF_PERIOD_R2000,0.001,192,0.0,0.005,0.004988388002714449,-1.1611997285550929e-05,flat,1.1611997285550929e-05
7,STEP03YF_PERIOD_R2000,0.001,193,0.0,0.005,0.004988388002714449,-1.1611997285550929e-05,flat,1.1611997285550929e-05
7,STEP03YF_PERIOD_R2000,0.001,194,0.0,0.005,0.004988388002714449,-1.1611997285550929e-05,flat,1.1611997285550929e-05
7,STEP03YF_PERIOD_R2000,0.001,195,0.0,0.005,0.004988388002714449,-1.1611997285550929e-05,flat,1.1611997285550929e-05
7,STEP03YF_PERIOD_R2000,0.001,196,0.0,0.005,0.004988388002714449,-1.1611997285550929e-05,flat,1.1611997285550929e-05
7,STEP03YF_PERIOD_R2000,0.001,197,0.0,0.005,0.004988388002714449,-1.1611997285550929e-05,flat,1.1611997285550929e-05
7,STEP03YF_PERIOD_R2000,0.001,198,0.0,0.005,0.004988388002714449,-1.1611997285550929e-05,flat,1.1611997285550929e-05
7,STEP03YF_PERIOD_R2000,0.001,199,0.0,0.005,0.004988388002714449,-1.1611997285550929e-05,flat,1.1611997285550929e-05
7,STEP03YF_PERIOD_R2000,0.001,200,0.0,0.005,0.004988388002714449,-1.1611997285550929e-05,flat,1.1611997285550929e-05
7,STEP03YF_PERIOD_R2000,0.01,155,23530.5172489881,0.005,0.012048670312274343,0.007048670312274343,flat,0.007048670312274343
7,STEP03YF_PERIOD_R2000,0.01,35,859.078049623756,0.005,0.005221960889718535,0.00022196088971853517,flat,0.00022196088971853517
7,STEP03YF_PERIOD_R2000,0.01,1,0.0,0.005,0.004963279640393976,-3.672035960602428e-05,flat,3.672035960602428e-05
7,STEP03YF_PERIOD_R2000,0.01,2,0.0,0.005,0.004963279640393976,-3.672035960602428e-05,flat,3.672035960602428e-05
7,STEP03YF_PERIOD_R2000,0.01,3,0.0,0.005,0.004963279640393976,-3.672035960602428e-05,flat,3.672035960602428e-05
7,STEP03YF_PERIOD_R2000,0.01,4,0.0,0.005,0.004963279640393976,-3.672035960602428e-05,flat,3.672035960602428e-05
7,STEP03YF_PERIOD_R2000,0.01,5,0.0,0.005,0.004963279640393976,-3.672035960602428e-05,flat,3.672035960602428e-05
7,STEP03YF_PERIOD_R2000,0.01,6,0.0,0.005,0.004963279640393976,-3.672035960602428e-05,flat,3.672035960602428e-05
7,STEP03YF_PERIOD_R2000,0.01,7,0.0,0.005,0.004963279640393976,-3.672035960602428e-05,flat,3.672035960602428e-05
7,STEP03YF_PERIOD_R2000,0.01,8,0.0,0.005,0.004963279640393976,-3.672035960602428e-05,flat,3.672035960602428e-05
7,STEP03YF_PERIOD_R2000,0.01,9,0.0,0.005,0.004963279640393976,-3.672035960602428e-05,flat,3.672035960602428e-05
7,STEP03YF_PERIOD_R2000,0.01,10,0.0,0.005,0.004963279640393976,-3.672035960602428e-05,flat,3.672035960602428e-05
7,STEP03YF_PERIOD_R2000,0.01,11,0.0,0.005,0.004963279640393976,-3.672035960602428e-05,flat,3.672035960602428e-05
7,STEP03YF_PERIOD_R2000,0.01,12,0.0,0.005,0.004963279640393976,-3.672035960602428e-05,flat,3.672035960602428e-05
7,STEP03YF_PERIOD_R2000,0.01,13,0.0,0.005,0.004963279640393976,-3.672035960602428e-05,flat,3.672035960602428e-05
7,STEP03YF_PERIOD_R2000,0.01,14,0.0,0.005,0.004963279640393976,-3.672035960602428e-05,flat,3.672035960602428e-05
7,STEP03YF_PERIOD_R2000,0.01,15,0.0,0.005,0.004963279640393976,-3.672035960602428e-05,flat,3.672035960602428e-05
7,STEP03YF_PERIOD_R2000,0.01,16,0.0,0.005,0.004963279640393976,-3.672035960602428e-05,flat,3.672035960602428e-05
7,STEP03YF_PERIOD_R2000,0.01,17,0.0,0.005,0.004963279640393976,-3.672035960602428e-05,flat,3.672035960602428e-05
7,STEP03YF_PERIOD_R2000,0.01,18,0.0,0.005,0.004963279640393976,-3.672035960602428e-05,flat,3.672035960602428e-05
7,STEP03YF_PERIOD_R2000,0.01,19,0.0,0.005,0.004963279640393976,-3.672035960602428e-05,flat,3.672035960602428e-05
7,STEP03YF_PERIOD_R2000,0.01,20,0.0,0.005,0.004963279640393976,-3.672035960602428e-05,flat,3.672035960602428e-05
7,STEP03YF_PERIOD_R2000,0.01,21,0.0,0.005,0.004963279640393976,-3.672035960602428e-05,flat,3.672035960602428e-05
7,STEP03YF_PERIOD_R2000,0.01,22,0.0,0.005,0.004963279640393976,-3.672035960602428e-05,flat,3.672035960602428e-05
7,STEP03YF_PERIOD_R2000,0.01,23,0.0,0.005,0.004963279640393976,-3.672035960602428e-05,flat,3.672035960602428e-05
7,STEP03YF_PERIOD_R2000,0.01,24,0.0,0.005,0.004963279640393976,-3.672035960602428e-05,flat,3.672035960602428e-05
7,STEP03YF_PERIOD_R2000,0.01,25,0.0,0.005,0.004963279640393976,-3.672035960602428e-05,flat,3.672035960602428e-05
7,STEP03YF_PERIOD_R2000,0.01,26,0.0,0.005,0.004963279640393976,-3.672035960602428e-05,flat,3.672035960602428e-05
7,STEP03YF_PERIOD_R2000,0.01,27,0.0,0.005,0.004963279640393976,-3.672035960602428e-05,flat,3.672035960602428e-05
7,STEP03YF_PERIOD_R2000,0.01,28,0.0,0.005,0.004963279640393976,-3.672035960602428e-05,flat,3.672035960602428e-05
7,STEP03YF_PERIOD_R2000,0.01,29,0.0,0.005,0.004963279640393976,-3.672035960602428e-05,flat,3.672035960602428e-05
7,STEP03YF_PERIOD_R2000,0.01,30,0.0,0.005,0.004963279640393976,-3.672035960602428e-05,flat,3.672035960602428e-05
7,STEP03YF_PERIOD_R2000,0.01,31,0.0,0.005,0.004963279640393976,-3.672035960602428e-05,flat,3.672035960602428e-05
7,STEP03YF_PERIOD_R2000,0.01,32,0.0,0.005,0.004963279640393976,-3.672035960602428e-05,flat,3.672035960602428e-05
7,STEP03YF_PERIOD_R2000,0.01,33,0.0,0.005,0.004963279640393976,-3.672035960602428e-05,flat,3.672035960602428e-05
7,STEP03YF_PERIOD_R2000,0.01,34,0.0,0.005,0.004963279640393976,-3.672035960602428e-05,flat,3.672035960602428e-05
7,STEP03YF_PERIOD_R2000,0.01,36,0.0,0.005,0.004963279640393976,-3.672035960602428e-05,flat,3.672035960602428e-05
7,STEP03YF_PERIOD_R2000,0.01,37,0.0,0.005,0.004963279640393976,-3.672035960602428e-05,flat,3.672035960602428e-05
7,STEP03YF_PERIOD_R2000,0.01,38,0.0,0.005,0.004963279640393976,-3.672035960602428e-05,flat,3.672035960602428e-05
7,STEP03YF_PERIOD_R2000,0.01,39,0.0,0.005,0.004963279640393976,-3.672035960602428e-05,flat,3.672035960602428e-05
7,STEP03YF_PERIOD_R2000,0.01,40,0.0,0.005,0.004963279640393976,-3.672035960602428e-05,flat,3.672035960602428e-05
7,STEP03YF_PERIOD_R2000,0.01,41,0.0,0.005,0.004963279640393976,-3.672035960602428e-05,flat,3.672035960602428e-05
7,STEP03YF_PERIOD_R2000,0.01,42,0.0,0.005,0.004963279640393976,-3.672035960602428e-05,flat,3.672035960602428e-05
7,STEP03YF_PERIOD_R2000,0.01,43,0.0,0.005,0.004963279640393976,-3.672035960602428e-05,flat,3.672035960602428e-05
7,STEP03YF_PERIOD_R2000,0.01,44,0.0,0.005,0.004963279640393976,-3.672035960602428e-05,flat,3.672035960602428e-05
7,STEP03YF_PERIOD_R2000,0.01,45,0.0,0.005,0.004963279640393976,-3.672035960602428e-05,flat,3.672035960602428e-05
7,STEP03YF_PERIOD_R2000,0.01,46,0.0,0.005,0.004963279640393976,-3.672035960602428e-05,flat,3.672035960602428e-05
7,STEP03YF_PERIOD_R2000,0.01,47,0.0,0.005,0.004963279640393976,-3.672035960602428e-05,flat,3.672035960602428e-05
7,STEP03YF_PERIOD_R2000,0.01,48,0.0,0.005,0.004963279640393976,-3.672035960602428e-05,flat,3.672035960602428e-05
7,STEP03YF_PERIOD_R2000,0.01,49,0.0,0.005,0.004963279640393976,-3.672035960602428e-05,flat,3.672035960602428e-05
7,STEP03YF_PERIOD_R2000,0.01,50,0.0,0.005,0.004963279640393976,-3.672035960602428e-05,flat,3.672035960602428e-05
7,STEP03YF_PERIOD_R2000,0.01,51,0.0,0.005,0.004963279640393976,-3.672035960602428e-05,flat,3.672035960602428e-05
7,STEP03YF_PERIOD_R2000,0.01,52,0.0,0.005,0.004963279640393976,-3.672035960602428e-05,flat,3.672035960602428e-05
7,STEP03YF_PERIOD_R2000,0.01,53,0.0,0.005,0.004963279640393976,-3.672035960602428e-05,flat,3.672035960602428e-05
7,STEP03YF_PERIOD_R2000,0.01,54,0.0,0.005,0.004963279640393976,-3.672035960602428e-05,flat,3.672035960602428e-05
7,STEP03YF_PERIOD_R2000,0.01,55,0.0,0.005,0.004963279640393976,-3.672035960602428e-05,flat,3.672035960602428e-05
7,STEP03YF_PERIOD_R2000,0.01,56,0.0,0.005,0.004963279640393976,-3.672035960602428e-05,flat,3.672035960602428e-05
7,STEP03YF_PERIOD_R2000,0.01,57,0.0,0.005,0.004963279640393976,-3.672035960602428e-05,flat,3.672035960602428e-05
7,STEP03YF_PERIOD_R2000,0.01,58,0.0,0.005,0.004963279640393976,-3.672035960602428e-05,flat,3.672035960602428e-05
7,STEP03YF_PERIOD_R2000,0.01,59,0.0,0.005,0.004963279640393976,-3.672035960602428e-05,flat,3.672035960602428e-05
7,STEP03YF_PERIOD_R2000,0.01,60,0.0,0.005,0.004963279640393976,-3.672035960602428e-05,flat,3.672035960602428e-05
7,STEP03YF_PERIOD_R2000,0.01,61,0.0,0.005,0.004963279640393976,-3.672035960602428e-05,flat,3.672035960602428e-05
7,STEP03YF_PERIOD_R2000,0.01,62,0.0,0.005,0.004963279640393976,-3.672035960602428e-05,flat,3.672035960602428e-05
7,STEP03YF_PERIOD_R2000,0.01,63,0.0,0.005,0.004963279640393976,-3.672035960602428e-05,flat,3.672035960602428e-05
7,STEP03YF_PERIOD_R2000,0.01,64,0.0,0.005,0.004963279640393976,-3.672035960602428e-05,flat,3.672035960602428e-05
7,STEP03YF_PERIOD_R2000,0.01,65,0.0,0.005,0.004963279640393976,-3.672035960602428e-05,flat,3.672035960602428e-05
7,STEP03YF_PERIOD_R2000,0.01,66,0.0,0.005,0.004963279640393976,-3.672035960602428e-05,flat,3.672035960602428e-05
7,STEP03YF_PERIOD_R2000,0.01,67,0.0,0.005,0.004963279640393976,-3.672035960602428e-05,flat,3.672035960602428e-05
7,STEP03YF_PERIOD_R2000,0.01,68,0.0,0.005,0.004963279640393976,-3.672035960602428e-05,flat,3.672035960602428e-05
7,STEP03YF_PERIOD_R2000,0.01,69,0.0,0.005,0.004963279640393976,-3.672035960602428e-05,flat,3.672035960602428e-05
7,STEP03YF_PERIOD_R2000,0.01,70,0.0,0.005,0.004963279640393976,-3.672035960602428e-05,flat,3.672035960602428e-05
7,STEP03YF_PERIOD_R2000,0.01,71,0.0,0.005,0.004963279640393976,-3.672035960602428e-05,flat,3.672035960602428e-05
7,STEP03YF_PERIOD_R2000,0.01,72,0.0,0.005,0.004963279640393976,-3.672035960602428e-05,flat,3.672035960602428e-05
7,STEP03YF_PERIOD_R2000,0.01,73,0.0,0.005,0.004963279640393976,-3.672035960602428e-05,flat,3.672035960602428e-05
7,STEP03YF_PERIOD_R2000,0.01,74,0.0,0.005,0.004963279640393976,-3.672035960602428e-05,flat,3.672035960602428e-05
7,STEP03YF_PERIOD_R2000,0.01,75,0.0,0.005,0.004963279640393976,-3.672035960602428e-05,flat,3.672035960602428e-05
7,STEP03YF_PERIOD_R2000,0.01,76,0.0,0.005,0.004963279640393976,-3.672035960602428e-05,flat,3.672035960602428e-05
7,STEP03YF_PERIOD_R2000,0.01,77,0.0,0.005,0.004963279640393976,-3.672035960602428e-05,flat,3.672035960602428e-05
7,STEP03YF_PERIOD_R2000,0.01,78,0.0,0.005,0.004963279640393976,-3.672035960602428e-05,flat,3.672035960602428e-05
7,STEP03YF_PERIOD_R2000,0.01,79,0.0,0.005,0.004963279640393976,-3.672035960602428e-05,flat,3.672035960602428e-05
7,STEP03YF_PERIOD_R2000,0.01,80,0.0,0.005,0.004963279640393976,-3.672035960602428e-05,flat,3.672035960602428e-05
7,STEP03YF_PERIOD_R2000,0.01,81,0.0,0.005,0.004963279640393976,-3.672035960602428e-05,flat,3.672035960602428e-05
7,STEP03YF_PERIOD_R2000,0.01,82,0.0,0.005,0.004963279640393976,-3.672035960602428e-05,flat,3.672035960602428e-05
7,STEP03YF_PERIOD_R2000,0.01,83,0.0,0.005,0.004963279640393976,-3.672035960602428e-05,flat,3.672035960602428e-05
7,STEP03YF_PERIOD_R2000,0.01,84,0.0,0.005,0.004963279640393976,-3.672035960602428e-05,flat,3.672035960602428e-05
7,STEP03YF_PERIOD_R2000,0.01,85,0.0,0.005,0.004963279640393976,-3.672035960602428e-05,flat,3.672035960602428e-05
7,STEP03YF_PERIOD_R2000,0.01,86,0.0,0.005,0.004963279640393976,-3.672035960602428e-05,flat,3.672035960602428e-05
7,STEP03YF_PERIOD_R2000,0.01,87,0.0,0.005,0.004963279640393976,-3.672035960602428e-05,flat,3.672035960602428e-05
7,STEP03YF_PERIOD_R2000,0.01,88,0.0,0.005,0.004963279640393976,-3.672035960602428e-05,flat,3.672035960602428e-05
7,STEP03YF_PERIOD_R2000,0.01,89,0.0,0.005,0.004963279640393976,-3.672035960602428e-05,flat,3.672035960602428e-05
7,STEP03YF_PERIOD_R2000,0.01,90,0.0,0.005,0.004963279640393976,-3.672035960602428e-05,flat,3.672035960602428e-05
7,STEP03YF_PERIOD_R2000,0.01,91,0.0,0.005,0.004963279640393976,-3.672035960602428e-05,flat,3.672035960602428e-05
7,STEP03YF_PERIOD_R2000,0.01,92,0.0,0.005,0.004963279640393976,-3.672035960602428e-05,flat,3.672035960602428e-05
7,STEP03YF_PERIOD_R2000,0.01,93,0.0,0.005,0.004963279640393976,-3.672035960602428e-05,flat,3.672035960602428e-05
7,STEP03YF_PERIOD_R2000,0.01,94,0.0,0.005,0.004963279640393976,-3.672035960602428e-05,flat,3.672035960602428e-05
7,STEP03YF_PERIOD_R2000,0.01,95,0.0,0.005,0.004963279640393976,-3.672035960602428e-05,flat,3.672035960602428e-05
7,STEP03YF_PERIOD_R2000,0.01,96,0.0,0.005,0.004963279640393976,-3.672035960602428e-05,flat,3.672035960602428e-05
7,STEP03YF_PERIOD_R2000,0.01,97,0.0,0.005,0.004963279640393976,-3.672035960602428e-05,flat,3.672035960602428e-05
7,STEP03YF_PERIOD_R2000,0.01,98,0.0,0.005,0.004963279640393976,-3.672035960602428e-05,flat,3.672035960602428e-05
7,STEP03YF_PERIOD_R2000,0.01,99,0.0,0.005,0.004963279640393976,-3.672035960602428e-05,flat,3.672035960602428e-05
7,STEP03YF_PERIOD_R2000,0.01,100,0.0,0.005,0.004963279640393976,-3.672035960602428e-05,flat,3.672035960602428e-05
7,STEP03YF_PERIOD_R2000,0.01,101,0.0,0.005,0.004963279640393976,-3.672035960602428e-05,flat,3.672035960602428e-05
7,STEP03YF_PERIOD_R2000,0.01,102,0.0,0.005,0.004963279640393976,-3.672035960602428e-05,flat,3.672035960602428e-05
7,STEP03YF_PERIOD_R2000,0.01,103,0.0,0.005,0.004963279640393976,-3.672035960602428e-05,flat,3.672035960602428e-05
7,STEP03YF_PERIOD_R2000,0.01,104,0.0,0.005,0.004963279640393976,-3.672035960602428e-05,flat,3.672035960602428e-05
7,STEP03YF_PERIOD_R2000,0.01,105,0.0,0.005,0.004963279640393976,-3.672035960602428e-05,flat,3.672035960602428e-05
7,STEP03YF_PERIOD_R2000,0.01,106,0.0,0.005,0.004963279640393976,-3.672035960602428e-05,flat,3.672035960602428e-05
7,STEP03YF_PERIOD_R2000,0.01,107,0.0,0.005,0.004963279640393976,-3.672035960602428e-05,flat,3.672035960602428e-05
7,STEP03YF_PERIOD_R2000,0.01,108,0.0,0.005,0.004963279640393976,-3.672035960602428e-05,flat,3.672035960602428e-05
7,STEP03YF_PERIOD_R2000,0.01,109,0.0,0.005,0.004963279640393976,-3.672035960602428e-05,flat,3.672035960602428e-05
7,STEP03YF_PERIOD_R2000,0.01,110,0.0,0.005,0.004963279640393976,-3.672035960602428e-05,flat,3.672035960602428e-05
7,STEP03YF_PERIOD_R2000,0.01,111,0.0,0.005,0.004963279640393976,-3.672035960602428e-05,flat,3.672035960602428e-05
7,STEP03YF_PERIOD_R2000,0.01,112,0.0,0.005,0.004963279640393976,-3.672035960602428e-05,flat,3.672035960602428e-05
7,STEP03YF_PERIOD_R2000,0.01,113,0.0,0.005,0.004963279640393976,-3.672035960602428e-05,flat,3.672035960602428e-05
7,STEP03YF_PERIOD_R2000,0.01,114,0.0,0.005,0.004963279640393976,-3.672035960602428e-05,flat,3.672035960602428e-05
7,STEP03YF_PERIOD_R2000,0.01,115,0.0,0.005,0.004963279640393976,-3.672035960602428e-05,flat,3.672035960602428e-05
7,STEP03YF_PERIOD_R2000,0.01,116,0.0,0.005,0.004963279640393976,-3.672035960602428e-05,flat,3.672035960602428e-05
7,STEP03YF_PERIOD_R2000,0.01,117,0.0,0.005,0.004963279640393976,-3.672035960602428e-05,flat,3.672035960602428e-05
7,STEP03YF_PERIOD_R2000,0.01,118,0.0,0.005,0.004963279640393976,-3.672035960602428e-05,flat,3.672035960602428e-05
7,STEP03YF_PERIOD_R2000,0.01,119,0.0,0.005,0.004963279640393976,-3.672035960602428e-05,flat,3.672035960602428e-05
7,STEP03YF_PERIOD_R2000,0.01,120,0.0,0.005,0.004963279640393976,-3.672035960602428e-05,flat,3.672035960602428e-05
7,STEP03YF_PERIOD_R2000,0.01,121,0.0,0.005,0.004963279640393976,-3.672035960602428e-05,flat,3.672035960602428e-05
7,STEP03YF_PERIOD_R2000,0.01,122,0.0,0.005,0.004963279640393976,-3.672035960602428e-05,flat,3.672035960602428e-05
7,STEP03YF_PERIOD_R2000,0.01,123,0.0,0.005,0.004963279640393976,-3.672035960602428e-05,flat,3.672035960602428e-05
7,STEP03YF_PERIOD_R2000,0.01,124,0.0,0.005,0.004963279640393976,-3.672035960602428e-05,flat,3.672035960602428e-05
7,STEP03YF_PERIOD_R2000,0.01,125,0.0,0.005,0.004963279640393976,-3.672035960602428e-05,flat,3.672035960602428e-05
7,STEP03YF_PERIOD_R2000,0.01,126,0.0,0.005,0.004963279640393976,-3.672035960602428e-05,flat,3.672035960602428e-05
7,STEP03YF_PERIOD_R2000,0.01,127,0.0,0.005,0.004963279640393976,-3.672035960602428e-05,flat,3.672035960602428e-05
7,STEP03YF_PERIOD_R2000,0.01,128,0.0,0.005,0.004963279640393976,-3.672035960602428e-05,flat,3.672035960602428e-05
7,STEP03YF_PERIOD_R2000,0.01,129,0.0,0.005,0.004963279640393976,-3.672035960602428e-05,flat,3.672035960602428e-05
7,STEP03YF_PERIOD_R2000,0.01,130,0.0,0.005,0.004963279640393976,-3.672035960602428e-05,flat,3.672035960602428e-05
7,STEP03YF_PERIOD_R2000,0.01,131,0.0,0.005,0.004963279640393976,-3.672035960602428e-05,flat,3.672035960602428e-05
7,STEP03YF_PERIOD_R2000,0.01,132,0.0,0.005,0.004963279640393976,-3.672035960602428e-05,flat,3.672035960602428e-05
7,STEP03YF_PERIOD_R2000,0.01,133,0.0,0.005,0.004963279640393976,-3.672035960602428e-05,flat,3.672035960602428e-05
7,STEP03YF_PERIOD_R2000,0.01,134,0.0,0.005,0.004963279640393976,-3.672035960602428e-05,flat,3.672035960602428e-05
7,STEP03YF_PERIOD_R2000,0.01,135,0.0,0.005,0.004963279640393976,-3.672035960602428e-05,flat,3.672035960602428e-05
7,STEP03YF_PERIOD_R2000,0.01,136,0.0,0.005,0.004963279640393976,-3.672035960602428e-05,flat,3.672035960602428e-05
7,STEP03YF_PERIOD_R2000,0.01,137,0.0,0.005,0.004963279640393976,-3.672035960602428e-05,flat,3.672035960602428e-05
7,STEP03YF_PERIOD_R2000,0.01,138,0.0,0.005,0.004963279640393976,-3.672035960602428e-05,flat,3.672035960602428e-05
7,STEP03YF_PERIOD_R2000,0.01,139,0.0,0.005,0.004963279640393976,-3.672035960602428e-05,flat,3.672035960602428e-05
7,STEP03YF_PERIOD_R2000,0.01,140,0.0,0.005,0.004963279640393976,-3.672035960602428e-05,flat,3.672035960602428e-05
7,STEP03YF_PERIOD_R2000,0.01,141,0.0,0.005,0.004963279640393976,-3.672035960602428e-05,flat,3.672035960602428e-05
7,STEP03YF_PERIOD_R2000,0.01,142,0.0,0.005,0.004963279640393976,-3.672035960602428e-05,flat,3.672035960602428e-05
7,STEP03YF_PERIOD_R2000,0.01,143,0.0,0.005,0.004963279640393976,-3.672035960602428e-05,flat,3.672035960602428e-05
7,STEP03YF_PERIOD_R2000,0.01,144,0.0,0.005,0.004963279640393976,-3.672035960602428e-05,flat,3.672035960602428e-05
7,STEP03YF_PERIOD_R2000,0.01,145,0.0,0.005,0.004963279640393976,-3.672035960602428e-05,flat,3.672035960602428e-05
7,STEP03YF_PERIOD_R2000,0.01,146,0.0,0.005,0.004963279640393976,-3.672035960602428e-05,flat,3.672035960602428e-05
7,STEP03YF_PERIOD_R2000,0.01,147,0.0,0.005,0.004963279640393976,-3.672035960602428e-05,flat,3.672035960602428e-05
7,STEP03YF_PERIOD_R2000,0.01,148,0.0,0.005,0.004963279640393976,-3.672035960602428e-05,flat,3.672035960602428e-05
7,STEP03YF_PERIOD_R2000,0.01,149,0.0,0.005,0.004963279640393976,-3.672035960602428e-05,flat,3.672035960602428e-05
7,STEP03YF_PERIOD_R2000,0.01,150,0.0,0.005,0.004963279640393976,-3.672035960602428e-05,flat,3.672035960602428e-05
7,STEP03YF_PERIOD_R2000,0.01,151,0.0,0.005,0.004963279640393976,-3.672035960602428e-05,flat,3.672035960602428e-05
7,STEP03YF_PERIOD_R2000,0.01,152,0.0,0.005,0.004963279640393976,-3.672035960602428e-05,flat,3.672035960602428e-05
7,STEP03YF_PERIOD_R2000,0.01,153,0.0,0.005,0.004963279640393976,-3.672035960602428e-05,flat,3.672035960602428e-05
7,STEP03YF_PERIOD_R2000,0.01,154,0.0,0.005,0.004963279640393976,-3.672035960602428e-05,flat,3.672035960602428e-05
7,STEP03YF_PERIOD_R2000,0.01,156,0.0,0.005,0.004963279640393976,-3.672035960602428e-05,flat,3.672035960602428e-05
7,STEP03YF_PERIOD_R2000,0.01,157,0.0,0.005,0.004963279640393976,-3.672035960602428e-05,flat,3.672035960602428e-05
7,STEP03YF_PERIOD_R2000,0.01,158,0.0,0.005,0.004963279640393976,-3.672035960602428e-05,flat,3.672035960602428e-05
7,STEP03YF_PERIOD_R2000,0.01,159,0.0,0.005,0.004963279640393976,-3.672035960602428e-05,flat,3.672035960602428e-05
7,STEP03YF_PERIOD_R2000,0.01,160,0.0,0.005,0.004963279640393976,-3.672035960602428e-05,flat,3.672035960602428e-05
7,STEP03YF_PERIOD_R2000,0.01,161,0.0,0.005,0.004963279640393976,-3.672035960602428e-05,flat,3.672035960602428e-05
7,STEP03YF_PERIOD_R2000,0.01,162,0.0,0.005,0.004963279640393976,-3.672035960602428e-05,flat,3.672035960602428e-05
7,STEP03YF_PERIOD_R2000,0.01,163,0.0,0.005,0.004963279640393976,-3.672035960602428e-05,flat,3.672035960602428e-05
7,STEP03YF_PERIOD_R2000,0.01,164,0.0,0.005,0.004963279640393976,-3.672035960602428e-05,flat,3.672035960602428e-05
7,STEP03YF_PERIOD_R2000,0.01,165,0.0,0.005,0.004963279640393976,-3.672035960602428e-05,flat,3.672035960602428e-05
7,STEP03YF_PERIOD_R2000,0.01,166,0.0,0.005,0.004963279640393976,-3.672035960602428e-05,flat,3.672035960602428e-05
7,STEP03YF_PERIOD_R2000,0.01,167,0.0,0.005,0.004963279640393976,-3.672035960602428e-05,flat,3.672035960602428e-05
7,STEP03YF_PERIOD_R2000,0.01,168,0.0,0.005,0.004963279640393976,-3.672035960602428e-05,flat,3.672035960602428e-05
7,STEP03YF_PERIOD_R2000,0.01,169,0.0,0.005,0.004963279640393976,-3.672035960602428e-05,flat,3.672035960602428e-05
7,STEP03YF_PERIOD_R2000,0.01,170,0.0,0.005,0.004963279640393976,-3.672035960602428e-05,flat,3.672035960602428e-05
7,STEP03YF_PERIOD_R2000,0.01,171,0.0,0.005,0.004963279640393976,-3.672035960602428e-05,flat,3.672035960602428e-05
7,STEP03YF_PERIOD_R2000,0.01,172,0.0,0.005,0.004963279640393976,-3.672035960602428e-05,flat,3.672035960602428e-05
7,STEP03YF_PERIOD_R2000,0.01,173,0.0,0.005,0.004963279640393976,-3.672035960602428e-05,flat,3.672035960602428e-05
7,STEP03YF_PERIOD_R2000,0.01,174,0.0,0.005,0.004963279640393976,-3.672035960602428e-05,flat,3.672035960602428e-05
7,STEP03YF_PERIOD_R2000,0.01,175,0.0,0.005,0.004963279640393976,-3.672035960602428e-05,flat,3.672035960602428e-05
7,STEP03YF_PERIOD_R2000,0.01,176,0.0,0.005,0.004963279640393976,-3.672035960602428e-05,flat,3.672035960602428e-05
7,STEP03YF_PERIOD_R2000,0.01,177,0.0,0.005,0.004963279640393976,-3.672035960602428e-05,flat,3.672035960602428e-05
7,STEP03YF_PERIOD_R2000,0.01,178,0.0,0.005,0.004963279640393976,-3.672035960602428e-05,flat,3.672035960602428e-05
7,STEP03YF_PERIOD_R2000,0.01,179,0.0,0.005,0.004963279640393976,-3.672035960602428e-05,flat,3.672035960602428e-05
7,STEP03YF_PERIOD_R2000,0.01,180,0.0,0.005,0.004963279640393976,-3.672035960602428e-05,flat,3.672035960602428e-05
7,STEP03YF_PERIOD_R2000,0.01,181,0.0,0.005,0.004963279640393976,-3.672035960602428e-05,flat,3.672035960602428e-05
7,STEP03YF_PERIOD_R2000,0.01,182,0.0,0.005,0.004963279640393976,-3.672035960602428e-05,flat,3.672035960602428e-05
7,STEP03YF_PERIOD_R2000,0.01,183,0.0,0.005,0.004963279640393976,-3.672035960602428e-05,flat,3.672035960602428e-05
7,STEP03YF_PERIOD_R2000,0.01,184,0.0,0.005,0.004963279640393976,-3.672035960602428e-05,flat,3.672035960602428e-05
7,STEP03YF_PERIOD_R2000,0.01,185,0.0,0.005,0.004963279640393976,-3.672035960602428e-05,flat,3.672035960602428e-05
7,STEP03YF_PERIOD_R2000,0.01,186,0.0,0.005,0.004963279640393976,-3.672035960602428e-05,flat,3.672035960602428e-05
7,STEP03YF_PERIOD_R2000,0.01,187,0.0,0.005,0.004963279640393976,-3.672035960602428e-05,flat,3.672035960602428e-05
7,STEP03YF_PERIOD_R2000,0.01,188,0.0,0.005,0.004963279640393976,-3.672035960602428e-05,flat,3.672035960602428e-05
7,STEP03YF_PERIOD_R2000,0.01,189,0.0,0.005,0.004963279640393976,-3.672035960602428e-05,flat,3.672035960602428e-05
7,STEP03YF_PERIOD_R2000,0.01,190,0.0,0.005,0.004963279640393976,-3.672035960602428e-05,flat,3.672035960602428e-05
7,STEP03YF_PERIOD_R2000,0.01,191,0.0,0.005,0.004963279640393976,-3.672035960602428e-05,flat,3.672035960602428e-05
7,STEP03YF_PERIOD_R2000,0.01,192,0.0,0.005,0.004963279640393976,-3.672035960602428e-05,flat,3.672035960602428e-05
7,STEP03YF_PERIOD_R2000,0.01,193,0.0,0.005,0.004963279640393976,-3.672035960602428e-05,flat,3.672035960602428e-05
7,STEP03YF_PERIOD_R2000,0.01,194,0.0,0.005,0.004963279640393976,-3.672035960602428e-05,flat,3.672035960602428e-05
7,STEP03YF_PERIOD_R2000,0.01,195,0.0,0.005,0.004963279640393976,-3.672035960602428e-05,flat,3.672035960602428e-05
7,STEP03YF_PERIOD_R2000,0.01,196,0.0,0.005,0.004963279640393976,-3.672035960602428e-05,flat,3.672035960602428e-05
7,STEP03YF_PERIOD_R2000,0.01,197,0.0,0.005,0.004963279640393976,-3.672035960602428e-05,flat,3.672035960602428e-05
7,STEP03YF_PERIOD_R2000,0.01,198,0.0,0.005,0.004963279640393976,-3.672035960602428e-05,flat,3.672035960602428e-05
7,STEP03YF_PERIOD_R2000,0.01,199,0.0,0.005,0.004963279640393976,-3.672035960602428e-05,flat,3.672035960602428e-05
7,STEP03YF_PERIOD_R2000,0.01,200,0.0,0.005,0.004963279640393976,-3.672035960602428e-05,flat,3.672035960602428e-05
7,STEP03YF_PERIOD_R2000,0.05,155,23530.5172489881,0.005,0.02076130596922981,0.01576130596922981,flat,0.01576130596922981
7,STEP03YF_PERIOD_R2000,0.05,35,859.078049623756,0.005,0.005496319637756968,0.0004963196377569682,flat,0.0004963196377569682
7,STEP03YF_PERIOD_R2000,0.05,1,0.0,0.005,0.004917890779762692,-8.21092202373079e-05,flat,8.21092202373079e-05
7,STEP03YF_PERIOD_R2000,0.05,2,0.0,0.005,0.004917890779762692,-8.21092202373079e-05,flat,8.21092202373079e-05
7,STEP03YF_PERIOD_R2000,0.05,3,0.0,0.005,0.004917890779762692,-8.21092202373079e-05,flat,8.21092202373079e-05
7,STEP03YF_PERIOD_R2000,0.05,4,0.0,0.005,0.004917890779762692,-8.21092202373079e-05,flat,8.21092202373079e-05
7,STEP03YF_PERIOD_R2000,0.05,5,0.0,0.005,0.004917890779762692,-8.21092202373079e-05,flat,8.21092202373079e-05
7,STEP03YF_PERIOD_R2000,0.05,6,0.0,0.005,0.004917890779762692,-8.21092202373079e-05,flat,8.21092202373079e-05
7,STEP03YF_PERIOD_R2000,0.05,7,0.0,0.005,0.004917890779762692,-8.21092202373079e-05,flat,8.21092202373079e-05
7,STEP03YF_PERIOD_R2000,0.05,8,0.0,0.005,0.004917890779762692,-8.21092202373079e-05,flat,8.21092202373079e-05
7,STEP03YF_PERIOD_R2000,0.05,9,0.0,0.005,0.004917890779762692,-8.21092202373079e-05,flat,8.21092202373079e-05
7,STEP03YF_PERIOD_R2000,0.05,10,0.0,0.005,0.004917890779762692,-8.21092202373079e-05,flat,8.21092202373079e-05
7,STEP03YF_PERIOD_R2000,0.05,11,0.0,0.005,0.004917890779762692,-8.21092202373079e-05,flat,8.21092202373079e-05
7,STEP03YF_PERIOD_R2000,0.05,12,0.0,0.005,0.004917890779762692,-8.21092202373079e-05,flat,8.21092202373079e-05
7,STEP03YF_PERIOD_R2000,0.05,13,0.0,0.005,0.004917890779762692,-8.21092202373079e-05,flat,8.21092202373079e-05
7,STEP03YF_PERIOD_R2000,0.05,14,0.0,0.005,0.004917890779762692,-8.21092202373079e-05,flat,8.21092202373079e-05
7,STEP03YF_PERIOD_R2000,0.05,15,0.0,0.005,0.004917890779762692,-8.21092202373079e-05,flat,8.21092202373079e-05
7,STEP03YF_PERIOD_R2000,0.05,16,0.0,0.005,0.004917890779762692,-8.21092202373079e-05,flat,8.21092202373079e-05
7,STEP03YF_PERIOD_R2000,0.05,17,0.0,0.005,0.004917890779762692,-8.21092202373079e-05,flat,8.21092202373079e-05
7,STEP03YF_PERIOD_R2000,0.05,18,0.0,0.005,0.004917890779762692,-8.21092202373079e-05,flat,8.21092202373079e-05
7,STEP03YF_PERIOD_R2000,0.05,19,0.0,0.005,0.004917890779762692,-8.21092202373079e-05,flat,8.21092202373079e-05
7,STEP03YF_PERIOD_R2000,0.05,20,0.0,0.005,0.004917890779762692,-8.21092202373079e-05,flat,8.21092202373079e-05
7,STEP03YF_PERIOD_R2000,0.05,21,0.0,0.005,0.004917890779762692,-8.21092202373079e-05,flat,8.21092202373079e-05
7,STEP03YF_PERIOD_R2000,0.05,22,0.0,0.005,0.004917890779762692,-8.21092202373079e-05,flat,8.21092202373079e-05
7,STEP03YF_PERIOD_R2000,0.05,23,0.0,0.005,0.004917890779762692,-8.21092202373079e-05,flat,8.21092202373079e-05
7,STEP03YF_PERIOD_R2000,0.05,24,0.0,0.005,0.004917890779762692,-8.21092202373079e-05,flat,8.21092202373079e-05
7,STEP03YF_PERIOD_R2000,0.05,25,0.0,0.005,0.004917890779762692,-8.21092202373079e-05,flat,8.21092202373079e-05
7,STEP03YF_PERIOD_R2000,0.05,26,0.0,0.005,0.004917890779762692,-8.21092202373079e-05,flat,8.21092202373079e-05
7,STEP03YF_PERIOD_R2000,0.05,27,0.0,0.005,0.004917890779762692,-8.21092202373079e-05,flat,8.21092202373079e-05
7,STEP03YF_PERIOD_R2000,0.05,28,0.0,0.005,0.004917890779762692,-8.21092202373079e-05,flat,8.21092202373079e-05
7,STEP03YF_PERIOD_R2000,0.05,29,0.0,0.005,0.004917890779762692,-8.21092202373079e-05,flat,8.21092202373079e-05
7,STEP03YF_PERIOD_R2000,0.05,30,0.0,0.005,0.004917890779762692,-8.21092202373079e-05,flat,8.21092202373079e-05
7,STEP03YF_PERIOD_R2000,0.05,31,0.0,0.005,0.004917890779762692,-8.21092202373079e-05,flat,8.21092202373079e-05
7,STEP03YF_PERIOD_R2000,0.05,32,0.0,0.005,0.004917890779762692,-8.21092202373079e-05,flat,8.21092202373079e-05
7,STEP03YF_PERIOD_R2000,0.05,33,0.0,0.005,0.004917890779762692,-8.21092202373079e-05,flat,8.21092202373079e-05
7,STEP03YF_PERIOD_R2000,0.05,34,0.0,0.005,0.004917890779762692,-8.21092202373079e-05,flat,8.21092202373079e-05
7,STEP03YF_PERIOD_R2000,0.05,36,0.0,0.005,0.004917890779762692,-8.21092202373079e-05,flat,8.21092202373079e-05
7,STEP03YF_PERIOD_R2000,0.05,37,0.0,0.005,0.004917890779762692,-8.21092202373079e-05,flat,8.21092202373079e-05
7,STEP03YF_PERIOD_R2000,0.05,38,0.0,0.005,0.004917890779762692,-8.21092202373079e-05,flat,8.21092202373079e-05
7,STEP03YF_PERIOD_R2000,0.05,39,0.0,0.005,0.004917890779762692,-8.21092202373079e-05,flat,8.21092202373079e-05
7,STEP03YF_PERIOD_R2000,0.05,40,0.0,0.005,0.004917890779762692,-8.21092202373079e-05,flat,8.21092202373079e-05
7,STEP03YF_PERIOD_R2000,0.05,41,0.0,0.005,0.004917890779762692,-8.21092202373079e-05,flat,8.21092202373079e-05
7,STEP03YF_PERIOD_R2000,0.05,42,0.0,0.005,0.004917890779762692,-8.21092202373079e-05,flat,8.21092202373079e-05
7,STEP03YF_PERIOD_R2000,0.05,43,0.0,0.005,0.004917890779762692,-8.21092202373079e-05,flat,8.21092202373079e-05
7,STEP03YF_PERIOD_R2000,0.05,44,0.0,0.005,0.004917890779762692,-8.21092202373079e-05,flat,8.21092202373079e-05
7,STEP03YF_PERIOD_R2000,0.05,45,0.0,0.005,0.004917890779762692,-8.21092202373079e-05,flat,8.21092202373079e-05
7,STEP03YF_PERIOD_R2000,0.05,46,0.0,0.005,0.004917890779762692,-8.21092202373079e-05,flat,8.21092202373079e-05
7,STEP03YF_PERIOD_R2000,0.05,47,0.0,0.005,0.004917890779762692,-8.21092202373079e-05,flat,8.21092202373079e-05
7,STEP03YF_PERIOD_R2000,0.05,48,0.0,0.005,0.004917890779762692,-8.21092202373079e-05,flat,8.21092202373079e-05
7,STEP03YF_PERIOD_R2000,0.05,49,0.0,0.005,0.004917890779762692,-8.21092202373079e-05,flat,8.21092202373079e-05
7,STEP03YF_PERIOD_R2000,0.05,50,0.0,0.005,0.004917890779762692,-8.21092202373079e-05,flat,8.21092202373079e-05
7,STEP03YF_PERIOD_R2000,0.05,51,0.0,0.005,0.004917890779762692,-8.21092202373079e-05,flat,8.21092202373079e-05
7,STEP03YF_PERIOD_R2000,0.05,52,0.0,0.005,0.004917890779762692,-8.21092202373079e-05,flat,8.21092202373079e-05
7,STEP03YF_PERIOD_R2000,0.05,53,0.0,0.005,0.004917890779762692,-8.21092202373079e-05,flat,8.21092202373079e-05
7,STEP03YF_PERIOD_R2000,0.05,54,0.0,0.005,0.004917890779762692,-8.21092202373079e-05,flat,8.21092202373079e-05
7,STEP03YF_PERIOD_R2000,0.05,55,0.0,0.005,0.004917890779762692,-8.21092202373079e-05,flat,8.21092202373079e-05
7,STEP03YF_PERIOD_R2000,0.05,56,0.0,0.005,0.004917890779762692,-8.21092202373079e-05,flat,8.21092202373079e-05
7,STEP03YF_PERIOD_R2000,0.05,57,0.0,0.005,0.004917890779762692,-8.21092202373079e-05,flat,8.21092202373079e-05
7,STEP03YF_PERIOD_R2000,0.05,58,0.0,0.005,0.004917890779762692,-8.21092202373079e-05,flat,8.21092202373079e-05
7,STEP03YF_PERIOD_R2000,0.05,59,0.0,0.005,0.004917890779762692,-8.21092202373079e-05,flat,8.21092202373079e-05
7,STEP03YF_PERIOD_R2000,0.05,60,0.0,0.005,0.004917890779762692,-8.21092202373079e-05,flat,8.21092202373079e-05
7,STEP03YF_PERIOD_R2000,0.05,61,0.0,0.005,0.004917890779762692,-8.21092202373079e-05,flat,8.21092202373079e-05
7,STEP03YF_PERIOD_R2000,0.05,62,0.0,0.005,0.004917890779762692,-8.21092202373079e-05,flat,8.21092202373079e-05
7,STEP03YF_PERIOD_R2000,0.05,63,0.0,0.005,0.004917890779762692,-8.21092202373079e-05,flat,8.21092202373079e-05
7,STEP03YF_PERIOD_R2000,0.05,64,0.0,0.005,0.004917890779762692,-8.21092202373079e-05,flat,8.21092202373079e-05
7,STEP03YF_PERIOD_R2000,0.05,65,0.0,0.005,0.004917890779762692,-8.21092202373079e-05,flat,8.21092202373079e-05
7,STEP03YF_PERIOD_R2000,0.05,66,0.0,0.005,0.004917890779762692,-8.21092202373079e-05,flat,8.21092202373079e-05
7,STEP03YF_PERIOD_R2000,0.05,67,0.0,0.005,0.004917890779762692,-8.21092202373079e-05,flat,8.21092202373079e-05
7,STEP03YF_PERIOD_R2000,0.05,68,0.0,0.005,0.004917890779762692,-8.21092202373079e-05,flat,8.21092202373079e-05
7,STEP03YF_PERIOD_R2000,0.05,69,0.0,0.005,0.004917890779762692,-8.21092202373079e-05,flat,8.21092202373079e-05
7,STEP03YF_PERIOD_R2000,0.05,70,0.0,0.005,0.004917890779762692,-8.21092202373079e-05,flat,8.21092202373079e-05
7,STEP03YF_PERIOD_R2000,0.05,71,0.0,0.005,0.004917890779762692,-8.21092202373079e-05,flat,8.21092202373079e-05
7,STEP03YF_PERIOD_R2000,0.05,72,0.0,0.005,0.004917890779762692,-8.21092202373079e-05,flat,8.21092202373079e-05
7,STEP03YF_PERIOD_R2000,0.05,73,0.0,0.005,0.004917890779762692,-8.21092202373079e-05,flat,8.21092202373079e-05
7,STEP03YF_PERIOD_R2000,0.05,74,0.0,0.005,0.004917890779762692,-8.21092202373079e-05,flat,8.21092202373079e-05
7,STEP03YF_PERIOD_R2000,0.05,75,0.0,0.005,0.004917890779762692,-8.21092202373079e-05,flat,8.21092202373079e-05
7,STEP03YF_PERIOD_R2000,0.05,76,0.0,0.005,0.004917890779762692,-8.21092202373079e-05,flat,8.21092202373079e-05
7,STEP03YF_PERIOD_R2000,0.05,77,0.0,0.005,0.004917890779762692,-8.21092202373079e-05,flat,8.21092202373079e-05
7,STEP03YF_PERIOD_R2000,0.05,78,0.0,0.005,0.004917890779762692,-8.21092202373079e-05,flat,8.21092202373079e-05
7,STEP03YF_PERIOD_R2000,0.05,79,0.0,0.005,0.004917890779762692,-8.21092202373079e-05,flat,8.21092202373079e-05
7,STEP03YF_PERIOD_R2000,0.05,80,0.0,0.005,0.004917890779762692,-8.21092202373079e-05,flat,8.21092202373079e-05
7,STEP03YF_PERIOD_R2000,0.05,81,0.0,0.005,0.004917890779762692,-8.21092202373079e-05,flat,8.21092202373079e-05
7,STEP03YF_PERIOD_R2000,0.05,82,0.0,0.005,0.004917890779762692,-8.21092202373079e-05,flat,8.21092202373079e-05
7,STEP03YF_PERIOD_R2000,0.05,83,0.0,0.005,0.004917890779762692,-8.21092202373079e-05,flat,8.21092202373079e-05
7,STEP03YF_PERIOD_R2000,0.05,84,0.0,0.005,0.004917890779762692,-8.21092202373079e-05,flat,8.21092202373079e-05
7,STEP03YF_PERIOD_R2000,0.05,85,0.0,0.005,0.004917890779762692,-8.21092202373079e-05,flat,8.21092202373079e-05
7,STEP03YF_PERIOD_R2000,0.05,86,0.0,0.005,0.004917890779762692,-8.21092202373079e-05,flat,8.21092202373079e-05
7,STEP03YF_PERIOD_R2000,0.05,87,0.0,0.005,0.004917890779762692,-8.21092202373079e-05,flat,8.21092202373079e-05
7,STEP03YF_PERIOD_R2000,0.05,88,0.0,0.005,0.004917890779762692,-8.21092202373079e-05,flat,8.21092202373079e-05
7,STEP03YF_PERIOD_R2000,0.05,89,0.0,0.005,0.004917890779762692,-8.21092202373079e-05,flat,8.21092202373079e-05
7,STEP03YF_PERIOD_R2000,0.05,90,0.0,0.005,0.004917890779762692,-8.21092202373079e-05,flat,8.21092202373079e-05
7,STEP03YF_PERIOD_R2000,0.05,91,0.0,0.005,0.004917890779762692,-8.21092202373079e-05,flat,8.21092202373079e-05
7,STEP03YF_PERIOD_R2000,0.05,92,0.0,0.005,0.004917890779762692,-8.21092202373079e-05,flat,8.21092202373079e-05
7,STEP03YF_PERIOD_R2000,0.05,93,0.0,0.005,0.004917890779762692,-8.21092202373079e-05,flat,8.21092202373079e-05
7,STEP03YF_PERIOD_R2000,0.05,94,0.0,0.005,0.004917890779762692,-8.21092202373079e-05,flat,8.21092202373079e-05
7,STEP03YF_PERIOD_R2000,0.05,95,0.0,0.005,0.004917890779762692,-8.21092202373079e-05,flat,8.21092202373079e-05
7,STEP03YF_PERIOD_R2000,0.05,96,0.0,0.005,0.004917890779762692,-8.21092202373079e-05,flat,8.21092202373079e-05
7,STEP03YF_PERIOD_R2000,0.05,97,0.0,0.005,0.004917890779762692,-8.21092202373079e-05,flat,8.21092202373079e-05
7,STEP03YF_PERIOD_R2000,0.05,98,0.0,0.005,0.004917890779762692,-8.21092202373079e-05,flat,8.21092202373079e-05
7,STEP03YF_PERIOD_R2000,0.05,99,0.0,0.005,0.004917890779762692,-8.21092202373079e-05,flat,8.21092202373079e-05
7,STEP03YF_PERIOD_R2000,0.05,100,0.0,0.005,0.004917890779762692,-8.21092202373079e-05,flat,8.21092202373079e-05
7,STEP03YF_PERIOD_R2000,0.05,101,0.0,0.005,0.004917890779762692,-8.21092202373079e-05,flat,8.21092202373079e-05
7,STEP03YF_PERIOD_R2000,0.05,102,0.0,0.005,0.004917890779762692,-8.21092202373079e-05,flat,8.21092202373079e-05
7,STEP03YF_PERIOD_R2000,0.05,103,0.0,0.005,0.004917890779762692,-8.21092202373079e-05,flat,8.21092202373079e-05
7,STEP03YF_PERIOD_R2000,0.05,104,0.0,0.005,0.004917890779762692,-8.21092202373079e-05,flat,8.21092202373079e-05
7,STEP03YF_PERIOD_R2000,0.05,105,0.0,0.005,0.004917890779762692,-8.21092202373079e-05,flat,8.21092202373079e-05
7,STEP03YF_PERIOD_R2000,0.05,106,0.0,0.005,0.004917890779762692,-8.21092202373079e-05,flat,8.21092202373079e-05
7,STEP03YF_PERIOD_R2000,0.05,107,0.0,0.005,0.004917890779762692,-8.21092202373079e-05,flat,8.21092202373079e-05
7,STEP03YF_PERIOD_R2000,0.05,108,0.0,0.005,0.004917890779762692,-8.21092202373079e-05,flat,8.21092202373079e-05
7,STEP03YF_PERIOD_R2000,0.05,109,0.0,0.005,0.004917890779762692,-8.21092202373079e-05,flat,8.21092202373079e-05
7,STEP03YF_PERIOD_R2000,0.05,110,0.0,0.005,0.004917890779762692,-8.21092202373079e-05,flat,8.21092202373079e-05
7,STEP03YF_PERIOD_R2000,0.05,111,0.0,0.005,0.004917890779762692,-8.21092202373079e-05,flat,8.21092202373079e-05
7,STEP03YF_PERIOD_R2000,0.05,112,0.0,0.005,0.004917890779762692,-8.21092202373079e-05,flat,8.21092202373079e-05
7,STEP03YF_PERIOD_R2000,0.05,113,0.0,0.005,0.004917890779762692,-8.21092202373079e-05,flat,8.21092202373079e-05
7,STEP03YF_PERIOD_R2000,0.05,114,0.0,0.005,0.004917890779762692,-8.21092202373079e-05,flat,8.21092202373079e-05
7,STEP03YF_PERIOD_R2000,0.05,115,0.0,0.005,0.004917890779762692,-8.21092202373079e-05,flat,8.21092202373079e-05
7,STEP03YF_PERIOD_R2000,0.05,116,0.0,0.005,0.004917890779762692,-8.21092202373079e-05,flat,8.21092202373079e-05
7,STEP03YF_PERIOD_R2000,0.05,117,0.0,0.005,0.004917890779762692,-8.21092202373079e-05,flat,8.21092202373079e-05
7,STEP03YF_PERIOD_R2000,0.05,118,0.0,0.005,0.004917890779762692,-8.21092202373079e-05,flat,8.21092202373079e-05
7,STEP03YF_PERIOD_R2000,0.05,119,0.0,0.005,0.004917890779762692,-8.21092202373079e-05,flat,8.21092202373079e-05
7,STEP03YF_PERIOD_R2000,0.05,120,0.0,0.005,0.004917890779762692,-8.21092202373079e-05,flat,8.21092202373079e-05
7,STEP03YF_PERIOD_R2000,0.05,121,0.0,0.005,0.004917890779762692,-8.21092202373079e-05,flat,8.21092202373079e-05
7,STEP03YF_PERIOD_R2000,0.05,122,0.0,0.005,0.004917890779762692,-8.21092202373079e-05,flat,8.21092202373079e-05
7,STEP03YF_PERIOD_R2000,0.05,123,0.0,0.005,0.004917890779762692,-8.21092202373079e-05,flat,8.21092202373079e-05
7,STEP03YF_PERIOD_R2000,0.05,124,0.0,0.005,0.004917890779762692,-8.21092202373079e-05,flat,8.21092202373079e-05
7,STEP03YF_PERIOD_R2000,0.05,125,0.0,0.005,0.004917890779762692,-8.21092202373079e-05,flat,8.21092202373079e-05
7,STEP03YF_PERIOD_R2000,0.05,126,0.0,0.005,0.004917890779762692,-8.21092202373079e-05,flat,8.21092202373079e-05
7,STEP03YF_PERIOD_R2000,0.05,127,0.0,0.005,0.004917890779762692,-8.21092202373079e-05,flat,8.21092202373079e-05
7,STEP03YF_PERIOD_R2000,0.05,128,0.0,0.005,0.004917890779762692,-8.21092202373079e-05,flat,8.21092202373079e-05
7,STEP03YF_PERIOD_R2000,0.05,129,0.0,0.005,0.004917890779762692,-8.21092202373079e-05,flat,8.21092202373079e-05
7,STEP03YF_PERIOD_R2000,0.05,130,0.0,0.005,0.004917890779762692,-8.21092202373079e-05,flat,8.21092202373079e-05
7,STEP03YF_PERIOD_R2000,0.05,131,0.0,0.005,0.004917890779762692,-8.21092202373079e-05,flat,8.21092202373079e-05
7,STEP03YF_PERIOD_R2000,0.05,132,0.0,0.005,0.004917890779762692,-8.21092202373079e-05,flat,8.21092202373079e-05
7,STEP03YF_PERIOD_R2000,0.05,133,0.0,0.005,0.004917890779762692,-8.21092202373079e-05,flat,8.21092202373079e-05
7,STEP03YF_PERIOD_R2000,0.05,134,0.0,0.005,0.004917890779762692,-8.21092202373079e-05,flat,8.21092202373079e-05
7,STEP03YF_PERIOD_R2000,0.05,135,0.0,0.005,0.004917890779762692,-8.21092202373079e-05,flat,8.21092202373079e-05
7,STEP03YF_PERIOD_R2000,0.05,136,0.0,0.005,0.004917890779762692,-8.21092202373079e-05,flat,8.21092202373079e-05
7,STEP03YF_PERIOD_R2000,0.05,137,0.0,0.005,0.004917890779762692,-8.21092202373079e-05,flat,8.21092202373079e-05
7,STEP03YF_PERIOD_R2000,0.05,138,0.0,0.005,0.004917890779762692,-8.21092202373079e-05,flat,8.21092202373079e-05
7,STEP03YF_PERIOD_R2000,0.05,139,0.0,0.005,0.004917890779762692,-8.21092202373079e-05,flat,8.21092202373079e-05
7,STEP03YF_PERIOD_R2000,0.05,140,0.0,0.005,0.004917890779762692,-8.21092202373079e-05,flat,8.21092202373079e-05
7,STEP03YF_PERIOD_R2000,0.05,141,0.0,0.005,0.004917890779762692,-8.21092202373079e-05,flat,8.21092202373079e-05
7,STEP03YF_PERIOD_R2000,0.05,142,0.0,0.005,0.004917890779762692,-8.21092202373079e-05,flat,8.21092202373079e-05
7,STEP03YF_PERIOD_R2000,0.05,143,0.0,0.005,0.004917890779762692,-8.21092202373079e-05,flat,8.21092202373079e-05
7,STEP03YF_PERIOD_R2000,0.05,144,0.0,0.005,0.004917890779762692,-8.21092202373079e-05,flat,8.21092202373079e-05
7,STEP03YF_PERIOD_R2000,0.05,145,0.0,0.005,0.004917890779762692,-8.21092202373079e-05,flat,8.21092202373079e-05
7,STEP03YF_PERIOD_R2000,0.05,146,0.0,0.005,0.004917890779762692,-8.21092202373079e-05,flat,8.21092202373079e-05
7,STEP03YF_PERIOD_R2000,0.05,147,0.0,0.005,0.004917890779762692,-8.21092202373079e-05,flat,8.21092202373079e-05
7,STEP03YF_PERIOD_R2000,0.05,148,0.0,0.005,0.004917890779762692,-8.21092202373079e-05,flat,8.21092202373079e-05
7,STEP03YF_PERIOD_R2000,0.05,149,0.0,0.005,0.004917890779762692,-8.21092202373079e-05,flat,8.21092202373079e-05
7,STEP03YF_PERIOD_R2000,0.05,150,0.0,0.005,0.004917890779762692,-8.21092202373079e-05,flat,8.21092202373079e-05
7,STEP03YF_PERIOD_R2000,0.05,151,0.0,0.005,0.004917890779762692,-8.21092202373079e-05,flat,8.21092202373079e-05
7,STEP03YF_PERIOD_R2000,0.05,152,0.0,0.005,0.004917890779762692,-8.21092202373079e-05,flat,8.21092202373079e-05
7,STEP03YF_PERIOD_R2000,0.05,153,0.0,0.005,0.004917890779762692,-8.21092202373079e-05,flat,8.21092202373079e-05
7,STEP03YF_PERIOD_R2000,0.05,154,0.0,0.005,0.004917890779762692,-8.21092202373079e-05,flat,8.21092202373079e-05
7,STEP03YF_PERIOD_R2000,0.05,156,0.0,0.005,0.004917890779762692,-8.21092202373079e-05,flat,8.21092202373079e-05
7,STEP03YF_PERIOD_R2000,0.05,157,0.0,0.005,0.004917890779762692,-8.21092202373079e-05,flat,8.21092202373079e-05
7,STEP03YF_PERIOD_R2000,0.05,158,0.0,0.005,0.004917890779762692,-8.21092202373079e-05,flat,8.21092202373079e-05
7,STEP03YF_PERIOD_R2000,0.05,159,0.0,0.005,0.004917890779762692,-8.21092202373079e-05,flat,8.21092202373079e-05
7,STEP03YF_PERIOD_R2000,0.05,160,0.0,0.005,0.004917890779762692,-8.21092202373079e-05,flat,8.21092202373079e-05
7,STEP03YF_PERIOD_R2000,0.05,161,0.0,0.005,0.004917890779762692,-8.21092202373079e-05,flat,8.21092202373079e-05
7,STEP03YF_PERIOD_R2000,0.05,162,0.0,0.005,0.004917890779762692,-8.21092202373079e-05,flat,8.21092202373079e-05
7,STEP03YF_PERIOD_R2000,0.05,163,0.0,0.005,0.004917890779762692,-8.21092202373079e-05,flat,8.21092202373079e-05
7,STEP03YF_PERIOD_R2000,0.05,164,0.0,0.005,0.004917890779762692,-8.21092202373079e-05,flat,8.21092202373079e-05
7,STEP03YF_PERIOD_R2000,0.05,165,0.0,0.005,0.004917890779762692,-8.21092202373079e-05,flat,8.21092202373079e-05
7,STEP03YF_PERIOD_R2000,0.05,166,0.0,0.005,0.004917890779762692,-8.21092202373079e-05,flat,8.21092202373079e-05
7,STEP03YF_PERIOD_R2000,0.05,167,0.0,0.005,0.004917890779762692,-8.21092202373079e-05,flat,8.21092202373079e-05
7,STEP03YF_PERIOD_R2000,0.05,168,0.0,0.005,0.004917890779762692,-8.21092202373079e-05,flat,8.21092202373079e-05
7,STEP03YF_PERIOD_R2000,0.05,169,0.0,0.005,0.004917890779762692,-8.21092202373079e-05,flat,8.21092202373079e-05
7,STEP03YF_PERIOD_R2000,0.05,170,0.0,0.005,0.004917890779762692,-8.21092202373079e-05,flat,8.21092202373079e-05
7,STEP03YF_PERIOD_R2000,0.05,171,0.0,0.005,0.004917890779762692,-8.21092202373079e-05,flat,8.21092202373079e-05
7,STEP03YF_PERIOD_R2000,0.05,172,0.0,0.005,0.004917890779762692,-8.21092202373079e-05,flat,8.21092202373079e-05
7,STEP03YF_PERIOD_R2000,0.05,173,0.0,0.005,0.004917890779762692,-8.21092202373079e-05,flat,8.21092202373079e-05
7,STEP03YF_PERIOD_R2000,0.05,174,0.0,0.005,0.004917890779762692,-8.21092202373079e-05,flat,8.21092202373079e-05
7,STEP03YF_PERIOD_R2000,0.05,175,0.0,0.005,0.004917890779762692,-8.21092202373079e-05,flat,8.21092202373079e-05
7,STEP03YF_PERIOD_R2000,0.05,176,0.0,0.005,0.004917890779762692,-8.21092202373079e-05,flat,8.21092202373079e-05
7,STEP03YF_PERIOD_R2000,0.05,177,0.0,0.005,0.004917890779762692,-8.21092202373079e-05,flat,8.21092202373079e-05
7,STEP03YF_PERIOD_R2000,0.05,178,0.0,0.005,0.004917890779762692,-8.21092202373079e-05,flat,8.21092202373079e-05
7,STEP03YF_PERIOD_R2000,0.05,179,0.0,0.005,0.004917890779762692,-8.21092202373079e-05,flat,8.21092202373079e-05
7,STEP03YF_PERIOD_R2000,0.05,180,0.0,0.005,0.004917890779762692,-8.21092202373079e-05,flat,8.21092202373079e-05
7,STEP03YF_PERIOD_R2000,0.05,181,0.0,0.005,0.004917890779762692,-8.21092202373079e-05,flat,8.21092202373079e-05
7,STEP03YF_PERIOD_R2000,0.05,182,0.0,0.005,0.004917890779762692,-8.21092202373079e-05,flat,8.21092202373079e-05
7,STEP03YF_PERIOD_R2000,0.05,183,0.0,0.005,0.004917890779762692,-8.21092202373079e-05,flat,8.21092202373079e-05
7,STEP03YF_PERIOD_R2000,0.05,184,0.0,0.005,0.004917890779762692,-8.21092202373079e-05,flat,8.21092202373079e-05
7,STEP03YF_PERIOD_R2000,0.05,185,0.0,0.005,0.004917890779762692,-8.21092202373079e-05,flat,8.21092202373079e-05
7,STEP03YF_PERIOD_R2000,0.05,186,0.0,0.005,0.004917890779762692,-8.21092202373079e-05,flat,8.21092202373079e-05
7,STEP03YF_PERIOD_R2000,0.05,187,0.0,0.005,0.004917890779762692,-8.21092202373079e-05,flat,8.21092202373079e-05
7,STEP03YF_PERIOD_R2000,0.05,188,0.0,0.005,0.004917890779762692,-8.21092202373079e-05,flat,8.21092202373079e-05
7,STEP03YF_PERIOD_R2000,0.05,189,0.0,0.005,0.004917890779762692,-8.21092202373079e-05,flat,8.21092202373079e-05
7,STEP03YF_PERIOD_R2000,0.05,190,0.0,0.005,0.004917890779762692,-8.21092202373079e-05,flat,8.21092202373079e-05
7,STEP03YF_PERIOD_R2000,0.05,191,0.0,0.005,0.004917890779762692,-8.21092202373079e-05,flat,8.21092202373079e-05
7,STEP03YF_PERIOD_R2000,0.05,192,0.0,0.005,0.004917890779762692,-8.21092202373079e-05,flat,8.21092202373079e-05
7,STEP03YF_PERIOD_R2000,0.05,193,0.0,0.005,0.004917890779762692,-8.21092202373079e-05,flat,8.21092202373079e-05
7,STEP03YF_PERIOD_R2000,0.05,194,0.0,0.005,0.004917890779762692,-8.21092202373079e-05,flat,8.21092202373079e-05
7,STEP03YF_PERIOD_R2000,0.05,195,0.0,0.005,0.004917890779762692,-8.21092202373079e-05,flat,8.21092202373079e-05
7,STEP03YF_PERIOD_R2000,0.05,196,0.0,0.005,0.004917890779762692,-8.21092202373079e-05,flat,8.21092202373079e-05
7,STEP03YF_PERIOD_R2000,0.05,197,0.0,0.005,0.004917890779762692,-8.21092202373079e-05,flat,8.21092202373079e-05
7,STEP03YF_PERIOD_R2000,0.05,198,0.0,0.005,0.004917890779762692,-8.21092202373079e-05,flat,8.21092202373079e-05
7,STEP03YF_PERIOD_R2000,0.05,199,0.0,0.005,0.004917890779762692,-8.21092202373079e-05,flat,8.21092202373079e-05
7,STEP03YF_PERIOD_R2000,0.05,200,0.0,0.005,0.004917890779762692,-8.21092202373079e-05,flat,8.21092202373079e-05
7,STEP03YF_PERIOD_R2000,0.1,155,23530.5172489881,0.005,0.027289852662396787,0.022289852662396786,flat,0.022289852662396786
7,STEP03YF_PERIOD_R2000,0.1,35,859.078049623756,0.005,0.005701901962988008,0.0007019019629880075,flat,0.0007019019629880075
7,STEP03YF_PERIOD_R2000,0.1,1,0.0,0.005,0.004883880027144523,-0.0001161199728554772,flat,0.0001161199728554772
7,STEP03YF_PERIOD_R2000,0.1,2,0.0,0.005,0.004883880027144523,-0.0001161199728554772,flat,0.0001161199728554772
7,STEP03YF_PERIOD_R2000,0.1,3,0.0,0.005,0.004883880027144523,-0.0001161199728554772,flat,0.0001161199728554772
7,STEP03YF_PERIOD_R2000,0.1,4,0.0,0.005,0.004883880027144523,-0.0001161199728554772,flat,0.0001161199728554772
7,STEP03YF_PERIOD_R2000,0.1,5,0.0,0.005,0.004883880027144523,-0.0001161199728554772,flat,0.0001161199728554772
7,STEP03YF_PERIOD_R2000,0.1,6,0.0,0.005,0.004883880027144523,-0.0001161199728554772,flat,0.0001161199728554772
7,STEP03YF_PERIOD_R2000,0.1,7,0.0,0.005,0.004883880027144523,-0.0001161199728554772,flat,0.0001161199728554772
7,STEP03YF_PERIOD_R2000,0.1,8,0.0,0.005,0.004883880027144523,-0.0001161199728554772,flat,0.0001161199728554772
7,STEP03YF_PERIOD_R2000,0.1,9,0.0,0.005,0.004883880027144523,-0.0001161199728554772,flat,0.0001161199728554772
7,STEP03YF_PERIOD_R2000,0.1,10,0.0,0.005,0.004883880027144523,-0.0001161199728554772,flat,0.0001161199728554772
7,STEP03YF_PERIOD_R2000,0.1,11,0.0,0.005,0.004883880027144523,-0.0001161199728554772,flat,0.0001161199728554772
7,STEP03YF_PERIOD_R2000,0.1,12,0.0,0.005,0.004883880027144523,-0.0001161199728554772,flat,0.0001161199728554772
7,STEP03YF_PERIOD_R2000,0.1,13,0.0,0.005,0.004883880027144523,-0.0001161199728554772,flat,0.0001161199728554772
7,STEP03YF_PERIOD_R2000,0.1,14,0.0,0.005,0.004883880027144523,-0.0001161199728554772,flat,0.0001161199728554772
7,STEP03YF_PERIOD_R2000,0.1,15,0.0,0.005,0.004883880027144523,-0.0001161199728554772,flat,0.0001161199728554772
7,STEP03YF_PERIOD_R2000,0.1,16,0.0,0.005,0.004883880027144523,-0.0001161199728554772,flat,0.0001161199728554772
7,STEP03YF_PERIOD_R2000,0.1,17,0.0,0.005,0.004883880027144523,-0.0001161199728554772,flat,0.0001161199728554772
7,STEP03YF_PERIOD_R2000,0.1,18,0.0,0.005,0.004883880027144523,-0.0001161199728554772,flat,0.0001161199728554772
7,STEP03YF_PERIOD_R2000,0.1,19,0.0,0.005,0.004883880027144523,-0.0001161199728554772,flat,0.0001161199728554772
7,STEP03YF_PERIOD_R2000,0.1,20,0.0,0.005,0.004883880027144523,-0.0001161199728554772,flat,0.0001161199728554772
7,STEP03YF_PERIOD_R2000,0.1,21,0.0,0.005,0.004883880027144523,-0.0001161199728554772,flat,0.0001161199728554772
7,STEP03YF_PERIOD_R2000,0.1,22,0.0,0.005,0.004883880027144523,-0.0001161199728554772,flat,0.0001161199728554772
7,STEP03YF_PERIOD_R2000,0.1,23,0.0,0.005,0.004883880027144523,-0.0001161199728554772,flat,0.0001161199728554772
7,STEP03YF_PERIOD_R2000,0.1,24,0.0,0.005,0.004883880027144523,-0.0001161199728554772,flat,0.0001161199728554772
7,STEP03YF_PERIOD_R2000,0.1,25,0.0,0.005,0.004883880027144523,-0.0001161199728554772,flat,0.0001161199728554772
7,STEP03YF_PERIOD_R2000,0.1,26,0.0,0.005,0.004883880027144523,-0.0001161199728554772,flat,0.0001161199728554772
7,STEP03YF_PERIOD_R2000,0.1,27,0.0,0.005,0.004883880027144523,-0.0001161199728554772,flat,0.0001161199728554772
7,STEP03YF_PERIOD_R2000,0.1,28,0.0,0.005,0.004883880027144523,-0.0001161199728554772,flat,0.0001161199728554772
7,STEP03YF_PERIOD_R2000,0.1,29,0.0,0.005,0.004883880027144523,-0.0001161199728554772,flat,0.0001161199728554772
7,STEP03YF_PERIOD_R2000,0.1,30,0.0,0.005,0.004883880027144523,-0.0001161199728554772,flat,0.0001161199728554772
7,STEP03YF_PERIOD_R2000,0.1,31,0.0,0.005,0.004883880027144523,-0.0001161199728554772,flat,0.0001161199728554772
7,STEP03YF_PERIOD_R2000,0.1,32,0.0,0.005,0.004883880027144523,-0.0001161199728554772,flat,0.0001161199728554772
7,STEP03YF_PERIOD_R2000,0.1,33,0.0,0.005,0.004883880027144523,-0.0001161199728554772,flat,0.0001161199728554772
7,STEP03YF_PERIOD_R2000,0.1,34,0.0,0.005,0.004883880027144523,-0.0001161199728554772,flat,0.0001161199728554772
7,STEP03YF_PERIOD_R2000,0.1,36,0.0,0.005,0.004883880027144523,-0.0001161199728554772,flat,0.0001161199728554772
7,STEP03YF_PERIOD_R2000,0.1,37,0.0,0.005,0.004883880027144523,-0.0001161199728554772,flat,0.0001161199728554772
7,STEP03YF_PERIOD_R2000,0.1,38,0.0,0.005,0.004883880027144523,-0.0001161199728554772,flat,0.0001161199728554772
7,STEP03YF_PERIOD_R2000,0.1,39,0.0,0.005,0.004883880027144523,-0.0001161199728554772,flat,0.0001161199728554772
7,STEP03YF_PERIOD_R2000,0.1,40,0.0,0.005,0.004883880027144523,-0.0001161199728554772,flat,0.0001161199728554772
7,STEP03YF_PERIOD_R2000,0.1,41,0.0,0.005,0.004883880027144523,-0.0001161199728554772,flat,0.0001161199728554772
7,STEP03YF_PERIOD_R2000,0.1,42,0.0,0.005,0.004883880027144523,-0.0001161199728554772,flat,0.0001161199728554772
7,STEP03YF_PERIOD_R2000,0.1,43,0.0,0.005,0.004883880027144523,-0.0001161199728554772,flat,0.0001161199728554772
7,STEP03YF_PERIOD_R2000,0.1,44,0.0,0.005,0.004883880027144523,-0.0001161199728554772,flat,0.0001161199728554772
7,STEP03YF_PERIOD_R2000,0.1,45,0.0,0.005,0.004883880027144523,-0.0001161199728554772,flat,0.0001161199728554772
7,STEP03YF_PERIOD_R2000,0.1,46,0.0,0.005,0.004883880027144523,-0.0001161199728554772,flat,0.0001161199728554772
7,STEP03YF_PERIOD_R2000,0.1,47,0.0,0.005,0.004883880027144523,-0.0001161199728554772,flat,0.0001161199728554772
7,STEP03YF_PERIOD_R2000,0.1,48,0.0,0.005,0.004883880027144523,-0.0001161199728554772,flat,0.0001161199728554772
7,STEP03YF_PERIOD_R2000,0.1,49,0.0,0.005,0.004883880027144523,-0.0001161199728554772,flat,0.0001161199728554772
7,STEP03YF_PERIOD_R2000,0.1,50,0.0,0.005,0.004883880027144523,-0.0001161199728554772,flat,0.0001161199728554772
7,STEP03YF_PERIOD_R2000,0.1,51,0.0,0.005,0.004883880027144523,-0.0001161199728554772,flat,0.0001161199728554772
7,STEP03YF_PERIOD_R2000,0.1,52,0.0,0.005,0.004883880027144523,-0.0001161199728554772,flat,0.0001161199728554772
7,STEP03YF_PERIOD_R2000,0.1,53,0.0,0.005,0.004883880027144523,-0.0001161199728554772,flat,0.0001161199728554772
7,STEP03YF_PERIOD_R2000,0.1,54,0.0,0.005,0.004883880027144523,-0.0001161199728554772,flat,0.0001161199728554772
7,STEP03YF_PERIOD_R2000,0.1,55,0.0,0.005,0.004883880027144523,-0.0001161199728554772,flat,0.0001161199728554772
7,STEP03YF_PERIOD_R2000,0.1,56,0.0,0.005,0.004883880027144523,-0.0001161199728554772,flat,0.0001161199728554772
7,STEP03YF_PERIOD_R2000,0.1,57,0.0,0.005,0.004883880027144523,-0.0001161199728554772,flat,0.0001161199728554772
7,STEP03YF_PERIOD_R2000,0.1,58,0.0,0.005,0.004883880027144523,-0.0001161199728554772,flat,0.0001161199728554772
7,STEP03YF_PERIOD_R2000,0.1,59,0.0,0.005,0.004883880027144523,-0.0001161199728554772,flat,0.0001161199728554772
7,STEP03YF_PERIOD_R2000,0.1,60,0.0,0.005,0.004883880027144523,-0.0001161199728554772,flat,0.0001161199728554772
7,STEP03YF_PERIOD_R2000,0.1,61,0.0,0.005,0.004883880027144523,-0.0001161199728554772,flat,0.0001161199728554772
7,STEP03YF_PERIOD_R2000,0.1,62,0.0,0.005,0.004883880027144523,-0.0001161199728554772,flat,0.0001161199728554772
7,STEP03YF_PERIOD_R2000,0.1,63,0.0,0.005,0.004883880027144523,-0.0001161199728554772,flat,0.0001161199728554772
7,STEP03YF_PERIOD_R2000,0.1,64,0.0,0.005,0.004883880027144523,-0.0001161199728554772,flat,0.0001161199728554772
7,STEP03YF_PERIOD_R2000,0.1,65,0.0,0.005,0.004883880027144523,-0.0001161199728554772,flat,0.0001161199728554772
7,STEP03YF_PERIOD_R2000,0.1,66,0.0,0.005,0.004883880027144523,-0.0001161199728554772,flat,0.0001161199728554772
7,STEP03YF_PERIOD_R2000,0.1,67,0.0,0.005,0.004883880027144523,-0.0001161199728554772,flat,0.0001161199728554772
7,STEP03YF_PERIOD_R2000,0.1,68,0.0,0.005,0.004883880027144523,-0.0001161199728554772,flat,0.0001161199728554772
7,STEP03YF_PERIOD_R2000,0.1,69,0.0,0.005,0.004883880027144523,-0.0001161199728554772,flat,0.0001161199728554772
7,STEP03YF_PERIOD_R2000,0.1,70,0.0,0.005,0.004883880027144523,-0.0001161199728554772,flat,0.0001161199728554772
7,STEP03YF_PERIOD_R2000,0.1,71,0.0,0.005,0.004883880027144523,-0.0001161199728554772,flat,0.0001161199728554772
7,STEP03YF_PERIOD_R2000,0.1,72,0.0,0.005,0.004883880027144523,-0.0001161199728554772,flat,0.0001161199728554772
7,STEP03YF_PERIOD_R2000,0.1,73,0.0,0.005,0.004883880027144523,-0.0001161199728554772,flat,0.0001161199728554772
7,STEP03YF_PERIOD_R2000,0.1,74,0.0,0.005,0.004883880027144523,-0.0001161199728554772,flat,0.0001161199728554772
7,STEP03YF_PERIOD_R2000,0.1,75,0.0,0.005,0.004883880027144523,-0.0001161199728554772,flat,0.0001161199728554772
7,STEP03YF_PERIOD_R2000,0.1,76,0.0,0.005,0.004883880027144523,-0.0001161199728554772,flat,0.0001161199728554772
7,STEP03YF_PERIOD_R2000,0.1,77,0.0,0.005,0.004883880027144523,-0.0001161199728554772,flat,0.0001161199728554772
7,STEP03YF_PERIOD_R2000,0.1,78,0.0,0.005,0.004883880027144523,-0.0001161199728554772,flat,0.0001161199728554772
7,STEP03YF_PERIOD_R2000,0.1,79,0.0,0.005,0.004883880027144523,-0.0001161199728554772,flat,0.0001161199728554772
7,STEP03YF_PERIOD_R2000,0.1,80,0.0,0.005,0.004883880027144523,-0.0001161199728554772,flat,0.0001161199728554772
7,STEP03YF_PERIOD_R2000,0.1,81,0.0,0.005,0.004883880027144523,-0.0001161199728554772,flat,0.0001161199728554772
7,STEP03YF_PERIOD_R2000,0.1,82,0.0,0.005,0.004883880027144523,-0.0001161199728554772,flat,0.0001161199728554772
7,STEP03YF_PERIOD_R2000,0.1,83,0.0,0.005,0.004883880027144523,-0.0001161199728554772,flat,0.0001161199728554772
7,STEP03YF_PERIOD_R2000,0.1,84,0.0,0.005,0.004883880027144523,-0.0001161199728554772,flat,0.0001161199728554772
7,STEP03YF_PERIOD_R2000,0.1,85,0.0,0.005,0.004883880027144523,-0.0001161199728554772,flat,0.0001161199728554772
7,STEP03YF_PERIOD_R2000,0.1,86,0.0,0.005,0.004883880027144523,-0.0001161199728554772,flat,0.0001161199728554772
7,STEP03YF_PERIOD_R2000,0.1,87,0.0,0.005,0.004883880027144523,-0.0001161199728554772,flat,0.0001161199728554772
7,STEP03YF_PERIOD_R2000,0.1,88,0.0,0.005,0.004883880027144523,-0.0001161199728554772,flat,0.0001161199728554772
7,STEP03YF_PERIOD_R2000,0.1,89,0.0,0.005,0.004883880027144523,-0.0001161199728554772,flat,0.0001161199728554772
7,STEP03YF_PERIOD_R2000,0.1,90,0.0,0.005,0.004883880027144523,-0.0001161199728554772,flat,0.0001161199728554772
7,STEP03YF_PERIOD_R2000,0.1,91,0.0,0.005,0.004883880027144523,-0.0001161199728554772,flat,0.0001161199728554772
7,STEP03YF_PERIOD_R2000,0.1,92,0.0,0.005,0.004883880027144523,-0.0001161199728554772,flat,0.0001161199728554772
7,STEP03YF_PERIOD_R2000,0.1,93,0.0,0.005,0.004883880027144523,-0.0001161199728554772,flat,0.0001161199728554772
7,STEP03YF_PERIOD_R2000,0.1,94,0.0,0.005,0.004883880027144523,-0.0001161199728554772,flat,0.0001161199728554772
7,STEP03YF_PERIOD_R2000,0.1,95,0.0,0.005,0.004883880027144523,-0.0001161199728554772,flat,0.0001161199728554772
7,STEP03YF_PERIOD_R2000,0.1,96,0.0,0.005,0.004883880027144523,-0.0001161199728554772,flat,0.0001161199728554772
7,STEP03YF_PERIOD_R2000,0.1,97,0.0,0.005,0.004883880027144523,-0.0001161199728554772,flat,0.0001161199728554772
7,STEP03YF_PERIOD_R2000,0.1,98,0.0,0.005,0.004883880027144523,-0.0001161199728554772,flat,0.0001161199728554772
7,STEP03YF_PERIOD_R2000,0.1,99,0.0,0.005,0.004883880027144523,-0.0001161199728554772,flat,0.0001161199728554772
7,STEP03YF_PERIOD_R2000,0.1,100,0.0,0.005,0.004883880027144523,-0.0001161199728554772,flat,0.0001161199728554772
7,STEP03YF_PERIOD_R2000,0.1,101,0.0,0.005,0.004883880027144523,-0.0001161199728554772,flat,0.0001161199728554772
7,STEP03YF_PERIOD_R2000,0.1,102,0.0,0.005,0.004883880027144523,-0.0001161199728554772,flat,0.0001161199728554772
7,STEP03YF_PERIOD_R2000,0.1,103,0.0,0.005,0.004883880027144523,-0.0001161199728554772,flat,0.0001161199728554772
7,STEP03YF_PERIOD_R2000,0.1,104,0.0,0.005,0.004883880027144523,-0.0001161199728554772,flat,0.0001161199728554772
7,STEP03YF_PERIOD_R2000,0.1,105,0.0,0.005,0.004883880027144523,-0.0001161199728554772,flat,0.0001161199728554772
7,STEP03YF_PERIOD_R2000,0.1,106,0.0,0.005,0.004883880027144523,-0.0001161199728554772,flat,0.0001161199728554772
7,STEP03YF_PERIOD_R2000,0.1,107,0.0,0.005,0.004883880027144523,-0.0001161199728554772,flat,0.0001161199728554772
7,STEP03YF_PERIOD_R2000,0.1,108,0.0,0.005,0.004883880027144523,-0.0001161199728554772,flat,0.0001161199728554772
7,STEP03YF_PERIOD_R2000,0.1,109,0.0,0.005,0.004883880027144523,-0.0001161199728554772,flat,0.0001161199728554772
7,STEP03YF_PERIOD_R2000,0.1,110,0.0,0.005,0.004883880027144523,-0.0001161199728554772,flat,0.0001161199728554772
7,STEP03YF_PERIOD_R2000,0.1,111,0.0,0.005,0.004883880027144523,-0.0001161199728554772,flat,0.0001161199728554772
7,STEP03YF_PERIOD_R2000,0.1,112,0.0,0.005,0.004883880027144523,-0.0001161199728554772,flat,0.0001161199728554772
7,STEP03YF_PERIOD_R2000,0.1,113,0.0,0.005,0.004883880027144523,-0.0001161199728554772,flat,0.0001161199728554772
7,STEP03YF_PERIOD_R2000,0.1,114,0.0,0.005,0.004883880027144523,-0.0001161199728554772,flat,0.0001161199728554772
7,STEP03YF_PERIOD_R2000,0.1,115,0.0,0.005,0.004883880027144523,-0.0001161199728554772,flat,0.0001161199728554772
7,STEP03YF_PERIOD_R2000,0.1,116,0.0,0.005,0.004883880027144523,-0.0001161199728554772,flat,0.0001161199728554772
7,STEP03YF_PERIOD_R2000,0.1,117,0.0,0.005,0.004883880027144523,-0.0001161199728554772,flat,0.0001161199728554772
7,STEP03YF_PERIOD_R2000,0.1,118,0.0,0.005,0.004883880027144523,-0.0001161199728554772,flat,0.0001161199728554772
7,STEP03YF_PERIOD_R2000,0.1,119,0.0,0.005,0.004883880027144523,-0.0001161199728554772,flat,0.0001161199728554772
7,STEP03YF_PERIOD_R2000,0.1,120,0.0,0.005,0.004883880027144523,-0.0001161199728554772,flat,0.0001161199728554772
7,STEP03YF_PERIOD_R2000,0.1,121,0.0,0.005,0.004883880027144523,-0.0001161199728554772,flat,0.0001161199728554772
7,STEP03YF_PERIOD_R2000,0.1,122,0.0,0.005,0.004883880027144523,-0.0001161199728554772,flat,0.0001161199728554772
7,STEP03YF_PERIOD_R2000,0.1,123,0.0,0.005,0.004883880027144523,-0.0001161199728554772,flat,0.0001161199728554772
7,STEP03YF_PERIOD_R2000,0.1,124,0.0,0.005,0.004883880027144523,-0.0001161199728554772,flat,0.0001161199728554772
7,STEP03YF_PERIOD_R2000,0.1,125,0.0,0.005,0.004883880027144523,-0.0001161199728554772,flat,0.0001161199728554772
7,STEP03YF_PERIOD_R2000,0.1,126,0.0,0.005,0.004883880027144523,-0.0001161199728554772,flat,0.0001161199728554772
7,STEP03YF_PERIOD_R2000,0.1,127,0.0,0.005,0.004883880027144523,-0.0001161199728554772,flat,0.0001161199728554772
7,STEP03YF_PERIOD_R2000,0.1,128,0.0,0.005,0.004883880027144523,-0.0001161199728554772,flat,0.0001161199728554772
7,STEP03YF_PERIOD_R2000,0.1,129,0.0,0.005,0.004883880027144523,-0.0001161199728554772,flat,0.0001161199728554772
7,STEP03YF_PERIOD_R2000,0.1,130,0.0,0.005,0.004883880027144523,-0.0001161199728554772,flat,0.0001161199728554772
7,STEP03YF_PERIOD_R2000,0.1,131,0.0,0.005,0.004883880027144523,-0.0001161199728554772,flat,0.0001161199728554772
7,STEP03YF_PERIOD_R2000,0.1,132,0.0,0.005,0.004883880027144523,-0.0001161199728554772,flat,0.0001161199728554772
7,STEP03YF_PERIOD_R2000,0.1,133,0.0,0.005,0.004883880027144523,-0.0001161199728554772,flat,0.0001161199728554772
7,STEP03YF_PERIOD_R2000,0.1,134,0.0,0.005,0.004883880027144523,-0.0001161199728554772,flat,0.0001161199728554772
7,STEP03YF_PERIOD_R2000,0.1,135,0.0,0.005,0.004883880027144523,-0.0001161199728554772,flat,0.0001161199728554772
7,STEP03YF_PERIOD_R2000,0.1,136,0.0,0.005,0.004883880027144523,-0.0001161199728554772,flat,0.0001161199728554772
7,STEP03YF_PERIOD_R2000,0.1,137,0.0,0.005,0.004883880027144523,-0.0001161199728554772,flat,0.0001161199728554772
7,STEP03YF_PERIOD_R2000,0.1,138,0.0,0.005,0.004883880027144523,-0.0001161199728554772,flat,0.0001161199728554772
7,STEP03YF_PERIOD_R2000,0.1,139,0.0,0.005,0.004883880027144523,-0.0001161199728554772,flat,0.0001161199728554772
7,STEP03YF_PERIOD_R2000,0.1,140,0.0,0.005,0.004883880027144523,-0.0001161199728554772,flat,0.0001161199728554772
7,STEP03YF_PERIOD_R2000,0.1,141,0.0,0.005,0.004883880027144523,-0.0001161199728554772,flat,0.0001161199728554772
7,STEP03YF_PERIOD_R2000,0.1,142,0.0,0.005,0.004883880027144523,-0.0001161199728554772,flat,0.0001161199728554772
7,STEP03YF_PERIOD_R2000,0.1,143,0.0,0.005,0.004883880027144523,-0.0001161199728554772,flat,0.0001161199728554772
7,STEP03YF_PERIOD_R2000,0.1,144,0.0,0.005,0.004883880027144523,-0.0001161199728554772,flat,0.0001161199728554772
7,STEP03YF_PERIOD_R2000,0.1,145,0.0,0.005,0.004883880027144523,-0.0001161199728554772,flat,0.0001161199728554772
7,STEP03YF_PERIOD_R2000,0.1,146,0.0,0.005,0.004883880027144523,-0.0001161199728554772,flat,0.0001161199728554772
7,STEP03YF_PERIOD_R2000,0.1,147,0.0,0.005,0.004883880027144523,-0.0001161199728554772,flat,0.0001161199728554772
7,STEP03YF_PERIOD_R2000,0.1,148,0.0,0.005,0.004883880027144523,-0.0001161199728554772,flat,0.0001161199728554772
7,STEP03YF_PERIOD_R2000,0.1,149,0.0,0.005,0.004883880027144523,-0.0001161199728554772,flat,0.0001161199728554772
7,STEP03YF_PERIOD_R2000,0.1,150,0.0,0.005,0.004883880027144523,-0.0001161199728554772,flat,0.0001161199728554772
7,STEP03YF_PERIOD_R2000,0.1,151,0.0,0.005,0.004883880027144523,-0.0001161199728554772,flat,0.0001161199728554772
7,STEP03YF_PERIOD_R2000,0.1,152,0.0,0.005,0.004883880027144523,-0.0001161199728554772,flat,0.0001161199728554772
7,STEP03YF_PERIOD_R2000,0.1,153,0.0,0.005,0.004883880027144523,-0.0001161199728554772,flat,0.0001161199728554772
7,STEP03YF_PERIOD_R2000,0.1,154,0.0,0.005,0.004883880027144523,-0.0001161199728554772,flat,0.0001161199728554772
7,STEP03YF_PERIOD_R2000,0.1,156,0.0,0.005,0.004883880027144523,-0.0001161199728554772,flat,0.0001161199728554772
7,STEP03YF_PERIOD_R2000,0.1,157,0.0,0.005,0.004883880027144523,-0.0001161199728554772,flat,0.0001161199728554772
7,STEP03YF_PERIOD_R2000,0.1,158,0.0,0.005,0.004883880027144523,-0.0001161199728554772,flat,0.0001161199728554772
7,STEP03YF_PERIOD_R2000,0.1,159,0.0,0.005,0.004883880027144523,-0.0001161199728554772,flat,0.0001161199728554772
7,STEP03YF_PERIOD_R2000,0.1,160,0.0,0.005,0.004883880027144523,-0.0001161199728554772,flat,0.0001161199728554772
7,STEP03YF_PERIOD_R2000,0.1,161,0.0,0.005,0.004883880027144523,-0.0001161199728554772,flat,0.0001161199728554772
7,STEP03YF_PERIOD_R2000,0.1,162,0.0,0.005,0.004883880027144523,-0.0001161199728554772,flat,0.0001161199728554772
7,STEP03YF_PERIOD_R2000,0.1,163,0.0,0.005,0.004883880027144523,-0.0001161199728554772,flat,0.0001161199728554772
7,STEP03YF_PERIOD_R2000,0.1,164,0.0,0.005,0.004883880027144523,-0.0001161199728554772,flat,0.0001161199728554772
7,STEP03YF_PERIOD_R2000,0.1,165,0.0,0.005,0.004883880027144523,-0.0001161199728554772,flat,0.0001161199728554772
7,STEP03YF_PERIOD_R2000,0.1,166,0.0,0.005,0.004883880027144523,-0.0001161199728554772,flat,0.0001161199728554772
7,STEP03YF_PERIOD_R2000,0.1,167,0.0,0.005,0.004883880027144523,-0.0001161199728554772,flat,0.0001161199728554772
7,STEP03YF_PERIOD_R2000,0.1,168,0.0,0.005,0.004883880027144523,-0.0001161199728554772,flat,0.0001161199728554772
7,STEP03YF_PERIOD_R2000,0.1,169,0.0,0.005,0.004883880027144523,-0.0001161199728554772,flat,0.0001161199728554772
7,STEP03YF_PERIOD_R2000,0.1,170,0.0,0.005,0.004883880027144523,-0.0001161199728554772,flat,0.0001161199728554772
7,STEP03YF_PERIOD_R2000,0.1,171,0.0,0.005,0.004883880027144523,-0.0001161199728554772,flat,0.0001161199728554772
7,STEP03YF_PERIOD_R2000,0.1,172,0.0,0.005,0.004883880027144523,-0.0001161199728554772,flat,0.0001161199728554772
7,STEP03YF_PERIOD_R2000,0.1,173,0.0,0.005,0.004883880027144523,-0.0001161199728554772,flat,0.0001161199728554772
7,STEP03YF_PERIOD_R2000,0.1,174,0.0,0.005,0.004883880027144523,-0.0001161199728554772,flat,0.0001161199728554772
7,STEP03YF_PERIOD_R2000,0.1,175,0.0,0.005,0.004883880027144523,-0.0001161199728554772,flat,0.0001161199728554772
7,STEP03YF_PERIOD_R2000,0.1,176,0.0,0.005,0.004883880027144523,-0.0001161199728554772,flat,0.0001161199728554772
7,STEP03YF_PERIOD_R2000,0.1,177,0.0,0.005,0.004883880027144523,-0.0001161199728554772,flat,0.0001161199728554772
7,STEP03YF_PERIOD_R2000,0.1,178,0.0,0.005,0.004883880027144523,-0.0001161199728554772,flat,0.0001161199728554772
7,STEP03YF_PERIOD_R2000,0.1,179,0.0,0.005,0.004883880027144523,-0.0001161199728554772,flat,0.0001161199728554772
7,STEP03YF_PERIOD_R2000,0.1,180,0.0,0.005,0.004883880027144523,-0.0001161199728554772,flat,0.0001161199728554772
7,STEP03YF_PERIOD_R2000,0.1,181,0.0,0.005,0.004883880027144523,-0.0001161199728554772,flat,0.0001161199728554772
7,STEP03YF_PERIOD_R2000,0.1,182,0.0,0.005,0.004883880027144523,-0.0001161199728554772,flat,0.0001161199728554772
7,STEP03YF_PERIOD_R2000,0.1,183,0.0,0.005,0.004883880027144523,-0.0001161199728554772,flat,0.0001161199728554772
7,STEP03YF_PERIOD_R2000,0.1,184,0.0,0.005,0.004883880027144523,-0.0001161199728554772,flat,0.0001161199728554772
7,STEP03YF_PERIOD_R2000,0.1,185,0.0,0.005,0.004883880027144523,-0.0001161199728554772,flat,0.0001161199728554772
7,STEP03YF_PERIOD_R2000,0.1,186,0.0,0.005,0.004883880027144523,-0.0001161199728554772,flat,0.0001161199728554772
7,STEP03YF_PERIOD_R2000,0.1,187,0.0,0.005,0.004883880027144523,-0.0001161199728554772,flat,0.0001161199728554772
7,STEP03YF_PERIOD_R2000,0.1,188,0.0,0.005,0.004883880027144523,-0.0001161199728554772,flat,0.0001161199728554772
7,STEP03YF_PERIOD_R2000,0.1,189,0.0,0.005,0.004883880027144523,-0.0001161199728554772,flat,0.0001161199728554772
7,STEP03YF_PERIOD_R2000,0.1,190,0.0,0.005,0.004883880027144523,-0.0001161199728554772,flat,0.0001161199728554772
7,STEP03YF_PERIOD_R2000,0.1,191,0.0,0.005,0.004883880027144523,-0.0001161199728554772,flat,0.0001161199728554772
7,STEP03YF_PERIOD_R2000,0.1,192,0.0,0.005,0.004883880027144523,-0.0001161199728554772,flat,0.0001161199728554772
7,STEP03YF_PERIOD_R2000,0.1,193,0.0,0.005,0.004883880027144523,-0.0001161199728554772,flat,0.0001161199728554772
7,STEP03YF_PERIOD_R2000,0.1,194,0.0,0.005,0.004883880027144523,-0.0001161199728554772,flat,0.0001161199728554772
7,STEP03YF_PERIOD_R2000,0.1,195,0.0,0.005,0.004883880027144523,-0.0001161199728554772,flat,0.0001161199728554772
7,STEP03YF_PERIOD_R2000,0.1,196,0.0,0.005,0.004883880027144523,-0.0001161199728554772,flat,0.0001161199728554772
7,STEP03YF_PERIOD_R2000,0.1,197,0.0,0.005,0.004883880027144523,-0.0001161199728554772,flat,0.0001161199728554772
7,STEP03YF_PERIOD_R2000,0.1,198,0.0,0.005,0.004883880027144523,-0.0001161199728554772,flat,0.0001161199728554772
7,STEP03YF_PERIOD_R2000,0.1,199,0.0,0.005,0.004883880027144523,-0.0001161199728554772,flat,0.0001161199728554772
7,STEP03YF_PERIOD_R2000,0.1,200,0.0,0.005,0.004883880027144523,-0.0001161199728554772,flat,0.0001161199728554772
7,ZERO,0.001,155,384583.912936748,0.005,0.0068820201418464825,0.0018820201418464824,flat,0.0018820201418464824
7,ZERO,0.001,35,243842.566074789,0.005,0.006187607355683801,0.0011876073556838012,flat,0.0011876073556838012
7,ZERO,0.001,1,0.0,0.005,0.0049844968308205536,-1.5503169179446538e-05,flat,1.5503169179446538e-05
7,ZERO,0.001,2,0.0,0.005,0.0049844968308205536,-1.5503169179446538e-05,flat,1.5503169179446538e-05
7,ZERO,0.001,3,0.0,0.005,0.0049844968308205536,-1.5503169179446538e-05,flat,1.5503169179446538e-05
7,ZERO,0.001,4,0.0,0.005,0.0049844968308205536,-1.5503169179446538e-05,flat,1.5503169179446538e-05
7,ZERO,0.001,5,0.0,0.005,0.0049844968308205536,-1.5503169179446538e-05,flat,1.5503169179446538e-05
7,ZERO,0.001,6,0.0,0.005,0.0049844968308205536,-1.5503169179446538e-05,flat,1.5503169179446538e-05
7,ZERO,0.001,7,0.0,0.005,0.0049844968308205536,-1.5503169179446538e-05,flat,1.5503169179446538e-05
7,ZERO,0.001,8,0.0,0.005,0.0049844968308205536,-1.5503169179446538e-05,flat,1.5503169179446538e-05
7,ZERO,0.001,9,0.0,0.005,0.0049844968308205536,-1.5503169179446538e-05,flat,1.5503169179446538e-05
7,ZERO,0.001,10,0.0,0.005,0.0049844968308205536,-1.5503169179446538e-05,flat,1.5503169179446538e-05
7,ZERO,0.001,11,0.0,0.005,0.0049844968308205536,-1.5503169179446538e-05,flat,1.5503169179446538e-05
7,ZERO,0.001,12,0.0,0.005,0.0049844968308205536,-1.5503169179446538e-05,flat,1.5503169179446538e-05
7,ZERO,0.001,13,0.0,0.005,0.0049844968308205536,-1.5503169179446538e-05,flat,1.5503169179446538e-05
7,ZERO,0.001,14,0.0,0.005,0.0049844968308205536,-1.5503169179446538e-05,flat,1.5503169179446538e-05
7,ZERO,0.001,15,0.0,0.005,0.0049844968308205536,-1.5503169179446538e-05,flat,1.5503169179446538e-05
7,ZERO,0.001,16,0.0,0.005,0.0049844968308205536,-1.5503169179446538e-05,flat,1.5503169179446538e-05
7,ZERO,0.001,17,0.0,0.005,0.0049844968308205536,-1.5503169179446538e-05,flat,1.5503169179446538e-05
7,ZERO,0.001,18,0.0,0.005,0.0049844968308205536,-1.5503169179446538e-05,flat,1.5503169179446538e-05
7,ZERO,0.001,19,0.0,0.005,0.0049844968308205536,-1.5503169179446538e-05,flat,1.5503169179446538e-05
7,ZERO,0.001,20,0.0,0.005,0.0049844968308205536,-1.5503169179446538e-05,flat,1.5503169179446538e-05
7,ZERO,0.001,21,0.0,0.005,0.0049844968308205536,-1.5503169179446538e-05,flat,1.5503169179446538e-05
7,ZERO,0.001,22,0.0,0.005,0.0049844968308205536,-1.5503169179446538e-05,flat,1.5503169179446538e-05
7,ZERO,0.001,23,0.0,0.005,0.0049844968308205536,-1.5503169179446538e-05,flat,1.5503169179446538e-05
7,ZERO,0.001,24,0.0,0.005,0.0049844968308205536,-1.5503169179446538e-05,flat,1.5503169179446538e-05
7,ZERO,0.001,25,0.0,0.005,0.0049844968308205536,-1.5503169179446538e-05,flat,1.5503169179446538e-05
7,ZERO,0.001,26,0.0,0.005,0.0049844968308205536,-1.5503169179446538e-05,flat,1.5503169179446538e-05
7,ZERO,0.001,27,0.0,0.005,0.0049844968308205536,-1.5503169179446538e-05,flat,1.5503169179446538e-05
7,ZERO,0.001,28,0.0,0.005,0.0049844968308205536,-1.5503169179446538e-05,flat,1.5503169179446538e-05
7,ZERO,0.001,29,0.0,0.005,0.0049844968308205536,-1.5503169179446538e-05,flat,1.5503169179446538e-05
7,ZERO,0.001,30,0.0,0.005,0.0049844968308205536,-1.5503169179446538e-05,flat,1.5503169179446538e-05
7,ZERO,0.001,31,0.0,0.005,0.0049844968308205536,-1.5503169179446538e-05,flat,1.5503169179446538e-05
7,ZERO,0.001,32,0.0,0.005,0.0049844968308205536,-1.5503169179446538e-05,flat,1.5503169179446538e-05
7,ZERO,0.001,33,0.0,0.005,0.0049844968308205536,-1.5503169179446538e-05,flat,1.5503169179446538e-05
7,ZERO,0.001,34,0.0,0.005,0.0049844968308205536,-1.5503169179446538e-05,flat,1.5503169179446538e-05
7,ZERO,0.001,36,0.0,0.005,0.0049844968308205536,-1.5503169179446538e-05,flat,1.5503169179446538e-05
7,ZERO,0.001,37,0.0,0.005,0.0049844968308205536,-1.5503169179446538e-05,flat,1.5503169179446538e-05
7,ZERO,0.001,38,0.0,0.005,0.0049844968308205536,-1.5503169179446538e-05,flat,1.5503169179446538e-05
7,ZERO,0.001,39,0.0,0.005,0.0049844968308205536,-1.5503169179446538e-05,flat,1.5503169179446538e-05
7,ZERO,0.001,40,0.0,0.005,0.0049844968308205536,-1.5503169179446538e-05,flat,1.5503169179446538e-05
7,ZERO,0.001,41,0.0,0.005,0.0049844968308205536,-1.5503169179446538e-05,flat,1.5503169179446538e-05
7,ZERO,0.001,42,0.0,0.005,0.0049844968308205536,-1.5503169179446538e-05,flat,1.5503169179446538e-05
7,ZERO,0.001,43,0.0,0.005,0.0049844968308205536,-1.5503169179446538e-05,flat,1.5503169179446538e-05
7,ZERO,0.001,44,0.0,0.005,0.0049844968308205536,-1.5503169179446538e-05,flat,1.5503169179446538e-05
7,ZERO,0.001,45,0.0,0.005,0.0049844968308205536,-1.5503169179446538e-05,flat,1.5503169179446538e-05
7,ZERO,0.001,46,0.0,0.005,0.0049844968308205536,-1.5503169179446538e-05,flat,1.5503169179446538e-05
7,ZERO,0.001,47,0.0,0.005,0.0049844968308205536,-1.5503169179446538e-05,flat,1.5503169179446538e-05
7,ZERO,0.001,48,0.0,0.005,0.0049844968308205536,-1.5503169179446538e-05,flat,1.5503169179446538e-05
7,ZERO,0.001,49,0.0,0.005,0.0049844968308205536,-1.5503169179446538e-05,flat,1.5503169179446538e-05
7,ZERO,0.001,50,0.0,0.005,0.0049844968308205536,-1.5503169179446538e-05,flat,1.5503169179446538e-05
7,ZERO,0.001,51,0.0,0.005,0.0049844968308205536,-1.5503169179446538e-05,flat,1.5503169179446538e-05
7,ZERO,0.001,52,0.0,0.005,0.0049844968308205536,-1.5503169179446538e-05,flat,1.5503169179446538e-05
7,ZERO,0.001,53,0.0,0.005,0.0049844968308205536,-1.5503169179446538e-05,flat,1.5503169179446538e-05
7,ZERO,0.001,54,0.0,0.005,0.0049844968308205536,-1.5503169179446538e-05,flat,1.5503169179446538e-05
7,ZERO,0.001,55,0.0,0.005,0.0049844968308205536,-1.5503169179446538e-05,flat,1.5503169179446538e-05
7,ZERO,0.001,56,0.0,0.005,0.0049844968308205536,-1.5503169179446538e-05,flat,1.5503169179446538e-05
7,ZERO,0.001,57,0.0,0.005,0.0049844968308205536,-1.5503169179446538e-05,flat,1.5503169179446538e-05
7,ZERO,0.001,58,0.0,0.005,0.0049844968308205536,-1.5503169179446538e-05,flat,1.5503169179446538e-05
7,ZERO,0.001,59,0.0,0.005,0.0049844968308205536,-1.5503169179446538e-05,flat,1.5503169179446538e-05
7,ZERO,0.001,60,0.0,0.005,0.0049844968308205536,-1.5503169179446538e-05,flat,1.5503169179446538e-05
7,ZERO,0.001,61,0.0,0.005,0.0049844968308205536,-1.5503169179446538e-05,flat,1.5503169179446538e-05
7,ZERO,0.001,62,0.0,0.005,0.0049844968308205536,-1.5503169179446538e-05,flat,1.5503169179446538e-05
7,ZERO,0.001,63,0.0,0.005,0.0049844968308205536,-1.5503169179446538e-05,flat,1.5503169179446538e-05
7,ZERO,0.001,64,0.0,0.005,0.0049844968308205536,-1.5503169179446538e-05,flat,1.5503169179446538e-05
7,ZERO,0.001,65,0.0,0.005,0.0049844968308205536,-1.5503169179446538e-05,flat,1.5503169179446538e-05
7,ZERO,0.001,66,0.0,0.005,0.0049844968308205536,-1.5503169179446538e-05,flat,1.5503169179446538e-05
7,ZERO,0.001,67,0.0,0.005,0.0049844968308205536,-1.5503169179446538e-05,flat,1.5503169179446538e-05
7,ZERO,0.001,68,0.0,0.005,0.0049844968308205536,-1.5503169179446538e-05,flat,1.5503169179446538e-05
7,ZERO,0.001,69,0.0,0.005,0.0049844968308205536,-1.5503169179446538e-05,flat,1.5503169179446538e-05
7,ZERO,0.001,70,0.0,0.005,0.0049844968308205536,-1.5503169179446538e-05,flat,1.5503169179446538e-05
7,ZERO,0.001,71,0.0,0.005,0.0049844968308205536,-1.5503169179446538e-05,flat,1.5503169179446538e-05
7,ZERO,0.001,72,0.0,0.005,0.0049844968308205536,-1.5503169179446538e-05,flat,1.5503169179446538e-05
7,ZERO,0.001,73,0.0,0.005,0.0049844968308205536,-1.5503169179446538e-05,flat,1.5503169179446538e-05
7,ZERO,0.001,74,0.0,0.005,0.0049844968308205536,-1.5503169179446538e-05,flat,1.5503169179446538e-05
7,ZERO,0.001,75,0.0,0.005,0.0049844968308205536,-1.5503169179446538e-05,flat,1.5503169179446538e-05
7,ZERO,0.001,76,0.0,0.005,0.0049844968308205536,-1.5503169179446538e-05,flat,1.5503169179446538e-05
7,ZERO,0.001,77,0.0,0.005,0.0049844968308205536,-1.5503169179446538e-05,flat,1.5503169179446538e-05
7,ZERO,0.001,78,0.0,0.005,0.0049844968308205536,-1.5503169179446538e-05,flat,1.5503169179446538e-05
7,ZERO,0.001,79,0.0,0.005,0.0049844968308205536,-1.5503169179446538e-05,flat,1.5503169179446538e-05
7,ZERO,0.001,80,0.0,0.005,0.0049844968308205536,-1.5503169179446538e-05,flat,1.5503169179446538e-05
7,ZERO,0.001,81,0.0,0.005,0.0049844968308205536,-1.5503169179446538e-05,flat,1.5503169179446538e-05
7,ZERO,0.001,82,0.0,0.005,0.0049844968308205536,-1.5503169179446538e-05,flat,1.5503169179446538e-05
7,ZERO,0.001,83,0.0,0.005,0.0049844968308205536,-1.5503169179446538e-05,flat,1.5503169179446538e-05
7,ZERO,0.001,84,0.0,0.005,0.0049844968308205536,-1.5503169179446538e-05,flat,1.5503169179446538e-05
7,ZERO,0.001,85,0.0,0.005,0.0049844968308205536,-1.5503169179446538e-05,flat,1.5503169179446538e-05
7,ZERO,0.001,86,0.0,0.005,0.0049844968308205536,-1.5503169179446538e-05,flat,1.5503169179446538e-05
7,ZERO,0.001,87,0.0,0.005,0.0049844968308205536,-1.5503169179446538e-05,flat,1.5503169179446538e-05
7,ZERO,0.001,88,0.0,0.005,0.0049844968308205536,-1.5503169179446538e-05,flat,1.5503169179446538e-05
7,ZERO,0.001,89,0.0,0.005,0.0049844968308205536,-1.5503169179446538e-05,flat,1.5503169179446538e-05
7,ZERO,0.001,90,0.0,0.005,0.0049844968308205536,-1.5503169179446538e-05,flat,1.5503169179446538e-05
7,ZERO,0.001,91,0.0,0.005,0.0049844968308205536,-1.5503169179446538e-05,flat,1.5503169179446538e-05
7,ZERO,0.001,92,0.0,0.005,0.0049844968308205536,-1.5503169179446538e-05,flat,1.5503169179446538e-05
7,ZERO,0.001,93,0.0,0.005,0.0049844968308205536,-1.5503169179446538e-05,flat,1.5503169179446538e-05
7,ZERO,0.001,94,0.0,0.005,0.0049844968308205536,-1.5503169179446538e-05,flat,1.5503169179446538e-05
7,ZERO,0.001,95,0.0,0.005,0.0049844968308205536,-1.5503169179446538e-05,flat,1.5503169179446538e-05
7,ZERO,0.001,96,0.0,0.005,0.0049844968308205536,-1.5503169179446538e-05,flat,1.5503169179446538e-05
7,ZERO,0.001,97,0.0,0.005,0.0049844968308205536,-1.5503169179446538e-05,flat,1.5503169179446538e-05
7,ZERO,0.001,98,0.0,0.005,0.0049844968308205536,-1.5503169179446538e-05,flat,1.5503169179446538e-05
7,ZERO,0.001,99,0.0,0.005,0.0049844968308205536,-1.5503169179446538e-05,flat,1.5503169179446538e-05
7,ZERO,0.001,100,0.0,0.005,0.0049844968308205536,-1.5503169179446538e-05,flat,1.5503169179446538e-05
7,ZERO,0.001,101,0.0,0.005,0.0049844968308205536,-1.5503169179446538e-05,flat,1.5503169179446538e-05
7,ZERO,0.001,102,0.0,0.005,0.0049844968308205536,-1.5503169179446538e-05,flat,1.5503169179446538e-05
7,ZERO,0.001,103,0.0,0.005,0.0049844968308205536,-1.5503169179446538e-05,flat,1.5503169179446538e-05
7,ZERO,0.001,104,0.0,0.005,0.0049844968308205536,-1.5503169179446538e-05,flat,1.5503169179446538e-05
7,ZERO,0.001,105,0.0,0.005,0.0049844968308205536,-1.5503169179446538e-05,flat,1.5503169179446538e-05
7,ZERO,0.001,106,0.0,0.005,0.0049844968308205536,-1.5503169179446538e-05,flat,1.5503169179446538e-05
7,ZERO,0.001,107,0.0,0.005,0.0049844968308205536,-1.5503169179446538e-05,flat,1.5503169179446538e-05
7,ZERO,0.001,108,0.0,0.005,0.0049844968308205536,-1.5503169179446538e-05,flat,1.5503169179446538e-05
7,ZERO,0.001,109,0.0,0.005,0.0049844968308205536,-1.5503169179446538e-05,flat,1.5503169179446538e-05
7,ZERO,0.001,110,0.0,0.005,0.0049844968308205536,-1.5503169179446538e-05,flat,1.5503169179446538e-05
7,ZERO,0.001,111,0.0,0.005,0.0049844968308205536,-1.5503169179446538e-05,flat,1.5503169179446538e-05
7,ZERO,0.001,112,0.0,0.005,0.0049844968308205536,-1.5503169179446538e-05,flat,1.5503169179446538e-05
7,ZERO,0.001,113,0.0,0.005,0.0049844968308205536,-1.5503169179446538e-05,flat,1.5503169179446538e-05
7,ZERO,0.001,114,0.0,0.005,0.0049844968308205536,-1.5503169179446538e-05,flat,1.5503169179446538e-05
7,ZERO,0.001,115,0.0,0.005,0.0049844968308205536,-1.5503169179446538e-05,flat,1.5503169179446538e-05
7,ZERO,0.001,116,0.0,0.005,0.0049844968308205536,-1.5503169179446538e-05,flat,1.5503169179446538e-05
7,ZERO,0.001,117,0.0,0.005,0.0049844968308205536,-1.5503169179446538e-05,flat,1.5503169179446538e-05
7,ZERO,0.001,118,0.0,0.005,0.0049844968308205536,-1.5503169179446538e-05,flat,1.5503169179446538e-05
7,ZERO,0.001,119,0.0,0.005,0.0049844968308205536,-1.5503169179446538e-05,flat,1.5503169179446538e-05
7,ZERO,0.001,120,0.0,0.005,0.0049844968308205536,-1.5503169179446538e-05,flat,1.5503169179446538e-05
7,ZERO,0.001,121,0.0,0.005,0.0049844968308205536,-1.5503169179446538e-05,flat,1.5503169179446538e-05
7,ZERO,0.001,122,0.0,0.005,0.0049844968308205536,-1.5503169179446538e-05,flat,1.5503169179446538e-05
7,ZERO,0.001,123,0.0,0.005,0.0049844968308205536,-1.5503169179446538e-05,flat,1.5503169179446538e-05
7,ZERO,0.001,124,0.0,0.005,0.0049844968308205536,-1.5503169179446538e-05,flat,1.5503169179446538e-05
7,ZERO,0.001,125,0.0,0.005,0.0049844968308205536,-1.5503169179446538e-05,flat,1.5503169179446538e-05
7,ZERO,0.001,126,0.0,0.005,0.0049844968308205536,-1.5503169179446538e-05,flat,1.5503169179446538e-05
7,ZERO,0.001,127,0.0,0.005,0.0049844968308205536,-1.5503169179446538e-05,flat,1.5503169179446538e-05
7,ZERO,0.001,128,0.0,0.005,0.0049844968308205536,-1.5503169179446538e-05,flat,1.5503169179446538e-05
7,ZERO,0.001,129,0.0,0.005,0.0049844968308205536,-1.5503169179446538e-05,flat,1.5503169179446538e-05
7,ZERO,0.001,130,0.0,0.005,0.0049844968308205536,-1.5503169179446538e-05,flat,1.5503169179446538e-05
7,ZERO,0.001,131,0.0,0.005,0.0049844968308205536,-1.5503169179446538e-05,flat,1.5503169179446538e-05
7,ZERO,0.001,132,0.0,0.005,0.0049844968308205536,-1.5503169179446538e-05,flat,1.5503169179446538e-05
7,ZERO,0.001,133,0.0,0.005,0.0049844968308205536,-1.5503169179446538e-05,flat,1.5503169179446538e-05
7,ZERO,0.001,134,0.0,0.005,0.0049844968308205536,-1.5503169179446538e-05,flat,1.5503169179446538e-05
7,ZERO,0.001,135,0.0,0.005,0.0049844968308205536,-1.5503169179446538e-05,flat,1.5503169179446538e-05
7,ZERO,0.001,136,0.0,0.005,0.0049844968308205536,-1.5503169179446538e-05,flat,1.5503169179446538e-05
7,ZERO,0.001,137,0.0,0.005,0.0049844968308205536,-1.5503169179446538e-05,flat,1.5503169179446538e-05
7,ZERO,0.001,138,0.0,0.005,0.0049844968308205536,-1.5503169179446538e-05,flat,1.5503169179446538e-05
7,ZERO,0.001,139,0.0,0.005,0.0049844968308205536,-1.5503169179446538e-05,flat,1.5503169179446538e-05
7,ZERO,0.001,140,0.0,0.005,0.0049844968308205536,-1.5503169179446538e-05,flat,1.5503169179446538e-05
7,ZERO,0.001,141,0.0,0.005,0.0049844968308205536,-1.5503169179446538e-05,flat,1.5503169179446538e-05
7,ZERO,0.001,142,0.0,0.005,0.0049844968308205536,-1.5503169179446538e-05,flat,1.5503169179446538e-05
7,ZERO,0.001,143,0.0,0.005,0.0049844968308205536,-1.5503169179446538e-05,flat,1.5503169179446538e-05
7,ZERO,0.001,144,0.0,0.005,0.0049844968308205536,-1.5503169179446538e-05,flat,1.5503169179446538e-05
7,ZERO,0.001,145,0.0,0.005,0.0049844968308205536,-1.5503169179446538e-05,flat,1.5503169179446538e-05
7,ZERO,0.001,146,0.0,0.005,0.0049844968308205536,-1.5503169179446538e-05,flat,1.5503169179446538e-05
7,ZERO,0.001,147,0.0,0.005,0.0049844968308205536,-1.5503169179446538e-05,flat,1.5503169179446538e-05
7,ZERO,0.001,148,0.0,0.005,0.0049844968308205536,-1.5503169179446538e-05,flat,1.5503169179446538e-05
7,ZERO,0.001,149,0.0,0.005,0.0049844968308205536,-1.5503169179446538e-05,flat,1.5503169179446538e-05
7,ZERO,0.001,150,0.0,0.005,0.0049844968308205536,-1.5503169179446538e-05,flat,1.5503169179446538e-05
7,ZERO,0.001,151,0.0,0.005,0.0049844968308205536,-1.5503169179446538e-05,flat,1.5503169179446538e-05
7,ZERO,0.001,152,0.0,0.005,0.0049844968308205536,-1.5503169179446538e-05,flat,1.5503169179446538e-05
7,ZERO,0.001,153,0.0,0.005,0.0049844968308205536,-1.5503169179446538e-05,flat,1.5503169179446538e-05
7,ZERO,0.001,154,0.0,0.005,0.0049844968308205536,-1.5503169179446538e-05,flat,1.5503169179446538e-05
7,ZERO,0.001,156,0.0,0.005,0.0049844968308205536,-1.5503169179446538e-05,flat,1.5503169179446538e-05
7,ZERO,0.001,157,0.0,0.005,0.0049844968308205536,-1.5503169179446538e-05,flat,1.5503169179446538e-05
7,ZERO,0.001,158,0.0,0.005,0.0049844968308205536,-1.5503169179446538e-05,flat,1.5503169179446538e-05
7,ZERO,0.001,159,0.0,0.005,0.0049844968308205536,-1.5503169179446538e-05,flat,1.5503169179446538e-05
7,ZERO,0.001,160,0.0,0.005,0.0049844968308205536,-1.5503169179446538e-05,flat,1.5503169179446538e-05
7,ZERO,0.001,161,0.0,0.005,0.0049844968308205536,-1.5503169179446538e-05,flat,1.5503169179446538e-05
7,ZERO,0.001,162,0.0,0.005,0.0049844968308205536,-1.5503169179446538e-05,flat,1.5503169179446538e-05
7,ZERO,0.001,163,0.0,0.005,0.0049844968308205536,-1.5503169179446538e-05,flat,1.5503169179446538e-05
7,ZERO,0.001,164,0.0,0.005,0.0049844968308205536,-1.5503169179446538e-05,flat,1.5503169179446538e-05
7,ZERO,0.001,165,0.0,0.005,0.0049844968308205536,-1.5503169179446538e-05,flat,1.5503169179446538e-05
7,ZERO,0.001,166,0.0,0.005,0.0049844968308205536,-1.5503169179446538e-05,flat,1.5503169179446538e-05
7,ZERO,0.001,167,0.0,0.005,0.0049844968308205536,-1.5503169179446538e-05,flat,1.5503169179446538e-05
7,ZERO,0.001,168,0.0,0.005,0.0049844968308205536,-1.5503169179446538e-05,flat,1.5503169179446538e-05
7,ZERO,0.001,169,0.0,0.005,0.0049844968308205536,-1.5503169179446538e-05,flat,1.5503169179446538e-05
7,ZERO,0.001,170,0.0,0.005,0.0049844968308205536,-1.5503169179446538e-05,flat,1.5503169179446538e-05
7,ZERO,0.001,171,0.0,0.005,0.0049844968308205536,-1.5503169179446538e-05,flat,1.5503169179446538e-05
7,ZERO,0.001,172,0.0,0.005,0.0049844968308205536,-1.5503169179446538e-05,flat,1.5503169179446538e-05
7,ZERO,0.001,173,0.0,0.005,0.0049844968308205536,-1.5503169179446538e-05,flat,1.5503169179446538e-05
7,ZERO,0.001,174,0.0,0.005,0.0049844968308205536,-1.5503169179446538e-05,flat,1.5503169179446538e-05
7,ZERO,0.001,175,0.0,0.005,0.0049844968308205536,-1.5503169179446538e-05,flat,1.5503169179446538e-05
7,ZERO,0.001,176,0.0,0.005,0.0049844968308205536,-1.5503169179446538e-05,flat,1.5503169179446538e-05
7,ZERO,0.001,177,0.0,0.005,0.0049844968308205536,-1.5503169179446538e-05,flat,1.5503169179446538e-05
7,ZERO,0.001,178,0.0,0.005,0.0049844968308205536,-1.5503169179446538e-05,flat,1.5503169179446538e-05
7,ZERO,0.001,179,0.0,0.005,0.0049844968308205536,-1.5503169179446538e-05,flat,1.5503169179446538e-05
7,ZERO,0.001,180,0.0,0.005,0.0049844968308205536,-1.5503169179446538e-05,flat,1.5503169179446538e-05
7,ZERO,0.001,181,0.0,0.005,0.0049844968308205536,-1.5503169179446538e-05,flat,1.5503169179446538e-05
7,ZERO,0.001,182,0.0,0.005,0.0049844968308205536,-1.5503169179446538e-05,flat,1.5503169179446538e-05
7,ZERO,0.001,183,0.0,0.005,0.0049844968308205536,-1.5503169179446538e-05,flat,1.5503169179446538e-05
7,ZERO,0.001,184,0.0,0.005,0.0049844968308205536,-1.5503169179446538e-05,flat,1.5503169179446538e-05
7,ZERO,0.001,185,0.0,0.005,0.0049844968308205536,-1.5503169179446538e-05,flat,1.5503169179446538e-05
7,ZERO,0.001,186,0.0,0.005,0.0049844968308205536,-1.5503169179446538e-05,flat,1.5503169179446538e-05
7,ZERO,0.001,187,0.0,0.005,0.0049844968308205536,-1.5503169179446538e-05,flat,1.5503169179446538e-05
7,ZERO,0.001,188,0.0,0.005,0.0049844968308205536,-1.5503169179446538e-05,flat,1.5503169179446538e-05
7,ZERO,0.001,189,0.0,0.005,0.0049844968308205536,-1.5503169179446538e-05,flat,1.5503169179446538e-05
7,ZERO,0.001,190,0.0,0.005,0.0049844968308205536,-1.5503169179446538e-05,flat,1.5503169179446538e-05
7,ZERO,0.001,191,0.0,0.005,0.0049844968308205536,-1.5503169179446538e-05,flat,1.5503169179446538e-05
7,ZERO,0.001,192,0.0,0.005,0.0049844968308205536,-1.5503169179446538e-05,flat,1.5503169179446538e-05
7,ZERO,0.001,193,0.0,0.005,0.0049844968308205536,-1.5503169179446538e-05,flat,1.5503169179446538e-05
7,ZERO,0.001,194,0.0,0.005,0.0049844968308205536,-1.5503169179446538e-05,flat,1.5503169179446538e-05
7,ZERO,0.001,195,0.0,0.005,0.0049844968308205536,-1.5503169179446538e-05,flat,1.5503169179446538e-05
7,ZERO,0.001,196,0.0,0.005,0.0049844968308205536,-1.5503169179446538e-05,flat,1.5503169179446538e-05
7,ZERO,0.001,197,0.0,0.005,0.0049844968308205536,-1.5503169179446538e-05,flat,1.5503169179446538e-05
7,ZERO,0.001,198,0.0,0.005,0.0049844968308205536,-1.5503169179446538e-05,flat,1.5503169179446538e-05
7,ZERO,0.001,199,0.0,0.005,0.0049844968308205536,-1.5503169179446538e-05,flat,1.5503169179446538e-05
7,ZERO,0.001,200,0.0,0.005,0.0049844968308205536,-1.5503169179446538e-05,flat,1.5503169179446538e-05
7,ZERO,0.01,155,384583.912936748,0.005,0.010951470250546873,0.005951470250546873,flat,0.005951470250546873
7,ZERO,0.01,35,243842.566074789,0.005,0.00875554420992978,0.0037555442099297806,flat,0.0037555442099297806
7,ZERO,0.01,1,0.0,0.005,0.004950974674442038,-4.902532555796195e-05,flat,4.902532555796195e-05
7,ZERO,0.01,2,0.0,0.005,0.004950974674442038,-4.902532555796195e-05,flat,4.902532555796195e-05
7,ZERO,0.01,3,0.0,0.005,0.004950974674442038,-4.902532555796195e-05,flat,4.902532555796195e-05
7,ZERO,0.01,4,0.0,0.005,0.004950974674442038,-4.902532555796195e-05,flat,4.902532555796195e-05
7,ZERO,0.01,5,0.0,0.005,0.004950974674442038,-4.902532555796195e-05,flat,4.902532555796195e-05
7,ZERO,0.01,6,0.0,0.005,0.004950974674442038,-4.902532555796195e-05,flat,4.902532555796195e-05
7,ZERO,0.01,7,0.0,0.005,0.004950974674442038,-4.902532555796195e-05,flat,4.902532555796195e-05
7,ZERO,0.01,8,0.0,0.005,0.004950974674442038,-4.902532555796195e-05,flat,4.902532555796195e-05
7,ZERO,0.01,9,0.0,0.005,0.004950974674442038,-4.902532555796195e-05,flat,4.902532555796195e-05
7,ZERO,0.01,10,0.0,0.005,0.004950974674442038,-4.902532555796195e-05,flat,4.902532555796195e-05
7,ZERO,0.01,11,0.0,0.005,0.004950974674442038,-4.902532555796195e-05,flat,4.902532555796195e-05
7,ZERO,0.01,12,0.0,0.005,0.004950974674442038,-4.902532555796195e-05,flat,4.902532555796195e-05
7,ZERO,0.01,13,0.0,0.005,0.004950974674442038,-4.902532555796195e-05,flat,4.902532555796195e-05
7,ZERO,0.01,14,0.0,0.005,0.004950974674442038,-4.902532555796195e-05,flat,4.902532555796195e-05
7,ZERO,0.01,15,0.0,0.005,0.004950974674442038,-4.902532555796195e-05,flat,4.902532555796195e-05
7,ZERO,0.01,16,0.0,0.005,0.004950974674442038,-4.902532555796195e-05,flat,4.902532555796195e-05
7,ZERO,0.01,17,0.0,0.005,0.004950974674442038,-4.902532555796195e-05,flat,4.902532555796195e-05
7,ZERO,0.01,18,0.0,0.005,0.004950974674442038,-4.902532555796195e-05,flat,4.902532555796195e-05
7,ZERO,0.01,19,0.0,0.005,0.004950974674442038,-4.902532555796195e-05,flat,4.902532555796195e-05
7,ZERO,0.01,20,0.0,0.005,0.004950974674442038,-4.902532555796195e-05,flat,4.902532555796195e-05
7,ZERO,0.01,21,0.0,0.005,0.004950974674442038,-4.902532555796195e-05,flat,4.902532555796195e-05
7,ZERO,0.01,22,0.0,0.005,0.004950974674442038,-4.902532555796195e-05,flat,4.902532555796195e-05
7,ZERO,0.01,23,0.0,0.005,0.004950974674442038,-4.902532555796195e-05,flat,4.902532555796195e-05
7,ZERO,0.01,24,0.0,0.005,0.004950974674442038,-4.902532555796195e-05,flat,4.902532555796195e-05
7,ZERO,0.01,25,0.0,0.005,0.004950974674442038,-4.902532555796195e-05,flat,4.902532555796195e-05
7,ZERO,0.01,26,0.0,0.005,0.004950974674442038,-4.902532555796195e-05,flat,4.902532555796195e-05
7,ZERO,0.01,27,0.0,0.005,0.004950974674442038,-4.902532555796195e-05,flat,4.902532555796195e-05
7,ZERO,0.01,28,0.0,0.005,0.004950974674442038,-4.902532555796195e-05,flat,4.902532555796195e-05
7,ZERO,0.01,29,0.0,0.005,0.004950974674442038,-4.902532555796195e-05,flat,4.902532555796195e-05
7,ZERO,0.01,30,0.0,0.005,0.004950974674442038,-4.902532555796195e-05,flat,4.902532555796195e-05
7,ZERO,0.01,31,0.0,0.005,0.004950974674442038,-4.902532555796195e-05,flat,4.902532555796195e-05
7,ZERO,0.01,32,0.0,0.005,0.004950974674442038,-4.902532555796195e-05,flat,4.902532555796195e-05
7,ZERO,0.01,33,0.0,0.005,0.004950974674442038,-4.902532555796195e-05,flat,4.902532555796195e-05
7,ZERO,0.01,34,0.0,0.005,0.004950974674442038,-4.902532555796195e-05,flat,4.902532555796195e-05
7,ZERO,0.01,36,0.0,0.005,0.004950974674442038,-4.902532555796195e-05,flat,4.902532555796195e-05
7,ZERO,0.01,37,0.0,0.005,0.004950974674442038,-4.902532555796195e-05,flat,4.902532555796195e-05
7,ZERO,0.01,38,0.0,0.005,0.004950974674442038,-4.902532555796195e-05,flat,4.902532555796195e-05
7,ZERO,0.01,39,0.0,0.005,0.004950974674442038,-4.902532555796195e-05,flat,4.902532555796195e-05
7,ZERO,0.01,40,0.0,0.005,0.004950974674442038,-4.902532555796195e-05,flat,4.902532555796195e-05
7,ZERO,0.01,41,0.0,0.005,0.004950974674442038,-4.902532555796195e-05,flat,4.902532555796195e-05
7,ZERO,0.01,42,0.0,0.005,0.004950974674442038,-4.902532555796195e-05,flat,4.902532555796195e-05
7,ZERO,0.01,43,0.0,0.005,0.004950974674442038,-4.902532555796195e-05,flat,4.902532555796195e-05
7,ZERO,0.01,44,0.0,0.005,0.004950974674442038,-4.902532555796195e-05,flat,4.902532555796195e-05
7,ZERO,0.01,45,0.0,0.005,0.004950974674442038,-4.902532555796195e-05,flat,4.902532555796195e-05
7,ZERO,0.01,46,0.0,0.005,0.004950974674442038,-4.902532555796195e-05,flat,4.902532555796195e-05
7,ZERO,0.01,47,0.0,0.005,0.004950974674442038,-4.902532555796195e-05,flat,4.902532555796195e-05
7,ZERO,0.01,48,0.0,0.005,0.004950974674442038,-4.902532555796195e-05,flat,4.902532555796195e-05
7,ZERO,0.01,49,0.0,0.005,0.004950974674442038,-4.902532555796195e-05,flat,4.902532555796195e-05
7,ZERO,0.01,50,0.0,0.005,0.004950974674442038,-4.902532555796195e-05,flat,4.902532555796195e-05
7,ZERO,0.01,51,0.0,0.005,0.004950974674442038,-4.902532555796195e-05,flat,4.902532555796195e-05
7,ZERO,0.01,52,0.0,0.005,0.004950974674442038,-4.902532555796195e-05,flat,4.902532555796195e-05
7,ZERO,0.01,53,0.0,0.005,0.004950974674442038,-4.902532555796195e-05,flat,4.902532555796195e-05
7,ZERO,0.01,54,0.0,0.005,0.004950974674442038,-4.902532555796195e-05,flat,4.902532555796195e-05
7,ZERO,0.01,55,0.0,0.005,0.004950974674442038,-4.902532555796195e-05,flat,4.902532555796195e-05
7,ZERO,0.01,56,0.0,0.005,0.004950974674442038,-4.902532555796195e-05,flat,4.902532555796195e-05
7,ZERO,0.01,57,0.0,0.005,0.004950974674442038,-4.902532555796195e-05,flat,4.902532555796195e-05
7,ZERO,0.01,58,0.0,0.005,0.004950974674442038,-4.902532555796195e-05,flat,4.902532555796195e-05
7,ZERO,0.01,59,0.0,0.005,0.004950974674442038,-4.902532555796195e-05,flat,4.902532555796195e-05
7,ZERO,0.01,60,0.0,0.005,0.004950974674442038,-4.902532555796195e-05,flat,4.902532555796195e-05
7,ZERO,0.01,61,0.0,0.005,0.004950974674442038,-4.902532555796195e-05,flat,4.902532555796195e-05
7,ZERO,0.01,62,0.0,0.005,0.004950974674442038,-4.902532555796195e-05,flat,4.902532555796195e-05
7,ZERO,0.01,63,0.0,0.005,0.004950974674442038,-4.902532555796195e-05,flat,4.902532555796195e-05
7,ZERO,0.01,64,0.0,0.005,0.004950974674442038,-4.902532555796195e-05,flat,4.902532555796195e-05
7,ZERO,0.01,65,0.0,0.005,0.004950974674442038,-4.902532555796195e-05,flat,4.902532555796195e-05
7,ZERO,0.01,66,0.0,0.005,0.004950974674442038,-4.902532555796195e-05,flat,4.902532555796195e-05
7,ZERO,0.01,67,0.0,0.005,0.004950974674442038,-4.902532555796195e-05,flat,4.902532555796195e-05
7,ZERO,0.01,68,0.0,0.005,0.004950974674442038,-4.902532555796195e-05,flat,4.902532555796195e-05
7,ZERO,0.01,69,0.0,0.005,0.004950974674442038,-4.902532555796195e-05,flat,4.902532555796195e-05
7,ZERO,0.01,70,0.0,0.005,0.004950974674442038,-4.902532555796195e-05,flat,4.902532555796195e-05
7,ZERO,0.01,71,0.0,0.005,0.004950974674442038,-4.902532555796195e-05,flat,4.902532555796195e-05
7,ZERO,0.01,72,0.0,0.005,0.004950974674442038,-4.902532555796195e-05,flat,4.902532555796195e-05
7,ZERO,0.01,73,0.0,0.005,0.004950974674442038,-4.902532555796195e-05,flat,4.902532555796195e-05
7,ZERO,0.01,74,0.0,0.005,0.004950974674442038,-4.902532555796195e-05,flat,4.902532555796195e-05
7,ZERO,0.01,75,0.0,0.005,0.004950974674442038,-4.902532555796195e-05,flat,4.902532555796195e-05
7,ZERO,0.01,76,0.0,0.005,0.004950974674442038,-4.902532555796195e-05,flat,4.902532555796195e-05
7,ZERO,0.01,77,0.0,0.005,0.004950974674442038,-4.902532555796195e-05,flat,4.902532555796195e-05
7,ZERO,0.01,78,0.0,0.005,0.004950974674442038,-4.902532555796195e-05,flat,4.902532555796195e-05
7,ZERO,0.01,79,0.0,0.005,0.004950974674442038,-4.902532555796195e-05,flat,4.902532555796195e-05
7,ZERO,0.01,80,0.0,0.005,0.004950974674442038,-4.902532555796195e-05,flat,4.902532555796195e-05
7,ZERO,0.01,81,0.0,0.005,0.004950974674442038,-4.902532555796195e-05,flat,4.902532555796195e-05
7,ZERO,0.01,82,0.0,0.005,0.004950974674442038,-4.902532555796195e-05,flat,4.902532555796195e-05
7,ZERO,0.01,83,0.0,0.005,0.004950974674442038,-4.902532555796195e-05,flat,4.902532555796195e-05
7,ZERO,0.01,84,0.0,0.005,0.004950974674442038,-4.902532555796195e-05,flat,4.902532555796195e-05
7,ZERO,0.01,85,0.0,0.005,0.004950974674442038,-4.902532555796195e-05,flat,4.902532555796195e-05
7,ZERO,0.01,86,0.0,0.005,0.004950974674442038,-4.902532555796195e-05,flat,4.902532555796195e-05
7,ZERO,0.01,87,0.0,0.005,0.004950974674442038,-4.902532555796195e-05,flat,4.902532555796195e-05
7,ZERO,0.01,88,0.0,0.005,0.004950974674442038,-4.902532555796195e-05,flat,4.902532555796195e-05
7,ZERO,0.01,89,0.0,0.005,0.004950974674442038,-4.902532555796195e-05,flat,4.902532555796195e-05
7,ZERO,0.01,90,0.0,0.005,0.004950974674442038,-4.902532555796195e-05,flat,4.902532555796195e-05
7,ZERO,0.01,91,0.0,0.005,0.004950974674442038,-4.902532555796195e-05,flat,4.902532555796195e-05
7,ZERO,0.01,92,0.0,0.005,0.004950974674442038,-4.902532555796195e-05,flat,4.902532555796195e-05
7,ZERO,0.01,93,0.0,0.005,0.004950974674442038,-4.902532555796195e-05,flat,4.902532555796195e-05
7,ZERO,0.01,94,0.0,0.005,0.004950974674442038,-4.902532555796195e-05,flat,4.902532555796195e-05
7,ZERO,0.01,95,0.0,0.005,0.004950974674442038,-4.902532555796195e-05,flat,4.902532555796195e-05
7,ZERO,0.01,96,0.0,0.005,0.004950974674442038,-4.902532555796195e-05,flat,4.902532555796195e-05
7,ZERO,0.01,97,0.0,0.005,0.004950974674442038,-4.902532555796195e-05,flat,4.902532555796195e-05
7,ZERO,0.01,98,0.0,0.005,0.004950974674442038,-4.902532555796195e-05,flat,4.902532555796195e-05
7,ZERO,0.01,99,0.0,0.005,0.004950974674442038,-4.902532555796195e-05,flat,4.902532555796195e-05
7,ZERO,0.01,100,0.0,0.005,0.004950974674442038,-4.902532555796195e-05,flat,4.902532555796195e-05
7,ZERO,0.01,101,0.0,0.005,0.004950974674442038,-4.902532555796195e-05,flat,4.902532555796195e-05
7,ZERO,0.01,102,0.0,0.005,0.004950974674442038,-4.902532555796195e-05,flat,4.902532555796195e-05
7,ZERO,0.01,103,0.0,0.005,0.004950974674442038,-4.902532555796195e-05,flat,4.902532555796195e-05
7,ZERO,0.01,104,0.0,0.005,0.004950974674442038,-4.902532555796195e-05,flat,4.902532555796195e-05
7,ZERO,0.01,105,0.0,0.005,0.004950974674442038,-4.902532555796195e-05,flat,4.902532555796195e-05
7,ZERO,0.01,106,0.0,0.005,0.004950974674442038,-4.902532555796195e-05,flat,4.902532555796195e-05
7,ZERO,0.01,107,0.0,0.005,0.004950974674442038,-4.902532555796195e-05,flat,4.902532555796195e-05
7,ZERO,0.01,108,0.0,0.005,0.004950974674442038,-4.902532555796195e-05,flat,4.902532555796195e-05
7,ZERO,0.01,109,0.0,0.005,0.004950974674442038,-4.902532555796195e-05,flat,4.902532555796195e-05
7,ZERO,0.01,110,0.0,0.005,0.004950974674442038,-4.902532555796195e-05,flat,4.902532555796195e-05
7,ZERO,0.01,111,0.0,0.005,0.004950974674442038,-4.902532555796195e-05,flat,4.902532555796195e-05
7,ZERO,0.01,112,0.0,0.005,0.004950974674442038,-4.902532555796195e-05,flat,4.902532555796195e-05
7,ZERO,0.01,113,0.0,0.005,0.004950974674442038,-4.902532555796195e-05,flat,4.902532555796195e-05
7,ZERO,0.01,114,0.0,0.005,0.004950974674442038,-4.902532555796195e-05,flat,4.902532555796195e-05
7,ZERO,0.01,115,0.0,0.005,0.004950974674442038,-4.902532555796195e-05,flat,4.902532555796195e-05
7,ZERO,0.01,116,0.0,0.005,0.004950974674442038,-4.902532555796195e-05,flat,4.902532555796195e-05
7,ZERO,0.01,117,0.0,0.005,0.004950974674442038,-4.902532555796195e-05,flat,4.902532555796195e-05
7,ZERO,0.01,118,0.0,0.005,0.004950974674442038,-4.902532555796195e-05,flat,4.902532555796195e-05
7,ZERO,0.01,119,0.0,0.005,0.004950974674442038,-4.902532555796195e-05,flat,4.902532555796195e-05
7,ZERO,0.01,120,0.0,0.005,0.004950974674442038,-4.902532555796195e-05,flat,4.902532555796195e-05
7,ZERO,0.01,121,0.0,0.005,0.004950974674442038,-4.902532555796195e-05,flat,4.902532555796195e-05
7,ZERO,0.01,122,0.0,0.005,0.004950974674442038,-4.902532555796195e-05,flat,4.902532555796195e-05
7,ZERO,0.01,123,0.0,0.005,0.004950974674442038,-4.902532555796195e-05,flat,4.902532555796195e-05
7,ZERO,0.01,124,0.0,0.005,0.004950974674442038,-4.902532555796195e-05,flat,4.902532555796195e-05
7,ZERO,0.01,125,0.0,0.005,0.004950974674442038,-4.902532555796195e-05,flat,4.902532555796195e-05
7,ZERO,0.01,126,0.0,0.005,0.004950974674442038,-4.902532555796195e-05,flat,4.902532555796195e-05
7,ZERO,0.01,127,0.0,0.005,0.004950974674442038,-4.902532555796195e-05,flat,4.902532555796195e-05
7,ZERO,0.01,128,0.0,0.005,0.004950974674442038,-4.902532555796195e-05,flat,4.902532555796195e-05
7,ZERO,0.01,129,0.0,0.005,0.004950974674442038,-4.902532555796195e-05,flat,4.902532555796195e-05
7,ZERO,0.01,130,0.0,0.005,0.004950974674442038,-4.902532555796195e-05,flat,4.902532555796195e-05
7,ZERO,0.01,131,0.0,0.005,0.004950974674442038,-4.902532555796195e-05,flat,4.902532555796195e-05
7,ZERO,0.01,132,0.0,0.005,0.004950974674442038,-4.902532555796195e-05,flat,4.902532555796195e-05
7,ZERO,0.01,133,0.0,0.005,0.004950974674442038,-4.902532555796195e-05,flat,4.902532555796195e-05
7,ZERO,0.01,134,0.0,0.005,0.004950974674442038,-4.902532555796195e-05,flat,4.902532555796195e-05
7,ZERO,0.01,135,0.0,0.005,0.004950974674442038,-4.902532555796195e-05,flat,4.902532555796195e-05
7,ZERO,0.01,136,0.0,0.005,0.004950974674442038,-4.902532555796195e-05,flat,4.902532555796195e-05
7,ZERO,0.01,137,0.0,0.005,0.004950974674442038,-4.902532555796195e-05,flat,4.902532555796195e-05
7,ZERO,0.01,138,0.0,0.005,0.004950974674442038,-4.902532555796195e-05,flat,4.902532555796195e-05
7,ZERO,0.01,139,0.0,0.005,0.004950974674442038,-4.902532555796195e-05,flat,4.902532555796195e-05
7,ZERO,0.01,140,0.0,0.005,0.004950974674442038,-4.902532555796195e-05,flat,4.902532555796195e-05
7,ZERO,0.01,141,0.0,0.005,0.004950974674442038,-4.902532555796195e-05,flat,4.902532555796195e-05
7,ZERO,0.01,142,0.0,0.005,0.004950974674442038,-4.902532555796195e-05,flat,4.902532555796195e-05
7,ZERO,0.01,143,0.0,0.005,0.004950974674442038,-4.902532555796195e-05,flat,4.902532555796195e-05
7,ZERO,0.01,144,0.0,0.005,0.004950974674442038,-4.902532555796195e-05,flat,4.902532555796195e-05
7,ZERO,0.01,145,0.0,0.005,0.004950974674442038,-4.902532555796195e-05,flat,4.902532555796195e-05
7,ZERO,0.01,146,0.0,0.005,0.004950974674442038,-4.902532555796195e-05,flat,4.902532555796195e-05
7,ZERO,0.01,147,0.0,0.005,0.004950974674442038,-4.902532555796195e-05,flat,4.902532555796195e-05
7,ZERO,0.01,148,0.0,0.005,0.004950974674442038,-4.902532555796195e-05,flat,4.902532555796195e-05
7,ZERO,0.01,149,0.0,0.005,0.004950974674442038,-4.902532555796195e-05,flat,4.902532555796195e-05
7,ZERO,0.01,150,0.0,0.005,0.004950974674442038,-4.902532555796195e-05,flat,4.902532555796195e-05
7,ZERO,0.01,151,0.0,0.005,0.004950974674442038,-4.902532555796195e-05,flat,4.902532555796195e-05
7,ZERO,0.01,152,0.0,0.005,0.004950974674442038,-4.902532555796195e-05,flat,4.902532555796195e-05
7,ZERO,0.01,153,0.0,0.005,0.004950974674442038,-4.902532555796195e-05,flat,4.902532555796195e-05
7,ZERO,0.01,154,0.0,0.005,0.004950974674442038,-4.902532555796195e-05,flat,4.902532555796195e-05
7,ZERO,0.01,156,0.0,0.005,0.004950974674442038,-4.902532555796195e-05,flat,4.902532555796195e-05
7,ZERO,0.01,157,0.0,0.005,0.004950974674442038,-4.902532555796195e-05,flat,4.902532555796195e-05
7,ZERO,0.01,158,0.0,0.005,0.004950974674442038,-4.902532555796195e-05,flat,4.902532555796195e-05
7,ZERO,0.01,159,0.0,0.005,0.004950974674442038,-4.902532555796195e-05,flat,4.902532555796195e-05
7,ZERO,0.01,160,0.0,0.005,0.004950974674442038,-4.902532555796195e-05,flat,4.902532555796195e-05
7,ZERO,0.01,161,0.0,0.005,0.004950974674442038,-4.902532555796195e-05,flat,4.902532555796195e-05
7,ZERO,0.01,162,0.0,0.005,0.004950974674442038,-4.902532555796195e-05,flat,4.902532555796195e-05
7,ZERO,0.01,163,0.0,0.005,0.004950974674442038,-4.902532555796195e-05,flat,4.902532555796195e-05
7,ZERO,0.01,164,0.0,0.005,0.004950974674442038,-4.902532555796195e-05,flat,4.902532555796195e-05
7,ZERO,0.01,165,0.0,0.005,0.004950974674442038,-4.902532555796195e-05,flat,4.902532555796195e-05
7,ZERO,0.01,166,0.0,0.005,0.004950974674442038,-4.902532555796195e-05,flat,4.902532555796195e-05
7,ZERO,0.01,167,0.0,0.005,0.004950974674442038,-4.902532555796195e-05,flat,4.902532555796195e-05
7,ZERO,0.01,168,0.0,0.005,0.004950974674442038,-4.902532555796195e-05,flat,4.902532555796195e-05
7,ZERO,0.01,169,0.0,0.005,0.004950974674442038,-4.902532555796195e-05,flat,4.902532555796195e-05
7,ZERO,0.01,170,0.0,0.005,0.004950974674442038,-4.902532555796195e-05,flat,4.902532555796195e-05
7,ZERO,0.01,171,0.0,0.005,0.004950974674442038,-4.902532555796195e-05,flat,4.902532555796195e-05
7,ZERO,0.01,172,0.0,0.005,0.004950974674442038,-4.902532555796195e-05,flat,4.902532555796195e-05
7,ZERO,0.01,173,0.0,0.005,0.004950974674442038,-4.902532555796195e-05,flat,4.902532555796195e-05
7,ZERO,0.01,174,0.0,0.005,0.004950974674442038,-4.902532555796195e-05,flat,4.902532555796195e-05
7,ZERO,0.01,175,0.0,0.005,0.004950974674442038,-4.902532555796195e-05,flat,4.902532555796195e-05
7,ZERO,0.01,176,0.0,0.005,0.004950974674442038,-4.902532555796195e-05,flat,4.902532555796195e-05
7,ZERO,0.01,177,0.0,0.005,0.004950974674442038,-4.902532555796195e-05,flat,4.902532555796195e-05
7,ZERO,0.01,178,0.0,0.005,0.004950974674442038,-4.902532555796195e-05,flat,4.902532555796195e-05
7,ZERO,0.01,179,0.0,0.005,0.004950974674442038,-4.902532555796195e-05,flat,4.902532555796195e-05
7,ZERO,0.01,180,0.0,0.005,0.004950974674442038,-4.902532555796195e-05,flat,4.902532555796195e-05
7,ZERO,0.01,181,0.0,0.005,0.004950974674442038,-4.902532555796195e-05,flat,4.902532555796195e-05
7,ZERO,0.01,182,0.0,0.005,0.004950974674442038,-4.902532555796195e-05,flat,4.902532555796195e-05
7,ZERO,0.01,183,0.0,0.005,0.004950974674442038,-4.902532555796195e-05,flat,4.902532555796195e-05
7,ZERO,0.01,184,0.0,0.005,0.004950974674442038,-4.902532555796195e-05,flat,4.902532555796195e-05
7,ZERO,0.01,185,0.0,0.005,0.004950974674442038,-4.902532555796195e-05,flat,4.902532555796195e-05
7,ZERO,0.01,186,0.0,0.005,0.004950974674442038,-4.902532555796195e-05,flat,4.902532555796195e-05
7,ZERO,0.01,187,0.0,0.005,0.004950974674442038,-4.902532555796195e-05,flat,4.902532555796195e-05
7,ZERO,0.01,188,0.0,0.005,0.004950974674442038,-4.902532555796195e-05,flat,4.902532555796195e-05
7,ZERO,0.01,189,0.0,0.005,0.004950974674442038,-4.902532555796195e-05,flat,4.902532555796195e-05
7,ZERO,0.01,190,0.0,0.005,0.004950974674442038,-4.902532555796195e-05,flat,4.902532555796195e-05
7,ZERO,0.01,191,0.0,0.005,0.004950974674442038,-4.902532555796195e-05,flat,4.902532555796195e-05
7,ZERO,0.01,192,0.0,0.005,0.004950974674442038,-4.902532555796195e-05,flat,4.902532555796195e-05
7,ZERO,0.01,193,0.0,0.005,0.004950974674442038,-4.902532555796195e-05,flat,4.902532555796195e-05
7,ZERO,0.01,194,0.0,0.005,0.004950974674442038,-4.902532555796195e-05,flat,4.902532555796195e-05
7,ZERO,0.01,195,0.0,0.005,0.004950974674442038,-4.902532555796195e-05,flat,4.902532555796195e-05
7,ZERO,0.01,196,0.0,0.005,0.004950974674442038,-4.902532555796195e-05,flat,4.902532555796195e-05
7,ZERO,0.01,197,0.0,0.005,0.004950974674442038,-4.902532555796195e-05,flat,4.902532555796195e-05
7,ZERO,0.01,198,0.0,0.005,0.004950974674442038,-4.902532555796195e-05,flat,4.902532555796195e-05
7,ZERO,0.01,199,0.0,0.005,0.004950974674442038,-4.902532555796195e-05,flat,4.902532555796195e-05
7,ZERO,0.01,200,0.0,0.005,0.004950974674442038,-4.902532555796195e-05,flat,4.902532555796195e-05
7,ZERO,0.05,155,384583.912936748,0.005,0.01830789204629027,0.013307892046290268,flat,0.013307892046290268
7,ZERO,0.05,35,243842.566074789,0.005,0.013397652145908578,0.008397652145908579,flat,0.008397652145908579
7,ZERO,0.05,1,0.0,0.005,0.004890376039433339,-0.00010962396056666147,flat,0.00010962396056666147
7,ZERO,0.05,2,0.0,0.005,0.004890376039433339,-0.00010962396056666147,flat,0.00010962396056666147
7,ZERO,0.05,3,0.0,0.005,0.004890376039433339,-0.00010962396056666147,flat,0.00010962396056666147
7,ZERO,0.05,4,0.0,0.005,0.004890376039433339,-0.00010962396056666147,flat,0.00010962396056666147
7,ZERO,0.05,5,0.0,0.005,0.004890376039433339,-0.00010962396056666147,flat,0.00010962396056666147
7,ZERO,0.05,6,0.0,0.005,0.004890376039433339,-0.00010962396056666147,flat,0.00010962396056666147
7,ZERO,0.05,7,0.0,0.005,0.004890376039433339,-0.00010962396056666147,flat,0.00010962396056666147
7,ZERO,0.05,8,0.0,0.005,0.004890376039433339,-0.00010962396056666147,flat,0.00010962396056666147
7,ZERO,0.05,9,0.0,0.005,0.004890376039433339,-0.00010962396056666147,flat,0.00010962396056666147
7,ZERO,0.05,10,0.0,0.005,0.004890376039433339,-0.00010962396056666147,flat,0.00010962396056666147
7,ZERO,0.05,11,0.0,0.005,0.004890376039433339,-0.00010962396056666147,flat,0.00010962396056666147
7,ZERO,0.05,12,0.0,0.005,0.004890376039433339,-0.00010962396056666147,flat,0.00010962396056666147
7,ZERO,0.05,13,0.0,0.005,0.004890376039433339,-0.00010962396056666147,flat,0.00010962396056666147
7,ZERO,0.05,14,0.0,0.005,0.004890376039433339,-0.00010962396056666147,flat,0.00010962396056666147
7,ZERO,0.05,15,0.0,0.005,0.004890376039433339,-0.00010962396056666147,flat,0.00010962396056666147
7,ZERO,0.05,16,0.0,0.005,0.004890376039433339,-0.00010962396056666147,flat,0.00010962396056666147
7,ZERO,0.05,17,0.0,0.005,0.004890376039433339,-0.00010962396056666147,flat,0.00010962396056666147
7,ZERO,0.05,18,0.0,0.005,0.004890376039433339,-0.00010962396056666147,flat,0.00010962396056666147
7,ZERO,0.05,19,0.0,0.005,0.004890376039433339,-0.00010962396056666147,flat,0.00010962396056666147
7,ZERO,0.05,20,0.0,0.005,0.004890376039433339,-0.00010962396056666147,flat,0.00010962396056666147
7,ZERO,0.05,21,0.0,0.005,0.004890376039433339,-0.00010962396056666147,flat,0.00010962396056666147
7,ZERO,0.05,22,0.0,0.005,0.004890376039433339,-0.00010962396056666147,flat,0.00010962396056666147
7,ZERO,0.05,23,0.0,0.005,0.004890376039433339,-0.00010962396056666147,flat,0.00010962396056666147
7,ZERO,0.05,24,0.0,0.005,0.004890376039433339,-0.00010962396056666147,flat,0.00010962396056666147
7,ZERO,0.05,25,0.0,0.005,0.004890376039433339,-0.00010962396056666147,flat,0.00010962396056666147
7,ZERO,0.05,26,0.0,0.005,0.004890376039433339,-0.00010962396056666147,flat,0.00010962396056666147
7,ZERO,0.05,27,0.0,0.005,0.004890376039433339,-0.00010962396056666147,flat,0.00010962396056666147
7,ZERO,0.05,28,0.0,0.005,0.004890376039433339,-0.00010962396056666147,flat,0.00010962396056666147
7,ZERO,0.05,29,0.0,0.005,0.004890376039433339,-0.00010962396056666147,flat,0.00010962396056666147
7,ZERO,0.05,30,0.0,0.005,0.004890376039433339,-0.00010962396056666147,flat,0.00010962396056666147
7,ZERO,0.05,31,0.0,0.005,0.004890376039433339,-0.00010962396056666147,flat,0.00010962396056666147
7,ZERO,0.05,32,0.0,0.005,0.004890376039433339,-0.00010962396056666147,flat,0.00010962396056666147
7,ZERO,0.05,33,0.0,0.005,0.004890376039433339,-0.00010962396056666147,flat,0.00010962396056666147
7,ZERO,0.05,34,0.0,0.005,0.004890376039433339,-0.00010962396056666147,flat,0.00010962396056666147
7,ZERO,0.05,36,0.0,0.005,0.004890376039433339,-0.00010962396056666147,flat,0.00010962396056666147
7,ZERO,0.05,37,0.0,0.005,0.004890376039433339,-0.00010962396056666147,flat,0.00010962396056666147
7,ZERO,0.05,38,0.0,0.005,0.004890376039433339,-0.00010962396056666147,flat,0.00010962396056666147
7,ZERO,0.05,39,0.0,0.005,0.004890376039433339,-0.00010962396056666147,flat,0.00010962396056666147
7,ZERO,0.05,40,0.0,0.005,0.004890376039433339,-0.00010962396056666147,flat,0.00010962396056666147
7,ZERO,0.05,41,0.0,0.005,0.004890376039433339,-0.00010962396056666147,flat,0.00010962396056666147
7,ZERO,0.05,42,0.0,0.005,0.004890376039433339,-0.00010962396056666147,flat,0.00010962396056666147
7,ZERO,0.05,43,0.0,0.005,0.004890376039433339,-0.00010962396056666147,flat,0.00010962396056666147
7,ZERO,0.05,44,0.0,0.005,0.004890376039433339,-0.00010962396056666147,flat,0.00010962396056666147
7,ZERO,0.05,45,0.0,0.005,0.004890376039433339,-0.00010962396056666147,flat,0.00010962396056666147
7,ZERO,0.05,46,0.0,0.005,0.004890376039433339,-0.00010962396056666147,flat,0.00010962396056666147
7,ZERO,0.05,47,0.0,0.005,0.004890376039433339,-0.00010962396056666147,flat,0.00010962396056666147
7,ZERO,0.05,48,0.0,0.005,0.004890376039433339,-0.00010962396056666147,flat,0.00010962396056666147
7,ZERO,0.05,49,0.0,0.005,0.004890376039433339,-0.00010962396056666147,flat,0.00010962396056666147
7,ZERO,0.05,50,0.0,0.005,0.004890376039433339,-0.00010962396056666147,flat,0.00010962396056666147
7,ZERO,0.05,51,0.0,0.005,0.004890376039433339,-0.00010962396056666147,flat,0.00010962396056666147
7,ZERO,0.05,52,0.0,0.005,0.004890376039433339,-0.00010962396056666147,flat,0.00010962396056666147
7,ZERO,0.05,53,0.0,0.005,0.004890376039433339,-0.00010962396056666147,flat,0.00010962396056666147
7,ZERO,0.05,54,0.0,0.005,0.004890376039433339,-0.00010962396056666147,flat,0.00010962396056666147
7,ZERO,0.05,55,0.0,0.005,0.004890376039433339,-0.00010962396056666147,flat,0.00010962396056666147
7,ZERO,0.05,56,0.0,0.005,0.004890376039433339,-0.00010962396056666147,flat,0.00010962396056666147
7,ZERO,0.05,57,0.0,0.005,0.004890376039433339,-0.00010962396056666147,flat,0.00010962396056666147
7,ZERO,0.05,58,0.0,0.005,0.004890376039433339,-0.00010962396056666147,flat,0.00010962396056666147
7,ZERO,0.05,59,0.0,0.005,0.004890376039433339,-0.00010962396056666147,flat,0.00010962396056666147
7,ZERO,0.05,60,0.0,0.005,0.004890376039433339,-0.00010962396056666147,flat,0.00010962396056666147
7,ZERO,0.05,61,0.0,0.005,0.004890376039433339,-0.00010962396056666147,flat,0.00010962396056666147
7,ZERO,0.05,62,0.0,0.005,0.004890376039433339,-0.00010962396056666147,flat,0.00010962396056666147
7,ZERO,0.05,63,0.0,0.005,0.004890376039433339,-0.00010962396056666147,flat,0.00010962396056666147
7,ZERO,0.05,64,0.0,0.005,0.004890376039433339,-0.00010962396056666147,flat,0.00010962396056666147
7,ZERO,0.05,65,0.0,0.005,0.004890376039433339,-0.00010962396056666147,flat,0.00010962396056666147
7,ZERO,0.05,66,0.0,0.005,0.004890376039433339,-0.00010962396056666147,flat,0.00010962396056666147
7,ZERO,0.05,67,0.0,0.005,0.004890376039433339,-0.00010962396056666147,flat,0.00010962396056666147
7,ZERO,0.05,68,0.0,0.005,0.004890376039433339,-0.00010962396056666147,flat,0.00010962396056666147
7,ZERO,0.05,69,0.0,0.005,0.004890376039433339,-0.00010962396056666147,flat,0.00010962396056666147
7,ZERO,0.05,70,0.0,0.005,0.004890376039433339,-0.00010962396056666147,flat,0.00010962396056666147
7,ZERO,0.05,71,0.0,0.005,0.004890376039433339,-0.00010962396056666147,flat,0.00010962396056666147
7,ZERO,0.05,72,0.0,0.005,0.004890376039433339,-0.00010962396056666147,flat,0.00010962396056666147
7,ZERO,0.05,73,0.0,0.005,0.004890376039433339,-0.00010962396056666147,flat,0.00010962396056666147
7,ZERO,0.05,74,0.0,0.005,0.004890376039433339,-0.00010962396056666147,flat,0.00010962396056666147
7,ZERO,0.05,75,0.0,0.005,0.004890376039433339,-0.00010962396056666147,flat,0.00010962396056666147
7,ZERO,0.05,76,0.0,0.005,0.004890376039433339,-0.00010962396056666147,flat,0.00010962396056666147
7,ZERO,0.05,77,0.0,0.005,0.004890376039433339,-0.00010962396056666147,flat,0.00010962396056666147
7,ZERO,0.05,78,0.0,0.005,0.004890376039433339,-0.00010962396056666147,flat,0.00010962396056666147
7,ZERO,0.05,79,0.0,0.005,0.004890376039433339,-0.00010962396056666147,flat,0.00010962396056666147
7,ZERO,0.05,80,0.0,0.005,0.004890376039433339,-0.00010962396056666147,flat,0.00010962396056666147
7,ZERO,0.05,81,0.0,0.005,0.004890376039433339,-0.00010962396056666147,flat,0.00010962396056666147
7,ZERO,0.05,82,0.0,0.005,0.004890376039433339,-0.00010962396056666147,flat,0.00010962396056666147
7,ZERO,0.05,83,0.0,0.005,0.004890376039433339,-0.00010962396056666147,flat,0.00010962396056666147
7,ZERO,0.05,84,0.0,0.005,0.004890376039433339,-0.00010962396056666147,flat,0.00010962396056666147
7,ZERO,0.05,85,0.0,0.005,0.004890376039433339,-0.00010962396056666147,flat,0.00010962396056666147
7,ZERO,0.05,86,0.0,0.005,0.004890376039433339,-0.00010962396056666147,flat,0.00010962396056666147
7,ZERO,0.05,87,0.0,0.005,0.004890376039433339,-0.00010962396056666147,flat,0.00010962396056666147
7,ZERO,0.05,88,0.0,0.005,0.004890376039433339,-0.00010962396056666147,flat,0.00010962396056666147
7,ZERO,0.05,89,0.0,0.005,0.004890376039433339,-0.00010962396056666147,flat,0.00010962396056666147
7,ZERO,0.05,90,0.0,0.005,0.004890376039433339,-0.00010962396056666147,flat,0.00010962396056666147
7,ZERO,0.05,91,0.0,0.005,0.004890376039433339,-0.00010962396056666147,flat,0.00010962396056666147
7,ZERO,0.05,92,0.0,0.005,0.004890376039433339,-0.00010962396056666147,flat,0.00010962396056666147
7,ZERO,0.05,93,0.0,0.005,0.004890376039433339,-0.00010962396056666147,flat,0.00010962396056666147
7,ZERO,0.05,94,0.0,0.005,0.004890376039433339,-0.00010962396056666147,flat,0.00010962396056666147
7,ZERO,0.05,95,0.0,0.005,0.004890376039433339,-0.00010962396056666147,flat,0.00010962396056666147
7,ZERO,0.05,96,0.0,0.005,0.004890376039433339,-0.00010962396056666147,flat,0.00010962396056666147
7,ZERO,0.05,97,0.0,0.005,0.004890376039433339,-0.00010962396056666147,flat,0.00010962396056666147
7,ZERO,0.05,98,0.0,0.005,0.004890376039433339,-0.00010962396056666147,flat,0.00010962396056666147
7,ZERO,0.05,99,0.0,0.005,0.004890376039433339,-0.00010962396056666147,flat,0.00010962396056666147
7,ZERO,0.05,100,0.0,0.005,0.004890376039433339,-0.00010962396056666147,flat,0.00010962396056666147
7,ZERO,0.05,101,0.0,0.005,0.004890376039433339,-0.00010962396056666147,flat,0.00010962396056666147
7,ZERO,0.05,102,0.0,0.005,0.004890376039433339,-0.00010962396056666147,flat,0.00010962396056666147
7,ZERO,0.05,103,0.0,0.005,0.004890376039433339,-0.00010962396056666147,flat,0.00010962396056666147
7,ZERO,0.05,104,0.0,0.005,0.004890376039433339,-0.00010962396056666147,flat,0.00010962396056666147
7,ZERO,0.05,105,0.0,0.005,0.004890376039433339,-0.00010962396056666147,flat,0.00010962396056666147
7,ZERO,0.05,106,0.0,0.005,0.004890376039433339,-0.00010962396056666147,flat,0.00010962396056666147
7,ZERO,0.05,107,0.0,0.005,0.004890376039433339,-0.00010962396056666147,flat,0.00010962396056666147
7,ZERO,0.05,108,0.0,0.005,0.004890376039433339,-0.00010962396056666147,flat,0.00010962396056666147
7,ZERO,0.05,109,0.0,0.005,0.004890376039433339,-0.00010962396056666147,flat,0.00010962396056666147
7,ZERO,0.05,110,0.0,0.005,0.004890376039433339,-0.00010962396056666147,flat,0.00010962396056666147
7,ZERO,0.05,111,0.0,0.005,0.004890376039433339,-0.00010962396056666147,flat,0.00010962396056666147
7,ZERO,0.05,112,0.0,0.005,0.004890376039433339,-0.00010962396056666147,flat,0.00010962396056666147
7,ZERO,0.05,113,0.0,0.005,0.004890376039433339,-0.00010962396056666147,flat,0.00010962396056666147
7,ZERO,0.05,114,0.0,0.005,0.004890376039433339,-0.00010962396056666147,flat,0.00010962396056666147
7,ZERO,0.05,115,0.0,0.005,0.004890376039433339,-0.00010962396056666147,flat,0.00010962396056666147
7,ZERO,0.05,116,0.0,0.005,0.004890376039433339,-0.00010962396056666147,flat,0.00010962396056666147
7,ZERO,0.05,117,0.0,0.005,0.004890376039433339,-0.00010962396056666147,flat,0.00010962396056666147
7,ZERO,0.05,118,0.0,0.005,0.004890376039433339,-0.00010962396056666147,flat,0.00010962396056666147
7,ZERO,0.05,119,0.0,0.005,0.004890376039433339,-0.00010962396056666147,flat,0.00010962396056666147
7,ZERO,0.05,120,0.0,0.005,0.004890376039433339,-0.00010962396056666147,flat,0.00010962396056666147
7,ZERO,0.05,121,0.0,0.005,0.004890376039433339,-0.00010962396056666147,flat,0.00010962396056666147
7,ZERO,0.05,122,0.0,0.005,0.004890376039433339,-0.00010962396056666147,flat,0.00010962396056666147
7,ZERO,0.05,123,0.0,0.005,0.004890376039433339,-0.00010962396056666147,flat,0.00010962396056666147
7,ZERO,0.05,124,0.0,0.005,0.004890376039433339,-0.00010962396056666147,flat,0.00010962396056666147
7,ZERO,0.05,125,0.0,0.005,0.004890376039433339,-0.00010962396056666147,flat,0.00010962396056666147
7,ZERO,0.05,126,0.0,0.005,0.004890376039433339,-0.00010962396056666147,flat,0.00010962396056666147
7,ZERO,0.05,127,0.0,0.005,0.004890376039433339,-0.00010962396056666147,flat,0.00010962396056666147
7,ZERO,0.05,128,0.0,0.005,0.004890376039433339,-0.00010962396056666147,flat,0.00010962396056666147
7,ZERO,0.05,129,0.0,0.005,0.004890376039433339,-0.00010962396056666147,flat,0.00010962396056666147
7,ZERO,0.05,130,0.0,0.005,0.004890376039433339,-0.00010962396056666147,flat,0.00010962396056666147
7,ZERO,0.05,131,0.0,0.005,0.004890376039433339,-0.00010962396056666147,flat,0.00010962396056666147
7,ZERO,0.05,132,0.0,0.005,0.004890376039433339,-0.00010962396056666147,flat,0.00010962396056666147
7,ZERO,0.05,133,0.0,0.005,0.004890376039433339,-0.00010962396056666147,flat,0.00010962396056666147
7,ZERO,0.05,134,0.0,0.005,0.004890376039433339,-0.00010962396056666147,flat,0.00010962396056666147
7,ZERO,0.05,135,0.0,0.005,0.004890376039433339,-0.00010962396056666147,flat,0.00010962396056666147
7,ZERO,0.05,136,0.0,0.005,0.004890376039433339,-0.00010962396056666147,flat,0.00010962396056666147
7,ZERO,0.05,137,0.0,0.005,0.004890376039433339,-0.00010962396056666147,flat,0.00010962396056666147
7,ZERO,0.05,138,0.0,0.005,0.004890376039433339,-0.00010962396056666147,flat,0.00010962396056666147
7,ZERO,0.05,139,0.0,0.005,0.004890376039433339,-0.00010962396056666147,flat,0.00010962396056666147
7,ZERO,0.05,140,0.0,0.005,0.004890376039433339,-0.00010962396056666147,flat,0.00010962396056666147
7,ZERO,0.05,141,0.0,0.005,0.004890376039433339,-0.00010962396056666147,flat,0.00010962396056666147
7,ZERO,0.05,142,0.0,0.005,0.004890376039433339,-0.00010962396056666147,flat,0.00010962396056666147
7,ZERO,0.05,143,0.0,0.005,0.004890376039433339,-0.00010962396056666147,flat,0.00010962396056666147
7,ZERO,0.05,144,0.0,0.005,0.004890376039433339,-0.00010962396056666147,flat,0.00010962396056666147
7,ZERO,0.05,145,0.0,0.005,0.004890376039433339,-0.00010962396056666147,flat,0.00010962396056666147
7,ZERO,0.05,146,0.0,0.005,0.004890376039433339,-0.00010962396056666147,flat,0.00010962396056666147
7,ZERO,0.05,147,0.0,0.005,0.004890376039433339,-0.00010962396056666147,flat,0.00010962396056666147
7,ZERO,0.05,148,0.0,0.005,0.004890376039433339,-0.00010962396056666147,flat,0.00010962396056666147
7,ZERO,0.05,149,0.0,0.005,0.004890376039433339,-0.00010962396056666147,flat,0.00010962396056666147
7,ZERO,0.05,150,0.0,0.005,0.004890376039433339,-0.00010962396056666147,flat,0.00010962396056666147
7,ZERO,0.05,151,0.0,0.005,0.004890376039433339,-0.00010962396056666147,flat,0.00010962396056666147
7,ZERO,0.05,152,0.0,0.005,0.004890376039433339,-0.00010962396056666147,flat,0.00010962396056666147
7,ZERO,0.05,153,0.0,0.005,0.004890376039433339,-0.00010962396056666147,flat,0.00010962396056666147
7,ZERO,0.05,154,0.0,0.005,0.004890376039433339,-0.00010962396056666147,flat,0.00010962396056666147
7,ZERO,0.05,156,0.0,0.005,0.004890376039433339,-0.00010962396056666147,flat,0.00010962396056666147
7,ZERO,0.05,157,0.0,0.005,0.004890376039433339,-0.00010962396056666147,flat,0.00010962396056666147
7,ZERO,0.05,158,0.0,0.005,0.004890376039433339,-0.00010962396056666147,flat,0.00010962396056666147
7,ZERO,0.05,159,0.0,0.005,0.004890376039433339,-0.00010962396056666147,flat,0.00010962396056666147
7,ZERO,0.05,160,0.0,0.005,0.004890376039433339,-0.00010962396056666147,flat,0.00010962396056666147
7,ZERO,0.05,161,0.0,0.005,0.004890376039433339,-0.00010962396056666147,flat,0.00010962396056666147
7,ZERO,0.05,162,0.0,0.005,0.004890376039433339,-0.00010962396056666147,flat,0.00010962396056666147
7,ZERO,0.05,163,0.0,0.005,0.004890376039433339,-0.00010962396056666147,flat,0.00010962396056666147
7,ZERO,0.05,164,0.0,0.005,0.004890376039433339,-0.00010962396056666147,flat,0.00010962396056666147
7,ZERO,0.05,165,0.0,0.005,0.004890376039433339,-0.00010962396056666147,flat,0.00010962396056666147
7,ZERO,0.05,166,0.0,0.005,0.004890376039433339,-0.00010962396056666147,flat,0.00010962396056666147
7,ZERO,0.05,167,0.0,0.005,0.004890376039433339,-0.00010962396056666147,flat,0.00010962396056666147
7,ZERO,0.05,168,0.0,0.005,0.004890376039433339,-0.00010962396056666147,flat,0.00010962396056666147
7,ZERO,0.05,169,0.0,0.005,0.004890376039433339,-0.00010962396056666147,flat,0.00010962396056666147
7,ZERO,0.05,170,0.0,0.005,0.004890376039433339,-0.00010962396056666147,flat,0.00010962396056666147
7,ZERO,0.05,171,0.0,0.005,0.004890376039433339,-0.00010962396056666147,flat,0.00010962396056666147
7,ZERO,0.05,172,0.0,0.005,0.004890376039433339,-0.00010962396056666147,flat,0.00010962396056666147
7,ZERO,0.05,173,0.0,0.005,0.004890376039433339,-0.00010962396056666147,flat,0.00010962396056666147
7,ZERO,0.05,174,0.0,0.005,0.004890376039433339,-0.00010962396056666147,flat,0.00010962396056666147
7,ZERO,0.05,175,0.0,0.005,0.004890376039433339,-0.00010962396056666147,flat,0.00010962396056666147
7,ZERO,0.05,176,0.0,0.005,0.004890376039433339,-0.00010962396056666147,flat,0.00010962396056666147
7,ZERO,0.05,177,0.0,0.005,0.004890376039433339,-0.00010962396056666147,flat,0.00010962396056666147
7,ZERO,0.05,178,0.0,0.005,0.004890376039433339,-0.00010962396056666147,flat,0.00010962396056666147
7,ZERO,0.05,179,0.0,0.005,0.004890376039433339,-0.00010962396056666147,flat,0.00010962396056666147
7,ZERO,0.05,180,0.0,0.005,0.004890376039433339,-0.00010962396056666147,flat,0.00010962396056666147
7,ZERO,0.05,181,0.0,0.005,0.004890376039433339,-0.00010962396056666147,flat,0.00010962396056666147
7,ZERO,0.05,182,0.0,0.005,0.004890376039433339,-0.00010962396056666147,flat,0.00010962396056666147
7,ZERO,0.05,183,0.0,0.005,0.004890376039433339,-0.00010962396056666147,flat,0.00010962396056666147
7,ZERO,0.05,184,0.0,0.005,0.004890376039433339,-0.00010962396056666147,flat,0.00010962396056666147
7,ZERO,0.05,185,0.0,0.005,0.004890376039433339,-0.00010962396056666147,flat,0.00010962396056666147
7,ZERO,0.05,186,0.0,0.005,0.004890376039433339,-0.00010962396056666147,flat,0.00010962396056666147
7,ZERO,0.05,187,0.0,0.005,0.004890376039433339,-0.00010962396056666147,flat,0.00010962396056666147
7,ZERO,0.05,188,0.0,0.005,0.004890376039433339,-0.00010962396056666147,flat,0.00010962396056666147
7,ZERO,0.05,189,0.0,0.005,0.004890376039433339,-0.00010962396056666147,flat,0.00010962396056666147
7,ZERO,0.05,190,0.0,0.005,0.004890376039433339,-0.00010962396056666147,flat,0.00010962396056666147
7,ZERO,0.05,191,0.0,0.005,0.004890376039433339,-0.00010962396056666147,flat,0.00010962396056666147
7,ZERO,0.05,192,0.0,0.005,0.004890376039433339,-0.00010962396056666147,flat,0.00010962396056666147
7,ZERO,0.05,193,0.0,0.005,0.004890376039433339,-0.00010962396056666147,flat,0.00010962396056666147
7,ZERO,0.05,194,0.0,0.005,0.004890376039433339,-0.00010962396056666147,flat,0.00010962396056666147
7,ZERO,0.05,195,0.0,0.005,0.004890376039433339,-0.00010962396056666147,flat,0.00010962396056666147
7,ZERO,0.05,196,0.0,0.005,0.004890376039433339,-0.00010962396056666147,flat,0.00010962396056666147
7,ZERO,0.05,197,0.0,0.005,0.004890376039433339,-0.00010962396056666147,flat,0.00010962396056666147
7,ZERO,0.05,198,0.0,0.005,0.004890376039433339,-0.00010962396056666147,flat,0.00010962396056666147
7,ZERO,0.05,199,0.0,0.005,0.004890376039433339,-0.00010962396056666147,flat,0.00010962396056666147
7,ZERO,0.05,200,0.0,0.005,0.004890376039433339,-0.00010962396056666147,flat,0.00010962396056666147
7,ZERO,0.1,155,384583.912936748,0.005,0.023820201418460696,0.018820201418460695,flat,0.018820201418460695
7,ZERO,0.1,35,243842.566074789,0.005,0.016876073556835413,0.011876073556835412,flat,0.011876073556835412
7,ZERO,0.1,1,0.0,0.005,0.004844968308205575,-0.00015503169179442548,flat,0.00015503169179442548
7,ZERO,0.1,2,0.0,0.005,0.004844968308205575,-0.00015503169179442548,flat,0.00015503169179442548
7,ZERO,0.1,3,0.0,0.005,0.004844968308205575,-0.00015503169179442548,flat,0.00015503169179442548
7,ZERO,0.1,4,0.0,0.005,0.004844968308205575,-0.00015503169179442548,flat,0.00015503169179442548
7,ZERO,0.1,5,0.0,0.005,0.004844968308205575,-0.00015503169179442548,flat,0.00015503169179442548
7,ZERO,0.1,6,0.0,0.005,0.004844968308205575,-0.00015503169179442548,flat,0.00015503169179442548
7,ZERO,0.1,7,0.0,0.005,0.004844968308205575,-0.00015503169179442548,flat,0.00015503169179442548
7,ZERO,0.1,8,0.0,0.005,0.004844968308205575,-0.00015503169179442548,flat,0.00015503169179442548
7,ZERO,0.1,9,0.0,0.005,0.004844968308205575,-0.00015503169179442548,flat,0.00015503169179442548
7,ZERO,0.1,10,0.0,0.005,0.004844968308205575,-0.00015503169179442548,flat,0.00015503169179442548
7,ZERO,0.1,11,0.0,0.005,0.004844968308205575,-0.00015503169179442548,flat,0.00015503169179442548
7,ZERO,0.1,12,0.0,0.005,0.004844968308205575,-0.00015503169179442548,flat,0.00015503169179442548
7,ZERO,0.1,13,0.0,0.005,0.004844968308205575,-0.00015503169179442548,flat,0.00015503169179442548
7,ZERO,0.1,14,0.0,0.005,0.004844968308205575,-0.00015503169179442548,flat,0.00015503169179442548
7,ZERO,0.1,15,0.0,0.005,0.004844968308205575,-0.00015503169179442548,flat,0.00015503169179442548
7,ZERO,0.1,16,0.0,0.005,0.004844968308205575,-0.00015503169179442548,flat,0.00015503169179442548
7,ZERO,0.1,17,0.0,0.005,0.004844968308205575,-0.00015503169179442548,flat,0.00015503169179442548
7,ZERO,0.1,18,0.0,0.005,0.004844968308205575,-0.00015503169179442548,flat,0.00015503169179442548
7,ZERO,0.1,19,0.0,0.005,0.004844968308205575,-0.00015503169179442548,flat,0.00015503169179442548
7,ZERO,0.1,20,0.0,0.005,0.004844968308205575,-0.00015503169179442548,flat,0.00015503169179442548
7,ZERO,0.1,21,0.0,0.005,0.004844968308205575,-0.00015503169179442548,flat,0.00015503169179442548
7,ZERO,0.1,22,0.0,0.005,0.004844968308205575,-0.00015503169179442548,flat,0.00015503169179442548
7,ZERO,0.1,23,0.0,0.005,0.004844968308205575,-0.00015503169179442548,flat,0.00015503169179442548
7,ZERO,0.1,24,0.0,0.005,0.004844968308205575,-0.00015503169179442548,flat,0.00015503169179442548
7,ZERO,0.1,25,0.0,0.005,0.004844968308205575,-0.00015503169179442548,flat,0.00015503169179442548
7,ZERO,0.1,26,0.0,0.005,0.004844968308205575,-0.00015503169179442548,flat,0.00015503169179442548
7,ZERO,0.1,27,0.0,0.005,0.004844968308205575,-0.00015503169179442548,flat,0.00015503169179442548
7,ZERO,0.1,28,0.0,0.005,0.004844968308205575,-0.00015503169179442548,flat,0.00015503169179442548
7,ZERO,0.1,29,0.0,0.005,0.004844968308205575,-0.00015503169179442548,flat,0.00015503169179442548
7,ZERO,0.1,30,0.0,0.005,0.004844968308205575,-0.00015503169179442548,flat,0.00015503169179442548
7,ZERO,0.1,31,0.0,0.005,0.004844968308205575,-0.00015503169179442548,flat,0.00015503169179442548
7,ZERO,0.1,32,0.0,0.005,0.004844968308205575,-0.00015503169179442548,flat,0.00015503169179442548
7,ZERO,0.1,33,0.0,0.005,0.004844968308205575,-0.00015503169179442548,flat,0.00015503169179442548
7,ZERO,0.1,34,0.0,0.005,0.004844968308205575,-0.00015503169179442548,flat,0.00015503169179442548
7,ZERO,0.1,36,0.0,0.005,0.004844968308205575,-0.00015503169179442548,flat,0.00015503169179442548
7,ZERO,0.1,37,0.0,0.005,0.004844968308205575,-0.00015503169179442548,flat,0.00015503169179442548
7,ZERO,0.1,38,0.0,0.005,0.004844968308205575,-0.00015503169179442548,flat,0.00015503169179442548
7,ZERO,0.1,39,0.0,0.005,0.004844968308205575,-0.00015503169179442548,flat,0.00015503169179442548
7,ZERO,0.1,40,0.0,0.005,0.004844968308205575,-0.00015503169179442548,flat,0.00015503169179442548
7,ZERO,0.1,41,0.0,0.005,0.004844968308205575,-0.00015503169179442548,flat,0.00015503169179442548
7,ZERO,0.1,42,0.0,0.005,0.004844968308205575,-0.00015503169179442548,flat,0.00015503169179442548
7,ZERO,0.1,43,0.0,0.005,0.004844968308205575,-0.00015503169179442548,flat,0.00015503169179442548
7,ZERO,0.1,44,0.0,0.005,0.004844968308205575,-0.00015503169179442548,flat,0.00015503169179442548
7,ZERO,0.1,45,0.0,0.005,0.004844968308205575,-0.00015503169179442548,flat,0.00015503169179442548
7,ZERO,0.1,46,0.0,0.005,0.004844968308205575,-0.00015503169179442548,flat,0.00015503169179442548
7,ZERO,0.1,47,0.0,0.005,0.004844968308205575,-0.00015503169179442548,flat,0.00015503169179442548
7,ZERO,0.1,48,0.0,0.005,0.004844968308205575,-0.00015503169179442548,flat,0.00015503169179442548
7,ZERO,0.1,49,0.0,0.005,0.004844968308205575,-0.00015503169179442548,flat,0.00015503169179442548
7,ZERO,0.1,50,0.0,0.005,0.004844968308205575,-0.00015503169179442548,flat,0.00015503169179442548
7,ZERO,0.1,51,0.0,0.005,0.004844968308205575,-0.00015503169179442548,flat,0.00015503169179442548
7,ZERO,0.1,52,0.0,0.005,0.004844968308205575,-0.00015503169179442548,flat,0.00015503169179442548
7,ZERO,0.1,53,0.0,0.005,0.004844968308205575,-0.00015503169179442548,flat,0.00015503169179442548
7,ZERO,0.1,54,0.0,0.005,0.004844968308205575,-0.00015503169179442548,flat,0.00015503169179442548
7,ZERO,0.1,55,0.0,0.005,0.004844968308205575,-0.00015503169179442548,flat,0.00015503169179442548
7,ZERO,0.1,56,0.0,0.005,0.004844968308205575,-0.00015503169179442548,flat,0.00015503169179442548
7,ZERO,0.1,57,0.0,0.005,0.004844968308205575,-0.00015503169179442548,flat,0.00015503169179442548
7,ZERO,0.1,58,0.0,0.005,0.004844968308205575,-0.00015503169179442548,flat,0.00015503169179442548
7,ZERO,0.1,59,0.0,0.005,0.004844968308205575,-0.00015503169179442548,flat,0.00015503169179442548
7,ZERO,0.1,60,0.0,0.005,0.004844968308205575,-0.00015503169179442548,flat,0.00015503169179442548
7,ZERO,0.1,61,0.0,0.005,0.004844968308205575,-0.00015503169179442548,flat,0.00015503169179442548
7,ZERO,0.1,62,0.0,0.005,0.004844968308205575,-0.00015503169179442548,flat,0.00015503169179442548
7,ZERO,0.1,63,0.0,0.005,0.004844968308205575,-0.00015503169179442548,flat,0.00015503169179442548
7,ZERO,0.1,64,0.0,0.005,0.004844968308205575,-0.00015503169179442548,flat,0.00015503169179442548
7,ZERO,0.1,65,0.0,0.005,0.004844968308205575,-0.00015503169179442548,flat,0.00015503169179442548
7,ZERO,0.1,66,0.0,0.005,0.004844968308205575,-0.00015503169179442548,flat,0.00015503169179442548
7,ZERO,0.1,67,0.0,0.005,0.004844968308205575,-0.00015503169179442548,flat,0.00015503169179442548
7,ZERO,0.1,68,0.0,0.005,0.004844968308205575,-0.00015503169179442548,flat,0.00015503169179442548
7,ZERO,0.1,69,0.0,0.005,0.004844968308205575,-0.00015503169179442548,flat,0.00015503169179442548
7,ZERO,0.1,70,0.0,0.005,0.004844968308205575,-0.00015503169179442548,flat,0.00015503169179442548
7,ZERO,0.1,71,0.0,0.005,0.004844968308205575,-0.00015503169179442548,flat,0.00015503169179442548
7,ZERO,0.1,72,0.0,0.005,0.004844968308205575,-0.00015503169179442548,flat,0.00015503169179442548
7,ZERO,0.1,73,0.0,0.005,0.004844968308205575,-0.00015503169179442548,flat,0.00015503169179442548
7,ZERO,0.1,74,0.0,0.005,0.004844968308205575,-0.00015503169179442548,flat,0.00015503169179442548
7,ZERO,0.1,75,0.0,0.005,0.004844968308205575,-0.00015503169179442548,flat,0.00015503169179442548
7,ZERO,0.1,76,0.0,0.005,0.004844968308205575,-0.00015503169179442548,flat,0.00015503169179442548
7,ZERO,0.1,77,0.0,0.005,0.004844968308205575,-0.00015503169179442548,flat,0.00015503169179442548
7,ZERO,0.1,78,0.0,0.005,0.004844968308205575,-0.00015503169179442548,flat,0.00015503169179442548
7,ZERO,0.1,79,0.0,0.005,0.004844968308205575,-0.00015503169179442548,flat,0.00015503169179442548
7,ZERO,0.1,80,0.0,0.005,0.004844968308205575,-0.00015503169179442548,flat,0.00015503169179442548
7,ZERO,0.1,81,0.0,0.005,0.004844968308205575,-0.00015503169179442548,flat,0.00015503169179442548
7,ZERO,0.1,82,0.0,0.005,0.004844968308205575,-0.00015503169179442548,flat,0.00015503169179442548
7,ZERO,0.1,83,0.0,0.005,0.004844968308205575,-0.00015503169179442548,flat,0.00015503169179442548
7,ZERO,0.1,84,0.0,0.005,0.004844968308205575,-0.00015503169179442548,flat,0.00015503169179442548
7,ZERO,0.1,85,0.0,0.005,0.004844968308205575,-0.00015503169179442548,flat,0.00015503169179442548
7,ZERO,0.1,86,0.0,0.005,0.004844968308205575,-0.00015503169179442548,flat,0.00015503169179442548
7,ZERO,0.1,87,0.0,0.005,0.004844968308205575,-0.00015503169179442548,flat,0.00015503169179442548
7,ZERO,0.1,88,0.0,0.005,0.004844968308205575,-0.00015503169179442548,flat,0.00015503169179442548
7,ZERO,0.1,89,0.0,0.005,0.004844968308205575,-0.00015503169179442548,flat,0.00015503169179442548
7,ZERO,0.1,90,0.0,0.005,0.004844968308205575,-0.00015503169179442548,flat,0.00015503169179442548
7,ZERO,0.1,91,0.0,0.005,0.004844968308205575,-0.00015503169179442548,flat,0.00015503169179442548
7,ZERO,0.1,92,0.0,0.005,0.004844968308205575,-0.00015503169179442548,flat,0.00015503169179442548
7,ZERO,0.1,93,0.0,0.005,0.004844968308205575,-0.00015503169179442548,flat,0.00015503169179442548
7,ZERO,0.1,94,0.0,0.005,0.004844968308205575,-0.00015503169179442548,flat,0.00015503169179442548
7,ZERO,0.1,95,0.0,0.005,0.004844968308205575,-0.00015503169179442548,flat,0.00015503169179442548
7,ZERO,0.1,96,0.0,0.005,0.004844968308205575,-0.00015503169179442548,flat,0.00015503169179442548
7,ZERO,0.1,97,0.0,0.005,0.004844968308205575,-0.00015503169179442548,flat,0.00015503169179442548
7,ZERO,0.1,98,0.0,0.005,0.004844968308205575,-0.00015503169179442548,flat,0.00015503169179442548
7,ZERO,0.1,99,0.0,0.005,0.004844968308205575,-0.00015503169179442548,flat,0.00015503169179442548
7,ZERO,0.1,100,0.0,0.005,0.004844968308205575,-0.00015503169179442548,flat,0.00015503169179442548
7,ZERO,0.1,101,0.0,0.005,0.004844968308205575,-0.00015503169179442548,flat,0.00015503169179442548
7,ZERO,0.1,102,0.0,0.005,0.004844968308205575,-0.00015503169179442548,flat,0.00015503169179442548
7,ZERO,0.1,103,0.0,0.005,0.004844968308205575,-0.00015503169179442548,flat,0.00015503169179442548
7,ZERO,0.1,104,0.0,0.005,0.004844968308205575,-0.00015503169179442548,flat,0.00015503169179442548
7,ZERO,0.1,105,0.0,0.005,0.004844968308205575,-0.00015503169179442548,flat,0.00015503169179442548
7,ZERO,0.1,106,0.0,0.005,0.004844968308205575,-0.00015503169179442548,flat,0.00015503169179442548
7,ZERO,0.1,107,0.0,0.005,0.004844968308205575,-0.00015503169179442548,flat,0.00015503169179442548
7,ZERO,0.1,108,0.0,0.005,0.004844968308205575,-0.00015503169179442548,flat,0.00015503169179442548
7,ZERO,0.1,109,0.0,0.005,0.004844968308205575,-0.00015503169179442548,flat,0.00015503169179442548
7,ZERO,0.1,110,0.0,0.005,0.004844968308205575,-0.00015503169179442548,flat,0.00015503169179442548
7,ZERO,0.1,111,0.0,0.005,0.004844968308205575,-0.00015503169179442548,flat,0.00015503169179442548
7,ZERO,0.1,112,0.0,0.005,0.004844968308205575,-0.00015503169179442548,flat,0.00015503169179442548
7,ZERO,0.1,113,0.0,0.005,0.004844968308205575,-0.00015503169179442548,flat,0.00015503169179442548
7,ZERO,0.1,114,0.0,0.005,0.004844968308205575,-0.00015503169179442548,flat,0.00015503169179442548
7,ZERO,0.1,115,0.0,0.005,0.004844968308205575,-0.00015503169179442548,flat,0.00015503169179442548
7,ZERO,0.1,116,0.0,0.005,0.004844968308205575,-0.00015503169179442548,flat,0.00015503169179442548
7,ZERO,0.1,117,0.0,0.005,0.004844968308205575,-0.00015503169179442548,flat,0.00015503169179442548
7,ZERO,0.1,118,0.0,0.005,0.004844968308205575,-0.00015503169179442548,flat,0.00015503169179442548
7,ZERO,0.1,119,0.0,0.005,0.004844968308205575,-0.00015503169179442548,flat,0.00015503169179442548
7,ZERO,0.1,120,0.0,0.005,0.004844968308205575,-0.00015503169179442548,flat,0.00015503169179442548
7,ZERO,0.1,121,0.0,0.005,0.004844968308205575,-0.00015503169179442548,flat,0.00015503169179442548
7,ZERO,0.1,122,0.0,0.005,0.004844968308205575,-0.00015503169179442548,flat,0.00015503169179442548
7,ZERO,0.1,123,0.0,0.005,0.004844968308205575,-0.00015503169179442548,flat,0.00015503169179442548
7,ZERO,0.1,124,0.0,0.005,0.004844968308205575,-0.00015503169179442548,flat,0.00015503169179442548
7,ZERO,0.1,125,0.0,0.005,0.004844968308205575,-0.00015503169179442548,flat,0.00015503169179442548
7,ZERO,0.1,126,0.0,0.005,0.004844968308205575,-0.00015503169179442548,flat,0.00015503169179442548
7,ZERO,0.1,127,0.0,0.005,0.004844968308205575,-0.00015503169179442548,flat,0.00015503169179442548
7,ZERO,0.1,128,0.0,0.005,0.004844968308205575,-0.00015503169179442548,flat,0.00015503169179442548
7,ZERO,0.1,129,0.0,0.005,0.004844968308205575,-0.00015503169179442548,flat,0.00015503169179442548
7,ZERO,0.1,130,0.0,0.005,0.004844968308205575,-0.00015503169179442548,flat,0.00015503169179442548
7,ZERO,0.1,131,0.0,0.005,0.004844968308205575,-0.00015503169179442548,flat,0.00015503169179442548
7,ZERO,0.1,132,0.0,0.005,0.004844968308205575,-0.00015503169179442548,flat,0.00015503169179442548
7,ZERO,0.1,133,0.0,0.005,0.004844968308205575,-0.00015503169179442548,flat,0.00015503169179442548
7,ZERO,0.1,134,0.0,0.005,0.004844968308205575,-0.00015503169179442548,flat,0.00015503169179442548
7,ZERO,0.1,135,0.0,0.005,0.004844968308205575,-0.00015503169179442548,flat,0.00015503169179442548
7,ZERO,0.1,136,0.0,0.005,0.004844968308205575,-0.00015503169179442548,flat,0.00015503169179442548
7,ZERO,0.1,137,0.0,0.005,0.004844968308205575,-0.00015503169179442548,flat,0.00015503169179442548
7,ZERO,0.1,138,0.0,0.005,0.004844968308205575,-0.00015503169179442548,flat,0.00015503169179442548
7,ZERO,0.1,139,0.0,0.005,0.004844968308205575,-0.00015503169179442548,flat,0.00015503169179442548
7,ZERO,0.1,140,0.0,0.005,0.004844968308205575,-0.00015503169179442548,flat,0.00015503169179442548
7,ZERO,0.1,141,0.0,0.005,0.004844968308205575,-0.00015503169179442548,flat,0.00015503169179442548
7,ZERO,0.1,142,0.0,0.005,0.004844968308205575,-0.00015503169179442548,flat,0.00015503169179442548
7,ZERO,0.1,143,0.0,0.005,0.004844968308205575,-0.00015503169179442548,flat,0.00015503169179442548
7,ZERO,0.1,144,0.0,0.005,0.004844968308205575,-0.00015503169179442548,flat,0.00015503169179442548
7,ZERO,0.1,145,0.0,0.005,0.004844968308205575,-0.00015503169179442548,flat,0.00015503169179442548
7,ZERO,0.1,146,0.0,0.005,0.004844968308205575,-0.00015503169179442548,flat,0.00015503169179442548
7,ZERO,0.1,147,0.0,0.005,0.004844968308205575,-0.00015503169179442548,flat,0.00015503169179442548
7,ZERO,0.1,148,0.0,0.005,0.004844968308205575,-0.00015503169179442548,flat,0.00015503169179442548
7,ZERO,0.1,149,0.0,0.005,0.004844968308205575,-0.00015503169179442548,flat,0.00015503169179442548
7,ZERO,0.1,150,0.0,0.005,0.004844968308205575,-0.00015503169179442548,flat,0.00015503169179442548
7,ZERO,0.1,151,0.0,0.005,0.004844968308205575,-0.00015503169179442548,flat,0.00015503169179442548
7,ZERO,0.1,152,0.0,0.005,0.004844968308205575,-0.00015503169179442548,flat,0.00015503169179442548
7,ZERO,0.1,153,0.0,0.005,0.004844968308205575,-0.00015503169179442548,flat,0.00015503169179442548
7,ZERO,0.1,154,0.0,0.005,0.004844968308205575,-0.00015503169179442548,flat,0.00015503169179442548
7,ZERO,0.1,156,0.0,0.005,0.004844968308205575,-0.00015503169179442548,flat,0.00015503169179442548
7,ZERO,0.1,157,0.0,0.005,0.004844968308205575,-0.00015503169179442548,flat,0.00015503169179442548
7,ZERO,0.1,158,0.0,0.005,0.004844968308205575,-0.00015503169179442548,flat,0.00015503169179442548
7,ZERO,0.1,159,0.0,0.005,0.004844968308205575,-0.00015503169179442548,flat,0.00015503169179442548
7,ZERO,0.1,160,0.0,0.005,0.004844968308205575,-0.00015503169179442548,flat,0.00015503169179442548
7,ZERO,0.1,161,0.0,0.005,0.004844968308205575,-0.00015503169179442548,flat,0.00015503169179442548
7,ZERO,0.1,162,0.0,0.005,0.004844968308205575,-0.00015503169179442548,flat,0.00015503169179442548
7,ZERO,0.1,163,0.0,0.005,0.004844968308205575,-0.00015503169179442548,flat,0.00015503169179442548
7,ZERO,0.1,164,0.0,0.005,0.004844968308205575,-0.00015503169179442548,flat,0.00015503169179442548
7,ZERO,0.1,165,0.0,0.005,0.004844968308205575,-0.00015503169179442548,flat,0.00015503169179442548
7,ZERO,0.1,166,0.0,0.005,0.004844968308205575,-0.00015503169179442548,flat,0.00015503169179442548
7,ZERO,0.1,167,0.0,0.005,0.004844968308205575,-0.00015503169179442548,flat,0.00015503169179442548
7,ZERO,0.1,168,0.0,0.005,0.004844968308205575,-0.00015503169179442548,flat,0.00015503169179442548
7,ZERO,0.1,169,0.0,0.005,0.004844968308205575,-0.00015503169179442548,flat,0.00015503169179442548
7,ZERO,0.1,170,0.0,0.005,0.004844968308205575,-0.00015503169179442548,flat,0.00015503169179442548
7,ZERO,0.1,171,0.0,0.005,0.004844968308205575,-0.00015503169179442548,flat,0.00015503169179442548
7,ZERO,0.1,172,0.0,0.005,0.004844968308205575,-0.00015503169179442548,flat,0.00015503169179442548
7,ZERO,0.1,173,0.0,0.005,0.004844968308205575,-0.00015503169179442548,flat,0.00015503169179442548
7,ZERO,0.1,174,0.0,0.005,0.004844968308205575,-0.00015503169179442548,flat,0.00015503169179442548
7,ZERO,0.1,175,0.0,0.005,0.004844968308205575,-0.00015503169179442548,flat,0.00015503169179442548
7,ZERO,0.1,176,0.0,0.005,0.004844968308205575,-0.00015503169179442548,flat,0.00015503169179442548
7,ZERO,0.1,177,0.0,0.005,0.004844968308205575,-0.00015503169179442548,flat,0.00015503169179442548
7,ZERO,0.1,178,0.0,0.005,0.004844968308205575,-0.00015503169179442548,flat,0.00015503169179442548
7,ZERO,0.1,179,0.0,0.005,0.004844968308205575,-0.00015503169179442548,flat,0.00015503169179442548
7,ZERO,0.1,180,0.0,0.005,0.004844968308205575,-0.00015503169179442548,flat,0.00015503169179442548
7,ZERO,0.1,181,0.0,0.005,0.004844968308205575,-0.00015503169179442548,flat,0.00015503169179442548
7,ZERO,0.1,182,0.0,0.005,0.004844968308205575,-0.00015503169179442548,flat,0.00015503169179442548
7,ZERO,0.1,183,0.0,0.005,0.004844968308205575,-0.00015503169179442548,flat,0.00015503169179442548
7,ZERO,0.1,184,0.0,0.005,0.004844968308205575,-0.00015503169179442548,flat,0.00015503169179442548
7,ZERO,0.1,185,0.0,0.005,0.004844968308205575,-0.00015503169179442548,flat,0.00015503169179442548
7,ZERO,0.1,186,0.0,0.005,0.004844968308205575,-0.00015503169179442548,flat,0.00015503169179442548
7,ZERO,0.1,187,0.0,0.005,0.004844968308205575,-0.00015503169179442548,flat,0.00015503169179442548
7,ZERO,0.1,188,0.0,0.005,0.004844968308205575,-0.00015503169179442548,flat,0.00015503169179442548
7,ZERO,0.1,189,0.0,0.005,0.004844968308205575,-0.00015503169179442548,flat,0.00015503169179442548
7,ZERO,0.1,190,0.0,0.005,0.004844968308205575,-0.00015503169179442548,flat,0.00015503169179442548
7,ZERO,0.1,191,0.0,0.005,0.004844968308205575,-0.00015503169179442548,flat,0.00015503169179442548
7,ZERO,0.1,192,0.0,0.005,0.004844968308205575,-0.00015503169179442548,flat,0.00015503169179442548
7,ZERO,0.1,193,0.0,0.005,0.004844968308205575,-0.00015503169179442548,flat,0.00015503169179442548
7,ZERO,0.1,194,0.0,0.005,0.004844968308205575,-0.00015503169179442548,flat,0.00015503169179442548
7,ZERO,0.1,195,0.0,0.005,0.004844968308205575,-0.00015503169179442548,flat,0.00015503169179442548
7,ZERO,0.1,196,0.0,0.005,0.004844968308205575,-0.00015503169179442548,flat,0.00015503169179442548
7,ZERO,0.1,197,0.0,0.005,0.004844968308205575,-0.00015503169179442548,flat,0.00015503169179442548
7,ZERO,0.1,198,0.0,0.005,0.004844968308205575,-0.00015503169179442548,flat,0.00015503169179442548
7,ZERO,0.1,199,0.0,0.005,0.004844968308205575,-0.00015503169179442548,flat,0.00015503169179442548
7,ZERO,0.1,200,0.0,0.005,0.004844968308205575,-0.00015503169179442548,flat,0.00015503169179442548
19,ASYMMETRIC_CAPACITY_FRACTION,0.001,177,713788.053584023,0.005,0.006016569866332153,0.0010165698663321529,flat,0.0010165698663321529
19,ASYMMETRIC_CAPACITY_FRACTION,0.001,128,602107.030757973,0.005,0.0058503461575855065,0.0008503461575855064,flat,0.0008503461575855064
19,ASYMMETRIC_CAPACITY_FRACTION,0.001,183,487240.633848918,0.005,0.005679381404385434,0.0006793814043854337,flat,0.0006793814043854337
19,ASYMMETRIC_CAPACITY_FRACTION,0.001,64,485111.913018006,0.005,0.005676213060628844,0.0006762130606288441,flat,0.0006762130606288441
19,ASYMMETRIC_CAPACITY_FRACTION,0.001,5,430873.705108157,0.005,0.005595486041423538,0.0005954860414235383,flat,0.0005954860414235383
19,ASYMMETRIC_CAPACITY_FRACTION,0.001,149,418889.838561601,0.005,0.0055776495040057526,0.0005776495040057525,flat,0.0005776495040057525
19,ASYMMETRIC_CAPACITY_FRACTION,0.001,99,418045.165652461,0.005,0.005576392310437122,0.0005763923104371215,flat,0.0005763923104371215
19,ASYMMETRIC_CAPACITY_FRACTION,0.001,161,366632.432467572,0.005,0.005499870668975215,0.000499870668975215,flat,0.000499870668975215
19,ASYMMETRIC_CAPACITY_FRACTION,0.001,8,326504.484199382,0.005,0.005440145066390778,0.0004401450663907777,flat,0.0004401450663907777
19,ASYMMETRIC_CAPACITY_FRACTION,0.001,66,304083.834624575,0.005,0.005406774638447634,0.0004067746384476337,flat,0.0004067746384476337
19,ASYMMETRIC_CAPACITY_FRACTION,0.001,115,267286.896858142,0.005,0.0053520068425295855,0.00035200684252958536,flat,0.00035200684252958536
19,ASYMMETRIC_CAPACITY_FRACTION,0.001,144,195833.537900792,0.005,0.005245657150990715,0.00024565715099071454,flat,0.00024565715099071454
19,ASYMMETRIC_CAPACITY_FRACTION,0.001,162,190464.037512459,0.005,0.005237665298426331,0.00023766529842633114,flat,0.00023766529842633114
19,ASYMMETRIC_CAPACITY_FRACTION,0.001,2,189219.127042936,0.005,0.0052358123996073085,0.00023581239960730836,flat,0.00023581239960730836
19,ASYMMETRIC_CAPACITY_FRACTION,0.001,168,117239.95976648,0.005,0.005128680105915628,0.00012868010591562777,flat,0.00012868010591562777
19,ASYMMETRIC_CAPACITY_FRACTION,0.001,119,108935.252450749,0.005,0.005116319552482782,0.00011631955248278189,flat,0.00011631955248278189
19,ASYMMETRIC_CAPACITY_FRACTION,0.001,163,96027.8957525901,0.005,0.005097108511553961,9.710851155396091e-05,flat,9.710851155396091e-05
19,ASYMMETRIC_CAPACITY_FRACTION,0.001,1,69071.6751406991,0.005,0.005056987434127223,5.698743412722255e-05,flat,5.698743412722255e-05
19,ASYMMETRIC_CAPACITY_FRACTION,0.001,6,0.0,0.005,0.004954182591185254,-4.5817408814746025e-05,flat,4.5817408814746025e-05
19,ASYMMETRIC_CAPACITY_FRACTION,0.001,7,0.0,0.005,0.004954182591185254,-4.5817408814746025e-05,flat,4.5817408814746025e-05
19,ASYMMETRIC_CAPACITY_FRACTION,0.001,9,0.0,0.005,0.004954182591185254,-4.5817408814746025e-05,flat,4.5817408814746025e-05
19,ASYMMETRIC_CAPACITY_FRACTION,0.001,12,0.0,0.005,0.004954182591185254,-4.5817408814746025e-05,flat,4.5817408814746025e-05
19,ASYMMETRIC_CAPACITY_FRACTION,0.001,13,0.0,0.005,0.004954182591185254,-4.5817408814746025e-05,flat,4.5817408814746025e-05
19,ASYMMETRIC_CAPACITY_FRACTION,0.001,14,0.0,0.005,0.004954182591185254,-4.5817408814746025e-05,flat,4.5817408814746025e-05
19,ASYMMETRIC_CAPACITY_FRACTION,0.001,17,0.0,0.005,0.004954182591185254,-4.5817408814746025e-05,flat,4.5817408814746025e-05
19,ASYMMETRIC_CAPACITY_FRACTION,0.001,19,0.0,0.005,0.004954182591185254,-4.5817408814746025e-05,flat,4.5817408814746025e-05
19,ASYMMETRIC_CAPACITY_FRACTION,0.001,20,0.0,0.005,0.004954182591185254,-4.5817408814746025e-05,flat,4.5817408814746025e-05
19,ASYMMETRIC_CAPACITY_FRACTION,0.001,21,0.0,0.005,0.004954182591185254,-4.5817408814746025e-05,flat,4.5817408814746025e-05
19,ASYMMETRIC_CAPACITY_FRACTION,0.001,22,0.0,0.005,0.004954182591185254,-4.5817408814746025e-05,flat,4.5817408814746025e-05
19,ASYMMETRIC_CAPACITY_FRACTION,0.001,24,0.0,0.005,0.004954182591185254,-4.5817408814746025e-05,flat,4.5817408814746025e-05
19,ASYMMETRIC_CAPACITY_FRACTION,0.001,25,0.0,0.005,0.004954182591185254,-4.5817408814746025e-05,flat,4.5817408814746025e-05
19,ASYMMETRIC_CAPACITY_FRACTION,0.001,26,0.0,0.005,0.004954182591185254,-4.5817408814746025e-05,flat,4.5817408814746025e-05
19,ASYMMETRIC_CAPACITY_FRACTION,0.001,28,0.0,0.005,0.004954182591185254,-4.5817408814746025e-05,flat,4.5817408814746025e-05
19,ASYMMETRIC_CAPACITY_FRACTION,0.001,29,0.0,0.005,0.004954182591185254,-4.5817408814746025e-05,flat,4.5817408814746025e-05
19,ASYMMETRIC_CAPACITY_FRACTION,0.001,30,0.0,0.005,0.004954182591185254,-4.5817408814746025e-05,flat,4.5817408814746025e-05
19,ASYMMETRIC_CAPACITY_FRACTION,0.001,32,0.0,0.005,0.004954182591185254,-4.5817408814746025e-05,flat,4.5817408814746025e-05
19,ASYMMETRIC_CAPACITY_FRACTION,0.001,33,0.0,0.005,0.004954182591185254,-4.5817408814746025e-05,flat,4.5817408814746025e-05
19,ASYMMETRIC_CAPACITY_FRACTION,0.001,34,0.0,0.005,0.004954182591185254,-4.5817408814746025e-05,flat,4.5817408814746025e-05
19,ASYMMETRIC_CAPACITY_FRACTION,0.001,36,0.0,0.005,0.004954182591185254,-4.5817408814746025e-05,flat,4.5817408814746025e-05
19,ASYMMETRIC_CAPACITY_FRACTION,0.001,37,0.0,0.005,0.004954182591185254,-4.5817408814746025e-05,flat,4.5817408814746025e-05
19,ASYMMETRIC_CAPACITY_FRACTION,0.001,42,0.0,0.005,0.004954182591185254,-4.5817408814746025e-05,flat,4.5817408814746025e-05
19,ASYMMETRIC_CAPACITY_FRACTION,0.001,43,0.0,0.005,0.004954182591185254,-4.5817408814746025e-05,flat,4.5817408814746025e-05
19,ASYMMETRIC_CAPACITY_FRACTION,0.001,44,0.0,0.005,0.004954182591185254,-4.5817408814746025e-05,flat,4.5817408814746025e-05
19,ASYMMETRIC_CAPACITY_FRACTION,0.001,45,0.0,0.005,0.004954182591185254,-4.5817408814746025e-05,flat,4.5817408814746025e-05
19,ASYMMETRIC_CAPACITY_FRACTION,0.001,46,0.0,0.005,0.004954182591185254,-4.5817408814746025e-05,flat,4.5817408814746025e-05
19,ASYMMETRIC_CAPACITY_FRACTION,0.001,49,0.0,0.005,0.004954182591185254,-4.5817408814746025e-05,flat,4.5817408814746025e-05
19,ASYMMETRIC_CAPACITY_FRACTION,0.001,50,0.0,0.005,0.004954182591185254,-4.5817408814746025e-05,flat,4.5817408814746025e-05
19,ASYMMETRIC_CAPACITY_FRACTION,0.001,51,0.0,0.005,0.004954182591185254,-4.5817408814746025e-05,flat,4.5817408814746025e-05
19,ASYMMETRIC_CAPACITY_FRACTION,0.001,52,0.0,0.005,0.004954182591185254,-4.5817408814746025e-05,flat,4.5817408814746025e-05
19,ASYMMETRIC_CAPACITY_FRACTION,0.001,53,0.0,0.005,0.004954182591185254,-4.5817408814746025e-05,flat,4.5817408814746025e-05
19,ASYMMETRIC_CAPACITY_FRACTION,0.001,55,0.0,0.005,0.004954182591185254,-4.5817408814746025e-05,flat,4.5817408814746025e-05
19,ASYMMETRIC_CAPACITY_FRACTION,0.001,56,0.0,0.005,0.004954182591185254,-4.5817408814746025e-05,flat,4.5817408814746025e-05
19,ASYMMETRIC_CAPACITY_FRACTION,0.001,59,0.0,0.005,0.004954182591185254,-4.5817408814746025e-05,flat,4.5817408814746025e-05
19,ASYMMETRIC_CAPACITY_FRACTION,0.001,60,0.0,0.005,0.004954182591185254,-4.5817408814746025e-05,flat,4.5817408814746025e-05
19,ASYMMETRIC_CAPACITY_FRACTION,0.001,61,0.0,0.005,0.004954182591185254,-4.5817408814746025e-05,flat,4.5817408814746025e-05
19,ASYMMETRIC_CAPACITY_FRACTION,0.001,63,0.0,0.005,0.004954182591185254,-4.5817408814746025e-05,flat,4.5817408814746025e-05
19,ASYMMETRIC_CAPACITY_FRACTION,0.001,65,0.0,0.005,0.004954182591185254,-4.5817408814746025e-05,flat,4.5817408814746025e-05
19,ASYMMETRIC_CAPACITY_FRACTION,0.001,67,0.0,0.005,0.004954182591185254,-4.5817408814746025e-05,flat,4.5817408814746025e-05
19,ASYMMETRIC_CAPACITY_FRACTION,0.001,69,0.0,0.005,0.004954182591185254,-4.5817408814746025e-05,flat,4.5817408814746025e-05
19,ASYMMETRIC_CAPACITY_FRACTION,0.001,74,0.0,0.005,0.004954182591185254,-4.5817408814746025e-05,flat,4.5817408814746025e-05
19,ASYMMETRIC_CAPACITY_FRACTION,0.001,77,0.0,0.005,0.004954182591185254,-4.5817408814746025e-05,flat,4.5817408814746025e-05
19,ASYMMETRIC_CAPACITY_FRACTION,0.001,79,0.0,0.005,0.004954182591185254,-4.5817408814746025e-05,flat,4.5817408814746025e-05
19,ASYMMETRIC_CAPACITY_FRACTION,0.001,82,0.0,0.005,0.004954182591185254,-4.5817408814746025e-05,flat,4.5817408814746025e-05
19,ASYMMETRIC_CAPACITY_FRACTION,0.001,84,0.0,0.005,0.004954182591185254,-4.5817408814746025e-05,flat,4.5817408814746025e-05
19,ASYMMETRIC_CAPACITY_FRACTION,0.001,85,0.0,0.005,0.004954182591185254,-4.5817408814746025e-05,flat,4.5817408814746025e-05
19,ASYMMETRIC_CAPACITY_FRACTION,0.001,87,0.0,0.005,0.004954182591185254,-4.5817408814746025e-05,flat,4.5817408814746025e-05
19,ASYMMETRIC_CAPACITY_FRACTION,0.001,89,0.0,0.005,0.004954182591185254,-4.5817408814746025e-05,flat,4.5817408814746025e-05
19,ASYMMETRIC_CAPACITY_FRACTION,0.001,90,0.0,0.005,0.004954182591185254,-4.5817408814746025e-05,flat,4.5817408814746025e-05
19,ASYMMETRIC_CAPACITY_FRACTION,0.001,92,0.0,0.005,0.004954182591185254,-4.5817408814746025e-05,flat,4.5817408814746025e-05
19,ASYMMETRIC_CAPACITY_FRACTION,0.001,93,0.0,0.005,0.004954182591185254,-4.5817408814746025e-05,flat,4.5817408814746025e-05
19,ASYMMETRIC_CAPACITY_FRACTION,0.001,95,0.0,0.005,0.004954182591185254,-4.5817408814746025e-05,flat,4.5817408814746025e-05
19,ASYMMETRIC_CAPACITY_FRACTION,0.001,97,0.0,0.005,0.004954182591185254,-4.5817408814746025e-05,flat,4.5817408814746025e-05
19,ASYMMETRIC_CAPACITY_FRACTION,0.001,98,0.0,0.005,0.004954182591185254,-4.5817408814746025e-05,flat,4.5817408814746025e-05
19,ASYMMETRIC_CAPACITY_FRACTION,0.001,100,0.0,0.005,0.004954182591185254,-4.5817408814746025e-05,flat,4.5817408814746025e-05
19,ASYMMETRIC_CAPACITY_FRACTION,0.001,101,0.0,0.005,0.004954182591185254,-4.5817408814746025e-05,flat,4.5817408814746025e-05
19,ASYMMETRIC_CAPACITY_FRACTION,0.001,102,0.0,0.005,0.004954182591185254,-4.5817408814746025e-05,flat,4.5817408814746025e-05
19,ASYMMETRIC_CAPACITY_FRACTION,0.001,103,0.0,0.005,0.004954182591185254,-4.5817408814746025e-05,flat,4.5817408814746025e-05
19,ASYMMETRIC_CAPACITY_FRACTION,0.001,105,0.0,0.005,0.004954182591185254,-4.5817408814746025e-05,flat,4.5817408814746025e-05
19,ASYMMETRIC_CAPACITY_FRACTION,0.001,107,0.0,0.005,0.004954182591185254,-4.5817408814746025e-05,flat,4.5817408814746025e-05
19,ASYMMETRIC_CAPACITY_FRACTION,0.001,112,0.0,0.005,0.004954182591185254,-4.5817408814746025e-05,flat,4.5817408814746025e-05
19,ASYMMETRIC_CAPACITY_FRACTION,0.001,114,0.0,0.005,0.004954182591185254,-4.5817408814746025e-05,flat,4.5817408814746025e-05
19,ASYMMETRIC_CAPACITY_FRACTION,0.001,117,0.0,0.005,0.004954182591185254,-4.5817408814746025e-05,flat,4.5817408814746025e-05
19,ASYMMETRIC_CAPACITY_FRACTION,0.001,118,0.0,0.005,0.004954182591185254,-4.5817408814746025e-05,flat,4.5817408814746025e-05
19,ASYMMETRIC_CAPACITY_FRACTION,0.001,122,0.0,0.005,0.004954182591185254,-4.5817408814746025e-05,flat,4.5817408814746025e-05
19,ASYMMETRIC_CAPACITY_FRACTION,0.001,123,0.0,0.005,0.004954182591185254,-4.5817408814746025e-05,flat,4.5817408814746025e-05
19,ASYMMETRIC_CAPACITY_FRACTION,0.001,125,0.0,0.005,0.004954182591185254,-4.5817408814746025e-05,flat,4.5817408814746025e-05
19,ASYMMETRIC_CAPACITY_FRACTION,0.001,127,0.0,0.005,0.004954182591185254,-4.5817408814746025e-05,flat,4.5817408814746025e-05
19,ASYMMETRIC_CAPACITY_FRACTION,0.001,130,0.0,0.005,0.004954182591185254,-4.5817408814746025e-05,flat,4.5817408814746025e-05
19,ASYMMETRIC_CAPACITY_FRACTION,0.001,131,0.0,0.005,0.004954182591185254,-4.5817408814746025e-05,flat,4.5817408814746025e-05
19,ASYMMETRIC_CAPACITY_FRACTION,0.001,132,0.0,0.005,0.004954182591185254,-4.5817408814746025e-05,flat,4.5817408814746025e-05
19,ASYMMETRIC_CAPACITY_FRACTION,0.001,134,0.0,0.005,0.004954182591185254,-4.5817408814746025e-05,flat,4.5817408814746025e-05
19,ASYMMETRIC_CAPACITY_FRACTION,0.001,135,0.0,0.005,0.004954182591185254,-4.5817408814746025e-05,flat,4.5817408814746025e-05
19,ASYMMETRIC_CAPACITY_FRACTION,0.001,136,0.0,0.005,0.004954182591185254,-4.5817408814746025e-05,flat,4.5817408814746025e-05
19,ASYMMETRIC_CAPACITY_FRACTION,0.001,138,0.0,0.005,0.004954182591185254,-4.5817408814746025e-05,flat,4.5817408814746025e-05
19,ASYMMETRIC_CAPACITY_FRACTION,0.001,142,0.0,0.005,0.004954182591185254,-4.5817408814746025e-05,flat,4.5817408814746025e-05
19,ASYMMETRIC_CAPACITY_FRACTION,0.001,143,0.0,0.005,0.004954182591185254,-4.5817408814746025e-05,flat,4.5817408814746025e-05
19,ASYMMETRIC_CAPACITY_FRACTION,0.001,145,0.0,0.005,0.004954182591185254,-4.5817408814746025e-05,flat,4.5817408814746025e-05
19,ASYMMETRIC_CAPACITY_FRACTION,0.001,146,0.0,0.005,0.004954182591185254,-4.5817408814746025e-05,flat,4.5817408814746025e-05
19,ASYMMETRIC_CAPACITY_FRACTION,0.001,150,0.0,0.005,0.004954182591185254,-4.5817408814746025e-05,flat,4.5817408814746025e-05
19,ASYMMETRIC_CAPACITY_FRACTION,0.001,152,0.0,0.005,0.004954182591185254,-4.5817408814746025e-05,flat,4.5817408814746025e-05
19,ASYMMETRIC_CAPACITY_FRACTION,0.001,153,0.0,0.005,0.004954182591185254,-4.5817408814746025e-05,flat,4.5817408814746025e-05
19,ASYMMETRIC_CAPACITY_FRACTION,0.001,155,0.0,0.005,0.004954182591185254,-4.5817408814746025e-05,flat,4.5817408814746025e-05
19,ASYMMETRIC_CAPACITY_FRACTION,0.001,156,0.0,0.005,0.004954182591185254,-4.5817408814746025e-05,flat,4.5817408814746025e-05
19,ASYMMETRIC_CAPACITY_FRACTION,0.001,158,0.0,0.005,0.004954182591185254,-4.5817408814746025e-05,flat,4.5817408814746025e-05
19,ASYMMETRIC_CAPACITY_FRACTION,0.001,159,0.0,0.005,0.004954182591185254,-4.5817408814746025e-05,flat,4.5817408814746025e-05
19,ASYMMETRIC_CAPACITY_FRACTION,0.001,160,0.0,0.005,0.004954182591185254,-4.5817408814746025e-05,flat,4.5817408814746025e-05
19,ASYMMETRIC_CAPACITY_FRACTION,0.001,167,0.0,0.005,0.004954182591185254,-4.5817408814746025e-05,flat,4.5817408814746025e-05
19,ASYMMETRIC_CAPACITY_FRACTION,0.001,170,0.0,0.005,0.004954182591185254,-4.5817408814746025e-05,flat,4.5817408814746025e-05
19,ASYMMETRIC_CAPACITY_FRACTION,0.001,171,0.0,0.005,0.004954182591185254,-4.5817408814746025e-05,flat,4.5817408814746025e-05
19,ASYMMETRIC_CAPACITY_FRACTION,0.001,172,0.0,0.005,0.004954182591185254,-4.5817408814746025e-05,flat,4.5817408814746025e-05
19,ASYMMETRIC_CAPACITY_FRACTION,0.001,173,0.0,0.005,0.004954182591185254,-4.5817408814746025e-05,flat,4.5817408814746025e-05
19,ASYMMETRIC_CAPACITY_FRACTION,0.001,174,0.0,0.005,0.004954182591185254,-4.5817408814746025e-05,flat,4.5817408814746025e-05
19,ASYMMETRIC_CAPACITY_FRACTION,0.001,176,0.0,0.005,0.004954182591185254,-4.5817408814746025e-05,flat,4.5817408814746025e-05
19,ASYMMETRIC_CAPACITY_FRACTION,0.001,178,0.0,0.005,0.004954182591185254,-4.5817408814746025e-05,flat,4.5817408814746025e-05
19,ASYMMETRIC_CAPACITY_FRACTION,0.001,181,0.0,0.005,0.004954182591185254,-4.5817408814746025e-05,flat,4.5817408814746025e-05
19,ASYMMETRIC_CAPACITY_FRACTION,0.001,184,0.0,0.005,0.004954182591185254,-4.5817408814746025e-05,flat,4.5817408814746025e-05
19,ASYMMETRIC_CAPACITY_FRACTION,0.001,189,0.0,0.005,0.004954182591185254,-4.5817408814746025e-05,flat,4.5817408814746025e-05
19,ASYMMETRIC_CAPACITY_FRACTION,0.001,190,0.0,0.005,0.004954182591185254,-4.5817408814746025e-05,flat,4.5817408814746025e-05
19,ASYMMETRIC_CAPACITY_FRACTION,0.001,192,0.0,0.005,0.004954182591185254,-4.5817408814746025e-05,flat,4.5817408814746025e-05
19,ASYMMETRIC_CAPACITY_FRACTION,0.001,194,0.0,0.005,0.004954182591185254,-4.5817408814746025e-05,flat,4.5817408814746025e-05
19,ASYMMETRIC_CAPACITY_FRACTION,0.001,195,0.0,0.005,0.004954182591185254,-4.5817408814746025e-05,flat,4.5817408814746025e-05
19,ASYMMETRIC_CAPACITY_FRACTION,0.001,197,0.0,0.005,0.004954182591185254,-4.5817408814746025e-05,flat,4.5817408814746025e-05
19,ASYMMETRIC_CAPACITY_FRACTION,0.001,199,0.0,0.005,0.004954182591185254,-4.5817408814746025e-05,flat,4.5817408814746025e-05
19,ASYMMETRIC_CAPACITY_FRACTION,0.001,16,6.88935181921016,0.005,0.004954192845153039,-4.5807154846960914e-05,flat,4.5807154846960914e-05
19,ASYMMETRIC_CAPACITY_FRACTION,0.001,11,20.4565911136568,0.005,0.004954213038349483,-4.578696165051695e-05,flat,4.578696165051695e-05
19,ASYMMETRIC_CAPACITY_FRACTION,0.001,104,20.4565911136568,0.005,0.004954213038349483,-4.578696165051695e-05,flat,4.578696165051695e-05
19,ASYMMETRIC_CAPACITY_FRACTION,0.001,140,20.4565911136568,0.005,0.004954213038349483,-4.578696165051695e-05,flat,4.578696165051695e-05
19,ASYMMETRIC_CAPACITY_FRACTION,0.001,116,25.5573015044176,0.005,0.004954220630140612,-4.577936985938804e-05,flat,4.577936985938804e-05
19,ASYMMETRIC_CAPACITY_FRACTION,0.001,154,34.8286576909439,0.005,0.004954234429434095,-4.576557056590498e-05,flat,4.576557056590498e-05
19,ASYMMETRIC_CAPACITY_FRACTION,0.001,196,34.8286576909439,0.005,0.004954234429434095,-4.576557056590498e-05,flat,4.576557056590498e-05
19,ASYMMETRIC_CAPACITY_FRACTION,0.001,40,54.5509096364182,0.005,0.004954263783623198,-4.5736216376802107e-05,flat,4.5736216376802107e-05
19,ASYMMETRIC_CAPACITY_FRACTION,0.001,147,54.5509096364182,0.005,0.004954263783623198,-4.5736216376802107e-05,flat,4.5736216376802107e-05
19,ASYMMETRIC_CAPACITY_FRACTION,0.001,39,81.8263644546273,0.005,0.0049543043798421695,-4.569562015783058e-05,flat,4.569562015783058e-05
19,ASYMMETRIC_CAPACITY_FRACTION,0.001,108,81.8263644546273,0.005,0.0049543043798421695,-4.569562015783058e-05,flat,4.569562015783058e-05
19,ASYMMETRIC_CAPACITY_FRACTION,0.001,126,104.485973072832,0.005,0.004954338105931776,-4.566189406822376e-05,flat,4.566189406822376e-05
19,ASYMMETRIC_CAPACITY_FRACTION,0.001,148,118.858039650119,0.005,0.004954359497016389,-4.564050298361093e-05,flat,4.564050298361093e-05
19,ASYMMETRIC_CAPACITY_FRACTION,0.001,10,130.135391161494,0.005,0.00495437628199154,-4.5623718008459824e-05,flat,4.5623718008459824e-05
19,ASYMMETRIC_CAPACITY_FRACTION,0.001,186,137.021233575028,0.005,0.004954386530735999,-4.5613469264000825e-05,flat,4.5613469264000825e-05
19,ASYMMETRIC_CAPACITY_FRACTION,0.001,106,223.750105392689,0.005,0.004954515616182785,-4.548438381721514e-05,flat,4.548438381721514e-05
19,ASYMMETRIC_CAPACITY_FRACTION,0.001,137,227.198660451587,0.005,0.004954520748940322,-4.5479251059678434e-05,flat,4.5479251059678434e-05
19,ASYMMETRIC_CAPACITY_FRACTION,0.001,18,229.795706843412,0.005,0.004954524614330091,-4.5475385669908885e-05,flat,4.5475385669908885e-05
19,ASYMMETRIC_CAPACITY_FRACTION,0.001,151,248.282781570409,0.005,0.004954552130107143,-4.5447869892857075e-05,flat,4.5447869892857075e-05
19,ASYMMETRIC_CAPACITY_FRACTION,0.001,72,260.270782322988,0.005,0.0049545699727978265,-4.543002720217362e-05,flat,4.543002720217362e-05
19,ASYMMETRIC_CAPACITY_FRACTION,0.001,76,292.712030032828,0.005,0.004954618257675367,-4.5381742324632907e-05,flat,4.5381742324632907e-05
19,ASYMMETRIC_CAPACITY_FRACTION,0.001,88,295.949216231572,0.005,0.004954623075835895,-4.5376924164105235e-05,flat,4.5376924164105235e-05
19,ASYMMETRIC_CAPACITY_FRACTION,0.001,94,311.802305546108,0.005,0.004954646671243908,-4.5353328756092375e-05,flat,4.5353328756092375e-05
19,ASYMMETRIC_CAPACITY_FRACTION,0.001,198,339.192857261944,0.005,0.004954687438770706,-4.531256122929442e-05,flat,4.531256122929442e-05
19,ASYMMETRIC_CAPACITY_FRACTION,0.001,188,381.358135887828,0.005,0.004954750196693369,-4.5249803306631094e-05,flat,4.5249803306631094e-05
19,ASYMMETRIC_CAPACITY_FRACTION,0.001,133,408.443412891964,0.005,0.004954790509855643,-4.520949014435744e-05,flat,4.520949014435744e-05
19,ASYMMETRIC_CAPACITY_FRACTION,0.001,141,485.525358889922,0.005,0.004954905237018924,-4.509476298107575e-05,flat,4.509476298107575e-05
19,ASYMMETRIC_CAPACITY_FRACTION,0.001,169,485.866418095377,0.005,0.0049549057446443435,-4.509425535565662e-05,flat,4.509425535565662e-05
19,ASYMMETRIC_CAPACITY_FRACTION,0.001,80,557.108520271014,0.005,0.004955011779905687,-4.498822009431271e-05,flat,4.498822009431271e-05
19,ASYMMETRIC_CAPACITY_FRACTION,0.001,83,558.150220616467,0.005,0.0049550133303507896,-4.4986669649210546e-05,flat,4.4986669649210546e-05
19,ASYMMETRIC_CAPACITY_FRACTION,0.001,38,597.142919632309,0.005,0.004955071366272027,-4.492863372797338e-05,flat,4.492863372797338e-05
19,ASYMMETRIC_CAPACITY_FRACTION,0.001,180,615.493345014584,0.005,0.00495509867866304,-4.490132133696048e-05,flat,4.490132133696048e-05
19,ASYMMETRIC_CAPACITY_FRACTION,0.001,15,630.535081480176,0.005,0.004955121066470368,-4.4878933529632e-05,flat,4.4878933529632e-05
19,ASYMMETRIC_CAPACITY_FRACTION,0.001,75,675.605988614971,0.005,0.004955188149069999,-4.4811850930001444e-05,flat,4.4811850930001444e-05
19,ASYMMETRIC_CAPACITY_FRACTION,0.001,111,677.138024304688,0.005,0.004955190429320016,-4.480957067998399e-05,flat,4.480957067998399e-05
19,ASYMMETRIC_CAPACITY_FRACTION,0.001,78,716.387698963184,0.005,0.004955248847718449,-4.4751152281551076e-05,flat,4.4751152281551076e-05
19,ASYMMETRIC_CAPACITY_FRACTION,0.001,96,716.387698963184,0.005,0.004955248847718449,-4.4751152281551076e-05,flat,4.4751152281551076e-05
19,ASYMMETRIC_CAPACITY_FRACTION,0.001,124,716.387698963184,0.005,0.004955248847718449,-4.4751152281551076e-05,flat,4.4751152281551076e-05
19,ASYMMETRIC_CAPACITY_FRACTION,0.001,109,743.014450041102,0.005,0.004955288478420282,-4.4711521579718014e-05,flat,4.4711521579718014e-05
19,ASYMMETRIC_CAPACITY_FRACTION,0.001,4,762.468599542019,0.005,0.004955317433571289,-4.468256642871111e-05,flat,4.468256642871111e-05
19,ASYMMETRIC_CAPACITY_FRACTION,0.001,71,816.719285450685,0.005,0.004955398179162488,-4.460182083751169e-05,flat,4.460182083751169e-05
19,ASYMMETRIC_CAPACITY_FRACTION,0.001,166,831.116765633965,0.005,0.004955419608072182,-4.458039192781812e-05,flat,4.458039192781812e-05
19,ASYMMETRIC_CAPACITY_FRACTION,0.001,193,835.919471932905,0.005,0.004955426756320227,-4.457324367977342e-05,flat,4.457324367977342e-05
19,ASYMMETRIC_CAPACITY_FRACTION,0.001,179,838.778042623025,0.005,0.0049554310109573155,-4.4568989042684595e-05,flat,4.4568989042684595e-05
19,ASYMMETRIC_CAPACITY_FRACTION,0.001,68,862.005851596851,0.005,0.0049554655827445,-4.4534417255499836e-05,flat,4.4534417255499836e-05
19,ASYMMETRIC_CAPACITY_FRACTION,0.001,35,904.218569012538,0.005,0.00495552841127407,-4.4471588725929906e-05,flat,4.4471588725929906e-05
19,ASYMMETRIC_CAPACITY_FRACTION,0.001,91,1161.98903701431,0.005,0.004955912071470873,-4.4087928529126796e-05,flat,4.4087928529126796e-05
19,ASYMMETRIC_CAPACITY_FRACTION,0.001,54,1207.56980977645,0.005,0.004955979912943886,-4.40200870561137e-05,flat,4.40200870561137e-05
19,ASYMMETRIC_CAPACITY_FRACTION,0.001,165,1278.16107792733,0.005,0.004956084979517421,-4.391502048257945e-05,flat,4.391502048257945e-05
19,ASYMMETRIC_CAPACITY_FRACTION,0.001,73,1526.23671523206,0.005,0.004956454210130098,-4.354578986990199e-05,flat,4.354578986990199e-05
19,ASYMMETRIC_CAPACITY_FRACTION,0.001,185,1560.54947475151,0.005,0.004956505280526843,-4.349471947315709e-05,flat,4.349471947315709e-05
19,ASYMMETRIC_CAPACITY_FRACTION,0.001,175,1576.08802657484,0.005,0.004956528407783805,-4.347159221619514e-05,flat,4.347159221619514e-05
19,ASYMMETRIC_CAPACITY_FRACTION,0.001,27,1636.49917421371,0.005,0.004956618322477959,-4.33816775220414e-05,flat,4.33816775220414e-05
19,ASYMMETRIC_CAPACITY_FRACTION,0.001,110,1638.43396416056,0.005,0.004956621202179026,-4.337879782097438e-05,flat,4.337879782097438e-05
19,ASYMMETRIC_CAPACITY_FRACTION,0.001,182,1647.07214118595,0.005,0.00495663405906183,-4.336594093817033e-05,flat,4.336594093817033e-05
19,ASYMMETRIC_CAPACITY_FRACTION,0.001,191,2177.009500587,0.005,0.004957422806792232,-4.257719320776773e-05,flat,4.257719320776773e-05
19,ASYMMETRIC_CAPACITY_FRACTION,0.001,139,2489.40020937744,0.005,0.004957887762618022,-4.211223738197819e-05,flat,4.211223738197819e-05
19,ASYMMETRIC_CAPACITY_FRACTION,0.001,187,2628.89976557633,0.005,0.004958095390852553,-4.190460914744749e-05,flat,4.190460914744749e-05
19,ASYMMETRIC_CAPACITY_FRACTION,0.001,81,2634.83688656008,0.005,0.004958104227539791,-4.189577246020877e-05,flat,4.189577246020877e-05
19,ASYMMETRIC_CAPACITY_FRACTION,0.001,31,2838.74258014367,0.005,0.0049584077165280216,-4.159228347197855e-05,flat,4.159228347197855e-05
19,ASYMMETRIC_CAPACITY_FRACTION,0.001,41,3566.1070784601,0.005,0.0049594903107007945,-4.050968929920559e-05,flat,4.050968929920559e-05
19,ASYMMETRIC_CAPACITY_FRACTION,0.001,23,3933.52086650822,0.005,0.00496003716173196,-3.996283826804021e-05,flat,3.996283826804021e-05
19,ASYMMETRIC_CAPACITY_FRACTION,0.001,58,4082.62418944772,0.005,0.004960259084012919,-3.974091598708124e-05,flat,3.974091598708124e-05
19,ASYMMETRIC_CAPACITY_FRACTION,0.001,129,4156.94255613045,0.005,0.004960369697922296,-3.96303020777037e-05,flat,3.96303020777037e-05
19,ASYMMETRIC_CAPACITY_FRACTION,0.001,121,56042.7930571794,0.005,0.005037595517345456,3.759551734545605e-05,flat,3.759551734545605e-05
19,ASYMMETRIC_CAPACITY_FRACTION,0.001,3,7899.59407201946,0.005,0.0049659401825021725,-3.405981749782759e-05,flat,3.405981749782759e-05
19,ASYMMETRIC_CAPACITY_FRACTION,0.001,200,7959.20122796102,0.005,0.004966028900551826,-3.397109944817435e-05,flat,3.397109944817435e-05
19,ASYMMETRIC_CAPACITY_FRACTION,0.001,47,10666.8804630952,0.005,0.0049700589539411226,-2.994104605887754e-05,flat,2.994104605887754e-05
19,ASYMMETRIC_CAPACITY_FRACTION,0.001,62,50883.9431892088,0.005,0.005029917192629028,2.9917192629028144e-05,flat,2.9917192629028144e-05
19,ASYMMETRIC_CAPACITY_FRACTION,0.001,48,13069.9234532051,0.005,0.004973635593087022,-2.6364406912978214e-05,flat,2.6364406912978214e-05
19,ASYMMETRIC_CAPACITY_FRACTION,0.001,86,14282.6160052793,0.005,0.004975440539428615,-2.4559460571385236e-05,flat,2.4559460571385236e-05
19,ASYMMETRIC_CAPACITY_FRACTION,0.001,57,46760.2761237901,0.005,0.0050237796124394385,2.3779612439438387e-05,flat,2.3779612439438387e-05
19,ASYMMETRIC_CAPACITY_FRACTION,0.001,70,14930.1560838336,0.005,0.004976404324597264,-2.3595675402735862e-05,flat,2.3595675402735862e-05
19,ASYMMETRIC_CAPACITY_FRACTION,0.001,113,14950.8528843811,0.005,0.004976435129284212,-2.356487071578789e-05,flat,2.356487071578789e-05
19,ASYMMETRIC_CAPACITY_FRACTION,0.001,164,14994.858352225,0.005,0.004976500626106189,-2.3499373893811487e-05,flat,2.3499373893811487e-05
19,ASYMMETRIC_CAPACITY_FRACTION,0.001,120,25659.0272941376,0.005,0.004992372953090393,-7.627046909606909e-06,flat,7.627046909606909e-06
19,ASYMMETRIC_CAPACITY_FRACTION,0.001,157,31317.2754820924,0.005,0.005000794571866895,7.94571866895126e-07,flat,7.94571866895126e-07
19,ASYMMETRIC_CAPACITY_FRACTION,0.01,177,713788.053584023,0.005,0.008214676178301883,0.0032146761783018825,flat,0.0032146761783018825
19,ASYMMETRIC_CAPACITY_FRACTION,0.01,128,602107.030757973,0.005,0.007689030657542134,0.002689030657542134,flat,0.002689030657542134
19,ASYMMETRIC_CAPACITY_FRACTION,0.01,183,487240.633848918,0.005,0.00714839263782145,0.00214839263782145,flat,0.00214839263782145
19,ASYMMETRIC_CAPACITY_FRACTION,0.01,64,485111.913018006,0.005,0.007138373455140256,0.002138373455140256,flat,0.002138373455140256
19,ASYMMETRIC_CAPACITY_FRACTION,0.01,5,430873.705108157,0.005,0.006883092205735384,0.0018830922057353839,flat,0.0018830922057353839
19,ASYMMETRIC_CAPACITY_FRACTION,0.01,149,418889.838561601,0.005,0.006826688121924374,0.0018266881219243742,flat,0.0018266881219243742
19,ASYMMETRIC_CAPACITY_FRACTION,0.01,99,418045.165652461,0.005,0.006822712526787785,0.001822712526787785,flat,0.001822712526787785
19,ASYMMETRIC_CAPACITY_FRACTION,0.01,161,366632.432467572,0.005,0.006580729849473432,0.001580729849473432,flat,0.001580729849473432
19,ASYMMETRIC_CAPACITY_FRACTION,0.01,8,326504.484199382,0.005,0.00639186091068061,0.0013918609106806099,flat,0.0013918609106806099
19,ASYMMETRIC_CAPACITY_FRACTION,0.01,66,304083.834624575,0.005,0.006286334351885768,0.001286334351885768,flat,0.001286334351885768
19,ASYMMETRIC_CAPACITY_FRACTION,0.01,115,267286.896858142,0.005,0.006113143374357498,0.0011131433743574977,flat,0.0011131433743574977
19,ASYMMETRIC_CAPACITY_FRACTION,0.01,144,195833.537900792,0.005,0.005776836120638394,0.0007768361206383937,flat,0.0007768361206383937
19,ASYMMETRIC_CAPACITY_FRACTION,0.01,162,190464.037512459,0.005,0.005751563663810692,0.0007515636638106915,flat,0.0007515636638106915
19,ASYMMETRIC_CAPACITY_FRACTION,0.01,2,189219.127042936,0.005,0.005745704283268744,0.0007457042832687442,flat,0.0007457042832687442
19,ASYMMETRIC_CAPACITY_FRACTION,0.01,168,117239.95976648,0.005,0.005406922224245011,0.0004069222242450111,flat,0.0004069222242450111
19,ASYMMETRIC_CAPACITY_FRACTION,0.01,119,108935.252450749,0.005,0.005367834722257015,0.00036783472225701466,flat,0.00036783472225701466
19,ASYMMETRIC_CAPACITY_FRACTION,0.01,163,96027.8957525901,0.005,0.0053070840766992365,0.0003070840766992364,flat,0.0003070840766992364
19,ASYMMETRIC_CAPACITY_FRACTION,0.01,1,69071.6751406991,0.005,0.005180210089850801,0.0001802100898508005,flat,0.0001802100898508005
19,ASYMMETRIC_CAPACITY_FRACTION,0.01,6,0.0,0.005,0.004855112631658359,-0.00014488736834164084,flat,0.00014488736834164084
19,ASYMMETRIC_CAPACITY_FRACTION,0.01,7,0.0,0.005,0.004855112631658359,-0.00014488736834164084,flat,0.00014488736834164084
19,ASYMMETRIC_CAPACITY_FRACTION,0.01,9,0.0,0.005,0.004855112631658359,-0.00014488736834164084,flat,0.00014488736834164084
19,ASYMMETRIC_CAPACITY_FRACTION,0.01,12,0.0,0.005,0.004855112631658359,-0.00014488736834164084,flat,0.00014488736834164084
19,ASYMMETRIC_CAPACITY_FRACTION,0.01,13,0.0,0.005,0.004855112631658359,-0.00014488736834164084,flat,0.00014488736834164084
19,ASYMMETRIC_CAPACITY_FRACTION,0.01,14,0.0,0.005,0.004855112631658359,-0.00014488736834164084,flat,0.00014488736834164084
19,ASYMMETRIC_CAPACITY_FRACTION,0.01,17,0.0,0.005,0.004855112631658359,-0.00014488736834164084,flat,0.00014488736834164084
19,ASYMMETRIC_CAPACITY_FRACTION,0.01,19,0.0,0.005,0.004855112631658359,-0.00014488736834164084,flat,0.00014488736834164084
19,ASYMMETRIC_CAPACITY_FRACTION,0.01,20,0.0,0.005,0.004855112631658359,-0.00014488736834164084,flat,0.00014488736834164084
19,ASYMMETRIC_CAPACITY_FRACTION,0.01,21,0.0,0.005,0.004855112631658359,-0.00014488736834164084,flat,0.00014488736834164084
19,ASYMMETRIC_CAPACITY_FRACTION,0.01,22,0.0,0.005,0.004855112631658359,-0.00014488736834164084,flat,0.00014488736834164084
19,ASYMMETRIC_CAPACITY_FRACTION,0.01,24,0.0,0.005,0.004855112631658359,-0.00014488736834164084,flat,0.00014488736834164084
19,ASYMMETRIC_CAPACITY_FRACTION,0.01,25,0.0,0.005,0.004855112631658359,-0.00014488736834164084,flat,0.00014488736834164084
19,ASYMMETRIC_CAPACITY_FRACTION,0.01,26,0.0,0.005,0.004855112631658359,-0.00014488736834164084,flat,0.00014488736834164084
19,ASYMMETRIC_CAPACITY_FRACTION,0.01,28,0.0,0.005,0.004855112631658359,-0.00014488736834164084,flat,0.00014488736834164084
19,ASYMMETRIC_CAPACITY_FRACTION,0.01,29,0.0,0.005,0.004855112631658359,-0.00014488736834164084,flat,0.00014488736834164084
19,ASYMMETRIC_CAPACITY_FRACTION,0.01,30,0.0,0.005,0.004855112631658359,-0.00014488736834164084,flat,0.00014488736834164084
19,ASYMMETRIC_CAPACITY_FRACTION,0.01,32,0.0,0.005,0.004855112631658359,-0.00014488736834164084,flat,0.00014488736834164084
19,ASYMMETRIC_CAPACITY_FRACTION,0.01,33,0.0,0.005,0.004855112631658359,-0.00014488736834164084,flat,0.00014488736834164084
19,ASYMMETRIC_CAPACITY_FRACTION,0.01,34,0.0,0.005,0.004855112631658359,-0.00014488736834164084,flat,0.00014488736834164084
19,ASYMMETRIC_CAPACITY_FRACTION,0.01,36,0.0,0.005,0.004855112631658359,-0.00014488736834164084,flat,0.00014488736834164084
19,ASYMMETRIC_CAPACITY_FRACTION,0.01,37,0.0,0.005,0.004855112631658359,-0.00014488736834164084,flat,0.00014488736834164084
19,ASYMMETRIC_CAPACITY_FRACTION,0.01,42,0.0,0.005,0.004855112631658359,-0.00014488736834164084,flat,0.00014488736834164084
19,ASYMMETRIC_CAPACITY_FRACTION,0.01,43,0.0,0.005,0.004855112631658359,-0.00014488736834164084,flat,0.00014488736834164084
19,ASYMMETRIC_CAPACITY_FRACTION,0.01,44,0.0,0.005,0.004855112631658359,-0.00014488736834164084,flat,0.00014488736834164084
19,ASYMMETRIC_CAPACITY_FRACTION,0.01,45,0.0,0.005,0.004855112631658359,-0.00014488736834164084,flat,0.00014488736834164084
19,ASYMMETRIC_CAPACITY_FRACTION,0.01,46,0.0,0.005,0.004855112631658359,-0.00014488736834164084,flat,0.00014488736834164084
19,ASYMMETRIC_CAPACITY_FRACTION,0.01,49,0.0,0.005,0.004855112631658359,-0.00014488736834164084,flat,0.00014488736834164084
19,ASYMMETRIC_CAPACITY_FRACTION,0.01,50,0.0,0.005,0.004855112631658359,-0.00014488736834164084,flat,0.00014488736834164084
19,ASYMMETRIC_CAPACITY_FRACTION,0.01,51,0.0,0.005,0.004855112631658359,-0.00014488736834164084,flat,0.00014488736834164084
19,ASYMMETRIC_CAPACITY_FRACTION,0.01,52,0.0,0.005,0.004855112631658359,-0.00014488736834164084,flat,0.00014488736834164084
19,ASYMMETRIC_CAPACITY_FRACTION,0.01,53,0.0,0.005,0.004855112631658359,-0.00014488736834164084,flat,0.00014488736834164084
19,ASYMMETRIC_CAPACITY_FRACTION,0.01,55,0.0,0.005,0.004855112631658359,-0.00014488736834164084,flat,0.00014488736834164084
19,ASYMMETRIC_CAPACITY_FRACTION,0.01,56,0.0,0.005,0.004855112631658359,-0.00014488736834164084,flat,0.00014488736834164084
19,ASYMMETRIC_CAPACITY_FRACTION,0.01,59,0.0,0.005,0.004855112631658359,-0.00014488736834164084,flat,0.00014488736834164084
19,ASYMMETRIC_CAPACITY_FRACTION,0.01,60,0.0,0.005,0.004855112631658359,-0.00014488736834164084,flat,0.00014488736834164084
19,ASYMMETRIC_CAPACITY_FRACTION,0.01,61,0.0,0.005,0.004855112631658359,-0.00014488736834164084,flat,0.00014488736834164084
19,ASYMMETRIC_CAPACITY_FRACTION,0.01,63,0.0,0.005,0.004855112631658359,-0.00014488736834164084,flat,0.00014488736834164084
19,ASYMMETRIC_CAPACITY_FRACTION,0.01,65,0.0,0.005,0.004855112631658359,-0.00014488736834164084,flat,0.00014488736834164084
19,ASYMMETRIC_CAPACITY_FRACTION,0.01,67,0.0,0.005,0.004855112631658359,-0.00014488736834164084,flat,0.00014488736834164084
19,ASYMMETRIC_CAPACITY_FRACTION,0.01,69,0.0,0.005,0.004855112631658359,-0.00014488736834164084,flat,0.00014488736834164084
19,ASYMMETRIC_CAPACITY_FRACTION,0.01,74,0.0,0.005,0.004855112631658359,-0.00014488736834164084,flat,0.00014488736834164084
19,ASYMMETRIC_CAPACITY_FRACTION,0.01,77,0.0,0.005,0.004855112631658359,-0.00014488736834164084,flat,0.00014488736834164084
19,ASYMMETRIC_CAPACITY_FRACTION,0.01,79,0.0,0.005,0.004855112631658359,-0.00014488736834164084,flat,0.00014488736834164084
19,ASYMMETRIC_CAPACITY_FRACTION,0.01,82,0.0,0.005,0.004855112631658359,-0.00014488736834164084,flat,0.00014488736834164084
19,ASYMMETRIC_CAPACITY_FRACTION,0.01,84,0.0,0.005,0.004855112631658359,-0.00014488736834164084,flat,0.00014488736834164084
19,ASYMMETRIC_CAPACITY_FRACTION,0.01,85,0.0,0.005,0.004855112631658359,-0.00014488736834164084,flat,0.00014488736834164084
19,ASYMMETRIC_CAPACITY_FRACTION,0.01,87,0.0,0.005,0.004855112631658359,-0.00014488736834164084,flat,0.00014488736834164084
19,ASYMMETRIC_CAPACITY_FRACTION,0.01,89,0.0,0.005,0.004855112631658359,-0.00014488736834164084,flat,0.00014488736834164084
19,ASYMMETRIC_CAPACITY_FRACTION,0.01,90,0.0,0.005,0.004855112631658359,-0.00014488736834164084,flat,0.00014488736834164084
19,ASYMMETRIC_CAPACITY_FRACTION,0.01,92,0.0,0.005,0.004855112631658359,-0.00014488736834164084,flat,0.00014488736834164084
19,ASYMMETRIC_CAPACITY_FRACTION,0.01,93,0.0,0.005,0.004855112631658359,-0.00014488736834164084,flat,0.00014488736834164084
19,ASYMMETRIC_CAPACITY_FRACTION,0.01,95,0.0,0.005,0.004855112631658359,-0.00014488736834164084,flat,0.00014488736834164084
19,ASYMMETRIC_CAPACITY_FRACTION,0.01,97,0.0,0.005,0.004855112631658359,-0.00014488736834164084,flat,0.00014488736834164084
19,ASYMMETRIC_CAPACITY_FRACTION,0.01,98,0.0,0.005,0.004855112631658359,-0.00014488736834164084,flat,0.00014488736834164084
19,ASYMMETRIC_CAPACITY_FRACTION,0.01,100,0.0,0.005,0.004855112631658359,-0.00014488736834164084,flat,0.00014488736834164084
19,ASYMMETRIC_CAPACITY_FRACTION,0.01,101,0.0,0.005,0.004855112631658359,-0.00014488736834164084,flat,0.00014488736834164084
19,ASYMMETRIC_CAPACITY_FRACTION,0.01,102,0.0,0.005,0.004855112631658359,-0.00014488736834164084,flat,0.00014488736834164084
19,ASYMMETRIC_CAPACITY_FRACTION,0.01,103,0.0,0.005,0.004855112631658359,-0.00014488736834164084,flat,0.00014488736834164084
19,ASYMMETRIC_CAPACITY_FRACTION,0.01,105,0.0,0.005,0.004855112631658359,-0.00014488736834164084,flat,0.00014488736834164084
19,ASYMMETRIC_CAPACITY_FRACTION,0.01,107,0.0,0.005,0.004855112631658359,-0.00014488736834164084,flat,0.00014488736834164084
19,ASYMMETRIC_CAPACITY_FRACTION,0.01,112,0.0,0.005,0.004855112631658359,-0.00014488736834164084,flat,0.00014488736834164084
19,ASYMMETRIC_CAPACITY_FRACTION,0.01,114,0.0,0.005,0.004855112631658359,-0.00014488736834164084,flat,0.00014488736834164084
19,ASYMMETRIC_CAPACITY_FRACTION,0.01,117,0.0,0.005,0.004855112631658359,-0.00014488736834164084,flat,0.00014488736834164084
19,ASYMMETRIC_CAPACITY_FRACTION,0.01,118,0.0,0.005,0.004855112631658359,-0.00014488736834164084,flat,0.00014488736834164084
19,ASYMMETRIC_CAPACITY_FRACTION,0.01,122,0.0,0.005,0.004855112631658359,-0.00014488736834164084,flat,0.00014488736834164084
19,ASYMMETRIC_CAPACITY_FRACTION,0.01,123,0.0,0.005,0.004855112631658359,-0.00014488736834164084,flat,0.00014488736834164084
19,ASYMMETRIC_CAPACITY_FRACTION,0.01,125,0.0,0.005,0.004855112631658359,-0.00014488736834164084,flat,0.00014488736834164084
19,ASYMMETRIC_CAPACITY_FRACTION,0.01,127,0.0,0.005,0.004855112631658359,-0.00014488736834164084,flat,0.00014488736834164084
19,ASYMMETRIC_CAPACITY_FRACTION,0.01,130,0.0,0.005,0.004855112631658359,-0.00014488736834164084,flat,0.00014488736834164084
19,ASYMMETRIC_CAPACITY_FRACTION,0.01,131,0.0,0.005,0.004855112631658359,-0.00014488736834164084,flat,0.00014488736834164084
19,ASYMMETRIC_CAPACITY_FRACTION,0.01,132,0.0,0.005,0.004855112631658359,-0.00014488736834164084,flat,0.00014488736834164084
19,ASYMMETRIC_CAPACITY_FRACTION,0.01,134,0.0,0.005,0.004855112631658359,-0.00014488736834164084,flat,0.00014488736834164084
19,ASYMMETRIC_CAPACITY_FRACTION,0.01,135,0.0,0.005,0.004855112631658359,-0.00014488736834164084,flat,0.00014488736834164084
19,ASYMMETRIC_CAPACITY_FRACTION,0.01,136,0.0,0.005,0.004855112631658359,-0.00014488736834164084,flat,0.00014488736834164084
19,ASYMMETRIC_CAPACITY_FRACTION,0.01,138,0.0,0.005,0.004855112631658359,-0.00014488736834164084,flat,0.00014488736834164084
19,ASYMMETRIC_CAPACITY_FRACTION,0.01,142,0.0,0.005,0.004855112631658359,-0.00014488736834164084,flat,0.00014488736834164084
19,ASYMMETRIC_CAPACITY_FRACTION,0.01,143,0.0,0.005,0.004855112631658359,-0.00014488736834164084,flat,0.00014488736834164084
19,ASYMMETRIC_CAPACITY_FRACTION,0.01,145,0.0,0.005,0.004855112631658359,-0.00014488736834164084,flat,0.00014488736834164084
19,ASYMMETRIC_CAPACITY_FRACTION,0.01,146,0.0,0.005,0.004855112631658359,-0.00014488736834164084,flat,0.00014488736834164084
19,ASYMMETRIC_CAPACITY_FRACTION,0.01,150,0.0,0.005,0.004855112631658359,-0.00014488736834164084,flat,0.00014488736834164084
19,ASYMMETRIC_CAPACITY_FRACTION,0.01,152,0.0,0.005,0.004855112631658359,-0.00014488736834164084,flat,0.00014488736834164084
19,ASYMMETRIC_CAPACITY_FRACTION,0.01,153,0.0,0.005,0.004855112631658359,-0.00014488736834164084,flat,0.00014488736834164084
19,ASYMMETRIC_CAPACITY_FRACTION,0.01,155,0.0,0.005,0.004855112631658359,-0.00014488736834164084,flat,0.00014488736834164084
19,ASYMMETRIC_CAPACITY_FRACTION,0.01,156,0.0,0.005,0.004855112631658359,-0.00014488736834164084,flat,0.00014488736834164084
19,ASYMMETRIC_CAPACITY_FRACTION,0.01,158,0.0,0.005,0.004855112631658359,-0.00014488736834164084,flat,0.00014488736834164084
19,ASYMMETRIC_CAPACITY_FRACTION,0.01,159,0.0,0.005,0.004855112631658359,-0.00014488736834164084,flat,0.00014488736834164084
19,ASYMMETRIC_CAPACITY_FRACTION,0.01,160,0.0,0.005,0.004855112631658359,-0.00014488736834164084,flat,0.00014488736834164084
19,ASYMMETRIC_CAPACITY_FRACTION,0.01,167,0.0,0.005,0.004855112631658359,-0.00014488736834164084,flat,0.00014488736834164084
19,ASYMMETRIC_CAPACITY_FRACTION,0.01,170,0.0,0.005,0.004855112631658359,-0.00014488736834164084,flat,0.00014488736834164084
19,ASYMMETRIC_CAPACITY_FRACTION,0.01,171,0.0,0.005,0.004855112631658359,-0.00014488736834164084,flat,0.00014488736834164084
19,ASYMMETRIC_CAPACITY_FRACTION,0.01,172,0.0,0.005,0.004855112631658359,-0.00014488736834164084,flat,0.00014488736834164084
19,ASYMMETRIC_CAPACITY_FRACTION,0.01,173,0.0,0.005,0.004855112631658359,-0.00014488736834164084,flat,0.00014488736834164084
19,ASYMMETRIC_CAPACITY_FRACTION,0.01,174,0.0,0.005,0.004855112631658359,-0.00014488736834164084,flat,0.00014488736834164084
19,ASYMMETRIC_CAPACITY_FRACTION,0.01,176,0.0,0.005,0.004855112631658359,-0.00014488736834164084,flat,0.00014488736834164084
19,ASYMMETRIC_CAPACITY_FRACTION,0.01,178,0.0,0.005,0.004855112631658359,-0.00014488736834164084,flat,0.00014488736834164084
19,ASYMMETRIC_CAPACITY_FRACTION,0.01,181,0.0,0.005,0.004855112631658359,-0.00014488736834164084,flat,0.00014488736834164084
19,ASYMMETRIC_CAPACITY_FRACTION,0.01,184,0.0,0.005,0.004855112631658359,-0.00014488736834164084,flat,0.00014488736834164084
19,ASYMMETRIC_CAPACITY_FRACTION,0.01,189,0.0,0.005,0.004855112631658359,-0.00014488736834164084,flat,0.00014488736834164084
19,ASYMMETRIC_CAPACITY_FRACTION,0.01,190,0.0,0.005,0.004855112631658359,-0.00014488736834164084,flat,0.00014488736834164084
19,ASYMMETRIC_CAPACITY_FRACTION,0.01,192,0.0,0.005,0.004855112631658359,-0.00014488736834164084,flat,0.00014488736834164084
19,ASYMMETRIC_CAPACITY_FRACTION,0.01,194,0.0,0.005,0.004855112631658359,-0.00014488736834164084,flat,0.00014488736834164084
19,ASYMMETRIC_CAPACITY_FRACTION,0.01,195,0.0,0.005,0.004855112631658359,-0.00014488736834164084,flat,0.00014488736834164084
19,ASYMMETRIC_CAPACITY_FRACTION,0.01,197,0.0,0.005,0.004855112631658359,-0.00014488736834164084,flat,0.00014488736834164084
19,ASYMMETRIC_CAPACITY_FRACTION,0.01,199,0.0,0.005,0.004855112631658359,-0.00014488736834164084,flat,0.00014488736834164084
19,ASYMMETRIC_CAPACITY_FRACTION,0.01,16,6.88935181921016,0.005,0.004855145057551614,-0.0001448549424483865,flat,0.0001448549424483865
19,ASYMMETRIC_CAPACITY_FRACTION,0.01,11,20.4565911136568,0.005,0.004855208914045615,-0.00014479108595438512,flat,0.00014479108595438512
19,ASYMMETRIC_CAPACITY_FRACTION,0.01,104,20.4565911136568,0.005,0.004855208914045615,-0.00014479108595438512,flat,0.00014479108595438512
19,ASYMMETRIC_CAPACITY_FRACTION,0.01,140,20.4565911136568,0.005,0.004855208914045615,-0.00014479108595438512,flat,0.00014479108595438512
19,ASYMMETRIC_CAPACITY_FRACTION,0.01,116,25.5573015044176,0.005,0.004855232921397104,-0.0001447670786028964,flat,0.0001447670786028964
19,ASYMMETRIC_CAPACITY_FRACTION,0.01,154,34.8286576909439,0.005,0.004855276558594611,-0.00014472344140538905,flat,0.00014472344140538905
19,ASYMMETRIC_CAPACITY_FRACTION,0.01,196,34.8286576909439,0.005,0.004855276558594611,-0.00014472344140538905,flat,0.00014472344140538905
19,ASYMMETRIC_CAPACITY_FRACTION,0.01,40,54.5509096364182,0.005,0.004855369384691042,-0.00014463061530895806,flat,0.00014463061530895806
19,ASYMMETRIC_CAPACITY_FRACTION,0.01,147,54.5509096364182,0.005,0.004855369384691042,-0.00014463061530895806,flat,0.00014463061530895806
19,ASYMMETRIC_CAPACITY_FRACTION,0.01,39,81.8263644546273,0.005,0.004855497761207384,-0.00014450223879261623,flat,0.00014450223879261623
19,ASYMMETRIC_CAPACITY_FRACTION,0.01,108,81.8263644546273,0.005,0.004855497761207384,-0.00014450223879261623,flat,0.00014450223879261623
19,ASYMMETRIC_CAPACITY_FRACTION,0.01,126,104.485973072832,0.005,0.004855604412467114,-0.00014439558753288635,flat,0.00014439558753288635
19,ASYMMETRIC_CAPACITY_FRACTION,0.01,148,118.858039650119,0.005,0.004855672057016109,-0.00014432794298389114,flat,0.00014432794298389114
19,ASYMMETRIC_CAPACITY_FRACTION,0.01,10,130.135391161494,0.005,0.004855725135768058,-0.00014427486423194188,flat,0.00014427486423194188
19,ASYMMETRIC_CAPACITY_FRACTION,0.01,186,137.021233575028,0.005,0.004855757545143705,-0.00014424245485629515,flat,0.00014424245485629515
19,ASYMMETRIC_CAPACITY_FRACTION,0.01,106,223.750105392689,0.005,0.004856165749168326,-0.0001438342508316738,flat,0.0001438342508316738
19,ASYMMETRIC_CAPACITY_FRACTION,0.01,137,227.198660451587,0.005,0.004856181980372822,-0.0001438180196271779,flat,0.0001438180196271779
19,ASYMMETRIC_CAPACITY_FRACTION,0.01,18,229.795706843412,0.005,0.004856194203808537,-0.0001438057961914629,flat,0.0001438057961914629
19,ASYMMETRIC_CAPACITY_FRACTION,0.01,151,248.282781570409,0.005,0.0048562812163356105,-0.0001437187836643896,flat,0.0001437187836643896
19,ASYMMETRIC_CAPACITY_FRACTION,0.01,72,260.270782322988,0.005,0.004856337639877757,-0.00014366236012224292,flat,0.00014366236012224292
19,ASYMMETRIC_CAPACITY_FRACTION,0.01,76,292.712030032828,0.005,0.0048564903300673265,-0.00014350966993267357,flat,0.00014350966993267357
19,ASYMMETRIC_CAPACITY_FRACTION,0.01,88,295.949216231572,0.005,0.004856505566428726,-0.00014349443357127446,flat,0.00014349443357127446
19,ASYMMETRIC_CAPACITY_FRACTION,0.01,94,311.802305546108,0.005,0.004856580181660369,-0.00014341981833963097,flat,0.00014341981833963097
19,ASYMMETRIC_CAPACITY_FRACTION,0.01,198,339.192857261944,0.005,0.004856709099899621,-0.0001432909001003787,flat,0.0001432909001003787
19,ASYMMETRIC_CAPACITY_FRACTION,0.01,188,381.358135887828,0.005,0.004856907557876459,-0.00014309244212354095,flat,0.00014309244212354095
19,ASYMMETRIC_CAPACITY_FRACTION,0.01,133,408.443412891964,0.005,0.004857035039288928,-0.0001429649607110721,flat,0.0001429649607110721
19,ASYMMETRIC_CAPACITY_FRACTION,0.01,141,485.525358889922,0.005,0.004857397838434386,-0.00014260216156561367,flat,0.00014260216156561367
19,ASYMMETRIC_CAPACITY_FRACTION,0.01,169,485.866418095377,0.005,0.004857399443686909,-0.00014260055631309075,flat,0.00014260055631309075
19,ASYMMETRIC_CAPACITY_FRACTION,0.01,80,557.108520271014,0.005,0.004857734756625048,-0.00014226524337495206,flat,0.00014226524337495206
19,ASYMMETRIC_CAPACITY_FRACTION,0.01,83,558.150220616467,0.005,0.004857739659562958,-0.00014226034043704223,flat,0.00014226034043704223
19,ASYMMETRIC_CAPACITY_FRACTION,0.01,38,597.142919632309,0.005,0.004857923185260174,-0.00014207681473982648,flat,0.00014207681473982648
19,ASYMMETRIC_CAPACITY_FRACTION,0.01,180,615.493345014584,0.005,0.004858009554624119,-0.00014199044537588097,flat,0.00014199044537588097
19,ASYMMETRIC_CAPACITY_FRACTION,0.01,15,630.535081480176,0.005,0.004858080351087095,-0.00014191964891290508,flat,0.00014191964891290508
19,ASYMMETRIC_CAPACITY_FRACTION,0.01,75,675.605988614971,0.005,0.0048582924848932915,-0.00014170751510670862,flat,0.00014170751510670862
19,ASYMMETRIC_CAPACITY_FRACTION,0.01,111,677.138024304688,0.005,0.004858299695676982,-0.000141700304323018,flat,0.000141700304323018
19,ASYMMETRIC_CAPACITY_FRACTION,0.01,78,716.387698963184,0.005,0.004858484430873288,-0.00014151556912671195,flat,0.00014151556912671195
19,ASYMMETRIC_CAPACITY_FRACTION,0.01,96,716.387698963184,0.005,0.004858484430873288,-0.00014151556912671195,flat,0.00014151556912671195
19,ASYMMETRIC_CAPACITY_FRACTION,0.01,124,716.387698963184,0.005,0.004858484430873288,-0.00014151556912671195,flat,0.00014151556912671195
19,ASYMMETRIC_CAPACITY_FRACTION,0.01,109,743.014450041102,0.005,0.004858609754156353,-0.00014139024584364744,flat,0.00014139024584364744
19,ASYMMETRIC_CAPACITY_FRACTION,0.01,4,762.468599542019,0.005,0.004858701318383529,-0.00014129868161647137,flat,0.00014129868161647137
19,ASYMMETRIC_CAPACITY_FRACTION,0.01,71,816.719285450685,0.005,0.004858956658362734,-0.00014104334163726577,flat,0.00014104334163726577
19,ASYMMETRIC_CAPACITY_FRACTION,0.01,166,831.116765633965,0.005,0.004859024422525142,-0.0001409755774748585,flat,0.0001409755774748585
19,ASYMMETRIC_CAPACITY_FRACTION,0.01,193,835.919471932905,0.005,0.004859047027270242,-0.00014095297272975846,flat,0.00014095297272975846
19,ASYMMETRIC_CAPACITY_FRACTION,0.01,179,838.778042623025,0.005,0.0048590604816140595,-0.0001409395183859406,flat,0.0001409395183859406
19,ASYMMETRIC_CAPACITY_FRACTION,0.01,68,862.005851596851,0.005,0.004859169807204345,-0.00014083019279565508,flat,0.00014083019279565508
19,ASYMMETRIC_CAPACITY_FRACTION,0.01,35,904.218569012538,0.005,0.004859368488459828,-0.00014063151154017177,flat,0.00014063151154017177
19,ASYMMETRIC_CAPACITY_FRACTION,0.01,91,1161.98903701431,0.005,0.004860581728529274,-0.00013941827147072577,flat,0.00013941827147072577
19,ASYMMETRIC_CAPACITY_FRACTION,0.01,54,1207.56980977645,0.005,0.004860796262103814,-0.00013920373789618606,flat,0.00013920373789618606
19,ASYMMETRIC_CAPACITY_FRACTION,0.01,165,1278.16107792733,0.005,0.004861128511782133,-0.0001388714882178668,flat,0.0001388714882178668
19,ASYMMETRIC_CAPACITY_FRACTION,0.01,73,1526.23671523206,0.005,0.004862296121500052,-0.00013770387849994844,flat,0.00013770387849994844
19,ASYMMETRIC_CAPACITY_FRACTION,0.01,185,1560.54947475151,0.005,0.004862457620274776,-0.0001375423797252244,flat,0.0001375423797252244
19,ASYMMETRIC_CAPACITY_FRACTION,0.01,175,1576.08802657484,0.005,0.0048625307550828065,-0.0001374692449171936,flat,0.0001374692449171936
19,ASYMMETRIC_CAPACITY_FRACTION,0.01,27,1636.49917421371,0.005,0.00486281509031145,-0.00013718490968855045,flat,0.00013718490968855045
19,ASYMMETRIC_CAPACITY_FRACTION,0.01,110,1638.43396416056,0.005,0.004862824196725802,-0.00013717580327419782,flat,0.00013717580327419782
19,ASYMMETRIC_CAPACITY_FRACTION,0.01,182,1647.07214118595,0.005,0.0048628648537590745,-0.00013713514624092565,flat,0.00013713514624092565
19,ASYMMETRIC_CAPACITY_FRACTION,0.01,191,2177.009500587,0.005,0.004865359093086433,-0.00013464090691356692,flat,0.00013464090691356692
19,ASYMMETRIC_CAPACITY_FRACTION,0.01,139,2489.40020937744,0.005,0.0048668294125072935,-0.00013317058749270656,flat,0.00013317058749270656
19,ASYMMETRIC_CAPACITY_FRACTION,0.01,187,2628.89976557633,0.005,0.004867485990634968,-0.00013251400936503243,flat,0.00013251400936503243
19,ASYMMETRIC_CAPACITY_FRACTION,0.01,81,2634.83688656008,0.005,0.004867513934693612,-0.00013248606530638814,flat,0.00013248606530638814
19,ASYMMETRIC_CAPACITY_FRACTION,0.01,31,2838.74258014367,0.005,0.004868473651141201,-0.00013152634885879935,flat,0.00013152634885879935
19,ASYMMETRIC_CAPACITY_FRACTION,0.01,41,3566.1070784601,0.005,0.004871897114508788,-0.0001281028854912122,flat,0.0001281028854912122
19,ASYMMETRIC_CAPACITY_FRACTION,0.01,23,3933.52086650822,0.005,0.004873626409308081,-0.00012637359069191893,flat,0.00012637359069191893
19,ASYMMETRIC_CAPACITY_FRACTION,0.01,58,4082.62418944772,0.005,0.004874328189179453,-0.00012567181082054693,flat,0.00012567181082054693
19,ASYMMETRIC_CAPACITY_FRACTION,0.01,129,4156.94255613045,0.005,0.00487467798107398,-0.00012532201892602023,flat,0.00012532201892602023
19,ASYMMETRIC_CAPACITY_FRACTION,0.01,121,56042.7930571794,0.005,0.005118887464623988,0.00011888746462398753,flat,0.00011888746462398753
19,ASYMMETRIC_CAPACITY_FRACTION,0.01,3,7899.59407201946,0.005,0.004892293400017232,-0.00010770659998276828,flat,0.00010770659998276828
19,ASYMMETRIC_CAPACITY_FRACTION,0.01,200,7959.20122796102,0.005,0.004892573951123705,-0.00010742604887629525,flat,0.00010742604887629525
19,ASYMMETRIC_CAPACITY_FRACTION,0.01,47,10666.8804630952,0.005,0.004905318098925962,-9.46819010740384e-05,flat,9.46819010740384e-05
19,ASYMMETRIC_CAPACITY_FRACTION,0.01,62,50883.9431892088,0.005,0.005094606469905713,9.460646990571298e-05,flat,9.460646990571298e-05
19,ASYMMETRIC_CAPACITY_FRACTION,0.01,48,13069.9234532051,0.005,0.00491662842499552,-8.337157500448028e-05,flat,8.337157500448028e-05
19,ASYMMETRIC_CAPACITY_FRACTION,0.01,86,14282.6160052793,0.005,0.00492233616648934,-7.766383351066018e-05,flat,7.766383351066018e-05
19,ASYMMETRIC_CAPACITY_FRACTION,0.01,57,46760.2761237901,0.005,0.005075197737184686,7.519773718468563e-05,flat,7.519773718468563e-05
19,ASYMMETRIC_CAPACITY_FRACTION,0.01,70,14930.1560838336,0.005,0.004925383922797362,-7.461607720263795e-05,flat,7.461607720263795e-05
19,ASYMMETRIC_CAPACITY_FRACTION,0.01,113,14950.8528843811,0.005,0.004925481335770727,-7.451866422927313e-05,flat,7.451866422927313e-05
19,ASYMMETRIC_CAPACITY_FRACTION,0.01,164,14994.858352225,0.005,0.004925688454907674,-7.431154509232596e-05,flat,7.431154509232596e-05
19,ASYMMETRIC_CAPACITY_FRACTION,0.01,120,25659.0272941376,0.005,0.004975881159944702,-2.411884005529795e-05,flat,2.411884005529795e-05
19,ASYMMETRIC_CAPACITY_FRACTION,0.01,157,31317.2754820924,0.005,0.005002512656864085,2.5126568640844796e-06,flat,2.5126568640844796e-06
19,ASYMMETRIC_CAPACITY_FRACTION,0.05,177,713788.053584023,0.005,0.012188234460332115,0.007188234460332115,flat,0.007188234460332115
19,ASYMMETRIC_CAPACITY_FRACTION,0.05,128,602107.030757973,0.005,0.01101285534384506,0.00601285534384506,flat,0.00601285534384506
19,ASYMMETRIC_CAPACITY_FRACTION,0.05,183,487240.633848918,0.005,0.009803951980528762,0.004803951980528762,flat,0.004803951980528762
19,ASYMMETRIC_CAPACITY_FRACTION,0.05,64,485111.913018006,0.005,0.009781548406974623,0.004781548406974623,flat,0.004781548406974623
19,ASYMMETRIC_CAPACITY_FRACTION,0.05,5,430873.705108157,0.005,0.00921072217992426,0.0042107221799242605,flat,0.0042107221799242605
19,ASYMMETRIC_CAPACITY_FRACTION,0.05,149,418889.838561601,0.005,0.009084598814314252,0.004084598814314252,flat,0.004084598814314252
19,ASYMMETRIC_CAPACITY_FRACTION,0.05,99,418045.165652461,0.005,0.009075709113337821,0.004075709113337821,flat,0.004075709113337821
19,ASYMMETRIC_CAPACITY_FRACTION,0.05,161,366632.432467572,0.005,0.008534619397485541,0.003534619397485541,flat,0.003534619397485541
19,ASYMMETRIC_CAPACITY_FRACTION,0.05,8,326504.484199382,0.005,0.008112295611506552,0.003112295611506552,flat,0.003112295611506552
19,ASYMMETRIC_CAPACITY_FRACTION,0.05,66,304083.834624575,0.005,0.007876331052609662,0.0028763310526096616,flat,0.0028763310526096616
19,ASYMMETRIC_CAPACITY_FRACTION,0.05,115,267286.896858142,0.005,0.007489064253766817,0.0024890642537668166,flat,0.0024890642537668166
19,ASYMMETRIC_CAPACITY_FRACTION,0.05,144,195833.537900792,0.005,0.006737058373124645,0.0017370583731246446,flat,0.0017370583731246446
19,ASYMMETRIC_CAPACITY_FRACTION,0.05,162,190464.037512459,0.005,0.006680547441699474,0.001680547441699474,flat,0.001680547441699474
19,ASYMMETRIC_CAPACITY_FRACTION,0.05,2,189219.127042936,0.005,0.006667445468501641,0.0016674454685016412,flat,0.0016674454685016412
19,ASYMMETRIC_CAPACITY_FRACTION,0.05,168,117239.95976648,0.005,0.005909905754967242,0.0009099057549672423,flat,0.0009099057549672423
19,ASYMMETRIC_CAPACITY_FRACTION,0.05,119,108935.252450749,0.005,0.0058225034434514255,0.0008225034434514254,flat,0.0008225034434514254
19,ASYMMETRIC_CAPACITY_FRACTION,0.05,163,96027.8957525901,0.005,0.005686660870307239,0.000686660870307239,flat,0.000686660870307239
19,ASYMMETRIC_CAPACITY_FRACTION,0.05,1,69071.6751406991,0.005,0.005402962011137728,0.00040296201113772766,flat,0.00040296201113772766
19,ASYMMETRIC_CAPACITY_FRACTION,0.05,6,0.0,0.005,0.004676021995307045,-0.00032397800469295517,flat,0.00032397800469295517
19,ASYMMETRIC_CAPACITY_FRACTION,0.05,7,0.0,0.005,0.004676021995307045,-0.00032397800469295517,flat,0.00032397800469295517
19,ASYMMETRIC_CAPACITY_FRACTION,0.05,9,0.0,0.005,0.004676021995307045,-0.00032397800469295517,flat,0.00032397800469295517
19,ASYMMETRIC_CAPACITY_FRACTION,0.05,12,0.0,0.005,0.004676021995307045,-0.00032397800469295517,flat,0.00032397800469295517
19,ASYMMETRIC_CAPACITY_FRACTION,0.05,13,0.0,0.005,0.004676021995307045,-0.00032397800469295517,flat,0.00032397800469295517
19,ASYMMETRIC_CAPACITY_FRACTION,0.05,14,0.0,0.005,0.004676021995307045,-0.00032397800469295517,flat,0.00032397800469295517
19,ASYMMETRIC_CAPACITY_FRACTION,0.05,17,0.0,0.005,0.004676021995307045,-0.00032397800469295517,flat,0.00032397800469295517
19,ASYMMETRIC_CAPACITY_FRACTION,0.05,19,0.0,0.005,0.004676021995307045,-0.00032397800469295517,flat,0.00032397800469295517
19,ASYMMETRIC_CAPACITY_FRACTION,0.05,20,0.0,0.005,0.004676021995307045,-0.00032397800469295517,flat,0.00032397800469295517
19,ASYMMETRIC_CAPACITY_FRACTION,0.05,21,0.0,0.005,0.004676021995307045,-0.00032397800469295517,flat,0.00032397800469295517
19,ASYMMETRIC_CAPACITY_FRACTION,0.05,22,0.0,0.005,0.004676021995307045,-0.00032397800469295517,flat,0.00032397800469295517
19,ASYMMETRIC_CAPACITY_FRACTION,0.05,24,0.0,0.005,0.004676021995307045,-0.00032397800469295517,flat,0.00032397800469295517
19,ASYMMETRIC_CAPACITY_FRACTION,0.05,25,0.0,0.005,0.004676021995307045,-0.00032397800469295517,flat,0.00032397800469295517
19,ASYMMETRIC_CAPACITY_FRACTION,0.05,26,0.0,0.005,0.004676021995307045,-0.00032397800469295517,flat,0.00032397800469295517
19,ASYMMETRIC_CAPACITY_FRACTION,0.05,28,0.0,0.005,0.004676021995307045,-0.00032397800469295517,flat,0.00032397800469295517
19,ASYMMETRIC_CAPACITY_FRACTION,0.05,29,0.0,0.005,0.004676021995307045,-0.00032397800469295517,flat,0.00032397800469295517
19,ASYMMETRIC_CAPACITY_FRACTION,0.05,30,0.0,0.005,0.004676021995307045,-0.00032397800469295517,flat,0.00032397800469295517
19,ASYMMETRIC_CAPACITY_FRACTION,0.05,32,0.0,0.005,0.004676021995307045,-0.00032397800469295517,flat,0.00032397800469295517
19,ASYMMETRIC_CAPACITY_FRACTION,0.05,33,0.0,0.005,0.004676021995307045,-0.00032397800469295517,flat,0.00032397800469295517
19,ASYMMETRIC_CAPACITY_FRACTION,0.05,34,0.0,0.005,0.004676021995307045,-0.00032397800469295517,flat,0.00032397800469295517
19,ASYMMETRIC_CAPACITY_FRACTION,0.05,36,0.0,0.005,0.004676021995307045,-0.00032397800469295517,flat,0.00032397800469295517
19,ASYMMETRIC_CAPACITY_FRACTION,0.05,37,0.0,0.005,0.004676021995307045,-0.00032397800469295517,flat,0.00032397800469295517
19,ASYMMETRIC_CAPACITY_FRACTION,0.05,42,0.0,0.005,0.004676021995307045,-0.00032397800469295517,flat,0.00032397800469295517
19,ASYMMETRIC_CAPACITY_FRACTION,0.05,43,0.0,0.005,0.004676021995307045,-0.00032397800469295517,flat,0.00032397800469295517
19,ASYMMETRIC_CAPACITY_FRACTION,0.05,44,0.0,0.005,0.004676021995307045,-0.00032397800469295517,flat,0.00032397800469295517
19,ASYMMETRIC_CAPACITY_FRACTION,0.05,45,0.0,0.005,0.004676021995307045,-0.00032397800469295517,flat,0.00032397800469295517
19,ASYMMETRIC_CAPACITY_FRACTION,0.05,46,0.0,0.005,0.004676021995307045,-0.00032397800469295517,flat,0.00032397800469295517
19,ASYMMETRIC_CAPACITY_FRACTION,0.05,49,0.0,0.005,0.004676021995307045,-0.00032397800469295517,flat,0.00032397800469295517
19,ASYMMETRIC_CAPACITY_FRACTION,0.05,50,0.0,0.005,0.004676021995307045,-0.00032397800469295517,flat,0.00032397800469295517
19,ASYMMETRIC_CAPACITY_FRACTION,0.05,51,0.0,0.005,0.004676021995307045,-0.00032397800469295517,flat,0.00032397800469295517
19,ASYMMETRIC_CAPACITY_FRACTION,0.05,52,0.0,0.005,0.004676021995307045,-0.00032397800469295517,flat,0.00032397800469295517
19,ASYMMETRIC_CAPACITY_FRACTION,0.05,53,0.0,0.005,0.004676021995307045,-0.00032397800469295517,flat,0.00032397800469295517
19,ASYMMETRIC_CAPACITY_FRACTION,0.05,55,0.0,0.005,0.004676021995307045,-0.00032397800469295517,flat,0.00032397800469295517
19,ASYMMETRIC_CAPACITY_FRACTION,0.05,56,0.0,0.005,0.004676021995307045,-0.00032397800469295517,flat,0.00032397800469295517
19,ASYMMETRIC_CAPACITY_FRACTION,0.05,59,0.0,0.005,0.004676021995307045,-0.00032397800469295517,flat,0.00032397800469295517
19,ASYMMETRIC_CAPACITY_FRACTION,0.05,60,0.0,0.005,0.004676021995307045,-0.00032397800469295517,flat,0.00032397800469295517
19,ASYMMETRIC_CAPACITY_FRACTION,0.05,61,0.0,0.005,0.004676021995307045,-0.00032397800469295517,flat,0.00032397800469295517
19,ASYMMETRIC_CAPACITY_FRACTION,0.05,63,0.0,0.005,0.004676021995307045,-0.00032397800469295517,flat,0.00032397800469295517
19,ASYMMETRIC_CAPACITY_FRACTION,0.05,65,0.0,0.005,0.004676021995307045,-0.00032397800469295517,flat,0.00032397800469295517
19,ASYMMETRIC_CAPACITY_FRACTION,0.05,67,0.0,0.005,0.004676021995307045,-0.00032397800469295517,flat,0.00032397800469295517
19,ASYMMETRIC_CAPACITY_FRACTION,0.05,69,0.0,0.005,0.004676021995307045,-0.00032397800469295517,flat,0.00032397800469295517
19,ASYMMETRIC_CAPACITY_FRACTION,0.05,74,0.0,0.005,0.004676021995307045,-0.00032397800469295517,flat,0.00032397800469295517
19,ASYMMETRIC_CAPACITY_FRACTION,0.05,77,0.0,0.005,0.004676021995307045,-0.00032397800469295517,flat,0.00032397800469295517
19,ASYMMETRIC_CAPACITY_FRACTION,0.05,79,0.0,0.005,0.004676021995307045,-0.00032397800469295517,flat,0.00032397800469295517
19,ASYMMETRIC_CAPACITY_FRACTION,0.05,82,0.0,0.005,0.004676021995307045,-0.00032397800469295517,flat,0.00032397800469295517
19,ASYMMETRIC_CAPACITY_FRACTION,0.05,84,0.0,0.005,0.004676021995307045,-0.00032397800469295517,flat,0.00032397800469295517
19,ASYMMETRIC_CAPACITY_FRACTION,0.05,85,0.0,0.005,0.004676021995307045,-0.00032397800469295517,flat,0.00032397800469295517
19,ASYMMETRIC_CAPACITY_FRACTION,0.05,87,0.0,0.005,0.004676021995307045,-0.00032397800469295517,flat,0.00032397800469295517
19,ASYMMETRIC_CAPACITY_FRACTION,0.05,89,0.0,0.005,0.004676021995307045,-0.00032397800469295517,flat,0.00032397800469295517
19,ASYMMETRIC_CAPACITY_FRACTION,0.05,90,0.0,0.005,0.004676021995307045,-0.00032397800469295517,flat,0.00032397800469295517
19,ASYMMETRIC_CAPACITY_FRACTION,0.05,92,0.0,0.005,0.004676021995307045,-0.00032397800469295517,flat,0.00032397800469295517
19,ASYMMETRIC_CAPACITY_FRACTION,0.05,93,0.0,0.005,0.004676021995307045,-0.00032397800469295517,flat,0.00032397800469295517
19,ASYMMETRIC_CAPACITY_FRACTION,0.05,95,0.0,0.005,0.004676021995307045,-0.00032397800469295517,flat,0.00032397800469295517
19,ASYMMETRIC_CAPACITY_FRACTION,0.05,97,0.0,0.005,0.004676021995307045,-0.00032397800469295517,flat,0.00032397800469295517
19,ASYMMETRIC_CAPACITY_FRACTION,0.05,98,0.0,0.005,0.004676021995307045,-0.00032397800469295517,flat,0.00032397800469295517
19,ASYMMETRIC_CAPACITY_FRACTION,0.05,100,0.0,0.005,0.004676021995307045,-0.00032397800469295517,flat,0.00032397800469295517
19,ASYMMETRIC_CAPACITY_FRACTION,0.05,101,0.0,0.005,0.004676021995307045,-0.00032397800469295517,flat,0.00032397800469295517
19,ASYMMETRIC_CAPACITY_FRACTION,0.05,102,0.0,0.005,0.004676021995307045,-0.00032397800469295517,flat,0.00032397800469295517
19,ASYMMETRIC_CAPACITY_FRACTION,0.05,103,0.0,0.005,0.004676021995307045,-0.00032397800469295517,flat,0.00032397800469295517
19,ASYMMETRIC_CAPACITY_FRACTION,0.05,105,0.0,0.005,0.004676021995307045,-0.00032397800469295517,flat,0.00032397800469295517
19,ASYMMETRIC_CAPACITY_FRACTION,0.05,107,0.0,0.005,0.004676021995307045,-0.00032397800469295517,flat,0.00032397800469295517
19,ASYMMETRIC_CAPACITY_FRACTION,0.05,112,0.0,0.005,0.004676021995307045,-0.00032397800469295517,flat,0.00032397800469295517
19,ASYMMETRIC_CAPACITY_FRACTION,0.05,114,0.0,0.005,0.004676021995307045,-0.00032397800469295517,flat,0.00032397800469295517
19,ASYMMETRIC_CAPACITY_FRACTION,0.05,117,0.0,0.005,0.004676021995307045,-0.00032397800469295517,flat,0.00032397800469295517
19,ASYMMETRIC_CAPACITY_FRACTION,0.05,118,0.0,0.005,0.004676021995307045,-0.00032397800469295517,flat,0.00032397800469295517
19,ASYMMETRIC_CAPACITY_FRACTION,0.05,122,0.0,0.005,0.004676021995307045,-0.00032397800469295517,flat,0.00032397800469295517
19,ASYMMETRIC_CAPACITY_FRACTION,0.05,123,0.0,0.005,0.004676021995307045,-0.00032397800469295517,flat,0.00032397800469295517
19,ASYMMETRIC_CAPACITY_FRACTION,0.05,125,0.0,0.005,0.004676021995307045,-0.00032397800469295517,flat,0.00032397800469295517
19,ASYMMETRIC_CAPACITY_FRACTION,0.05,127,0.0,0.005,0.004676021995307045,-0.00032397800469295517,flat,0.00032397800469295517
19,ASYMMETRIC_CAPACITY_FRACTION,0.05,130,0.0,0.005,0.004676021995307045,-0.00032397800469295517,flat,0.00032397800469295517
19,ASYMMETRIC_CAPACITY_FRACTION,0.05,131,0.0,0.005,0.004676021995307045,-0.00032397800469295517,flat,0.00032397800469295517
19,ASYMMETRIC_CAPACITY_FRACTION,0.05,132,0.0,0.005,0.004676021995307045,-0.00032397800469295517,flat,0.00032397800469295517
19,ASYMMETRIC_CAPACITY_FRACTION,0.05,134,0.0,0.005,0.004676021995307045,-0.00032397800469295517,flat,0.00032397800469295517
19,ASYMMETRIC_CAPACITY_FRACTION,0.05,135,0.0,0.005,0.004676021995307045,-0.00032397800469295517,flat,0.00032397800469295517
19,ASYMMETRIC_CAPACITY_FRACTION,0.05,136,0.0,0.005,0.004676021995307045,-0.00032397800469295517,flat,0.00032397800469295517
19,ASYMMETRIC_CAPACITY_FRACTION,0.05,138,0.0,0.005,0.004676021995307045,-0.00032397800469295517,flat,0.00032397800469295517
19,ASYMMETRIC_CAPACITY_FRACTION,0.05,142,0.0,0.005,0.004676021995307045,-0.00032397800469295517,flat,0.00032397800469295517
19,ASYMMETRIC_CAPACITY_FRACTION,0.05,143,0.0,0.005,0.004676021995307045,-0.00032397800469295517,flat,0.00032397800469295517
19,ASYMMETRIC_CAPACITY_FRACTION,0.05,145,0.0,0.005,0.004676021995307045,-0.00032397800469295517,flat,0.00032397800469295517
19,ASYMMETRIC_CAPACITY_FRACTION,0.05,146,0.0,0.005,0.004676021995307045,-0.00032397800469295517,flat,0.00032397800469295517
19,ASYMMETRIC_CAPACITY_FRACTION,0.05,150,0.0,0.005,0.004676021995307045,-0.00032397800469295517,flat,0.00032397800469295517
19,ASYMMETRIC_CAPACITY_FRACTION,0.05,152,0.0,0.005,0.004676021995307045,-0.00032397800469295517,flat,0.00032397800469295517
19,ASYMMETRIC_CAPACITY_FRACTION,0.05,153,0.0,0.005,0.004676021995307045,-0.00032397800469295517,flat,0.00032397800469295517
19,ASYMMETRIC_CAPACITY_FRACTION,0.05,155,0.0,0.005,0.004676021995307045,-0.00032397800469295517,flat,0.00032397800469295517
19,ASYMMETRIC_CAPACITY_FRACTION,0.05,156,0.0,0.005,0.004676021995307045,-0.00032397800469295517,flat,0.00032397800469295517
19,ASYMMETRIC_CAPACITY_FRACTION,0.05,158,0.0,0.005,0.004676021995307045,-0.00032397800469295517,flat,0.00032397800469295517
19,ASYMMETRIC_CAPACITY_FRACTION,0.05,159,0.0,0.005,0.004676021995307045,-0.00032397800469295517,flat,0.00032397800469295517
19,ASYMMETRIC_CAPACITY_FRACTION,0.05,160,0.0,0.005,0.004676021995307045,-0.00032397800469295517,flat,0.00032397800469295517
19,ASYMMETRIC_CAPACITY_FRACTION,0.05,167,0.0,0.005,0.004676021995307045,-0.00032397800469295517,flat,0.00032397800469295517
19,ASYMMETRIC_CAPACITY_FRACTION,0.05,170,0.0,0.005,0.004676021995307045,-0.00032397800469295517,flat,0.00032397800469295517
19,ASYMMETRIC_CAPACITY_FRACTION,0.05,171,0.0,0.005,0.004676021995307045,-0.00032397800469295517,flat,0.00032397800469295517
19,ASYMMETRIC_CAPACITY_FRACTION,0.05,172,0.0,0.005,0.004676021995307045,-0.00032397800469295517,flat,0.00032397800469295517
19,ASYMMETRIC_CAPACITY_FRACTION,0.05,173,0.0,0.005,0.004676021995307045,-0.00032397800469295517,flat,0.00032397800469295517
19,ASYMMETRIC_CAPACITY_FRACTION,0.05,174,0.0,0.005,0.004676021995307045,-0.00032397800469295517,flat,0.00032397800469295517
19,ASYMMETRIC_CAPACITY_FRACTION,0.05,176,0.0,0.005,0.004676021995307045,-0.00032397800469295517,flat,0.00032397800469295517
19,ASYMMETRIC_CAPACITY_FRACTION,0.05,178,0.0,0.005,0.004676021995307045,-0.00032397800469295517,flat,0.00032397800469295517
19,ASYMMETRIC_CAPACITY_FRACTION,0.05,181,0.0,0.005,0.004676021995307045,-0.00032397800469295517,flat,0.00032397800469295517
19,ASYMMETRIC_CAPACITY_FRACTION,0.05,184,0.0,0.005,0.004676021995307045,-0.00032397800469295517,flat,0.00032397800469295517
19,ASYMMETRIC_CAPACITY_FRACTION,0.05,189,0.0,0.005,0.004676021995307045,-0.00032397800469295517,flat,0.00032397800469295517
19,ASYMMETRIC_CAPACITY_FRACTION,0.05,190,0.0,0.005,0.004676021995307045,-0.00032397800469295517,flat,0.00032397800469295517
19,ASYMMETRIC_CAPACITY_FRACTION,0.05,192,0.0,0.005,0.004676021995307045,-0.00032397800469295517,flat,0.00032397800469295517
19,ASYMMETRIC_CAPACITY_FRACTION,0.05,194,0.0,0.005,0.004676021995307045,-0.00032397800469295517,flat,0.00032397800469295517
19,ASYMMETRIC_CAPACITY_FRACTION,0.05,195,0.0,0.005,0.004676021995307045,-0.00032397800469295517,flat,0.00032397800469295517
19,ASYMMETRIC_CAPACITY_FRACTION,0.05,197,0.0,0.005,0.004676021995307045,-0.00032397800469295517,flat,0.00032397800469295517
19,ASYMMETRIC_CAPACITY_FRACTION,0.05,199,0.0,0.005,0.004676021995307045,-0.00032397800469295517,flat,0.00032397800469295517
19,ASYMMETRIC_CAPACITY_FRACTION,0.05,16,6.88935181921016,0.005,0.004676094501808593,-0.00032390549819140673,flat,0.00032390549819140673
19,ASYMMETRIC_CAPACITY_FRACTION,0.05,11,20.4565911136568,0.005,0.004676237289269985,-0.0003237627107300148,flat,0.0003237627107300148
19,ASYMMETRIC_CAPACITY_FRACTION,0.05,104,20.4565911136568,0.005,0.004676237289269985,-0.0003237627107300148,flat,0.0003237627107300148
19,ASYMMETRIC_CAPACITY_FRACTION,0.05,140,20.4565911136568,0.005,0.004676237289269985,-0.0003237627107300148,flat,0.0003237627107300148
19,ASYMMETRIC_CAPACITY_FRACTION,0.05,116,25.5573015044176,0.005,0.0046762909713398745,-0.00032370902866012564,flat,0.00032370902866012564
19,ASYMMETRIC_CAPACITY_FRACTION,0.05,154,34.8286576909439,0.005,0.004676388547079847,-0.00032361145292015333,flat,0.00032361145292015333
19,ASYMMETRIC_CAPACITY_FRACTION,0.05,196,34.8286576909439,0.005,0.004676388547079847,-0.00032361145292015333,flat,0.00032361145292015333
19,ASYMMETRIC_CAPACITY_FRACTION,0.05,40,54.5509096364182,0.005,0.004676596112541554,-0.000323403887458446,flat,0.000323403887458446
19,ASYMMETRIC_CAPACITY_FRACTION,0.05,147,54.5509096364182,0.005,0.004676596112541554,-0.000323403887458446,flat,0.000323403887458446
19,ASYMMETRIC_CAPACITY_FRACTION,0.05,39,81.8263644546273,0.005,0.004676883171158808,-0.0003231168288411919,flat,0.0003231168288411919
19,ASYMMETRIC_CAPACITY_FRACTION,0.05,108,81.8263644546273,0.005,0.004676883171158808,-0.0003231168288411919,flat,0.0003231168288411919
19,ASYMMETRIC_CAPACITY_FRACTION,0.05,126,104.485973072832,0.005,0.0046771216506254504,-0.00032287834937454966,flat,0.00032287834937454966
19,ASYMMETRIC_CAPACITY_FRACTION,0.05,148,118.858039650119,0.005,0.004677272908435312,-0.0003227270915646882,flat,0.0003227270915646882
19,ASYMMETRIC_CAPACITY_FRACTION,0.05,10,130.135391161494,0.005,0.00467739159613283,-0.00032260840386717,flat,0.00032260840386717
19,ASYMMETRIC_CAPACITY_FRACTION,0.05,186,137.021233575028,0.005,0.004677464065699883,-0.00032253593430011697,flat,0.00032253593430011697
19,ASYMMETRIC_CAPACITY_FRACTION,0.05,106,223.750105392689,0.005,0.004678376837647627,-0.0003216231623523729,flat,0.0003216231623523729
19,ASYMMETRIC_CAPACITY_FRACTION,0.05,137,227.198660451587,0.005,0.004678413131724237,-0.00032158686827576336,flat,0.00032158686827576336
19,ASYMMETRIC_CAPACITY_FRACTION,0.05,18,229.795706843412,0.005,0.004678440464157414,-0.00032155953584258636,flat,0.00032155953584258636
19,ASYMMETRIC_CAPACITY_FRACTION,0.05,151,248.282781570409,0.005,0.004678635030082843,-0.0003213649699171572,flat,0.0003213649699171572
19,ASYMMETRIC_CAPACITY_FRACTION,0.05,72,260.270782322988,0.005,0.004678761196958615,-0.00032123880304138486,flat,0.00032123880304138486
19,ASYMMETRIC_CAPACITY_FRACTION,0.05,76,292.712030032828,0.005,0.004679102622601988,-0.0003208973773980118,flat,0.0003208973773980118
19,ASYMMETRIC_CAPACITY_FRACTION,0.05,88,295.949216231572,0.005,0.004679136692141807,-0.00032086330785819316,flat,0.00032086330785819316
19,ASYMMETRIC_CAPACITY_FRACTION,0.05,94,311.802305546108,0.005,0.004679303536871919,-0.0003206964631280807,flat,0.0003206964631280807
19,ASYMMETRIC_CAPACITY_FRACTION,0.05,198,339.192857261944,0.005,0.004679591806818426,-0.00032040819318157436,flat,0.00032040819318157436
19,ASYMMETRIC_CAPACITY_FRACTION,0.05,188,381.358135887828,0.005,0.004680035572345313,-0.0003199644276546867,flat,0.0003199644276546867
19,ASYMMETRIC_CAPACITY_FRACTION,0.05,133,408.443412891964,0.005,0.00468032062944946,-0.0003196793705505397,flat,0.0003196793705505397
19,ASYMMETRIC_CAPACITY_FRACTION,0.05,141,485.525358889922,0.005,0.004681131873000885,-0.00031886812699911515,flat,0.00031886812699911515
19,ASYMMETRIC_CAPACITY_FRACTION,0.05,169,485.866418095377,0.005,0.004681135462454648,-0.0003188645375453523,flat,0.0003188645375453523
19,ASYMMETRIC_CAPACITY_FRACTION,0.05,80,557.108520271014,0.005,0.004681885244978061,-0.0003181147550219395,flat,0.0003181147550219395
19,ASYMMETRIC_CAPACITY_FRACTION,0.05,83,558.150220616467,0.005,0.004681896208280516,-0.0003181037917194844,flat,0.0003181037917194844
19,ASYMMETRIC_CAPACITY_FRACTION,0.05,38,597.142919632309,0.005,0.00468230658421511,-0.00031769341578489,flat,0.00031769341578489
19,ASYMMETRIC_CAPACITY_FRACTION,0.05,180,615.493345014584,0.005,0.004682499711984064,-0.00031750028801593583,flat,0.00031750028801593583
19,ASYMMETRIC_CAPACITY_FRACTION,0.05,15,630.535081480176,0.005,0.004682658017687844,-0.0003173419823121557,flat,0.0003173419823121557
19,ASYMMETRIC_CAPACITY_FRACTION,0.05,75,675.605988614971,0.005,0.0046831323632988255,-0.0003168676367011746,flat,0.0003168676367011746
19,ASYMMETRIC_CAPACITY_FRACTION,0.05,111,677.138024304688,0.005,0.004683148487101329,-0.0003168515128986714,flat,0.0003168515128986714
19,ASYMMETRIC_CAPACITY_FRACTION,0.05,78,716.387698963184,0.005,0.004683561567558107,-0.0003164384324418927,flat,0.0003164384324418927
19,ASYMMETRIC_CAPACITY_FRACTION,0.05,96,716.387698963184,0.005,0.004683561567558107,-0.0003164384324418927,flat,0.0003164384324418927
19,ASYMMETRIC_CAPACITY_FRACTION,0.05,124,716.387698963184,0.005,0.004683561567558107,-0.0003164384324418927,flat,0.0003164384324418927
19,ASYMMETRIC_CAPACITY_FRACTION,0.05,109,743.014450041102,0.005,0.004683841798938201,-0.0003161582010617987,flat,0.0003161582010617987
19,ASYMMETRIC_CAPACITY_FRACTION,0.05,4,762.468599542019,0.005,0.004684046542774475,-0.0003159534572255247,flat,0.0003159534572255247
19,ASYMMETRIC_CAPACITY_FRACTION,0.05,71,816.719285450685,0.005,0.004684617500325352,-0.00031538249967464835,flat,0.00031538249967464835
19,ASYMMETRIC_CAPACITY_FRACTION,0.05,166,831.116765633965,0.005,0.004684769025598932,-0.0003152309744010682,flat,0.0003152309744010682
19,ASYMMETRIC_CAPACITY_FRACTION,0.05,193,835.919471932905,0.005,0.004684819571345591,-0.0003151804286544088,flat,0.0003151804286544088
19,ASYMMETRIC_CAPACITY_FRACTION,0.05,179,838.778042623025,0.005,0.004684849656172961,-0.00031515034382703904,flat,0.00031515034382703904
19,ASYMMETRIC_CAPACITY_FRACTION,0.05,68,862.005851596851,0.005,0.004685094115624519,-0.0003149058843754807,flat,0.0003149058843754807
19,ASYMMETRIC_CAPACITY_FRACTION,0.05,35,904.218569012538,0.005,0.0046855383804176335,-0.00031446161958236657,flat,0.00031446161958236657
19,ASYMMETRIC_CAPACITY_FRACTION,0.05,91,1161.98903701431,0.005,0.004688251267685941,-0.00031174873231405893,flat,0.00031174873231405893
19,ASYMMETRIC_CAPACITY_FRACTION,0.05,54,1207.56980977645,0.005,0.00468873097934207,-0.00031126902065793053,flat,0.00031126902065793053
19,ASYMMETRIC_CAPACITY_FRACTION,0.05,165,1278.16107792733,0.005,0.004689473912208293,-0.00031052608779170727,flat,0.00031052608779170727
19,ASYMMETRIC_CAPACITY_FRACTION,0.05,73,1526.23671523206,0.005,0.004692084766908749,-0.0003079152330912509,flat,0.0003079152330912509
19,ASYMMETRIC_CAPACITY_FRACTION,0.05,185,1560.54947475151,0.005,0.004692445889147315,-0.00030755411085268535,flat,0.00030755411085268535
19,ASYMMETRIC_CAPACITY_FRACTION,0.05,175,1576.08802657484,0.005,0.004692609423549592,-0.0003073905764504085,flat,0.0003073905764504085
19,ASYMMETRIC_CAPACITY_FRACTION,0.05,27,1636.49917421371,0.005,0.004693245216449236,-0.00030675478355076443,flat,0.00030675478355076443
19,ASYMMETRIC_CAPACITY_FRACTION,0.05,110,1638.43396416056,0.005,0.004693265579010759,-0.0003067344209892412,flat,0.0003067344209892412
19,ASYMMETRIC_CAPACITY_FRACTION,0.05,182,1647.07214118595,0.005,0.00469335649090092,-0.0003066435090990803,flat,0.0003066435090990803
19,ASYMMETRIC_CAPACITY_FRACTION,0.05,191,2177.009500587,0.005,0.004698933779589048,-0.0003010662204109525,flat,0.0003010662204109525
19,ASYMMETRIC_CAPACITY_FRACTION,0.05,139,2489.40020937744,0.005,0.004702221513762729,-0.0002977784862372712,flat,0.0002977784862372712
19,ASYMMETRIC_CAPACITY_FRACTION,0.05,187,2628.89976557633,0.005,0.0047036896670887484,-0.00029631033291125167,flat,0.00029631033291125167
19,ASYMMETRIC_CAPACITY_FRACTION,0.05,81,2634.83688656008,0.005,0.004703752151903445,-0.00029624784809655514,flat,0.00029624784809655514
19,ASYMMETRIC_CAPACITY_FRACTION,0.05,31,2838.74258014367,0.005,0.004705898143119377,-0.0002941018568806235,flat,0.0002941018568806235
19,ASYMMETRIC_CAPACITY_FRACTION,0.05,41,3566.1070784601,0.005,0.004713553239927782,-0.00028644676007221793,flat,0.00028644676007221793
19,ASYMMETRIC_CAPACITY_FRACTION,0.05,23,3933.52086650822,0.005,0.0047174200606521395,-0.0002825799393478606,flat,0.0002825799393478606
19,ASYMMETRIC_CAPACITY_FRACTION,0.05,58,4082.62418944772,0.005,0.004718989288149768,-0.00028101071185023235,flat,0.00028101071185023235
19,ASYMMETRIC_CAPACITY_FRACTION,0.05,129,4156.94255613045,0.005,0.004719771446603907,-0.00028022855339609326,flat,0.00028022855339609326
19,ASYMMETRIC_CAPACITY_FRACTION,0.05,121,56042.7930571794,0.005,0.0052658404525718315,0.0002658404525718314,flat,0.0002658404525718314
19,ASYMMETRIC_CAPACITY_FRACTION,0.05,3,7899.59407201946,0.005,0.004759160720813155,-0.00024083927918684515,flat,0.00024083927918684515
19,ASYMMETRIC_CAPACITY_FRACTION,0.05,200,7959.20122796102,0.005,0.004759788052158392,-0.00024021194784160788,flat,0.00024021194784160788
19,ASYMMETRIC_CAPACITY_FRACTION,0.05,47,10666.8804630952,0.005,0.004788284832959544,-0.00021171516704045646,flat,0.00021171516704045646
19,ASYMMETRIC_CAPACITY_FRACTION,0.05,62,50883.9431892088,0.005,0.0052115464978204585,0.00021154649782045842,flat,0.00021154649782045842
19,ASYMMETRIC_CAPACITY_FRACTION,0.05,48,13069.9234532051,0.005,0.004813575490898763,-0.000186424509101237,flat,0.000186424509101237
19,ASYMMETRIC_CAPACITY_FRACTION,0.05,86,14282.6160052793,0.005,0.0048263383888769405,-0.00017366161112305958,flat,0.00017366161112305958
19,ASYMMETRIC_CAPACITY_FRACTION,0.05,57,46760.2761237901,0.005,0.005168147252099116,0.00016814725209911632,flat,0.00016814725209911632
19,ASYMMETRIC_CAPACITY_FRACTION,0.05,70,14930.1560838336,0.005,0.004833153379160532,-0.00016684662083946838,flat,0.00016684662083946838
19,ASYMMETRIC_CAPACITY_FRACTION,0.05,113,14950.8528843811,0.005,0.004833371201190865,-0.00016662879880913542,flat,0.00016662879880913542
19,ASYMMETRIC_CAPACITY_FRACTION,0.05,164,14994.858352225,0.005,0.00483383433366052,-0.00016616566633948036,flat,0.00016616566633948036
19,ASYMMETRIC_CAPACITY_FRACTION,0.05,120,25659.0272941376,0.005,0.004946068634097909,-5.393136590209086e-05,flat,5.393136590209086e-05
19,ASYMMETRIC_CAPACITY_FRACTION,0.05,157,31317.2754820924,0.005,0.005005618471552223,5.618471552223253e-06,flat,5.618471552223253e-06
19,ASYMMETRIC_CAPACITY_FRACTION,0.1,177,713788.053584023,0.005,0.0151656986633193,0.0101656986633193,flat,0.0101656986633193
19,ASYMMETRIC_CAPACITY_FRACTION,0.1,128,602107.030757973,0.005,0.013503461575853208,0.00850346157585321,flat,0.00850346157585321
19,ASYMMETRIC_CAPACITY_FRACTION,0.1,183,487240.633848918,0.005,0.011793814043852853,0.006793814043852853,flat,0.006793814043852853
19,ASYMMETRIC_CAPACITY_FRACTION,0.1,64,485111.913018006,0.005,0.011762130606286966,0.006762130606286966,flat,0.006762130606286966
19,ASYMMETRIC_CAPACITY_FRACTION,0.1,5,430873.705108157,0.005,0.010954860414234083,0.005954860414234083,flat,0.005954860414234083
19,ASYMMETRIC_CAPACITY_FRACTION,0.1,149,418889.838561601,0.005,0.010776495040056268,0.005776495040056268,flat,0.005776495040056268
19,ASYMMETRIC_CAPACITY_FRACTION,0.1,99,418045.165652461,0.005,0.010763923104369957,0.005763923104369957,flat,0.005763923104369957
19,ASYMMETRIC_CAPACITY_FRACTION,0.1,161,366632.432467572,0.005,0.009998706689751061,0.004998706689751061,flat,0.004998706689751061
19,ASYMMETRIC_CAPACITY_FRACTION,0.1,8,326504.484199382,0.005,0.009401450663906822,0.004401450663906822,flat,0.004401450663906822
19,ASYMMETRIC_CAPACITY_FRACTION,0.1,66,304083.834624575,0.005,0.009067746384475455,0.004067746384475455,flat,0.004067746384475455
19,ASYMMETRIC_CAPACITY_FRACTION,0.1,115,267286.896858142,0.005,0.008520068425295093,0.003520068425295093,flat,0.003520068425295093
19,ASYMMETRIC_CAPACITY_FRACTION,0.1,144,195833.537900792,0.005,0.007456571509906612,0.002456571509906612,flat,0.002456571509906612
19,ASYMMETRIC_CAPACITY_FRACTION,0.1,162,190464.037512459,0.005,0.007376652984262801,0.0023766529842628005,flat,0.0023766529842628005
19,ASYMMETRIC_CAPACITY_FRACTION,0.1,2,189219.127042936,0.005,0.007358123996072578,0.002358123996072578,flat,0.002358123996072578
19,ASYMMETRIC_CAPACITY_FRACTION,0.1,168,117239.95976648,0.005,0.006286801059156003,0.0012868010591560028,flat,0.0012868010591560028
19,ASYMMETRIC_CAPACITY_FRACTION,0.1,119,108935.252450749,0.005,0.006163195524827577,0.001163195524827577,flat,0.001163195524827577
19,ASYMMETRIC_CAPACITY_FRACTION,0.1,163,96027.8957525901,0.005,0.00597108511553941,0.0009710851155394096,flat,0.0009710851155394096
19,ASYMMETRIC_CAPACITY_FRACTION,0.1,1,69071.6751406991,0.005,0.005569874341272113,0.0005698743412721127,flat,0.0005698743412721127
19,ASYMMETRIC_CAPACITY_FRACTION,0.1,6,0.0,0.005,0.004541825911852651,-0.0004581740881473492,flat,0.0004581740881473492
19,ASYMMETRIC_CAPACITY_FRACTION,0.1,7,0.0,0.005,0.004541825911852651,-0.0004581740881473492,flat,0.0004581740881473492
19,ASYMMETRIC_CAPACITY_FRACTION,0.1,9,0.0,0.005,0.004541825911852651,-0.0004581740881473492,flat,0.0004581740881473492
19,ASYMMETRIC_CAPACITY_FRACTION,0.1,12,0.0,0.005,0.004541825911852651,-0.0004581740881473492,flat,0.0004581740881473492
19,ASYMMETRIC_CAPACITY_FRACTION,0.1,13,0.0,0.005,0.004541825911852651,-0.0004581740881473492,flat,0.0004581740881473492
19,ASYMMETRIC_CAPACITY_FRACTION,0.1,14,0.0,0.005,0.004541825911852651,-0.0004581740881473492,flat,0.0004581740881473492
19,ASYMMETRIC_CAPACITY_FRACTION,0.1,17,0.0,0.005,0.004541825911852651,-0.0004581740881473492,flat,0.0004581740881473492
19,ASYMMETRIC_CAPACITY_FRACTION,0.1,19,0.0,0.005,0.004541825911852651,-0.0004581740881473492,flat,0.0004581740881473492
19,ASYMMETRIC_CAPACITY_FRACTION,0.1,20,0.0,0.005,0.004541825911852651,-0.0004581740881473492,flat,0.0004581740881473492
19,ASYMMETRIC_CAPACITY_FRACTION,0.1,21,0.0,0.005,0.004541825911852651,-0.0004581740881473492,flat,0.0004581740881473492
19,ASYMMETRIC_CAPACITY_FRACTION,0.1,22,0.0,0.005,0.004541825911852651,-0.0004581740881473492,flat,0.0004581740881473492
19,ASYMMETRIC_CAPACITY_FRACTION,0.1,24,0.0,0.005,0.004541825911852651,-0.0004581740881473492,flat,0.0004581740881473492
19,ASYMMETRIC_CAPACITY_FRACTION,0.1,25,0.0,0.005,0.004541825911852651,-0.0004581740881473492,flat,0.0004581740881473492
19,ASYMMETRIC_CAPACITY_FRACTION,0.1,26,0.0,0.005,0.004541825911852651,-0.0004581740881473492,flat,0.0004581740881473492
19,ASYMMETRIC_CAPACITY_FRACTION,0.1,28,0.0,0.005,0.004541825911852651,-0.0004581740881473492,flat,0.0004581740881473492
19,ASYMMETRIC_CAPACITY_FRACTION,0.1,29,0.0,0.005,0.004541825911852651,-0.0004581740881473492,flat,0.0004581740881473492
19,ASYMMETRIC_CAPACITY_FRACTION,0.1,30,0.0,0.005,0.004541825911852651,-0.0004581740881473492,flat,0.0004581740881473492
19,ASYMMETRIC_CAPACITY_FRACTION,0.1,32,0.0,0.005,0.004541825911852651,-0.0004581740881473492,flat,0.0004581740881473492
19,ASYMMETRIC_CAPACITY_FRACTION,0.1,33,0.0,0.005,0.004541825911852651,-0.0004581740881473492,flat,0.0004581740881473492
19,ASYMMETRIC_CAPACITY_FRACTION,0.1,34,0.0,0.005,0.004541825911852651,-0.0004581740881473492,flat,0.0004581740881473492
19,ASYMMETRIC_CAPACITY_FRACTION,0.1,36,0.0,0.005,0.004541825911852651,-0.0004581740881473492,flat,0.0004581740881473492
19,ASYMMETRIC_CAPACITY_FRACTION,0.1,37,0.0,0.005,0.004541825911852651,-0.0004581740881473492,flat,0.0004581740881473492
19,ASYMMETRIC_CAPACITY_FRACTION,0.1,42,0.0,0.005,0.004541825911852651,-0.0004581740881473492,flat,0.0004581740881473492
19,ASYMMETRIC_CAPACITY_FRACTION,0.1,43,0.0,0.005,0.004541825911852651,-0.0004581740881473492,flat,0.0004581740881473492
19,ASYMMETRIC_CAPACITY_FRACTION,0.1,44,0.0,0.005,0.004541825911852651,-0.0004581740881473492,flat,0.0004581740881473492
19,ASYMMETRIC_CAPACITY_FRACTION,0.1,45,0.0,0.005,0.004541825911852651,-0.0004581740881473492,flat,0.0004581740881473492
19,ASYMMETRIC_CAPACITY_FRACTION,0.1,46,0.0,0.005,0.004541825911852651,-0.0004581740881473492,flat,0.0004581740881473492
19,ASYMMETRIC_CAPACITY_FRACTION,0.1,49,0.0,0.005,0.004541825911852651,-0.0004581740881473492,flat,0.0004581740881473492
19,ASYMMETRIC_CAPACITY_FRACTION,0.1,50,0.0,0.005,0.004541825911852651,-0.0004581740881473492,flat,0.0004581740881473492
19,ASYMMETRIC_CAPACITY_FRACTION,0.1,51,0.0,0.005,0.004541825911852651,-0.0004581740881473492,flat,0.0004581740881473492
19,ASYMMETRIC_CAPACITY_FRACTION,0.1,52,0.0,0.005,0.004541825911852651,-0.0004581740881473492,flat,0.0004581740881473492
19,ASYMMETRIC_CAPACITY_FRACTION,0.1,53,0.0,0.005,0.004541825911852651,-0.0004581740881473492,flat,0.0004581740881473492
19,ASYMMETRIC_CAPACITY_FRACTION,0.1,55,0.0,0.005,0.004541825911852651,-0.0004581740881473492,flat,0.0004581740881473492
19,ASYMMETRIC_CAPACITY_FRACTION,0.1,56,0.0,0.005,0.004541825911852651,-0.0004581740881473492,flat,0.0004581740881473492
19,ASYMMETRIC_CAPACITY_FRACTION,0.1,59,0.0,0.005,0.004541825911852651,-0.0004581740881473492,flat,0.0004581740881473492
19,ASYMMETRIC_CAPACITY_FRACTION,0.1,60,0.0,0.005,0.004541825911852651,-0.0004581740881473492,flat,0.0004581740881473492
19,ASYMMETRIC_CAPACITY_FRACTION,0.1,61,0.0,0.005,0.004541825911852651,-0.0004581740881473492,flat,0.0004581740881473492
19,ASYMMETRIC_CAPACITY_FRACTION,0.1,63,0.0,0.005,0.004541825911852651,-0.0004581740881473492,flat,0.0004581740881473492
19,ASYMMETRIC_CAPACITY_FRACTION,0.1,65,0.0,0.005,0.004541825911852651,-0.0004581740881473492,flat,0.0004581740881473492
19,ASYMMETRIC_CAPACITY_FRACTION,0.1,67,0.0,0.005,0.004541825911852651,-0.0004581740881473492,flat,0.0004581740881473492
19,ASYMMETRIC_CAPACITY_FRACTION,0.1,69,0.0,0.005,0.004541825911852651,-0.0004581740881473492,flat,0.0004581740881473492
19,ASYMMETRIC_CAPACITY_FRACTION,0.1,74,0.0,0.005,0.004541825911852651,-0.0004581740881473492,flat,0.0004581740881473492
19,ASYMMETRIC_CAPACITY_FRACTION,0.1,77,0.0,0.005,0.004541825911852651,-0.0004581740881473492,flat,0.0004581740881473492
19,ASYMMETRIC_CAPACITY_FRACTION,0.1,79,0.0,0.005,0.004541825911852651,-0.0004581740881473492,flat,0.0004581740881473492
19,ASYMMETRIC_CAPACITY_FRACTION,0.1,82,0.0,0.005,0.004541825911852651,-0.0004581740881473492,flat,0.0004581740881473492
19,ASYMMETRIC_CAPACITY_FRACTION,0.1,84,0.0,0.005,0.004541825911852651,-0.0004581740881473492,flat,0.0004581740881473492
19,ASYMMETRIC_CAPACITY_FRACTION,0.1,85,0.0,0.005,0.004541825911852651,-0.0004581740881473492,flat,0.0004581740881473492
19,ASYMMETRIC_CAPACITY_FRACTION,0.1,87,0.0,0.005,0.004541825911852651,-0.0004581740881473492,flat,0.0004581740881473492
19,ASYMMETRIC_CAPACITY_FRACTION,0.1,89,0.0,0.005,0.004541825911852651,-0.0004581740881473492,flat,0.0004581740881473492
19,ASYMMETRIC_CAPACITY_FRACTION,0.1,90,0.0,0.005,0.004541825911852651,-0.0004581740881473492,flat,0.0004581740881473492
19,ASYMMETRIC_CAPACITY_FRACTION,0.1,92,0.0,0.005,0.004541825911852651,-0.0004581740881473492,flat,0.0004581740881473492
19,ASYMMETRIC_CAPACITY_FRACTION,0.1,93,0.0,0.005,0.004541825911852651,-0.0004581740881473492,flat,0.0004581740881473492
19,ASYMMETRIC_CAPACITY_FRACTION,0.1,95,0.0,0.005,0.004541825911852651,-0.0004581740881473492,flat,0.0004581740881473492
19,ASYMMETRIC_CAPACITY_FRACTION,0.1,97,0.0,0.005,0.004541825911852651,-0.0004581740881473492,flat,0.0004581740881473492
19,ASYMMETRIC_CAPACITY_FRACTION,0.1,98,0.0,0.005,0.004541825911852651,-0.0004581740881473492,flat,0.0004581740881473492
19,ASYMMETRIC_CAPACITY_FRACTION,0.1,100,0.0,0.005,0.004541825911852651,-0.0004581740881473492,flat,0.0004581740881473492
19,ASYMMETRIC_CAPACITY_FRACTION,0.1,101,0.0,0.005,0.004541825911852651,-0.0004581740881473492,flat,0.0004581740881473492
19,ASYMMETRIC_CAPACITY_FRACTION,0.1,102,0.0,0.005,0.004541825911852651,-0.0004581740881473492,flat,0.0004581740881473492
19,ASYMMETRIC_CAPACITY_FRACTION,0.1,103,0.0,0.005,0.004541825911852651,-0.0004581740881473492,flat,0.0004581740881473492
19,ASYMMETRIC_CAPACITY_FRACTION,0.1,105,0.0,0.005,0.004541825911852651,-0.0004581740881473492,flat,0.0004581740881473492
19,ASYMMETRIC_CAPACITY_FRACTION,0.1,107,0.0,0.005,0.004541825911852651,-0.0004581740881473492,flat,0.0004581740881473492
19,ASYMMETRIC_CAPACITY_FRACTION,0.1,112,0.0,0.005,0.004541825911852651,-0.0004581740881473492,flat,0.0004581740881473492
19,ASYMMETRIC_CAPACITY_FRACTION,0.1,114,0.0,0.005,0.004541825911852651,-0.0004581740881473492,flat,0.0004581740881473492
19,ASYMMETRIC_CAPACITY_FRACTION,0.1,117,0.0,0.005,0.004541825911852651,-0.0004581740881473492,flat,0.0004581740881473492
19,ASYMMETRIC_CAPACITY_FRACTION,0.1,118,0.0,0.005,0.004541825911852651,-0.0004581740881473492,flat,0.0004581740881473492
19,ASYMMETRIC_CAPACITY_FRACTION,0.1,122,0.0,0.005,0.004541825911852651,-0.0004581740881473492,flat,0.0004581740881473492
19,ASYMMETRIC_CAPACITY_FRACTION,0.1,123,0.0,0.005,0.004541825911852651,-0.0004581740881473492,flat,0.0004581740881473492
19,ASYMMETRIC_CAPACITY_FRACTION,0.1,125,0.0,0.005,0.004541825911852651,-0.0004581740881473492,flat,0.0004581740881473492
19,ASYMMETRIC_CAPACITY_FRACTION,0.1,127,0.0,0.005,0.004541825911852651,-0.0004581740881473492,flat,0.0004581740881473492
19,ASYMMETRIC_CAPACITY_FRACTION,0.1,130,0.0,0.005,0.004541825911852651,-0.0004581740881473492,flat,0.0004581740881473492
19,ASYMMETRIC_CAPACITY_FRACTION,0.1,131,0.0,0.005,0.004541825911852651,-0.0004581740881473492,flat,0.0004581740881473492
19,ASYMMETRIC_CAPACITY_FRACTION,0.1,132,0.0,0.005,0.004541825911852651,-0.0004581740881473492,flat,0.0004581740881473492
19,ASYMMETRIC_CAPACITY_FRACTION,0.1,134,0.0,0.005,0.004541825911852651,-0.0004581740881473492,flat,0.0004581740881473492
19,ASYMMETRIC_CAPACITY_FRACTION,0.1,135,0.0,0.005,0.004541825911852651,-0.0004581740881473492,flat,0.0004581740881473492
19,ASYMMETRIC_CAPACITY_FRACTION,0.1,136,0.0,0.005,0.004541825911852651,-0.0004581740881473492,flat,0.0004581740881473492
19,ASYMMETRIC_CAPACITY_FRACTION,0.1,138,0.0,0.005,0.004541825911852651,-0.0004581740881473492,flat,0.0004581740881473492
19,ASYMMETRIC_CAPACITY_FRACTION,0.1,142,0.0,0.005,0.004541825911852651,-0.0004581740881473492,flat,0.0004581740881473492
19,ASYMMETRIC_CAPACITY_FRACTION,0.1,143,0.0,0.005,0.004541825911852651,-0.0004581740881473492,flat,0.0004581740881473492
19,ASYMMETRIC_CAPACITY_FRACTION,0.1,145,0.0,0.005,0.004541825911852651,-0.0004581740881473492,flat,0.0004581740881473492
19,ASYMMETRIC_CAPACITY_FRACTION,0.1,146,0.0,0.005,0.004541825911852651,-0.0004581740881473492,flat,0.0004581740881473492
19,ASYMMETRIC_CAPACITY_FRACTION,0.1,150,0.0,0.005,0.004541825911852651,-0.0004581740881473492,flat,0.0004581740881473492
19,ASYMMETRIC_CAPACITY_FRACTION,0.1,152,0.0,0.005,0.004541825911852651,-0.0004581740881473492,flat,0.0004581740881473492
19,ASYMMETRIC_CAPACITY_FRACTION,0.1,153,0.0,0.005,0.004541825911852651,-0.0004581740881473492,flat,0.0004581740881473492
19,ASYMMETRIC_CAPACITY_FRACTION,0.1,155,0.0,0.005,0.004541825911852651,-0.0004581740881473492,flat,0.0004581740881473492
19,ASYMMETRIC_CAPACITY_FRACTION,0.1,156,0.0,0.005,0.004541825911852651,-0.0004581740881473492,flat,0.0004581740881473492
19,ASYMMETRIC_CAPACITY_FRACTION,0.1,158,0.0,0.005,0.004541825911852651,-0.0004581740881473492,flat,0.0004581740881473492
19,ASYMMETRIC_CAPACITY_FRACTION,0.1,159,0.0,0.005,0.004541825911852651,-0.0004581740881473492,flat,0.0004581740881473492
19,ASYMMETRIC_CAPACITY_FRACTION,0.1,160,0.0,0.005,0.004541825911852651,-0.0004581740881473492,flat,0.0004581740881473492
19,ASYMMETRIC_CAPACITY_FRACTION,0.1,167,0.0,0.005,0.004541825911852651,-0.0004581740881473492,flat,0.0004581740881473492
19,ASYMMETRIC_CAPACITY_FRACTION,0.1,170,0.0,0.005,0.004541825911852651,-0.0004581740881473492,flat,0.0004581740881473492
19,ASYMMETRIC_CAPACITY_FRACTION,0.1,171,0.0,0.005,0.004541825911852651,-0.0004581740881473492,flat,0.0004581740881473492
19,ASYMMETRIC_CAPACITY_FRACTION,0.1,172,0.0,0.005,0.004541825911852651,-0.0004581740881473492,flat,0.0004581740881473492
19,ASYMMETRIC_CAPACITY_FRACTION,0.1,173,0.0,0.005,0.004541825911852651,-0.0004581740881473492,flat,0.0004581740881473492
19,ASYMMETRIC_CAPACITY_FRACTION,0.1,174,0.0,0.005,0.004541825911852651,-0.0004581740881473492,flat,0.0004581740881473492
19,ASYMMETRIC_CAPACITY_FRACTION,0.1,176,0.0,0.005,0.004541825911852651,-0.0004581740881473492,flat,0.0004581740881473492
19,ASYMMETRIC_CAPACITY_FRACTION,0.1,178,0.0,0.005,0.004541825911852651,-0.0004581740881473492,flat,0.0004581740881473492
19,ASYMMETRIC_CAPACITY_FRACTION,0.1,181,0.0,0.005,0.004541825911852651,-0.0004581740881473492,flat,0.0004581740881473492
19,ASYMMETRIC_CAPACITY_FRACTION,0.1,184,0.0,0.005,0.004541825911852651,-0.0004581740881473492,flat,0.0004581740881473492
19,ASYMMETRIC_CAPACITY_FRACTION,0.1,189,0.0,0.005,0.004541825911852651,-0.0004581740881473492,flat,0.0004581740881473492
19,ASYMMETRIC_CAPACITY_FRACTION,0.1,190,0.0,0.005,0.004541825911852651,-0.0004581740881473492,flat,0.0004581740881473492
19,ASYMMETRIC_CAPACITY_FRACTION,0.1,192,0.0,0.005,0.004541825911852651,-0.0004581740881473492,flat,0.0004581740881473492
19,ASYMMETRIC_CAPACITY_FRACTION,0.1,194,0.0,0.005,0.004541825911852651,-0.0004581740881473492,flat,0.0004581740881473492
19,ASYMMETRIC_CAPACITY_FRACTION,0.1,195,0.0,0.005,0.004541825911852651,-0.0004581740881473492,flat,0.0004581740881473492
19,ASYMMETRIC_CAPACITY_FRACTION,0.1,197,0.0,0.005,0.004541825911852651,-0.0004581740881473492,flat,0.0004581740881473492
19,ASYMMETRIC_CAPACITY_FRACTION,0.1,199,0.0,0.005,0.004541825911852651,-0.0004581740881473492,flat,0.0004581740881473492
19,ASYMMETRIC_CAPACITY_FRACTION,0.1,16,6.88935181921016,0.005,0.0045419284515305,-0.00045807154846949985,flat,0.00045807154846949985
19,ASYMMETRIC_CAPACITY_FRACTION,0.1,11,20.4565911136568,0.005,0.004542130383494939,-0.00045786961650506105,flat,0.00045786961650506105
19,ASYMMETRIC_CAPACITY_FRACTION,0.1,104,20.4565911136568,0.005,0.004542130383494939,-0.00045786961650506105,flat,0.00045786961650506105
19,ASYMMETRIC_CAPACITY_FRACTION,0.1,140,20.4565911136568,0.005,0.004542130383494939,-0.00045786961650506105,flat,0.00045786961650506105
19,ASYMMETRIC_CAPACITY_FRACTION,0.1,116,25.5573015044176,0.005,0.004542206301406232,-0.0004577936985937685,flat,0.0004577936985937685
19,ASYMMETRIC_CAPACITY_FRACTION,0.1,154,34.8286576909439,0.005,0.00454234429434106,-0.0004576557056589405,flat,0.0004576557056589405
19,ASYMMETRIC_CAPACITY_FRACTION,0.1,196,34.8286576909439,0.005,0.00454234429434106,-0.0004576557056589405,flat,0.0004576557056589405
19,ASYMMETRIC_CAPACITY_FRACTION,0.1,40,54.5509096364182,0.005,0.004542637836232086,-0.0004573621637679144,flat,0.0004573621637679144
19,ASYMMETRIC_CAPACITY_FRACTION,0.1,147,54.5509096364182,0.005,0.004542637836232086,-0.0004573621637679144,flat,0.0004573621637679144
19,ASYMMETRIC_CAPACITY_FRACTION,0.1,39,81.8263644546273,0.005,0.004543043798421803,-0.0004569562015781974,flat,0.0004569562015781974
19,ASYMMETRIC_CAPACITY_FRACTION,0.1,108,81.8263644546273,0.005,0.004543043798421803,-0.0004569562015781974,flat,0.0004569562015781974
19,ASYMMETRIC_CAPACITY_FRACTION,0.1,126,104.485973072832,0.005,0.004543381059317876,-0.000456618940682124,flat,0.000456618940682124
19,ASYMMETRIC_CAPACITY_FRACTION,0.1,148,118.858039650119,0.005,0.004543594970163996,-0.00045640502983600433,flat,0.00045640502983600433
19,ASYMMETRIC_CAPACITY_FRACTION,0.1,10,130.135391161494,0.005,0.004543762819915514,-0.00045623718008448635,flat,0.00045623718008448635
19,ASYMMETRIC_CAPACITY_FRACTION,0.1,186,137.021233575028,0.005,0.0045438653073601,-0.00045613469263989983,flat,0.00045613469263989983
19,ASYMMETRIC_CAPACITY_FRACTION,0.1,106,223.750105392689,0.005,0.004545156161827953,-0.0004548438381720473,flat,0.0004548438381720473
19,ASYMMETRIC_CAPACITY_FRACTION,0.1,137,227.198660451587,0.005,0.0045452074894033285,-0.0004547925105966716,flat,0.0004547925105966716
19,ASYMMETRIC_CAPACITY_FRACTION,0.1,18,229.795706843412,0.005,0.00454524614330102,-0.00045475385669898043,flat,0.00045475385669898043
19,ASYMMETRIC_CAPACITY_FRACTION,0.1,151,248.282781570409,0.005,0.004545521301071537,-0.0004544786989284632,flat,0.0004544786989284632
19,ASYMMETRIC_CAPACITY_FRACTION,0.1,72,260.270782322988,0.005,0.004545699727978377,-0.00045430027202162347,flat,0.00045430027202162347
19,ASYMMETRIC_CAPACITY_FRACTION,0.1,76,292.712030032828,0.005,0.004546182576753777,-0.00045381742324622325,flat,0.00045381742324622325
19,ASYMMETRIC_CAPACITY_FRACTION,0.1,88,295.949216231572,0.005,0.004546230758359052,-0.00045376924164094827,flat,0.00045376924164094827
19,ASYMMETRIC_CAPACITY_FRACTION,0.1,94,311.802305546108,0.005,0.004546466712439188,-0.00045353328756081186,flat,0.00045353328756081186
19,ASYMMETRIC_CAPACITY_FRACTION,0.1,198,339.192857261944,0.005,0.004546874387707162,-0.00045312561229283836,flat,0.00045312561229283836
19,ASYMMETRIC_CAPACITY_FRACTION,0.1,188,381.358135887828,0.005,0.004547501966933799,-0.0004524980330662008,flat,0.0004524980330662008
19,ASYMMETRIC_CAPACITY_FRACTION,0.1,133,408.443412891964,0.005,0.004547905098556534,-0.000452094901443466,flat,0.000452094901443466
19,ASYMMETRIC_CAPACITY_FRACTION,0.1,141,485.525358889922,0.005,0.0045490523701893475,-0.00045094762981065257,flat,0.00045094762981065257
19,ASYMMETRIC_CAPACITY_FRACTION,0.1,169,485.866418095377,0.005,0.00454905744644354,-0.0004509425535564604,flat,0.0004509425535564604
19,ASYMMETRIC_CAPACITY_FRACTION,0.1,80,557.108520271014,0.005,0.004550117799056981,-0.0004498822009430187,flat,0.0004498822009430187
19,ASYMMETRIC_CAPACITY_FRACTION,0.1,83,558.150220616467,0.005,0.0045501333035080005,-0.00044986669649199965,flat,0.00044986669649199965
19,ASYMMETRIC_CAPACITY_FRACTION,0.1,38,597.142919632309,0.005,0.004550713662720376,-0.0004492863372796245,flat,0.0004492863372796245
19,ASYMMETRIC_CAPACITY_FRACTION,0.1,180,615.493345014584,0.005,0.004550986786630502,-0.00044901321336949813,flat,0.00044901321336949813
19,ASYMMETRIC_CAPACITY_FRACTION,0.1,15,630.535081480176,0.005,0.004551210664703789,-0.0004487893352962107,flat,0.0004487893352962107
19,ASYMMETRIC_CAPACITY_FRACTION,0.1,75,675.605988614971,0.005,0.00455188149070009,-0.00044811850929991036,flat,0.00044811850929991036
19,ASYMMETRIC_CAPACITY_FRACTION,0.1,111,677.138024304688,0.005,0.004551904293200267,-0.00044809570679973324,flat,0.00044809570679973324
19,ASYMMETRIC_CAPACITY_FRACTION,0.1,78,716.387698963184,0.005,0.004552488477184595,-0.00044751152281540495,flat,0.00044751152281540495
19,ASYMMETRIC_CAPACITY_FRACTION,0.1,96,716.387698963184,0.005,0.004552488477184595,-0.00044751152281540495,flat,0.00044751152281540495
19,ASYMMETRIC_CAPACITY_FRACTION,0.1,124,716.387698963184,0.005,0.004552488477184595,-0.00044751152281540495,flat,0.00044751152281540495
19,ASYMMETRIC_CAPACITY_FRACTION,0.1,109,743.014450041102,0.005,0.004552884784202927,-0.00044711521579707345,flat,0.00044711521579707345
19,ASYMMETRIC_CAPACITY_FRACTION,0.1,4,762.468599542019,0.005,0.0045531743357129974,-0.00044682566428700266,flat,0.00044682566428700266
19,ASYMMETRIC_CAPACITY_FRACTION,0.1,71,816.719285450685,0.005,0.004553981791624986,-0.0004460182083750137,flat,0.0004460182083750137
19,ASYMMETRIC_CAPACITY_FRACTION,0.1,166,831.116765633965,0.005,0.0045541960807219265,-0.0004458039192780736,flat,0.0004458039192780736
19,ASYMMETRIC_CAPACITY_FRACTION,0.1,193,835.919471932905,0.005,0.004554267563202372,-0.00044573243679762835,flat,0.00044573243679762835
19,ASYMMETRIC_CAPACITY_FRACTION,0.1,179,838.778042623025,0.005,0.004554310109573259,-0.000445689890426741,flat,0.000445689890426741
19,ASYMMETRIC_CAPACITY_FRACTION,0.1,68,862.005851596851,0.005,0.004554655827445104,-0.000445344172554896,flat,0.000445344172554896
19,ASYMMETRIC_CAPACITY_FRACTION,0.1,35,904.218569012538,0.005,0.004555284112740811,-0.0004447158872591889,flat,0.0004447158872591889
19,ASYMMETRIC_CAPACITY_FRACTION,0.1,91,1161.98903701431,0.005,0.0045591207147088406,-0.00044087928529115954,flat,0.00044087928529115954
19,ASYMMETRIC_CAPACITY_FRACTION,0.1,54,1207.56980977645,0.005,0.004559799129438965,-0.0004402008705610347,flat,0.0004402008705610347
19,ASYMMETRIC_CAPACITY_FRACTION,0.1,165,1278.16107792733,0.005,0.0045608497951743114,-0.00043915020482568866,flat,0.00043915020482568866
19,ASYMMETRIC_CAPACITY_FRACTION,0.1,73,1526.23671523206,0.005,0.0045645421013010825,-0.00043545789869891757,flat,0.00043545789869891757
19,ASYMMETRIC_CAPACITY_FRACTION,0.1,185,1560.54947475151,0.005,0.004565052805268536,-0.0004349471947314642,flat,0.0004349471947314642
19,ASYMMETRIC_CAPACITY_FRACTION,0.1,175,1576.08802657484,0.005,0.004565284077838151,-0.00043471592216184907,flat,0.00043471592216184907
19,ASYMMETRIC_CAPACITY_FRACTION,0.1,27,1636.49917421371,0.005,0.004566183224779688,-0.0004338167752203125,flat,0.0004338167752203125
19,ASYMMETRIC_CAPACITY_FRACTION,0.1,110,1638.43396416056,0.005,0.0045662120217903595,-0.0004337879782096406,flat,0.0004337879782096406
19,ASYMMETRIC_CAPACITY_FRACTION,0.1,182,1647.07214118595,0.005,0.004566340590618405,-0.0004336594093815949,flat,0.0004336594093815949
19,ASYMMETRIC_CAPACITY_FRACTION,0.1,191,2177.009500587,0.005,0.004574228067922426,-0.0004257719320775741,flat,0.0004257719320775741
19,ASYMMETRIC_CAPACITY_FRACTION,0.1,139,2489.40020937744,0.005,0.004578877626180323,-0.00042112237381967694,flat,0.00042112237381967694
19,ASYMMETRIC_CAPACITY_FRACTION,0.1,187,2628.89976557633,0.005,0.004580953908525624,-0.000419046091474376,flat,0.000419046091474376
19,ASYMMETRIC_CAPACITY_FRACTION,0.1,81,2634.83688656008,0.005,0.0045810422753980095,-0.00041895772460199057,flat,0.00041895772460199057
19,ASYMMETRIC_CAPACITY_FRACTION,0.1,31,2838.74258014367,0.005,0.0045840771652803135,-0.0004159228347196866,flat,0.0004159228347196866
19,ASYMMETRIC_CAPACITY_FRACTION,0.1,41,3566.1070784601,0.005,0.0045949031070080405,-0.00040509689299195965,flat,0.00040509689299195965
19,ASYMMETRIC_CAPACITY_FRACTION,0.1,23,3933.52086650822,0.005,0.004600371617319691,-0.0003996283826803093,flat,0.0003996283826803093
19,ASYMMETRIC_CAPACITY_FRACTION,0.1,58,4082.62418944772,0.005,0.004602590840129286,-0.00039740915987071437,flat,0.00039740915987071437
19,ASYMMETRIC_CAPACITY_FRACTION,0.1,129,4156.94255613045,0.005,0.004603696979223054,-0.0003963030207769459,flat,0.0003963030207769459
19,ASYMMETRIC_CAPACITY_FRACTION,0.1,121,56042.7930571794,0.005,0.005375955173454487,0.00037595517345448675,flat,0.00037595517345448675
19,ASYMMETRIC_CAPACITY_FRACTION,0.1,3,7899.59407201946,0.005,0.004659401825021806,-0.0003405981749781944,flat,0.0003405981749781944
19,ASYMMETRIC_CAPACITY_FRACTION,0.1,200,7959.20122796102,0.005,0.004660289005518342,-0.0003397109944816585,flat,0.0003397109944816585
19,ASYMMETRIC_CAPACITY_FRACTION,0.1,47,10666.8804630952,0.005,0.004700589539411303,-0.00029941046058869734,flat,0.00029941046058869734
19,ASYMMETRIC_CAPACITY_FRACTION,0.1,62,50883.9431892088,0.005,0.005299171926290224,0.0002991719262902242,flat,0.0002991719262902242
19,ASYMMETRIC_CAPACITY_FRACTION,0.1,48,13069.9234532051,0.005,0.004736355930870286,-0.0002636440691297145,flat,0.0002636440691297145
19,ASYMMETRIC_CAPACITY_FRACTION,0.1,86,14282.6160052793,0.005,0.0047544053942862085,-0.00024559460571379164,flat,0.00024559460571379164
19,ASYMMETRIC_CAPACITY_FRACTION,0.1,57,46760.2761237901,0.005,0.00523779612439434,0.00023779612439433963,flat,0.00023779612439433963
19,ASYMMETRIC_CAPACITY_FRACTION,0.1,70,14930.1560838336,0.005,0.004764043245972705,-0.0002359567540272953,flat,0.0002359567540272953
19,ASYMMETRIC_CAPACITY_FRACTION,0.1,113,14950.8528843811,0.005,0.004764351292842185,-0.0002356487071578147,flat,0.0002356487071578147
19,ASYMMETRIC_CAPACITY_FRACTION,0.1,164,14994.858352225,0.005,0.004765006261061946,-0.00023499373893805416,flat,0.00023499373893805416
19,ASYMMETRIC_CAPACITY_FRACTION,0.1,120,25659.0272941376,0.005,0.00492372953090396,-7.627046909604047e-05,flat,7.627046909604047e-05
19,ASYMMETRIC_CAPACITY_FRACTION,0.1,157,31317.2754820924,0.005,0.0050079457186689635,7.945718668963403e-06,flat,7.945718668963403e-06
19,FULL_CAPACITY,0.001,177,505385.976281722,0.005,0.006329368281119542,0.0013293682811195418,flat,0.0013293682811195418
19,FULL_CAPACITY,0.001,64,484302.978044169,0.005,0.00627237957055585,0.0012723795705558497,flat,0.0012723795705558497
19,FULL_CAPACITY,0.001,183,260538.359060344,0.005,0.005667529303910658,0.000667529303910658,flat,0.000667529303910658
19,FULL_CAPACITY,0.001,144,195623.709782095,0.005,0.005492060799982581,0.0004920607999825809,flat,0.0004920607999825809
19,FULL_CAPACITY,0.001,128,182150.668728814,0.005,0.005455642296867092,0.0004556422968670917,flat,0.0004556422968670917
19,FULL_CAPACITY,0.001,66,152638.551079626,0.005,0.005375869130267121,0.0003758691302671209,flat,0.0003758691302671209
19,FULL_CAPACITY,0.001,149,141984.077658984,0.005,0.005347069398125798,0.00034706939812579815,flat,0.00034706939812579815
19,FULL_CAPACITY,0.001,161,111582.713597606,0.005,0.005264892540844213,0.00026489254084421324,flat,0.00026489254084421324
19,FULL_CAPACITY,0.001,163,95501.4807451739,0.005,0.00522142392626632,0.00022142392626631983,flat,0.00022142392626631983
19,FULL_CAPACITY,0.001,162,72005.6447968343,0.005,0.0051579131590014015,0.00015791315900140143,flat,0.00015791315900140143
19,FULL_CAPACITY,0.001,5,71838.2139778236,0.005,0.0051574605826469125,0.00015746058264691238,flat,0.00015746058264691238
19,FULL_CAPACITY,0.001,1,69071.6751406991,0.005,0.005149982448878858,0.0001499824488788576,flat,0.0001499824488788576
19,FULL_CAPACITY,0.001,2,62372.6108852693,0.005,0.005131874444049627,0.00013187444404962664,flat,0.00013187444404962664
19,FULL_CAPACITY,0.001,121,56042.7930571794,0.005,0.00511476453624328,0.00011476453624327965,flat,0.00011476453624327965
19,FULL_CAPACITY,0.001,57,46760.2761237901,0.005,0.005089673291399497,8.967329139949673e-05,flat,8.967329139949673e-05
19,FULL_CAPACITY,0.001,99,33506.7519302105,0.005,0.005053848156582027,5.3848156582027296e-05,flat,5.3848156582027296e-05
19,FULL_CAPACITY,0.001,6,0.0,0.005,0.004963277234639863,-3.6722765360136696e-05,flat,3.6722765360136696e-05
19,FULL_CAPACITY,0.001,7,0.0,0.005,0.004963277234639863,-3.6722765360136696e-05,flat,3.6722765360136696e-05
19,FULL_CAPACITY,0.001,9,0.0,0.005,0.004963277234639863,-3.6722765360136696e-05,flat,3.6722765360136696e-05
19,FULL_CAPACITY,0.001,12,0.0,0.005,0.004963277234639863,-3.6722765360136696e-05,flat,3.6722765360136696e-05
19,FULL_CAPACITY,0.001,13,0.0,0.005,0.004963277234639863,-3.6722765360136696e-05,flat,3.6722765360136696e-05
19,FULL_CAPACITY,0.001,14,0.0,0.005,0.004963277234639863,-3.6722765360136696e-05,flat,3.6722765360136696e-05
19,FULL_CAPACITY,0.001,17,0.0,0.005,0.004963277234639863,-3.6722765360136696e-05,flat,3.6722765360136696e-05
19,FULL_CAPACITY,0.001,19,0.0,0.005,0.004963277234639863,-3.6722765360136696e-05,flat,3.6722765360136696e-05
19,FULL_CAPACITY,0.001,20,0.0,0.005,0.004963277234639863,-3.6722765360136696e-05,flat,3.6722765360136696e-05
19,FULL_CAPACITY,0.001,21,0.0,0.005,0.004963277234639863,-3.6722765360136696e-05,flat,3.6722765360136696e-05
19,FULL_CAPACITY,0.001,22,0.0,0.005,0.004963277234639863,-3.6722765360136696e-05,flat,3.6722765360136696e-05
19,FULL_CAPACITY,0.001,24,0.0,0.005,0.004963277234639863,-3.6722765360136696e-05,flat,3.6722765360136696e-05
19,FULL_CAPACITY,0.001,25,0.0,0.005,0.004963277234639863,-3.6722765360136696e-05,flat,3.6722765360136696e-05
19,FULL_CAPACITY,0.001,26,0.0,0.005,0.004963277234639863,-3.6722765360136696e-05,flat,3.6722765360136696e-05
19,FULL_CAPACITY,0.001,28,0.0,0.005,0.004963277234639863,-3.6722765360136696e-05,flat,3.6722765360136696e-05
19,FULL_CAPACITY,0.001,29,0.0,0.005,0.004963277234639863,-3.6722765360136696e-05,flat,3.6722765360136696e-05
19,FULL_CAPACITY,0.001,30,0.0,0.005,0.004963277234639863,-3.6722765360136696e-05,flat,3.6722765360136696e-05
19,FULL_CAPACITY,0.001,32,0.0,0.005,0.004963277234639863,-3.6722765360136696e-05,flat,3.6722765360136696e-05
19,FULL_CAPACITY,0.001,33,0.0,0.005,0.004963277234639863,-3.6722765360136696e-05,flat,3.6722765360136696e-05
19,FULL_CAPACITY,0.001,34,0.0,0.005,0.004963277234639863,-3.6722765360136696e-05,flat,3.6722765360136696e-05
19,FULL_CAPACITY,0.001,36,0.0,0.005,0.004963277234639863,-3.6722765360136696e-05,flat,3.6722765360136696e-05
19,FULL_CAPACITY,0.001,37,0.0,0.005,0.004963277234639863,-3.6722765360136696e-05,flat,3.6722765360136696e-05
19,FULL_CAPACITY,0.001,42,0.0,0.005,0.004963277234639863,-3.6722765360136696e-05,flat,3.6722765360136696e-05
19,FULL_CAPACITY,0.001,43,0.0,0.005,0.004963277234639863,-3.6722765360136696e-05,flat,3.6722765360136696e-05
19,FULL_CAPACITY,0.001,44,0.0,0.005,0.004963277234639863,-3.6722765360136696e-05,flat,3.6722765360136696e-05
19,FULL_CAPACITY,0.001,45,0.0,0.005,0.004963277234639863,-3.6722765360136696e-05,flat,3.6722765360136696e-05
19,FULL_CAPACITY,0.001,46,0.0,0.005,0.004963277234639863,-3.6722765360136696e-05,flat,3.6722765360136696e-05
19,FULL_CAPACITY,0.001,49,0.0,0.005,0.004963277234639863,-3.6722765360136696e-05,flat,3.6722765360136696e-05
19,FULL_CAPACITY,0.001,50,0.0,0.005,0.004963277234639863,-3.6722765360136696e-05,flat,3.6722765360136696e-05
19,FULL_CAPACITY,0.001,51,0.0,0.005,0.004963277234639863,-3.6722765360136696e-05,flat,3.6722765360136696e-05
19,FULL_CAPACITY,0.001,52,0.0,0.005,0.004963277234639863,-3.6722765360136696e-05,flat,3.6722765360136696e-05
19,FULL_CAPACITY,0.001,53,0.0,0.005,0.004963277234639863,-3.6722765360136696e-05,flat,3.6722765360136696e-05
19,FULL_CAPACITY,0.001,55,0.0,0.005,0.004963277234639863,-3.6722765360136696e-05,flat,3.6722765360136696e-05
19,FULL_CAPACITY,0.001,56,0.0,0.005,0.004963277234639863,-3.6722765360136696e-05,flat,3.6722765360136696e-05
19,FULL_CAPACITY,0.001,59,0.0,0.005,0.004963277234639863,-3.6722765360136696e-05,flat,3.6722765360136696e-05
19,FULL_CAPACITY,0.001,60,0.0,0.005,0.004963277234639863,-3.6722765360136696e-05,flat,3.6722765360136696e-05
19,FULL_CAPACITY,0.001,61,0.0,0.005,0.004963277234639863,-3.6722765360136696e-05,flat,3.6722765360136696e-05
19,FULL_CAPACITY,0.001,63,0.0,0.005,0.004963277234639863,-3.6722765360136696e-05,flat,3.6722765360136696e-05
19,FULL_CAPACITY,0.001,65,0.0,0.005,0.004963277234639863,-3.6722765360136696e-05,flat,3.6722765360136696e-05
19,FULL_CAPACITY,0.001,67,0.0,0.005,0.004963277234639863,-3.6722765360136696e-05,flat,3.6722765360136696e-05
19,FULL_CAPACITY,0.001,69,0.0,0.005,0.004963277234639863,-3.6722765360136696e-05,flat,3.6722765360136696e-05
19,FULL_CAPACITY,0.001,74,0.0,0.005,0.004963277234639863,-3.6722765360136696e-05,flat,3.6722765360136696e-05
19,FULL_CAPACITY,0.001,77,0.0,0.005,0.004963277234639863,-3.6722765360136696e-05,flat,3.6722765360136696e-05
19,FULL_CAPACITY,0.001,79,0.0,0.005,0.004963277234639863,-3.6722765360136696e-05,flat,3.6722765360136696e-05
19,FULL_CAPACITY,0.001,82,0.0,0.005,0.004963277234639863,-3.6722765360136696e-05,flat,3.6722765360136696e-05
19,FULL_CAPACITY,0.001,84,0.0,0.005,0.004963277234639863,-3.6722765360136696e-05,flat,3.6722765360136696e-05
19,FULL_CAPACITY,0.001,85,0.0,0.005,0.004963277234639863,-3.6722765360136696e-05,flat,3.6722765360136696e-05
19,FULL_CAPACITY,0.001,87,0.0,0.005,0.004963277234639863,-3.6722765360136696e-05,flat,3.6722765360136696e-05
19,FULL_CAPACITY,0.001,89,0.0,0.005,0.004963277234639863,-3.6722765360136696e-05,flat,3.6722765360136696e-05
19,FULL_CAPACITY,0.001,90,0.0,0.005,0.004963277234639863,-3.6722765360136696e-05,flat,3.6722765360136696e-05
19,FULL_CAPACITY,0.001,92,0.0,0.005,0.004963277234639863,-3.6722765360136696e-05,flat,3.6722765360136696e-05
19,FULL_CAPACITY,0.001,93,0.0,0.005,0.004963277234639863,-3.6722765360136696e-05,flat,3.6722765360136696e-05
19,FULL_CAPACITY,0.001,95,0.0,0.005,0.004963277234639863,-3.6722765360136696e-05,flat,3.6722765360136696e-05
19,FULL_CAPACITY,0.001,97,0.0,0.005,0.004963277234639863,-3.6722765360136696e-05,flat,3.6722765360136696e-05
19,FULL_CAPACITY,0.001,98,0.0,0.005,0.004963277234639863,-3.6722765360136696e-05,flat,3.6722765360136696e-05
19,FULL_CAPACITY,0.001,100,0.0,0.005,0.004963277234639863,-3.6722765360136696e-05,flat,3.6722765360136696e-05
19,FULL_CAPACITY,0.001,101,0.0,0.005,0.004963277234639863,-3.6722765360136696e-05,flat,3.6722765360136696e-05
19,FULL_CAPACITY,0.001,102,0.0,0.005,0.004963277234639863,-3.6722765360136696e-05,flat,3.6722765360136696e-05
19,FULL_CAPACITY,0.001,103,0.0,0.005,0.004963277234639863,-3.6722765360136696e-05,flat,3.6722765360136696e-05
19,FULL_CAPACITY,0.001,105,0.0,0.005,0.004963277234639863,-3.6722765360136696e-05,flat,3.6722765360136696e-05
19,FULL_CAPACITY,0.001,107,0.0,0.005,0.004963277234639863,-3.6722765360136696e-05,flat,3.6722765360136696e-05
19,FULL_CAPACITY,0.001,112,0.0,0.005,0.004963277234639863,-3.6722765360136696e-05,flat,3.6722765360136696e-05
19,FULL_CAPACITY,0.001,114,0.0,0.005,0.004963277234639863,-3.6722765360136696e-05,flat,3.6722765360136696e-05
19,FULL_CAPACITY,0.001,117,0.0,0.005,0.004963277234639863,-3.6722765360136696e-05,flat,3.6722765360136696e-05
19,FULL_CAPACITY,0.001,118,0.0,0.005,0.004963277234639863,-3.6722765360136696e-05,flat,3.6722765360136696e-05
19,FULL_CAPACITY,0.001,122,0.0,0.005,0.004963277234639863,-3.6722765360136696e-05,flat,3.6722765360136696e-05
19,FULL_CAPACITY,0.001,123,0.0,0.005,0.004963277234639863,-3.6722765360136696e-05,flat,3.6722765360136696e-05
19,FULL_CAPACITY,0.001,125,0.0,0.005,0.004963277234639863,-3.6722765360136696e-05,flat,3.6722765360136696e-05
19,FULL_CAPACITY,0.001,127,0.0,0.005,0.004963277234639863,-3.6722765360136696e-05,flat,3.6722765360136696e-05
19,FULL_CAPACITY,0.001,130,0.0,0.005,0.004963277234639863,-3.6722765360136696e-05,flat,3.6722765360136696e-05
19,FULL_CAPACITY,0.001,131,0.0,0.005,0.004963277234639863,-3.6722765360136696e-05,flat,3.6722765360136696e-05
19,FULL_CAPACITY,0.001,132,0.0,0.005,0.004963277234639863,-3.6722765360136696e-05,flat,3.6722765360136696e-05
19,FULL_CAPACITY,0.001,134,0.0,0.005,0.004963277234639863,-3.6722765360136696e-05,flat,3.6722765360136696e-05
19,FULL_CAPACITY,0.001,135,0.0,0.005,0.004963277234639863,-3.6722765360136696e-05,flat,3.6722765360136696e-05
19,FULL_CAPACITY,0.001,136,0.0,0.005,0.004963277234639863,-3.6722765360136696e-05,flat,3.6722765360136696e-05
19,FULL_CAPACITY,0.001,138,0.0,0.005,0.004963277234639863,-3.6722765360136696e-05,flat,3.6722765360136696e-05
19,FULL_CAPACITY,0.001,142,0.0,0.005,0.004963277234639863,-3.6722765360136696e-05,flat,3.6722765360136696e-05
19,FULL_CAPACITY,0.001,143,0.0,0.005,0.004963277234639863,-3.6722765360136696e-05,flat,3.6722765360136696e-05
19,FULL_CAPACITY,0.001,145,0.0,0.005,0.004963277234639863,-3.6722765360136696e-05,flat,3.6722765360136696e-05
19,FULL_CAPACITY,0.001,146,0.0,0.005,0.004963277234639863,-3.6722765360136696e-05,flat,3.6722765360136696e-05
19,FULL_CAPACITY,0.001,150,0.0,0.005,0.004963277234639863,-3.6722765360136696e-05,flat,3.6722765360136696e-05
19,FULL_CAPACITY,0.001,152,0.0,0.005,0.004963277234639863,-3.6722765360136696e-05,flat,3.6722765360136696e-05
19,FULL_CAPACITY,0.001,153,0.0,0.005,0.004963277234639863,-3.6722765360136696e-05,flat,3.6722765360136696e-05
19,FULL_CAPACITY,0.001,155,0.0,0.005,0.004963277234639863,-3.6722765360136696e-05,flat,3.6722765360136696e-05
19,FULL_CAPACITY,0.001,156,0.0,0.005,0.004963277234639863,-3.6722765360136696e-05,flat,3.6722765360136696e-05
19,FULL_CAPACITY,0.001,158,0.0,0.005,0.004963277234639863,-3.6722765360136696e-05,flat,3.6722765360136696e-05
19,FULL_CAPACITY,0.001,159,0.0,0.005,0.004963277234639863,-3.6722765360136696e-05,flat,3.6722765360136696e-05
19,FULL_CAPACITY,0.001,160,0.0,0.005,0.004963277234639863,-3.6722765360136696e-05,flat,3.6722765360136696e-05
19,FULL_CAPACITY,0.001,167,0.0,0.005,0.004963277234639863,-3.6722765360136696e-05,flat,3.6722765360136696e-05
19,FULL_CAPACITY,0.001,170,0.0,0.005,0.004963277234639863,-3.6722765360136696e-05,flat,3.6722765360136696e-05
19,FULL_CAPACITY,0.001,171,0.0,0.005,0.004963277234639863,-3.6722765360136696e-05,flat,3.6722765360136696e-05
19,FULL_CAPACITY,0.001,172,0.0,0.005,0.004963277234639863,-3.6722765360136696e-05,flat,3.6722765360136696e-05
19,FULL_CAPACITY,0.001,173,0.0,0.005,0.004963277234639863,-3.6722765360136696e-05,flat,3.6722765360136696e-05
19,FULL_CAPACITY,0.001,174,0.0,0.005,0.004963277234639863,-3.6722765360136696e-05,flat,3.6722765360136696e-05
19,FULL_CAPACITY,0.001,176,0.0,0.005,0.004963277234639863,-3.6722765360136696e-05,flat,3.6722765360136696e-05
19,FULL_CAPACITY,0.001,178,0.0,0.005,0.004963277234639863,-3.6722765360136696e-05,flat,3.6722765360136696e-05
19,FULL_CAPACITY,0.001,181,0.0,0.005,0.004963277234639863,-3.6722765360136696e-05,flat,3.6722765360136696e-05
19,FULL_CAPACITY,0.001,184,0.0,0.005,0.004963277234639863,-3.6722765360136696e-05,flat,3.6722765360136696e-05
19,FULL_CAPACITY,0.001,189,0.0,0.005,0.004963277234639863,-3.6722765360136696e-05,flat,3.6722765360136696e-05
19,FULL_CAPACITY,0.001,190,0.0,0.005,0.004963277234639863,-3.6722765360136696e-05,flat,3.6722765360136696e-05
19,FULL_CAPACITY,0.001,192,0.0,0.005,0.004963277234639863,-3.6722765360136696e-05,flat,3.6722765360136696e-05
19,FULL_CAPACITY,0.001,194,0.0,0.005,0.004963277234639863,-3.6722765360136696e-05,flat,3.6722765360136696e-05
19,FULL_CAPACITY,0.001,195,0.0,0.005,0.004963277234639863,-3.6722765360136696e-05,flat,3.6722765360136696e-05
19,FULL_CAPACITY,0.001,197,0.0,0.005,0.004963277234639863,-3.6722765360136696e-05,flat,3.6722765360136696e-05
19,FULL_CAPACITY,0.001,199,0.0,0.005,0.004963277234639863,-3.6722765360136696e-05,flat,3.6722765360136696e-05
19,FULL_CAPACITY,0.001,16,6.88935181921016,0.005,0.004963295857004309,-3.670414299569106e-05,flat,3.670414299569106e-05
19,FULL_CAPACITY,0.001,11,20.4565911136568,0.005,0.004963332530131375,-3.666746986862469e-05,flat,3.666746986862469e-05
19,FULL_CAPACITY,0.001,104,20.4565911136568,0.005,0.004963332530131375,-3.666746986862469e-05,flat,3.666746986862469e-05
19,FULL_CAPACITY,0.001,140,20.4565911136568,0.005,0.004963332530131375,-3.666746986862469e-05,flat,3.666746986862469e-05
19,FULL_CAPACITY,0.001,116,25.5573015044176,0.005,0.004963346317682124,-3.665368231787602e-05,flat,3.665368231787602e-05
19,FULL_CAPACITY,0.001,154,34.8286576909439,0.005,0.004963371378758745,-3.6628621241254974e-05,flat,3.6628621241254974e-05
19,FULL_CAPACITY,0.001,196,34.8286576909439,0.005,0.004963371378758745,-3.6628621241254974e-05,flat,3.6628621241254974e-05
19,FULL_CAPACITY,0.001,40,54.5509096364182,0.005,0.004963424689283896,-3.6575310716104384e-05,flat,3.6575310716104384e-05
19,FULL_CAPACITY,0.001,147,54.5509096364182,0.005,0.004963424689283896,-3.6575310716104384e-05,flat,3.6575310716104384e-05
19,FULL_CAPACITY,0.001,39,81.8263644546273,0.005,0.004963498416605912,-3.6501583394087794e-05,flat,3.6501583394087794e-05
19,FULL_CAPACITY,0.001,108,81.8263644546273,0.005,0.004963498416605912,-3.6501583394087794e-05,flat,3.6501583394087794e-05
19,FULL_CAPACITY,0.001,126,104.485973072832,0.005,0.00496355966699651,-3.64403330034898e-05,flat,3.64403330034898e-05
19,FULL_CAPACITY,0.001,148,118.858039650119,0.005,0.00496359851562388,-3.6401484376120084e-05,flat,3.6401484376120084e-05
19,FULL_CAPACITY,0.001,10,130.135391161494,0.005,0.004963628999035867,-3.637100096413274e-05,flat,3.637100096413274e-05
19,FULL_CAPACITY,0.001,186,137.021233575028,0.005,0.004963647611914162,-3.6352388085837684e-05,flat,3.6352388085837684e-05
19,FULL_CAPACITY,0.001,38,142.461798627415,0.005,0.004963662318114087,-3.633768188591319e-05,flat,3.633768188591319e-05
19,FULL_CAPACITY,0.001,106,223.750105392689,0.005,0.004963882045675331,-3.611795432466921e-05,flat,3.611795432466921e-05
19,FULL_CAPACITY,0.001,137,227.198660451587,0.005,0.004963891367343146,-3.610863265685396e-05,flat,3.610863265685396e-05
19,FULL_CAPACITY,0.001,18,229.795706843412,0.005,0.00496389838732785,-3.610161267215018e-05,flat,3.610161267215018e-05
19,FULL_CAPACITY,0.001,151,248.282781570409,0.005,0.004963948359088931,-3.6051640911069494e-05,flat,3.6051640911069494e-05
19,FULL_CAPACITY,0.001,72,260.270782322988,0.005,0.004963980763431872,-3.6019236568127916e-05,flat,3.6019236568127916e-05
19,FULL_CAPACITY,0.001,76,292.712030032828,0.005,0.004964068454226854,-3.593154577314576e-05,flat,3.593154577314576e-05
19,FULL_CAPACITY,0.001,88,295.949216231572,0.005,0.004964077204550942,-3.592279544905805e-05,flat,3.592279544905805e-05
19,FULL_CAPACITY,0.001,94,311.802305546108,0.005,0.004964120056478752,-3.5879943521248056e-05,flat,3.5879943521248056e-05
19,FULL_CAPACITY,0.001,198,339.192857261944,0.005,0.004964194094915142,-3.580590508485849e-05,flat,3.580590508485849e-05
19,FULL_CAPACITY,0.001,188,381.358135887828,0.005,0.0049643080703958755,-3.56919296041246e-05,flat,3.56919296041246e-05
19,FULL_CAPACITY,0.001,133,408.443412891964,0.005,0.004964381283654936,-3.561871634506428e-05,flat,3.561871634506428e-05
19,FULL_CAPACITY,0.001,141,485.525358889922,0.005,0.004964589641150425,-3.541035884957553e-05,flat,3.541035884957553e-05
19,FULL_CAPACITY,0.001,169,485.866418095377,0.005,0.004964590563055559,-3.5409436944440834e-05,flat,3.5409436944440834e-05
19,FULL_CAPACITY,0.001,80,557.108520271014,0.005,0.004964783135074733,-3.5216864925267065e-05,flat,3.5216864925267065e-05
19,FULL_CAPACITY,0.001,83,558.150220616467,0.005,0.004964785950858277,-3.5214049141723235e-05,flat,3.5214049141723235e-05
19,FULL_CAPACITY,0.001,180,615.493345014584,0.005,0.004964940953039765,-3.505904696023479e-05,flat,3.505904696023479e-05
19,FULL_CAPACITY,0.001,15,630.535081480176,0.005,0.004964981611828243,-3.5018388171757266e-05,flat,3.5018388171757266e-05
19,FULL_CAPACITY,0.001,75,675.605988614971,0.005,0.004965103441411142,-3.4896558588857866e-05,flat,3.4896558588857866e-05
19,FULL_CAPACITY,0.001,111,677.138024304688,0.005,0.004965107582602898,-3.4892417397102034e-05,flat,3.4892417397102034e-05
19,FULL_CAPACITY,0.001,78,716.387698963184,0.005,0.004965213677017157,-3.478632298284292e-05,flat,3.478632298284292e-05
19,FULL_CAPACITY,0.001,96,716.387698963184,0.005,0.004965213677017157,-3.478632298284292e-05,flat,3.478632298284292e-05
19,FULL_CAPACITY,0.001,124,716.387698963184,0.005,0.004965213677017157,-3.478632298284292e-05,flat,3.478632298284292e-05
19,FULL_CAPACITY,0.001,109,743.014450041102,0.005,0.0049652856508509225,-3.471434914907763e-05,flat,3.471434914907763e-05
19,FULL_CAPACITY,0.001,4,762.468599542019,0.005,0.00496533823667779,-3.4661763322210194e-05,flat,3.4661763322210194e-05
19,FULL_CAPACITY,0.001,71,816.719285450685,0.005,0.00496548487979763,-3.4515120202370346e-05,flat,3.4515120202370346e-05
19,FULL_CAPACITY,0.001,166,831.116765633965,0.005,0.004965523797119624,-3.447620288037599e-05,flat,3.447620288037599e-05
19,FULL_CAPACITY,0.001,193,835.919471932905,0.005,0.004965536779145999,-3.446322085400109e-05,flat,3.446322085400109e-05
19,FULL_CAPACITY,0.001,179,838.778042623025,0.005,0.00496554450604783,-3.445549395217004e-05,flat,3.445549395217004e-05
19,FULL_CAPACITY,0.001,68,862.005851596851,0.005,0.004965607292320813,-3.439270767918723e-05,flat,3.439270767918723e-05
19,FULL_CAPACITY,0.001,35,902.923144125445,0.005,0.004965717894414248,-3.428210558575201e-05,flat,3.428210558575201e-05
19,FULL_CAPACITY,0.001,27,1042.23880433781,0.005,0.004966094473672443,-3.390552632755693e-05,flat,3.390552632755693e-05
19,FULL_CAPACITY,0.001,91,1161.98903701431,0.005,0.004966418166312031,-3.3581833687968896e-05,flat,3.3581833687968896e-05
19,FULL_CAPACITY,0.001,54,1201.04894352898,0.005,0.004966523747770699,-3.347625222930098e-05,flat,3.347625222930098e-05
19,FULL_CAPACITY,0.001,165,1278.16107792733,0.005,0.00496673218686739,-3.3267813132609875e-05,flat,3.3267813132609875e-05
19,FULL_CAPACITY,0.001,73,1526.23671523206,0.005,0.004967402751392083,-3.25972486079169e-05,flat,3.25972486079169e-05
19,FULL_CAPACITY,0.001,185,1560.54947475151,0.005,0.004967495501004774,-3.2504498995226255e-05,flat,3.2504498995226255e-05
19,FULL_CAPACITY,0.001,175,1576.08802657484,0.005,0.00496753750271736,-3.246249728264001e-05,flat,3.246249728264001e-05
19,FULL_CAPACITY,0.001,182,1586.56305695314,0.005,0.004967565817403329,-3.243418259667088e-05,flat,3.243418259667088e-05
19,FULL_CAPACITY,0.001,110,1632.67360402382,0.005,0.004967690457200351,-3.230954279964931e-05,flat,3.230954279964931e-05
19,FULL_CAPACITY,0.001,31,1816.33627646274,0.005,0.004968186909306596,-3.18130906934045e-05,flat,3.18130906934045e-05
19,FULL_CAPACITY,0.001,139,1866.84130856558,0.005,0.004968323427681453,-3.167657231854717e-05,flat,3.167657231854717e-05
19,FULL_CAPACITY,0.001,191,2177.009500587,0.005,0.0049691618324055825,-3.0838167594417557e-05,flat,3.0838167594417557e-05
19,FULL_CAPACITY,0.001,41,2594.04790009502,0.005,0.004970289114226494,-2.971088577350626e-05,flat,2.971088577350626e-05
19,FULL_CAPACITY,0.001,81,2604.36251901447,0.005,0.004970316995309893,-2.9683004690106776e-05,flat,2.9683004690106776e-05
19,FULL_CAPACITY,0.001,187,2628.89976557633,0.005,0.004970383321077538,-2.961667892246219e-05,flat,2.961667892246219e-05
19,FULL_CAPACITY,0.001,23,2661.21203912667,0.005,0.004970470663247008,-2.9529336752992172e-05,flat,2.9529336752992172e-05
19,FULL_CAPACITY,0.001,58,2700.42520370655,0.005,0.004970576658972158,-2.9423341027842026e-05,flat,2.9423341027842026e-05
19,FULL_CAPACITY,0.001,120,2724.12123575185,0.005,0.004970640710882448,-2.935928911755245e-05,flat,2.935928911755245e-05
19,FULL_CAPACITY,0.001,115,2724.50441469411,0.005,0.004970641746639961,-2.935825336003884e-05,flat,2.935825336003884e-05
19,FULL_CAPACITY,0.001,164,2764.67437494306,0.005,0.004970750328645812,-2.924967135418781e-05,flat,2.924967135418781e-05
19,FULL_CAPACITY,0.001,119,2822.27028080971,0.005,0.004970906014111993,-2.9093985888007518e-05,flat,2.9093985888007518e-05
19,FULL_CAPACITY,0.001,168,2992.41553767011,0.005,0.0049713659277679035,-2.8634072232096644e-05,flat,2.8634072232096644e-05
19,FULL_CAPACITY,0.001,62,3357.84942307129,0.005,0.004972353719242846,-2.764628075715373e-05,flat,2.764628075715373e-05
19,FULL_CAPACITY,0.001,129,3616.09454215965,0.005,0.004973051772535855,-2.694822746414534e-05,flat,2.694822746414534e-05
19,FULL_CAPACITY,0.001,3,7899.59407201946,0.005,0.004984630349366169,-1.5369650633830986e-05,flat,1.5369650633830986e-05
19,FULL_CAPACITY,0.001,200,7959.20122796102,0.005,0.004984791471371645,-1.5208528628354694e-05,flat,1.5208528628354694e-05
19,FULL_CAPACITY,0.001,47,8636.71913839081,0.005,0.004986622846191495,-1.3377153808505175e-05,flat,1.3377153808505175e-05
19,FULL_CAPACITY,0.001,8,10291.1556535178,0.005,0.004991094895311085,-8.90510468891468e-06,flat,8.90510468891468e-06
19,FULL_CAPACITY,0.001,157,15879.2473882538,0.005,0.005006199869417994,6.199869417993463e-06,flat,6.199869417993463e-06
19,FULL_CAPACITY,0.001,113,14950.8528843811,0.005,0.005003690358907488,3.690358907487701e-06,flat,3.690358907487701e-06
19,FULL_CAPACITY,0.001,70,12512.7184194722,0.005,0.00499709992344046,-2.9000765595400824e-06,flat,2.9000765595400824e-06
19,FULL_CAPACITY,0.001,86,14282.6160052793,0.005,0.0050018840713167935,1.8840713167933565e-06,flat,1.8840713167933565e-06
19,FULL_CAPACITY,0.001,48,13069.9234532051,0.005,0.004998606084757472,-1.3939152425281737e-06,flat,1.3939152425281737e-06
19,FULL_CAPACITY,0.01,177,505385.976281722,0.005,0.009203831617519923,0.004203831617519923,flat,0.004203831617519923
19,FULL_CAPACITY,0.01,64,484302.978044169,0.005,0.009023617491222595,0.004023617491222595,flat,0.004023617491222595
19,FULL_CAPACITY,0.01,183,260538.359060344,0.005,0.007110913005263999,0.002110913005263999,flat,0.002110913005263999
19,FULL_CAPACITY,0.01,144,195623.709782095,0.005,0.006556032875229184,0.001556032875229184,flat,0.001556032875229184
19,FULL_CAPACITY,0.01,128,182150.668728814,0.005,0.006440867456410323,0.001440867456410323,flat,0.001440867456410323
19,FULL_CAPACITY,0.01,66,152638.551079626,0.005,0.006188602553790396,0.001188602553790396,flat,0.001188602553790396
19,FULL_CAPACITY,0.01,149,141984.077658984,0.005,0.006097529804221074,0.0010975298042210741,flat,0.0010975298042210741
19,FULL_CAPACITY,0.01,161,111582.713597606,0.005,0.005837663764256725,0.0008376637642567245,flat,0.0008376637642567245
19,FULL_CAPACITY,0.01,163,95501.4807451739,0.005,0.005700203935458612,0.0007002039354586116,flat,0.0007002039354586116
19,FULL_CAPACITY,0.01,162,72005.6447968343,0.005,0.005499365254956646,0.000499365254956646,flat,0.000499365254956646
19,FULL_CAPACITY,0.01,5,71838.2139778236,0.005,0.005497934082861327,0.0004979340828613265,flat,0.0004979340828613265
19,FULL_CAPACITY,0.01,1,69071.6751406991,0.005,0.005474286147506858,0.00047428614750685827,flat,0.00047428614750685827
19,FULL_CAPACITY,0.01,2,62372.6108852693,0.005,0.005417023608365174,0.0004170236083651741,flat,0.0004170236083651741
19,FULL_CAPACITY,0.01,121,56042.7930571794,0.005,0.005362917329141632,0.0003629173291416323,flat,0.0003629173291416323
19,FULL_CAPACITY,0.01,57,46760.2761237901,0.005,0.005283571846106337,0.0002835718461063367,flat,0.0002835718461063367
19,FULL_CAPACITY,0.01,99,33506.7519302105,0.005,0.005170282822600557,0.00017028282260055701,flat,0.00017028282260055701
19,FULL_CAPACITY,0.01,6,0.0,0.005,0.004883872419482055,-0.00011612758051794507,flat,0.00011612758051794507
19,FULL_CAPACITY,0.01,7,0.0,0.005,0.004883872419482055,-0.00011612758051794507,flat,0.00011612758051794507
19,FULL_CAPACITY,0.01,9,0.0,0.005,0.004883872419482055,-0.00011612758051794507,flat,0.00011612758051794507
19,FULL_CAPACITY,0.01,12,0.0,0.005,0.004883872419482055,-0.00011612758051794507,flat,0.00011612758051794507
19,FULL_CAPACITY,0.01,13,0.0,0.005,0.004883872419482055,-0.00011612758051794507,flat,0.00011612758051794507
19,FULL_CAPACITY,0.01,14,0.0,0.005,0.004883872419482055,-0.00011612758051794507,flat,0.00011612758051794507
19,FULL_CAPACITY,0.01,17,0.0,0.005,0.004883872419482055,-0.00011612758051794507,flat,0.00011612758051794507
19,FULL_CAPACITY,0.01,19,0.0,0.005,0.004883872419482055,-0.00011612758051794507,flat,0.00011612758051794507
19,FULL_CAPACITY,0.01,20,0.0,0.005,0.004883872419482055,-0.00011612758051794507,flat,0.00011612758051794507
19,FULL_CAPACITY,0.01,21,0.0,0.005,0.004883872419482055,-0.00011612758051794507,flat,0.00011612758051794507
19,FULL_CAPACITY,0.01,22,0.0,0.005,0.004883872419482055,-0.00011612758051794507,flat,0.00011612758051794507
19,FULL_CAPACITY,0.01,24,0.0,0.005,0.004883872419482055,-0.00011612758051794507,flat,0.00011612758051794507
19,FULL_CAPACITY,0.01,25,0.0,0.005,0.004883872419482055,-0.00011612758051794507,flat,0.00011612758051794507
19,FULL_CAPACITY,0.01,26,0.0,0.005,0.004883872419482055,-0.00011612758051794507,flat,0.00011612758051794507
19,FULL_CAPACITY,0.01,28,0.0,0.005,0.004883872419482055,-0.00011612758051794507,flat,0.00011612758051794507
19,FULL_CAPACITY,0.01,29,0.0,0.005,0.004883872419482055,-0.00011612758051794507,flat,0.00011612758051794507
19,FULL_CAPACITY,0.01,30,0.0,0.005,0.004883872419482055,-0.00011612758051794507,flat,0.00011612758051794507
19,FULL_CAPACITY,0.01,32,0.0,0.005,0.004883872419482055,-0.00011612758051794507,flat,0.00011612758051794507
19,FULL_CAPACITY,0.01,33,0.0,0.005,0.004883872419482055,-0.00011612758051794507,flat,0.00011612758051794507
19,FULL_CAPACITY,0.01,34,0.0,0.005,0.004883872419482055,-0.00011612758051794507,flat,0.00011612758051794507
19,FULL_CAPACITY,0.01,36,0.0,0.005,0.004883872419482055,-0.00011612758051794507,flat,0.00011612758051794507
19,FULL_CAPACITY,0.01,37,0.0,0.005,0.004883872419482055,-0.00011612758051794507,flat,0.00011612758051794507
19,FULL_CAPACITY,0.01,42,0.0,0.005,0.004883872419482055,-0.00011612758051794507,flat,0.00011612758051794507
19,FULL_CAPACITY,0.01,43,0.0,0.005,0.004883872419482055,-0.00011612758051794507,flat,0.00011612758051794507
19,FULL_CAPACITY,0.01,44,0.0,0.005,0.004883872419482055,-0.00011612758051794507,flat,0.00011612758051794507
19,FULL_CAPACITY,0.01,45,0.0,0.005,0.004883872419482055,-0.00011612758051794507,flat,0.00011612758051794507
19,FULL_CAPACITY,0.01,46,0.0,0.005,0.004883872419482055,-0.00011612758051794507,flat,0.00011612758051794507
19,FULL_CAPACITY,0.01,49,0.0,0.005,0.004883872419482055,-0.00011612758051794507,flat,0.00011612758051794507
19,FULL_CAPACITY,0.01,50,0.0,0.005,0.004883872419482055,-0.00011612758051794507,flat,0.00011612758051794507
19,FULL_CAPACITY,0.01,51,0.0,0.005,0.004883872419482055,-0.00011612758051794507,flat,0.00011612758051794507
19,FULL_CAPACITY,0.01,52,0.0,0.005,0.004883872419482055,-0.00011612758051794507,flat,0.00011612758051794507
19,FULL_CAPACITY,0.01,53,0.0,0.005,0.004883872419482055,-0.00011612758051794507,flat,0.00011612758051794507
19,FULL_CAPACITY,0.01,55,0.0,0.005,0.004883872419482055,-0.00011612758051794507,flat,0.00011612758051794507
19,FULL_CAPACITY,0.01,56,0.0,0.005,0.004883872419482055,-0.00011612758051794507,flat,0.00011612758051794507
19,FULL_CAPACITY,0.01,59,0.0,0.005,0.004883872419482055,-0.00011612758051794507,flat,0.00011612758051794507
19,FULL_CAPACITY,0.01,60,0.0,0.005,0.004883872419482055,-0.00011612758051794507,flat,0.00011612758051794507
19,FULL_CAPACITY,0.01,61,0.0,0.005,0.004883872419482055,-0.00011612758051794507,flat,0.00011612758051794507
19,FULL_CAPACITY,0.01,63,0.0,0.005,0.004883872419482055,-0.00011612758051794507,flat,0.00011612758051794507
19,FULL_CAPACITY,0.01,65,0.0,0.005,0.004883872419482055,-0.00011612758051794507,flat,0.00011612758051794507
19,FULL_CAPACITY,0.01,67,0.0,0.005,0.004883872419482055,-0.00011612758051794507,flat,0.00011612758051794507
19,FULL_CAPACITY,0.01,69,0.0,0.005,0.004883872419482055,-0.00011612758051794507,flat,0.00011612758051794507
19,FULL_CAPACITY,0.01,74,0.0,0.005,0.004883872419482055,-0.00011612758051794507,flat,0.00011612758051794507
19,FULL_CAPACITY,0.01,77,0.0,0.005,0.004883872419482055,-0.00011612758051794507,flat,0.00011612758051794507
19,FULL_CAPACITY,0.01,79,0.0,0.005,0.004883872419482055,-0.00011612758051794507,flat,0.00011612758051794507
19,FULL_CAPACITY,0.01,82,0.0,0.005,0.004883872419482055,-0.00011612758051794507,flat,0.00011612758051794507
19,FULL_CAPACITY,0.01,84,0.0,0.005,0.004883872419482055,-0.00011612758051794507,flat,0.00011612758051794507
19,FULL_CAPACITY,0.01,85,0.0,0.005,0.004883872419482055,-0.00011612758051794507,flat,0.00011612758051794507
19,FULL_CAPACITY,0.01,87,0.0,0.005,0.004883872419482055,-0.00011612758051794507,flat,0.00011612758051794507
19,FULL_CAPACITY,0.01,89,0.0,0.005,0.004883872419482055,-0.00011612758051794507,flat,0.00011612758051794507
19,FULL_CAPACITY,0.01,90,0.0,0.005,0.004883872419482055,-0.00011612758051794507,flat,0.00011612758051794507
19,FULL_CAPACITY,0.01,92,0.0,0.005,0.004883872419482055,-0.00011612758051794507,flat,0.00011612758051794507
19,FULL_CAPACITY,0.01,93,0.0,0.005,0.004883872419482055,-0.00011612758051794507,flat,0.00011612758051794507
19,FULL_CAPACITY,0.01,95,0.0,0.005,0.004883872419482055,-0.00011612758051794507,flat,0.00011612758051794507
19,FULL_CAPACITY,0.01,97,0.0,0.005,0.004883872419482055,-0.00011612758051794507,flat,0.00011612758051794507
19,FULL_CAPACITY,0.01,98,0.0,0.005,0.004883872419482055,-0.00011612758051794507,flat,0.00011612758051794507
19,FULL_CAPACITY,0.01,100,0.0,0.005,0.004883872419482055,-0.00011612758051794507,flat,0.00011612758051794507
19,FULL_CAPACITY,0.01,101,0.0,0.005,0.004883872419482055,-0.00011612758051794507,flat,0.00011612758051794507
19,FULL_CAPACITY,0.01,102,0.0,0.005,0.004883872419482055,-0.00011612758051794507,flat,0.00011612758051794507
19,FULL_CAPACITY,0.01,103,0.0,0.005,0.004883872419482055,-0.00011612758051794507,flat,0.00011612758051794507
19,FULL_CAPACITY,0.01,105,0.0,0.005,0.004883872419482055,-0.00011612758051794507,flat,0.00011612758051794507
19,FULL_CAPACITY,0.01,107,0.0,0.005,0.004883872419482055,-0.00011612758051794507,flat,0.00011612758051794507
19,FULL_CAPACITY,0.01,112,0.0,0.005,0.004883872419482055,-0.00011612758051794507,flat,0.00011612758051794507
19,FULL_CAPACITY,0.01,114,0.0,0.005,0.004883872419482055,-0.00011612758051794507,flat,0.00011612758051794507
19,FULL_CAPACITY,0.01,117,0.0,0.005,0.004883872419482055,-0.00011612758051794507,flat,0.00011612758051794507
19,FULL_CAPACITY,0.01,118,0.0,0.005,0.004883872419482055,-0.00011612758051794507,flat,0.00011612758051794507
19,FULL_CAPACITY,0.01,122,0.0,0.005,0.004883872419482055,-0.00011612758051794507,flat,0.00011612758051794507
19,FULL_CAPACITY,0.01,123,0.0,0.005,0.004883872419482055,-0.00011612758051794507,flat,0.00011612758051794507
19,FULL_CAPACITY,0.01,125,0.0,0.005,0.004883872419482055,-0.00011612758051794507,flat,0.00011612758051794507
19,FULL_CAPACITY,0.01,127,0.0,0.005,0.004883872419482055,-0.00011612758051794507,flat,0.00011612758051794507
19,FULL_CAPACITY,0.01,130,0.0,0.005,0.004883872419482055,-0.00011612758051794507,flat,0.00011612758051794507
19,FULL_CAPACITY,0.01,131,0.0,0.005,0.004883872419482055,-0.00011612758051794507,flat,0.00011612758051794507
19,FULL_CAPACITY,0.01,132,0.0,0.005,0.004883872419482055,-0.00011612758051794507,flat,0.00011612758051794507
19,FULL_CAPACITY,0.01,134,0.0,0.005,0.004883872419482055,-0.00011612758051794507,flat,0.00011612758051794507
19,FULL_CAPACITY,0.01,135,0.0,0.005,0.004883872419482055,-0.00011612758051794507,flat,0.00011612758051794507
19,FULL_CAPACITY,0.01,136,0.0,0.005,0.004883872419482055,-0.00011612758051794507,flat,0.00011612758051794507
19,FULL_CAPACITY,0.01,138,0.0,0.005,0.004883872419482055,-0.00011612758051794507,flat,0.00011612758051794507
19,FULL_CAPACITY,0.01,142,0.0,0.005,0.004883872419482055,-0.00011612758051794507,flat,0.00011612758051794507
19,FULL_CAPACITY,0.01,143,0.0,0.005,0.004883872419482055,-0.00011612758051794507,flat,0.00011612758051794507
19,FULL_CAPACITY,0.01,145,0.0,0.005,0.004883872419482055,-0.00011612758051794507,flat,0.00011612758051794507
19,FULL_CAPACITY,0.01,146,0.0,0.005,0.004883872419482055,-0.00011612758051794507,flat,0.00011612758051794507
19,FULL_CAPACITY,0.01,150,0.0,0.005,0.004883872419482055,-0.00011612758051794507,flat,0.00011612758051794507
19,FULL_CAPACITY,0.01,152,0.0,0.005,0.004883872419482055,-0.00011612758051794507,flat,0.00011612758051794507
19,FULL_CAPACITY,0.01,153,0.0,0.005,0.004883872419482055,-0.00011612758051794507,flat,0.00011612758051794507
19,FULL_CAPACITY,0.01,155,0.0,0.005,0.004883872419482055,-0.00011612758051794507,flat,0.00011612758051794507
19,FULL_CAPACITY,0.01,156,0.0,0.005,0.004883872419482055,-0.00011612758051794507,flat,0.00011612758051794507
19,FULL_CAPACITY,0.01,158,0.0,0.005,0.004883872419482055,-0.00011612758051794507,flat,0.00011612758051794507
19,FULL_CAPACITY,0.01,159,0.0,0.005,0.004883872419482055,-0.00011612758051794507,flat,0.00011612758051794507
19,FULL_CAPACITY,0.01,160,0.0,0.005,0.004883872419482055,-0.00011612758051794507,flat,0.00011612758051794507
19,FULL_CAPACITY,0.01,167,0.0,0.005,0.004883872419482055,-0.00011612758051794507,flat,0.00011612758051794507
19,FULL_CAPACITY,0.01,170,0.0,0.005,0.004883872419482055,-0.00011612758051794507,flat,0.00011612758051794507
19,FULL_CAPACITY,0.01,171,0.0,0.005,0.004883872419482055,-0.00011612758051794507,flat,0.00011612758051794507
19,FULL_CAPACITY,0.01,172,0.0,0.005,0.004883872419482055,-0.00011612758051794507,flat,0.00011612758051794507
19,FULL_CAPACITY,0.01,173,0.0,0.005,0.004883872419482055,-0.00011612758051794507,flat,0.00011612758051794507
19,FULL_CAPACITY,0.01,174,0.0,0.005,0.004883872419482055,-0.00011612758051794507,flat,0.00011612758051794507
19,FULL_CAPACITY,0.01,176,0.0,0.005,0.004883872419482055,-0.00011612758051794507,flat,0.00011612758051794507
19,FULL_CAPACITY,0.01,178,0.0,0.005,0.004883872419482055,-0.00011612758051794507,flat,0.00011612758051794507
19,FULL_CAPACITY,0.01,181,0.0,0.005,0.004883872419482055,-0.00011612758051794507,flat,0.00011612758051794507
19,FULL_CAPACITY,0.01,184,0.0,0.005,0.004883872419482055,-0.00011612758051794507,flat,0.00011612758051794507
19,FULL_CAPACITY,0.01,189,0.0,0.005,0.004883872419482055,-0.00011612758051794507,flat,0.00011612758051794507
19,FULL_CAPACITY,0.01,190,0.0,0.005,0.004883872419482055,-0.00011612758051794507,flat,0.00011612758051794507
19,FULL_CAPACITY,0.01,192,0.0,0.005,0.004883872419482055,-0.00011612758051794507,flat,0.00011612758051794507
19,FULL_CAPACITY,0.01,194,0.0,0.005,0.004883872419482055,-0.00011612758051794507,flat,0.00011612758051794507
19,FULL_CAPACITY,0.01,195,0.0,0.005,0.004883872419482055,-0.00011612758051794507,flat,0.00011612758051794507
19,FULL_CAPACITY,0.01,197,0.0,0.005,0.004883872419482055,-0.00011612758051794507,flat,0.00011612758051794507
19,FULL_CAPACITY,0.01,199,0.0,0.005,0.004883872419482055,-0.00011612758051794507,flat,0.00011612758051794507
19,FULL_CAPACITY,0.01,16,6.88935181921016,0.005,0.004883931308569122,-0.00011606869143087825,flat,0.00011606869143087825
19,FULL_CAPACITY,0.01,11,20.4565911136568,0.005,0.004884047279179572,-0.00011595272082042841,flat,0.00011595272082042841
19,FULL_CAPACITY,0.01,104,20.4565911136568,0.005,0.004884047279179572,-0.00011595272082042841,flat,0.00011595272082042841
19,FULL_CAPACITY,0.01,140,20.4565911136568,0.005,0.004884047279179572,-0.00011595272082042841,flat,0.00011595272082042841
19,FULL_CAPACITY,0.01,116,25.5573015044176,0.005,0.004884090879243292,-0.00011590912075670843,flat,0.00011590912075670843
19,FULL_CAPACITY,0.01,154,34.8286576909439,0.005,0.004884170129326032,-0.00011582987067396827,flat,0.00011582987067396827
19,FULL_CAPACITY,0.01,196,34.8286576909439,0.005,0.004884170129326032,-0.00011582987067396827,flat,0.00011582987067396827
19,FULL_CAPACITY,0.01,40,54.5509096364182,0.005,0.004884338712008766,-0.0001156612879912337,flat,0.0001156612879912337
19,FULL_CAPACITY,0.01,147,54.5509096364182,0.005,0.004884338712008766,-0.0001156612879912337,flat,0.0001156612879912337
19,FULL_CAPACITY,0.01,39,81.8263644546273,0.005,0.0048845718582721225,-0.00011542814172787758,flat,0.00011542814172787758
19,FULL_CAPACITY,0.01,108,81.8263644546273,0.005,0.0048845718582721225,-0.00011542814172787758,flat,0.00011542814172787758
19,FULL_CAPACITY,0.01,126,104.485973072832,0.005,0.004884765549013987,-0.00011523445098601294,flat,0.00011523445098601294
19,FULL_CAPACITY,0.01,148,118.858039650119,0.005,0.004884888399160448,-0.00011511160083955193,flat,0.00011511160083955193
19,FULL_CAPACITY,0.01,10,130.135391161494,0.005,0.004884984796173181,-0.0001150152038268187,flat,0.0001150152038268187
19,FULL_CAPACITY,0.01,186,137.021233575028,0.005,0.004885043655262406,-0.00011495634473759377,flat,0.00011495634473759377
19,FULL_CAPACITY,0.01,38,142.461798627415,0.005,0.00488509016034989,-0.0001149098396501097,flat,0.0001149098396501097
19,FULL_CAPACITY,0.01,106,223.750105392689,0.005,0.004885784999908137,-0.00011421500009186313,flat,0.00011421500009186313
19,FULL_CAPACITY,0.01,137,227.198660451587,0.005,0.004885814477610024,-0.00011418552238997605,flat,0.00011418552238997605
19,FULL_CAPACITY,0.01,18,229.795706843412,0.005,0.004885836676750828,-0.00011416332324917181,flat,0.00011416332324917181
19,FULL_CAPACITY,0.01,151,248.282781570409,0.005,0.004885994701334532,-0.00011400529866546771,flat,0.00011400529866546771
19,FULL_CAPACITY,0.01,72,260.270782322988,0.005,0.004886097172864309,-0.00011390282713569146,flat,0.00011390282713569146
19,FULL_CAPACITY,0.01,76,292.712030032828,0.005,0.004886374475506284,-0.00011362552449371583,flat,0.00011362552449371583
19,FULL_CAPACITY,0.01,88,295.949216231572,0.005,0.004886402146460666,-0.00011359785353933383,flat,0.00011359785353933383
19,FULL_CAPACITY,0.01,94,311.802305546108,0.005,0.004886537656154674,-0.00011346234384532628,flat,0.00011346234384532628
19,FULL_CAPACITY,0.01,198,339.192857261944,0.005,0.004886771786248062,-0.00011322821375193796,flat,0.00011322821375193796
19,FULL_CAPACITY,0.01,188,381.358135887828,0.005,0.004887132208364595,-0.0001128677916354048,flat,0.0001128677916354048
19,FULL_CAPACITY,0.01,133,408.443412891964,0.005,0.004887363729018148,-0.0001126362709818517,flat,0.0001126362709818517
19,FULL_CAPACITY,0.01,141,485.525358889922,0.005,0.00488802261327146,-0.0001119773867285399,flat,0.0001119773867285399
19,FULL_CAPACITY,0.01,169,485.866418095377,0.005,0.004888025528591475,-0.00011197447140852499,flat,0.00011197447140852499
19,FULL_CAPACITY,0.01,80,557.108520271014,0.005,0.0048886344947856805,-0.00011136550521431959,flat,0.00011136550521431959
19,FULL_CAPACITY,0.01,83,558.150220616467,0.005,0.004888643399075076,-0.00011135660092492436,flat,0.00011135660092492436
19,FULL_CAPACITY,0.01,180,615.493345014584,0.005,0.004889133559010874,-0.00011086644098912569,flat,0.00011086644098912569
19,FULL_CAPACITY,0.01,15,630.535081480176,0.005,0.0048892621333893665,-0.00011073786661063359,flat,0.00011073786661063359
19,FULL_CAPACITY,0.01,75,675.605988614971,0.005,0.004889647392357716,-0.0001103526076422839,flat,0.0001103526076422839
19,FULL_CAPACITY,0.01,111,677.138024304688,0.005,0.004889660487955893,-0.00011033951204410686,flat,0.00011033951204410686
19,FULL_CAPACITY,0.01,78,716.387698963184,0.005,0.004889995987951972,-0.00011000401204802786,flat,0.00011000401204802786
19,FULL_CAPACITY,0.01,96,716.387698963184,0.005,0.004889995987951972,-0.00011000401204802786,flat,0.00011000401204802786
19,FULL_CAPACITY,0.01,124,716.387698963184,0.005,0.004889995987951972,-0.00011000401204802786,flat,0.00011000401204802786
19,FULL_CAPACITY,0.01,109,743.014450041102,0.005,0.004890223589198606,-0.00010977641080139443,flat,0.00010977641080139443
19,FULL_CAPACITY,0.01,4,762.468599542019,0.005,0.004890389880184151,-0.00010961011981584952,flat,0.00010961011981584952
19,FULL_CAPACITY,0.01,71,816.719285450685,0.005,0.004890853606446037,-0.00010914639355396293,flat,0.00010914639355396293
19,FULL_CAPACITY,0.01,166,831.116765633965,0.005,0.004890976673823972,-0.00010902332617602779,flat,0.00010902332617602779
19,FULL_CAPACITY,0.01,193,835.919471932905,0.005,0.004891017726595963,-0.00010898227340403691,flat,0.00010898227340403691
19,FULL_CAPACITY,0.01,179,838.778042623025,0.005,0.004891042161205006,-0.0001089578387949942,flat,0.0001089578387949942
19,FULL_CAPACITY,0.01,68,862.005851596851,0.005,0.004891240708833424,-0.00010875929116657603,flat,0.00010875929116657603
19,FULL_CAPACITY,0.01,35,902.923144125445,0.005,0.004891590463362662,-0.00010840953663733815,flat,0.00010840953663733815
19,FULL_CAPACITY,0.01,27,1042.23880433781,0.005,0.004892781311538136,-0.00010721868846186398,flat,0.00010721868846186398
19,FULL_CAPACITY,0.01,91,1161.98903701431,0.005,0.004893804917541065,-0.00010619508245893541,flat,0.00010619508245893541
19,FULL_CAPACITY,0.01,54,1201.04894352898,0.005,0.004894138795429138,-0.00010586120457086248,flat,0.00010586120457086248
19,FULL_CAPACITY,0.01,165,1278.16107792733,0.005,0.00489479793772811,-0.00010520206227189032,flat,0.00010520206227189032
19,FULL_CAPACITY,0.01,73,1526.23671523206,0.005,0.0048969184489442465,-0.00010308155105575364,flat,0.00010308155105575364
19,FULL_CAPACITY,0.01,185,1560.54947475151,0.005,0.004897211748972448,-0.0001027882510275524,flat,0.0001027882510275524
19,FULL_CAPACITY,0.01,175,1576.08802657484,0.005,0.004897344570049849,-0.00010265542995015111,flat,0.00010265542995015111
19,FULL_CAPACITY,0.01,182,1586.56305695314,0.005,0.004897434108948743,-0.00010256589105125686,flat,0.00010256589105125686
19,FULL_CAPACITY,0.01,110,1632.67360402382,0.005,0.004897828254594433,-0.00010217174540556699,flat,0.00010217174540556699
19,FULL_CAPACITY,0.01,31,1816.33627646274,0.005,0.004899398173999352,-0.00010060182600064773,flat,0.00010060182600064773
19,FULL_CAPACITY,0.01,139,1866.84130856558,0.005,0.004899829883006367,-0.00010017011699363278,flat,0.00010017011699363278
19,FULL_CAPACITY,0.01,191,2177.009500587,0.005,0.004902481151535661,-9.751884846433915e-05,flat,9.751884846433915e-05
19,FULL_CAPACITY,0.01,41,2594.04790009502,0.005,0.004906045929654643,-9.39540703453574e-05,flat,9.39540703453574e-05
19,FULL_CAPACITY,0.01,81,2604.36251901447,0.005,0.004906134097381819,-9.386590261818099e-05,flat,9.386590261818099e-05
19,FULL_CAPACITY,0.01,187,2628.89976557633,0.005,0.0049063438378751335,-9.36561621248666e-05,flat,9.36561621248666e-05
19,FULL_CAPACITY,0.01,23,2661.21203912667,0.005,0.004906620038066441,-9.337996193355905e-05,flat,9.337996193355905e-05
19,FULL_CAPACITY,0.01,58,2700.42520370655,0.005,0.004906955225980157,-9.304477401984347e-05,flat,9.304477401984347e-05
19,FULL_CAPACITY,0.01,120,2724.12123575185,0.005,0.004907157775905155,-9.284222409484521e-05,flat,9.284222409484521e-05
19,FULL_CAPACITY,0.01,115,2724.50441469411,0.005,0.0049071610512580015,-9.283894874199863e-05,flat,9.283894874199863e-05
19,FULL_CAPACITY,0.01,164,2764.67437494306,0.005,0.0049075044177094,-9.249558229060002e-05,flat,9.249558229060002e-05
19,FULL_CAPACITY,0.01,119,2822.27028080971,0.005,0.0049079967383811145,-9.200326161888563e-05,flat,9.200326161888563e-05
19,FULL_CAPACITY,0.01,168,2992.41553767011,0.005,0.0049094511130608086,-9.054888693919155e-05,flat,9.054888693919155e-05
19,FULL_CAPACITY,0.01,62,3357.84942307129,0.005,0.004912574783974924,-8.742521602507578e-05,flat,8.742521602507578e-05
19,FULL_CAPACITY,0.01,129,3616.09454215965,0.005,0.004914782222309012,-8.521777769098828e-05,flat,8.521777769098828e-05
19,FULL_CAPACITY,0.01,3,7899.59407201946,0.005,0.004951396897156051,-4.8603102843948996e-05,flat,4.8603102843948996e-05
19,FULL_CAPACITY,0.01,200,7959.20122796102,0.005,0.0049519064096745285,-4.8093590325471586e-05,flat,4.8093590325471586e-05
19,FULL_CAPACITY,0.01,47,8636.71913839081,0.005,0.004957697725354734,-4.230227464526587e-05,flat,4.230227464526587e-05
19,FULL_CAPACITY,0.01,8,10291.1556535178,0.005,0.004971839586380788,-2.816041361921196e-05,flat,2.816041361921196e-05
19,FULL_CAPACITY,0.01,157,15879.2473882538,0.005,0.005019605708556476,1.960570855647631e-05,flat,1.960570855647631e-05
19,FULL_CAPACITY,0.01,113,14950.8528843811,0.005,0.005011669939531146,1.16699395311462e-05,flat,1.16699395311462e-05
19,FULL_CAPACITY,0.01,70,12512.7184194722,0.005,0.0049908291526829865,-9.170847317013613e-06,flat,9.170847317013613e-06
19,FULL_CAPACITY,0.01,86,14282.6160052793,0.005,0.005005957956635256,5.957956635256265e-06,flat,5.957956635256265e-06
19,FULL_CAPACITY,0.01,48,13069.9234532051,0.005,0.004995592052968383,-4.407947031616864e-06,flat,4.407947031616864e-06
19,FULL_CAPACITY,0.05,177,505385.976281722,0.005,0.014400053262737281,0.009400053262737282,flat,0.009400053262737282
19,FULL_CAPACITY,0.05,64,484302.978044169,0.005,0.013997082225830725,0.008997082225830726,flat,0.008997082225830726
19,FULL_CAPACITY,0.05,183,260538.359060344,0.005,0.00972014497435859,0.00472014497435859,flat,0.00472014497435859
19,FULL_CAPACITY,0.05,144,195623.709782095,0.005,0.008479395284236843,0.003479395284236843,flat,0.003479395284236843
19,FULL_CAPACITY,0.05,128,182150.668728814,0.005,0.008221877579100641,0.0032218775791006413,flat,0.0032218775791006413
19,FULL_CAPACITY,0.05,66,152638.551079626,0.005,0.007657796108505129,0.002657796108505129,flat,0.002657796108505129
19,FULL_CAPACITY,0.05,149,141984.077658984,0.005,0.007454151249570314,0.002454151249570314,flat,0.002454151249570314
19,FULL_CAPACITY,0.05,161,111582.713597606,0.005,0.006873073119166362,0.001873073119166362,flat,0.001873073119166362
19,FULL_CAPACITY,0.05,163,95501.4807451739,0.005,0.006565703597798304,0.0015657035977983038,flat,0.0015657035977983038
19,FULL_CAPACITY,0.05,162,72005.6447968343,0.005,0.0061166146556845555,0.0011166146556845554,flat,0.0011166146556845554
19,FULL_CAPACITY,0.05,5,71838.2139778236,0.005,0.00611341445759192,0.0011134144575919202,flat,0.0011134144575919202
19,FULL_CAPACITY,0.05,1,69071.6751406991,0.005,0.006060536066611809,0.001060536066611809,flat,0.001060536066611809
19,FULL_CAPACITY,0.05,2,62372.6108852693,0.005,0.005932493136526762,0.0009324931365267616,flat,0.0009324931365267616
19,FULL_CAPACITY,0.05,121,56042.7930571794,0.005,0.00581150781817334,0.0008115078181733402,flat,0.0008115078181733402
19,FULL_CAPACITY,0.05,57,46760.2761237901,0.005,0.005634085924398868,0.0006340859243988677,flat,0.0006340859243988677
19,FULL_CAPACITY,0.05,99,33506.7519302105,0.005,0.005380763966735376,0.0003807639667353759,flat,0.0003807639667353759
19,FULL_CAPACITY,0.05,6,0.0,0.005,0.004740330835899299,-0.0002596691641007015,flat,0.0002596691641007015
19,FULL_CAPACITY,0.05,7,0.0,0.005,0.004740330835899299,-0.0002596691641007015,flat,0.0002596691641007015
19,FULL_CAPACITY,0.05,9,0.0,0.005,0.004740330835899299,-0.0002596691641007015,flat,0.0002596691641007015
19,FULL_CAPACITY,0.05,12,0.0,0.005,0.004740330835899299,-0.0002596691641007015,flat,0.0002596691641007015
19,FULL_CAPACITY,0.05,13,0.0,0.005,0.004740330835899299,-0.0002596691641007015,flat,0.0002596691641007015
19,FULL_CAPACITY,0.05,14,0.0,0.005,0.004740330835899299,-0.0002596691641007015,flat,0.0002596691641007015
19,FULL_CAPACITY,0.05,17,0.0,0.005,0.004740330835899299,-0.0002596691641007015,flat,0.0002596691641007015
19,FULL_CAPACITY,0.05,19,0.0,0.005,0.004740330835899299,-0.0002596691641007015,flat,0.0002596691641007015
19,FULL_CAPACITY,0.05,20,0.0,0.005,0.004740330835899299,-0.0002596691641007015,flat,0.0002596691641007015
19,FULL_CAPACITY,0.05,21,0.0,0.005,0.004740330835899299,-0.0002596691641007015,flat,0.0002596691641007015
19,FULL_CAPACITY,0.05,22,0.0,0.005,0.004740330835899299,-0.0002596691641007015,flat,0.0002596691641007015
19,FULL_CAPACITY,0.05,24,0.0,0.005,0.004740330835899299,-0.0002596691641007015,flat,0.0002596691641007015
19,FULL_CAPACITY,0.05,25,0.0,0.005,0.004740330835899299,-0.0002596691641007015,flat,0.0002596691641007015
19,FULL_CAPACITY,0.05,26,0.0,0.005,0.004740330835899299,-0.0002596691641007015,flat,0.0002596691641007015
19,FULL_CAPACITY,0.05,28,0.0,0.005,0.004740330835899299,-0.0002596691641007015,flat,0.0002596691641007015
19,FULL_CAPACITY,0.05,29,0.0,0.005,0.004740330835899299,-0.0002596691641007015,flat,0.0002596691641007015
19,FULL_CAPACITY,0.05,30,0.0,0.005,0.004740330835899299,-0.0002596691641007015,flat,0.0002596691641007015
19,FULL_CAPACITY,0.05,32,0.0,0.005,0.004740330835899299,-0.0002596691641007015,flat,0.0002596691641007015
19,FULL_CAPACITY,0.05,33,0.0,0.005,0.004740330835899299,-0.0002596691641007015,flat,0.0002596691641007015
19,FULL_CAPACITY,0.05,34,0.0,0.005,0.004740330835899299,-0.0002596691641007015,flat,0.0002596691641007015
19,FULL_CAPACITY,0.05,36,0.0,0.005,0.004740330835899299,-0.0002596691641007015,flat,0.0002596691641007015
19,FULL_CAPACITY,0.05,37,0.0,0.005,0.004740330835899299,-0.0002596691641007015,flat,0.0002596691641007015
19,FULL_CAPACITY,0.05,42,0.0,0.005,0.004740330835899299,-0.0002596691641007015,flat,0.0002596691641007015
19,FULL_CAPACITY,0.05,43,0.0,0.005,0.004740330835899299,-0.0002596691641007015,flat,0.0002596691641007015
19,FULL_CAPACITY,0.05,44,0.0,0.005,0.004740330835899299,-0.0002596691641007015,flat,0.0002596691641007015
19,FULL_CAPACITY,0.05,45,0.0,0.005,0.004740330835899299,-0.0002596691641007015,flat,0.0002596691641007015
19,FULL_CAPACITY,0.05,46,0.0,0.005,0.004740330835899299,-0.0002596691641007015,flat,0.0002596691641007015
19,FULL_CAPACITY,0.05,49,0.0,0.005,0.004740330835899299,-0.0002596691641007015,flat,0.0002596691641007015
19,FULL_CAPACITY,0.05,50,0.0,0.005,0.004740330835899299,-0.0002596691641007015,flat,0.0002596691641007015
19,FULL_CAPACITY,0.05,51,0.0,0.005,0.004740330835899299,-0.0002596691641007015,flat,0.0002596691641007015
19,FULL_CAPACITY,0.05,52,0.0,0.005,0.004740330835899299,-0.0002596691641007015,flat,0.0002596691641007015
19,FULL_CAPACITY,0.05,53,0.0,0.005,0.004740330835899299,-0.0002596691641007015,flat,0.0002596691641007015
19,FULL_CAPACITY,0.05,55,0.0,0.005,0.004740330835899299,-0.0002596691641007015,flat,0.0002596691641007015
19,FULL_CAPACITY,0.05,56,0.0,0.005,0.004740330835899299,-0.0002596691641007015,flat,0.0002596691641007015
19,FULL_CAPACITY,0.05,59,0.0,0.005,0.004740330835899299,-0.0002596691641007015,flat,0.0002596691641007015
19,FULL_CAPACITY,0.05,60,0.0,0.005,0.004740330835899299,-0.0002596691641007015,flat,0.0002596691641007015
19,FULL_CAPACITY,0.05,61,0.0,0.005,0.004740330835899299,-0.0002596691641007015,flat,0.0002596691641007015
19,FULL_CAPACITY,0.05,63,0.0,0.005,0.004740330835899299,-0.0002596691641007015,flat,0.0002596691641007015
19,FULL_CAPACITY,0.05,65,0.0,0.005,0.004740330835899299,-0.0002596691641007015,flat,0.0002596691641007015
19,FULL_CAPACITY,0.05,67,0.0,0.005,0.004740330835899299,-0.0002596691641007015,flat,0.0002596691641007015
19,FULL_CAPACITY,0.05,69,0.0,0.005,0.004740330835899299,-0.0002596691641007015,flat,0.0002596691641007015
19,FULL_CAPACITY,0.05,74,0.0,0.005,0.004740330835899299,-0.0002596691641007015,flat,0.0002596691641007015
19,FULL_CAPACITY,0.05,77,0.0,0.005,0.004740330835899299,-0.0002596691641007015,flat,0.0002596691641007015
19,FULL_CAPACITY,0.05,79,0.0,0.005,0.004740330835899299,-0.0002596691641007015,flat,0.0002596691641007015
19,FULL_CAPACITY,0.05,82,0.0,0.005,0.004740330835899299,-0.0002596691641007015,flat,0.0002596691641007015
19,FULL_CAPACITY,0.05,84,0.0,0.005,0.004740330835899299,-0.0002596691641007015,flat,0.0002596691641007015
19,FULL_CAPACITY,0.05,85,0.0,0.005,0.004740330835899299,-0.0002596691641007015,flat,0.0002596691641007015
19,FULL_CAPACITY,0.05,87,0.0,0.005,0.004740330835899299,-0.0002596691641007015,flat,0.0002596691641007015
19,FULL_CAPACITY,0.05,89,0.0,0.005,0.004740330835899299,-0.0002596691641007015,flat,0.0002596691641007015
19,FULL_CAPACITY,0.05,90,0.0,0.005,0.004740330835899299,-0.0002596691641007015,flat,0.0002596691641007015
19,FULL_CAPACITY,0.05,92,0.0,0.005,0.004740330835899299,-0.0002596691641007015,flat,0.0002596691641007015
19,FULL_CAPACITY,0.05,93,0.0,0.005,0.004740330835899299,-0.0002596691641007015,flat,0.0002596691641007015
19,FULL_CAPACITY,0.05,95,0.0,0.005,0.004740330835899299,-0.0002596691641007015,flat,0.0002596691641007015
19,FULL_CAPACITY,0.05,97,0.0,0.005,0.004740330835899299,-0.0002596691641007015,flat,0.0002596691641007015
19,FULL_CAPACITY,0.05,98,0.0,0.005,0.004740330835899299,-0.0002596691641007015,flat,0.0002596691641007015
19,FULL_CAPACITY,0.05,100,0.0,0.005,0.004740330835899299,-0.0002596691641007015,flat,0.0002596691641007015
19,FULL_CAPACITY,0.05,101,0.0,0.005,0.004740330835899299,-0.0002596691641007015,flat,0.0002596691641007015
19,FULL_CAPACITY,0.05,102,0.0,0.005,0.004740330835899299,-0.0002596691641007015,flat,0.0002596691641007015
19,FULL_CAPACITY,0.05,103,0.0,0.005,0.004740330835899299,-0.0002596691641007015,flat,0.0002596691641007015
19,FULL_CAPACITY,0.05,105,0.0,0.005,0.004740330835899299,-0.0002596691641007015,flat,0.0002596691641007015
19,FULL_CAPACITY,0.05,107,0.0,0.005,0.004740330835899299,-0.0002596691641007015,flat,0.0002596691641007015
19,FULL_CAPACITY,0.05,112,0.0,0.005,0.004740330835899299,-0.0002596691641007015,flat,0.0002596691641007015
19,FULL_CAPACITY,0.05,114,0.0,0.005,0.004740330835899299,-0.0002596691641007015,flat,0.0002596691641007015
19,FULL_CAPACITY,0.05,117,0.0,0.005,0.004740330835899299,-0.0002596691641007015,flat,0.0002596691641007015
19,FULL_CAPACITY,0.05,118,0.0,0.005,0.004740330835899299,-0.0002596691641007015,flat,0.0002596691641007015
19,FULL_CAPACITY,0.05,122,0.0,0.005,0.004740330835899299,-0.0002596691641007015,flat,0.0002596691641007015
19,FULL_CAPACITY,0.05,123,0.0,0.005,0.004740330835899299,-0.0002596691641007015,flat,0.0002596691641007015
19,FULL_CAPACITY,0.05,125,0.0,0.005,0.004740330835899299,-0.0002596691641007015,flat,0.0002596691641007015
19,FULL_CAPACITY,0.05,127,0.0,0.005,0.004740330835899299,-0.0002596691641007015,flat,0.0002596691641007015
19,FULL_CAPACITY,0.05,130,0.0,0.005,0.004740330835899299,-0.0002596691641007015,flat,0.0002596691641007015
19,FULL_CAPACITY,0.05,131,0.0,0.005,0.004740330835899299,-0.0002596691641007015,flat,0.0002596691641007015
19,FULL_CAPACITY,0.05,132,0.0,0.005,0.004740330835899299,-0.0002596691641007015,flat,0.0002596691641007015
19,FULL_CAPACITY,0.05,134,0.0,0.005,0.004740330835899299,-0.0002596691641007015,flat,0.0002596691641007015
19,FULL_CAPACITY,0.05,135,0.0,0.005,0.004740330835899299,-0.0002596691641007015,flat,0.0002596691641007015
19,FULL_CAPACITY,0.05,136,0.0,0.005,0.004740330835899299,-0.0002596691641007015,flat,0.0002596691641007015
19,FULL_CAPACITY,0.05,138,0.0,0.005,0.004740330835899299,-0.0002596691641007015,flat,0.0002596691641007015
19,FULL_CAPACITY,0.05,142,0.0,0.005,0.004740330835899299,-0.0002596691641007015,flat,0.0002596691641007015
19,FULL_CAPACITY,0.05,143,0.0,0.005,0.004740330835899299,-0.0002596691641007015,flat,0.0002596691641007015
19,FULL_CAPACITY,0.05,145,0.0,0.005,0.004740330835899299,-0.0002596691641007015,flat,0.0002596691641007015
19,FULL_CAPACITY,0.05,146,0.0,0.005,0.004740330835899299,-0.0002596691641007015,flat,0.0002596691641007015
19,FULL_CAPACITY,0.05,150,0.0,0.005,0.004740330835899299,-0.0002596691641007015,flat,0.0002596691641007015
19,FULL_CAPACITY,0.05,152,0.0,0.005,0.004740330835899299,-0.0002596691641007015,flat,0.0002596691641007015
19,FULL_CAPACITY,0.05,153,0.0,0.005,0.004740330835899299,-0.0002596691641007015,flat,0.0002596691641007015
19,FULL_CAPACITY,0.05,155,0.0,0.005,0.004740330835899299,-0.0002596691641007015,flat,0.0002596691641007015
19,FULL_CAPACITY,0.05,156,0.0,0.005,0.004740330835899299,-0.0002596691641007015,flat,0.0002596691641007015
19,FULL_CAPACITY,0.05,158,0.0,0.005,0.004740330835899299,-0.0002596691641007015,flat,0.0002596691641007015
19,FULL_CAPACITY,0.05,159,0.0,0.005,0.004740330835899299,-0.0002596691641007015,flat,0.0002596691641007015
19,FULL_CAPACITY,0.05,160,0.0,0.005,0.004740330835899299,-0.0002596691641007015,flat,0.0002596691641007015
19,FULL_CAPACITY,0.05,167,0.0,0.005,0.004740330835899299,-0.0002596691641007015,flat,0.0002596691641007015
19,FULL_CAPACITY,0.05,170,0.0,0.005,0.004740330835899299,-0.0002596691641007015,flat,0.0002596691641007015
19,FULL_CAPACITY,0.05,171,0.0,0.005,0.004740330835899299,-0.0002596691641007015,flat,0.0002596691641007015
19,FULL_CAPACITY,0.05,172,0.0,0.005,0.004740330835899299,-0.0002596691641007015,flat,0.0002596691641007015
19,FULL_CAPACITY,0.05,173,0.0,0.005,0.004740330835899299,-0.0002596691641007015,flat,0.0002596691641007015
19,FULL_CAPACITY,0.05,174,0.0,0.005,0.004740330835899299,-0.0002596691641007015,flat,0.0002596691641007015
19,FULL_CAPACITY,0.05,176,0.0,0.005,0.004740330835899299,-0.0002596691641007015,flat,0.0002596691641007015
19,FULL_CAPACITY,0.05,178,0.0,0.005,0.004740330835899299,-0.0002596691641007015,flat,0.0002596691641007015
19,FULL_CAPACITY,0.05,181,0.0,0.005,0.004740330835899299,-0.0002596691641007015,flat,0.0002596691641007015
19,FULL_CAPACITY,0.05,184,0.0,0.005,0.004740330835899299,-0.0002596691641007015,flat,0.0002596691641007015
19,FULL_CAPACITY,0.05,189,0.0,0.005,0.004740330835899299,-0.0002596691641007015,flat,0.0002596691641007015
19,FULL_CAPACITY,0.05,190,0.0,0.005,0.004740330835899299,-0.0002596691641007015,flat,0.0002596691641007015
19,FULL_CAPACITY,0.05,192,0.0,0.005,0.004740330835899299,-0.0002596691641007015,flat,0.0002596691641007015
19,FULL_CAPACITY,0.05,194,0.0,0.005,0.004740330835899299,-0.0002596691641007015,flat,0.0002596691641007015
19,FULL_CAPACITY,0.05,195,0.0,0.005,0.004740330835899299,-0.0002596691641007015,flat,0.0002596691641007015
19,FULL_CAPACITY,0.05,197,0.0,0.005,0.004740330835899299,-0.0002596691641007015,flat,0.0002596691641007015
19,FULL_CAPACITY,0.05,199,0.0,0.005,0.004740330835899299,-0.0002596691641007015,flat,0.0002596691641007015
19,FULL_CAPACITY,0.05,16,6.88935181921016,0.005,0.004740462515901114,-0.00025953748409888577,flat,0.00025953748409888577
19,FULL_CAPACITY,0.05,11,20.4565911136568,0.005,0.004740721834069471,-0.0002592781659305288,flat,0.0002592781659305288
19,FULL_CAPACITY,0.05,104,20.4565911136568,0.005,0.004740721834069471,-0.0002592781659305288,flat,0.0002592781659305288
19,FULL_CAPACITY,0.05,140,20.4565911136568,0.005,0.004740721834069471,-0.0002592781659305288,flat,0.0002592781659305288
19,FULL_CAPACITY,0.05,116,25.5573015044176,0.005,0.0047408193267757725,-0.0002591806732242276,flat,0.0002591806732242276
19,FULL_CAPACITY,0.05,154,34.8286576909439,0.005,0.004740996535348003,-0.00025900346465199727,flat,0.00025900346465199727
19,FULL_CAPACITY,0.05,196,34.8286576909439,0.005,0.004740996535348003,-0.00025900346465199727,flat,0.00025900346465199727
19,FULL_CAPACITY,0.05,40,54.5509096364182,0.005,0.004741373497686426,-0.00025862650231357406,flat,0.00025862650231357406
19,FULL_CAPACITY,0.05,147,54.5509096364182,0.005,0.004741373497686426,-0.00025862650231357406,flat,0.00025862650231357406
19,FULL_CAPACITY,0.05,39,81.8263644546273,0.005,0.00474189482857999,-0.0002581051714200099,flat,0.0002581051714200099
19,FULL_CAPACITY,0.05,108,81.8263644546273,0.005,0.00474189482857999,-0.0002581051714200099,flat,0.0002581051714200099
19,FULL_CAPACITY,0.05,126,104.485973072832,0.005,0.004742327934245413,-0.00025767206575458713,flat,0.00025767206575458713
19,FULL_CAPACITY,0.05,148,118.858039650119,0.005,0.0047426026355239445,-0.0002573973644760556,flat,0.0002573973644760556
19,FULL_CAPACITY,0.05,10,130.135391161494,0.005,0.004742818185797245,-0.0002571818142027551,flat,0.0002571818142027551
19,FULL_CAPACITY,0.05,186,137.021233575028,0.005,0.004742949798721844,-0.00025705020127815646,flat,0.00025705020127815646
19,FULL_CAPACITY,0.05,38,142.461798627415,0.005,0.00474305378725876,-0.0002569462127412405,flat,0.0002569462127412405
19,FULL_CAPACITY,0.05,106,223.750105392689,0.005,0.004744607495744455,-0.0002553925042555454,flat,0.0002553925042555454
19,FULL_CAPACITY,0.05,137,227.198660451587,0.005,0.004744673409889694,-0.00025532659011030627,flat,0.00025532659011030627
19,FULL_CAPACITY,0.05,18,229.795706843412,0.005,0.004744723048677575,-0.00025527695132242494,flat,0.00025527695132242494
19,FULL_CAPACITY,0.05,151,248.282781570409,0.005,0.004745076402388853,-0.000254923597611147,flat,0.000254923597611147
19,FULL_CAPACITY,0.05,72,260.270782322988,0.005,0.004745305535695191,-0.00025469446430480876,flat,0.00025469446430480876
19,FULL_CAPACITY,0.05,76,292.712030032828,0.005,0.004745925603252987,-0.0002540743967470128,flat,0.0002540743967470128
19,FULL_CAPACITY,0.05,88,295.949216231572,0.005,0.004745987477387989,-0.00025401252261201147,flat,0.00025401252261201147
19,FULL_CAPACITY,0.05,94,311.802305546108,0.005,0.0047462904862753995,-0.0002537095137246006,flat,0.0002537095137246006
19,FULL_CAPACITY,0.05,198,339.192857261944,0.005,0.004746814017079794,-0.0002531859829202057,flat,0.0002531859829202057
19,FULL_CAPACITY,0.05,188,381.358135887828,0.005,0.004747619945432957,-0.0002523800545670427,flat,0.0002523800545670427
19,FULL_CAPACITY,0.05,133,408.443412891964,0.005,0.004748137641352498,-0.0002518623586475017,flat,0.0002518623586475017
19,FULL_CAPACITY,0.05,141,485.525358889922,0.005,0.004749610951332207,-0.00025038904866779305,flat,0.00025038904866779305
19,FULL_CAPACITY,0.05,169,485.866418095377,0.005,0.004749617470185936,-0.00025038252981406453,flat,0.00025038252981406453
19,FULL_CAPACITY,0.05,80,557.108520271014,0.005,0.004750979159992178,-0.00024902084000782195,flat,0.00024902084000782195
19,FULL_CAPACITY,0.05,83,558.150220616467,0.005,0.004750999070588557,-0.00024900092941144286,flat,0.00024900092941144286
19,FULL_CAPACITY,0.05,180,615.493345014584,0.005,0.00475209510152485,-0.00024790489847515036,flat,0.00024790489847515036
19,FULL_CAPACITY,0.05,15,630.535081480176,0.005,0.004752382602575322,-0.0002476173974246777,flat,0.0002476173974246777
19,FULL_CAPACITY,0.05,75,675.605988614971,0.005,0.004753244067817495,-0.0002467559321825052,flat,0.0002467559321825052
19,FULL_CAPACITY,0.05,111,677.138024304688,0.005,0.004753273350465224,-0.00024672664953477585,flat,0.00024672664953477585
19,FULL_CAPACITY,0.05,78,716.387698963184,0.005,0.004754023551262908,-0.00024597644873709194,flat,0.00024597644873709194
19,FULL_CAPACITY,0.05,96,716.387698963184,0.005,0.004754023551262908,-0.00024597644873709194,flat,0.00024597644873709194
19,FULL_CAPACITY,0.05,124,716.387698963184,0.005,0.004754023551262908,-0.00024597644873709194,flat,0.00024597644873709194
19,FULL_CAPACITY,0.05,109,743.014450041102,0.005,0.004754532483122144,-0.0002454675168778557,flat,0.0002454675168778557
19,FULL_CAPACITY,0.05,4,762.468599542019,0.005,0.0047549043210698685,-0.0002450956789301316,flat,0.0002450956789301316
19,FULL_CAPACITY,0.05,71,816.719285450685,0.005,0.004755941244514399,-0.00024405875548560128,flat,0.00024405875548560128
19,FULL_CAPACITY,0.05,166,831.116765633965,0.005,0.004756216431537275,-0.00024378356846272483,flat,0.00024378356846272483
19,FULL_CAPACITY,0.05,193,835.919471932905,0.005,0.0047563082283261105,-0.0002436917716738896,flat,0.0002436917716738896
19,FULL_CAPACITY,0.05,179,838.778042623025,0.005,0.0047563628657729335,-0.00024363713422706663,flat,0.00024363713422706663
19,FULL_CAPACITY,0.05,68,862.005851596851,0.005,0.004756806831766849,-0.00024319316823315142,flat,0.00024319316823315142
19,FULL_CAPACITY,0.05,35,902.923144125445,0.005,0.004757588906669663,-0.00024241109333033705,flat,0.00024241109333033705
19,FULL_CAPACITY,0.05,27,1042.23880433781,0.005,0.0047602517241409036,-0.00023974827585909655,flat,0.00023974827585909655
19,FULL_CAPACITY,0.05,91,1161.98903701431,0.005,0.0047625405767456296,-0.00023745942325437055,flat,0.00023745942325437055
19,FULL_CAPACITY,0.05,54,1201.04894352898,0.005,0.004763287150399544,-0.000236712849600456,flat,0.000236712849600456
19,FULL_CAPACITY,0.05,165,1278.16107792733,0.005,0.004764761037386891,-0.00023523896261310948,flat,0.00023523896261310948
19,FULL_CAPACITY,0.05,73,1526.23671523206,0.005,0.004769502644613223,-0.00023049735538677694,flat,0.00023049735538677694
19,FULL_CAPACITY,0.05,185,1560.54947475151,0.005,0.004770158483414085,-0.00022984151658591526,flat,0.00022984151658591526
19,FULL_CAPACITY,0.05,175,1576.08802657484,0.005,0.004770455480371999,-0.00022954451962800115,flat,0.00022954451962800115
19,FULL_CAPACITY,0.05,182,1586.56305695314,0.005,0.004770655695436556,-0.00022934430456344416,flat,0.00022934430456344416
19,FULL_CAPACITY,0.05,110,1632.67360402382,0.005,0.004771537031893355,-0.00022846296810664479,flat,0.00022846296810664479
19,FULL_CAPACITY,0.05,31,1816.33627646274,0.005,0.004775047478401951,-0.0002249525215980491,flat,0.0002249525215980491
19,FULL_CAPACITY,0.05,139,1866.84130856558,0.005,0.004776012809088135,-0.00022398719091186545,flat,0.00022398719091186545
19,FULL_CAPACITY,0.05,191,2177.009500587,0.005,0.00478194122574624,-0.0002180587742537602,flat,0.0002180587742537602
19,FULL_CAPACITY,0.05,41,2594.04790009502,0.005,0.004789912311944988,-0.0002100876880550117,flat,0.0002100876880550117
19,FULL_CAPACITY,0.05,81,2604.36251901447,0.005,0.004790109460976375,-0.00020989053902362512,flat,0.00020989053902362512
19,FULL_CAPACITY,0.05,187,2628.89976557633,0.005,0.0047905784549770606,-0.00020942154502293954,flat,0.00020942154502293954
19,FULL_CAPACITY,0.05,23,2661.21203912667,0.005,0.004791196057380223,-0.00020880394261977697,flat,0.00020880394261977697
19,FULL_CAPACITY,0.05,58,2700.42520370655,0.005,0.004791945560340527,-0.00020805443965947294,flat,0.00020805443965947294
19,FULL_CAPACITY,0.05,120,2724.12123575185,0.005,0.004792398475741661,-0.00020760152425833896,flat,0.00020760152425833896
19,FULL_CAPACITY,0.05,115,2724.50441469411,0.005,0.004792405799653277,-0.0002075942003467229,flat,0.0002075942003467229
19,FULL_CAPACITY,0.05,164,2764.67437494306,0.005,0.004793173590379796,-0.0002068264096202043,flat,0.0002068264096202043
19,FULL_CAPACITY,0.05,119,2822.27028080971,0.005,0.004794274452868477,-0.00020572554713152273,flat,0.00020572554713152273
19,FULL_CAPACITY,0.05,168,2992.41553767011,0.005,0.004797526533517028,-0.00020247346648297193,flat,0.00020247346648297193
19,FULL_CAPACITY,0.05,62,3357.84942307129,0.005,0.004804511274020331,-0.00019548872597966935,flat,0.00019548872597966935
19,FULL_CAPACITY,0.05,129,3616.09454215965,0.005,0.004809447256191488,-0.00019055274380851226,flat,0.00019055274380851226
19,FULL_CAPACITY,0.05,3,7899.59407201946,0.005,0.004891320158123518,-0.00010867984187648214,flat,0.00010867984187648214
19,FULL_CAPACITY,0.05,200,7959.20122796102,0.005,0.004892459462750221,-0.0001075405372497791,flat,0.0001075405372497791
19,FULL_CAPACITY,0.05,47,8636.71913839081,0.005,0.004905409238290322,-9.459076170967827e-05,flat,9.459076170967827e-05
19,FULL_CAPACITY,0.05,8,10291.1556535178,0.005,0.004937031400872933,-6.296859912706745e-05,flat,6.296859912706745e-05
19,FULL_CAPACITY,0.05,157,15879.2473882538,0.005,0.00504383969707933,4.383969707932953e-05,flat,4.383969707932953e-05
19,FULL_CAPACITY,0.05,113,14950.8528843811,0.005,0.005026094778084954,2.609477808495405e-05,flat,2.609477808495405e-05
19,FULL_CAPACITY,0.05,70,12512.7184194722,0.005,0.004979493361987887,-2.0506638012112756e-05,flat,2.0506638012112756e-05
19,FULL_CAPACITY,0.05,86,14282.6160052793,0.005,0.005013322396043428,1.3322396043427727e-05,flat,1.3322396043427727e-05
19,FULL_CAPACITY,0.05,48,13069.9234532051,0.005,0.004990143530796086,-9.856469203914364e-06,flat,9.856469203914364e-06
19,FULL_CAPACITY,0.1,177,505385.976281722,0.005,0.01829368281119249,0.01329368281119249,flat,0.01329368281119249
19,FULL_CAPACITY,0.1,64,484302.978044169,0.005,0.017723795705555694,0.012723795705555693,flat,0.012723795705555693
19,FULL_CAPACITY,0.1,183,260538.359060344,0.005,0.011675293039105106,0.006675293039105106,flat,0.006675293039105106
19,FULL_CAPACITY,0.1,144,195623.709782095,0.005,0.00992060799982472,0.004920607999824719,flat,0.004920607999824719
19,FULL_CAPACITY,0.1,128,182150.668728814,0.005,0.009556422968669908,0.004556422968669908,flat,0.004556422968669908
19,FULL_CAPACITY,0.1,66,152638.551079626,0.005,0.008758691302670377,0.0037586913026703772,flat,0.0037586913026703772
19,FULL_CAPACITY,0.1,149,141984.077658984,0.005,0.008470693981257207,0.003470693981257207,flat,0.003470693981257207
19,FULL_CAPACITY,0.1,161,111582.713597606,0.005,0.007648925408441538,0.0026489254084415383,flat,0.0026489254084415383
19,FULL_CAPACITY,0.1,163,95501.4807451739,0.005,0.007214239262662704,0.002214239262662704,flat,0.002214239262662704
19,FULL_CAPACITY,0.1,162,72005.6447968343,0.005,0.006579131590013658,0.0015791315900136578,flat,0.0015791315900136578
19,FULL_CAPACITY,0.1,5,71838.2139778236,0.005,0.006574605826468773,0.0015746058264687725,flat,0.0015746058264687725
19,FULL_CAPACITY,0.1,1,69071.6751406991,0.005,0.006499824488788233,0.0014998244887882333,flat,0.0014998244887882333
19,FULL_CAPACITY,0.1,2,62372.6108852693,0.005,0.00631874444049597,0.0013187444404959697,flat,0.0013187444404959697
19,FULL_CAPACITY,0.1,121,56042.7930571794,0.005,0.006147645362432535,0.0011476453624325346,flat,0.0011476453624325346
19,FULL_CAPACITY,0.1,57,46760.2761237901,0.005,0.0058967329139947575,0.0008967329139947574,flat,0.0008967329139947574
19,FULL_CAPACITY,0.1,99,33506.7519302105,0.005,0.005538481565820145,0.0005384815658201446,flat,0.0005384815658201446
19,FULL_CAPACITY,0.1,6,0.0,0.005,0.0046327723463987025,-0.00036722765360129757,flat,0.00036722765360129757
19,FULL_CAPACITY,0.1,7,0.0,0.005,0.0046327723463987025,-0.00036722765360129757,flat,0.00036722765360129757
19,FULL_CAPACITY,0.1,9,0.0,0.005,0.0046327723463987025,-0.00036722765360129757,flat,0.00036722765360129757
19,FULL_CAPACITY,0.1,12,0.0,0.005,0.0046327723463987025,-0.00036722765360129757,flat,0.00036722765360129757
19,FULL_CAPACITY,0.1,13,0.0,0.005,0.0046327723463987025,-0.00036722765360129757,flat,0.00036722765360129757
19,FULL_CAPACITY,0.1,14,0.0,0.005,0.0046327723463987025,-0.00036722765360129757,flat,0.00036722765360129757
19,FULL_CAPACITY,0.1,17,0.0,0.005,0.0046327723463987025,-0.00036722765360129757,flat,0.00036722765360129757
19,FULL_CAPACITY,0.1,19,0.0,0.005,0.0046327723463987025,-0.00036722765360129757,flat,0.00036722765360129757
19,FULL_CAPACITY,0.1,20,0.0,0.005,0.0046327723463987025,-0.00036722765360129757,flat,0.00036722765360129757
19,FULL_CAPACITY,0.1,21,0.0,0.005,0.0046327723463987025,-0.00036722765360129757,flat,0.00036722765360129757
19,FULL_CAPACITY,0.1,22,0.0,0.005,0.0046327723463987025,-0.00036722765360129757,flat,0.00036722765360129757
19,FULL_CAPACITY,0.1,24,0.0,0.005,0.0046327723463987025,-0.00036722765360129757,flat,0.00036722765360129757
19,FULL_CAPACITY,0.1,25,0.0,0.005,0.0046327723463987025,-0.00036722765360129757,flat,0.00036722765360129757
19,FULL_CAPACITY,0.1,26,0.0,0.005,0.0046327723463987025,-0.00036722765360129757,flat,0.00036722765360129757
19,FULL_CAPACITY,0.1,28,0.0,0.005,0.0046327723463987025,-0.00036722765360129757,flat,0.00036722765360129757
19,FULL_CAPACITY,0.1,29,0.0,0.005,0.0046327723463987025,-0.00036722765360129757,flat,0.00036722765360129757
19,FULL_CAPACITY,0.1,30,0.0,0.005,0.0046327723463987025,-0.00036722765360129757,flat,0.00036722765360129757
19,FULL_CAPACITY,0.1,32,0.0,0.005,0.0046327723463987025,-0.00036722765360129757,flat,0.00036722765360129757
19,FULL_CAPACITY,0.1,33,0.0,0.005,0.0046327723463987025,-0.00036722765360129757,flat,0.00036722765360129757
19,FULL_CAPACITY,0.1,34,0.0,0.005,0.0046327723463987025,-0.00036722765360129757,flat,0.00036722765360129757
19,FULL_CAPACITY,0.1,36,0.0,0.005,0.0046327723463987025,-0.00036722765360129757,flat,0.00036722765360129757
19,FULL_CAPACITY,0.1,37,0.0,0.005,0.0046327723463987025,-0.00036722765360129757,flat,0.00036722765360129757
19,FULL_CAPACITY,0.1,42,0.0,0.005,0.0046327723463987025,-0.00036722765360129757,flat,0.00036722765360129757
19,FULL_CAPACITY,0.1,43,0.0,0.005,0.0046327723463987025,-0.00036722765360129757,flat,0.00036722765360129757
19,FULL_CAPACITY,0.1,44,0.0,0.005,0.0046327723463987025,-0.00036722765360129757,flat,0.00036722765360129757
19,FULL_CAPACITY,0.1,45,0.0,0.005,0.0046327723463987025,-0.00036722765360129757,flat,0.00036722765360129757
19,FULL_CAPACITY,0.1,46,0.0,0.005,0.0046327723463987025,-0.00036722765360129757,flat,0.00036722765360129757
19,FULL_CAPACITY,0.1,49,0.0,0.005,0.0046327723463987025,-0.00036722765360129757,flat,0.00036722765360129757
19,FULL_CAPACITY,0.1,50,0.0,0.005,0.0046327723463987025,-0.00036722765360129757,flat,0.00036722765360129757
19,FULL_CAPACITY,0.1,51,0.0,0.005,0.0046327723463987025,-0.00036722765360129757,flat,0.00036722765360129757
19,FULL_CAPACITY,0.1,52,0.0,0.005,0.0046327723463987025,-0.00036722765360129757,flat,0.00036722765360129757
19,FULL_CAPACITY,0.1,53,0.0,0.005,0.0046327723463987025,-0.00036722765360129757,flat,0.00036722765360129757
19,FULL_CAPACITY,0.1,55,0.0,0.005,0.0046327723463987025,-0.00036722765360129757,flat,0.00036722765360129757
19,FULL_CAPACITY,0.1,56,0.0,0.005,0.0046327723463987025,-0.00036722765360129757,flat,0.00036722765360129757
19,FULL_CAPACITY,0.1,59,0.0,0.005,0.0046327723463987025,-0.00036722765360129757,flat,0.00036722765360129757
19,FULL_CAPACITY,0.1,60,0.0,0.005,0.0046327723463987025,-0.00036722765360129757,flat,0.00036722765360129757
19,FULL_CAPACITY,0.1,61,0.0,0.005,0.0046327723463987025,-0.00036722765360129757,flat,0.00036722765360129757
19,FULL_CAPACITY,0.1,63,0.0,0.005,0.0046327723463987025,-0.00036722765360129757,flat,0.00036722765360129757
19,FULL_CAPACITY,0.1,65,0.0,0.005,0.0046327723463987025,-0.00036722765360129757,flat,0.00036722765360129757
19,FULL_CAPACITY,0.1,67,0.0,0.005,0.0046327723463987025,-0.00036722765360129757,flat,0.00036722765360129757
19,FULL_CAPACITY,0.1,69,0.0,0.005,0.0046327723463987025,-0.00036722765360129757,flat,0.00036722765360129757
19,FULL_CAPACITY,0.1,74,0.0,0.005,0.0046327723463987025,-0.00036722765360129757,flat,0.00036722765360129757
19,FULL_CAPACITY,0.1,77,0.0,0.005,0.0046327723463987025,-0.00036722765360129757,flat,0.00036722765360129757
19,FULL_CAPACITY,0.1,79,0.0,0.005,0.0046327723463987025,-0.00036722765360129757,flat,0.00036722765360129757
19,FULL_CAPACITY,0.1,82,0.0,0.005,0.0046327723463987025,-0.00036722765360129757,flat,0.00036722765360129757
19,FULL_CAPACITY,0.1,84,0.0,0.005,0.0046327723463987025,-0.00036722765360129757,flat,0.00036722765360129757
19,FULL_CAPACITY,0.1,85,0.0,0.005,0.0046327723463987025,-0.00036722765360129757,flat,0.00036722765360129757
19,FULL_CAPACITY,0.1,87,0.0,0.005,0.0046327723463987025,-0.00036722765360129757,flat,0.00036722765360129757
19,FULL_CAPACITY,0.1,89,0.0,0.005,0.0046327723463987025,-0.00036722765360129757,flat,0.00036722765360129757
19,FULL_CAPACITY,0.1,90,0.0,0.005,0.0046327723463987025,-0.00036722765360129757,flat,0.00036722765360129757
19,FULL_CAPACITY,0.1,92,0.0,0.005,0.0046327723463987025,-0.00036722765360129757,flat,0.00036722765360129757
19,FULL_CAPACITY,0.1,93,0.0,0.005,0.0046327723463987025,-0.00036722765360129757,flat,0.00036722765360129757
19,FULL_CAPACITY,0.1,95,0.0,0.005,0.0046327723463987025,-0.00036722765360129757,flat,0.00036722765360129757
19,FULL_CAPACITY,0.1,97,0.0,0.005,0.0046327723463987025,-0.00036722765360129757,flat,0.00036722765360129757
19,FULL_CAPACITY,0.1,98,0.0,0.005,0.0046327723463987025,-0.00036722765360129757,flat,0.00036722765360129757
19,FULL_CAPACITY,0.1,100,0.0,0.005,0.0046327723463987025,-0.00036722765360129757,flat,0.00036722765360129757
19,FULL_CAPACITY,0.1,101,0.0,0.005,0.0046327723463987025,-0.00036722765360129757,flat,0.00036722765360129757
19,FULL_CAPACITY,0.1,102,0.0,0.005,0.0046327723463987025,-0.00036722765360129757,flat,0.00036722765360129757
19,FULL_CAPACITY,0.1,103,0.0,0.005,0.0046327723463987025,-0.00036722765360129757,flat,0.00036722765360129757
19,FULL_CAPACITY,0.1,105,0.0,0.005,0.0046327723463987025,-0.00036722765360129757,flat,0.00036722765360129757
19,FULL_CAPACITY,0.1,107,0.0,0.005,0.0046327723463987025,-0.00036722765360129757,flat,0.00036722765360129757
19,FULL_CAPACITY,0.1,112,0.0,0.005,0.0046327723463987025,-0.00036722765360129757,flat,0.00036722765360129757
19,FULL_CAPACITY,0.1,114,0.0,0.005,0.0046327723463987025,-0.00036722765360129757,flat,0.00036722765360129757
19,FULL_CAPACITY,0.1,117,0.0,0.005,0.0046327723463987025,-0.00036722765360129757,flat,0.00036722765360129757
19,FULL_CAPACITY,0.1,118,0.0,0.005,0.0046327723463987025,-0.00036722765360129757,flat,0.00036722765360129757
19,FULL_CAPACITY,0.1,122,0.0,0.005,0.0046327723463987025,-0.00036722765360129757,flat,0.00036722765360129757
19,FULL_CAPACITY,0.1,123,0.0,0.005,0.0046327723463987025,-0.00036722765360129757,flat,0.00036722765360129757
19,FULL_CAPACITY,0.1,125,0.0,0.005,0.0046327723463987025,-0.00036722765360129757,flat,0.00036722765360129757
19,FULL_CAPACITY,0.1,127,0.0,0.005,0.0046327723463987025,-0.00036722765360129757,flat,0.00036722765360129757
19,FULL_CAPACITY,0.1,130,0.0,0.005,0.0046327723463987025,-0.00036722765360129757,flat,0.00036722765360129757
19,FULL_CAPACITY,0.1,131,0.0,0.005,0.0046327723463987025,-0.00036722765360129757,flat,0.00036722765360129757
19,FULL_CAPACITY,0.1,132,0.0,0.005,0.0046327723463987025,-0.00036722765360129757,flat,0.00036722765360129757
19,FULL_CAPACITY,0.1,134,0.0,0.005,0.0046327723463987025,-0.00036722765360129757,flat,0.00036722765360129757
19,FULL_CAPACITY,0.1,135,0.0,0.005,0.0046327723463987025,-0.00036722765360129757,flat,0.00036722765360129757
19,FULL_CAPACITY,0.1,136,0.0,0.005,0.0046327723463987025,-0.00036722765360129757,flat,0.00036722765360129757
19,FULL_CAPACITY,0.1,138,0.0,0.005,0.0046327723463987025,-0.00036722765360129757,flat,0.00036722765360129757
19,FULL_CAPACITY,0.1,142,0.0,0.005,0.0046327723463987025,-0.00036722765360129757,flat,0.00036722765360129757
19,FULL_CAPACITY,0.1,143,0.0,0.005,0.0046327723463987025,-0.00036722765360129757,flat,0.00036722765360129757
19,FULL_CAPACITY,0.1,145,0.0,0.005,0.0046327723463987025,-0.00036722765360129757,flat,0.00036722765360129757
19,FULL_CAPACITY,0.1,146,0.0,0.005,0.0046327723463987025,-0.00036722765360129757,flat,0.00036722765360129757
19,FULL_CAPACITY,0.1,150,0.0,0.005,0.0046327723463987025,-0.00036722765360129757,flat,0.00036722765360129757
19,FULL_CAPACITY,0.1,152,0.0,0.005,0.0046327723463987025,-0.00036722765360129757,flat,0.00036722765360129757
19,FULL_CAPACITY,0.1,153,0.0,0.005,0.0046327723463987025,-0.00036722765360129757,flat,0.00036722765360129757
19,FULL_CAPACITY,0.1,155,0.0,0.005,0.0046327723463987025,-0.00036722765360129757,flat,0.00036722765360129757
19,FULL_CAPACITY,0.1,156,0.0,0.005,0.0046327723463987025,-0.00036722765360129757,flat,0.00036722765360129757
19,FULL_CAPACITY,0.1,158,0.0,0.005,0.0046327723463987025,-0.00036722765360129757,flat,0.00036722765360129757
19,FULL_CAPACITY,0.1,159,0.0,0.005,0.0046327723463987025,-0.00036722765360129757,flat,0.00036722765360129757
19,FULL_CAPACITY,0.1,160,0.0,0.005,0.0046327723463987025,-0.00036722765360129757,flat,0.00036722765360129757
19,FULL_CAPACITY,0.1,167,0.0,0.005,0.0046327723463987025,-0.00036722765360129757,flat,0.00036722765360129757
19,FULL_CAPACITY,0.1,170,0.0,0.005,0.0046327723463987025,-0.00036722765360129757,flat,0.00036722765360129757
19,FULL_CAPACITY,0.1,171,0.0,0.005,0.0046327723463987025,-0.00036722765360129757,flat,0.00036722765360129757
19,FULL_CAPACITY,0.1,172,0.0,0.005,0.0046327723463987025,-0.00036722765360129757,flat,0.00036722765360129757
19,FULL_CAPACITY,0.1,173,0.0,0.005,0.0046327723463987025,-0.00036722765360129757,flat,0.00036722765360129757
19,FULL_CAPACITY,0.1,174,0.0,0.005,0.0046327723463987025,-0.00036722765360129757,flat,0.00036722765360129757
19,FULL_CAPACITY,0.1,176,0.0,0.005,0.0046327723463987025,-0.00036722765360129757,flat,0.00036722765360129757
19,FULL_CAPACITY,0.1,178,0.0,0.005,0.0046327723463987025,-0.00036722765360129757,flat,0.00036722765360129757
19,FULL_CAPACITY,0.1,181,0.0,0.005,0.0046327723463987025,-0.00036722765360129757,flat,0.00036722765360129757
19,FULL_CAPACITY,0.1,184,0.0,0.005,0.0046327723463987025,-0.00036722765360129757,flat,0.00036722765360129757
19,FULL_CAPACITY,0.1,189,0.0,0.005,0.0046327723463987025,-0.00036722765360129757,flat,0.00036722765360129757
19,FULL_CAPACITY,0.1,190,0.0,0.005,0.0046327723463987025,-0.00036722765360129757,flat,0.00036722765360129757
19,FULL_CAPACITY,0.1,192,0.0,0.005,0.0046327723463987025,-0.00036722765360129757,flat,0.00036722765360129757
19,FULL_CAPACITY,0.1,194,0.0,0.005,0.0046327723463987025,-0.00036722765360129757,flat,0.00036722765360129757
19,FULL_CAPACITY,0.1,195,0.0,0.005,0.0046327723463987025,-0.00036722765360129757,flat,0.00036722765360129757
19,FULL_CAPACITY,0.1,197,0.0,0.005,0.0046327723463987025,-0.00036722765360129757,flat,0.00036722765360129757
19,FULL_CAPACITY,0.1,199,0.0,0.005,0.0046327723463987025,-0.00036722765360129757,flat,0.00036722765360129757
19,FULL_CAPACITY,0.1,16,6.88935181921016,0.005,0.004632958570043164,-0.000367041429956836,flat,0.000367041429956836
19,FULL_CAPACITY,0.1,11,20.4565911136568,0.005,0.004633325301313824,-0.00036667469868617575,flat,0.00036667469868617575
19,FULL_CAPACITY,0.1,104,20.4565911136568,0.005,0.004633325301313824,-0.00036667469868617575,flat,0.00036667469868617575
19,FULL_CAPACITY,0.1,140,20.4565911136568,0.005,0.004633325301313824,-0.00036667469868617575,flat,0.00036667469868617575
19,FULL_CAPACITY,0.1,116,25.5573015044176,0.005,0.0046334631768213085,-0.00036653682317869165,flat,0.00036653682317869165
19,FULL_CAPACITY,0.1,154,34.8286576909439,0.005,0.004633713787587526,-0.0003662862124124743,flat,0.0003662862124124743
19,FULL_CAPACITY,0.1,196,34.8286576909439,0.005,0.004633713787587526,-0.0003662862124124743,flat,0.0003662862124124743
19,FULL_CAPACITY,0.1,40,54.5509096364182,0.005,0.004634246892839027,-0.0003657531071609727,flat,0.0003657531071609727
19,FULL_CAPACITY,0.1,147,54.5509096364182,0.005,0.004634246892839027,-0.0003657531071609727,flat,0.0003657531071609727
19,FULL_CAPACITY,0.1,39,81.8263644546273,0.005,0.00463498416605919,-0.0003650158339408103,flat,0.0003650158339408103
19,FULL_CAPACITY,0.1,108,81.8263644546273,0.005,0.00463498416605919,-0.0003650158339408103,flat,0.0003650158339408103
19,FULL_CAPACITY,0.1,126,104.485973072832,0.005,0.004635596669965171,-0.00036440333003482945,flat,0.00036440333003482945
19,FULL_CAPACITY,0.1,148,118.858039650119,0.005,0.004635985156238871,-0.00036401484376112885,flat,0.00036401484376112885
19,FULL_CAPACITY,0.1,10,130.135391161494,0.005,0.0046362899903587464,-0.00036371000964125367,flat,0.00036371000964125367
19,FULL_CAPACITY,0.1,186,137.021233575028,0.005,0.004636476119141698,-0.00036352388085830224,flat,0.00036352388085830224
19,FULL_CAPACITY,0.1,38,142.461798627415,0.005,0.004636623181140935,-0.0003633768188590651,flat,0.0003633768188590651
19,FULL_CAPACITY,0.1,106,223.750105392689,0.005,0.004638820456753379,-0.00036117954324662097,flat,0.00036117954324662097
19,FULL_CAPACITY,0.1,137,227.198660451587,0.005,0.004638913673431529,-0.0003610863265684711,flat,0.0003610863265684711
19,FULL_CAPACITY,0.1,18,229.795706843412,0.005,0.00463898387327857,-0.0003610161267214298,flat,0.0003610161267214298
19,FULL_CAPACITY,0.1,151,248.282781570409,0.005,0.0046394835908893746,-0.00036051640911062555,flat,0.00036051640911062555
19,FULL_CAPACITY,0.1,72,260.270782322988,0.005,0.0046398076343187895,-0.00036019236568121064,flat,0.00036019236568121064
19,FULL_CAPACITY,0.1,76,292.712030032828,0.005,0.004640684542268613,-0.0003593154577313873,flat,0.0003593154577313873
19,FULL_CAPACITY,0.1,88,295.949216231572,0.005,0.004640772045509491,-0.00035922795449050936,flat,0.00035922795449050936
19,FULL_CAPACITY,0.1,94,311.802305546108,0.005,0.004641200564787586,-0.0003587994352124138,flat,0.0003587994352124138
19,FULL_CAPACITY,0.1,198,339.192857261944,0.005,0.004641940949151483,-0.0003580590508485172,flat,0.0003580590508485172
19,FULL_CAPACITY,0.1,188,381.358135887828,0.005,0.004643080703958827,-0.00035691929604117316,flat,0.00035691929604117316
19,FULL_CAPACITY,0.1,133,408.443412891964,0.005,0.004643812836549426,-0.00035618716345057425,flat,0.00035618716345057425
19,FULL_CAPACITY,0.1,141,485.525358889922,0.005,0.00464589641150431,-0.00035410358849569026,flat,0.00035410358849569026
19,FULL_CAPACITY,0.1,169,485.866418095377,0.005,0.004645905630555664,-0.00035409436944433634,flat,0.00035409436944433634
19,FULL_CAPACITY,0.1,80,557.108520271014,0.005,0.004647831350747398,-0.0003521686492526021,flat,0.0003521686492526021
19,FULL_CAPACITY,0.1,83,558.150220616467,0.005,0.004647859508582831,-0.00035214049141716903,flat,0.00035214049141716903
19,FULL_CAPACITY,0.1,180,615.493345014584,0.005,0.004649409530397717,-0.00035059046960228286,flat,0.00035059046960228286
19,FULL_CAPACITY,0.1,15,630.535081480176,0.005,0.0046498161182824925,-0.0003501838817175076,flat,0.0003501838817175076
19,FULL_CAPACITY,0.1,75,675.605988614971,0.005,0.004651034414111486,-0.0003489655858885145,flat,0.0003489655858885145
19,FULL_CAPACITY,0.1,111,677.138024304688,0.005,0.0046510758260290466,-0.00034892417397095355,flat,0.00034892417397095355
19,FULL_CAPACITY,0.1,78,716.387698963184,0.005,0.004652136770171633,-0.00034786322982836675,flat,0.00034786322982836675
19,FULL_CAPACITY,0.1,96,716.387698963184,0.005,0.004652136770171633,-0.00034786322982836675,flat,0.00034786322982836675
19,FULL_CAPACITY,0.1,124,716.387698963184,0.005,0.004652136770171633,-0.00034786322982836675,flat,0.00034786322982836675
19,FULL_CAPACITY,0.1,109,743.014450041102,0.005,0.00465285650850929,-0.0003471434914907104,flat,0.0003471434914907104
19,FULL_CAPACITY,0.1,4,762.468599542019,0.005,0.004653382366777966,-0.0003466176332220343,flat,0.0003466176332220343
19,FULL_CAPACITY,0.1,71,816.719285450685,0.005,0.004654848797976363,-0.0003451512020236367,flat,0.0003451512020236367
19,FULL_CAPACITY,0.1,166,831.116765633965,0.005,0.004655237971196304,-0.00034476202880369573,flat,0.00034476202880369573
19,FULL_CAPACITY,0.1,193,835.919471932905,0.005,0.004655367791460059,-0.0003446322085399415,flat,0.0003446322085399415
19,FULL_CAPACITY,0.1,179,838.778042623025,0.005,0.004655445060478368,-0.0003445549395216319,flat,0.0003445549395216319
19,FULL_CAPACITY,0.1,68,862.005851596851,0.005,0.0046560729232081955,-0.00034392707679180463,flat,0.00034392707679180463
19,FULL_CAPACITY,0.1,35,902.923144125445,0.005,0.004657178944142547,-0.0003428210558574533,flat,0.0003428210558574533
19,FULL_CAPACITY,0.1,27,1042.23880433781,0.005,0.004660944736724499,-0.0003390552632755008,flat,0.0003390552632755008
19,FULL_CAPACITY,0.1,91,1161.98903701431,0.005,0.004664181663120375,-0.00033581833687962477,flat,0.00033581833687962477
19,FULL_CAPACITY,0.1,54,1201.04894352898,0.005,0.004665237477707053,-0.00033476252229294734,flat,0.00033476252229294734
19,FULL_CAPACITY,0.1,165,1278.16107792733,0.005,0.004667321868673963,-0.00033267813132603716,flat,0.00033267813132603716
19,FULL_CAPACITY,0.1,73,1526.23671523206,0.005,0.004674027513920889,-0.0003259724860791109,flat,0.0003259724860791109
19,FULL_CAPACITY,0.1,185,1560.54947475151,0.005,0.004674955010047797,-0.0003250449899522027,flat,0.0003250449899522027
19,FULL_CAPACITY,0.1,175,1576.08802657484,0.005,0.004675375027173664,-0.0003246249728263359,flat,0.0003246249728263359
19,FULL_CAPACITY,0.1,182,1586.56305695314,0.005,0.004675658174033351,-0.00032434182596664893,flat,0.00032434182596664893
19,FULL_CAPACITY,0.1,110,1632.67360402382,0.005,0.004676904572003571,-0.0003230954279964289,flat,0.0003230954279964289
19,FULL_CAPACITY,0.1,31,1816.33627646274,0.005,0.004681869093066012,-0.0003181309069339878,flat,0.0003181309069339878
19,FULL_CAPACITY,0.1,139,1866.84130856558,0.005,0.004683234276814589,-0.00031676572318541096,flat,0.00031676572318541096
19,FULL_CAPACITY,0.1,191,2177.009500587,0.005,0.004691618324055879,-0.0003083816759441209,flat,0.0003083816759441209
19,FULL_CAPACITY,0.1,41,2594.04790009502,0.005,0.004702891142264994,-0.0002971088577350062,flat,0.0002971088577350062
19,FULL_CAPACITY,0.1,81,2604.36251901447,0.005,0.0047031699530989905,-0.00029683004690100965,flat,0.00029683004690100965
19,FULL_CAPACITY,0.1,187,2628.89976557633,0.005,0.00470383321077543,-0.00029616678922456986,flat,0.00029616678922456986
19,FULL_CAPACITY,0.1,23,2661.21203912667,0.005,0.004704706632470137,-0.00029529336752986274,flat,0.00029529336752986274
19,FULL_CAPACITY,0.1,58,2700.42520370655,0.005,0.004705766589721639,-0.0002942334102783613,flat,0.0002942334102783613
19,FULL_CAPACITY,0.1,120,2724.12123575185,0.005,0.00470640710882453,-0.00029359289117546986,flat,0.00029359289117546986
19,FULL_CAPACITY,0.1,115,2724.50441469411,0.005,0.004706417466399666,-0.00029358253360033375,flat,0.00029358253360033375
19,FULL_CAPACITY,0.1,164,2764.67437494306,0.005,0.004707503286458174,-0.00029249671354182605,flat,0.00029249671354182605
19,FULL_CAPACITY,0.1,119,2822.27028080971,0.005,0.004709060141119975,-0.00029093985888002487,flat,0.00029093985888002487
19,FULL_CAPACITY,0.1,168,2992.41553767011,0.005,0.004713659277679087,-0.00028634072232091353,flat,0.00028634072232091353
19,FULL_CAPACITY,0.1,62,3357.84942307129,0.005,0.004723537192428514,-0.00027646280757148613,flat,0.00027646280757148613
19,FULL_CAPACITY,0.1,129,3616.09454215965,0.005,0.004730517725358596,-0.00026948227464140394,flat,0.00026948227464140394
19,FULL_CAPACITY,0.1,3,7899.59407201946,0.005,0.004846303493661715,-0.0001536965063382847,flat,0.0001536965063382847
19,FULL_CAPACITY,0.1,200,7959.20122796102,0.005,0.004847914713716473,-0.000152085286283527,flat,0.000152085286283527
19,FULL_CAPACITY,0.1,47,8636.71913839081,0.005,0.004866228461914971,-0.0001337715380850292,flat,0.0001337715380850292
19,FULL_CAPACITY,0.1,8,10291.1556535178,0.005,0.0049109489531108655,-8.905104688913465e-05,flat,8.905104688913465e-05
19,FULL_CAPACITY,0.1,157,15879.2473882538,0.005,0.005061998694179915,6.199869417991468e-05,flat,6.199869417991468e-05
19,FULL_CAPACITY,0.1,113,14950.8528843811,0.005,0.005036903589074858,3.6903589074857926e-05,flat,3.6903589074857926e-05
19,FULL_CAPACITY,0.1,70,12512.7184194722,0.005,0.004970999234404593,-2.9000765595406895e-05,flat,2.9000765595406895e-05
19,FULL_CAPACITY,0.1,86,14282.6160052793,0.005,0.005018840713167921,1.8840713167920554e-05,flat,1.8840713167920554e-05
19,FULL_CAPACITY,0.1,48,13069.9234532051,0.005,0.004986060847574711,-1.3939152425288676e-05,flat,1.3939152425288676e-05
19,HALF_CAPACITY,0.001,177,564061.203668223,0.005,0.005824685067599353,0.0008246850675993527,flat,0.0008246850675993527
19,HALF_CAPACITY,0.001,183,536009.670095499,0.005,0.005781209694453271,0.0007812096944532707,flat,0.0007812096944532707
19,HALF_CAPACITY,0.001,64,484304.009276987,0.005,0.005701074221930109,0.0007010742219301092,flat,0.0007010742219301092
19,HALF_CAPACITY,0.001,5,467967.976775036,0.005,0.005675755994429013,0.0006757559944290132,flat,0.0006757559944290132
19,HALF_CAPACITY,0.001,149,467414.22086785,0.005,0.005674897761682688,0.0006748977616826881,flat,0.0006748977616826881
19,HALF_CAPACITY,0.001,99,467255.26857975,0.005,0.005674651411157158,0.0006746514111571579,flat,0.0006746514111571579
19,HALF_CAPACITY,0.001,128,452419.416107174,0.005,0.005651658221836035,0.0006516582218360351,flat,0.0006516582218360351
19,HALF_CAPACITY,0.001,66,352521.747647334,0.005,0.005496832875070033,0.0004968328750700329,flat,0.0004968328750700329
19,HALF_CAPACITY,0.001,144,322712.281008294,0.005,0.005450632987920972,0.0004506329879209719,flat,0.0004506329879209719
19,HALF_CAPACITY,0.001,115,316607.590068484,0.005,0.005441171697119823,0.00044117169711982256,flat,0.00044117169711982256
19,HALF_CAPACITY,0.001,2,239468.13419692,0.005,0.005321617925857816,0.0003216179258578155,flat,0.0003216179258578155
19,HALF_CAPACITY,0.001,161,217915.940155272,0.005,0.005288215485465447,0.000288215485465447,flat,0.000288215485465447
19,HALF_CAPACITY,0.001,8,177283.245651868,0.005,0.005225241332879938,0.00022524133287993818,flat,0.00022524133287993818
19,HALF_CAPACITY,0.001,168,166766.266127088,0.005,0.0052089417031992965,0.00020894170319929635,flat,0.00020894170319929635
19,HALF_CAPACITY,0.001,119,157819.737342588,0.005,0.005195076020018021,0.00019507602001802085,flat,0.00019507602001802085
19,HALF_CAPACITY,0.001,162,109458.043623601,0.005,0.005120123159599227,0.00012012315959922682,flat,0.00012012315959922682
19,HALF_CAPACITY,0.001,62,99274.4388013463,0.005,0.0051043402071816,0.00010434020718159964,flat,0.00010434020718159964
19,HALF_CAPACITY,0.001,163,95541.7456984807,0.005,0.005098555132185034,9.855513218503392e-05,flat,9.855513218503392e-05
19,HALF_CAPACITY,0.001,157,79505.2426287746,0.005,0.005073701127212141,7.37011272121408e-05,flat,7.37011272121408e-05
19,HALF_CAPACITY,0.001,120,76158.2775370533,0.005,0.0050685138687012205,6.851386870122041e-05,flat,6.851386870122041e-05
19,HALF_CAPACITY,0.001,1,69455.9790877528,0.005,0.005058126382210889,5.8126382210889165e-05,flat,5.8126382210889165e-05
19,HALF_CAPACITY,0.001,6,0.0,0.005,0.0049504807663219,-4.951923367809991e-05,flat,4.951923367809991e-05
19,HALF_CAPACITY,0.001,7,0.0,0.005,0.0049504807663219,-4.951923367809991e-05,flat,4.951923367809991e-05
19,HALF_CAPACITY,0.001,9,0.0,0.005,0.0049504807663219,-4.951923367809991e-05,flat,4.951923367809991e-05
19,HALF_CAPACITY,0.001,12,0.0,0.005,0.0049504807663219,-4.951923367809991e-05,flat,4.951923367809991e-05
19,HALF_CAPACITY,0.001,13,0.0,0.005,0.0049504807663219,-4.951923367809991e-05,flat,4.951923367809991e-05
19,HALF_CAPACITY,0.001,14,0.0,0.005,0.0049504807663219,-4.951923367809991e-05,flat,4.951923367809991e-05
19,HALF_CAPACITY,0.001,17,0.0,0.005,0.0049504807663219,-4.951923367809991e-05,flat,4.951923367809991e-05
19,HALF_CAPACITY,0.001,19,0.0,0.005,0.0049504807663219,-4.951923367809991e-05,flat,4.951923367809991e-05
19,HALF_CAPACITY,0.001,20,0.0,0.005,0.0049504807663219,-4.951923367809991e-05,flat,4.951923367809991e-05
19,HALF_CAPACITY,0.001,21,0.0,0.005,0.0049504807663219,-4.951923367809991e-05,flat,4.951923367809991e-05
19,HALF_CAPACITY,0.001,22,0.0,0.005,0.0049504807663219,-4.951923367809991e-05,flat,4.951923367809991e-05
19,HALF_CAPACITY,0.001,24,0.0,0.005,0.0049504807663219,-4.951923367809991e-05,flat,4.951923367809991e-05
19,HALF_CAPACITY,0.001,25,0.0,0.005,0.0049504807663219,-4.951923367809991e-05,flat,4.951923367809991e-05
19,HALF_CAPACITY,0.001,26,0.0,0.005,0.0049504807663219,-4.951923367809991e-05,flat,4.951923367809991e-05
19,HALF_CAPACITY,0.001,28,0.0,0.005,0.0049504807663219,-4.951923367809991e-05,flat,4.951923367809991e-05
19,HALF_CAPACITY,0.001,29,0.0,0.005,0.0049504807663219,-4.951923367809991e-05,flat,4.951923367809991e-05
19,HALF_CAPACITY,0.001,30,0.0,0.005,0.0049504807663219,-4.951923367809991e-05,flat,4.951923367809991e-05
19,HALF_CAPACITY,0.001,32,0.0,0.005,0.0049504807663219,-4.951923367809991e-05,flat,4.951923367809991e-05
19,HALF_CAPACITY,0.001,33,0.0,0.005,0.0049504807663219,-4.951923367809991e-05,flat,4.951923367809991e-05
19,HALF_CAPACITY,0.001,34,0.0,0.005,0.0049504807663219,-4.951923367809991e-05,flat,4.951923367809991e-05
19,HALF_CAPACITY,0.001,36,0.0,0.005,0.0049504807663219,-4.951923367809991e-05,flat,4.951923367809991e-05
19,HALF_CAPACITY,0.001,37,0.0,0.005,0.0049504807663219,-4.951923367809991e-05,flat,4.951923367809991e-05
19,HALF_CAPACITY,0.001,42,0.0,0.005,0.0049504807663219,-4.951923367809991e-05,flat,4.951923367809991e-05
19,HALF_CAPACITY,0.001,43,0.0,0.005,0.0049504807663219,-4.951923367809991e-05,flat,4.951923367809991e-05
19,HALF_CAPACITY,0.001,44,0.0,0.005,0.0049504807663219,-4.951923367809991e-05,flat,4.951923367809991e-05
19,HALF_CAPACITY,0.001,45,0.0,0.005,0.0049504807663219,-4.951923367809991e-05,flat,4.951923367809991e-05
19,HALF_CAPACITY,0.001,46,0.0,0.005,0.0049504807663219,-4.951923367809991e-05,flat,4.951923367809991e-05
19,HALF_CAPACITY,0.001,49,0.0,0.005,0.0049504807663219,-4.951923367809991e-05,flat,4.951923367809991e-05
19,HALF_CAPACITY,0.001,50,0.0,0.005,0.0049504807663219,-4.951923367809991e-05,flat,4.951923367809991e-05
19,HALF_CAPACITY,0.001,51,0.0,0.005,0.0049504807663219,-4.951923367809991e-05,flat,4.951923367809991e-05
19,HALF_CAPACITY,0.001,52,0.0,0.005,0.0049504807663219,-4.951923367809991e-05,flat,4.951923367809991e-05
19,HALF_CAPACITY,0.001,53,0.0,0.005,0.0049504807663219,-4.951923367809991e-05,flat,4.951923367809991e-05
19,HALF_CAPACITY,0.001,55,0.0,0.005,0.0049504807663219,-4.951923367809991e-05,flat,4.951923367809991e-05
19,HALF_CAPACITY,0.001,56,0.0,0.005,0.0049504807663219,-4.951923367809991e-05,flat,4.951923367809991e-05
19,HALF_CAPACITY,0.001,59,0.0,0.005,0.0049504807663219,-4.951923367809991e-05,flat,4.951923367809991e-05
19,HALF_CAPACITY,0.001,60,0.0,0.005,0.0049504807663219,-4.951923367809991e-05,flat,4.951923367809991e-05
19,HALF_CAPACITY,0.001,61,0.0,0.005,0.0049504807663219,-4.951923367809991e-05,flat,4.951923367809991e-05
19,HALF_CAPACITY,0.001,63,0.0,0.005,0.0049504807663219,-4.951923367809991e-05,flat,4.951923367809991e-05
19,HALF_CAPACITY,0.001,65,0.0,0.005,0.0049504807663219,-4.951923367809991e-05,flat,4.951923367809991e-05
19,HALF_CAPACITY,0.001,67,0.0,0.005,0.0049504807663219,-4.951923367809991e-05,flat,4.951923367809991e-05
19,HALF_CAPACITY,0.001,69,0.0,0.005,0.0049504807663219,-4.951923367809991e-05,flat,4.951923367809991e-05
19,HALF_CAPACITY,0.001,74,0.0,0.005,0.0049504807663219,-4.951923367809991e-05,flat,4.951923367809991e-05
19,HALF_CAPACITY,0.001,77,0.0,0.005,0.0049504807663219,-4.951923367809991e-05,flat,4.951923367809991e-05
19,HALF_CAPACITY,0.001,79,0.0,0.005,0.0049504807663219,-4.951923367809991e-05,flat,4.951923367809991e-05
19,HALF_CAPACITY,0.001,82,0.0,0.005,0.0049504807663219,-4.951923367809991e-05,flat,4.951923367809991e-05
19,HALF_CAPACITY,0.001,84,0.0,0.005,0.0049504807663219,-4.951923367809991e-05,flat,4.951923367809991e-05
19,HALF_CAPACITY,0.001,85,0.0,0.005,0.0049504807663219,-4.951923367809991e-05,flat,4.951923367809991e-05
19,HALF_CAPACITY,0.001,87,0.0,0.005,0.0049504807663219,-4.951923367809991e-05,flat,4.951923367809991e-05
19,HALF_CAPACITY,0.001,89,0.0,0.005,0.0049504807663219,-4.951923367809991e-05,flat,4.951923367809991e-05
19,HALF_CAPACITY,0.001,90,0.0,0.005,0.0049504807663219,-4.951923367809991e-05,flat,4.951923367809991e-05
19,HALF_CAPACITY,0.001,92,0.0,0.005,0.0049504807663219,-4.951923367809991e-05,flat,4.951923367809991e-05
19,HALF_CAPACITY,0.001,93,0.0,0.005,0.0049504807663219,-4.951923367809991e-05,flat,4.951923367809991e-05
19,HALF_CAPACITY,0.001,95,0.0,0.005,0.0049504807663219,-4.951923367809991e-05,flat,4.951923367809991e-05
19,HALF_CAPACITY,0.001,97,0.0,0.005,0.0049504807663219,-4.951923367809991e-05,flat,4.951923367809991e-05
19,HALF_CAPACITY,0.001,98,0.0,0.005,0.0049504807663219,-4.951923367809991e-05,flat,4.951923367809991e-05
19,HALF_CAPACITY,0.001,100,0.0,0.005,0.0049504807663219,-4.951923367809991e-05,flat,4.951923367809991e-05
19,HALF_CAPACITY,0.001,101,0.0,0.005,0.0049504807663219,-4.951923367809991e-05,flat,4.951923367809991e-05
19,HALF_CAPACITY,0.001,102,0.0,0.005,0.0049504807663219,-4.951923367809991e-05,flat,4.951923367809991e-05
19,HALF_CAPACITY,0.001,103,0.0,0.005,0.0049504807663219,-4.951923367809991e-05,flat,4.951923367809991e-05
19,HALF_CAPACITY,0.001,105,0.0,0.005,0.0049504807663219,-4.951923367809991e-05,flat,4.951923367809991e-05
19,HALF_CAPACITY,0.001,107,0.0,0.005,0.0049504807663219,-4.951923367809991e-05,flat,4.951923367809991e-05
19,HALF_CAPACITY,0.001,112,0.0,0.005,0.0049504807663219,-4.951923367809991e-05,flat,4.951923367809991e-05
19,HALF_CAPACITY,0.001,114,0.0,0.005,0.0049504807663219,-4.951923367809991e-05,flat,4.951923367809991e-05
19,HALF_CAPACITY,0.001,117,0.0,0.005,0.0049504807663219,-4.951923367809991e-05,flat,4.951923367809991e-05
19,HALF_CAPACITY,0.001,118,0.0,0.005,0.0049504807663219,-4.951923367809991e-05,flat,4.951923367809991e-05
19,HALF_CAPACITY,0.001,122,0.0,0.005,0.0049504807663219,-4.951923367809991e-05,flat,4.951923367809991e-05
19,HALF_CAPACITY,0.001,123,0.0,0.005,0.0049504807663219,-4.951923367809991e-05,flat,4.951923367809991e-05
19,HALF_CAPACITY,0.001,125,0.0,0.005,0.0049504807663219,-4.951923367809991e-05,flat,4.951923367809991e-05
19,HALF_CAPACITY,0.001,127,0.0,0.005,0.0049504807663219,-4.951923367809991e-05,flat,4.951923367809991e-05
19,HALF_CAPACITY,0.001,130,0.0,0.005,0.0049504807663219,-4.951923367809991e-05,flat,4.951923367809991e-05
19,HALF_CAPACITY,0.001,131,0.0,0.005,0.0049504807663219,-4.951923367809991e-05,flat,4.951923367809991e-05
19,HALF_CAPACITY,0.001,132,0.0,0.005,0.0049504807663219,-4.951923367809991e-05,flat,4.951923367809991e-05
19,HALF_CAPACITY,0.001,134,0.0,0.005,0.0049504807663219,-4.951923367809991e-05,flat,4.951923367809991e-05
19,HALF_CAPACITY,0.001,135,0.0,0.005,0.0049504807663219,-4.951923367809991e-05,flat,4.951923367809991e-05
19,HALF_CAPACITY,0.001,136,0.0,0.005,0.0049504807663219,-4.951923367809991e-05,flat,4.951923367809991e-05
19,HALF_CAPACITY,0.001,138,0.0,0.005,0.0049504807663219,-4.951923367809991e-05,flat,4.951923367809991e-05
19,HALF_CAPACITY,0.001,142,0.0,0.005,0.0049504807663219,-4.951923367809991e-05,flat,4.951923367809991e-05
19,HALF_CAPACITY,0.001,143,0.0,0.005,0.0049504807663219,-4.951923367809991e-05,flat,4.951923367809991e-05
19,HALF_CAPACITY,0.001,145,0.0,0.005,0.0049504807663219,-4.951923367809991e-05,flat,4.951923367809991e-05
19,HALF_CAPACITY,0.001,146,0.0,0.005,0.0049504807663219,-4.951923367809991e-05,flat,4.951923367809991e-05
19,HALF_CAPACITY,0.001,150,0.0,0.005,0.0049504807663219,-4.951923367809991e-05,flat,4.951923367809991e-05
19,HALF_CAPACITY,0.001,152,0.0,0.005,0.0049504807663219,-4.951923367809991e-05,flat,4.951923367809991e-05
19,HALF_CAPACITY,0.001,153,0.0,0.005,0.0049504807663219,-4.951923367809991e-05,flat,4.951923367809991e-05
19,HALF_CAPACITY,0.001,155,0.0,0.005,0.0049504807663219,-4.951923367809991e-05,flat,4.951923367809991e-05
19,HALF_CAPACITY,0.001,156,0.0,0.005,0.0049504807663219,-4.951923367809991e-05,flat,4.951923367809991e-05
19,HALF_CAPACITY,0.001,158,0.0,0.005,0.0049504807663219,-4.951923367809991e-05,flat,4.951923367809991e-05
19,HALF_CAPACITY,0.001,159,0.0,0.005,0.0049504807663219,-4.951923367809991e-05,flat,4.951923367809991e-05
19,HALF_CAPACITY,0.001,160,0.0,0.005,0.0049504807663219,-4.951923367809991e-05,flat,4.951923367809991e-05
19,HALF_CAPACITY,0.001,167,0.0,0.005,0.0049504807663219,-4.951923367809991e-05,flat,4.951923367809991e-05
19,HALF_CAPACITY,0.001,170,0.0,0.005,0.0049504807663219,-4.951923367809991e-05,flat,4.951923367809991e-05
19,HALF_CAPACITY,0.001,171,0.0,0.005,0.0049504807663219,-4.951923367809991e-05,flat,4.951923367809991e-05
19,HALF_CAPACITY,0.001,172,0.0,0.005,0.0049504807663219,-4.951923367809991e-05,flat,4.951923367809991e-05
19,HALF_CAPACITY,0.001,173,0.0,0.005,0.0049504807663219,-4.951923367809991e-05,flat,4.951923367809991e-05
19,HALF_CAPACITY,0.001,174,0.0,0.005,0.0049504807663219,-4.951923367809991e-05,flat,4.951923367809991e-05
19,HALF_CAPACITY,0.001,176,0.0,0.005,0.0049504807663219,-4.951923367809991e-05,flat,4.951923367809991e-05
19,HALF_CAPACITY,0.001,178,0.0,0.005,0.0049504807663219,-4.951923367809991e-05,flat,4.951923367809991e-05
19,HALF_CAPACITY,0.001,181,0.0,0.005,0.0049504807663219,-4.951923367809991e-05,flat,4.951923367809991e-05
19,HALF_CAPACITY,0.001,184,0.0,0.005,0.0049504807663219,-4.951923367809991e-05,flat,4.951923367809991e-05
19,HALF_CAPACITY,0.001,189,0.0,0.005,0.0049504807663219,-4.951923367809991e-05,flat,4.951923367809991e-05
19,HALF_CAPACITY,0.001,190,0.0,0.005,0.0049504807663219,-4.951923367809991e-05,flat,4.951923367809991e-05
19,HALF_CAPACITY,0.001,192,0.0,0.005,0.0049504807663219,-4.951923367809991e-05,flat,4.951923367809991e-05
19,HALF_CAPACITY,0.001,194,0.0,0.005,0.0049504807663219,-4.951923367809991e-05,flat,4.951923367809991e-05
19,HALF_CAPACITY,0.001,195,0.0,0.005,0.0049504807663219,-4.951923367809991e-05,flat,4.951923367809991e-05
19,HALF_CAPACITY,0.001,197,0.0,0.005,0.0049504807663219,-4.951923367809991e-05,flat,4.951923367809991e-05
19,HALF_CAPACITY,0.001,199,0.0,0.005,0.0049504807663219,-4.951923367809991e-05,flat,4.951923367809991e-05
19,HALF_CAPACITY,0.001,16,6.88935181921016,0.005,0.0049504914437110805,-4.9508556288919633e-05,flat,4.9508556288919633e-05
19,HALF_CAPACITY,0.001,11,20.4565911136568,0.005,0.0049505124707536615,-4.948752924633856e-05,flat,4.948752924633856e-05
19,HALF_CAPACITY,0.001,104,20.4565911136568,0.005,0.0049505124707536615,-4.948752924633856e-05,flat,4.948752924633856e-05
19,HALF_CAPACITY,0.001,140,20.4565911136568,0.005,0.0049505124707536615,-4.948752924633856e-05,flat,4.948752924633856e-05
19,HALF_CAPACITY,0.001,116,25.5573015044176,0.005,0.004950520376035808,-4.947962396419179e-05,flat,4.947962396419179e-05
19,HALF_CAPACITY,0.001,154,34.8286576909439,0.005,0.004950534745149309,-4.946525485069117e-05,flat,4.946525485069117e-05
19,HALF_CAPACITY,0.001,196,34.8286576909439,0.005,0.004950534745149309,-4.946525485069117e-05,flat,4.946525485069117e-05
19,HALF_CAPACITY,0.001,40,54.5509096364182,0.005,0.004950565311473264,-4.9434688526735736e-05,flat,4.9434688526735736e-05
19,HALF_CAPACITY,0.001,147,54.5509096364182,0.005,0.004950565311473264,-4.9434688526735736e-05,flat,4.9434688526735736e-05
19,HALF_CAPACITY,0.001,39,81.8263644546273,0.005,0.0049506075840489465,-4.939241595105365e-05,flat,4.939241595105365e-05
19,HALF_CAPACITY,0.001,108,81.8263644546273,0.005,0.0049506075840489465,-4.939241595105365e-05,flat,4.939241595105365e-05
19,HALF_CAPACITY,0.001,126,104.485973072832,0.005,0.004950642702804128,-4.935729719587195e-05,flat,4.935729719587195e-05
19,HALF_CAPACITY,0.001,148,118.858039650119,0.005,0.004950664977199776,-4.933502280022369e-05,flat,4.933502280022369e-05
19,HALF_CAPACITY,0.001,10,130.135391161494,0.005,0.0049506824552839526,-4.931754471604755e-05,flat,4.931754471604755e-05
19,HALF_CAPACITY,0.001,186,137.021233575028,0.005,0.004950693127234118,-4.9306872765881964e-05,flat,4.9306872765881964e-05
19,HALF_CAPACITY,0.001,38,142.461798627415,0.005,0.004950701559236424,-4.929844076357638e-05,flat,4.929844076357638e-05
19,HALF_CAPACITY,0.001,106,223.750105392689,0.005,0.004950827543060441,-4.917245693955921e-05,flat,4.917245693955921e-05
19,HALF_CAPACITY,0.001,137,227.198660451587,0.005,0.0049508328877670895,-4.91671122329106e-05,flat,4.91671122329106e-05
19,HALF_CAPACITY,0.001,18,229.795706843412,0.005,0.004950836912772021,-4.916308722797882e-05,flat,4.916308722797882e-05
19,HALF_CAPACITY,0.001,151,248.282781570409,0.005,0.004950865564769605,-4.913443523039528e-05,flat,4.913443523039528e-05
19,HALF_CAPACITY,0.001,72,260.270782322988,0.005,0.004950884144246005,-4.911585575399519e-05,flat,4.911585575399519e-05
19,HALF_CAPACITY,0.001,76,292.712030032828,0.005,0.00495093442297126,-4.906557702873994e-05,flat,4.906557702873994e-05
19,HALF_CAPACITY,0.001,94,311.802305546108,0.005,0.004950964009833214,-4.903599016678646e-05,flat,4.903599016678646e-05
19,HALF_CAPACITY,0.001,198,339.192857261944,0.005,0.004951006460790608,-4.8993539209392194e-05,flat,4.8993539209392194e-05
19,HALF_CAPACITY,0.001,188,381.358135887828,0.005,0.004951071810202515,-4.8928189797485186e-05,flat,4.8928189797485186e-05
19,HALF_CAPACITY,0.001,133,408.443412891964,0.005,0.00495111378803312,-4.88862119668804e-05,flat,4.88862119668804e-05
19,HALF_CAPACITY,0.001,88,416.33499496536,0.005,0.004951126018718279,-4.88739812817213e-05,flat,4.88739812817213e-05
19,HALF_CAPACITY,0.001,164,63440.359862211,0.005,0.005048803138265699,4.880313826569928e-05,flat,4.880313826569928e-05
19,HALF_CAPACITY,0.001,141,485.525358889922,0.005,0.004951233252673311,-4.8766747326688814e-05,flat,4.8766747326688814e-05
19,HALF_CAPACITY,0.001,169,485.866418095377,0.005,0.00495123378126032,-4.876621873968045e-05,flat,4.876621873968045e-05
19,HALF_CAPACITY,0.001,80,557.108520271014,0.005,0.004951344195080219,-4.865580491978088e-05,flat,4.865580491978088e-05
19,HALF_CAPACITY,0.001,180,615.493345014584,0.005,0.004951434682184434,-4.8565317815565945e-05,flat,4.8565317815565945e-05
19,HALF_CAPACITY,0.001,75,675.605988614971,0.005,0.004951527847130463,-4.8472152869537266e-05,flat,4.8472152869537266e-05
19,HALF_CAPACITY,0.001,15,686.894135953831,0.005,0.004951545341946439,-4.845465805356115e-05,flat,4.845465805356115e-05
19,HALF_CAPACITY,0.001,70,63186.9710019511,0.005,0.005048410426215847,4.841042621584694e-05,flat,4.841042621584694e-05
19,HALF_CAPACITY,0.001,78,716.387698963184,0.005,0.004951591052233683,-4.840894776631747e-05,flat,4.840894776631747e-05
19,HALF_CAPACITY,0.001,96,716.387698963184,0.005,0.004951591052233683,-4.840894776631747e-05,flat,4.840894776631747e-05
19,HALF_CAPACITY,0.001,124,716.387698963184,0.005,0.004951591052233683,-4.840894776631747e-05,flat,4.840894776631747e-05
19,HALF_CAPACITY,0.001,109,743.014450041102,0.005,0.004951632319422721,-4.836768057727911e-05,flat,4.836768057727911e-05
19,HALF_CAPACITY,0.001,4,762.468599542019,0.005,0.004951662470230933,-4.8337529769067016e-05,flat,4.8337529769067016e-05
19,HALF_CAPACITY,0.001,71,816.719285450685,0.005,0.004951746550083722,-4.825344991627768e-05,flat,4.825344991627768e-05
19,HALF_CAPACITY,0.001,166,831.116765633965,0.005,0.004951768863866379,-4.823113613362101e-05,flat,4.823113613362101e-05
19,HALF_CAPACITY,0.001,111,831.203503408759,0.005,0.004951768998296004,-4.823100170399646e-05,flat,4.823100170399646e-05
19,HALF_CAPACITY,0.001,193,835.919471932905,0.005,0.004951776307290031,-4.822369270996926e-05,flat,4.822369270996926e-05
19,HALF_CAPACITY,0.001,179,838.778042623025,0.005,0.004951780737615635,-4.821926238436549e-05,flat,4.821926238436549e-05
19,HALF_CAPACITY,0.001,68,862.005851596851,0.005,0.0049518167369901386,-4.818326300986154e-05,flat,4.818326300986154e-05
19,HALF_CAPACITY,0.001,35,902.923144125445,0.005,0.004951880152223969,-4.8119847776030913e-05,flat,4.8119847776030913e-05
19,HALF_CAPACITY,0.001,91,1161.98903701431,0.005,0.004952281662762905,-4.771833723709543e-05,flat,4.771833723709543e-05
19,HALF_CAPACITY,0.001,54,1238.81980977645,0.005,0.004952400738124909,-4.759926187509079e-05,flat,4.759926187509079e-05
19,HALF_CAPACITY,0.001,83,1406.93022214053,0.005,0.004952661282272641,-4.7338717727359383e-05,flat,4.7338717727359383e-05
19,HALF_CAPACITY,0.001,73,1526.23671523206,0.005,0.0049528461881813484,-4.7153811818651664e-05,flat,4.7153811818651664e-05
19,HALF_CAPACITY,0.001,182,1599.99505396056,0.005,0.004952960501763903,-4.703949823609693e-05,flat,4.703949823609693e-05
19,HALF_CAPACITY,0.001,185,1715.264308112,0.005,0.004953139150600463,-4.686084939953695e-05,flat,4.686084939953695e-05
19,HALF_CAPACITY,0.001,175,1729.66573619762,0.005,0.004953161470501735,-4.6838529498265113e-05,flat,4.6838529498265113e-05
19,HALF_CAPACITY,0.001,110,1818.1581294645,0.005,0.004953298619503157,-4.670138049684292e-05,flat,4.670138049684292e-05
19,HALF_CAPACITY,0.001,27,1908.97470792764,0.005,0.004953439370618468,-4.656062938153231e-05,flat,4.656062938153231e-05
19,HALF_CAPACITY,0.001,139,1930.11000049321,0.005,0.004953472126928509,-4.652787307149117e-05,flat,4.652787307149117e-05
19,HALF_CAPACITY,0.001,31,1967.95084897366,0.005,0.004953530774168012,-4.646922583198803e-05,flat,4.646922583198803e-05
19,HALF_CAPACITY,0.001,165,2054.59654582293,0.005,0.004953665061086489,-4.633493891351148e-05,flat,4.633493891351148e-05
19,HALF_CAPACITY,0.001,191,2651.66318273473,0.005,0.004954590418510015,-4.540958148998523e-05,flat,4.540958148998523e-05
19,HALF_CAPACITY,0.001,41,2748.22355516942,0.005,0.00495474007158377,-4.525992841622993e-05,flat,4.525992841622993e-05
19,HALF_CAPACITY,0.001,187,2790.26587380395,0.005,0.004954805230427433,-4.519476957256727e-05,flat,4.519476957256727e-05
19,HALF_CAPACITY,0.001,129,4926.67553423279,0.005,0.00495811632238393,-4.18836776160704e-05,flat,4.18836776160704e-05
19,HALF_CAPACITY,0.001,121,56308.0230779527,0.005,0.005037749161402179,3.7749161402179064e-05,flat,3.7749161402179064e-05
19,HALF_CAPACITY,0.001,200,7981.82649516304,0.005,0.00496285131584515,-3.714868415484983e-05,flat,3.714868415484983e-05
19,HALF_CAPACITY,0.001,3,8055.22459188714,0.005,0.004962965071110438,-3.7034928889562516e-05,flat,3.7034928889562516e-05
19,HALF_CAPACITY,0.001,47,8674.32389258964,0.005,0.004963924575625324,-3.607542437467602e-05,flat,3.607542437467602e-05
19,HALF_CAPACITY,0.001,58,51044.8080609493,0.005,0.005029592023175883,2.9592023175883247e-05,flat,2.9592023175883247e-05
19,HALF_CAPACITY,0.001,48,13105.2797980176,0.005,0.0049707918458543445,-2.9208154145655627e-05,flat,2.9208154145655627e-05
19,HALF_CAPACITY,0.001,86,14450.8803546242,0.005,0.004972877310670461,-2.7122689329538846e-05,flat,2.7122689329538846e-05
19,HALF_CAPACITY,0.001,113,15192.5001074563,0.005,0.004974026702214539,-2.5973297785461535e-05,flat,2.5973297785461535e-05
19,HALF_CAPACITY,0.001,23,47659.9099550446,0.005,0.005024345974583419,2.4345974583418577e-05,flat,2.4345974583418577e-05
19,HALF_CAPACITY,0.001,57,46760.2761237901,0.005,0.005022951686588175,2.2951686588174557e-05,flat,2.2951686588174557e-05
19,HALF_CAPACITY,0.001,81,23796.000363686,0.005,0.00498736074625289,-1.2639253747110182e-05,flat,1.2639253747110182e-05
19,HALF_CAPACITY,0.01,177,564061.203668223,0.005,0.007607883165943365,0.002607883165943365,flat,0.002607883165943365
19,HALF_CAPACITY,0.01,183,536009.670095499,0.005,0.007470401964676052,0.0024704019646760523,flat,0.0024704019646760523
19,HALF_CAPACITY,0.01,64,484304.009276987,0.005,0.007216991350129073,0.002216991350129073,flat,0.002216991350129073
19,HALF_CAPACITY,0.01,5,467967.976775036,0.005,0.007136928084907314,0.0021369280849073136,flat,0.0021369280849073136
19,HALF_CAPACITY,0.01,149,467414.22086785,0.005,0.007134214114666385,0.0021342141146663846,flat,0.0021342141146663846
19,HALF_CAPACITY,0.01,99,467255.26857975,0.005,0.007133435085902929,0.0021334350859029292,flat,0.0021334350859029292
19,HALF_CAPACITY,0.01,128,452419.416107174,0.005,0.007060724236976737,0.0020607242369767367,flat,0.0020607242369767367
19,HALF_CAPACITY,0.01,66,352521.747647334,0.005,0.0065711235016708835,0.0015711235016708834,flat,0.0015711235016708834
19,HALF_CAPACITY,0.01,144,322712.281008294,0.005,0.006425026630637136,0.0014250266306371356,flat,0.0014250266306371356
19,HALF_CAPACITY,0.01,115,316607.590068484,0.005,0.00639510740210031,0.0013951074021003101,flat,0.0013951074021003101
19,HALF_CAPACITY,0.01,2,239468.13419692,0.005,0.006017045182049659,0.0010170451820496586,flat,0.0010170451820496586
19,HALF_CAPACITY,0.01,161,217915.940155272,0.005,0.0059114173910017895,0.0009114173910017894,flat,0.0009114173910017894
19,HALF_CAPACITY,0.01,8,177283.245651868,0.005,0.00571227563511264,0.0007122756351126396,flat,0.0007122756351126396
19,HALF_CAPACITY,0.01,168,166766.266127088,0.005,0.005660731680304536,0.0006607316803045361,flat,0.0006607316803045361
19,HALF_CAPACITY,0.01,119,157819.737342588,0.005,0.005616884540137425,0.0006168845401374251,flat,0.0006168845401374251
19,HALF_CAPACITY,0.01,162,109458.043623601,0.005,0.005379862784069402,0.0003798627840694022,flat,0.0003798627840694022
19,HALF_CAPACITY,0.01,62,99274.4388013463,0.005,0.005329952706227651,0.0003299527062276507,flat,0.0003299527062276507
19,HALF_CAPACITY,0.01,163,95541.7456984807,0.005,0.005311658692803616,0.00031165869280361594,flat,0.00031165869280361594
19,HALF_CAPACITY,0.01,157,79505.2426287746,0.005,0.005233063428112137,0.00023306342811213725,flat,0.00023306342811213725
19,HALF_CAPACITY,0.01,120,76158.2775370533,0.005,0.005216659876405538,0.00021665987640553767,flat,0.00021665987640553767
19,HALF_CAPACITY,0.01,1,69455.9790877528,0.005,0.005183811759931868,0.00018381175993186817,flat,0.00018381175993186817
19,HALF_CAPACITY,0.01,6,0.0,0.005,0.00484340643359112,-0.00015659356640887988,flat,0.00015659356640887988
19,HALF_CAPACITY,0.01,7,0.0,0.005,0.00484340643359112,-0.00015659356640887988,flat,0.00015659356640887988
19,HALF_CAPACITY,0.01,9,0.0,0.005,0.00484340643359112,-0.00015659356640887988,flat,0.00015659356640887988
19,HALF_CAPACITY,0.01,12,0.0,0.005,0.00484340643359112,-0.00015659356640887988,flat,0.00015659356640887988
19,HALF_CAPACITY,0.01,13,0.0,0.005,0.00484340643359112,-0.00015659356640887988,flat,0.00015659356640887988
19,HALF_CAPACITY,0.01,14,0.0,0.005,0.00484340643359112,-0.00015659356640887988,flat,0.00015659356640887988
19,HALF_CAPACITY,0.01,17,0.0,0.005,0.00484340643359112,-0.00015659356640887988,flat,0.00015659356640887988
19,HALF_CAPACITY,0.01,19,0.0,0.005,0.00484340643359112,-0.00015659356640887988,flat,0.00015659356640887988
19,HALF_CAPACITY,0.01,20,0.0,0.005,0.00484340643359112,-0.00015659356640887988,flat,0.00015659356640887988
19,HALF_CAPACITY,0.01,21,0.0,0.005,0.00484340643359112,-0.00015659356640887988,flat,0.00015659356640887988
19,HALF_CAPACITY,0.01,22,0.0,0.005,0.00484340643359112,-0.00015659356640887988,flat,0.00015659356640887988
19,HALF_CAPACITY,0.01,24,0.0,0.005,0.00484340643359112,-0.00015659356640887988,flat,0.00015659356640887988
19,HALF_CAPACITY,0.01,25,0.0,0.005,0.00484340643359112,-0.00015659356640887988,flat,0.00015659356640887988
19,HALF_CAPACITY,0.01,26,0.0,0.005,0.00484340643359112,-0.00015659356640887988,flat,0.00015659356640887988
19,HALF_CAPACITY,0.01,28,0.0,0.005,0.00484340643359112,-0.00015659356640887988,flat,0.00015659356640887988
19,HALF_CAPACITY,0.01,29,0.0,0.005,0.00484340643359112,-0.00015659356640887988,flat,0.00015659356640887988
19,HALF_CAPACITY,0.01,30,0.0,0.005,0.00484340643359112,-0.00015659356640887988,flat,0.00015659356640887988
19,HALF_CAPACITY,0.01,32,0.0,0.005,0.00484340643359112,-0.00015659356640887988,flat,0.00015659356640887988
19,HALF_CAPACITY,0.01,33,0.0,0.005,0.00484340643359112,-0.00015659356640887988,flat,0.00015659356640887988
19,HALF_CAPACITY,0.01,34,0.0,0.005,0.00484340643359112,-0.00015659356640887988,flat,0.00015659356640887988
19,HALF_CAPACITY,0.01,36,0.0,0.005,0.00484340643359112,-0.00015659356640887988,flat,0.00015659356640887988
19,HALF_CAPACITY,0.01,37,0.0,0.005,0.00484340643359112,-0.00015659356640887988,flat,0.00015659356640887988
19,HALF_CAPACITY,0.01,42,0.0,0.005,0.00484340643359112,-0.00015659356640887988,flat,0.00015659356640887988
19,HALF_CAPACITY,0.01,43,0.0,0.005,0.00484340643359112,-0.00015659356640887988,flat,0.00015659356640887988
19,HALF_CAPACITY,0.01,44,0.0,0.005,0.00484340643359112,-0.00015659356640887988,flat,0.00015659356640887988
19,HALF_CAPACITY,0.01,45,0.0,0.005,0.00484340643359112,-0.00015659356640887988,flat,0.00015659356640887988
19,HALF_CAPACITY,0.01,46,0.0,0.005,0.00484340643359112,-0.00015659356640887988,flat,0.00015659356640887988
19,HALF_CAPACITY,0.01,49,0.0,0.005,0.00484340643359112,-0.00015659356640887988,flat,0.00015659356640887988
19,HALF_CAPACITY,0.01,50,0.0,0.005,0.00484340643359112,-0.00015659356640887988,flat,0.00015659356640887988
19,HALF_CAPACITY,0.01,51,0.0,0.005,0.00484340643359112,-0.00015659356640887988,flat,0.00015659356640887988
19,HALF_CAPACITY,0.01,52,0.0,0.005,0.00484340643359112,-0.00015659356640887988,flat,0.00015659356640887988
19,HALF_CAPACITY,0.01,53,0.0,0.005,0.00484340643359112,-0.00015659356640887988,flat,0.00015659356640887988
19,HALF_CAPACITY,0.01,55,0.0,0.005,0.00484340643359112,-0.00015659356640887988,flat,0.00015659356640887988
19,HALF_CAPACITY,0.01,56,0.0,0.005,0.00484340643359112,-0.00015659356640887988,flat,0.00015659356640887988
19,HALF_CAPACITY,0.01,59,0.0,0.005,0.00484340643359112,-0.00015659356640887988,flat,0.00015659356640887988
19,HALF_CAPACITY,0.01,60,0.0,0.005,0.00484340643359112,-0.00015659356640887988,flat,0.00015659356640887988
19,HALF_CAPACITY,0.01,61,0.0,0.005,0.00484340643359112,-0.00015659356640887988,flat,0.00015659356640887988
19,HALF_CAPACITY,0.01,63,0.0,0.005,0.00484340643359112,-0.00015659356640887988,flat,0.00015659356640887988
19,HALF_CAPACITY,0.01,65,0.0,0.005,0.00484340643359112,-0.00015659356640887988,flat,0.00015659356640887988
19,HALF_CAPACITY,0.01,67,0.0,0.005,0.00484340643359112,-0.00015659356640887988,flat,0.00015659356640887988
19,HALF_CAPACITY,0.01,69,0.0,0.005,0.00484340643359112,-0.00015659356640887988,flat,0.00015659356640887988
19,HALF_CAPACITY,0.01,74,0.0,0.005,0.00484340643359112,-0.00015659356640887988,flat,0.00015659356640887988
19,HALF_CAPACITY,0.01,77,0.0,0.005,0.00484340643359112,-0.00015659356640887988,flat,0.00015659356640887988
19,HALF_CAPACITY,0.01,79,0.0,0.005,0.00484340643359112,-0.00015659356640887988,flat,0.00015659356640887988
19,HALF_CAPACITY,0.01,82,0.0,0.005,0.00484340643359112,-0.00015659356640887988,flat,0.00015659356640887988
19,HALF_CAPACITY,0.01,84,0.0,0.005,0.00484340643359112,-0.00015659356640887988,flat,0.00015659356640887988
19,HALF_CAPACITY,0.01,85,0.0,0.005,0.00484340643359112,-0.00015659356640887988,flat,0.00015659356640887988
19,HALF_CAPACITY,0.01,87,0.0,0.005,0.00484340643359112,-0.00015659356640887988,flat,0.00015659356640887988
19,HALF_CAPACITY,0.01,89,0.0,0.005,0.00484340643359112,-0.00015659356640887988,flat,0.00015659356640887988
19,HALF_CAPACITY,0.01,90,0.0,0.005,0.00484340643359112,-0.00015659356640887988,flat,0.00015659356640887988
19,HALF_CAPACITY,0.01,92,0.0,0.005,0.00484340643359112,-0.00015659356640887988,flat,0.00015659356640887988
19,HALF_CAPACITY,0.01,93,0.0,0.005,0.00484340643359112,-0.00015659356640887988,flat,0.00015659356640887988
19,HALF_CAPACITY,0.01,95,0.0,0.005,0.00484340643359112,-0.00015659356640887988,flat,0.00015659356640887988
19,HALF_CAPACITY,0.01,97,0.0,0.005,0.00484340643359112,-0.00015659356640887988,flat,0.00015659356640887988
19,HALF_CAPACITY,0.01,98,0.0,0.005,0.00484340643359112,-0.00015659356640887988,flat,0.00015659356640887988
19,HALF_CAPACITY,0.01,100,0.0,0.005,0.00484340643359112,-0.00015659356640887988,flat,0.00015659356640887988
19,HALF_CAPACITY,0.01,101,0.0,0.005,0.00484340643359112,-0.00015659356640887988,flat,0.00015659356640887988
19,HALF_CAPACITY,0.01,102,0.0,0.005,0.00484340643359112,-0.00015659356640887988,flat,0.00015659356640887988
19,HALF_CAPACITY,0.01,103,0.0,0.005,0.00484340643359112,-0.00015659356640887988,flat,0.00015659356640887988
19,HALF_CAPACITY,0.01,105,0.0,0.005,0.00484340643359112,-0.00015659356640887988,flat,0.00015659356640887988
19,HALF_CAPACITY,0.01,107,0.0,0.005,0.00484340643359112,-0.00015659356640887988,flat,0.00015659356640887988
19,HALF_CAPACITY,0.01,112,0.0,0.005,0.00484340643359112,-0.00015659356640887988,flat,0.00015659356640887988
19,HALF_CAPACITY,0.01,114,0.0,0.005,0.00484340643359112,-0.00015659356640887988,flat,0.00015659356640887988
19,HALF_CAPACITY,0.01,117,0.0,0.005,0.00484340643359112,-0.00015659356640887988,flat,0.00015659356640887988
19,HALF_CAPACITY,0.01,118,0.0,0.005,0.00484340643359112,-0.00015659356640887988,flat,0.00015659356640887988
19,HALF_CAPACITY,0.01,122,0.0,0.005,0.00484340643359112,-0.00015659356640887988,flat,0.00015659356640887988
19,HALF_CAPACITY,0.01,123,0.0,0.005,0.00484340643359112,-0.00015659356640887988,flat,0.00015659356640887988
19,HALF_CAPACITY,0.01,125,0.0,0.005,0.00484340643359112,-0.00015659356640887988,flat,0.00015659356640887988
19,HALF_CAPACITY,0.01,127,0.0,0.005,0.00484340643359112,-0.00015659356640887988,flat,0.00015659356640887988
19,HALF_CAPACITY,0.01,130,0.0,0.005,0.00484340643359112,-0.00015659356640887988,flat,0.00015659356640887988
19,HALF_CAPACITY,0.01,131,0.0,0.005,0.00484340643359112,-0.00015659356640887988,flat,0.00015659356640887988
19,HALF_CAPACITY,0.01,132,0.0,0.005,0.00484340643359112,-0.00015659356640887988,flat,0.00015659356640887988
19,HALF_CAPACITY,0.01,134,0.0,0.005,0.00484340643359112,-0.00015659356640887988,flat,0.00015659356640887988
19,HALF_CAPACITY,0.01,135,0.0,0.005,0.00484340643359112,-0.00015659356640887988,flat,0.00015659356640887988
19,HALF_CAPACITY,0.01,136,0.0,0.005,0.00484340643359112,-0.00015659356640887988,flat,0.00015659356640887988
19,HALF_CAPACITY,0.01,138,0.0,0.005,0.00484340643359112,-0.00015659356640887988,flat,0.00015659356640887988
19,HALF_CAPACITY,0.01,142,0.0,0.005,0.00484340643359112,-0.00015659356640887988,flat,0.00015659356640887988
19,HALF_CAPACITY,0.01,143,0.0,0.005,0.00484340643359112,-0.00015659356640887988,flat,0.00015659356640887988
19,HALF_CAPACITY,0.01,145,0.0,0.005,0.00484340643359112,-0.00015659356640887988,flat,0.00015659356640887988
19,HALF_CAPACITY,0.01,146,0.0,0.005,0.00484340643359112,-0.00015659356640887988,flat,0.00015659356640887988
19,HALF_CAPACITY,0.01,150,0.0,0.005,0.00484340643359112,-0.00015659356640887988,flat,0.00015659356640887988
19,HALF_CAPACITY,0.01,152,0.0,0.005,0.00484340643359112,-0.00015659356640887988,flat,0.00015659356640887988
19,HALF_CAPACITY,0.01,153,0.0,0.005,0.00484340643359112,-0.00015659356640887988,flat,0.00015659356640887988
19,HALF_CAPACITY,0.01,155,0.0,0.005,0.00484340643359112,-0.00015659356640887988,flat,0.00015659356640887988
19,HALF_CAPACITY,0.01,156,0.0,0.005,0.00484340643359112,-0.00015659356640887988,flat,0.00015659356640887988
19,HALF_CAPACITY,0.01,158,0.0,0.005,0.00484340643359112,-0.00015659356640887988,flat,0.00015659356640887988
19,HALF_CAPACITY,0.01,159,0.0,0.005,0.00484340643359112,-0.00015659356640887988,flat,0.00015659356640887988
19,HALF_CAPACITY,0.01,160,0.0,0.005,0.00484340643359112,-0.00015659356640887988,flat,0.00015659356640887988
19,HALF_CAPACITY,0.01,167,0.0,0.005,0.00484340643359112,-0.00015659356640887988,flat,0.00015659356640887988
19,HALF_CAPACITY,0.01,170,0.0,0.005,0.00484340643359112,-0.00015659356640887988,flat,0.00015659356640887988
19,HALF_CAPACITY,0.01,171,0.0,0.005,0.00484340643359112,-0.00015659356640887988,flat,0.00015659356640887988
19,HALF_CAPACITY,0.01,172,0.0,0.005,0.00484340643359112,-0.00015659356640887988,flat,0.00015659356640887988
19,HALF_CAPACITY,0.01,173,0.0,0.005,0.00484340643359112,-0.00015659356640887988,flat,0.00015659356640887988
19,HALF_CAPACITY,0.01,174,0.0,0.005,0.00484340643359112,-0.00015659356640887988,flat,0.00015659356640887988
19,HALF_CAPACITY,0.01,176,0.0,0.005,0.00484340643359112,-0.00015659356640887988,flat,0.00015659356640887988
19,HALF_CAPACITY,0.01,178,0.0,0.005,0.00484340643359112,-0.00015659356640887988,flat,0.00015659356640887988
19,HALF_CAPACITY,0.01,181,0.0,0.005,0.00484340643359112,-0.00015659356640887988,flat,0.00015659356640887988
19,HALF_CAPACITY,0.01,184,0.0,0.005,0.00484340643359112,-0.00015659356640887988,flat,0.00015659356640887988
19,HALF_CAPACITY,0.01,189,0.0,0.005,0.00484340643359112,-0.00015659356640887988,flat,0.00015659356640887988
19,HALF_CAPACITY,0.01,190,0.0,0.005,0.00484340643359112,-0.00015659356640887988,flat,0.00015659356640887988
19,HALF_CAPACITY,0.01,192,0.0,0.005,0.00484340643359112,-0.00015659356640887988,flat,0.00015659356640887988
19,HALF_CAPACITY,0.01,194,0.0,0.005,0.00484340643359112,-0.00015659356640887988,flat,0.00015659356640887988
19,HALF_CAPACITY,0.01,195,0.0,0.005,0.00484340643359112,-0.00015659356640887988,flat,0.00015659356640887988
19,HALF_CAPACITY,0.01,197,0.0,0.005,0.00484340643359112,-0.00015659356640887988,flat,0.00015659356640887988
19,HALF_CAPACITY,0.01,199,0.0,0.005,0.00484340643359112,-0.00015659356640887988,flat,0.00015659356640887988
19,HALF_CAPACITY,0.01,16,6.88935181921016,0.005,0.004843440198460396,-0.00015655980153960435,flat,0.00015655980153960435
19,HALF_CAPACITY,0.01,11,20.4565911136568,0.005,0.004843506691807408,-0.00015649330819259184,flat,0.00015649330819259184
19,HALF_CAPACITY,0.01,104,20.4565911136568,0.005,0.004843506691807408,-0.00015649330819259184,flat,0.00015649330819259184
19,HALF_CAPACITY,0.01,140,20.4565911136568,0.005,0.004843506691807408,-0.00015649330819259184,flat,0.00015649330819259184
19,HALF_CAPACITY,0.01,116,25.5573015044176,0.005,0.004843531690504539,-0.00015646830949546126,flat,0.00015646830949546126
19,HALF_CAPACITY,0.01,154,34.8286576909439,0.005,0.004843577129631159,-0.00015642287036884105,flat,0.00015642287036884105
19,HALF_CAPACITY,0.01,196,34.8286576909439,0.005,0.004843577129631159,-0.00015642287036884105,flat,0.00015642287036884105
19,HALF_CAPACITY,0.01,40,54.5509096364182,0.005,0.004843673788834555,-0.0001563262111654454,flat,0.0001563262111654454
19,HALF_CAPACITY,0.01,147,54.5509096364182,0.005,0.004843673788834555,-0.0001563262111654454,flat,0.0001563262111654454
19,HALF_CAPACITY,0.01,39,81.8263644546273,0.005,0.0048438074664562715,-0.0001561925335437286,flat,0.0001561925335437286
19,HALF_CAPACITY,0.01,108,81.8263644546273,0.005,0.0048438074664562715,-0.0001561925335437286,flat,0.0001561925335437286
19,HALF_CAPACITY,0.01,126,104.485973072832,0.005,0.004843918521711237,-0.00015608147828876338,flat,0.00015608147828876338
19,HALF_CAPACITY,0.01,148,118.858039650119,0.005,0.0048439889595349875,-0.0001560110404650126,flat,0.0001560110404650126
19,HALF_CAPACITY,0.01,10,130.135391161494,0.005,0.004844044230090121,-0.00015595576990987906,flat,0.00015595576990987906
19,HALF_CAPACITY,0.01,186,137.021233575028,0.005,0.004844077977759719,-0.00015592202224028098,flat,0.00015592202224028098
19,HALF_CAPACITY,0.01,38,142.461798627415,0.005,0.004844104642092243,-0.0001558953579077569,flat,0.0001558953579077569
19,HALF_CAPACITY,0.01,106,223.750105392689,0.005,0.004844503037924474,-0.00015549696207552578,flat,0.00015549696207552578
19,HALF_CAPACITY,0.01,137,227.198660451587,0.005,0.00484451993937091,-0.0001554800606290898,flat,0.0001554800606290898
19,HALF_CAPACITY,0.01,18,229.795706843412,0.005,0.004844532667554087,-0.0001554673324459131,flat,0.0001554673324459131
19,HALF_CAPACITY,0.01,151,248.282781570409,0.005,0.004844623273125964,-0.00015537672687403626,flat,0.00015537672687403626
19,HALF_CAPACITY,0.01,72,260.270782322988,0.005,0.004844682026589121,-0.0001553179734108791,flat,0.0001553179734108791
19,HALF_CAPACITY,0.01,76,292.712030032828,0.005,0.004844841021878779,-0.00015515897812122103,flat,0.00015515897812122103
19,HALF_CAPACITY,0.01,94,311.802305546108,0.005,0.00484493458375137,-0.00015506541624863042,flat,0.00015506541624863042
19,HALF_CAPACITY,0.01,198,339.192857261944,0.005,0.004845068825465588,-0.00015493117453441174,flat,0.00015493117453441174
19,HALF_CAPACITY,0.01,188,381.358135887828,0.005,0.004845275478450968,-0.00015472452154903244,flat,0.00015472452154903244
19,HALF_CAPACITY,0.01,133,408.443412891964,0.005,0.004845408224006911,-0.00015459177599308916,flat,0.00015459177599308916
19,HALF_CAPACITY,0.01,88,416.33499496536,0.005,0.004845446900829358,-0.00015455309917064217,flat,0.00015455309917064217
19,HALF_CAPACITY,0.01,164,63440.359862211,0.005,0.005154329073883702,0.00015432907388370203,flat,0.00015432907388370203
19,HALF_CAPACITY,0.01,141,485.525358889922,0.005,0.004845786004369769,-0.0001542139956302313,flat,0.0001542139956302313
19,HALF_CAPACITY,0.01,169,485.866418095377,0.005,0.004845787675908658,-0.00015421232409134223,flat,0.00015421232409134223
19,HALF_CAPACITY,0.01,80,557.108520271014,0.005,0.004846136835064699,-0.00015386316493530127,flat,0.00015386316493530127
19,HALF_CAPACITY,0.01,180,615.493345014584,0.005,0.004846422980412893,-0.00015357701958710734,flat,0.00015357701958710734
19,HALF_CAPACITY,0.01,75,675.605988614971,0.005,0.00484671759384043,-0.00015328240615956976,flat,0.00015328240615956976
19,HALF_CAPACITY,0.01,15,686.894135953831,0.005,0.004846772917306158,-0.00015322708269384193,flat,0.00015322708269384193
19,HALF_CAPACITY,0.01,70,63186.9710019511,0.005,0.005153087209341573,0.00015308720934157326,flat,0.00015308720934157326
19,HALF_CAPACITY,0.01,78,716.387698963184,0.005,0.004846917465926349,-0.00015308253407365132,flat,0.00015308253407365132
19,HALF_CAPACITY,0.01,96,716.387698963184,0.005,0.004846917465926349,-0.00015308253407365132,flat,0.00015308253407365132
19,HALF_CAPACITY,0.01,124,716.387698963184,0.005,0.004846917465926349,-0.00015308253407365132,flat,0.00015308253407365132
19,HALF_CAPACITY,0.01,109,743.014450041102,0.005,0.004847047964236345,-0.00015295203576365553,flat,0.00015295203576365553
19,HALF_CAPACITY,0.01,4,762.468599542019,0.005,0.004847143309463588,-0.00015285669053641173,flat,0.00015285669053641173
19,HALF_CAPACITY,0.01,71,816.719285450685,0.005,0.004847409193303735,-0.00015259080669626553,flat,0.00015259080669626553
19,HALF_CAPACITY,0.01,166,831.116765633965,0.005,0.0048474797556801435,-0.00015252024431985662,flat,0.00015252024431985662
19,HALF_CAPACITY,0.01,111,831.203503408759,0.005,0.004847480180783942,-0.0001525198192160581,flat,0.0001525198192160581
19,HALF_CAPACITY,0.01,193,835.919471932905,0.005,0.004847503293852472,-0.00015249670614752783,flat,0.00015249670614752783
19,HALF_CAPACITY,0.01,179,838.778042623025,0.005,0.004847517303772157,-0.0001524826962278434,flat,0.0001524826962278434
19,HALF_CAPACITY,0.01,68,862.005851596851,0.005,0.004847631143789932,-0.00015236885621006807,flat,0.00015236885621006807
19,HALF_CAPACITY,0.01,35,902.923144125445,0.005,0.004847831680367187,-0.00015216831963281267,flat,0.00015216831963281267
19,HALF_CAPACITY,0.01,91,1161.98903701431,0.005,0.004849101368174786,-0.00015089863182521368,flat,0.00015089863182521368
19,HALF_CAPACITY,0.01,54,1238.81980977645,0.005,0.004849477917531928,-0.00015052208246807246,flat,0.00015052208246807246
19,HALF_CAPACITY,0.01,83,1406.93022214053,0.005,0.004850301830469787,-0.00014969816953021298,flat,0.00014969816953021298
19,HALF_CAPACITY,0.01,73,1526.23671523206,0.005,0.004850886554294126,-0.00014911344570587431,flat,0.00014911344570587431
19,HALF_CAPACITY,0.01,182,1599.99505396056,0.005,0.0048512480455824925,-0.00014875195441750762,flat,0.00014875195441750762
19,HALF_CAPACITY,0.01,185,1715.264308112,0.005,0.004851812982807363,-0.00014818701719263722,flat,0.00014818701719263722
19,HALF_CAPACITY,0.01,175,1729.66573619762,0.005,0.004851883564532531,-0.00014811643546746873,flat,0.00014811643546746873
19,HALF_CAPACITY,0.01,110,1818.1581294645,0.005,0.004852317267755844,-0.00014768273224415648,flat,0.00014768273224415648
19,HALF_CAPACITY,0.01,27,1908.97470792764,0.005,0.004852762361863434,-0.00014723763813656587,flat,0.00014723763813656587
19,HALF_CAPACITY,0.01,139,1930.11000049321,0.005,0.004852865946410907,-0.00014713405358909339,flat,0.00014713405358909339
19,HALF_CAPACITY,0.01,31,1967.95084897366,0.005,0.004853051405266216,-0.00014694859473378397,flat,0.00014694859473378397
19,HALF_CAPACITY,0.01,165,2054.59654582293,0.005,0.004853476057788568,-0.0001465239422114321,flat,0.0001465239422114321
19,HALF_CAPACITY,0.01,191,2651.66318273473,0.005,0.004856402294896655,-0.00014359770510334515,flat,0.00014359770510334515
19,HALF_CAPACITY,0.01,41,2748.22355516942,0.005,0.004856875539468569,-0.00014312446053143125,flat,0.00014312446053143125
19,HALF_CAPACITY,0.01,187,2790.26587380395,0.005,0.004857081589824245,-0.00014291841017575503,flat,0.00014291841017575503
19,HALF_CAPACITY,0.01,129,4926.67553423279,0.005,0.0048675521819490355,-0.0001324478180509646,flat,0.0001324478180509646
19,HALF_CAPACITY,0.01,121,56308.0230779527,0.005,0.0051193733297921805,0.00011937332979218042,flat,0.00011937332979218042
19,HALF_CAPACITY,0.01,200,7981.82649516304,0.005,0.004882525545992493,-0.00011747445400750716,flat,0.00011747445400750716
19,HALF_CAPACITY,0.01,3,8055.22459188714,0.005,0.0048828852717266395,-0.00011711472827336065,flat,0.00011711472827336065
19,HALF_CAPACITY,0.01,47,8674.32389258964,0.005,0.004885919491418895,-0.00011408050858110509,flat,0.00011408050858110509
19,HALF_CAPACITY,0.01,58,51044.8080609493,0.005,0.005093578193808265,9.357819380826499e-05,flat,9.357819380826499e-05
19,HALF_CAPACITY,0.01,48,13105.2797980176,0.005,0.004907635706650459,-9.2364293349541e-05,flat,9.2364293349541e-05
19,HALF_CAPACITY,0.01,86,14450.8803546242,0.005,0.004914230525449532,-8.57694745504678e-05,flat,8.57694745504678e-05
19,HALF_CAPACITY,0.01,113,15192.5001074563,0.005,0.004917865220652153,-8.213477934784687e-05,flat,8.213477934784687e-05
19,HALF_CAPACITY,0.01,23,47659.9099550446,0.005,0.0050769887315401585,7.698873154015837e-05,flat,7.698873154015837e-05
19,HALF_CAPACITY,0.01,57,46760.2761237901,0.005,0.0050725796057609586,7.257960576095845e-05,flat,7.257960576095845e-05
19,HALF_CAPACITY,0.01,81,23796.000363686,0.005,0.004960031170234325,-3.996882976567504e-05,flat,3.996882976567504e-05
19,HALF_CAPACITY,0.05,177,564061.203668223,0.005,0.010831404036426621,0.005831404036426621,flat,0.005831404036426621
19,HALF_CAPACITY,0.05,183,536009.670095499,0.005,0.010523986724764588,0.005523986724764588,flat,0.005523986724764588
19,HALF_CAPACITY,0.05,64,484304.009276987,0.005,0.009957343364417556,0.0049573433644175555,flat,0.0049573433644175555
19,HALF_CAPACITY,0.05,5,467967.976775036,0.005,0.00977831646088111,0.00477831646088111,flat,0.00477831646088111
19,HALF_CAPACITY,0.05,149,467414.22086785,0.005,0.00977224783893348,0.004772247838933479,flat,0.004772247838933479
19,HALF_CAPACITY,0.05,99,467255.26857975,0.005,0.009770505877661966,0.004770505877661966,flat,0.004770505877661966
19,HALF_CAPACITY,0.05,128,452419.416107174,0.005,0.009607919476761286,0.004607919476761286,flat,0.004607919476761286
19,HALF_CAPACITY,0.05,66,352521.747647334,0.005,0.008513138950783537,0.003513138950783537,flat,0.003513138950783537
19,HALF_CAPACITY,0.05,144,322712.281008294,0.005,0.008186456415852065,0.0031864564158520644,flat,0.0031864564158520644
19,HALF_CAPACITY,0.05,115,316607.590068484,0.005,0.008119554987009373,0.0031195549870093727,flat,0.0031195549870093727
19,HALF_CAPACITY,0.05,2,239468.13419692,0.005,0.007274182163251645,0.0022741821632516453,flat,0.0022741821632516453
19,HALF_CAPACITY,0.05,161,217915.940155272,0.005,0.0070379912421554705,0.0020379912421554704,flat,0.0020379912421554704
19,HALF_CAPACITY,0.05,8,177283.245651868,0.005,0.006592696738828671,0.0015926967388286712,flat,0.0015926967388286712
19,HALF_CAPACITY,0.05,168,166766.266127088,0.005,0.0064774409520485755,0.0014774409520485754,flat,0.0014774409520485754
19,HALF_CAPACITY,0.05,119,157819.737342588,0.005,0.006379395766015956,0.0013793957660159558,flat,0.0013793957660159558
19,HALF_CAPACITY,0.05,162,109458.043623601,0.005,0.005849399007301493,0.0008493990073014926,flat,0.0008493990073014926
19,HALF_CAPACITY,0.05,62,99274.4388013463,0.005,0.005737796680485031,0.0007377966804850309,flat,0.0007377966804850309
19,HALF_CAPACITY,0.05,163,95541.7456984807,0.005,0.005696890022887597,0.0006968900228875967,flat,0.0006968900228875967
19,HALF_CAPACITY,0.05,157,79505.2426287746,0.005,0.005521145668327865,0.000521145668327865,flat,0.000521145668327865
19,HALF_CAPACITY,0.05,120,76158.2775370533,0.005,0.005484466211639476,0.00048446621163947615,flat,0.00048446621163947615
19,HALF_CAPACITY,0.05,1,69455.9790877528,0.005,0.0054110155902715226,0.00041101559027152245,flat,0.00041101559027152245
19,HALF_CAPACITY,0.05,6,0.0,0.005,0.004649846140670624,-0.0003501538593293765,flat,0.0003501538593293765
19,HALF_CAPACITY,0.05,7,0.0,0.005,0.004649846140670624,-0.0003501538593293765,flat,0.0003501538593293765
19,HALF_CAPACITY,0.05,9,0.0,0.005,0.004649846140670624,-0.0003501538593293765,flat,0.0003501538593293765
19,HALF_CAPACITY,0.05,12,0.0,0.005,0.004649846140670624,-0.0003501538593293765,flat,0.0003501538593293765
19,HALF_CAPACITY,0.05,13,0.0,0.005,0.004649846140670624,-0.0003501538593293765,flat,0.0003501538593293765
19,HALF_CAPACITY,0.05,14,0.0,0.005,0.004649846140670624,-0.0003501538593293765,flat,0.0003501538593293765
19,HALF_CAPACITY,0.05,17,0.0,0.005,0.004649846140670624,-0.0003501538593293765,flat,0.0003501538593293765
19,HALF_CAPACITY,0.05,19,0.0,0.005,0.004649846140670624,-0.0003501538593293765,flat,0.0003501538593293765
19,HALF_CAPACITY,0.05,20,0.0,0.005,0.004649846140670624,-0.0003501538593293765,flat,0.0003501538593293765
19,HALF_CAPACITY,0.05,21,0.0,0.005,0.004649846140670624,-0.0003501538593293765,flat,0.0003501538593293765
19,HALF_CAPACITY,0.05,22,0.0,0.005,0.004649846140670624,-0.0003501538593293765,flat,0.0003501538593293765
19,HALF_CAPACITY,0.05,24,0.0,0.005,0.004649846140670624,-0.0003501538593293765,flat,0.0003501538593293765
19,HALF_CAPACITY,0.05,25,0.0,0.005,0.004649846140670624,-0.0003501538593293765,flat,0.0003501538593293765
19,HALF_CAPACITY,0.05,26,0.0,0.005,0.004649846140670624,-0.0003501538593293765,flat,0.0003501538593293765
19,HALF_CAPACITY,0.05,28,0.0,0.005,0.004649846140670624,-0.0003501538593293765,flat,0.0003501538593293765
19,HALF_CAPACITY,0.05,29,0.0,0.005,0.004649846140670624,-0.0003501538593293765,flat,0.0003501538593293765
19,HALF_CAPACITY,0.05,30,0.0,0.005,0.004649846140670624,-0.0003501538593293765,flat,0.0003501538593293765
19,HALF_CAPACITY,0.05,32,0.0,0.005,0.004649846140670624,-0.0003501538593293765,flat,0.0003501538593293765
19,HALF_CAPACITY,0.05,33,0.0,0.005,0.004649846140670624,-0.0003501538593293765,flat,0.0003501538593293765
19,HALF_CAPACITY,0.05,34,0.0,0.005,0.004649846140670624,-0.0003501538593293765,flat,0.0003501538593293765
19,HALF_CAPACITY,0.05,36,0.0,0.005,0.004649846140670624,-0.0003501538593293765,flat,0.0003501538593293765
19,HALF_CAPACITY,0.05,37,0.0,0.005,0.004649846140670624,-0.0003501538593293765,flat,0.0003501538593293765
19,HALF_CAPACITY,0.05,42,0.0,0.005,0.004649846140670624,-0.0003501538593293765,flat,0.0003501538593293765
19,HALF_CAPACITY,0.05,43,0.0,0.005,0.004649846140670624,-0.0003501538593293765,flat,0.0003501538593293765
19,HALF_CAPACITY,0.05,44,0.0,0.005,0.004649846140670624,-0.0003501538593293765,flat,0.0003501538593293765
19,HALF_CAPACITY,0.05,45,0.0,0.005,0.004649846140670624,-0.0003501538593293765,flat,0.0003501538593293765
19,HALF_CAPACITY,0.05,46,0.0,0.005,0.004649846140670624,-0.0003501538593293765,flat,0.0003501538593293765
19,HALF_CAPACITY,0.05,49,0.0,0.005,0.004649846140670624,-0.0003501538593293765,flat,0.0003501538593293765
19,HALF_CAPACITY,0.05,50,0.0,0.005,0.004649846140670624,-0.0003501538593293765,flat,0.0003501538593293765
19,HALF_CAPACITY,0.05,51,0.0,0.005,0.004649846140670624,-0.0003501538593293765,flat,0.0003501538593293765
19,HALF_CAPACITY,0.05,52,0.0,0.005,0.004649846140670624,-0.0003501538593293765,flat,0.0003501538593293765
19,HALF_CAPACITY,0.05,53,0.0,0.005,0.004649846140670624,-0.0003501538593293765,flat,0.0003501538593293765
19,HALF_CAPACITY,0.05,55,0.0,0.005,0.004649846140670624,-0.0003501538593293765,flat,0.0003501538593293765
19,HALF_CAPACITY,0.05,56,0.0,0.005,0.004649846140670624,-0.0003501538593293765,flat,0.0003501538593293765
19,HALF_CAPACITY,0.05,59,0.0,0.005,0.004649846140670624,-0.0003501538593293765,flat,0.0003501538593293765
19,HALF_CAPACITY,0.05,60,0.0,0.005,0.004649846140670624,-0.0003501538593293765,flat,0.0003501538593293765
19,HALF_CAPACITY,0.05,61,0.0,0.005,0.004649846140670624,-0.0003501538593293765,flat,0.0003501538593293765
19,HALF_CAPACITY,0.05,63,0.0,0.005,0.004649846140670624,-0.0003501538593293765,flat,0.0003501538593293765
19,HALF_CAPACITY,0.05,65,0.0,0.005,0.004649846140670624,-0.0003501538593293765,flat,0.0003501538593293765
19,HALF_CAPACITY,0.05,67,0.0,0.005,0.004649846140670624,-0.0003501538593293765,flat,0.0003501538593293765
19,HALF_CAPACITY,0.05,69,0.0,0.005,0.004649846140670624,-0.0003501538593293765,flat,0.0003501538593293765
19,HALF_CAPACITY,0.05,74,0.0,0.005,0.004649846140670624,-0.0003501538593293765,flat,0.0003501538593293765
19,HALF_CAPACITY,0.05,77,0.0,0.005,0.004649846140670624,-0.0003501538593293765,flat,0.0003501538593293765
19,HALF_CAPACITY,0.05,79,0.0,0.005,0.004649846140670624,-0.0003501538593293765,flat,0.0003501538593293765
19,HALF_CAPACITY,0.05,82,0.0,0.005,0.004649846140670624,-0.0003501538593293765,flat,0.0003501538593293765
19,HALF_CAPACITY,0.05,84,0.0,0.005,0.004649846140670624,-0.0003501538593293765,flat,0.0003501538593293765
19,HALF_CAPACITY,0.05,85,0.0,0.005,0.004649846140670624,-0.0003501538593293765,flat,0.0003501538593293765
19,HALF_CAPACITY,0.05,87,0.0,0.005,0.004649846140670624,-0.0003501538593293765,flat,0.0003501538593293765
19,HALF_CAPACITY,0.05,89,0.0,0.005,0.004649846140670624,-0.0003501538593293765,flat,0.0003501538593293765
19,HALF_CAPACITY,0.05,90,0.0,0.005,0.004649846140670624,-0.0003501538593293765,flat,0.0003501538593293765
19,HALF_CAPACITY,0.05,92,0.0,0.005,0.004649846140670624,-0.0003501538593293765,flat,0.0003501538593293765
19,HALF_CAPACITY,0.05,93,0.0,0.005,0.004649846140670624,-0.0003501538593293765,flat,0.0003501538593293765
19,HALF_CAPACITY,0.05,95,0.0,0.005,0.004649846140670624,-0.0003501538593293765,flat,0.0003501538593293765
19,HALF_CAPACITY,0.05,97,0.0,0.005,0.004649846140670624,-0.0003501538593293765,flat,0.0003501538593293765
19,HALF_CAPACITY,0.05,98,0.0,0.005,0.004649846140670624,-0.0003501538593293765,flat,0.0003501538593293765
19,HALF_CAPACITY,0.05,100,0.0,0.005,0.004649846140670624,-0.0003501538593293765,flat,0.0003501538593293765
19,HALF_CAPACITY,0.05,101,0.0,0.005,0.004649846140670624,-0.0003501538593293765,flat,0.0003501538593293765
19,HALF_CAPACITY,0.05,102,0.0,0.005,0.004649846140670624,-0.0003501538593293765,flat,0.0003501538593293765
19,HALF_CAPACITY,0.05,103,0.0,0.005,0.004649846140670624,-0.0003501538593293765,flat,0.0003501538593293765
19,HALF_CAPACITY,0.05,105,0.0,0.005,0.004649846140670624,-0.0003501538593293765,flat,0.0003501538593293765
19,HALF_CAPACITY,0.05,107,0.0,0.005,0.004649846140670624,-0.0003501538593293765,flat,0.0003501538593293765
19,HALF_CAPACITY,0.05,112,0.0,0.005,0.004649846140670624,-0.0003501538593293765,flat,0.0003501538593293765
19,HALF_CAPACITY,0.05,114,0.0,0.005,0.004649846140670624,-0.0003501538593293765,flat,0.0003501538593293765
19,HALF_CAPACITY,0.05,117,0.0,0.005,0.004649846140670624,-0.0003501538593293765,flat,0.0003501538593293765
19,HALF_CAPACITY,0.05,118,0.0,0.005,0.004649846140670624,-0.0003501538593293765,flat,0.0003501538593293765
19,HALF_CAPACITY,0.05,122,0.0,0.005,0.004649846140670624,-0.0003501538593293765,flat,0.0003501538593293765
19,HALF_CAPACITY,0.05,123,0.0,0.005,0.004649846140670624,-0.0003501538593293765,flat,0.0003501538593293765
19,HALF_CAPACITY,0.05,125,0.0,0.005,0.004649846140670624,-0.0003501538593293765,flat,0.0003501538593293765
19,HALF_CAPACITY,0.05,127,0.0,0.005,0.004649846140670624,-0.0003501538593293765,flat,0.0003501538593293765
19,HALF_CAPACITY,0.05,130,0.0,0.005,0.004649846140670624,-0.0003501538593293765,flat,0.0003501538593293765
19,HALF_CAPACITY,0.05,131,0.0,0.005,0.004649846140670624,-0.0003501538593293765,flat,0.0003501538593293765
19,HALF_CAPACITY,0.05,132,0.0,0.005,0.004649846140670624,-0.0003501538593293765,flat,0.0003501538593293765
19,HALF_CAPACITY,0.05,134,0.0,0.005,0.004649846140670624,-0.0003501538593293765,flat,0.0003501538593293765
19,HALF_CAPACITY,0.05,135,0.0,0.005,0.004649846140670624,-0.0003501538593293765,flat,0.0003501538593293765
19,HALF_CAPACITY,0.05,136,0.0,0.005,0.004649846140670624,-0.0003501538593293765,flat,0.0003501538593293765
19,HALF_CAPACITY,0.05,138,0.0,0.005,0.004649846140670624,-0.0003501538593293765,flat,0.0003501538593293765
19,HALF_CAPACITY,0.05,142,0.0,0.005,0.004649846140670624,-0.0003501538593293765,flat,0.0003501538593293765
19,HALF_CAPACITY,0.05,143,0.0,0.005,0.004649846140670624,-0.0003501538593293765,flat,0.0003501538593293765
19,HALF_CAPACITY,0.05,145,0.0,0.005,0.004649846140670624,-0.0003501538593293765,flat,0.0003501538593293765
19,HALF_CAPACITY,0.05,146,0.0,0.005,0.004649846140670624,-0.0003501538593293765,flat,0.0003501538593293765
19,HALF_CAPACITY,0.05,150,0.0,0.005,0.004649846140670624,-0.0003501538593293765,flat,0.0003501538593293765
19,HALF_CAPACITY,0.05,152,0.0,0.005,0.004649846140670624,-0.0003501538593293765,flat,0.0003501538593293765
19,HALF_CAPACITY,0.05,153,0.0,0.005,0.004649846140670624,-0.0003501538593293765,flat,0.0003501538593293765
19,HALF_CAPACITY,0.05,155,0.0,0.005,0.004649846140670624,-0.0003501538593293765,flat,0.0003501538593293765
19,HALF_CAPACITY,0.05,156,0.0,0.005,0.004649846140670624,-0.0003501538593293765,flat,0.0003501538593293765
19,HALF_CAPACITY,0.05,158,0.0,0.005,0.004649846140670624,-0.0003501538593293765,flat,0.0003501538593293765
19,HALF_CAPACITY,0.05,159,0.0,0.005,0.004649846140670624,-0.0003501538593293765,flat,0.0003501538593293765
19,HALF_CAPACITY,0.05,160,0.0,0.005,0.004649846140670624,-0.0003501538593293765,flat,0.0003501538593293765
19,HALF_CAPACITY,0.05,167,0.0,0.005,0.004649846140670624,-0.0003501538593293765,flat,0.0003501538593293765
19,HALF_CAPACITY,0.05,170,0.0,0.005,0.004649846140670624,-0.0003501538593293765,flat,0.0003501538593293765
19,HALF_CAPACITY,0.05,171,0.0,0.005,0.004649846140670624,-0.0003501538593293765,flat,0.0003501538593293765
19,HALF_CAPACITY,0.05,172,0.0,0.005,0.004649846140670624,-0.0003501538593293765,flat,0.0003501538593293765
19,HALF_CAPACITY,0.05,173,0.0,0.005,0.004649846140670624,-0.0003501538593293765,flat,0.0003501538593293765
19,HALF_CAPACITY,0.05,174,0.0,0.005,0.004649846140670624,-0.0003501538593293765,flat,0.0003501538593293765
19,HALF_CAPACITY,0.05,176,0.0,0.005,0.004649846140670624,-0.0003501538593293765,flat,0.0003501538593293765
19,HALF_CAPACITY,0.05,178,0.0,0.005,0.004649846140670624,-0.0003501538593293765,flat,0.0003501538593293765
19,HALF_CAPACITY,0.05,181,0.0,0.005,0.004649846140670624,-0.0003501538593293765,flat,0.0003501538593293765
19,HALF_CAPACITY,0.05,184,0.0,0.005,0.004649846140670624,-0.0003501538593293765,flat,0.0003501538593293765
19,HALF_CAPACITY,0.05,189,0.0,0.005,0.004649846140670624,-0.0003501538593293765,flat,0.0003501538593293765
19,HALF_CAPACITY,0.05,190,0.0,0.005,0.004649846140670624,-0.0003501538593293765,flat,0.0003501538593293765
19,HALF_CAPACITY,0.05,192,0.0,0.005,0.004649846140670624,-0.0003501538593293765,flat,0.0003501538593293765
19,HALF_CAPACITY,0.05,194,0.0,0.005,0.004649846140670624,-0.0003501538593293765,flat,0.0003501538593293765
19,HALF_CAPACITY,0.05,195,0.0,0.005,0.004649846140670624,-0.0003501538593293765,flat,0.0003501538593293765
19,HALF_CAPACITY,0.05,197,0.0,0.005,0.004649846140670624,-0.0003501538593293765,flat,0.0003501538593293765
19,HALF_CAPACITY,0.05,199,0.0,0.005,0.004649846140670624,-0.0003501538593293765,flat,0.0003501538593293765
19,HALF_CAPACITY,0.05,16,6.88935181921016,0.005,0.004649921641213575,-0.00035007835878642524,flat,0.00035007835878642524
19,HALF_CAPACITY,0.05,11,20.4565911136568,0.005,0.004650070324857546,-0.0003499296751424538,flat,0.0003499296751424538
19,HALF_CAPACITY,0.05,104,20.4565911136568,0.005,0.004650070324857546,-0.0003499296751424538,flat,0.0003499296751424538
19,HALF_CAPACITY,0.05,140,20.4565911136568,0.005,0.004650070324857546,-0.0003499296751424538,flat,0.0003499296751424538
19,HALF_CAPACITY,0.05,116,25.5573015044176,0.005,0.004650126223643679,-0.0003498737763563209,flat,0.0003498737763563209
19,HALF_CAPACITY,0.05,154,34.8286576909439,0.005,0.004650227828619641,-0.0003497721713803595,flat,0.0003497721713803595
19,HALF_CAPACITY,0.05,196,34.8286576909439,0.005,0.004650227828619641,-0.0003497721713803595,flat,0.0003497721713803595
19,HALF_CAPACITY,0.05,40,54.5509096364182,0.005,0.004650443965169083,-0.0003495560348309168,flat,0.0003495560348309168
19,HALF_CAPACITY,0.05,147,54.5509096364182,0.005,0.004650443965169083,-0.0003495560348309168,flat,0.0003495560348309168
19,HALF_CAPACITY,0.05,39,81.8263644546273,0.005,0.004650742877418314,-0.0003492571225816865,flat,0.0003492571225816865
19,HALF_CAPACITY,0.05,108,81.8263644546273,0.005,0.004650742877418314,-0.0003492571225816865,flat,0.0003492571225816865
19,HALF_CAPACITY,0.05,126,104.485973072832,0.005,0.004650991204517674,-0.0003490087954823263,flat,0.0003490087954823263
19,HALF_CAPACITY,0.05,148,118.858039650119,0.005,0.004651148708279768,-0.000348851291720232,flat,0.000348851291720232
19,HALF_CAPACITY,0.05,10,130.135391161494,0.005,0.0046512722969982,-0.00034872770300180007,flat,0.00034872770300180007
19,HALF_CAPACITY,0.05,186,137.021233575028,0.005,0.004651347759081504,-0.00034865224091849573,flat,0.00034865224091849573
19,HALF_CAPACITY,0.05,38,142.461798627415,0.005,0.004651407382341602,-0.0003485926176583984,flat,0.0003485926176583984
19,HALF_CAPACITY,0.05,106,223.750105392689,0.005,0.004652298222504424,-0.00034770177749557634,flat,0.00034770177749557634
19,HALF_CAPACITY,0.05,137,227.198660451587,0.005,0.004652336015287573,-0.00034766398471242684,flat,0.00034766398471242684
19,HALF_CAPACITY,0.05,18,229.795706843412,0.005,0.004652364476370386,-0.0003476355236296143,flat,0.0003476355236296143
19,HALF_CAPACITY,0.05,151,248.282781570409,0.005,0.004652567076588243,-0.00034743292341175673,flat,0.00034743292341175673
19,HALF_CAPACITY,0.05,72,260.270782322988,0.005,0.004652698453325776,-0.0003473015466742245,flat,0.0003473015466742245
19,HALF_CAPACITY,0.05,76,292.712030032828,0.005,0.004653053977601554,-0.00034694602239844583,flat,0.00034694602239844583
19,HALF_CAPACITY,0.05,94,311.802305546108,0.005,0.004653263188308768,-0.00034673681169123186,flat,0.00034673681169123186
19,HALF_CAPACITY,0.05,198,339.192857261944,0.005,0.004653563361907177,-0.0003464366380928228,flat,0.0003464366380928228
19,HALF_CAPACITY,0.05,188,381.358135887828,0.005,0.004654025452030238,-0.0003459745479697622,flat,0.0003459745479697622
19,HALF_CAPACITY,0.05,133,408.443412891964,0.005,0.004654322280117039,-0.00034567771988296137,flat,0.00034567771988296137
19,HALF_CAPACITY,0.05,88,416.33499496536,0.005,0.0046544087641211835,-0.0003455912358788166,flat,0.0003455912358788166
19,HALF_CAPACITY,0.05,164,63440.359862211,0.005,0.005345090300108539,0.00034509030010853887,flat,0.00034509030010853887
19,HALF_CAPACITY,0.05,141,485.525358889922,0.005,0.004655167022688953,-0.00034483297731104697,flat,0.00034483297731104697
19,HALF_CAPACITY,0.05,169,485.866418095377,0.005,0.004655170760363537,-0.00034482923963646307,flat,0.00034482923963646307
19,HALF_CAPACITY,0.05,80,557.108520271014,0.005,0.004655951503971412,-0.00034404849602858844,flat,0.00034404849602858844
19,HALF_CAPACITY,0.05,180,615.493345014584,0.005,0.0046565913444214175,-0.00034340865557858265,flat,0.00034340865557858265
19,HALF_CAPACITY,0.05,75,675.605988614971,0.005,0.0046572501200724745,-0.00034274987992752564,flat,0.00034274987992752564
19,HALF_CAPACITY,0.05,15,686.894135953831,0.005,0.004657373827102593,-0.00034262617289740685,flat,0.00034262617289740685
19,HALF_CAPACITY,0.05,70,63186.9710019511,0.005,0.005342313406573493,0.0003423134065734931,flat,0.0003423134065734931
19,HALF_CAPACITY,0.05,78,716.387698963184,0.005,0.004657697047643394,-0.00034230295235660596,flat,0.00034230295235660596
19,HALF_CAPACITY,0.05,96,716.387698963184,0.005,0.004657697047643394,-0.00034230295235660596,flat,0.00034230295235660596
19,HALF_CAPACITY,0.05,124,716.387698963184,0.005,0.004657697047643394,-0.00034230295235660596,flat,0.00034230295235660596
19,HALF_CAPACITY,0.05,109,743.014450041102,0.005,0.004657988850735494,-0.00034201114926450584,flat,0.00034201114926450584
19,HALF_CAPACITY,0.05,4,762.468599542019,0.005,0.004658202049144941,-0.0003417979508550592,flat,0.0003417979508550592
19,HALF_CAPACITY,0.05,71,816.719285450685,0.005,0.004658796583485626,-0.0003412034165143742,flat,0.0003412034165143742
19,HALF_CAPACITY,0.05,166,831.116765633965,0.005,0.0046589543657559315,-0.0003410456342440686,flat,0.0003410456342440686
19,HALF_CAPACITY,0.05,111,831.203503408759,0.005,0.0046589553163169225,-0.0003410446836830776,flat,0.0003410446836830776
19,HALF_CAPACITY,0.05,193,835.919471932905,0.005,0.004659006998709324,-0.00034099300129067627,flat,0.00034099300129067627
19,HALF_CAPACITY,0.05,179,838.778042623025,0.005,0.004659038325842098,-0.0003409616741579021,flat,0.0003409616741579021
19,HALF_CAPACITY,0.05,68,862.005851596851,0.005,0.004659292879860402,-0.0003407071201395979,flat,0.0003407071201395979
19,HALF_CAPACITY,0.05,35,902.923144125445,0.005,0.004659741293279121,-0.00034025870672087927,flat,0.00034025870672087927
19,HALF_CAPACITY,0.05,91,1161.98903701431,0.005,0.004662580401527115,-0.0003374195984728852,flat,0.0003374195984728852
19,HALF_CAPACITY,0.05,54,1238.81980977645,0.005,0.004663422391486567,-0.00033657760851343345,flat,0.00033657760851343345
19,HALF_CAPACITY,0.05,83,1406.93022214053,0.005,0.004665264716823161,-0.0003347352831768388,flat,0.0003347352831768388
19,HALF_CAPACITY,0.05,73,1526.23671523206,0.005,0.0046665721990424465,-0.0003334278009575536,flat,0.0003334278009575536
19,HALF_CAPACITY,0.05,182,1599.99505396056,0.005,0.004667380518136509,-0.0003326194818634911,flat,0.0003326194818634911
19,HALF_CAPACITY,0.05,185,1715.264308112,0.005,0.004668643756174339,-0.0003313562438256607,flat,0.0003313562438256607
19,HALF_CAPACITY,0.05,175,1729.66573619762,0.005,0.004668801581709785,-0.0003311984182902154,flat,0.0003311984182902154
19,HALF_CAPACITY,0.05,110,1818.1581294645,0.005,0.004669771371599172,-0.000330228628400828,flat,0.000330228628400828
19,HALF_CAPACITY,0.05,27,1908.97470792764,0.005,0.004670766632280129,-0.000329233367719871,flat,0.000329233367719871
19,HALF_CAPACITY,0.05,139,1930.11000049321,0.005,0.004670998254369697,-0.00032900174563030293,flat,0.00032900174563030293
19,HALF_CAPACITY,0.05,31,1967.95084897366,0.005,0.004671412952977198,-0.0003285870470228023,flat,0.0003285870470228023
19,HALF_CAPACITY,0.05,165,2054.59654582293,0.005,0.0046723625048839925,-0.00032763749511600763,flat,0.00032763749511600763
19,HALF_CAPACITY,0.05,191,2651.66318273473,0.005,0.0046789057699759586,-0.00032109423002404155,flat,0.00032109423002404155
19,HALF_CAPACITY,0.05,41,2748.22355516942,0.005,0.004679963977008739,-0.0003200360229912609,flat,0.0003200360229912609
19,HALF_CAPACITY,0.05,187,2790.26587380395,0.005,0.0046804247196108205,-0.00031957528038917965,flat,0.00031957528038917965
19,HALF_CAPACITY,0.05,129,4926.67553423279,0.005,0.004703837675366525,-0.00029616232463347547,flat,0.00029616232463347547
19,HALF_CAPACITY,0.05,121,56308.0230779527,0.005,0.005266926880115811,0.00026692688011581076,flat,0.00026692688011581076
19,HALF_CAPACITY,0.05,200,7981.82649516304,0.005,0.004737319135219547,-0.00026268086478045335,flat,0.00026268086478045335
19,HALF_CAPACITY,0.05,3,8055.22459188714,0.005,0.004738123506414353,-0.0002618764935856475,flat,0.0002618764935856475
19,HALF_CAPACITY,0.05,47,8674.32389258964,0.005,0.004744908227904905,-0.00025509177209509515,flat,0.00025509177209509515
19,HALF_CAPACITY,0.05,58,51044.8080609493,0.005,0.005209247202566926,0.00020924720256692599,flat,0.00020924720256692599
19,HALF_CAPACITY,0.05,48,13105.2797980176,0.005,0.0047934671613766985,-0.0002065328386233016,flat,0.0002065328386233016
19,HALF_CAPACITY,0.05,86,14450.8803546242,0.005,0.00480821362451072,-0.0001917863754892805,flat,0.0001917863754892805
19,HALF_CAPACITY,0.05,113,15192.5001074563,0.005,0.004816341050061271,-0.00018365894993872898,flat,0.00018365894993872898
19,HALF_CAPACITY,0.05,23,47659.9099550446,0.005,0.0051721520372252725,0.0001721520372252724,flat,0.0001721520372252724
19,HALF_CAPACITY,0.05,57,46760.2761237901,0.005,0.005162292932261636,0.0001622929322616356,flat,0.0001622929322616356
19,HALF_CAPACITY,0.05,81,23796.000363686,0.005,0.004910626979662835,-8.937302033716534e-05,flat,8.937302033716534e-05
19,HALF_CAPACITY,0.1,177,564061.203668223,0.005,0.013246850675991722,0.008246850675991721,flat,0.008246850675991721
19,HALF_CAPACITY,0.1,183,536009.670095499,0.005,0.012812096944530997,0.007812096944530997,flat,0.007812096944530997
19,HALF_CAPACITY,0.1,64,484304.009276987,0.005,0.012010742219299559,0.007010742219299559,flat,0.007010742219299559
19,HALF_CAPACITY,0.1,5,467967.976775036,0.005,0.011757559944288658,0.006757559944288658,flat,0.006757559944288658
19,HALF_CAPACITY,0.1,149,467414.22086785,0.005,0.011748977616825407,0.006748977616825407,flat,0.006748977616825407
19,HALF_CAPACITY,0.1,99,467255.26857975,0.005,0.011746514111570103,0.006746514111570103,flat,0.006746514111570103
19,HALF_CAPACITY,0.1,128,452419.416107174,0.005,0.011516582218358929,0.006516582218358929,flat,0.006516582218358929
19,HALF_CAPACITY,0.1,66,352521.747647334,0.005,0.00996832875069925,0.0049683287506992494,flat,0.0049683287506992494
19,HALF_CAPACITY,0.1,144,322712.281008294,0.005,0.00950632987920874,0.0045063298792087396,flat,0.0045063298792087396
19,HALF_CAPACITY,0.1,115,316607.590068484,0.005,0.009411716971197267,0.004411716971197267,flat,0.004411716971197267
19,HALF_CAPACITY,0.1,2,239468.13419692,0.005,0.008216179258577453,0.0032161792585774533,flat,0.0032161792585774533
19,HALF_CAPACITY,0.1,161,217915.940155272,0.005,0.00788215485465385,0.00288215485465385,flat,0.00288215485465385
19,HALF_CAPACITY,0.1,8,177283.245651868,0.005,0.0072524133287989,0.0022524133287988995,flat,0.0022524133287988995
19,HALF_CAPACITY,0.1,168,166766.266127088,0.005,0.007089417031992509,0.002089417031992509,flat,0.002089417031992509
19,HALF_CAPACITY,0.1,119,157819.737342588,0.005,0.006950760200179785,0.0019507602001797852,flat,0.0019507602001797852
19,HALF_CAPACITY,0.1,162,109458.043623601,0.005,0.006201231595992012,0.0012012315959920115,flat,0.0012012315959920115
19,HALF_CAPACITY,0.1,62,99274.4388013463,0.005,0.006043402071815778,0.0010434020718157778,flat,0.0010434020718157778
19,HALF_CAPACITY,0.1,163,95541.7456984807,0.005,0.005985551321850134,0.0009855513218501337,flat,0.0009855513218501337
19,HALF_CAPACITY,0.1,157,79505.2426287746,0.005,0.005737011272121255,0.0007370112721212553,flat,0.0007370112721212553
19,HALF_CAPACITY,0.1,120,76158.2775370533,0.005,0.0056851386870120585,0.0006851386870120584,flat,0.0006851386870120584
19,HALF_CAPACITY,0.1,1,69455.9790877528,0.005,0.005581263822108768,0.0005812638221087676,flat,0.0005812638221087676
19,HALF_CAPACITY,0.1,6,0.0,0.005,0.0045048076632191155,-0.0004951923367808846,flat,0.0004951923367808846
19,HALF_CAPACITY,0.1,7,0.0,0.005,0.0045048076632191155,-0.0004951923367808846,flat,0.0004951923367808846
19,HALF_CAPACITY,0.1,9,0.0,0.005,0.0045048076632191155,-0.0004951923367808846,flat,0.0004951923367808846
19,HALF_CAPACITY,0.1,12,0.0,0.005,0.0045048076632191155,-0.0004951923367808846,flat,0.0004951923367808846
19,HALF_CAPACITY,0.1,13,0.0,0.005,0.0045048076632191155,-0.0004951923367808846,flat,0.0004951923367808846
19,HALF_CAPACITY,0.1,14,0.0,0.005,0.0045048076632191155,-0.0004951923367808846,flat,0.0004951923367808846
19,HALF_CAPACITY,0.1,17,0.0,0.005,0.0045048076632191155,-0.0004951923367808846,flat,0.0004951923367808846
19,HALF_CAPACITY,0.1,19,0.0,0.005,0.0045048076632191155,-0.0004951923367808846,flat,0.0004951923367808846
19,HALF_CAPACITY,0.1,20,0.0,0.005,0.0045048076632191155,-0.0004951923367808846,flat,0.0004951923367808846
19,HALF_CAPACITY,0.1,21,0.0,0.005,0.0045048076632191155,-0.0004951923367808846,flat,0.0004951923367808846
19,HALF_CAPACITY,0.1,22,0.0,0.005,0.0045048076632191155,-0.0004951923367808846,flat,0.0004951923367808846
19,HALF_CAPACITY,0.1,24,0.0,0.005,0.0045048076632191155,-0.0004951923367808846,flat,0.0004951923367808846
19,HALF_CAPACITY,0.1,25,0.0,0.005,0.0045048076632191155,-0.0004951923367808846,flat,0.0004951923367808846
19,HALF_CAPACITY,0.1,26,0.0,0.005,0.0045048076632191155,-0.0004951923367808846,flat,0.0004951923367808846
19,HALF_CAPACITY,0.1,28,0.0,0.005,0.0045048076632191155,-0.0004951923367808846,flat,0.0004951923367808846
19,HALF_CAPACITY,0.1,29,0.0,0.005,0.0045048076632191155,-0.0004951923367808846,flat,0.0004951923367808846
19,HALF_CAPACITY,0.1,30,0.0,0.005,0.0045048076632191155,-0.0004951923367808846,flat,0.0004951923367808846
19,HALF_CAPACITY,0.1,32,0.0,0.005,0.0045048076632191155,-0.0004951923367808846,flat,0.0004951923367808846
19,HALF_CAPACITY,0.1,33,0.0,0.005,0.0045048076632191155,-0.0004951923367808846,flat,0.0004951923367808846
19,HALF_CAPACITY,0.1,34,0.0,0.005,0.0045048076632191155,-0.0004951923367808846,flat,0.0004951923367808846
19,HALF_CAPACITY,0.1,36,0.0,0.005,0.0045048076632191155,-0.0004951923367808846,flat,0.0004951923367808846
19,HALF_CAPACITY,0.1,37,0.0,0.005,0.0045048076632191155,-0.0004951923367808846,flat,0.0004951923367808846
19,HALF_CAPACITY,0.1,42,0.0,0.005,0.0045048076632191155,-0.0004951923367808846,flat,0.0004951923367808846
19,HALF_CAPACITY,0.1,43,0.0,0.005,0.0045048076632191155,-0.0004951923367808846,flat,0.0004951923367808846
19,HALF_CAPACITY,0.1,44,0.0,0.005,0.0045048076632191155,-0.0004951923367808846,flat,0.0004951923367808846
19,HALF_CAPACITY,0.1,45,0.0,0.005,0.0045048076632191155,-0.0004951923367808846,flat,0.0004951923367808846
19,HALF_CAPACITY,0.1,46,0.0,0.005,0.0045048076632191155,-0.0004951923367808846,flat,0.0004951923367808846
19,HALF_CAPACITY,0.1,49,0.0,0.005,0.0045048076632191155,-0.0004951923367808846,flat,0.0004951923367808846
19,HALF_CAPACITY,0.1,50,0.0,0.005,0.0045048076632191155,-0.0004951923367808846,flat,0.0004951923367808846
19,HALF_CAPACITY,0.1,51,0.0,0.005,0.0045048076632191155,-0.0004951923367808846,flat,0.0004951923367808846
19,HALF_CAPACITY,0.1,52,0.0,0.005,0.0045048076632191155,-0.0004951923367808846,flat,0.0004951923367808846
19,HALF_CAPACITY,0.1,53,0.0,0.005,0.0045048076632191155,-0.0004951923367808846,flat,0.0004951923367808846
19,HALF_CAPACITY,0.1,55,0.0,0.005,0.0045048076632191155,-0.0004951923367808846,flat,0.0004951923367808846
19,HALF_CAPACITY,0.1,56,0.0,0.005,0.0045048076632191155,-0.0004951923367808846,flat,0.0004951923367808846
19,HALF_CAPACITY,0.1,59,0.0,0.005,0.0045048076632191155,-0.0004951923367808846,flat,0.0004951923367808846
19,HALF_CAPACITY,0.1,60,0.0,0.005,0.0045048076632191155,-0.0004951923367808846,flat,0.0004951923367808846
19,HALF_CAPACITY,0.1,61,0.0,0.005,0.0045048076632191155,-0.0004951923367808846,flat,0.0004951923367808846
19,HALF_CAPACITY,0.1,63,0.0,0.005,0.0045048076632191155,-0.0004951923367808846,flat,0.0004951923367808846
19,HALF_CAPACITY,0.1,65,0.0,0.005,0.0045048076632191155,-0.0004951923367808846,flat,0.0004951923367808846
19,HALF_CAPACITY,0.1,67,0.0,0.005,0.0045048076632191155,-0.0004951923367808846,flat,0.0004951923367808846
19,HALF_CAPACITY,0.1,69,0.0,0.005,0.0045048076632191155,-0.0004951923367808846,flat,0.0004951923367808846
19,HALF_CAPACITY,0.1,74,0.0,0.005,0.0045048076632191155,-0.0004951923367808846,flat,0.0004951923367808846
19,HALF_CAPACITY,0.1,77,0.0,0.005,0.0045048076632191155,-0.0004951923367808846,flat,0.0004951923367808846
19,HALF_CAPACITY,0.1,79,0.0,0.005,0.0045048076632191155,-0.0004951923367808846,flat,0.0004951923367808846
19,HALF_CAPACITY,0.1,82,0.0,0.005,0.0045048076632191155,-0.0004951923367808846,flat,0.0004951923367808846
19,HALF_CAPACITY,0.1,84,0.0,0.005,0.0045048076632191155,-0.0004951923367808846,flat,0.0004951923367808846
19,HALF_CAPACITY,0.1,85,0.0,0.005,0.0045048076632191155,-0.0004951923367808846,flat,0.0004951923367808846
19,HALF_CAPACITY,0.1,87,0.0,0.005,0.0045048076632191155,-0.0004951923367808846,flat,0.0004951923367808846
19,HALF_CAPACITY,0.1,89,0.0,0.005,0.0045048076632191155,-0.0004951923367808846,flat,0.0004951923367808846
19,HALF_CAPACITY,0.1,90,0.0,0.005,0.0045048076632191155,-0.0004951923367808846,flat,0.0004951923367808846
19,HALF_CAPACITY,0.1,92,0.0,0.005,0.0045048076632191155,-0.0004951923367808846,flat,0.0004951923367808846
19,HALF_CAPACITY,0.1,93,0.0,0.005,0.0045048076632191155,-0.0004951923367808846,flat,0.0004951923367808846
19,HALF_CAPACITY,0.1,95,0.0,0.005,0.0045048076632191155,-0.0004951923367808846,flat,0.0004951923367808846
19,HALF_CAPACITY,0.1,97,0.0,0.005,0.0045048076632191155,-0.0004951923367808846,flat,0.0004951923367808846
19,HALF_CAPACITY,0.1,98,0.0,0.005,0.0045048076632191155,-0.0004951923367808846,flat,0.0004951923367808846
19,HALF_CAPACITY,0.1,100,0.0,0.005,0.0045048076632191155,-0.0004951923367808846,flat,0.0004951923367808846
19,HALF_CAPACITY,0.1,101,0.0,0.005,0.0045048076632191155,-0.0004951923367808846,flat,0.0004951923367808846
19,HALF_CAPACITY,0.1,102,0.0,0.005,0.0045048076632191155,-0.0004951923367808846,flat,0.0004951923367808846
19,HALF_CAPACITY,0.1,103,0.0,0.005,0.0045048076632191155,-0.0004951923367808846,flat,0.0004951923367808846
19,HALF_CAPACITY,0.1,105,0.0,0.005,0.0045048076632191155,-0.0004951923367808846,flat,0.0004951923367808846
19,HALF_CAPACITY,0.1,107,0.0,0.005,0.0045048076632191155,-0.0004951923367808846,flat,0.0004951923367808846
19,HALF_CAPACITY,0.1,112,0.0,0.005,0.0045048076632191155,-0.0004951923367808846,flat,0.0004951923367808846
19,HALF_CAPACITY,0.1,114,0.0,0.005,0.0045048076632191155,-0.0004951923367808846,flat,0.0004951923367808846
19,HALF_CAPACITY,0.1,117,0.0,0.005,0.0045048076632191155,-0.0004951923367808846,flat,0.0004951923367808846
19,HALF_CAPACITY,0.1,118,0.0,0.005,0.0045048076632191155,-0.0004951923367808846,flat,0.0004951923367808846
19,HALF_CAPACITY,0.1,122,0.0,0.005,0.0045048076632191155,-0.0004951923367808846,flat,0.0004951923367808846
19,HALF_CAPACITY,0.1,123,0.0,0.005,0.0045048076632191155,-0.0004951923367808846,flat,0.0004951923367808846
19,HALF_CAPACITY,0.1,125,0.0,0.005,0.0045048076632191155,-0.0004951923367808846,flat,0.0004951923367808846
19,HALF_CAPACITY,0.1,127,0.0,0.005,0.0045048076632191155,-0.0004951923367808846,flat,0.0004951923367808846
19,HALF_CAPACITY,0.1,130,0.0,0.005,0.0045048076632191155,-0.0004951923367808846,flat,0.0004951923367808846
19,HALF_CAPACITY,0.1,131,0.0,0.005,0.0045048076632191155,-0.0004951923367808846,flat,0.0004951923367808846
19,HALF_CAPACITY,0.1,132,0.0,0.005,0.0045048076632191155,-0.0004951923367808846,flat,0.0004951923367808846
19,HALF_CAPACITY,0.1,134,0.0,0.005,0.0045048076632191155,-0.0004951923367808846,flat,0.0004951923367808846
19,HALF_CAPACITY,0.1,135,0.0,0.005,0.0045048076632191155,-0.0004951923367808846,flat,0.0004951923367808846
19,HALF_CAPACITY,0.1,136,0.0,0.005,0.0045048076632191155,-0.0004951923367808846,flat,0.0004951923367808846
19,HALF_CAPACITY,0.1,138,0.0,0.005,0.0045048076632191155,-0.0004951923367808846,flat,0.0004951923367808846
19,HALF_CAPACITY,0.1,142,0.0,0.005,0.0045048076632191155,-0.0004951923367808846,flat,0.0004951923367808846
19,HALF_CAPACITY,0.1,143,0.0,0.005,0.0045048076632191155,-0.0004951923367808846,flat,0.0004951923367808846
19,HALF_CAPACITY,0.1,145,0.0,0.005,0.0045048076632191155,-0.0004951923367808846,flat,0.0004951923367808846
19,HALF_CAPACITY,0.1,146,0.0,0.005,0.0045048076632191155,-0.0004951923367808846,flat,0.0004951923367808846
19,HALF_CAPACITY,0.1,150,0.0,0.005,0.0045048076632191155,-0.0004951923367808846,flat,0.0004951923367808846
19,HALF_CAPACITY,0.1,152,0.0,0.005,0.0045048076632191155,-0.0004951923367808846,flat,0.0004951923367808846
19,HALF_CAPACITY,0.1,153,0.0,0.005,0.0045048076632191155,-0.0004951923367808846,flat,0.0004951923367808846
19,HALF_CAPACITY,0.1,155,0.0,0.005,0.0045048076632191155,-0.0004951923367808846,flat,0.0004951923367808846
19,HALF_CAPACITY,0.1,156,0.0,0.005,0.0045048076632191155,-0.0004951923367808846,flat,0.0004951923367808846
19,HALF_CAPACITY,0.1,158,0.0,0.005,0.0045048076632191155,-0.0004951923367808846,flat,0.0004951923367808846
19,HALF_CAPACITY,0.1,159,0.0,0.005,0.0045048076632191155,-0.0004951923367808846,flat,0.0004951923367808846
19,HALF_CAPACITY,0.1,160,0.0,0.005,0.0045048076632191155,-0.0004951923367808846,flat,0.0004951923367808846
19,HALF_CAPACITY,0.1,167,0.0,0.005,0.0045048076632191155,-0.0004951923367808846,flat,0.0004951923367808846
19,HALF_CAPACITY,0.1,170,0.0,0.005,0.0045048076632191155,-0.0004951923367808846,flat,0.0004951923367808846
19,HALF_CAPACITY,0.1,171,0.0,0.005,0.0045048076632191155,-0.0004951923367808846,flat,0.0004951923367808846
19,HALF_CAPACITY,0.1,172,0.0,0.005,0.0045048076632191155,-0.0004951923367808846,flat,0.0004951923367808846
19,HALF_CAPACITY,0.1,173,0.0,0.005,0.0045048076632191155,-0.0004951923367808846,flat,0.0004951923367808846
19,HALF_CAPACITY,0.1,174,0.0,0.005,0.0045048076632191155,-0.0004951923367808846,flat,0.0004951923367808846
19,HALF_CAPACITY,0.1,176,0.0,0.005,0.0045048076632191155,-0.0004951923367808846,flat,0.0004951923367808846
19,HALF_CAPACITY,0.1,178,0.0,0.005,0.0045048076632191155,-0.0004951923367808846,flat,0.0004951923367808846
19,HALF_CAPACITY,0.1,181,0.0,0.005,0.0045048076632191155,-0.0004951923367808846,flat,0.0004951923367808846
19,HALF_CAPACITY,0.1,184,0.0,0.005,0.0045048076632191155,-0.0004951923367808846,flat,0.0004951923367808846
19,HALF_CAPACITY,0.1,189,0.0,0.005,0.0045048076632191155,-0.0004951923367808846,flat,0.0004951923367808846
19,HALF_CAPACITY,0.1,190,0.0,0.005,0.0045048076632191155,-0.0004951923367808846,flat,0.0004951923367808846
19,HALF_CAPACITY,0.1,192,0.0,0.005,0.0045048076632191155,-0.0004951923367808846,flat,0.0004951923367808846
19,HALF_CAPACITY,0.1,194,0.0,0.005,0.0045048076632191155,-0.0004951923367808846,flat,0.0004951923367808846
19,HALF_CAPACITY,0.1,195,0.0,0.005,0.0045048076632191155,-0.0004951923367808846,flat,0.0004951923367808846
19,HALF_CAPACITY,0.1,197,0.0,0.005,0.0045048076632191155,-0.0004951923367808846,flat,0.0004951923367808846
19,HALF_CAPACITY,0.1,199,0.0,0.005,0.0045048076632191155,-0.0004951923367808846,flat,0.0004951923367808846
19,HALF_CAPACITY,0.1,16,6.88935181921016,0.005,0.0045049144371109235,-0.0004950855628890766,flat,0.0004950855628890766
19,HALF_CAPACITY,0.1,11,20.4565911136568,0.005,0.004505124707536731,-0.0004948752924632694,flat,0.0004948752924632694
19,HALF_CAPACITY,0.1,104,20.4565911136568,0.005,0.004505124707536731,-0.0004948752924632694,flat,0.0004948752924632694
19,HALF_CAPACITY,0.1,140,20.4565911136568,0.005,0.004505124707536731,-0.0004948752924632694,flat,0.0004948752924632694
19,HALF_CAPACITY,0.1,116,25.5573015044176,0.005,0.0045052037603582,-0.0004947962396417999,flat,0.0004947962396417999
19,HALF_CAPACITY,0.1,154,34.8286576909439,0.005,0.004505347451493209,-0.0004946525485067911,flat,0.0004946525485067911
19,HALF_CAPACITY,0.1,196,34.8286576909439,0.005,0.004505347451493209,-0.0004946525485067911,flat,0.0004946525485067911
19,HALF_CAPACITY,0.1,40,54.5509096364182,0.005,0.004505653114732756,-0.0004943468852672437,flat,0.0004943468852672437
19,HALF_CAPACITY,0.1,147,54.5509096364182,0.005,0.004505653114732756,-0.0004943468852672437,flat,0.0004943468852672437
19,HALF_CAPACITY,0.1,39,81.8263644546273,0.005,0.004506075840489576,-0.0004939241595104237,flat,0.0004939241595104237
19,HALF_CAPACITY,0.1,108,81.8263644546273,0.005,0.004506075840489576,-0.0004939241595104237,flat,0.0004939241595104237
19,HALF_CAPACITY,0.1,126,104.485973072832,0.005,0.004506427028041397,-0.0004935729719586033,flat,0.0004935729719586033
19,HALF_CAPACITY,0.1,148,118.858039650119,0.005,0.004506649771997875,-0.000493350228002125,flat,0.000493350228002125
19,HALF_CAPACITY,0.1,10,130.135391161494,0.005,0.004506824552839637,-0.0004931754471603628,flat,0.0004931754471603628
19,HALF_CAPACITY,0.1,186,137.021233575028,0.005,0.004506931272341292,-0.0004930687276587077,flat,0.0004930687276587077
19,HALF_CAPACITY,0.1,38,142.461798627415,0.005,0.004507015592364354,-0.0004929844076356459,flat,0.0004929844076356459
19,HALF_CAPACITY,0.1,106,223.750105392689,0.005,0.004508275430604524,-0.0004917245693954759,flat,0.0004917245693954759
19,HALF_CAPACITY,0.1,137,227.198660451587,0.005,0.004508328877671014,-0.0004916711223289863,flat,0.0004916711223289863
19,HALF_CAPACITY,0.1,18,229.795706843412,0.005,0.004508369127720328,-0.000491630872279672,flat,0.000491630872279672
19,HALF_CAPACITY,0.1,151,248.282781570409,0.005,0.004508655647696162,-0.0004913443523038383,flat,0.0004913443523038383
19,HALF_CAPACITY,0.1,72,260.270782322988,0.005,0.00450884144246016,-0.00049115855753984,flat,0.00049115855753984
19,HALF_CAPACITY,0.1,76,292.712030032828,0.005,0.004509344229712719,-0.0004906557702872814,flat,0.0004906557702872814
19,HALF_CAPACITY,0.1,94,311.802305546108,0.005,0.004509640098332254,-0.0004903599016677458,flat,0.0004903599016677458
19,HALF_CAPACITY,0.1,198,339.192857261944,0.005,0.004510064607906191,-0.0004899353920938092,flat,0.0004899353920938092
19,HALF_CAPACITY,0.1,188,381.358135887828,0.005,0.004510718102025261,-0.0004892818979747391,flat,0.0004892818979747391
19,HALF_CAPACITY,0.1,133,408.443412891964,0.005,0.004511137880331309,-0.0004888621196686913,flat,0.0004888621196686913
19,HALF_CAPACITY,0.1,88,416.33499496536,0.005,0.004511260187182898,-0.000488739812817102,flat,0.000488739812817102
19,HALF_CAPACITY,0.1,164,63440.359862211,0.005,0.005488031382656895,0.00048803138265689477,flat,0.00048803138265689477
19,HALF_CAPACITY,0.1,141,485.525358889922,0.005,0.004512332526733225,-0.0004876674732667754,flat,0.0004876674732667754
19,HALF_CAPACITY,0.1,169,485.866418095377,0.005,0.004512337812603312,-0.00048766218739668826,flat,0.00048766218739668826
19,HALF_CAPACITY,0.1,80,557.108520271014,0.005,0.004513441950802304,-0.00048655804919769605,flat,0.00048655804919769605
19,HALF_CAPACITY,0.1,180,615.493345014584,0.005,0.004514346821844458,-0.00048565317815554235,flat,0.00048565317815554235
19,HALF_CAPACITY,0.1,75,675.605988614971,0.005,0.0045152784713047445,-0.00048472152869525557,flat,0.00048472152869525557
19,HALF_CAPACITY,0.1,15,686.894135953831,0.005,0.004515453419464499,-0.0004845465805355014,flat,0.0004845465805355014
19,HALF_CAPACITY,0.1,70,63186.9710019511,0.005,0.005484104262158367,0.000484104262158367,flat,0.000484104262158367
19,HALF_CAPACITY,0.1,78,716.387698963184,0.005,0.004515910522336937,-0.0004840894776630628,flat,0.0004840894776630628
19,HALF_CAPACITY,0.1,96,716.387698963184,0.005,0.004515910522336937,-0.0004840894776630628,flat,0.0004840894776630628
19,HALF_CAPACITY,0.1,124,716.387698963184,0.005,0.004515910522336937,-0.0004840894776630628,flat,0.0004840894776630628
19,HALF_CAPACITY,0.1,109,743.014450041102,0.005,0.004516323194227327,-0.00048367680577267314,flat,0.00048367680577267314
19,HALF_CAPACITY,0.1,4,762.468599542019,0.005,0.004516624702309444,-0.00048337529769055653,flat,0.00048337529769055653
19,HALF_CAPACITY,0.1,71,816.719285450685,0.005,0.004517465500837337,-0.0004825344991626632,flat,0.0004825344991626632
19,HALF_CAPACITY,0.1,166,831.116765633965,0.005,0.0045176886386639045,-0.0004823113613360956,flat,0.0004823113613360956
19,HALF_CAPACITY,0.1,111,831.203503408759,0.005,0.004517689982960149,-0.000482310017039851,flat,0.000482310017039851
19,HALF_CAPACITY,0.1,193,835.919471932905,0.005,0.00451776307290042,-0.00048223692709957987,flat,0.00048223692709957987
19,HALF_CAPACITY,0.1,179,838.778042623025,0.005,0.00451780737615646,-0.0004821926238435404,flat,0.0004821926238435404
19,HALF_CAPACITY,0.1,68,862.005851596851,0.005,0.004518167369901502,-0.0004818326300984983,flat,0.0004818326300984983
19,HALF_CAPACITY,0.1,35,902.923144125445,0.005,0.004518801522239803,-0.00048119847776019724,flat,0.00048119847776019724
19,HALF_CAPACITY,0.1,91,1161.98903701431,0.005,0.004522816627629162,-0.0004771833723708381,flat,0.0004771833723708381
19,HALF_CAPACITY,0.1,54,1238.81980977645,0.005,0.004524007381249201,-0.00047599261875079946,flat,0.00047599261875079946
19,HALF_CAPACITY,0.1,83,1406.93022214053,0.005,0.004526612822726516,-0.0004733871772734837,flat,0.0004733871772734837
19,HALF_CAPACITY,0.1,73,1526.23671523206,0.005,0.004528461881813591,-0.0004715381181864091,flat,0.0004715381181864091
19,HALF_CAPACITY,0.1,182,1599.99505396056,0.005,0.00452960501763914,-0.00047039498236086004,flat,0.00047039498236086004
19,HALF_CAPACITY,0.1,185,1715.264308112,0.005,0.004531391506004744,-0.00046860849399525586,flat,0.00046860849399525586
19,HALF_CAPACITY,0.1,175,1729.66573619762,0.005,0.00453161470501746,-0.0004683852949825401,flat,0.0004683852949825401
19,HALF_CAPACITY,0.1,110,1818.1581294645,0.005,0.004532986195031684,-0.00046701380496831646,flat,0.00046701380496831646
19,HALF_CAPACITY,0.1,27,1908.97470792764,0.005,0.004534393706184791,-0.0004656062938152095,flat,0.0004656062938152095
19,HALF_CAPACITY,0.1,139,1930.11000049321,0.005,0.004534721269285203,-0.0004652787307147972,flat,0.0004652787307147972
19,HALF_CAPACITY,0.1,31,1967.95084897366,0.005,0.004535307741680227,-0.00046469225831977275,flat,0.00046469225831977275
19,HALF_CAPACITY,0.1,165,2054.59654582293,0.005,0.004536650610864993,-0.00046334938913500726,flat,0.00046334938913500726
19,HALF_CAPACITY,0.1,191,2651.66318273473,0.005,0.004545904185100254,-0.0004540958148997465,flat,0.0004540958148997465
19,HALF_CAPACITY,0.1,41,2748.22355516942,0.005,0.004547400715837812,-0.0004525992841621883,flat,0.0004525992841621883
19,HALF_CAPACITY,0.1,187,2790.26587380395,0.005,0.0045480523042744385,-0.00045194769572556165,flat,0.00045194769572556165
19,HALF_CAPACITY,0.1,129,4926.67553423279,0.005,0.004581163223839396,-0.0004188367761606042,flat,0.0004188367761606042
19,HALF_CAPACITY,0.1,121,56308.0230779527,0.005,0.005377491614021715,0.0003774916140217152,flat,0.0003774916140217152
19,HALF_CAPACITY,0.1,200,7981.82649516304,0.005,0.00462851315845159,-0.0003714868415484098,flat,0.0003714868415484098
19,HALF_CAPACITY,0.1,3,8055.22459188714,0.005,0.004629650711104467,-0.0003703492888955332,flat,0.0003703492888955332
19,HALF_CAPACITY,0.1,47,8674.32389258964,0.005,0.00463924575625333,-0.00036075424374667,flat,0.00036075424374667
19,HALF_CAPACITY,0.1,58,51044.8080609493,0.005,0.005295920231758775,0.00029592023175877523,flat,0.00029592023175877523
19,HALF_CAPACITY,0.1,48,13105.2797980176,0.005,0.004707918458543512,-0.00029208154145648774,flat,0.00029208154145648774
19,HALF_CAPACITY,0.1,86,14450.8803546242,0.005,0.004728773106704681,-0.00027122689329531907,flat,0.00027122689329531907
19,HALF_CAPACITY,0.1,113,15192.5001074563,0.005,0.004740267022145448,-0.00025973297785455204,flat,0.00025973297785455204
19,HALF_CAPACITY,0.1,23,47659.9099550446,0.005,0.005243459745834137,0.0002434597458341372,flat,0.0002434597458341372
19,HALF_CAPACITY,0.1,57,46760.2761237901,0.005,0.005229516865881702,0.0002295168658817022,flat,0.0002295168658817022
19,HALF_CAPACITY,0.1,81,23796.000363686,0.005,0.004873607462528934,-0.00012639253747106626,flat,0.00012639253747106626
19,STEP03YF_PERIOD_R2000,0.001,177,505385.976281722,0.005,0.006329253985073443,0.0013292539850734428,flat,0.0013292539850734428
19,STEP03YF_PERIOD_R2000,0.001,64,484302.978044169,0.005,0.006272269662174175,0.0012722696621741752,flat,0.0012722696621741752
19,STEP03YF_PERIOD_R2000,0.001,183,260538.359060344,0.005,0.0056674659640505625,0.0006674659640505624,flat,0.0006674659640505624
19,STEP03YF_PERIOD_R2000,0.001,144,195623.709782095,0.005,0.005492010969761585,0.0004920109697615846,flat,0.0004920109697615846
19,STEP03YF_PERIOD_R2000,0.001,128,182154.667573587,0.005,0.0054556060788772155,0.0004556060788772154,flat,0.0004556060788772154
19,STEP03YF_PERIOD_R2000,0.001,66,152656.422590965,0.005,0.00537587654998804,0.00037587654998804017,flat,0.00037587654998804017
19,STEP03YF_PERIOD_R2000,0.001,149,141984.077658984,0.005,0.005347030731056409,0.0003470307310564089,flat,0.0003470307310564089
19,STEP03YF_PERIOD_R2000,0.001,161,111582.713597606,0.005,0.005264860200720455,0.0002648602007204546,flat,0.0002648602007204546
19,STEP03YF_PERIOD_R2000,0.001,163,95501.4807451739,0.005,0.005221394932870219,0.0002213949328702192,flat,0.0002213949328702192
19,STEP03YF_PERIOD_R2000,0.001,5,72684.7147344904,0.005,0.005159724484140878,0.00015972448414087754,flat,0.00015972448414087754
19,STEP03YF_PERIOD_R2000,0.001,162,72005.6447968343,0.005,0.005157889055414728,0.00015788905541472796,flat,0.00015788905541472796
19,STEP03YF_PERIOD_R2000,0.001,1,69071.6751406991,0.005,0.005149958955891973,0.00014995895589197273,flat,0.00014995895589197273
19,STEP03YF_PERIOD_R2000,0.001,2,62372.6108852693,0.005,0.0051318523452309524,0.00013185234523095234,flat,0.00013185234523095234
19,STEP03YF_PERIOD_R2000,0.001,121,56042.7930571794,0.005,0.005114743754747512,0.0001147437547475115,flat,0.0001147437547475115
19,STEP03YF_PERIOD_R2000,0.001,57,46760.2761237901,0.005,0.005089654441724282,8.965444172428193e-05,flat,8.965444172428193e-05
19,STEP03YF_PERIOD_R2000,0.001,99,33507.7310491014,0.005,0.005053834711567116,5.3834711567115993e-05,flat,5.3834711567115993e-05
19,STEP03YF_PERIOD_R2000,0.001,6,0.0,0.005,0.004963268116426832,-3.673188357316767e-05,flat,3.673188357316767e-05
19,STEP03YF_PERIOD_R2000,0.001,7,0.0,0.005,0.004963268116426832,-3.673188357316767e-05,flat,3.673188357316767e-05
19,STEP03YF_PERIOD_R2000,0.001,9,0.0,0.005,0.004963268116426832,-3.673188357316767e-05,flat,3.673188357316767e-05
19,STEP03YF_PERIOD_R2000,0.001,12,0.0,0.005,0.004963268116426832,-3.673188357316767e-05,flat,3.673188357316767e-05
19,STEP03YF_PERIOD_R2000,0.001,13,0.0,0.005,0.004963268116426832,-3.673188357316767e-05,flat,3.673188357316767e-05
19,STEP03YF_PERIOD_R2000,0.001,14,0.0,0.005,0.004963268116426832,-3.673188357316767e-05,flat,3.673188357316767e-05
19,STEP03YF_PERIOD_R2000,0.001,17,0.0,0.005,0.004963268116426832,-3.673188357316767e-05,flat,3.673188357316767e-05
19,STEP03YF_PERIOD_R2000,0.001,19,0.0,0.005,0.004963268116426832,-3.673188357316767e-05,flat,3.673188357316767e-05
19,STEP03YF_PERIOD_R2000,0.001,20,0.0,0.005,0.004963268116426832,-3.673188357316767e-05,flat,3.673188357316767e-05
19,STEP03YF_PERIOD_R2000,0.001,21,0.0,0.005,0.004963268116426832,-3.673188357316767e-05,flat,3.673188357316767e-05
19,STEP03YF_PERIOD_R2000,0.001,22,0.0,0.005,0.004963268116426832,-3.673188357316767e-05,flat,3.673188357316767e-05
19,STEP03YF_PERIOD_R2000,0.001,24,0.0,0.005,0.004963268116426832,-3.673188357316767e-05,flat,3.673188357316767e-05
19,STEP03YF_PERIOD_R2000,0.001,25,0.0,0.005,0.004963268116426832,-3.673188357316767e-05,flat,3.673188357316767e-05
19,STEP03YF_PERIOD_R2000,0.001,26,0.0,0.005,0.004963268116426832,-3.673188357316767e-05,flat,3.673188357316767e-05
19,STEP03YF_PERIOD_R2000,0.001,28,0.0,0.005,0.004963268116426832,-3.673188357316767e-05,flat,3.673188357316767e-05
19,STEP03YF_PERIOD_R2000,0.001,29,0.0,0.005,0.004963268116426832,-3.673188357316767e-05,flat,3.673188357316767e-05
19,STEP03YF_PERIOD_R2000,0.001,30,0.0,0.005,0.004963268116426832,-3.673188357316767e-05,flat,3.673188357316767e-05
19,STEP03YF_PERIOD_R2000,0.001,32,0.0,0.005,0.004963268116426832,-3.673188357316767e-05,flat,3.673188357316767e-05
19,STEP03YF_PERIOD_R2000,0.001,33,0.0,0.005,0.004963268116426832,-3.673188357316767e-05,flat,3.673188357316767e-05
19,STEP03YF_PERIOD_R2000,0.001,34,0.0,0.005,0.004963268116426832,-3.673188357316767e-05,flat,3.673188357316767e-05
19,STEP03YF_PERIOD_R2000,0.001,36,0.0,0.005,0.004963268116426832,-3.673188357316767e-05,flat,3.673188357316767e-05
19,STEP03YF_PERIOD_R2000,0.001,37,0.0,0.005,0.004963268116426832,-3.673188357316767e-05,flat,3.673188357316767e-05
19,STEP03YF_PERIOD_R2000,0.001,42,0.0,0.005,0.004963268116426832,-3.673188357316767e-05,flat,3.673188357316767e-05
19,STEP03YF_PERIOD_R2000,0.001,43,0.0,0.005,0.004963268116426832,-3.673188357316767e-05,flat,3.673188357316767e-05
19,STEP03YF_PERIOD_R2000,0.001,44,0.0,0.005,0.004963268116426832,-3.673188357316767e-05,flat,3.673188357316767e-05
19,STEP03YF_PERIOD_R2000,0.001,45,0.0,0.005,0.004963268116426832,-3.673188357316767e-05,flat,3.673188357316767e-05
19,STEP03YF_PERIOD_R2000,0.001,46,0.0,0.005,0.004963268116426832,-3.673188357316767e-05,flat,3.673188357316767e-05
19,STEP03YF_PERIOD_R2000,0.001,49,0.0,0.005,0.004963268116426832,-3.673188357316767e-05,flat,3.673188357316767e-05
19,STEP03YF_PERIOD_R2000,0.001,50,0.0,0.005,0.004963268116426832,-3.673188357316767e-05,flat,3.673188357316767e-05
19,STEP03YF_PERIOD_R2000,0.001,51,0.0,0.005,0.004963268116426832,-3.673188357316767e-05,flat,3.673188357316767e-05
19,STEP03YF_PERIOD_R2000,0.001,52,0.0,0.005,0.004963268116426832,-3.673188357316767e-05,flat,3.673188357316767e-05
19,STEP03YF_PERIOD_R2000,0.001,53,0.0,0.005,0.004963268116426832,-3.673188357316767e-05,flat,3.673188357316767e-05
19,STEP03YF_PERIOD_R2000,0.001,55,0.0,0.005,0.004963268116426832,-3.673188357316767e-05,flat,3.673188357316767e-05
19,STEP03YF_PERIOD_R2000,0.001,56,0.0,0.005,0.004963268116426832,-3.673188357316767e-05,flat,3.673188357316767e-05
19,STEP03YF_PERIOD_R2000,0.001,59,0.0,0.005,0.004963268116426832,-3.673188357316767e-05,flat,3.673188357316767e-05
19,STEP03YF_PERIOD_R2000,0.001,60,0.0,0.005,0.004963268116426832,-3.673188357316767e-05,flat,3.673188357316767e-05
19,STEP03YF_PERIOD_R2000,0.001,61,0.0,0.005,0.004963268116426832,-3.673188357316767e-05,flat,3.673188357316767e-05
19,STEP03YF_PERIOD_R2000,0.001,63,0.0,0.005,0.004963268116426832,-3.673188357316767e-05,flat,3.673188357316767e-05
19,STEP03YF_PERIOD_R2000,0.001,65,0.0,0.005,0.004963268116426832,-3.673188357316767e-05,flat,3.673188357316767e-05
19,STEP03YF_PERIOD_R2000,0.001,67,0.0,0.005,0.004963268116426832,-3.673188357316767e-05,flat,3.673188357316767e-05
19,STEP03YF_PERIOD_R2000,0.001,69,0.0,0.005,0.004963268116426832,-3.673188357316767e-05,flat,3.673188357316767e-05
19,STEP03YF_PERIOD_R2000,0.001,74,0.0,0.005,0.004963268116426832,-3.673188357316767e-05,flat,3.673188357316767e-05
19,STEP03YF_PERIOD_R2000,0.001,77,0.0,0.005,0.004963268116426832,-3.673188357316767e-05,flat,3.673188357316767e-05
19,STEP03YF_PERIOD_R2000,0.001,79,0.0,0.005,0.004963268116426832,-3.673188357316767e-05,flat,3.673188357316767e-05
19,STEP03YF_PERIOD_R2000,0.001,82,0.0,0.005,0.004963268116426832,-3.673188357316767e-05,flat,3.673188357316767e-05
19,STEP03YF_PERIOD_R2000,0.001,84,0.0,0.005,0.004963268116426832,-3.673188357316767e-05,flat,3.673188357316767e-05
19,STEP03YF_PERIOD_R2000,0.001,85,0.0,0.005,0.004963268116426832,-3.673188357316767e-05,flat,3.673188357316767e-05
19,STEP03YF_PERIOD_R2000,0.001,87,0.0,0.005,0.004963268116426832,-3.673188357316767e-05,flat,3.673188357316767e-05
19,STEP03YF_PERIOD_R2000,0.001,89,0.0,0.005,0.004963268116426832,-3.673188357316767e-05,flat,3.673188357316767e-05
19,STEP03YF_PERIOD_R2000,0.001,90,0.0,0.005,0.004963268116426832,-3.673188357316767e-05,flat,3.673188357316767e-05
19,STEP03YF_PERIOD_R2000,0.001,92,0.0,0.005,0.004963268116426832,-3.673188357316767e-05,flat,3.673188357316767e-05
19,STEP03YF_PERIOD_R2000,0.001,93,0.0,0.005,0.004963268116426832,-3.673188357316767e-05,flat,3.673188357316767e-05
19,STEP03YF_PERIOD_R2000,0.001,95,0.0,0.005,0.004963268116426832,-3.673188357316767e-05,flat,3.673188357316767e-05
19,STEP03YF_PERIOD_R2000,0.001,97,0.0,0.005,0.004963268116426832,-3.673188357316767e-05,flat,3.673188357316767e-05
19,STEP03YF_PERIOD_R2000,0.001,98,0.0,0.005,0.004963268116426832,-3.673188357316767e-05,flat,3.673188357316767e-05
19,STEP03YF_PERIOD_R2000,0.001,100,0.0,0.005,0.004963268116426832,-3.673188357316767e-05,flat,3.673188357316767e-05
19,STEP03YF_PERIOD_R2000,0.001,101,0.0,0.005,0.004963268116426832,-3.673188357316767e-05,flat,3.673188357316767e-05
19,STEP03YF_PERIOD_R2000,0.001,102,0.0,0.005,0.004963268116426832,-3.673188357316767e-05,flat,3.673188357316767e-05
19,STEP03YF_PERIOD_R2000,0.001,103,0.0,0.005,0.004963268116426832,-3.673188357316767e-05,flat,3.673188357316767e-05
19,STEP03YF_PERIOD_R2000,0.001,105,0.0,0.005,0.004963268116426832,-3.673188357316767e-05,flat,3.673188357316767e-05
19,STEP03YF_PERIOD_R2000,0.001,107,0.0,0.005,0.004963268116426832,-3.673188357316767e-05,flat,3.673188357316767e-05
19,STEP03YF_PERIOD_R2000,0.001,112,0.0,0.005,0.004963268116426832,-3.673188357316767e-05,flat,3.673188357316767e-05
19,STEP03YF_PERIOD_R2000,0.001,114,0.0,0.005,0.004963268116426832,-3.673188357316767e-05,flat,3.673188357316767e-05
19,STEP03YF_PERIOD_R2000,0.001,117,0.0,0.005,0.004963268116426832,-3.673188357316767e-05,flat,3.673188357316767e-05
19,STEP03YF_PERIOD_R2000,0.001,118,0.0,0.005,0.004963268116426832,-3.673188357316767e-05,flat,3.673188357316767e-05
19,STEP03YF_PERIOD_R2000,0.001,122,0.0,0.005,0.004963268116426832,-3.673188357316767e-05,flat,3.673188357316767e-05
19,STEP03YF_PERIOD_R2000,0.001,123,0.0,0.005,0.004963268116426832,-3.673188357316767e-05,flat,3.673188357316767e-05
19,STEP03YF_PERIOD_R2000,0.001,125,0.0,0.005,0.004963268116426832,-3.673188357316767e-05,flat,3.673188357316767e-05
19,STEP03YF_PERIOD_R2000,0.001,127,0.0,0.005,0.004963268116426832,-3.673188357316767e-05,flat,3.673188357316767e-05
19,STEP03YF_PERIOD_R2000,0.001,130,0.0,0.005,0.004963268116426832,-3.673188357316767e-05,flat,3.673188357316767e-05
19,STEP03YF_PERIOD_R2000,0.001,131,0.0,0.005,0.004963268116426832,-3.673188357316767e-05,flat,3.673188357316767e-05
19,STEP03YF_PERIOD_R2000,0.001,132,0.0,0.005,0.004963268116426832,-3.673188357316767e-05,flat,3.673188357316767e-05
19,STEP03YF_PERIOD_R2000,0.001,134,0.0,0.005,0.004963268116426832,-3.673188357316767e-05,flat,3.673188357316767e-05
19,STEP03YF_PERIOD_R2000,0.001,135,0.0,0.005,0.004963268116426832,-3.673188357316767e-05,flat,3.673188357316767e-05
19,STEP03YF_PERIOD_R2000,0.001,136,0.0,0.005,0.004963268116426832,-3.673188357316767e-05,flat,3.673188357316767e-05
19,STEP03YF_PERIOD_R2000,0.001,138,0.0,0.005,0.004963268116426832,-3.673188357316767e-05,flat,3.673188357316767e-05
19,STEP03YF_PERIOD_R2000,0.001,142,0.0,0.005,0.004963268116426832,-3.673188357316767e-05,flat,3.673188357316767e-05
19,STEP03YF_PERIOD_R2000,0.001,143,0.0,0.005,0.004963268116426832,-3.673188357316767e-05,flat,3.673188357316767e-05
19,STEP03YF_PERIOD_R2000,0.001,145,0.0,0.005,0.004963268116426832,-3.673188357316767e-05,flat,3.673188357316767e-05
19,STEP03YF_PERIOD_R2000,0.001,146,0.0,0.005,0.004963268116426832,-3.673188357316767e-05,flat,3.673188357316767e-05
19,STEP03YF_PERIOD_R2000,0.001,150,0.0,0.005,0.004963268116426832,-3.673188357316767e-05,flat,3.673188357316767e-05
19,STEP03YF_PERIOD_R2000,0.001,152,0.0,0.005,0.004963268116426832,-3.673188357316767e-05,flat,3.673188357316767e-05
19,STEP03YF_PERIOD_R2000,0.001,153,0.0,0.005,0.004963268116426832,-3.673188357316767e-05,flat,3.673188357316767e-05
19,STEP03YF_PERIOD_R2000,0.001,155,0.0,0.005,0.004963268116426832,-3.673188357316767e-05,flat,3.673188357316767e-05
19,STEP03YF_PERIOD_R2000,0.001,156,0.0,0.005,0.004963268116426832,-3.673188357316767e-05,flat,3.673188357316767e-05
19,STEP03YF_PERIOD_R2000,0.001,158,0.0,0.005,0.004963268116426832,-3.673188357316767e-05,flat,3.673188357316767e-05
19,STEP03YF_PERIOD_R2000,0.001,159,0.0,0.005,0.004963268116426832,-3.673188357316767e-05,flat,3.673188357316767e-05
19,STEP03YF_PERIOD_R2000,0.001,160,0.0,0.005,0.004963268116426832,-3.673188357316767e-05,flat,3.673188357316767e-05
19,STEP03YF_PERIOD_R2000,0.001,167,0.0,0.005,0.004963268116426832,-3.673188357316767e-05,flat,3.673188357316767e-05
19,STEP03YF_PERIOD_R2000,0.001,170,0.0,0.005,0.004963268116426832,-3.673188357316767e-05,flat,3.673188357316767e-05
19,STEP03YF_PERIOD_R2000,0.001,171,0.0,0.005,0.004963268116426832,-3.673188357316767e-05,flat,3.673188357316767e-05
19,STEP03YF_PERIOD_R2000,0.001,172,0.0,0.005,0.004963268116426832,-3.673188357316767e-05,flat,3.673188357316767e-05
19,STEP03YF_PERIOD_R2000,0.001,173,0.0,0.005,0.004963268116426832,-3.673188357316767e-05,flat,3.673188357316767e-05
19,STEP03YF_PERIOD_R2000,0.001,174,0.0,0.005,0.004963268116426832,-3.673188357316767e-05,flat,3.673188357316767e-05
19,STEP03YF_PERIOD_R2000,0.001,176,0.0,0.005,0.004963268116426832,-3.673188357316767e-05,flat,3.673188357316767e-05
19,STEP03YF_PERIOD_R2000,0.001,178,0.0,0.005,0.004963268116426832,-3.673188357316767e-05,flat,3.673188357316767e-05
19,STEP03YF_PERIOD_R2000,0.001,181,0.0,0.005,0.004963268116426832,-3.673188357316767e-05,flat,3.673188357316767e-05
19,STEP03YF_PERIOD_R2000,0.001,184,0.0,0.005,0.004963268116426832,-3.673188357316767e-05,flat,3.673188357316767e-05
19,STEP03YF_PERIOD_R2000,0.001,189,0.0,0.005,0.004963268116426832,-3.673188357316767e-05,flat,3.673188357316767e-05
19,STEP03YF_PERIOD_R2000,0.001,190,0.0,0.005,0.004963268116426832,-3.673188357316767e-05,flat,3.673188357316767e-05
19,STEP03YF_PERIOD_R2000,0.001,192,0.0,0.005,0.004963268116426832,-3.673188357316767e-05,flat,3.673188357316767e-05
19,STEP03YF_PERIOD_R2000,0.001,194,0.0,0.005,0.004963268116426832,-3.673188357316767e-05,flat,3.673188357316767e-05
19,STEP03YF_PERIOD_R2000,0.001,195,0.0,0.005,0.004963268116426832,-3.673188357316767e-05,flat,3.673188357316767e-05
19,STEP03YF_PERIOD_R2000,0.001,197,0.0,0.005,0.004963268116426832,-3.673188357316767e-05,flat,3.673188357316767e-05
19,STEP03YF_PERIOD_R2000,0.001,199,0.0,0.005,0.004963268116426832,-3.673188357316767e-05,flat,3.673188357316767e-05
19,STEP03YF_PERIOD_R2000,0.001,16,6.88935181921016,0.005,0.004963286737357509,-3.671326264249094e-05,flat,3.671326264249094e-05
19,STEP03YF_PERIOD_R2000,0.001,11,20.4565911136568,0.005,0.004963323407661044,-3.6676592338955906e-05,flat,3.6676592338955906e-05
19,STEP03YF_PERIOD_R2000,0.001,104,20.4565911136568,0.005,0.004963323407661044,-3.6676592338955906e-05,flat,3.6676592338955906e-05
19,STEP03YF_PERIOD_R2000,0.001,140,20.4565911136568,0.005,0.004963323407661044,-3.6676592338955906e-05,flat,3.6676592338955906e-05
19,STEP03YF_PERIOD_R2000,0.001,116,25.5573015044176,0.005,0.004963337194150264,-3.6662805849735705e-05,flat,3.6662805849735705e-05
19,STEP03YF_PERIOD_R2000,0.001,154,34.8286576909439,0.005,0.004963362253297388,-3.663774670261202e-05,flat,3.663774670261202e-05
19,STEP03YF_PERIOD_R2000,0.001,196,34.8286576909439,0.005,0.004963362253297388,-3.663774670261202e-05,flat,3.663774670261202e-05
19,STEP03YF_PERIOD_R2000,0.001,40,54.5509096364182,0.005,0.004963415559718064,-3.6584440281936005e-05,flat,3.6584440281936005e-05
19,STEP03YF_PERIOD_R2000,0.001,147,54.5509096364182,0.005,0.004963415559718064,-3.6584440281936005e-05,flat,3.6584440281936005e-05
19,STEP03YF_PERIOD_R2000,0.001,39,81.8263644546273,0.005,0.0049634892813636795,-3.6510718636320605e-05,flat,3.6510718636320605e-05
19,STEP03YF_PERIOD_R2000,0.001,108,81.8263644546273,0.005,0.0049634892813636795,-3.6510718636320605e-05,flat,3.6510718636320605e-05
19,STEP03YF_PERIOD_R2000,0.001,126,104.485973072832,0.005,0.0049635505270384985,-3.644947296150159e-05,flat,3.644947296150159e-05
19,STEP03YF_PERIOD_R2000,0.001,148,118.858039650119,0.005,0.004963589372674842,-3.641062732515771e-05,flat,3.641062732515771e-05
19,STEP03YF_PERIOD_R2000,0.001,10,130.135391161494,0.005,0.004963619853739856,-3.638014626014367e-05,flat,3.638014626014367e-05
19,STEP03YF_PERIOD_R2000,0.001,186,137.021233575028,0.005,0.004963638465185112,-3.636153481488807e-05,flat,3.636153481488807e-05
19,STEP03YF_PERIOD_R2000,0.001,38,142.461798627415,0.005,0.004963653170252779,-3.634682974722105e-05,flat,3.634682974722105e-05
19,STEP03YF_PERIOD_R2000,0.001,106,223.750105392689,0.005,0.004963872880896799,-3.6127119103200774e-05,flat,3.6127119103200774e-05
19,STEP03YF_PERIOD_R2000,0.001,137,227.198660451587,0.005,0.004963882201846922,-3.6117798153077925e-05,flat,3.6117798153077925e-05
19,STEP03YF_PERIOD_R2000,0.001,18,229.795706843412,0.005,0.004963889221291145,-3.6110778708855e-05,flat,3.6110778708855e-05
19,STEP03YF_PERIOD_R2000,0.001,151,248.282781570409,0.005,0.004963939189204809,-3.606081079519149e-05,flat,3.606081079519149e-05
19,STEP03YF_PERIOD_R2000,0.001,72,260.270782322988,0.005,0.00496397159105288,-3.602840894711967e-05,flat,3.602840894711967e-05
19,STEP03YF_PERIOD_R2000,0.001,76,292.712030032828,0.005,0.004964059275096389,-3.5940724903611027e-05,flat,3.5940724903611027e-05
19,STEP03YF_PERIOD_R2000,0.001,88,295.949216231572,0.005,0.0049640680247467735,-3.59319752532266e-05,flat,3.59319752532266e-05
19,STEP03YF_PERIOD_R2000,0.001,94,311.802305546108,0.005,0.0049641108733753355,-3.588912662466463e-05,flat,3.588912662466463e-05
19,STEP03YF_PERIOD_R2000,0.001,198,339.192857261944,0.005,0.004964184906111372,-3.581509388862845e-05,flat,3.581509388862845e-05
19,STEP03YF_PERIOD_R2000,0.001,188,381.358135887828,0.005,0.004964298872816926,-3.570112718307393e-05,flat,3.570112718307393e-05
19,STEP03YF_PERIOD_R2000,0.001,133,408.443412891964,0.005,0.004964372080439164,-3.562791956083621e-05,flat,3.562791956083621e-05
19,STEP03YF_PERIOD_R2000,0.001,141,485.525358889922,0.005,0.00496458042189283,-3.541957810716985e-05,flat,3.541957810716985e-05
19,STEP03YF_PERIOD_R2000,0.001,169,485.866418095377,0.005,0.004964581343726987,-3.54186562730131e-05,flat,3.54186562730131e-05
19,STEP03YF_PERIOD_R2000,0.001,80,557.108520271014,0.005,0.00496477390091969,-3.522609908031011e-05,flat,3.522609908031011e-05
19,STEP03YF_PERIOD_R2000,0.001,83,558.150220616467,0.005,0.004964776716486441,-3.522328351355901e-05,flat,3.522328351355901e-05
19,STEP03YF_PERIOD_R2000,0.001,180,615.493345014584,0.005,0.00496493170673403,-3.5068293265969747e-05,flat,3.5068293265969747e-05
19,STEP03YF_PERIOD_R2000,0.001,15,630.535081480176,0.005,0.0049649723623921135,-3.50276376078866e-05,flat,3.50276376078866e-05
19,STEP03YF_PERIOD_R2000,0.001,75,675.605988614971,0.005,0.004965094182595132,-3.4905817404867756e-05,flat,3.4905817404867756e-05
19,STEP03YF_PERIOD_R2000,0.001,111,677.138024304688,0.005,0.00496509832346805,-3.490167653194976e-05,flat,3.490167653194976e-05
19,STEP03YF_PERIOD_R2000,0.001,78,716.387698963184,0.005,0.004965204409713907,-3.4795590286093234e-05,flat,3.4795590286093234e-05
19,STEP03YF_PERIOD_R2000,0.001,96,716.387698963184,0.005,0.004965204409713907,-3.4795590286093234e-05,flat,3.4795590286093234e-05
19,STEP03YF_PERIOD_R2000,0.001,124,716.387698963184,0.005,0.004965204409713907,-3.4795590286093234e-05,flat,3.4795590286093234e-05
19,STEP03YF_PERIOD_R2000,0.001,109,743.014450041102,0.005,0.004965276378006277,-3.472362199372341e-05,flat,3.472362199372341e-05
19,STEP03YF_PERIOD_R2000,0.001,4,762.468599542019,0.005,0.004965328959784466,-3.4671040215534035e-05,flat,3.4671040215534035e-05
19,STEP03YF_PERIOD_R2000,0.001,71,816.719285450685,0.005,0.004965475591613985,-3.4524408386015296e-05,flat,3.4524408386015296e-05
19,STEP03YF_PERIOD_R2000,0.001,166,831.116765633965,0.005,0.004965514505939664,-3.448549406033594e-05,flat,3.448549406033594e-05
19,STEP03YF_PERIOD_R2000,0.001,193,835.919471932905,0.005,0.0049655274869665296,-3.447251303347054e-05,flat,3.447251303347054e-05
19,STEP03YF_PERIOD_R2000,0.001,179,838.778042623025,0.005,0.004965535213273452,-3.4464786726548166e-05,flat,3.4464786726548166e-05
19,STEP03YF_PERIOD_R2000,0.001,68,862.005851596851,0.005,0.004965597994712406,-3.4402005287594364e-05,flat,3.4402005287594364e-05
19,STEP03YF_PERIOD_R2000,0.001,35,902.923144125445,0.005,0.004965708588290384,-3.4291411709615714e-05,flat,3.4291411709615714e-05
19,STEP03YF_PERIOD_R2000,0.001,27,1042.23880433781,0.005,0.004966085138555058,-3.391486144494176e-05,flat,3.391486144494176e-05
19,STEP03YF_PERIOD_R2000,0.001,91,1161.98903701431,0.005,0.004966408806272961,-3.35911937270391e-05,flat,3.35911937270391e-05
19,STEP03YF_PERIOD_R2000,0.001,54,1203.25196103353,0.005,0.004966520334043328,-3.3479665956672074e-05,flat,3.3479665956672074e-05
19,STEP03YF_PERIOD_R2000,0.001,165,1278.16107792733,0.005,0.004966722802651306,-3.327719734869377e-05,flat,3.327719734869377e-05
19,STEP03YF_PERIOD_R2000,0.001,73,1526.23671523206,0.005,0.004967393315548018,-3.26066844519822e-05,flat,3.26066844519822e-05
19,STEP03YF_PERIOD_R2000,0.001,185,1560.54947475151,0.005,0.004967486058019747,-3.251394198025299e-05,flat,3.251394198025299e-05
19,STEP03YF_PERIOD_R2000,0.001,175,1576.08802657484,0.005,0.004967528056498546,-3.247194350145411e-05,flat,3.247194350145411e-05
19,STEP03YF_PERIOD_R2000,0.001,182,1586.56305695314,0.005,0.004967556369004515,-3.2443630995485084e-05,flat,3.2443630995485084e-05
19,STEP03YF_PERIOD_R2000,0.001,110,1632.67360402382,0.005,0.004967680999205293,-3.231900079470745e-05,flat,3.231900079470745e-05
19,STEP03YF_PERIOD_R2000,0.001,31,1816.33627646274,0.005,0.004968177413088787,-3.182258691121313e-05,flat,3.182258691121313e-05
19,STEP03YF_PERIOD_R2000,0.001,139,1866.84130856558,0.005,0.004968313920952846,-3.168607904715376e-05,flat,3.168607904715376e-05
19,STEP03YF_PERIOD_R2000,0.001,191,2177.009500587,0.005,0.004969152261126672,-3.0847738873328485e-05,flat,3.0847738873328485e-05
19,STEP03YF_PERIOD_R2000,0.001,41,2594.04790009502,0.005,0.004970279456156107,-2.9720543843893103e-05,flat,2.9720543843893103e-05
19,STEP03YF_PERIOD_R2000,0.001,81,2607.19309724642,0.005,0.004970314985740211,-2.968501425978931e-05,flat,2.968501425978931e-05
19,STEP03YF_PERIOD_R2000,0.001,187,2628.89976557633,0.005,0.004970373655753994,-2.962634424600631e-05,flat,2.962634424600631e-05
19,STEP03YF_PERIOD_R2000,0.001,23,2661.21203912667,0.005,0.0049704609911988325,-2.953900880116756e-05,flat,2.953900880116756e-05
19,STEP03YF_PERIOD_R2000,0.001,58,2700.42520370655,0.005,0.004970566978763179,-2.9433021236821046e-05,flat,2.9433021236821046e-05
19,STEP03YF_PERIOD_R2000,0.001,120,2726.36280606273,0.005,0.004970637084385313,-2.936291561468716e-05,flat,2.936291561468716e-05
19,STEP03YF_PERIOD_R2000,0.001,115,2726.70743219866,0.005,0.0049706380158603715,-2.9361984139628615e-05,flat,2.9361984139628615e-05
19,STEP03YF_PERIOD_R2000,0.001,164,2764.67437494306,0.005,0.004970740635065689,-2.9259364934311298e-05,flat,2.9259364934311298e-05
19,STEP03YF_PERIOD_R2000,0.001,119,2822.27028080971,0.005,0.004970896308545362,-2.910369145463828e-05,flat,2.910369145463828e-05
19,STEP03YF_PERIOD_R2000,0.001,168,2994.61855517466,0.005,0.0049713621412322915,-2.8637858767708614e-05,flat,2.8637858767708614e-05
19,STEP03YF_PERIOD_R2000,0.001,62,3359.82315837923,0.005,0.004972349236938453,-2.7650763061546832e-05,flat,2.7650763061546832e-05
19,STEP03YF_PERIOD_R2000,0.001,129,3616.09454215965,0.005,0.004973041901763382,-2.6958098236618162e-05,flat,2.6958098236618162e-05
19,STEP03YF_PERIOD_R2000,0.001,3,7899.59407201946,0.005,0.004984619587138018,-1.5380412861982183e-05,flat,1.5380412861982183e-05
19,STEP03YF_PERIOD_R2000,0.001,200,7959.20122796102,0.005,0.004984780696738418,-1.5219303261581989e-05,flat,1.5219303261581989e-05
19,STEP03YF_PERIOD_R2000,0.001,47,8636.71913839081,0.005,0.004986611930557392,-1.3388069442608376e-05,flat,1.3388069442608376e-05
19,STEP03YF_PERIOD_R2000,0.001,8,10292.0719691529,0.005,0.004991086112035638,-8.913887964361912e-06,flat,8.913887964361912e-06
19,STEP03YF_PERIOD_R2000,0.001,157,15879.2473882538,0.005,0.0050061874465132826,6.1874465132824574e-06,flat,6.1874465132824574e-06
19,STEP03YF_PERIOD_R2000,0.001,113,14950.8528843811,0.005,0.005003678129214553,3.6781292145531344e-06,flat,3.6781292145531344e-06
19,STEP03YF_PERIOD_R2000,0.001,70,12512.7184194722,0.005,0.004997088201157132,-2.9117988428681296e-06,flat,2.9117988428681296e-06
19,STEP03YF_PERIOD_R2000,0.001,86,14282.6160052793,0.005,0.005001871980693224,1.8719806932241886e-06,flat,1.8719806932241886e-06
19,STEP03YF_PERIOD_R2000,0.001,48,13069.9234532051,0.005,0.004998594246512046,-1.4057534879537842e-06,flat,1.4057534879537842e-06
19,STEP03YF_PERIOD_R2000,0.01,177,505385.976281722,0.005,0.0092034701816867,0.0042034701816867,flat,0.0042034701816867
19,STEP03YF_PERIOD_R2000,0.01,64,484302.978044169,0.005,0.009023269930402564,0.004023269930402564,flat,0.004023269930402564
19,STEP03YF_PERIOD_R2000,0.01,183,260538.359060344,0.005,0.007110712707039426,0.002110712707039426,flat,0.002110712707039426
19,STEP03YF_PERIOD_R2000,0.01,144,195623.709782095,0.005,0.006555875298234532,0.0015558752982345317,flat,0.0015558752982345317
19,STEP03YF_PERIOD_R2000,0.01,128,182154.667573587,0.005,0.006440752925070045,0.0014407529250700449,flat,0.0014407529250700449
19,STEP03YF_PERIOD_R2000,0.01,66,152656.422590965,0.005,0.0061886260170081085,0.0011886260170081084,flat,0.0011886260170081084
19,STEP03YF_PERIOD_R2000,0.01,149,141984.077658984,0.005,0.006097407528211366,0.001097407528211366,flat,0.001097407528211366
19,STEP03YF_PERIOD_R2000,0.01,161,111582.713597606,0.005,0.0058375614958058415,0.0008375614958058414,flat,0.0008375614958058414
19,STEP03YF_PERIOD_R2000,0.01,163,95501.4807451739,0.005,0.005700112250289834,0.0007001122502898341,flat,0.0007001122502898341
19,STEP03YF_PERIOD_R2000,0.01,5,72684.7147344904,0.005,0.005505093167980518,0.0005050931679805182,flat,0.0005050931679805182
19,STEP03YF_PERIOD_R2000,0.01,162,72005.6447968343,0.005,0.005499289032722983,0.0004992890327229832,flat,0.0004992890327229832
19,STEP03YF_PERIOD_R2000,0.01,1,69071.6751406991,0.005,0.005474211856159269,0.0004742118561592689,flat,0.0004742118561592689
19,STEP03YF_PERIOD_R2000,0.01,2,62372.6108852693,0.005,0.0054169537257645695,0.0004169537257645694,flat,0.0004169537257645694
19,STEP03YF_PERIOD_R2000,0.01,121,56042.7930571794,0.005,0.005362851612281824,0.00036285161228182417,flat,0.00036285161228182417
19,STEP03YF_PERIOD_R2000,0.01,57,46760.2761237901,0.005,0.00528351223819951,0.0002835122381995101,flat,0.0002835122381995101
19,STEP03YF_PERIOD_R2000,0.01,99,33507.7310491014,0.005,0.005170240305730268,0.0001702403057302678,flat,0.0001702403057302678
19,STEP03YF_PERIOD_R2000,0.01,6,0.0,0.005,0.004883843585160692,-0.00011615641483930794,flat,0.00011615641483930794
19,STEP03YF_PERIOD_R2000,0.01,7,0.0,0.005,0.004883843585160692,-0.00011615641483930794,flat,0.00011615641483930794
19,STEP03YF_PERIOD_R2000,0.01,9,0.0,0.005,0.004883843585160692,-0.00011615641483930794,flat,0.00011615641483930794
19,STEP03YF_PERIOD_R2000,0.01,12,0.0,0.005,0.004883843585160692,-0.00011615641483930794,flat,0.00011615641483930794
19,STEP03YF_PERIOD_R2000,0.01,13,0.0,0.005,0.004883843585160692,-0.00011615641483930794,flat,0.00011615641483930794
19,STEP03YF_PERIOD_R2000,0.01,14,0.0,0.005,0.004883843585160692,-0.00011615641483930794,flat,0.00011615641483930794
19,STEP03YF_PERIOD_R2000,0.01,17,0.0,0.005,0.004883843585160692,-0.00011615641483930794,flat,0.00011615641483930794
19,STEP03YF_PERIOD_R2000,0.01,19,0.0,0.005,0.004883843585160692,-0.00011615641483930794,flat,0.00011615641483930794
19,STEP03YF_PERIOD_R2000,0.01,20,0.0,0.005,0.004883843585160692,-0.00011615641483930794,flat,0.00011615641483930794
19,STEP03YF_PERIOD_R2000,0.01,21,0.0,0.005,0.004883843585160692,-0.00011615641483930794,flat,0.00011615641483930794
19,STEP03YF_PERIOD_R2000,0.01,22,0.0,0.005,0.004883843585160692,-0.00011615641483930794,flat,0.00011615641483930794
19,STEP03YF_PERIOD_R2000,0.01,24,0.0,0.005,0.004883843585160692,-0.00011615641483930794,flat,0.00011615641483930794
19,STEP03YF_PERIOD_R2000,0.01,25,0.0,0.005,0.004883843585160692,-0.00011615641483930794,flat,0.00011615641483930794
19,STEP03YF_PERIOD_R2000,0.01,26,0.0,0.005,0.004883843585160692,-0.00011615641483930794,flat,0.00011615641483930794
19,STEP03YF_PERIOD_R2000,0.01,28,0.0,0.005,0.004883843585160692,-0.00011615641483930794,flat,0.00011615641483930794
19,STEP03YF_PERIOD_R2000,0.01,29,0.0,0.005,0.004883843585160692,-0.00011615641483930794,flat,0.00011615641483930794
19,STEP03YF_PERIOD_R2000,0.01,30,0.0,0.005,0.004883843585160692,-0.00011615641483930794,flat,0.00011615641483930794
19,STEP03YF_PERIOD_R2000,0.01,32,0.0,0.005,0.004883843585160692,-0.00011615641483930794,flat,0.00011615641483930794
19,STEP03YF_PERIOD_R2000,0.01,33,0.0,0.005,0.004883843585160692,-0.00011615641483930794,flat,0.00011615641483930794
19,STEP03YF_PERIOD_R2000,0.01,34,0.0,0.005,0.004883843585160692,-0.00011615641483930794,flat,0.00011615641483930794
19,STEP03YF_PERIOD_R2000,0.01,36,0.0,0.005,0.004883843585160692,-0.00011615641483930794,flat,0.00011615641483930794
19,STEP03YF_PERIOD_R2000,0.01,37,0.0,0.005,0.004883843585160692,-0.00011615641483930794,flat,0.00011615641483930794
19,STEP03YF_PERIOD_R2000,0.01,42,0.0,0.005,0.004883843585160692,-0.00011615641483930794,flat,0.00011615641483930794
19,STEP03YF_PERIOD_R2000,0.01,43,0.0,0.005,0.004883843585160692,-0.00011615641483930794,flat,0.00011615641483930794
19,STEP03YF_PERIOD_R2000,0.01,44,0.0,0.005,0.004883843585160692,-0.00011615641483930794,flat,0.00011615641483930794
19,STEP03YF_PERIOD_R2000,0.01,45,0.0,0.005,0.004883843585160692,-0.00011615641483930794,flat,0.00011615641483930794
19,STEP03YF_PERIOD_R2000,0.01,46,0.0,0.005,0.004883843585160692,-0.00011615641483930794,flat,0.00011615641483930794
19,STEP03YF_PERIOD_R2000,0.01,49,0.0,0.005,0.004883843585160692,-0.00011615641483930794,flat,0.00011615641483930794
19,STEP03YF_PERIOD_R2000,0.01,50,0.0,0.005,0.004883843585160692,-0.00011615641483930794,flat,0.00011615641483930794
19,STEP03YF_PERIOD_R2000,0.01,51,0.0,0.005,0.004883843585160692,-0.00011615641483930794,flat,0.00011615641483930794
19,STEP03YF_PERIOD_R2000,0.01,52,0.0,0.005,0.004883843585160692,-0.00011615641483930794,flat,0.00011615641483930794
19,STEP03YF_PERIOD_R2000,0.01,53,0.0,0.005,0.004883843585160692,-0.00011615641483930794,flat,0.00011615641483930794
19,STEP03YF_PERIOD_R2000,0.01,55,0.0,0.005,0.004883843585160692,-0.00011615641483930794,flat,0.00011615641483930794
19,STEP03YF_PERIOD_R2000,0.01,56,0.0,0.005,0.004883843585160692,-0.00011615641483930794,flat,0.00011615641483930794
19,STEP03YF_PERIOD_R2000,0.01,59,0.0,0.005,0.004883843585160692,-0.00011615641483930794,flat,0.00011615641483930794
19,STEP03YF_PERIOD_R2000,0.01,60,0.0,0.005,0.004883843585160692,-0.00011615641483930794,flat,0.00011615641483930794
19,STEP03YF_PERIOD_R2000,0.01,61,0.0,0.005,0.004883843585160692,-0.00011615641483930794,flat,0.00011615641483930794
19,STEP03YF_PERIOD_R2000,0.01,63,0.0,0.005,0.004883843585160692,-0.00011615641483930794,flat,0.00011615641483930794
19,STEP03YF_PERIOD_R2000,0.01,65,0.0,0.005,0.004883843585160692,-0.00011615641483930794,flat,0.00011615641483930794
19,STEP03YF_PERIOD_R2000,0.01,67,0.0,0.005,0.004883843585160692,-0.00011615641483930794,flat,0.00011615641483930794
19,STEP03YF_PERIOD_R2000,0.01,69,0.0,0.005,0.004883843585160692,-0.00011615641483930794,flat,0.00011615641483930794
19,STEP03YF_PERIOD_R2000,0.01,74,0.0,0.005,0.004883843585160692,-0.00011615641483930794,flat,0.00011615641483930794
19,STEP03YF_PERIOD_R2000,0.01,77,0.0,0.005,0.004883843585160692,-0.00011615641483930794,flat,0.00011615641483930794
19,STEP03YF_PERIOD_R2000,0.01,79,0.0,0.005,0.004883843585160692,-0.00011615641483930794,flat,0.00011615641483930794
19,STEP03YF_PERIOD_R2000,0.01,82,0.0,0.005,0.004883843585160692,-0.00011615641483930794,flat,0.00011615641483930794
19,STEP03YF_PERIOD_R2000,0.01,84,0.0,0.005,0.004883843585160692,-0.00011615641483930794,flat,0.00011615641483930794
19,STEP03YF_PERIOD_R2000,0.01,85,0.0,0.005,0.004883843585160692,-0.00011615641483930794,flat,0.00011615641483930794
19,STEP03YF_PERIOD_R2000,0.01,87,0.0,0.005,0.004883843585160692,-0.00011615641483930794,flat,0.00011615641483930794
19,STEP03YF_PERIOD_R2000,0.01,89,0.0,0.005,0.004883843585160692,-0.00011615641483930794,flat,0.00011615641483930794
19,STEP03YF_PERIOD_R2000,0.01,90,0.0,0.005,0.004883843585160692,-0.00011615641483930794,flat,0.00011615641483930794
19,STEP03YF_PERIOD_R2000,0.01,92,0.0,0.005,0.004883843585160692,-0.00011615641483930794,flat,0.00011615641483930794
19,STEP03YF_PERIOD_R2000,0.01,93,0.0,0.005,0.004883843585160692,-0.00011615641483930794,flat,0.00011615641483930794
19,STEP03YF_PERIOD_R2000,0.01,95,0.0,0.005,0.004883843585160692,-0.00011615641483930794,flat,0.00011615641483930794
19,STEP03YF_PERIOD_R2000,0.01,97,0.0,0.005,0.004883843585160692,-0.00011615641483930794,flat,0.00011615641483930794
19,STEP03YF_PERIOD_R2000,0.01,98,0.0,0.005,0.004883843585160692,-0.00011615641483930794,flat,0.00011615641483930794
19,STEP03YF_PERIOD_R2000,0.01,100,0.0,0.005,0.004883843585160692,-0.00011615641483930794,flat,0.00011615641483930794
19,STEP03YF_PERIOD_R2000,0.01,101,0.0,0.005,0.004883843585160692,-0.00011615641483930794,flat,0.00011615641483930794
19,STEP03YF_PERIOD_R2000,0.01,102,0.0,0.005,0.004883843585160692,-0.00011615641483930794,flat,0.00011615641483930794
19,STEP03YF_PERIOD_R2000,0.01,103,0.0,0.005,0.004883843585160692,-0.00011615641483930794,flat,0.00011615641483930794
19,STEP03YF_PERIOD_R2000,0.01,105,0.0,0.005,0.004883843585160692,-0.00011615641483930794,flat,0.00011615641483930794
19,STEP03YF_PERIOD_R2000,0.01,107,0.0,0.005,0.004883843585160692,-0.00011615641483930794,flat,0.00011615641483930794
19,STEP03YF_PERIOD_R2000,0.01,112,0.0,0.005,0.004883843585160692,-0.00011615641483930794,flat,0.00011615641483930794
19,STEP03YF_PERIOD_R2000,0.01,114,0.0,0.005,0.004883843585160692,-0.00011615641483930794,flat,0.00011615641483930794
19,STEP03YF_PERIOD_R2000,0.01,117,0.0,0.005,0.004883843585160692,-0.00011615641483930794,flat,0.00011615641483930794
19,STEP03YF_PERIOD_R2000,0.01,118,0.0,0.005,0.004883843585160692,-0.00011615641483930794,flat,0.00011615641483930794
19,STEP03YF_PERIOD_R2000,0.01,122,0.0,0.005,0.004883843585160692,-0.00011615641483930794,flat,0.00011615641483930794
19,STEP03YF_PERIOD_R2000,0.01,123,0.0,0.005,0.004883843585160692,-0.00011615641483930794,flat,0.00011615641483930794
19,STEP03YF_PERIOD_R2000,0.01,125,0.0,0.005,0.004883843585160692,-0.00011615641483930794,flat,0.00011615641483930794
19,STEP03YF_PERIOD_R2000,0.01,127,0.0,0.005,0.004883843585160692,-0.00011615641483930794,flat,0.00011615641483930794
19,STEP03YF_PERIOD_R2000,0.01,130,0.0,0.005,0.004883843585160692,-0.00011615641483930794,flat,0.00011615641483930794
19,STEP03YF_PERIOD_R2000,0.01,131,0.0,0.005,0.004883843585160692,-0.00011615641483930794,flat,0.00011615641483930794
19,STEP03YF_PERIOD_R2000,0.01,132,0.0,0.005,0.004883843585160692,-0.00011615641483930794,flat,0.00011615641483930794
19,STEP03YF_PERIOD_R2000,0.01,134,0.0,0.005,0.004883843585160692,-0.00011615641483930794,flat,0.00011615641483930794
19,STEP03YF_PERIOD_R2000,0.01,135,0.0,0.005,0.004883843585160692,-0.00011615641483930794,flat,0.00011615641483930794
19,STEP03YF_PERIOD_R2000,0.01,136,0.0,0.005,0.004883843585160692,-0.00011615641483930794,flat,0.00011615641483930794
19,STEP03YF_PERIOD_R2000,0.01,138,0.0,0.005,0.004883843585160692,-0.00011615641483930794,flat,0.00011615641483930794
19,STEP03YF_PERIOD_R2000,0.01,142,0.0,0.005,0.004883843585160692,-0.00011615641483930794,flat,0.00011615641483930794
19,STEP03YF_PERIOD_R2000,0.01,143,0.0,0.005,0.004883843585160692,-0.00011615641483930794,flat,0.00011615641483930794
19,STEP03YF_PERIOD_R2000,0.01,145,0.0,0.005,0.004883843585160692,-0.00011615641483930794,flat,0.00011615641483930794
19,STEP03YF_PERIOD_R2000,0.01,146,0.0,0.005,0.004883843585160692,-0.00011615641483930794,flat,0.00011615641483930794
19,STEP03YF_PERIOD_R2000,0.01,150,0.0,0.005,0.004883843585160692,-0.00011615641483930794,flat,0.00011615641483930794
19,STEP03YF_PERIOD_R2000,0.01,152,0.0,0.005,0.004883843585160692,-0.00011615641483930794,flat,0.00011615641483930794
19,STEP03YF_PERIOD_R2000,0.01,153,0.0,0.005,0.004883843585160692,-0.00011615641483930794,flat,0.00011615641483930794
19,STEP03YF_PERIOD_R2000,0.01,155,0.0,0.005,0.004883843585160692,-0.00011615641483930794,flat,0.00011615641483930794
19,STEP03YF_PERIOD_R2000,0.01,156,0.0,0.005,0.004883843585160692,-0.00011615641483930794,flat,0.00011615641483930794
19,STEP03YF_PERIOD_R2000,0.01,158,0.0,0.005,0.004883843585160692,-0.00011615641483930794,flat,0.00011615641483930794
19,STEP03YF_PERIOD_R2000,0.01,159,0.0,0.005,0.004883843585160692,-0.00011615641483930794,flat,0.00011615641483930794
19,STEP03YF_PERIOD_R2000,0.01,160,0.0,0.005,0.004883843585160692,-0.00011615641483930794,flat,0.00011615641483930794
19,STEP03YF_PERIOD_R2000,0.01,167,0.0,0.005,0.004883843585160692,-0.00011615641483930794,flat,0.00011615641483930794
19,STEP03YF_PERIOD_R2000,0.01,170,0.0,0.005,0.004883843585160692,-0.00011615641483930794,flat,0.00011615641483930794
19,STEP03YF_PERIOD_R2000,0.01,171,0.0,0.005,0.004883843585160692,-0.00011615641483930794,flat,0.00011615641483930794
19,STEP03YF_PERIOD_R2000,0.01,172,0.0,0.005,0.004883843585160692,-0.00011615641483930794,flat,0.00011615641483930794
19,STEP03YF_PERIOD_R2000,0.01,173,0.0,0.005,0.004883843585160692,-0.00011615641483930794,flat,0.00011615641483930794
19,STEP03YF_PERIOD_R2000,0.01,174,0.0,0.005,0.004883843585160692,-0.00011615641483930794,flat,0.00011615641483930794
19,STEP03YF_PERIOD_R2000,0.01,176,0.0,0.005,0.004883843585160692,-0.00011615641483930794,flat,0.00011615641483930794
19,STEP03YF_PERIOD_R2000,0.01,178,0.0,0.005,0.004883843585160692,-0.00011615641483930794,flat,0.00011615641483930794
19,STEP03YF_PERIOD_R2000,0.01,181,0.0,0.005,0.004883843585160692,-0.00011615641483930794,flat,0.00011615641483930794
19,STEP03YF_PERIOD_R2000,0.01,184,0.0,0.005,0.004883843585160692,-0.00011615641483930794,flat,0.00011615641483930794
19,STEP03YF_PERIOD_R2000,0.01,189,0.0,0.005,0.004883843585160692,-0.00011615641483930794,flat,0.00011615641483930794
19,STEP03YF_PERIOD_R2000,0.01,190,0.0,0.005,0.004883843585160692,-0.00011615641483930794,flat,0.00011615641483930794
19,STEP03YF_PERIOD_R2000,0.01,192,0.0,0.005,0.004883843585160692,-0.00011615641483930794,flat,0.00011615641483930794
19,STEP03YF_PERIOD_R2000,0.01,194,0.0,0.005,0.004883843585160692,-0.00011615641483930794,flat,0.00011615641483930794
19,STEP03YF_PERIOD_R2000,0.01,195,0.0,0.005,0.004883843585160692,-0.00011615641483930794,flat,0.00011615641483930794
19,STEP03YF_PERIOD_R2000,0.01,197,0.0,0.005,0.004883843585160692,-0.00011615641483930794,flat,0.00011615641483930794
19,STEP03YF_PERIOD_R2000,0.01,199,0.0,0.005,0.004883843585160692,-0.00011615641483930794,flat,0.00011615641483930794
19,STEP03YF_PERIOD_R2000,0.01,16,6.88935181921016,0.005,0.004883902469713782,-0.00011609753028621848,flat,0.00011609753028621848
19,STEP03YF_PERIOD_R2000,0.01,11,20.4565911136568,0.005,0.004884018431395443,-0.00011598156860455691,flat,0.00011598156860455691
19,STEP03YF_PERIOD_R2000,0.01,104,20.4565911136568,0.005,0.004884018431395443,-0.00011598156860455691,flat,0.00011598156860455691
19,STEP03YF_PERIOD_R2000,0.01,140,20.4565911136568,0.005,0.004884018431395443,-0.00011598156860455691,flat,0.00011598156860455691
19,STEP03YF_PERIOD_R2000,0.01,116,25.5573015044176,0.005,0.004884062028102315,-0.00011593797189768471,flat,0.00011593797189768471
19,STEP03YF_PERIOD_R2000,0.01,154,34.8286576909439,0.005,0.004884141272083448,-0.00011585872791655249,flat,0.00011585872791655249
19,STEP03YF_PERIOD_R2000,0.01,196,34.8286576909439,0.005,0.004884141272083448,-0.00011585872791655249,flat,0.00011585872791655249
19,STEP03YF_PERIOD_R2000,0.01,40,54.5509096364182,0.005,0.004884309841786695,-0.0001156901582133052,flat,0.0001156901582133052
19,STEP03YF_PERIOD_R2000,0.01,147,54.5509096364182,0.005,0.004884309841786695,-0.0001156901582133052,flat,0.0001156901582133052
19,STEP03YF_PERIOD_R2000,0.01,39,81.8263644546273,0.005,0.004884542970099696,-0.00011545702990030382,flat,0.00011545702990030382
19,STEP03YF_PERIOD_R2000,0.01,108,81.8263644546273,0.005,0.004884542970099696,-0.00011545702990030382,flat,0.00011545702990030382
19,STEP03YF_PERIOD_R2000,0.01,126,104.485973072832,0.005,0.0048847366459289585,-0.00011526335407104158,flat,0.00011526335407104158
19,STEP03YF_PERIOD_R2000,0.01,148,118.858039650119,0.005,0.004884859486616963,-0.00011514051338303716,flat,0.00011514051338303716
19,STEP03YF_PERIOD_R2000,0.01,10,130.135391161494,0.005,0.004884955876207916,-0.00011504412379208413,flat,0.00011504412379208413
19,STEP03YF_PERIOD_R2000,0.01,186,137.021233575028,0.005,0.004885014730765472,-0.00011498526923452851,flat,0.00011498526923452851
19,STEP03YF_PERIOD_R2000,0.01,38,142.461798627415,0.005,0.004885061232272445,-0.00011493876772755533,flat,0.00011493876772755533
19,STEP03YF_PERIOD_R2000,0.01,106,223.750105392689,0.005,0.004885756018333731,-0.00011424398166626909,flat,0.00011424398166626909
19,STEP03YF_PERIOD_R2000,0.01,137,227.198660451587,0.005,0.004885785493766076,-0.0001142145062339242,flat,0.0001142145062339242
19,STEP03YF_PERIOD_R2000,0.01,18,229.795706843412,0.005,0.004885807691197728,-0.00011419230880227189,flat,0.00011419230880227189
19,STEP03YF_PERIOD_R2000,0.01,151,248.282781570409,0.005,0.004885965703614832,-0.00011403429638516798,flat,0.00011403429638516798
19,STEP03YF_PERIOD_R2000,0.01,72,260.270782322988,0.005,0.004886068167255139,-0.00011393183274486119,flat,0.00011393183274486119
19,STEP03YF_PERIOD_R2000,0.01,76,292.712030032828,0.005,0.00488634544854708,-0.00011365455145292015,flat,0.00011365455145292015
19,STEP03YF_PERIOD_R2000,0.01,88,295.949216231572,0.005,0.004886373117371025,-0.00011362688262897547,flat,0.00011362688262897547
19,STEP03YF_PERIOD_R2000,0.01,94,311.802305546108,0.005,0.004886508616631894,-0.00011349138336810578,flat,0.00011349138336810578
19,STEP03YF_PERIOD_R2000,0.01,198,339.192857261944,0.005,0.004886742728699182,-0.00011325727130081804,flat,0.00011325727130081804
19,STEP03YF_PERIOD_R2000,0.01,188,381.358135887828,0.005,0.004887103123066161,-0.00011289687693383926,flat,0.00011289687693383926
19,STEP03YF_PERIOD_R2000,0.01,133,408.443412891964,0.005,0.004887334625894519,-0.00011266537410548148,flat,0.00011266537410548148
19,STEP03YF_PERIOD_R2000,0.01,141,485.525358889922,0.005,0.004887993459419133,-0.00011200654058086696,flat,0.00011200654058086696
19,STEP03YF_PERIOD_R2000,0.01,169,485.866418095377,0.005,0.004887996374514692,-0.00011200362548530792,flat,0.00011200362548530792
19,STEP03YF_PERIOD_R2000,0.01,80,557.108520271014,0.005,0.004888605293823484,-0.00011139470617651647,flat,0.00011139470617651647
19,STEP03YF_PERIOD_R2000,0.01,83,558.150220616467,0.005,0.004888614197427321,-0.00011138580257267876,flat,0.00011138580257267876
19,STEP03YF_PERIOD_R2000,0.01,180,615.493345014584,0.005,0.004889104319624815,-0.00011089568037518475,flat,0.00011089568037518475
19,STEP03YF_PERIOD_R2000,0.01,15,630.535081480176,0.005,0.004889232884104132,-0.00011076711589586789,flat,0.00011076711589586789
19,STEP03YF_PERIOD_R2000,0.01,75,675.605988614971,0.005,0.004889618113410694,-0.00011038188658930598,flat,0.00011038188658930598
19,STEP03YF_PERIOD_R2000,0.01,111,677.138024304688,0.005,0.004889631208000617,-0.00011036879199938319,flat,0.00011036879199938319
19,STEP03YF_PERIOD_R2000,0.01,78,716.387698963184,0.005,0.004889966682165941,-0.00011003331783405925,flat,0.00011003331783405925
19,STEP03YF_PERIOD_R2000,0.01,96,716.387698963184,0.005,0.004889966682165941,-0.00011003331783405925,flat,0.00011003331783405925
19,STEP03YF_PERIOD_R2000,0.01,124,716.387698963184,0.005,0.004889966682165941,-0.00011003331783405925,flat,0.00011003331783405925
19,STEP03YF_PERIOD_R2000,0.01,109,743.014450041102,0.005,0.004890194265889141,-0.00010980573411085905,flat,0.00010980573411085905
19,STEP03YF_PERIOD_R2000,0.01,4,762.468599542019,0.005,0.004890360544071641,-0.00010963945592835922,flat,0.00010963945592835922
19,STEP03YF_PERIOD_R2000,0.01,71,816.719285450685,0.005,0.0048908242346303995,-0.00010917576536960058,flat,0.00010917576536960058
19,STEP03YF_PERIOD_R2000,0.01,166,831.116765633965,0.005,0.004890947292533154,-0.0001090527074668465,flat,0.0001090527074668465
19,STEP03YF_PERIOD_R2000,0.01,193,835.919471932905,0.005,0.004890988342144417,-0.00010901165785558338,flat,0.00010901165785558338
19,STEP03YF_PERIOD_R2000,0.01,179,838.778042623025,0.005,0.004891012774872194,-0.00010898722512780578,flat,0.00010898722512780578
19,STEP03YF_PERIOD_R2000,0.01,68,862.005851596851,0.005,0.0048912113072140705,-0.0001087886927859296,flat,0.0001087886927859296
19,STEP03YF_PERIOD_R2000,0.01,35,902.923144125445,0.005,0.004891561034815071,-0.00010843896518492914,flat,0.00010843896518492914
19,STEP03YF_PERIOD_R2000,0.01,27,1042.23880433781,0.005,0.004892751791304979,-0.00010724820869502123,flat,0.00010724820869502123
19,STEP03YF_PERIOD_R2000,0.01,91,1161.98903701431,0.005,0.00489377531849862,-0.00010622468150137988,flat,0.00010622468150137988
19,STEP03YF_PERIOD_R2000,0.01,54,1203.25196103353,0.005,0.00489412800027534,-0.00010587199972466026,flat,0.00010587199972466026
19,STEP03YF_PERIOD_R2000,0.01,165,1278.16107792733,0.005,0.004894768262231236,-0.00010523173776876438,flat,0.00010523173776876438
19,STEP03YF_PERIOD_R2000,0.01,73,1526.23671523206,0.005,0.004896888610185359,-0.00010311138981464098,flat,0.00010311138981464098
19,STEP03YF_PERIOD_R2000,0.01,185,1560.54947475151,0.005,0.004897181887631858,-0.00010281811236814188,flat,0.00010281811236814188
19,STEP03YF_PERIOD_R2000,0.01,175,1576.08802657484,0.005,0.004897314698483124,-0.0001026853015168765,flat,0.0001026853015168765
19,STEP03YF_PERIOD_R2000,0.01,182,1586.56305695314,0.005,0.0048974042304882545,-0.00010259576951174559,flat,0.00010259576951174559
19,STEP03YF_PERIOD_R2000,0.01,110,1632.67360402382,0.005,0.004897798345787956,-0.00010220165421204446,flat,0.00010220165421204446
19,STEP03YF_PERIOD_R2000,0.01,31,1816.33627646274,0.005,0.004899368144321926,-0.00010063185567807387,flat,0.00010063185567807387
19,STEP03YF_PERIOD_R2000,0.01,139,1866.84130856558,0.005,0.00489979982009088,-0.00010020017990912053,flat,0.00010020017990912053
19,STEP03YF_PERIOD_R2000,0.01,191,2177.009500587,0.005,0.004902450884494189,-9.754911550581124e-05,flat,9.754911550581124e-05
19,STEP03YF_PERIOD_R2000,0.01,41,2594.04790009502,0.005,0.004906015388154423,-9.398461184557689e-05,flat,9.398461184557689e-05
19,STEP03YF_PERIOD_R2000,0.01,81,2607.19309724642,0.005,0.004906127742564511,-9.387225743548878e-05,flat,9.387225743548878e-05
19,STEP03YF_PERIOD_R2000,0.01,187,2628.89976557633,0.005,0.004906313273438418,-9.368672656158167e-05,flat,9.368672656158167e-05
19,STEP03YF_PERIOD_R2000,0.01,23,2661.21203912667,0.005,0.004906589452364571,-9.341054763542869e-05,flat,9.341054763542869e-05
19,STEP03YF_PERIOD_R2000,0.01,58,2700.42520370655,0.005,0.00490692461447156,-9.307538552844052e-05,flat,9.307538552844052e-05
19,STEP03YF_PERIOD_R2000,0.01,120,2726.36280606273,0.005,0.004907146307914287,-9.28536920857129e-05,flat,9.28536920857129e-05
19,STEP03YF_PERIOD_R2000,0.01,115,2726.70743219866,0.005,0.0049071492534970545,-9.285074650294562e-05,flat,9.285074650294562e-05
19,STEP03YF_PERIOD_R2000,0.01,164,2764.67437494306,0.005,0.004907473763917533,-9.252623608246684e-05,flat,9.252623608246684e-05
19,STEP03YF_PERIOD_R2000,0.01,119,2822.27028080971,0.005,0.004907966046684585,-9.203395331541537e-05,flat,9.203395331541537e-05
19,STEP03YF_PERIOD_R2000,0.01,168,2994.61855517466,0.005,0.00490943913898384,-9.056086101616023e-05,flat,9.056086101616023e-05
19,STEP03YF_PERIOD_R2000,0.01,62,3359.82315837923,0.005,0.004912560609683883,-8.743939031611702e-05,flat,8.743939031611702e-05
19,STEP03YF_PERIOD_R2000,0.01,129,3616.09454215965,0.005,0.004914751008185739,-8.524899181426137e-05,flat,8.524899181426137e-05
19,STEP03YF_PERIOD_R2000,0.01,3,7899.59407201946,0.005,0.0049513628640024,-4.8637135997600146e-05,flat,4.8637135997600146e-05
19,STEP03YF_PERIOD_R2000,0.01,200,7959.20122796102,0.005,0.004951872337292583,-4.812766270741696e-05,flat,4.812766270741696e-05
19,STEP03YF_PERIOD_R2000,0.01,47,8636.71913839081,0.005,0.004957663207088867,-4.233679291113304e-05,flat,4.233679291113304e-05
19,STEP03YF_PERIOD_R2000,0.01,8,10292.0719691529,0.005,0.0049718118112250615,-2.818818877493856e-05,flat,2.818818877493856e-05
19,STEP03YF_PERIOD_R2000,0.01,157,15879.2473882538,0.005,0.00501956642388244,1.956642388243994e-05,flat,1.956642388243994e-05
19,STEP03YF_PERIOD_R2000,0.01,113,14950.8528843811,0.005,0.005011631265846393,1.1631265846393304e-05,flat,1.1631265846393304e-05
19,STEP03YF_PERIOD_R2000,0.01,70,12512.7184194722,0.005,0.0049907920835683,-9.207916431700283e-06,flat,9.207916431700283e-06
19,STEP03YF_PERIOD_R2000,0.01,86,14282.6160052793,0.005,0.00500591972272645,5.91972272644993e-06,flat,5.91972272644993e-06
19,STEP03YF_PERIOD_R2000,0.01,48,13069.9234532051,0.005,0.004995554617149345,-4.445382850655315e-06,flat,4.445382850655315e-06
19,STEP03YF_PERIOD_R2000,0.05,177,505385.976281722,0.005,0.01439924506764469,0.009399245067644689,flat,0.009399245067644689
19,STEP03YF_PERIOD_R2000,0.05,64,484302.978044169,0.005,0.013996305056210825,0.008996305056210824,flat,0.008996305056210824
19,STEP03YF_PERIOD_R2000,0.05,183,260538.359060344,0.005,0.009719697093912672,0.004719697093912672,flat,0.004719697093912672
19,STEP03YF_PERIOD_R2000,0.05,144,195623.709782095,0.005,0.00847904293136511,0.003479042931365109,flat,0.003479042931365109
19,STEP03YF_PERIOD_R2000,0.05,128,182154.667573587,0.005,0.008221621479238227,0.0032216214792382273,flat,0.0032216214792382273
19,STEP03YF_PERIOD_R2000,0.05,66,152656.422590965,0.005,0.007657848573854906,0.0026578485738549063,flat,0.0026578485738549063
19,STEP03YF_PERIOD_R2000,0.05,149,141984.077658984,0.005,0.007453877832100593,0.0024538778321005926,flat,0.0024538778321005926
19,STEP03YF_PERIOD_R2000,0.05,161,111582.713597606,0.005,0.006872844439958235,0.001872844439958235,flat,0.001872844439958235
19,STEP03YF_PERIOD_R2000,0.05,163,95501.4807451739,0.005,0.006565498583528389,0.001565498583528389,flat,0.001565498583528389
19,STEP03YF_PERIOD_R2000,0.05,5,72684.7147344904,0.005,0.00612942265857514,0.0011294226585751403,flat,0.0011294226585751403
19,STEP03YF_PERIOD_R2000,0.05,162,72005.6447968343,0.005,0.006116444217588689,0.0011164442175886887,flat,0.0011164442175886887
19,STEP03YF_PERIOD_R2000,0.05,1,69071.6751406991,0.005,0.00606036994610846,0.00106036994610846,flat,0.00106036994610846
19,STEP03YF_PERIOD_R2000,0.05,2,62372.6108852693,0.005,0.005932336874281368,0.0009323368742813675,flat,0.0009323368742813675
19,STEP03YF_PERIOD_R2000,0.05,121,56042.7930571794,0.005,0.005811360870807544,0.0008113608708075438,flat,0.0008113608708075438
19,STEP03YF_PERIOD_R2000,0.05,57,46760.2761237901,0.005,0.0056339526370672065,0.0006339526370672064,flat,0.0006339526370672064
19,STEP03YF_PERIOD_R2000,0.05,99,33507.7310491014,0.005,0.005380668896123221,0.00038066889612322057,flat,0.00038066889612322057
19,STEP03YF_PERIOD_R2000,0.05,6,0.0,0.005,0.0047402663603966465,-0.0002597336396033536,flat,0.0002597336396033536
19,STEP03YF_PERIOD_R2000,0.05,7,0.0,0.005,0.0047402663603966465,-0.0002597336396033536,flat,0.0002597336396033536
19,STEP03YF_PERIOD_R2000,0.05,9,0.0,0.005,0.0047402663603966465,-0.0002597336396033536,flat,0.0002597336396033536
19,STEP03YF_PERIOD_R2000,0.05,12,0.0,0.005,0.0047402663603966465,-0.0002597336396033536,flat,0.0002597336396033536
19,STEP03YF_PERIOD_R2000,0.05,13,0.0,0.005,0.0047402663603966465,-0.0002597336396033536,flat,0.0002597336396033536
19,STEP03YF_PERIOD_R2000,0.05,14,0.0,0.005,0.0047402663603966465,-0.0002597336396033536,flat,0.0002597336396033536
19,STEP03YF_PERIOD_R2000,0.05,17,0.0,0.005,0.0047402663603966465,-0.0002597336396033536,flat,0.0002597336396033536
19,STEP03YF_PERIOD_R2000,0.05,19,0.0,0.005,0.0047402663603966465,-0.0002597336396033536,flat,0.0002597336396033536
19,STEP03YF_PERIOD_R2000,0.05,20,0.0,0.005,0.0047402663603966465,-0.0002597336396033536,flat,0.0002597336396033536
19,STEP03YF_PERIOD_R2000,0.05,21,0.0,0.005,0.0047402663603966465,-0.0002597336396033536,flat,0.0002597336396033536
19,STEP03YF_PERIOD_R2000,0.05,22,0.0,0.005,0.0047402663603966465,-0.0002597336396033536,flat,0.0002597336396033536
19,STEP03YF_PERIOD_R2000,0.05,24,0.0,0.005,0.0047402663603966465,-0.0002597336396033536,flat,0.0002597336396033536
19,STEP03YF_PERIOD_R2000,0.05,25,0.0,0.005,0.0047402663603966465,-0.0002597336396033536,flat,0.0002597336396033536
19,STEP03YF_PERIOD_R2000,0.05,26,0.0,0.005,0.0047402663603966465,-0.0002597336396033536,flat,0.0002597336396033536
19,STEP03YF_PERIOD_R2000,0.05,28,0.0,0.005,0.0047402663603966465,-0.0002597336396033536,flat,0.0002597336396033536
19,STEP03YF_PERIOD_R2000,0.05,29,0.0,0.005,0.0047402663603966465,-0.0002597336396033536,flat,0.0002597336396033536
19,STEP03YF_PERIOD_R2000,0.05,30,0.0,0.005,0.0047402663603966465,-0.0002597336396033536,flat,0.0002597336396033536
19,STEP03YF_PERIOD_R2000,0.05,32,0.0,0.005,0.0047402663603966465,-0.0002597336396033536,flat,0.0002597336396033536
19,STEP03YF_PERIOD_R2000,0.05,33,0.0,0.005,0.0047402663603966465,-0.0002597336396033536,flat,0.0002597336396033536
19,STEP03YF_PERIOD_R2000,0.05,34,0.0,0.005,0.0047402663603966465,-0.0002597336396033536,flat,0.0002597336396033536
19,STEP03YF_PERIOD_R2000,0.05,36,0.0,0.005,0.0047402663603966465,-0.0002597336396033536,flat,0.0002597336396033536
19,STEP03YF_PERIOD_R2000,0.05,37,0.0,0.005,0.0047402663603966465,-0.0002597336396033536,flat,0.0002597336396033536
19,STEP03YF_PERIOD_R2000,0.05,42,0.0,0.005,0.0047402663603966465,-0.0002597336396033536,flat,0.0002597336396033536
19,STEP03YF_PERIOD_R2000,0.05,43,0.0,0.005,0.0047402663603966465,-0.0002597336396033536,flat,0.0002597336396033536
19,STEP03YF_PERIOD_R2000,0.05,44,0.0,0.005,0.0047402663603966465,-0.0002597336396033536,flat,0.0002597336396033536
19,STEP03YF_PERIOD_R2000,0.05,45,0.0,0.005,0.0047402663603966465,-0.0002597336396033536,flat,0.0002597336396033536
19,STEP03YF_PERIOD_R2000,0.05,46,0.0,0.005,0.0047402663603966465,-0.0002597336396033536,flat,0.0002597336396033536
19,STEP03YF_PERIOD_R2000,0.05,49,0.0,0.005,0.0047402663603966465,-0.0002597336396033536,flat,0.0002597336396033536
19,STEP03YF_PERIOD_R2000,0.05,50,0.0,0.005,0.0047402663603966465,-0.0002597336396033536,flat,0.0002597336396033536
19,STEP03YF_PERIOD_R2000,0.05,51,0.0,0.005,0.0047402663603966465,-0.0002597336396033536,flat,0.0002597336396033536
19,STEP03YF_PERIOD_R2000,0.05,52,0.0,0.005,0.0047402663603966465,-0.0002597336396033536,flat,0.0002597336396033536
19,STEP03YF_PERIOD_R2000,0.05,53,0.0,0.005,0.0047402663603966465,-0.0002597336396033536,flat,0.0002597336396033536
19,STEP03YF_PERIOD_R2000,0.05,55,0.0,0.005,0.0047402663603966465,-0.0002597336396033536,flat,0.0002597336396033536
19,STEP03YF_PERIOD_R2000,0.05,56,0.0,0.005,0.0047402663603966465,-0.0002597336396033536,flat,0.0002597336396033536
19,STEP03YF_PERIOD_R2000,0.05,59,0.0,0.005,0.0047402663603966465,-0.0002597336396033536,flat,0.0002597336396033536
19,STEP03YF_PERIOD_R2000,0.05,60,0.0,0.005,0.0047402663603966465,-0.0002597336396033536,flat,0.0002597336396033536
19,STEP03YF_PERIOD_R2000,0.05,61,0.0,0.005,0.0047402663603966465,-0.0002597336396033536,flat,0.0002597336396033536
19,STEP03YF_PERIOD_R2000,0.05,63,0.0,0.005,0.0047402663603966465,-0.0002597336396033536,flat,0.0002597336396033536
19,STEP03YF_PERIOD_R2000,0.05,65,0.0,0.005,0.0047402663603966465,-0.0002597336396033536,flat,0.0002597336396033536
19,STEP03YF_PERIOD_R2000,0.05,67,0.0,0.005,0.0047402663603966465,-0.0002597336396033536,flat,0.0002597336396033536
19,STEP03YF_PERIOD_R2000,0.05,69,0.0,0.005,0.0047402663603966465,-0.0002597336396033536,flat,0.0002597336396033536
19,STEP03YF_PERIOD_R2000,0.05,74,0.0,0.005,0.0047402663603966465,-0.0002597336396033536,flat,0.0002597336396033536
19,STEP03YF_PERIOD_R2000,0.05,77,0.0,0.005,0.0047402663603966465,-0.0002597336396033536,flat,0.0002597336396033536
19,STEP03YF_PERIOD_R2000,0.05,79,0.0,0.005,0.0047402663603966465,-0.0002597336396033536,flat,0.0002597336396033536
19,STEP03YF_PERIOD_R2000,0.05,82,0.0,0.005,0.0047402663603966465,-0.0002597336396033536,flat,0.0002597336396033536
19,STEP03YF_PERIOD_R2000,0.05,84,0.0,0.005,0.0047402663603966465,-0.0002597336396033536,flat,0.0002597336396033536
19,STEP03YF_PERIOD_R2000,0.05,85,0.0,0.005,0.0047402663603966465,-0.0002597336396033536,flat,0.0002597336396033536
19,STEP03YF_PERIOD_R2000,0.05,87,0.0,0.005,0.0047402663603966465,-0.0002597336396033536,flat,0.0002597336396033536
19,STEP03YF_PERIOD_R2000,0.05,89,0.0,0.005,0.0047402663603966465,-0.0002597336396033536,flat,0.0002597336396033536
19,STEP03YF_PERIOD_R2000,0.05,90,0.0,0.005,0.0047402663603966465,-0.0002597336396033536,flat,0.0002597336396033536
19,STEP03YF_PERIOD_R2000,0.05,92,0.0,0.005,0.0047402663603966465,-0.0002597336396033536,flat,0.0002597336396033536
19,STEP03YF_PERIOD_R2000,0.05,93,0.0,0.005,0.0047402663603966465,-0.0002597336396033536,flat,0.0002597336396033536
19,STEP03YF_PERIOD_R2000,0.05,95,0.0,0.005,0.0047402663603966465,-0.0002597336396033536,flat,0.0002597336396033536
19,STEP03YF_PERIOD_R2000,0.05,97,0.0,0.005,0.0047402663603966465,-0.0002597336396033536,flat,0.0002597336396033536
19,STEP03YF_PERIOD_R2000,0.05,98,0.0,0.005,0.0047402663603966465,-0.0002597336396033536,flat,0.0002597336396033536
19,STEP03YF_PERIOD_R2000,0.05,100,0.0,0.005,0.0047402663603966465,-0.0002597336396033536,flat,0.0002597336396033536
19,STEP03YF_PERIOD_R2000,0.05,101,0.0,0.005,0.0047402663603966465,-0.0002597336396033536,flat,0.0002597336396033536
19,STEP03YF_PERIOD_R2000,0.05,102,0.0,0.005,0.0047402663603966465,-0.0002597336396033536,flat,0.0002597336396033536
19,STEP03YF_PERIOD_R2000,0.05,103,0.0,0.005,0.0047402663603966465,-0.0002597336396033536,flat,0.0002597336396033536
19,STEP03YF_PERIOD_R2000,0.05,105,0.0,0.005,0.0047402663603966465,-0.0002597336396033536,flat,0.0002597336396033536
19,STEP03YF_PERIOD_R2000,0.05,107,0.0,0.005,0.0047402663603966465,-0.0002597336396033536,flat,0.0002597336396033536
19,STEP03YF_PERIOD_R2000,0.05,112,0.0,0.005,0.0047402663603966465,-0.0002597336396033536,flat,0.0002597336396033536
19,STEP03YF_PERIOD_R2000,0.05,114,0.0,0.005,0.0047402663603966465,-0.0002597336396033536,flat,0.0002597336396033536
19,STEP03YF_PERIOD_R2000,0.05,117,0.0,0.005,0.0047402663603966465,-0.0002597336396033536,flat,0.0002597336396033536
19,STEP03YF_PERIOD_R2000,0.05,118,0.0,0.005,0.0047402663603966465,-0.0002597336396033536,flat,0.0002597336396033536
19,STEP03YF_PERIOD_R2000,0.05,122,0.0,0.005,0.0047402663603966465,-0.0002597336396033536,flat,0.0002597336396033536
19,STEP03YF_PERIOD_R2000,0.05,123,0.0,0.005,0.0047402663603966465,-0.0002597336396033536,flat,0.0002597336396033536
19,STEP03YF_PERIOD_R2000,0.05,125,0.0,0.005,0.0047402663603966465,-0.0002597336396033536,flat,0.0002597336396033536
19,STEP03YF_PERIOD_R2000,0.05,127,0.0,0.005,0.0047402663603966465,-0.0002597336396033536,flat,0.0002597336396033536
19,STEP03YF_PERIOD_R2000,0.05,130,0.0,0.005,0.0047402663603966465,-0.0002597336396033536,flat,0.0002597336396033536
19,STEP03YF_PERIOD_R2000,0.05,131,0.0,0.005,0.0047402663603966465,-0.0002597336396033536,flat,0.0002597336396033536
19,STEP03YF_PERIOD_R2000,0.05,132,0.0,0.005,0.0047402663603966465,-0.0002597336396033536,flat,0.0002597336396033536
19,STEP03YF_PERIOD_R2000,0.05,134,0.0,0.005,0.0047402663603966465,-0.0002597336396033536,flat,0.0002597336396033536
19,STEP03YF_PERIOD_R2000,0.05,135,0.0,0.005,0.0047402663603966465,-0.0002597336396033536,flat,0.0002597336396033536
19,STEP03YF_PERIOD_R2000,0.05,136,0.0,0.005,0.0047402663603966465,-0.0002597336396033536,flat,0.0002597336396033536
19,STEP03YF_PERIOD_R2000,0.05,138,0.0,0.005,0.0047402663603966465,-0.0002597336396033536,flat,0.0002597336396033536
19,STEP03YF_PERIOD_R2000,0.05,142,0.0,0.005,0.0047402663603966465,-0.0002597336396033536,flat,0.0002597336396033536
19,STEP03YF_PERIOD_R2000,0.05,143,0.0,0.005,0.0047402663603966465,-0.0002597336396033536,flat,0.0002597336396033536
19,STEP03YF_PERIOD_R2000,0.05,145,0.0,0.005,0.0047402663603966465,-0.0002597336396033536,flat,0.0002597336396033536
19,STEP03YF_PERIOD_R2000,0.05,146,0.0,0.005,0.0047402663603966465,-0.0002597336396033536,flat,0.0002597336396033536
19,STEP03YF_PERIOD_R2000,0.05,150,0.0,0.005,0.0047402663603966465,-0.0002597336396033536,flat,0.0002597336396033536
19,STEP03YF_PERIOD_R2000,0.05,152,0.0,0.005,0.0047402663603966465,-0.0002597336396033536,flat,0.0002597336396033536
19,STEP03YF_PERIOD_R2000,0.05,153,0.0,0.005,0.0047402663603966465,-0.0002597336396033536,flat,0.0002597336396033536
19,STEP03YF_PERIOD_R2000,0.05,155,0.0,0.005,0.0047402663603966465,-0.0002597336396033536,flat,0.0002597336396033536
19,STEP03YF_PERIOD_R2000,0.05,156,0.0,0.005,0.0047402663603966465,-0.0002597336396033536,flat,0.0002597336396033536
19,STEP03YF_PERIOD_R2000,0.05,158,0.0,0.005,0.0047402663603966465,-0.0002597336396033536,flat,0.0002597336396033536
19,STEP03YF_PERIOD_R2000,0.05,159,0.0,0.005,0.0047402663603966465,-0.0002597336396033536,flat,0.0002597336396033536
19,STEP03YF_PERIOD_R2000,0.05,160,0.0,0.005,0.0047402663603966465,-0.0002597336396033536,flat,0.0002597336396033536
19,STEP03YF_PERIOD_R2000,0.05,167,0.0,0.005,0.0047402663603966465,-0.0002597336396033536,flat,0.0002597336396033536
19,STEP03YF_PERIOD_R2000,0.05,170,0.0,0.005,0.0047402663603966465,-0.0002597336396033536,flat,0.0002597336396033536
19,STEP03YF_PERIOD_R2000,0.05,171,0.0,0.005,0.0047402663603966465,-0.0002597336396033536,flat,0.0002597336396033536
19,STEP03YF_PERIOD_R2000,0.05,172,0.0,0.005,0.0047402663603966465,-0.0002597336396033536,flat,0.0002597336396033536
19,STEP03YF_PERIOD_R2000,0.05,173,0.0,0.005,0.0047402663603966465,-0.0002597336396033536,flat,0.0002597336396033536
19,STEP03YF_PERIOD_R2000,0.05,174,0.0,0.005,0.0047402663603966465,-0.0002597336396033536,flat,0.0002597336396033536
19,STEP03YF_PERIOD_R2000,0.05,176,0.0,0.005,0.0047402663603966465,-0.0002597336396033536,flat,0.0002597336396033536
19,STEP03YF_PERIOD_R2000,0.05,178,0.0,0.005,0.0047402663603966465,-0.0002597336396033536,flat,0.0002597336396033536
19,STEP03YF_PERIOD_R2000,0.05,181,0.0,0.005,0.0047402663603966465,-0.0002597336396033536,flat,0.0002597336396033536
19,STEP03YF_PERIOD_R2000,0.05,184,0.0,0.005,0.0047402663603966465,-0.0002597336396033536,flat,0.0002597336396033536
19,STEP03YF_PERIOD_R2000,0.05,189,0.0,0.005,0.0047402663603966465,-0.0002597336396033536,flat,0.0002597336396033536
19,STEP03YF_PERIOD_R2000,0.05,190,0.0,0.005,0.0047402663603966465,-0.0002597336396033536,flat,0.0002597336396033536
19,STEP03YF_PERIOD_R2000,0.05,192,0.0,0.005,0.0047402663603966465,-0.0002597336396033536,flat,0.0002597336396033536
19,STEP03YF_PERIOD_R2000,0.05,194,0.0,0.005,0.0047402663603966465,-0.0002597336396033536,flat,0.0002597336396033536
19,STEP03YF_PERIOD_R2000,0.05,195,0.0,0.005,0.0047402663603966465,-0.0002597336396033536,flat,0.0002597336396033536
19,STEP03YF_PERIOD_R2000,0.05,197,0.0,0.005,0.0047402663603966465,-0.0002597336396033536,flat,0.0002597336396033536
19,STEP03YF_PERIOD_R2000,0.05,199,0.0,0.005,0.0047402663603966465,-0.0002597336396033536,flat,0.0002597336396033536
19,STEP03YF_PERIOD_R2000,0.05,16,6.88935181921016,0.005,0.00474039803026018,-0.0002596019697398205,flat,0.0002596019697398205
19,STEP03YF_PERIOD_R2000,0.05,11,20.4565911136568,0.005,0.00474065732846316,-0.0002593426715368401,flat,0.0002593426715368401
19,STEP03YF_PERIOD_R2000,0.05,104,20.4565911136568,0.005,0.00474065732846316,-0.0002593426715368401,flat,0.0002593426715368401
19,STEP03YF_PERIOD_R2000,0.05,140,20.4565911136568,0.005,0.00474065732846316,-0.0002593426715368401,flat,0.0002593426715368401
19,STEP03YF_PERIOD_R2000,0.05,116,25.5573015044176,0.005,0.0047407548136633205,-0.00025924518633667955,flat,0.00025924518633667955
19,STEP03YF_PERIOD_R2000,0.05,154,34.8286576909439,0.005,0.004740932008591941,-0.0002590679914080589,flat,0.0002590679914080589
19,STEP03YF_PERIOD_R2000,0.05,196,34.8286576909439,0.005,0.004740932008591941,-0.0002590679914080589,flat,0.0002590679914080589
19,STEP03YF_PERIOD_R2000,0.05,40,54.5509096364182,0.005,0.004741308941907349,-0.0002586910580926515,flat,0.0002586910580926515
19,STEP03YF_PERIOD_R2000,0.05,147,54.5509096364182,0.005,0.004741308941907349,-0.0002586910580926515,flat,0.0002586910580926515
19,STEP03YF_PERIOD_R2000,0.05,39,81.8263644546273,0.005,0.004741830232662699,-0.00025816976733730127,flat,0.00025816976733730127
19,STEP03YF_PERIOD_R2000,0.05,108,81.8263644546273,0.005,0.004741830232662699,-0.00025816976733730127,flat,0.00025816976733730127
19,STEP03YF_PERIOD_R2000,0.05,126,104.485973072832,0.005,0.004742263304982529,-0.00025773669501747126,flat,0.00025773669501747126
19,STEP03YF_PERIOD_R2000,0.05,148,118.858039650119,0.005,0.00474253798511131,-0.0002574620148886901,flat,0.0002574620148886901
19,STEP03YF_PERIOD_R2000,0.05,10,130.135391161494,0.005,0.004742753518789003,-0.0002572464812109973,flat,0.0002572464812109973
19,STEP03YF_PERIOD_R2000,0.05,186,137.021233575028,0.005,0.004742885121580484,-0.00025711487841951607,flat,0.00025711487841951607
19,STEP03YF_PERIOD_R2000,0.05,38,142.461798627415,0.005,0.0047429891021111325,-0.00025701089788886765,flat,0.00025701089788886765
19,STEP03YF_PERIOD_R2000,0.05,106,223.750105392689,0.005,0.004744542690973987,-0.00025545730902601285,flat,0.00025545730902601285
19,STEP03YF_PERIOD_R2000,0.05,137,227.198660451587,0.005,0.004744608600044377,-0.0002553913999556231,flat,0.0002553913999556231
19,STEP03YF_PERIOD_R2000,0.05,18,229.795706843412,0.005,0.004744658235010477,-0.0002553417649895232,flat,0.0002553417649895232
19,STEP03YF_PERIOD_R2000,0.05,151,248.282781570409,0.005,0.00474501156151641,-0.00025498843848359,flat,0.00025498843848359
19,STEP03YF_PERIOD_R2000,0.05,72,260.270782322988,0.005,0.004745240677181359,-0.000254759322818641,flat,0.000254759322818641
19,STEP03YF_PERIOD_R2000,0.05,76,292.712030032828,0.005,0.004745860696999027,-0.00025413930300097285,flat,0.00025413930300097285
19,STEP03YF_PERIOD_R2000,0.05,88,295.949216231572,0.005,0.0047459225663702255,-0.00025407743362977457,flat,0.00025407743362977457
19,STEP03YF_PERIOD_R2000,0.05,94,311.802305546108,0.005,0.0047462255519284315,-0.0002537744480715686,flat,0.0002537744480715686
19,STEP03YF_PERIOD_R2000,0.05,198,339.192857261944,0.005,0.004746749042425238,-0.0002532509575747617,flat,0.0002532509575747617
19,STEP03YF_PERIOD_R2000,0.05,188,381.358135887828,0.005,0.004747554908728512,-0.0002524450912714882,flat,0.0002524450912714882
19,STEP03YF_PERIOD_R2000,0.05,133,408.443412891964,0.005,0.004748072564789703,-0.00025192743521029737,flat,0.00025192743521029737
19,STEP03YF_PERIOD_R2000,0.05,141,485.525358889922,0.005,0.004749545761336598,-0.0002504542386634022,flat,0.0002504542386634022
19,STEP03YF_PERIOD_R2000,0.05,169,485.866418095377,0.005,0.0047495522796884284,-0.00025044772031157167,flat,0.00025044772031157167
19,STEP03YF_PERIOD_R2000,0.05,80,557.108520271014,0.005,0.004750913864655698,-0.00024908613534430253,flat,0.00024908613534430253
19,STEP03YF_PERIOD_R2000,0.05,83,558.150220616467,0.005,0.004750933773719123,-0.0002490662262808769,flat,0.0002490662262808769
19,STEP03YF_PERIOD_R2000,0.05,180,615.493345014584,0.005,0.004752029720270002,-0.000247970279729998,flat,0.000247970279729998
19,STEP03YF_PERIOD_R2000,0.05,15,630.535081480176,0.005,0.004752317199185246,-0.00024768280081475386,flat,0.00024768280081475386
19,STEP03YF_PERIOD_R2000,0.05,75,675.605988614971,0.005,0.004753178598101643,-0.000246821401898357,flat,0.000246821401898357
19,STEP03YF_PERIOD_R2000,0.05,111,677.138024304688,0.005,0.004753207878494848,-0.0002467921215051523,flat,0.0002467921215051523
19,STEP03YF_PERIOD_R2000,0.05,78,716.387698963184,0.005,0.004753958021533208,-0.00024604197846679176,flat,0.00024604197846679176
19,STEP03YF_PERIOD_R2000,0.05,96,716.387698963184,0.005,0.004753958021533208,-0.00024604197846679176,flat,0.00024604197846679176
19,STEP03YF_PERIOD_R2000,0.05,124,716.387698963184,0.005,0.004753958021533208,-0.00024604197846679176,flat,0.00024604197846679176
19,STEP03YF_PERIOD_R2000,0.05,109,743.014450041102,0.005,0.004754466914208857,-0.0002455330857911433,flat,0.0002455330857911433
19,STEP03YF_PERIOD_R2000,0.05,4,762.468599542019,0.005,0.004754838723528101,-0.000245161276471899,flat,0.000245161276471899
19,STEP03YF_PERIOD_R2000,0.05,71,816.719285450685,0.005,0.00475587556713801,-0.00024412443286199025,flat,0.00024412443286199025
19,STEP03YF_PERIOD_R2000,0.05,166,831.116765633965,0.005,0.004756150732973737,-0.00024384926702626306,flat,0.00024384926702626306
19,STEP03YF_PERIOD_R2000,0.05,193,835.919471932905,0.005,0.0047562425226949714,-0.00024375747730502866,flat,0.00024375747730502866
19,STEP03YF_PERIOD_R2000,0.05,179,838.778042623025,0.005,0.004756297155935158,-0.00024370284406484248,flat,0.00024370284406484248
19,STEP03YF_PERIOD_R2000,0.05,68,862.005851596851,0.005,0.004756741087747324,-0.00024325891225267585,flat,0.00024325891225267585
19,STEP03YF_PERIOD_R2000,0.05,35,902.923144125445,0.005,0.00475752310243677,-0.0002424768975632305,flat,0.0002424768975632305
19,STEP03YF_PERIOD_R2000,0.05,27,1042.23880433781,0.005,0.0047601857148928525,-0.0002398142851071476,flat,0.0002398142851071476
19,STEP03YF_PERIOD_R2000,0.05,91,1161.98903701431,0.005,0.004762474391274655,-0.00023752560872534502,flat,0.00023752560872534502
19,STEP03YF_PERIOD_R2000,0.05,54,1203.25196103353,0.005,0.004763263011701824,-0.00023673698829817635,flat,0.00023673698829817635
19,STEP03YF_PERIOD_R2000,0.05,165,1278.16107792733,0.005,0.004764694680958615,-0.00023530531904138521,flat,0.00023530531904138521
19,STEP03YF_PERIOD_R2000,0.05,73,1526.23671523206,0.005,0.004769435923119988,-0.00023056407688001185,flat,0.00023056407688001185
19,STEP03YF_PERIOD_R2000,0.05,185,1560.54947475151,0.005,0.004770091711426627,-0.00022990828857337268,flat,0.00022990828857337268
19,STEP03YF_PERIOD_R2000,0.05,175,1576.08802657484,0.005,0.004770388685518207,-0.00022961131448179326,flat,0.00022961131448179326
19,STEP03YF_PERIOD_R2000,0.05,182,1586.56305695314,0.005,0.004770588885167841,-0.00022941111483215908,flat,0.00022941111483215908
19,STEP03YF_PERIOD_R2000,0.05,110,1632.67360402382,0.005,0.004771470153768945,-0.00022852984623105473,flat,0.00022852984623105473
19,STEP03YF_PERIOD_R2000,0.05,31,1816.33627646274,0.005,0.004774980330001882,-0.00022501966999811853,flat,0.00022501966999811853
19,STEP03YF_PERIOD_R2000,0.05,139,1866.84130856558,0.005,0.004775945586365502,-0.00022405441363449775,flat,0.00022405441363449775
19,STEP03YF_PERIOD_R2000,0.05,191,2177.009500587,0.005,0.004781873546584031,-0.00021812645341596874,flat,0.00021812645341596874
19,STEP03YF_PERIOD_R2000,0.05,41,2594.04790009502,0.005,0.0047898440190743624,-0.00021015598092563766,flat,0.00021015598092563766
19,STEP03YF_PERIOD_R2000,0.05,81,2607.19309724642,0.005,0.004790095251172891,-0.00020990474882710917,flat,0.00020990474882710917
19,STEP03YF_PERIOD_R2000,0.05,187,2628.89976557633,0.005,0.004790510110818871,-0.0002094898891811291,flat,0.0002094898891811291
19,STEP03YF_PERIOD_R2000,0.05,23,2661.21203912667,0.005,0.004791127665671703,-0.0002088723343282974,flat,0.0002088723343282974
19,STEP03YF_PERIOD_R2000,0.05,58,2700.42520370655,0.005,0.004791877110926411,-0.00020812288907358888,flat,0.00020812288907358888
19,STEP03YF_PERIOD_R2000,0.05,120,2726.36280606273,0.005,0.004792372832534515,-0.00020762716746548521,flat,0.00020762716746548521
19,STEP03YF_PERIOD_R2000,0.05,115,2726.70743219866,0.005,0.0047923794190578165,-0.00020762058094218362,flat,0.00020762058094218362
19,STEP03YF_PERIOD_R2000,0.05,164,2764.67437494306,0.005,0.004793105046417415,-0.0002068949535825853,flat,0.0002068949535825853
19,STEP03YF_PERIOD_R2000,0.05,119,2822.27028080971,0.005,0.004794205824148692,-0.00020579417585130794,flat,0.00020579417585130794
19,STEP03YF_PERIOD_R2000,0.05,168,2994.61855517466,0.005,0.0047974997586669585,-0.00020250024133304165,flat,0.00020250024133304165
19,STEP03YF_PERIOD_R2000,0.05,62,3359.82315837923,0.005,0.004804479579342029,-0.00019552042065797137,flat,0.00019552042065797137
19,STEP03YF_PERIOD_R2000,0.05,129,3616.09454215965,0.005,0.004809377459289992,-0.00019062254071000768,flat,0.00019062254071000768
19,STEP03YF_PERIOD_R2000,0.05,3,7899.59407201946,0.005,0.004891244057678467,-0.00010875594232153275,flat,0.00010875594232153275
19,STEP03YF_PERIOD_R2000,0.05,200,7959.20122796102,0.005,0.0048923832745880365,-0.00010761672541196362,flat,0.00010761672541196362
19,STEP03YF_PERIOD_R2000,0.05,47,8636.71913839081,0.005,0.0049053320531013776,-9.466794689862255e-05,flat,9.466794689862255e-05
19,STEP03YF_PERIOD_R2000,0.05,8,10292.0719691529,0.005,0.004936969293736644,-6.303070626335634e-05,flat,6.303070626335634e-05
19,STEP03YF_PERIOD_R2000,0.05,157,15879.2473882538,0.005,0.0050437518538777116,4.375185387771145e-05,flat,4.375185387771145e-05
19,STEP03YF_PERIOD_R2000,0.05,113,14950.8528843811,0.005,0.005026008301096908,2.600830109690793e-05,flat,2.600830109690793e-05
19,STEP03YF_PERIOD_R2000,0.05,70,12512.7184194722,0.005,0.004979410472927582,-2.0589527072418373e-05,flat,2.0589527072418373e-05
19,STEP03YF_PERIOD_R2000,0.05,86,14282.6160052793,0.005,0.005013236902424294,1.3236902424293949e-05,flat,1.3236902424293949e-05
19,STEP03YF_PERIOD_R2000,0.05,48,13069.9234532051,0.005,0.004990059821759924,-9.940178240076293e-06,flat,9.940178240076293e-06
19,STEP03YF_PERIOD_R2000,0.1,177,505385.976281722,0.005,0.018292539850731503,0.013292539850731502,flat,0.013292539850731502
19,STEP03YF_PERIOD_R2000,0.1,64,484302.978044169,0.005,0.017722696621738962,0.012722696621738961,flat,0.012722696621738961
19,STEP03YF_PERIOD_R2000,0.1,183,260538.359060344,0.005,0.011674659640504166,0.006674659640504166,flat,0.006674659640504166
19,STEP03YF_PERIOD_R2000,0.1,144,195623.709782095,0.005,0.009920109697614773,0.004920109697614773,flat,0.004920109697614773
19,STEP03YF_PERIOD_R2000,0.1,128,182154.667573587,0.005,0.00955606078877116,0.004556060788771159,flat,0.004556060788771159
19,STEP03YF_PERIOD_R2000,0.1,66,152656.422590965,0.005,0.008758765499879586,0.0037587654998795855,flat,0.0037587654998795855
19,STEP03YF_PERIOD_R2000,0.1,149,141984.077658984,0.005,0.008470307310563335,0.003470307310563335,flat,0.003470307310563335
19,STEP03YF_PERIOD_R2000,0.1,161,111582.713597606,0.005,0.007648602007203971,0.002648602007203971,flat,0.002648602007203971
19,STEP03YF_PERIOD_R2000,0.1,163,95501.4807451739,0.005,0.007213949328701711,0.0022139493287017106,flat,0.0022139493287017106
19,STEP03YF_PERIOD_R2000,0.1,5,72684.7147344904,0.005,0.006597244841408436,0.0015972448414084362,flat,0.0015972448414084362
19,STEP03YF_PERIOD_R2000,0.1,162,72005.6447968343,0.005,0.006578890554146937,0.001578890554146937,flat,0.001578890554146937
19,STEP03YF_PERIOD_R2000,0.1,1,69071.6751406991,0.005,0.006499589558919407,0.0014995895589194072,flat,0.0014995895589194072
19,STEP03YF_PERIOD_R2000,0.1,2,62372.6108852693,0.005,0.006318523452309245,0.001318523452309245,flat,0.001318523452309245
19,STEP03YF_PERIOD_R2000,0.1,121,56042.7930571794,0.005,0.00614743754747487,0.0011474375474748695,flat,0.0011474375474748695
19,STEP03YF_PERIOD_R2000,0.1,57,46760.2761237901,0.005,0.005896544417242628,0.0008965444172426276,flat,0.0008965444172426276
19,STEP03YF_PERIOD_R2000,0.1,99,33507.7310491014,0.005,0.00553834711567105,0.0005383471156710498,flat,0.0005383471156710498
19,STEP03YF_PERIOD_R2000,0.1,6,0.0,0.005,0.004632681164268413,-0.0003673188357315874,flat,0.0003673188357315874
19,STEP03YF_PERIOD_R2000,0.1,7,0.0,0.005,0.004632681164268413,-0.0003673188357315874,flat,0.0003673188357315874
19,STEP03YF_PERIOD_R2000,0.1,9,0.0,0.005,0.004632681164268413,-0.0003673188357315874,flat,0.0003673188357315874
19,STEP03YF_PERIOD_R2000,0.1,12,0.0,0.005,0.004632681164268413,-0.0003673188357315874,flat,0.0003673188357315874
19,STEP03YF_PERIOD_R2000,0.1,13,0.0,0.005,0.004632681164268413,-0.0003673188357315874,flat,0.0003673188357315874
19,STEP03YF_PERIOD_R2000,0.1,14,0.0,0.005,0.004632681164268413,-0.0003673188357315874,flat,0.0003673188357315874
19,STEP03YF_PERIOD_R2000,0.1,17,0.0,0.005,0.004632681164268413,-0.0003673188357315874,flat,0.0003673188357315874
19,STEP03YF_PERIOD_R2000,0.1,19,0.0,0.005,0.004632681164268413,-0.0003673188357315874,flat,0.0003673188357315874
19,STEP03YF_PERIOD_R2000,0.1,20,0.0,0.005,0.004632681164268413,-0.0003673188357315874,flat,0.0003673188357315874
19,STEP03YF_PERIOD_R2000,0.1,21,0.0,0.005,0.004632681164268413,-0.0003673188357315874,flat,0.0003673188357315874
19,STEP03YF_PERIOD_R2000,0.1,22,0.0,0.005,0.004632681164268413,-0.0003673188357315874,flat,0.0003673188357315874
19,STEP03YF_PERIOD_R2000,0.1,24,0.0,0.005,0.004632681164268413,-0.0003673188357315874,flat,0.0003673188357315874
19,STEP03YF_PERIOD_R2000,0.1,25,0.0,0.005,0.004632681164268413,-0.0003673188357315874,flat,0.0003673188357315874
19,STEP03YF_PERIOD_R2000,0.1,26,0.0,0.005,0.004632681164268413,-0.0003673188357315874,flat,0.0003673188357315874
19,STEP03YF_PERIOD_R2000,0.1,28,0.0,0.005,0.004632681164268413,-0.0003673188357315874,flat,0.0003673188357315874
19,STEP03YF_PERIOD_R2000,0.1,29,0.0,0.005,0.004632681164268413,-0.0003673188357315874,flat,0.0003673188357315874
19,STEP03YF_PERIOD_R2000,0.1,30,0.0,0.005,0.004632681164268413,-0.0003673188357315874,flat,0.0003673188357315874
19,STEP03YF_PERIOD_R2000,0.1,32,0.0,0.005,0.004632681164268413,-0.0003673188357315874,flat,0.0003673188357315874
19,STEP03YF_PERIOD_R2000,0.1,33,0.0,0.005,0.004632681164268413,-0.0003673188357315874,flat,0.0003673188357315874
19,STEP03YF_PERIOD_R2000,0.1,34,0.0,0.005,0.004632681164268413,-0.0003673188357315874,flat,0.0003673188357315874
19,STEP03YF_PERIOD_R2000,0.1,36,0.0,0.005,0.004632681164268413,-0.0003673188357315874,flat,0.0003673188357315874
19,STEP03YF_PERIOD_R2000,0.1,37,0.0,0.005,0.004632681164268413,-0.0003673188357315874,flat,0.0003673188357315874
19,STEP03YF_PERIOD_R2000,0.1,42,0.0,0.005,0.004632681164268413,-0.0003673188357315874,flat,0.0003673188357315874
19,STEP03YF_PERIOD_R2000,0.1,43,0.0,0.005,0.004632681164268413,-0.0003673188357315874,flat,0.0003673188357315874
19,STEP03YF_PERIOD_R2000,0.1,44,0.0,0.005,0.004632681164268413,-0.0003673188357315874,flat,0.0003673188357315874
19,STEP03YF_PERIOD_R2000,0.1,45,0.0,0.005,0.004632681164268413,-0.0003673188357315874,flat,0.0003673188357315874
19,STEP03YF_PERIOD_R2000,0.1,46,0.0,0.005,0.004632681164268413,-0.0003673188357315874,flat,0.0003673188357315874
19,STEP03YF_PERIOD_R2000,0.1,49,0.0,0.005,0.004632681164268413,-0.0003673188357315874,flat,0.0003673188357315874
19,STEP03YF_PERIOD_R2000,0.1,50,0.0,0.005,0.004632681164268413,-0.0003673188357315874,flat,0.0003673188357315874
19,STEP03YF_PERIOD_R2000,0.1,51,0.0,0.005,0.004632681164268413,-0.0003673188357315874,flat,0.0003673188357315874
19,STEP03YF_PERIOD_R2000,0.1,52,0.0,0.005,0.004632681164268413,-0.0003673188357315874,flat,0.0003673188357315874
19,STEP03YF_PERIOD_R2000,0.1,53,0.0,0.005,0.004632681164268413,-0.0003673188357315874,flat,0.0003673188357315874
19,STEP03YF_PERIOD_R2000,0.1,55,0.0,0.005,0.004632681164268413,-0.0003673188357315874,flat,0.0003673188357315874
19,STEP03YF_PERIOD_R2000,0.1,56,0.0,0.005,0.004632681164268413,-0.0003673188357315874,flat,0.0003673188357315874
19,STEP03YF_PERIOD_R2000,0.1,59,0.0,0.005,0.004632681164268413,-0.0003673188357315874,flat,0.0003673188357315874
19,STEP03YF_PERIOD_R2000,0.1,60,0.0,0.005,0.004632681164268413,-0.0003673188357315874,flat,0.0003673188357315874
19,STEP03YF_PERIOD_R2000,0.1,61,0.0,0.005,0.004632681164268413,-0.0003673188357315874,flat,0.0003673188357315874
19,STEP03YF_PERIOD_R2000,0.1,63,0.0,0.005,0.004632681164268413,-0.0003673188357315874,flat,0.0003673188357315874
19,STEP03YF_PERIOD_R2000,0.1,65,0.0,0.005,0.004632681164268413,-0.0003673188357315874,flat,0.0003673188357315874
19,STEP03YF_PERIOD_R2000,0.1,67,0.0,0.005,0.004632681164268413,-0.0003673188357315874,flat,0.0003673188357315874
19,STEP03YF_PERIOD_R2000,0.1,69,0.0,0.005,0.004632681164268413,-0.0003673188357315874,flat,0.0003673188357315874
19,STEP03YF_PERIOD_R2000,0.1,74,0.0,0.005,0.004632681164268413,-0.0003673188357315874,flat,0.0003673188357315874
19,STEP03YF_PERIOD_R2000,0.1,77,0.0,0.005,0.004632681164268413,-0.0003673188357315874,flat,0.0003673188357315874
19,STEP03YF_PERIOD_R2000,0.1,79,0.0,0.005,0.004632681164268413,-0.0003673188357315874,flat,0.0003673188357315874
19,STEP03YF_PERIOD_R2000,0.1,82,0.0,0.005,0.004632681164268413,-0.0003673188357315874,flat,0.0003673188357315874
19,STEP03YF_PERIOD_R2000,0.1,84,0.0,0.005,0.004632681164268413,-0.0003673188357315874,flat,0.0003673188357315874
19,STEP03YF_PERIOD_R2000,0.1,85,0.0,0.005,0.004632681164268413,-0.0003673188357315874,flat,0.0003673188357315874
19,STEP03YF_PERIOD_R2000,0.1,87,0.0,0.005,0.004632681164268413,-0.0003673188357315874,flat,0.0003673188357315874
19,STEP03YF_PERIOD_R2000,0.1,89,0.0,0.005,0.004632681164268413,-0.0003673188357315874,flat,0.0003673188357315874
19,STEP03YF_PERIOD_R2000,0.1,90,0.0,0.005,0.004632681164268413,-0.0003673188357315874,flat,0.0003673188357315874
19,STEP03YF_PERIOD_R2000,0.1,92,0.0,0.005,0.004632681164268413,-0.0003673188357315874,flat,0.0003673188357315874
19,STEP03YF_PERIOD_R2000,0.1,93,0.0,0.005,0.004632681164268413,-0.0003673188357315874,flat,0.0003673188357315874
19,STEP03YF_PERIOD_R2000,0.1,95,0.0,0.005,0.004632681164268413,-0.0003673188357315874,flat,0.0003673188357315874
19,STEP03YF_PERIOD_R2000,0.1,97,0.0,0.005,0.004632681164268413,-0.0003673188357315874,flat,0.0003673188357315874
19,STEP03YF_PERIOD_R2000,0.1,98,0.0,0.005,0.004632681164268413,-0.0003673188357315874,flat,0.0003673188357315874
19,STEP03YF_PERIOD_R2000,0.1,100,0.0,0.005,0.004632681164268413,-0.0003673188357315874,flat,0.0003673188357315874
19,STEP03YF_PERIOD_R2000,0.1,101,0.0,0.005,0.004632681164268413,-0.0003673188357315874,flat,0.0003673188357315874
19,STEP03YF_PERIOD_R2000,0.1,102,0.0,0.005,0.004632681164268413,-0.0003673188357315874,flat,0.0003673188357315874
19,STEP03YF_PERIOD_R2000,0.1,103,0.0,0.005,0.004632681164268413,-0.0003673188357315874,flat,0.0003673188357315874
19,STEP03YF_PERIOD_R2000,0.1,105,0.0,0.005,0.004632681164268413,-0.0003673188357315874,flat,0.0003673188357315874
19,STEP03YF_PERIOD_R2000,0.1,107,0.0,0.005,0.004632681164268413,-0.0003673188357315874,flat,0.0003673188357315874
19,STEP03YF_PERIOD_R2000,0.1,112,0.0,0.005,0.004632681164268413,-0.0003673188357315874,flat,0.0003673188357315874
19,STEP03YF_PERIOD_R2000,0.1,114,0.0,0.005,0.004632681164268413,-0.0003673188357315874,flat,0.0003673188357315874
19,STEP03YF_PERIOD_R2000,0.1,117,0.0,0.005,0.004632681164268413,-0.0003673188357315874,flat,0.0003673188357315874
19,STEP03YF_PERIOD_R2000,0.1,118,0.0,0.005,0.004632681164268413,-0.0003673188357315874,flat,0.0003673188357315874
19,STEP03YF_PERIOD_R2000,0.1,122,0.0,0.005,0.004632681164268413,-0.0003673188357315874,flat,0.0003673188357315874
19,STEP03YF_PERIOD_R2000,0.1,123,0.0,0.005,0.004632681164268413,-0.0003673188357315874,flat,0.0003673188357315874
19,STEP03YF_PERIOD_R2000,0.1,125,0.0,0.005,0.004632681164268413,-0.0003673188357315874,flat,0.0003673188357315874
19,STEP03YF_PERIOD_R2000,0.1,127,0.0,0.005,0.004632681164268413,-0.0003673188357315874,flat,0.0003673188357315874
19,STEP03YF_PERIOD_R2000,0.1,130,0.0,0.005,0.004632681164268413,-0.0003673188357315874,flat,0.0003673188357315874
19,STEP03YF_PERIOD_R2000,0.1,131,0.0,0.005,0.004632681164268413,-0.0003673188357315874,flat,0.0003673188357315874
19,STEP03YF_PERIOD_R2000,0.1,132,0.0,0.005,0.004632681164268413,-0.0003673188357315874,flat,0.0003673188357315874
19,STEP03YF_PERIOD_R2000,0.1,134,0.0,0.005,0.004632681164268413,-0.0003673188357315874,flat,0.0003673188357315874
19,STEP03YF_PERIOD_R2000,0.1,135,0.0,0.005,0.004632681164268413,-0.0003673188357315874,flat,0.0003673188357315874
19,STEP03YF_PERIOD_R2000,0.1,136,0.0,0.005,0.004632681164268413,-0.0003673188357315874,flat,0.0003673188357315874
19,STEP03YF_PERIOD_R2000,0.1,138,0.0,0.005,0.004632681164268413,-0.0003673188357315874,flat,0.0003673188357315874
19,STEP03YF_PERIOD_R2000,0.1,142,0.0,0.005,0.004632681164268413,-0.0003673188357315874,flat,0.0003673188357315874
19,STEP03YF_PERIOD_R2000,0.1,143,0.0,0.005,0.004632681164268413,-0.0003673188357315874,flat,0.0003673188357315874
19,STEP03YF_PERIOD_R2000,0.1,145,0.0,0.005,0.004632681164268413,-0.0003673188357315874,flat,0.0003673188357315874
19,STEP03YF_PERIOD_R2000,0.1,146,0.0,0.005,0.004632681164268413,-0.0003673188357315874,flat,0.0003673188357315874
19,STEP03YF_PERIOD_R2000,0.1,150,0.0,0.005,0.004632681164268413,-0.0003673188357315874,flat,0.0003673188357315874
19,STEP03YF_PERIOD_R2000,0.1,152,0.0,0.005,0.004632681164268413,-0.0003673188357315874,flat,0.0003673188357315874
19,STEP03YF_PERIOD_R2000,0.1,153,0.0,0.005,0.004632681164268413,-0.0003673188357315874,flat,0.0003673188357315874
19,STEP03YF_PERIOD_R2000,0.1,155,0.0,0.005,0.004632681164268413,-0.0003673188357315874,flat,0.0003673188357315874
19,STEP03YF_PERIOD_R2000,0.1,156,0.0,0.005,0.004632681164268413,-0.0003673188357315874,flat,0.0003673188357315874
19,STEP03YF_PERIOD_R2000,0.1,158,0.0,0.005,0.004632681164268413,-0.0003673188357315874,flat,0.0003673188357315874
19,STEP03YF_PERIOD_R2000,0.1,159,0.0,0.005,0.004632681164268413,-0.0003673188357315874,flat,0.0003673188357315874
19,STEP03YF_PERIOD_R2000,0.1,160,0.0,0.005,0.004632681164268413,-0.0003673188357315874,flat,0.0003673188357315874
19,STEP03YF_PERIOD_R2000,0.1,167,0.0,0.005,0.004632681164268413,-0.0003673188357315874,flat,0.0003673188357315874
19,STEP03YF_PERIOD_R2000,0.1,170,0.0,0.005,0.004632681164268413,-0.0003673188357315874,flat,0.0003673188357315874
19,STEP03YF_PERIOD_R2000,0.1,171,0.0,0.005,0.004632681164268413,-0.0003673188357315874,flat,0.0003673188357315874
19,STEP03YF_PERIOD_R2000,0.1,172,0.0,0.005,0.004632681164268413,-0.0003673188357315874,flat,0.0003673188357315874
19,STEP03YF_PERIOD_R2000,0.1,173,0.0,0.005,0.004632681164268413,-0.0003673188357315874,flat,0.0003673188357315874
19,STEP03YF_PERIOD_R2000,0.1,174,0.0,0.005,0.004632681164268413,-0.0003673188357315874,flat,0.0003673188357315874
19,STEP03YF_PERIOD_R2000,0.1,176,0.0,0.005,0.004632681164268413,-0.0003673188357315874,flat,0.0003673188357315874
19,STEP03YF_PERIOD_R2000,0.1,178,0.0,0.005,0.004632681164268413,-0.0003673188357315874,flat,0.0003673188357315874
19,STEP03YF_PERIOD_R2000,0.1,181,0.0,0.005,0.004632681164268413,-0.0003673188357315874,flat,0.0003673188357315874
19,STEP03YF_PERIOD_R2000,0.1,184,0.0,0.005,0.004632681164268413,-0.0003673188357315874,flat,0.0003673188357315874
19,STEP03YF_PERIOD_R2000,0.1,189,0.0,0.005,0.004632681164268413,-0.0003673188357315874,flat,0.0003673188357315874
19,STEP03YF_PERIOD_R2000,0.1,190,0.0,0.005,0.004632681164268413,-0.0003673188357315874,flat,0.0003673188357315874
19,STEP03YF_PERIOD_R2000,0.1,192,0.0,0.005,0.004632681164268413,-0.0003673188357315874,flat,0.0003673188357315874
19,STEP03YF_PERIOD_R2000,0.1,194,0.0,0.005,0.004632681164268413,-0.0003673188357315874,flat,0.0003673188357315874
19,STEP03YF_PERIOD_R2000,0.1,195,0.0,0.005,0.004632681164268413,-0.0003673188357315874,flat,0.0003673188357315874
19,STEP03YF_PERIOD_R2000,0.1,197,0.0,0.005,0.004632681164268413,-0.0003673188357315874,flat,0.0003673188357315874
19,STEP03YF_PERIOD_R2000,0.1,199,0.0,0.005,0.004632681164268413,-0.0003673188357315874,flat,0.0003673188357315874
19,STEP03YF_PERIOD_R2000,0.1,16,6.88935181921016,0.005,0.004632867373575177,-0.0003671326264248235,flat,0.0003671326264248235
19,STEP03YF_PERIOD_R2000,0.1,11,20.4565911136568,0.005,0.0046332340766105295,-0.0003667659233894706,flat,0.0003667659233894706
19,STEP03YF_PERIOD_R2000,0.1,104,20.4565911136568,0.005,0.0046332340766105295,-0.0003667659233894706,flat,0.0003667659233894706
19,STEP03YF_PERIOD_R2000,0.1,140,20.4565911136568,0.005,0.0046332340766105295,-0.0003667659233894706,flat,0.0003667659233894706
19,STEP03YF_PERIOD_R2000,0.1,116,25.5573015044176,0.005,0.004633371941502728,-0.00036662805849727205,flat,0.00036662805849727205
19,STEP03YF_PERIOD_R2000,0.1,154,34.8286576909439,0.005,0.004633622532973967,-0.0003663774670260335,flat,0.0003663774670260335
19,STEP03YF_PERIOD_R2000,0.1,196,34.8286576909439,0.005,0.004633622532973967,-0.0003663774670260335,flat,0.0003663774670260335
19,STEP03YF_PERIOD_R2000,0.1,40,54.5509096364182,0.005,0.004634155597180726,-0.0003658444028192742,flat,0.0003658444028192742
19,STEP03YF_PERIOD_R2000,0.1,147,54.5509096364182,0.005,0.004634155597180726,-0.0003658444028192742,flat,0.0003658444028192742
19,STEP03YF_PERIOD_R2000,0.1,39,81.8263644546273,0.005,0.0046348928136368825,-0.0003651071863631176,flat,0.0003651071863631176
19,STEP03YF_PERIOD_R2000,0.1,108,81.8263644546273,0.005,0.0046348928136368825,-0.0003651071863631176,flat,0.0003651071863631176
19,STEP03YF_PERIOD_R2000,0.1,126,104.485973072832,0.005,0.004635505270385074,-0.0003644947296149257,flat,0.0003644947296149257
19,STEP03YF_PERIOD_R2000,0.1,148,118.858039650119,0.005,0.004635893726748511,-0.00036410627325148947,flat,0.00036410627325148947
19,STEP03YF_PERIOD_R2000,0.1,10,130.135391161494,0.005,0.004636198537398653,-0.0003638014626013474,flat,0.0003638014626013474
19,STEP03YF_PERIOD_R2000,0.1,186,137.021233575028,0.005,0.0046363846518512105,-0.0003636153481487896,flat,0.0003636153481487896
19,STEP03YF_PERIOD_R2000,0.1,38,142.461798627415,0.005,0.004636531702527877,-0.0003634682974721229,flat,0.0003634682974721229
19,STEP03YF_PERIOD_R2000,0.1,106,223.750105392689,0.005,0.004638728808968077,-0.00036127119103192273,flat,0.00036127119103192273
19,STEP03YF_PERIOD_R2000,0.1,137,227.198660451587,0.005,0.004638822018469306,-0.00036117798153069425,flat,0.00036117798153069425
19,STEP03YF_PERIOD_R2000,0.1,18,229.795706843412,0.005,0.004638892212911533,-0.0003611077870884667,flat,0.0003611077870884667
19,STEP03YF_PERIOD_R2000,0.1,151,248.282781570409,0.005,0.00463939189204817,-0.0003606081079518299,flat,0.0003606081079518299
19,STEP03YF_PERIOD_R2000,0.1,72,260.270782322988,0.005,0.004639715910528893,-0.0003602840894711074,flat,0.0003602840894711074
19,STEP03YF_PERIOD_R2000,0.1,76,292.712030032828,0.005,0.004640592750963978,-0.0003594072490360218,flat,0.0003594072490360218
19,STEP03YF_PERIOD_R2000,0.1,88,295.949216231572,0.005,0.004640680247467823,-0.0003593197525321775,flat,0.0003593197525321775
19,STEP03YF_PERIOD_R2000,0.1,94,311.802305546108,0.005,0.0046411087337534405,-0.0003588912662465596,flat,0.0003588912662465596
19,STEP03YF_PERIOD_R2000,0.1,198,339.192857261944,0.005,0.004641849061113799,-0.0003581509388862012,flat,0.0003581509388862012
19,STEP03YF_PERIOD_R2000,0.1,188,381.358135887828,0.005,0.004642988728169348,-0.0003570112718306517,flat,0.0003570112718306517
19,STEP03YF_PERIOD_R2000,0.1,133,408.443412891964,0.005,0.004643720804391728,-0.0003562791956082719,flat,0.0003562791956082719
19,STEP03YF_PERIOD_R2000,0.1,141,485.525358889922,0.005,0.004645804218928388,-0.00035419578107161176,flat,0.00035419578107161176
19,STEP03YF_PERIOD_R2000,0.1,169,485.866418095377,0.005,0.0046458134372699515,-0.0003541865627300486,flat,0.0003541865627300486
19,STEP03YF_PERIOD_R2000,0.1,80,557.108520271014,0.005,0.0046477390091969875,-0.0003522609908030126,flat,0.0003522609908030126
19,STEP03YF_PERIOD_R2000,0.1,83,558.150220616467,0.005,0.004647767164864498,-0.0003522328351355025,flat,0.0003522328351355025
19,STEP03YF_PERIOD_R2000,0.1,180,615.493345014584,0.005,0.004649317067340386,-0.0003506829326596142,flat,0.0003506829326596142
19,STEP03YF_PERIOD_R2000,0.1,15,630.535081480176,0.005,0.004649723623921221,-0.0003502763760787793,flat,0.0003502763760787793
19,STEP03YF_PERIOD_R2000,0.1,75,675.605988614971,0.005,0.004650941825951403,-0.0003490581740485969,flat,0.0003490581740485969
19,STEP03YF_PERIOD_R2000,0.1,111,677.138024304688,0.005,0.004650983234680585,-0.0003490167653194152,flat,0.0003490167653194152
19,STEP03YF_PERIOD_R2000,0.1,78,716.387698963184,0.005,0.0046520440971391545,-0.0003479559028608456,flat,0.0003479559028608456
19,STEP03YF_PERIOD_R2000,0.1,96,716.387698963184,0.005,0.0046520440971391545,-0.0003479559028608456,flat,0.0003479559028608456
19,STEP03YF_PERIOD_R2000,0.1,124,716.387698963184,0.005,0.0046520440971391545,-0.0003479559028608456,flat,0.0003479559028608456
19,STEP03YF_PERIOD_R2000,0.1,109,743.014450041102,0.005,0.0046527637800628475,-0.0003472362199371526,flat,0.0003472362199371526
19,STEP03YF_PERIOD_R2000,0.1,4,762.468599542019,0.005,0.0046532895978447395,-0.00034671040215526056,flat,0.00034671040215526056
19,STEP03YF_PERIOD_R2000,0.1,71,816.719285450685,0.005,0.004654755916139933,-0.0003452440838600671,flat,0.0003452440838600671
19,STEP03YF_PERIOD_R2000,0.1,166,831.116765633965,0.005,0.0046551450593967205,-0.00034485494060327963,flat,0.00034485494060327963
19,STEP03YF_PERIOD_R2000,0.1,193,835.919471932905,0.005,0.004655274869665376,-0.0003447251303346239,flat,0.0003447251303346239
19,STEP03YF_PERIOD_R2000,0.1,179,838.778042623025,0.005,0.004655352132734604,-0.0003446478672653958,flat,0.0003446478672653958
19,STEP03YF_PERIOD_R2000,0.1,68,862.005851596851,0.005,0.004655979947124139,-0.00034402005287586124,flat,0.00034402005287586124
19,STEP03YF_PERIOD_R2000,0.1,35,902.923144125445,0.005,0.004657085882903927,-0.000342914117096073,flat,0.000342914117096073
19,STEP03YF_PERIOD_R2000,0.1,27,1042.23880433781,0.005,0.004660851385550664,-0.0003391486144493361,flat,0.0003391486144493361
19,STEP03YF_PERIOD_R2000,0.1,91,1161.98903701431,0.005,0.004664088062729692,-0.00033591193727030774,flat,0.00033591193727030774
19,STEP03YF_PERIOD_R2000,0.1,54,1203.25196103353,0.005,0.004665203340433359,-0.00033479665956664094,flat,0.00033479665956664094
19,STEP03YF_PERIOD_R2000,0.1,165,1278.16107792733,0.005,0.004667228026513146,-0.00033277197348685443,flat,0.00033277197348685443
19,STEP03YF_PERIOD_R2000,0.1,73,1526.23671523206,0.005,0.004673933155480254,-0.0003260668445197465,flat,0.0003260668445197465
19,STEP03YF_PERIOD_R2000,0.1,185,1560.54947475151,0.005,0.004674860580197549,-0.00032513941980245094,flat,0.00032513941980245094
19,STEP03YF_PERIOD_R2000,0.1,175,1576.08802657484,0.005,0.004675280564985534,-0.0003247194350144665,flat,0.0003247194350144665
19,STEP03YF_PERIOD_R2000,0.1,182,1586.56305695314,0.005,0.004675563690045229,-0.00032443630995477105,flat,0.00032443630995477105
19,STEP03YF_PERIOD_R2000,0.1,110,1632.67360402382,0.005,0.004676809992053004,-0.00032319000794699647,flat,0.00032319000794699647
19,STEP03YF_PERIOD_R2000,0.1,31,1816.33627646274,0.005,0.004681774130887943,-0.00031822586911205673,flat,0.00031822586911205673
19,STEP03YF_PERIOD_R2000,0.1,139,1866.84130856558,0.005,0.0046831392095285414,-0.00031686079047145866,flat,0.00031686079047145866
19,STEP03YF_PERIOD_R2000,0.1,191,2177.009500587,0.005,0.004691522611266793,-0.0003084773887332068,flat,0.0003084773887332068
19,STEP03YF_PERIOD_R2000,0.1,41,2594.04790009502,0.005,0.004702794561561142,-0.0002972054384388582,flat,0.0002972054384388582
19,STEP03YF_PERIOD_R2000,0.1,81,2607.19309724642,0.005,0.004703149857402183,-0.0002968501425978168,flat,0.0002968501425978168
19,STEP03YF_PERIOD_R2000,0.1,187,2628.89976557633,0.005,0.004703736557540011,-0.0002962634424599894,flat,0.0002962634424599894
19,STEP03YF_PERIOD_R2000,0.1,23,2661.21203912667,0.005,0.004704609911988394,-0.0002953900880116062,flat,0.0002953900880116062
19,STEP03YF_PERIOD_R2000,0.1,58,2700.42520370655,0.005,0.00470566978763186,-0.0002943302123681402,flat,0.0002943302123681402
19,STEP03YF_PERIOD_R2000,0.1,120,2726.36280606273,0.005,0.004706370843853201,-0.00029362915614679873,flat,0.00029362915614679873
19,STEP03YF_PERIOD_R2000,0.1,115,2726.70743219866,0.005,0.0047063801586037825,-0.00029361984139621763,flat,0.00029361984139621763
19,STEP03YF_PERIOD_R2000,0.1,164,2764.67437494306,0.005,0.0047074063506569565,-0.0002925936493430436,flat,0.0002925936493430436
19,STEP03YF_PERIOD_R2000,0.1,119,2822.27028080971,0.005,0.004708963085453687,-0.0002910369145463134,flat,0.0002910369145463134
19,STEP03YF_PERIOD_R2000,0.1,168,2994.61855517466,0.005,0.004713621412322987,-0.0002863785876770133,flat,0.0002863785876770133
19,STEP03YF_PERIOD_R2000,0.1,62,3359.82315837923,0.005,0.004723492369384605,-0.00027650763061539546,flat,0.00027650763061539546
19,STEP03YF_PERIOD_R2000,0.1,129,3616.09454215965,0.005,0.004730419017633889,-0.00026958098236611137,flat,0.00026958098236611137
19,STEP03YF_PERIOD_R2000,0.1,3,7899.59407201946,0.005,0.004846195871380221,-0.00015380412861977933,flat,0.00015380412861977933
19,STEP03YF_PERIOD_R2000,0.1,200,7959.20122796102,0.005,0.004847806967384218,-0.00015219303261578172,flat,0.00015219303261578172
19,STEP03YF_PERIOD_R2000,0.1,47,8636.71913839081,0.005,0.00486611930557395,-0.00013388069442604993,flat,0.00013388069442604993
19,STEP03YF_PERIOD_R2000,0.1,8,10292.0719691529,0.005,0.004910861120356404,-8.91388796435957e-05,flat,8.91388796435957e-05
19,STEP03YF_PERIOD_R2000,0.1,157,15879.2473882538,0.005,0.005061874465132823,6.187446513282284e-05,flat,6.187446513282284e-05
19,STEP03YF_PERIOD_R2000,0.1,113,14950.8528843811,0.005,0.005036781292145528,3.6781292145527875e-05,flat,3.6781292145527875e-05
19,STEP03YF_PERIOD_R2000,0.1,70,12512.7184194722,0.005,0.004970882011571337,-2.911798842866308e-05,flat,2.911798842866308e-05
19,STEP03YF_PERIOD_R2000,0.1,86,14282.6160052793,0.005,0.005018719806932244,1.871980693224362e-05,flat,1.871980693224362e-05
19,STEP03YF_PERIOD_R2000,0.1,48,13069.9234532051,0.005,0.004985942465120476,-1.4057534879523964e-05,flat,1.4057534879523964e-05
19,ZERO,0.001,5,1215939.77579576,0.005,0.005475567551419818,0.0004755675514198183,flat,0.0004755675514198183
19,ZERO,0.001,99,1215939.77579576,0.005,0.005475567551419818,0.0004755675514198183,flat,0.0004755675514198183
19,ZERO,0.001,149,1215939.77579576,0.005,0.005475567551419818,0.0004755675514198183,flat,0.0004755675514198183
19,ZERO,0.001,177,1215939.77579576,0.005,0.005475567551419818,0.0004755675514198183,flat,0.0004755675514198183
19,ZERO,0.001,183,1143932.57507569,0.005,0.005441259912576899,0.00044125991257689887,flat,0.00044125991257689887
19,ZERO,0.001,128,1117748.13845021,0.005,0.00542878440754311,0.00042878440754311013,flat,0.00042878440754311013
19,ZERO,0.001,66,1100291.84736655,0.005,0.005420467404187248,0.0004204674041872478,flat,0.0004204674041872478
19,ZERO,0.001,64,1093745.73821018,0.005,0.005417348527928801,0.00041734852792880105,flat,0.00041734852792880105
19,ZERO,0.001,115,1065379.26519925,0.005,0.005403833397475533,0.00040383339747553267,flat,0.00040383339747553267
19,ZERO,0.001,2,986825.955322805,0.005,0.005366406882374164,0.00036640688237416386,flat,0.00036640688237416386
19,ZERO,0.001,168,914818.754602733,0.005,0.005332099243531244,0.00033209924353124354,flat,0.00033209924353124354
19,ZERO,0.001,119,906090.609060906,0.005,0.005327940741853314,0.0003279407418533137,flat,0.0003279407418533137
19,ZERO,0.001,162,855903.772195401,0.005,0.005304029357205218,0.0003040293572052176,flat,0.0003040293572052176
19,ZERO,0.001,62,846630.11755721,0.005,0.0052996109491724175,0.0002996109491724174,flat,0.0002996109491724174
19,ZERO,0.001,157,826991.7900881,0.005,0.0052902543203970755,0.0002902543203970754,flat,0.0002902543203970754
19,ZERO,0.001,120,823173.22641355,0.005,0.0052884349759129805,0.0002884349759129804,flat,0.0002884349759129804
19,ZERO,0.001,8,810626.517197174,0.005,0.005282457129750957,0.0002824571297509572,flat,0.0002824571297509572
19,ZERO,0.001,70,810626.517197174,0.005,0.005282457129750957,0.0002824571297509572,flat,0.0002824571297509572
19,ZERO,0.001,144,810626.517197174,0.005,0.005282457129750957,0.0002824571297509572,flat,0.0002824571297509572
19,ZERO,0.001,164,810626.517197174,0.005,0.005282457129750957,0.0002824571297509572,flat,0.0002824571297509572
19,ZERO,0.001,163,809535.499004446,0.005,0.005281937317041216,0.00028193731704121566,flat,0.00028193731704121566
19,ZERO,0.001,58,798625.317077162,0.005,0.005276739189943804,0.00027673918994380355,flat,0.00027673918994380355
19,ZERO,0.001,23,795352.262498977,0.005,0.00527517975181458,0.00027517975181457974,flat,0.00027517975181457974
19,ZERO,0.001,81,770804.353162589,0.005,0.005263483965845403,0.0002634839658454029,flat,0.0002634839658454029
19,ZERO,0.001,161,769167.825873496,0.005,0.00526270424678079,0.00026270424678079014,flat,0.00026270424678079014
19,ZERO,0.001,41,742983.389248016,0.005,0.0052502287417470015,0.0002502287417470014,flat,0.0002502287417470014
19,ZERO,0.001,129,731527.698224368,0.005,0.005244770708294719,0.00024477070829471894,flat,0.00024477070829471894
19,ZERO,0.001,31,710252.843466165,0.005,0.005234634360454765,0.00023463436045476505,flat,0.00023463436045476505
19,ZERO,0.001,121,608788.151542427,0.005,0.005186291778448832,0.0001862917784488322,flat,0.0001862917784488322
19,ZERO,0.001,47,591877.369555137,0.005,0.005178234681447843,0.0001782346814478428,flat,0.0001782346814478428
19,ZERO,0.001,3,574966.587567848,0.005,0.005170177584446854,0.00017017758444685428,flat,0.00017017758444685428
19,ZERO,0.001,139,564601.914736928,0.005,0.005165239363704313,0.0001652393637043125,flat,0.0001652393637043125
19,ZERO,0.001,185,559692.33286965,0.005,0.005162900206510477,0.0001629002065104768,flat,0.0001629002065104768
19,ZERO,0.001,110,553146.22371328,0.005,0.005159781330252029,0.00015978133025202918,flat,0.00015978133025202918
19,ZERO,0.001,27,540054.00540054,0.005,0.005153543577735135,0.00015354357773513481,flat,0.00015354357773513481
19,ZERO,0.001,165,540054.00540054,0.005,0.005153543577735135,0.00015354357773513481,flat,0.00015354357773513481
19,ZERO,0.001,1,538417.478111448,0.005,0.005152763858670524,0.00015276385867052378,flat,0.00015276385867052378
19,ZERO,0.001,48,528052.805280528,0.005,0.005147825637927982,0.000147825637927982,flat,0.000147825637927982
19,ZERO,0.001,187,526961.7870878,0.005,0.0051473058252182406,0.00014730582521824045,flat,0.00014730582521824045
19,ZERO,0.001,175,487685.132149579,0.005,0.005128592567667557,0.00012859256766755648,flat,0.00012859256766755648
19,ZERO,0.001,113,461500.695524098,0.005,0.005116117062633768,0.00011611706263376775,flat,0.00011611706263376775
19,ZERO,0.001,191,461500.695524098,0.005,0.005116117062633768,0.00011611706263376775,flat,0.00011611706263376775
19,ZERO,0.001,6,0.0,0.005,0.0048962362864132325,-0.00010376371358676757,flat,0.00010376371358676757
19,ZERO,0.001,7,0.0,0.005,0.0048962362864132325,-0.00010376371358676757,flat,0.00010376371358676757
19,ZERO,0.001,9,0.0,0.005,0.0048962362864132325,-0.00010376371358676757,flat,0.00010376371358676757
19,ZERO,0.001,12,0.0,0.005,0.0048962362864132325,-0.00010376371358676757,flat,0.00010376371358676757
19,ZERO,0.001,13,0.0,0.005,0.0048962362864132325,-0.00010376371358676757,flat,0.00010376371358676757
19,ZERO,0.001,14,0.0,0.005,0.0048962362864132325,-0.00010376371358676757,flat,0.00010376371358676757
19,ZERO,0.001,17,0.0,0.005,0.0048962362864132325,-0.00010376371358676757,flat,0.00010376371358676757
19,ZERO,0.001,19,0.0,0.005,0.0048962362864132325,-0.00010376371358676757,flat,0.00010376371358676757
19,ZERO,0.001,20,0.0,0.005,0.0048962362864132325,-0.00010376371358676757,flat,0.00010376371358676757
19,ZERO,0.001,21,0.0,0.005,0.0048962362864132325,-0.00010376371358676757,flat,0.00010376371358676757
19,ZERO,0.001,22,0.0,0.005,0.0048962362864132325,-0.00010376371358676757,flat,0.00010376371358676757
19,ZERO,0.001,24,0.0,0.005,0.0048962362864132325,-0.00010376371358676757,flat,0.00010376371358676757
19,ZERO,0.001,26,0.0,0.005,0.0048962362864132325,-0.00010376371358676757,flat,0.00010376371358676757
19,ZERO,0.001,28,0.0,0.005,0.0048962362864132325,-0.00010376371358676757,flat,0.00010376371358676757
19,ZERO,0.001,29,0.0,0.005,0.0048962362864132325,-0.00010376371358676757,flat,0.00010376371358676757
19,ZERO,0.001,30,0.0,0.005,0.0048962362864132325,-0.00010376371358676757,flat,0.00010376371358676757
19,ZERO,0.001,33,0.0,0.005,0.0048962362864132325,-0.00010376371358676757,flat,0.00010376371358676757
19,ZERO,0.001,34,0.0,0.005,0.0048962362864132325,-0.00010376371358676757,flat,0.00010376371358676757
19,ZERO,0.001,36,0.0,0.005,0.0048962362864132325,-0.00010376371358676757,flat,0.00010376371358676757
19,ZERO,0.001,37,0.0,0.005,0.0048962362864132325,-0.00010376371358676757,flat,0.00010376371358676757
19,ZERO,0.001,42,0.0,0.005,0.0048962362864132325,-0.00010376371358676757,flat,0.00010376371358676757
19,ZERO,0.001,43,0.0,0.005,0.0048962362864132325,-0.00010376371358676757,flat,0.00010376371358676757
19,ZERO,0.001,44,0.0,0.005,0.0048962362864132325,-0.00010376371358676757,flat,0.00010376371358676757
19,ZERO,0.001,45,0.0,0.005,0.0048962362864132325,-0.00010376371358676757,flat,0.00010376371358676757
19,ZERO,0.001,46,0.0,0.005,0.0048962362864132325,-0.00010376371358676757,flat,0.00010376371358676757
19,ZERO,0.001,49,0.0,0.005,0.0048962362864132325,-0.00010376371358676757,flat,0.00010376371358676757
19,ZERO,0.001,50,0.0,0.005,0.0048962362864132325,-0.00010376371358676757,flat,0.00010376371358676757
19,ZERO,0.001,51,0.0,0.005,0.0048962362864132325,-0.00010376371358676757,flat,0.00010376371358676757
19,ZERO,0.001,52,0.0,0.005,0.0048962362864132325,-0.00010376371358676757,flat,0.00010376371358676757
19,ZERO,0.001,53,0.0,0.005,0.0048962362864132325,-0.00010376371358676757,flat,0.00010376371358676757
19,ZERO,0.001,55,0.0,0.005,0.0048962362864132325,-0.00010376371358676757,flat,0.00010376371358676757
19,ZERO,0.001,56,0.0,0.005,0.0048962362864132325,-0.00010376371358676757,flat,0.00010376371358676757
19,ZERO,0.001,59,0.0,0.005,0.0048962362864132325,-0.00010376371358676757,flat,0.00010376371358676757
19,ZERO,0.001,60,0.0,0.005,0.0048962362864132325,-0.00010376371358676757,flat,0.00010376371358676757
19,ZERO,0.001,61,0.0,0.005,0.0048962362864132325,-0.00010376371358676757,flat,0.00010376371358676757
19,ZERO,0.001,63,0.0,0.005,0.0048962362864132325,-0.00010376371358676757,flat,0.00010376371358676757
19,ZERO,0.001,65,0.0,0.005,0.0048962362864132325,-0.00010376371358676757,flat,0.00010376371358676757
19,ZERO,0.001,67,0.0,0.005,0.0048962362864132325,-0.00010376371358676757,flat,0.00010376371358676757
19,ZERO,0.001,69,0.0,0.005,0.0048962362864132325,-0.00010376371358676757,flat,0.00010376371358676757
19,ZERO,0.001,74,0.0,0.005,0.0048962362864132325,-0.00010376371358676757,flat,0.00010376371358676757
19,ZERO,0.001,77,0.0,0.005,0.0048962362864132325,-0.00010376371358676757,flat,0.00010376371358676757
19,ZERO,0.001,79,0.0,0.005,0.0048962362864132325,-0.00010376371358676757,flat,0.00010376371358676757
19,ZERO,0.001,82,0.0,0.005,0.0048962362864132325,-0.00010376371358676757,flat,0.00010376371358676757
19,ZERO,0.001,84,0.0,0.005,0.0048962362864132325,-0.00010376371358676757,flat,0.00010376371358676757
19,ZERO,0.001,85,0.0,0.005,0.0048962362864132325,-0.00010376371358676757,flat,0.00010376371358676757
19,ZERO,0.001,87,0.0,0.005,0.0048962362864132325,-0.00010376371358676757,flat,0.00010376371358676757
19,ZERO,0.001,89,0.0,0.005,0.0048962362864132325,-0.00010376371358676757,flat,0.00010376371358676757
19,ZERO,0.001,90,0.0,0.005,0.0048962362864132325,-0.00010376371358676757,flat,0.00010376371358676757
19,ZERO,0.001,92,0.0,0.005,0.0048962362864132325,-0.00010376371358676757,flat,0.00010376371358676757
19,ZERO,0.001,93,0.0,0.005,0.0048962362864132325,-0.00010376371358676757,flat,0.00010376371358676757
19,ZERO,0.001,95,0.0,0.005,0.0048962362864132325,-0.00010376371358676757,flat,0.00010376371358676757
19,ZERO,0.001,97,0.0,0.005,0.0048962362864132325,-0.00010376371358676757,flat,0.00010376371358676757
19,ZERO,0.001,98,0.0,0.005,0.0048962362864132325,-0.00010376371358676757,flat,0.00010376371358676757
19,ZERO,0.001,100,0.0,0.005,0.0048962362864132325,-0.00010376371358676757,flat,0.00010376371358676757
19,ZERO,0.001,101,0.0,0.005,0.0048962362864132325,-0.00010376371358676757,flat,0.00010376371358676757
19,ZERO,0.001,102,0.0,0.005,0.0048962362864132325,-0.00010376371358676757,flat,0.00010376371358676757
19,ZERO,0.001,103,0.0,0.005,0.0048962362864132325,-0.00010376371358676757,flat,0.00010376371358676757
19,ZERO,0.001,105,0.0,0.005,0.0048962362864132325,-0.00010376371358676757,flat,0.00010376371358676757
19,ZERO,0.001,107,0.0,0.005,0.0048962362864132325,-0.00010376371358676757,flat,0.00010376371358676757
19,ZERO,0.001,112,0.0,0.005,0.0048962362864132325,-0.00010376371358676757,flat,0.00010376371358676757
19,ZERO,0.001,114,0.0,0.005,0.0048962362864132325,-0.00010376371358676757,flat,0.00010376371358676757
19,ZERO,0.001,117,0.0,0.005,0.0048962362864132325,-0.00010376371358676757,flat,0.00010376371358676757
19,ZERO,0.001,118,0.0,0.005,0.0048962362864132325,-0.00010376371358676757,flat,0.00010376371358676757
19,ZERO,0.001,122,0.0,0.005,0.0048962362864132325,-0.00010376371358676757,flat,0.00010376371358676757
19,ZERO,0.001,123,0.0,0.005,0.0048962362864132325,-0.00010376371358676757,flat,0.00010376371358676757
19,ZERO,0.001,125,0.0,0.005,0.0048962362864132325,-0.00010376371358676757,flat,0.00010376371358676757
19,ZERO,0.001,127,0.0,0.005,0.0048962362864132325,-0.00010376371358676757,flat,0.00010376371358676757
19,ZERO,0.001,130,0.0,0.005,0.0048962362864132325,-0.00010376371358676757,flat,0.00010376371358676757
19,ZERO,0.001,131,0.0,0.005,0.0048962362864132325,-0.00010376371358676757,flat,0.00010376371358676757
19,ZERO,0.001,132,0.0,0.005,0.0048962362864132325,-0.00010376371358676757,flat,0.00010376371358676757
19,ZERO,0.001,134,0.0,0.005,0.0048962362864132325,-0.00010376371358676757,flat,0.00010376371358676757
19,ZERO,0.001,135,0.0,0.005,0.0048962362864132325,-0.00010376371358676757,flat,0.00010376371358676757
19,ZERO,0.001,136,0.0,0.005,0.0048962362864132325,-0.00010376371358676757,flat,0.00010376371358676757
19,ZERO,0.001,138,0.0,0.005,0.0048962362864132325,-0.00010376371358676757,flat,0.00010376371358676757
19,ZERO,0.001,142,0.0,0.005,0.0048962362864132325,-0.00010376371358676757,flat,0.00010376371358676757
19,ZERO,0.001,143,0.0,0.005,0.0048962362864132325,-0.00010376371358676757,flat,0.00010376371358676757
19,ZERO,0.001,145,0.0,0.005,0.0048962362864132325,-0.00010376371358676757,flat,0.00010376371358676757
19,ZERO,0.001,146,0.0,0.005,0.0048962362864132325,-0.00010376371358676757,flat,0.00010376371358676757
19,ZERO,0.001,150,0.0,0.005,0.0048962362864132325,-0.00010376371358676757,flat,0.00010376371358676757
19,ZERO,0.001,152,0.0,0.005,0.0048962362864132325,-0.00010376371358676757,flat,0.00010376371358676757
19,ZERO,0.001,153,0.0,0.005,0.0048962362864132325,-0.00010376371358676757,flat,0.00010376371358676757
19,ZERO,0.001,155,0.0,0.005,0.0048962362864132325,-0.00010376371358676757,flat,0.00010376371358676757
19,ZERO,0.001,156,0.0,0.005,0.0048962362864132325,-0.00010376371358676757,flat,0.00010376371358676757
19,ZERO,0.001,158,0.0,0.005,0.0048962362864132325,-0.00010376371358676757,flat,0.00010376371358676757
19,ZERO,0.001,159,0.0,0.005,0.0048962362864132325,-0.00010376371358676757,flat,0.00010376371358676757
19,ZERO,0.001,160,0.0,0.005,0.0048962362864132325,-0.00010376371358676757,flat,0.00010376371358676757
19,ZERO,0.001,167,0.0,0.005,0.0048962362864132325,-0.00010376371358676757,flat,0.00010376371358676757
19,ZERO,0.001,170,0.0,0.005,0.0048962362864132325,-0.00010376371358676757,flat,0.00010376371358676757
19,ZERO,0.001,171,0.0,0.005,0.0048962362864132325,-0.00010376371358676757,flat,0.00010376371358676757
19,ZERO,0.001,172,0.0,0.005,0.0048962362864132325,-0.00010376371358676757,flat,0.00010376371358676757
19,ZERO,0.001,173,0.0,0.005,0.0048962362864132325,-0.00010376371358676757,flat,0.00010376371358676757
19,ZERO,0.001,174,0.0,0.005,0.0048962362864132325,-0.00010376371358676757,flat,0.00010376371358676757
19,ZERO,0.001,176,0.0,0.005,0.0048962362864132325,-0.00010376371358676757,flat,0.00010376371358676757
19,ZERO,0.001,178,0.0,0.005,0.0048962362864132325,-0.00010376371358676757,flat,0.00010376371358676757
19,ZERO,0.001,181,0.0,0.005,0.0048962362864132325,-0.00010376371358676757,flat,0.00010376371358676757
19,ZERO,0.001,184,0.0,0.005,0.0048962362864132325,-0.00010376371358676757,flat,0.00010376371358676757
19,ZERO,0.001,189,0.0,0.005,0.0048962362864132325,-0.00010376371358676757,flat,0.00010376371358676757
19,ZERO,0.001,190,0.0,0.005,0.0048962362864132325,-0.00010376371358676757,flat,0.00010376371358676757
19,ZERO,0.001,192,0.0,0.005,0.0048962362864132325,-0.00010376371358676757,flat,0.00010376371358676757
19,ZERO,0.001,194,0.0,0.005,0.0048962362864132325,-0.00010376371358676757,flat,0.00010376371358676757
19,ZERO,0.001,195,0.0,0.005,0.0048962362864132325,-0.00010376371358676757,flat,0.00010376371358676757
19,ZERO,0.001,197,0.0,0.005,0.0048962362864132325,-0.00010376371358676757,flat,0.00010376371358676757
19,ZERO,0.001,199,0.0,0.005,0.0048962362864132325,-0.00010376371358676757,flat,0.00010376371358676757
19,ZERO,0.001,116,6546.10915637018,0.005,0.00489935516267168,-0.00010064483732831996,flat,0.00010064483732831996
19,ZERO,0.001,25,9819.16373455527,0.005,0.004900914600800904,-9.908539919909615e-05,flat,9.908539919909615e-05
19,ZERO,0.001,32,9819.16373455527,0.005,0.004900914600800904,-9.908539919909615e-05,flat,9.908539919909615e-05
19,ZERO,0.001,16,16365.2728909255,0.005,0.004904033477059351,-9.59665229406494e-05,flat,9.59665229406494e-05
19,ZERO,0.001,91,415677.931429507,0.005,0.005094284928824636,9.428492882463616e-05,flat,9.428492882463616e-05
19,ZERO,0.001,11,22911.3820472956,0.005,0.004907152353317798,-9.284764668220178e-05,flat,9.284764668220178e-05
19,ZERO,0.001,140,22911.3820472956,0.005,0.004907152353317798,-9.284764668220178e-05,flat,9.284764668220178e-05
19,ZERO,0.001,188,39276.6549382211,0.005,0.0049149495439639165,-8.50504560360836e-05,flat,8.50504560360836e-05
19,ZERO,0.001,86,387311.458418569,0.005,0.005080769798371364,8.076979837136431e-05,flat,8.076979837136431e-05
19,ZERO,0.001,104,49095.8186727764,0.005,0.004919627858351588,-8.037214164841218e-05,flat,8.037214164841218e-05
19,ZERO,0.001,154,49095.8186727764,0.005,0.004919627858351588,-8.037214164841218e-05,flat,8.037214164841218e-05
19,ZERO,0.001,196,49095.8186727764,0.005,0.004919627858351588,-8.037214164841218e-05,flat,8.037214164841218e-05
19,ZERO,0.001,182,384583.912936748,0.005,0.005079470266597012,7.947026659701172e-05,flat,7.947026659701172e-05
19,ZERO,0.001,15,382401.876551291,0.005,0.005078430641177529,7.84306411775286e-05,flat,7.84306411775286e-05
19,ZERO,0.001,111,377492.294684014,0.005,0.005076091483983694,7.609148398369375e-05,flat,7.609148398369375e-05
19,ZERO,0.001,147,58914.9824073316,0.005,0.0049243061727392585,-7.569382726074162e-05,flat,7.569382726074162e-05
19,ZERO,0.001,148,58914.9824073316,0.005,0.0049243061727392585,-7.569382726074162e-05,flat,7.569382726074162e-05
19,ZERO,0.001,186,72007.200720072,0.005,0.004930543925256153,-6.945607474384725e-05,flat,6.945607474384725e-05
19,ZERO,0.001,10,73643.7280091646,0.005,0.004931323644320765,-6.867635567923535e-05,flat,6.867635567923535e-05
19,ZERO,0.001,57,355126.421733082,0.005,0.005065435323433998,6.54353234339983e-05,flat,6.54353234339983e-05
19,ZERO,0.001,73,355126.421733082,0.005,0.005065435323433998,6.54353234339983e-05,flat,6.54353234339983e-05
19,ZERO,0.001,54,351853.367154897,0.005,0.0050638758853047755,6.387588530477536e-05,flat,6.387588530477536e-05
19,ZERO,0.001,40,85099.4190328124,0.005,0.004936781677773048,-6.321832222695202e-05,flat,6.321832222695202e-05
19,ZERO,0.001,39,88372.4736109974,0.005,0.004938341115902271,-6.165888409772908e-05,flat,6.165888409772908e-05
19,ZERO,0.001,108,88372.4736109974,0.005,0.004938341115902271,-6.165888409772908e-05,flat,6.165888409772908e-05
19,ZERO,0.001,35,343670.730709435,0.005,0.005059977289981716,5.9977289981715844e-05,flat,5.9977289981715844e-05
19,ZERO,0.001,151,95464.0918637318,0.005,0.004941719898515589,-5.8280101484411116e-05,flat,5.8280101484411116e-05
19,ZERO,0.001,137,100373.673731009,0.005,0.004944059055709425,-5.5940944290575403e-05,flat,5.5940944290575403e-05
19,ZERO,0.001,4,325668.930529417,0.005,0.005051400380270986,5.1400380270985764e-05,flat,5.1400380270985764e-05
19,ZERO,0.001,71,322395.875951231,0.005,0.005049840942141762,4.9840942141761956e-05,flat,4.9840942141761956e-05
19,ZERO,0.001,133,117284.455718299,0.005,0.004952116152710413,-4.788384728958688e-05,flat,4.788384728958688e-05
19,ZERO,0.001,193,306030.603060306,0.005,0.005042043751495644,4.204375149564378e-05,flat,4.204375149564378e-05
19,ZERO,0.001,76,134195.237705589,0.005,0.004960173249711403,-3.9826750288597494e-05,flat,3.9826750288597494e-05
19,ZERO,0.001,106,135831.764994681,0.005,0.0049609529687760145,-3.904703122398559e-05,flat,3.904703122398559e-05
19,ZERO,0.001,180,136922.78318741,0.005,0.004961472781485756,-3.852721851424403e-05,flat,3.852721851424403e-05
19,ZERO,0.001,72,147287.456018329,0.005,0.004966411002228297,-3.358899777170313e-05,flat,3.358899777170313e-05
19,ZERO,0.001,126,147287.456018329,0.005,0.004966411002228297,-3.358899777170313e-05,flat,3.358899777170313e-05
19,ZERO,0.001,166,287483.293783924,0.005,0.0050332069354300435,3.3206935430043355e-05,flat,3.3206935430043355e-05
19,ZERO,0.001,83,281482.693723918,0.005,0.005030347965526467,3.034796552646695e-05,flat,3.034796552646695e-05
19,ZERO,0.001,68,156561.11065652,0.005,0.004970829410261097,-2.9170589738902915e-05,flat,2.9170589738902915e-05
19,ZERO,0.001,88,174562.910836538,0.005,0.004979406319971827,-2.0593680028172835e-05,flat,2.0593680028172835e-05
19,ZERO,0.001,200,260207.838965715,0.005,0.005020211617686513,2.0211617686513063e-05,flat,2.0211617686513063e-05
19,ZERO,0.001,169,177290.456318359,0.005,0.004980705851746181,-1.9294148253819372e-05,flat,1.9294148253819372e-05
19,ZERO,0.001,38,183291.056378365,0.005,0.004983564821649757,-1.6435178350242968e-05,flat,1.6435178350242968e-05
19,ZERO,0.001,75,243842.566074789,0.005,0.005012414427040395,1.2414427040394888e-05,flat,1.2414427040394888e-05
19,ZERO,0.001,80,199110.820172926,0.005,0.004991102105941005,-8.897894058995139e-06,flat,8.897894058995139e-06
19,ZERO,0.001,78,230750.347762049,0.005,0.005006176674523501,6.176674523500521e-06,flat,6.176674523500521e-06
19,ZERO,0.001,96,230750.347762049,0.005,0.005006176674523501,6.176674523500521e-06,flat,6.176674523500521e-06
19,ZERO,0.001,109,230750.347762049,0.005,0.005006176674523501,6.176674523500521e-06,flat,6.176674523500521e-06
19,ZERO,0.001,124,230750.347762049,0.005,0.005006176674523501,6.176674523500521e-06,flat,6.176674523500521e-06
19,ZERO,0.001,141,205656.929329297,0.005,0.004994220982199453,-5.7790178005475215e-06,flat,5.7790178005475215e-06
19,ZERO,0.001,94,226931.7840875,0.005,0.0050043573300394065,4.357330039406367e-06,flat,4.357330039406367e-06
19,ZERO,0.001,198,224749.747702043,0.005,0.005003317704619923,3.3177046199232493e-06,flat,3.3177046199232493e-06
19,ZERO,0.001,179,222567.711316586,0.005,0.005002278079200441,2.2780792004409994e-06,flat,2.2780792004409994e-06
19,ZERO,0.001,18,214930.583967488,0.005,0.004998639390232253,-1.360609767747309e-06,flat,1.360609767747309e-06
19,ZERO,0.01,5,1215939.77579576,0.005,0.006503876643755569,0.0015038766437555692,flat,0.0015038766437555692
19,ZERO,0.01,99,1215939.77579576,0.005,0.006503876643755569,0.0015038766437555692,flat,0.0015038766437555692
19,ZERO,0.01,149,1215939.77579576,0.005,0.006503876643755569,0.0015038766437555692,flat,0.0015038766437555692
19,ZERO,0.01,177,1215939.77579576,0.005,0.006503876643755569,0.0015038766437555692,flat,0.0015038766437555692
19,ZERO,0.01,183,1143932.57507569,0.005,0.006395386363869502,0.0013953863638695016,flat,0.0013953863638695016
19,ZERO,0.01,128,1117748.13845021,0.005,0.006355935353001841,0.0013559353530018413,flat,0.0013559353530018413
19,ZERO,0.01,66,1100291.84736655,0.005,0.006329634679090057,0.0013296346790900573,flat,0.0013296346790900573
19,ZERO,0.01,64,1093745.73821018,0.005,0.0063197719263731415,0.0013197719263731414,flat,0.0013197719263731414
19,ZERO,0.01,115,1065379.26519925,0.005,0.006277033331266519,0.0012770333312665189,flat,0.0012770333312665189
19,ZERO,0.01,2,986825.955322805,0.005,0.006158680298663529,0.0011586802986635293,flat,0.0011586802986635293
19,ZERO,0.01,168,914818.754602733,0.005,0.006050190018777459,0.001050190018777459,flat,0.001050190018777459
19,ZERO,0.01,119,906090.609060906,0.005,0.0060370396818215715,0.0010370396818215714,flat,0.0010370396818215714
19,ZERO,0.01,162,855903.772195401,0.005,0.005961425244325219,0.000961425244325219,flat,0.000961425244325219
19,ZERO,0.01,62,846630.11755721,0.005,0.005947453011309589,0.0009474530113095887,flat,0.0009474530113095887
19,ZERO,0.01,157,826991.7900881,0.005,0.0059178647531588436,0.0009178647531588435,flat,0.0009178647531588435
19,ZERO,0.01,120,823173.22641355,0.005,0.005912111480740642,0.0009121114807406419,flat,0.0009121114807406419
19,ZERO,0.01,8,810626.517197174,0.005,0.005893207871366554,0.0008932078713665536,flat,0.0008932078713665536
19,ZERO,0.01,70,810626.517197174,0.005,0.005893207871366554,0.0008932078713665536,flat,0.0008932078713665536
19,ZERO,0.01,144,810626.517197174,0.005,0.005893207871366554,0.0008932078713665536,flat,0.0008932078713665536
19,ZERO,0.01,164,810626.517197174,0.005,0.005893207871366554,0.0008932078713665536,flat,0.0008932078713665536
19,ZERO,0.01,163,809535.499004446,0.005,0.005891564079247068,0.0008915640792470682,flat,0.0008915640792470682
19,ZERO,0.01,58,798625.317077162,0.005,0.005875126158052209,0.0008751261580522088,flat,0.0008751261580522088
19,ZERO,0.01,23,795352.262498977,0.005,0.005870194781693751,0.0008701947816937509,flat,0.0008701947816937509
19,ZERO,0.01,81,770804.353162589,0.005,0.005833209459005318,0.0008332094590053178,flat,0.0008332094590053178
19,ZERO,0.01,161,769167.825873496,0.005,0.005830743770826088,0.000830743770826088,flat,0.000830743770826088
19,ZERO,0.01,41,742983.389248016,0.005,0.005791292759958428,0.0007912927599584276,flat,0.0007912927599584276
19,ZERO,0.01,129,731527.698224368,0.005,0.005774032942703825,0.0007740329427038247,flat,0.0007740329427038247
19,ZERO,0.01,31,710252.843466165,0.005,0.00574197899637385,0.0007419789963738497,flat,0.0007419789963738497
19,ZERO,0.01,121,608788.151542427,0.005,0.0055891063292616595,0.0005891063292616594,flat,0.0005891063292616594
19,ZERO,0.01,47,591877.369555137,0.005,0.005563627551409628,0.0005636275514096277,flat,0.0005636275514096277
19,ZERO,0.01,3,574966.587567848,0.005,0.005538148773557597,0.0005381487735575969,flat,0.0005381487735575969
19,ZERO,0.01,139,564601.914736928,0.005,0.0055225327484224795,0.0005225327484224794,flat,0.0005225327484224794
19,ZERO,0.01,185,559692.33286965,0.005,0.0055151356838847925,0.0005151356838847924,flat,0.0005151356838847924
19,ZERO,0.01,110,553146.22371328,0.005,0.0055052729311678775,0.0005052729311678774,flat,0.0005052729311678774
19,ZERO,0.01,27,540054.00540054,0.005,0.005485547425734047,0.0004855474257340472,flat,0.0004855474257340472
19,ZERO,0.01,165,540054.00540054,0.005,0.005485547425734047,0.0004855474257340472,flat,0.0004855474257340472
19,ZERO,0.01,1,538417.478111448,0.005,0.005483081737554819,0.0004830817375548191,flat,0.0004830817375548191
19,ZERO,0.01,48,528052.805280528,0.005,0.005467465712419702,0.0004674657124197016,flat,0.0004674657124197016
19,ZERO,0.01,187,526961.7870878,0.005,0.005465821920300216,0.0004658219203002162,flat,0.0004658219203002162
19,ZERO,0.01,175,487685.132149579,0.005,0.005406645403998724,0.000406645403998724,flat,0.000406645403998724
19,ZERO,0.01,113,461500.695524098,0.005,0.005367194393131061,0.00036719439313106107,flat,0.00036719439313106107
19,ZERO,0.01,191,461500.695524098,0.005,0.005367194393131061,0.00036719439313106107,flat,0.00036719439313106107
19,ZERO,0.01,6,0.0,0.005,0.00467187032658852,-0.00032812967341148015,flat,0.00032812967341148015
19,ZERO,0.01,7,0.0,0.005,0.00467187032658852,-0.00032812967341148015,flat,0.00032812967341148015
19,ZERO,0.01,9,0.0,0.005,0.00467187032658852,-0.00032812967341148015,flat,0.00032812967341148015
19,ZERO,0.01,12,0.0,0.005,0.00467187032658852,-0.00032812967341148015,flat,0.00032812967341148015
19,ZERO,0.01,13,0.0,0.005,0.00467187032658852,-0.00032812967341148015,flat,0.00032812967341148015
19,ZERO,0.01,14,0.0,0.005,0.00467187032658852,-0.00032812967341148015,flat,0.00032812967341148015
19,ZERO,0.01,17,0.0,0.005,0.00467187032658852,-0.00032812967341148015,flat,0.00032812967341148015
19,ZERO,0.01,19,0.0,0.005,0.00467187032658852,-0.00032812967341148015,flat,0.00032812967341148015
19,ZERO,0.01,20,0.0,0.005,0.00467187032658852,-0.00032812967341148015,flat,0.00032812967341148015
19,ZERO,0.01,21,0.0,0.005,0.00467187032658852,-0.00032812967341148015,flat,0.00032812967341148015
19,ZERO,0.01,22,0.0,0.005,0.00467187032658852,-0.00032812967341148015,flat,0.00032812967341148015
19,ZERO,0.01,24,0.0,0.005,0.00467187032658852,-0.00032812967341148015,flat,0.00032812967341148015
19,ZERO,0.01,26,0.0,0.005,0.00467187032658852,-0.00032812967341148015,flat,0.00032812967341148015
19,ZERO,0.01,28,0.0,0.005,0.00467187032658852,-0.00032812967341148015,flat,0.00032812967341148015
19,ZERO,0.01,29,0.0,0.005,0.00467187032658852,-0.00032812967341148015,flat,0.00032812967341148015
19,ZERO,0.01,30,0.0,0.005,0.00467187032658852,-0.00032812967341148015,flat,0.00032812967341148015
19,ZERO,0.01,33,0.0,0.005,0.00467187032658852,-0.00032812967341148015,flat,0.00032812967341148015
19,ZERO,0.01,34,0.0,0.005,0.00467187032658852,-0.00032812967341148015,flat,0.00032812967341148015
19,ZERO,0.01,36,0.0,0.005,0.00467187032658852,-0.00032812967341148015,flat,0.00032812967341148015
19,ZERO,0.01,37,0.0,0.005,0.00467187032658852,-0.00032812967341148015,flat,0.00032812967341148015
19,ZERO,0.01,42,0.0,0.005,0.00467187032658852,-0.00032812967341148015,flat,0.00032812967341148015
19,ZERO,0.01,43,0.0,0.005,0.00467187032658852,-0.00032812967341148015,flat,0.00032812967341148015
19,ZERO,0.01,44,0.0,0.005,0.00467187032658852,-0.00032812967341148015,flat,0.00032812967341148015
19,ZERO,0.01,45,0.0,0.005,0.00467187032658852,-0.00032812967341148015,flat,0.00032812967341148015
19,ZERO,0.01,46,0.0,0.005,0.00467187032658852,-0.00032812967341148015,flat,0.00032812967341148015
19,ZERO,0.01,49,0.0,0.005,0.00467187032658852,-0.00032812967341148015,flat,0.00032812967341148015
19,ZERO,0.01,50,0.0,0.005,0.00467187032658852,-0.00032812967341148015,flat,0.00032812967341148015
19,ZERO,0.01,51,0.0,0.005,0.00467187032658852,-0.00032812967341148015,flat,0.00032812967341148015
19,ZERO,0.01,52,0.0,0.005,0.00467187032658852,-0.00032812967341148015,flat,0.00032812967341148015
19,ZERO,0.01,53,0.0,0.005,0.00467187032658852,-0.00032812967341148015,flat,0.00032812967341148015
19,ZERO,0.01,55,0.0,0.005,0.00467187032658852,-0.00032812967341148015,flat,0.00032812967341148015
19,ZERO,0.01,56,0.0,0.005,0.00467187032658852,-0.00032812967341148015,flat,0.00032812967341148015
19,ZERO,0.01,59,0.0,0.005,0.00467187032658852,-0.00032812967341148015,flat,0.00032812967341148015
19,ZERO,0.01,60,0.0,0.005,0.00467187032658852,-0.00032812967341148015,flat,0.00032812967341148015
19,ZERO,0.01,61,0.0,0.005,0.00467187032658852,-0.00032812967341148015,flat,0.00032812967341148015
19,ZERO,0.01,63,0.0,0.005,0.00467187032658852,-0.00032812967341148015,flat,0.00032812967341148015
19,ZERO,0.01,65,0.0,0.005,0.00467187032658852,-0.00032812967341148015,flat,0.00032812967341148015
19,ZERO,0.01,67,0.0,0.005,0.00467187032658852,-0.00032812967341148015,flat,0.00032812967341148015
19,ZERO,0.01,69,0.0,0.005,0.00467187032658852,-0.00032812967341148015,flat,0.00032812967341148015
19,ZERO,0.01,74,0.0,0.005,0.00467187032658852,-0.00032812967341148015,flat,0.00032812967341148015
19,ZERO,0.01,77,0.0,0.005,0.00467187032658852,-0.00032812967341148015,flat,0.00032812967341148015
19,ZERO,0.01,79,0.0,0.005,0.00467187032658852,-0.00032812967341148015,flat,0.00032812967341148015
19,ZERO,0.01,82,0.0,0.005,0.00467187032658852,-0.00032812967341148015,flat,0.00032812967341148015
19,ZERO,0.01,84,0.0,0.005,0.00467187032658852,-0.00032812967341148015,flat,0.00032812967341148015
19,ZERO,0.01,85,0.0,0.005,0.00467187032658852,-0.00032812967341148015,flat,0.00032812967341148015
19,ZERO,0.01,87,0.0,0.005,0.00467187032658852,-0.00032812967341148015,flat,0.00032812967341148015
19,ZERO,0.01,89,0.0,0.005,0.00467187032658852,-0.00032812967341148015,flat,0.00032812967341148015
19,ZERO,0.01,90,0.0,0.005,0.00467187032658852,-0.00032812967341148015,flat,0.00032812967341148015
19,ZERO,0.01,92,0.0,0.005,0.00467187032658852,-0.00032812967341148015,flat,0.00032812967341148015
19,ZERO,0.01,93,0.0,0.005,0.00467187032658852,-0.00032812967341148015,flat,0.00032812967341148015
19,ZERO,0.01,95,0.0,0.005,0.00467187032658852,-0.00032812967341148015,flat,0.00032812967341148015
19,ZERO,0.01,97,0.0,0.005,0.00467187032658852,-0.00032812967341148015,flat,0.00032812967341148015
19,ZERO,0.01,98,0.0,0.005,0.00467187032658852,-0.00032812967341148015,flat,0.00032812967341148015
19,ZERO,0.01,100,0.0,0.005,0.00467187032658852,-0.00032812967341148015,flat,0.00032812967341148015
19,ZERO,0.01,101,0.0,0.005,0.00467187032658852,-0.00032812967341148015,flat,0.00032812967341148015
19,ZERO,0.01,102,0.0,0.005,0.00467187032658852,-0.00032812967341148015,flat,0.00032812967341148015
19,ZERO,0.01,103,0.0,0.005,0.00467187032658852,-0.00032812967341148015,flat,0.00032812967341148015
19,ZERO,0.01,105,0.0,0.005,0.00467187032658852,-0.00032812967341148015,flat,0.00032812967341148015
19,ZERO,0.01,107,0.0,0.005,0.00467187032658852,-0.00032812967341148015,flat,0.00032812967341148015
19,ZERO,0.01,112,0.0,0.005,0.00467187032658852,-0.00032812967341148015,flat,0.00032812967341148015
19,ZERO,0.01,114,0.0,0.005,0.00467187032658852,-0.00032812967341148015,flat,0.00032812967341148015
19,ZERO,0.01,117,0.0,0.005,0.00467187032658852,-0.00032812967341148015,flat,0.00032812967341148015
19,ZERO,0.01,118,0.0,0.005,0.00467187032658852,-0.00032812967341148015,flat,0.00032812967341148015
19,ZERO,0.01,122,0.0,0.005,0.00467187032658852,-0.00032812967341148015,flat,0.00032812967341148015
19,ZERO,0.01,123,0.0,0.005,0.00467187032658852,-0.00032812967341148015,flat,0.00032812967341148015
19,ZERO,0.01,125,0.0,0.005,0.00467187032658852,-0.00032812967341148015,flat,0.00032812967341148015
19,ZERO,0.01,127,0.0,0.005,0.00467187032658852,-0.00032812967341148015,flat,0.00032812967341148015
19,ZERO,0.01,130,0.0,0.005,0.00467187032658852,-0.00032812967341148015,flat,0.00032812967341148015
19,ZERO,0.01,131,0.0,0.005,0.00467187032658852,-0.00032812967341148015,flat,0.00032812967341148015
19,ZERO,0.01,132,0.0,0.005,0.00467187032658852,-0.00032812967341148015,flat,0.00032812967341148015
19,ZERO,0.01,134,0.0,0.005,0.00467187032658852,-0.00032812967341148015,flat,0.00032812967341148015
19,ZERO,0.01,135,0.0,0.005,0.00467187032658852,-0.00032812967341148015,flat,0.00032812967341148015
19,ZERO,0.01,136,0.0,0.005,0.00467187032658852,-0.00032812967341148015,flat,0.00032812967341148015
19,ZERO,0.01,138,0.0,0.005,0.00467187032658852,-0.00032812967341148015,flat,0.00032812967341148015
19,ZERO,0.01,142,0.0,0.005,0.00467187032658852,-0.00032812967341148015,flat,0.00032812967341148015
19,ZERO,0.01,143,0.0,0.005,0.00467187032658852,-0.00032812967341148015,flat,0.00032812967341148015
19,ZERO,0.01,145,0.0,0.005,0.00467187032658852,-0.00032812967341148015,flat,0.00032812967341148015
19,ZERO,0.01,146,0.0,0.005,0.00467187032658852,-0.00032812967341148015,flat,0.00032812967341148015
19,ZERO,0.01,150,0.0,0.005,0.00467187032658852,-0.00032812967341148015,flat,0.00032812967341148015
19,ZERO,0.01,152,0.0,0.005,0.00467187032658852,-0.00032812967341148015,flat,0.00032812967341148015
19,ZERO,0.01,153,0.0,0.005,0.00467187032658852,-0.00032812967341148015,flat,0.00032812967341148015
19,ZERO,0.01,155,0.0,0.005,0.00467187032658852,-0.00032812967341148015,flat,0.00032812967341148015
19,ZERO,0.01,156,0.0,0.005,0.00467187032658852,-0.00032812967341148015,flat,0.00032812967341148015
19,ZERO,0.01,158,0.0,0.005,0.00467187032658852,-0.00032812967341148015,flat,0.00032812967341148015
19,ZERO,0.01,159,0.0,0.005,0.00467187032658852,-0.00032812967341148015,flat,0.00032812967341148015
19,ZERO,0.01,160,0.0,0.005,0.00467187032658852,-0.00032812967341148015,flat,0.00032812967341148015
19,ZERO,0.01,167,0.0,0.005,0.00467187032658852,-0.00032812967341148015,flat,0.00032812967341148015
19,ZERO,0.01,170,0.0,0.005,0.00467187032658852,-0.00032812967341148015,flat,0.00032812967341148015
19,ZERO,0.01,171,0.0,0.005,0.00467187032658852,-0.00032812967341148015,flat,0.00032812967341148015
19,ZERO,0.01,172,0.0,0.005,0.00467187032658852,-0.00032812967341148015,flat,0.00032812967341148015
19,ZERO,0.01,173,0.0,0.005,0.00467187032658852,-0.00032812967341148015,flat,0.00032812967341148015
19,ZERO,0.01,174,0.0,0.005,0.00467187032658852,-0.00032812967341148015,flat,0.00032812967341148015
19,ZERO,0.01,176,0.0,0.005,0.00467187032658852,-0.00032812967341148015,flat,0.00032812967341148015
19,ZERO,0.01,178,0.0,0.005,0.00467187032658852,-0.00032812967341148015,flat,0.00032812967341148015
19,ZERO,0.01,181,0.0,0.005,0.00467187032658852,-0.00032812967341148015,flat,0.00032812967341148015
19,ZERO,0.01,184,0.0,0.005,0.00467187032658852,-0.00032812967341148015,flat,0.00032812967341148015
19,ZERO,0.01,189,0.0,0.005,0.00467187032658852,-0.00032812967341148015,flat,0.00032812967341148015
19,ZERO,0.01,190,0.0,0.005,0.00467187032658852,-0.00032812967341148015,flat,0.00032812967341148015
19,ZERO,0.01,192,0.0,0.005,0.00467187032658852,-0.00032812967341148015,flat,0.00032812967341148015
19,ZERO,0.01,194,0.0,0.005,0.00467187032658852,-0.00032812967341148015,flat,0.00032812967341148015
19,ZERO,0.01,195,0.0,0.005,0.00467187032658852,-0.00032812967341148015,flat,0.00032812967341148015
19,ZERO,0.01,197,0.0,0.005,0.00467187032658852,-0.00032812967341148015,flat,0.00032812967341148015
19,ZERO,0.01,199,0.0,0.005,0.00467187032658852,-0.00032812967341148015,flat,0.00032812967341148015
19,ZERO,0.01,116,6546.10915637018,0.005,0.004681733079305436,-0.0003182669206945642,flat,0.0003182669206945642
19,ZERO,0.01,25,9819.16373455527,0.005,0.004686664455663893,-0.0003133355443361071,flat,0.0003133355443361071
19,ZERO,0.01,32,9819.16373455527,0.005,0.004686664455663893,-0.0003133355443361071,flat,0.0003133355443361071
19,ZERO,0.01,16,16365.2728909255,0.005,0.004696527208380809,-0.00030347279161919115,flat,0.00030347279161919115
19,ZERO,0.01,91,415677.931429507,0.005,0.005298155124112654,0.0002981551241126538,flat,0.0002981551241126538
19,ZERO,0.01,11,22911.3820472956,0.005,0.004706389961097724,-0.00029361003890227607,flat,0.00029361003890227607
19,ZERO,0.01,140,22911.3820472956,0.005,0.004706389961097724,-0.00029361003890227607,flat,0.00029361003890227607
19,ZERO,0.01,188,39276.6549382211,0.005,0.004731046842890013,-0.0002689531571099871,flat,0.0002689531571099871
19,ZERO,0.01,86,387311.458418569,0.005,0.005255416529006019,0.0002554165290060192,flat,0.0002554165290060192
19,ZERO,0.01,104,49095.8186727764,0.005,0.004745840971965386,-0.000254159028034614,flat,0.000254159028034614
19,ZERO,0.01,154,49095.8186727764,0.005,0.004745840971965386,-0.000254159028034614,flat,0.000254159028034614
19,ZERO,0.01,196,49095.8186727764,0.005,0.004745840971965386,-0.000254159028034614,flat,0.000254159028034614
19,ZERO,0.01,182,384583.912936748,0.005,0.005251307048707304,0.0002513070487073039,flat,0.0002513070487073039
19,ZERO,0.01,15,382401.876551291,0.005,0.005248019464468332,0.0002480194644683322,flat,0.0002480194644683322
19,ZERO,0.01,111,377492.294684014,0.005,0.005240622399930646,0.00024062239993064612,flat,0.00024062239993064612
19,ZERO,0.01,147,58914.9824073316,0.005,0.004760635101040759,-0.00023936489895924097,flat,0.00023936489895924097
19,ZERO,0.01,148,58914.9824073316,0.005,0.004760635101040759,-0.00023936489895924097,flat,0.00023936489895924097
19,ZERO,0.01,186,72007.200720072,0.005,0.00478036060647459,-0.00021963939352540995,flat,0.00021963939352540995
19,ZERO,0.01,10,73643.7280091646,0.005,0.004782826294653819,-0.00021717370534618096,flat,0.00021717370534618096
19,ZERO,0.01,57,355126.421733082,0.005,0.005206924661481184,0.0002069246614811839,flat,0.0002069246614811839
19,ZERO,0.01,73,355126.421733082,0.005,0.005206924661481184,0.0002069246614811839,flat,0.0002069246614811839
19,ZERO,0.01,54,351853.367154897,0.005,0.005201993285122727,0.00020199328512272678,flat,0.00020199328512272678
19,ZERO,0.01,40,85099.4190328124,0.005,0.004800086111908421,-0.00019991388809157892,flat,0.00019991388809157892
19,ZERO,0.01,39,88372.4736109974,0.005,0.004805017488266879,-0.00019498251173312095,flat,0.00019498251173312095
19,ZERO,0.01,108,88372.4736109974,0.005,0.004805017488266879,-0.00019498251173312095,flat,0.00019498251173312095
19,ZERO,0.01,35,343670.730709435,0.005,0.005189664844226584,0.00018966484422658358,flat,0.00018966484422658358
19,ZERO,0.01,151,95464.0918637318,0.005,0.004815702137043538,-0.0001842978629564623,flat,0.0001842978629564623
19,ZERO,0.01,137,100373.673731009,0.005,0.004823099201581224,-0.0001769007984187762,flat,0.0001769007984187762
19,ZERO,0.01,4,325668.930529417,0.005,0.005162542274255066,0.0001625422742550656,flat,0.0001625422742550656
19,ZERO,0.01,71,322395.875951231,0.005,0.005157610897896607,0.00015761089789660676,flat,0.00015761089789660676
19,ZERO,0.01,133,117284.455718299,0.005,0.004848577979433256,-0.0001514220205667445,flat,0.0001514220205667445
19,ZERO,0.01,193,306030.603060306,0.005,0.005132954016104319,0.00013295401610431863,flat,0.00013295401610431863
19,ZERO,0.01,76,134195.237705589,0.005,0.004874056757285288,-0.00012594324271471193,flat,0.00012594324271471193
19,ZERO,0.01,106,135831.764994681,0.005,0.004876522445464516,-0.0001234775545354838,flat,0.0001234775545354838
19,ZERO,0.01,180,136922.78318741,0.005,0.004878166237584003,-0.00012183376241599753,flat,0.00012183376241599753
19,ZERO,0.01,72,147287.456018329,0.005,0.004893782262719118,-0.00010621773728088178,flat,0.00010621773728088178
19,ZERO,0.01,126,147287.456018329,0.005,0.004893782262719118,-0.00010621773728088178,flat,0.00010621773728088178
19,ZERO,0.01,166,287483.293783924,0.005,0.005105009550073059,0.00010500955007305881,flat,0.00010500955007305881
19,ZERO,0.01,83,281482.693723918,0.005,0.005095968693415886,9.596869341588557e-05,flat,9.596869341588557e-05
19,ZERO,0.01,68,156561.11065652,0.005,0.004907754495734749,-9.224550426525143e-05,flat,9.224550426525143e-05
19,ZERO,0.01,88,174562.910836538,0.005,0.004934877065706266,-6.512293429373432e-05,flat,6.512293429373432e-05
19,ZERO,0.01,200,260207.838965715,0.005,0.005063914747085911,6.391474708591048e-05,flat,6.391474708591048e-05
19,ZERO,0.01,169,177290.456318359,0.005,0.004938986546004981,-6.101345399501905e-05,flat,6.101345399501905e-05
19,ZERO,0.01,38,183291.056378365,0.005,0.004948027402662153,-5.1972597337846677e-05,flat,5.1972597337846677e-05
19,ZERO,0.01,75,243842.566074789,0.005,0.005039257865293622,3.9257865293621484e-05,flat,3.9257865293621484e-05
19,ZERO,0.01,80,199110.820172926,0.005,0.004971862388394699,-2.8137611605301253e-05,flat,2.8137611605301253e-05
19,ZERO,0.01,78,230750.347762049,0.005,0.0050195323598597906,1.953235985979046e-05,flat,1.953235985979046e-05
19,ZERO,0.01,96,230750.347762049,0.005,0.0050195323598597906,1.953235985979046e-05,flat,1.953235985979046e-05
19,ZERO,0.01,109,230750.347762049,0.005,0.0050195323598597906,1.953235985979046e-05,flat,1.953235985979046e-05
19,ZERO,0.01,124,230750.347762049,0.005,0.0050195323598597906,1.953235985979046e-05,flat,1.953235985979046e-05
19,ZERO,0.01,141,205656.929329297,0.005,0.004981725141111616,-1.827485888838444e-05,flat,1.827485888838444e-05
19,ZERO,0.01,94,226931.7840875,0.005,0.005013779087441591,1.3779087441590648e-05,flat,1.3779087441590648e-05
19,ZERO,0.01,198,224749.747702043,0.005,0.005010491503202618,1.0491503202618088e-05,flat,1.0491503202618088e-05
19,ZERO,0.01,179,222567.711316586,0.005,0.0050072039189636465,7.2039189636463954e-06,flat,7.2039189636463954e-06
19,ZERO,0.01,18,214930.583967488,0.005,0.004995697374127245,-4.302625872754963e-06,flat,4.302625872754963e-06
19,ZERO,0.05,5,1215939.77579576,0.005,0.008362770405211628,0.0033627704052116283,flat,0.0033627704052116283
19,ZERO,0.05,99,1215939.77579576,0.005,0.008362770405211628,0.0033627704052116283,flat,0.0033627704052116283
19,ZERO,0.05,149,1215939.77579576,0.005,0.008362770405211628,0.0033627704052116283,flat,0.0033627704052116283
19,ZERO,0.05,177,1215939.77579576,0.005,0.008362770405211628,0.0033627704052116283,flat,0.0033627704052116283
19,ZERO,0.05,183,1143932.57507569,0.005,0.008120178764488409,0.0031201787644884087,flat,0.0031201787644884087
19,ZERO,0.05,128,1117748.13845021,0.005,0.008031963622407236,0.0030319636224072364,flat,0.0030319636224072364
19,ZERO,0.05,66,1100291.84736655,0.005,0.007973153527686435,0.0029731535276864346,flat,0.0029731535276864346
19,ZERO,0.05,64,1093745.73821018,0.005,0.007951099742166142,0.0029510997421661423,flat,0.0029510997421661423
19,ZERO,0.05,115,1065379.26519925,0.005,0.007855533338244895,0.002855533338244895,flat,0.002855533338244895
19,ZERO,0.05,2,986825.955322805,0.005,0.007590887912001365,0.002590887912001365,flat,0.002590887912001365
19,ZERO,0.05,168,914818.754602733,0.005,0.007348296271278138,0.0023482962712781377,flat,0.0023482962712781377
19,ZERO,0.05,119,906090.609060906,0.005,0.0073188912239177464,0.0023188912239177463,flat,0.0023188912239177463
19,ZERO,0.05,162,855903.772195401,0.005,0.0071498122015954966,0.0021498122015954964,flat,0.0021498122015954964
19,ZERO,0.05,62,846630.11755721,0.005,0.007118569338775082,0.0021185693387750816,flat,0.0021185693387750816
19,ZERO,0.05,157,826991.7900881,0.005,0.007052407982214203,0.002052407982214203,flat,0.002052407982214203
19,ZERO,0.05,120,823173.22641355,0.005,0.007039543273994029,0.0020395432739940293,flat,0.0020395432739940293
19,ZERO,0.05,8,810626.517197174,0.005,0.006997273518413468,0.0019972735184134675,flat,0.0019972735184134675
19,ZERO,0.05,70,810626.517197174,0.005,0.006997273518413468,0.0019972735184134675,flat,0.0019972735184134675
19,ZERO,0.05,144,810626.517197174,0.005,0.006997273518413468,0.0019972735184134675,flat,0.0019972735184134675
19,ZERO,0.05,164,810626.517197174,0.005,0.006997273518413468,0.0019972735184134675,flat,0.0019972735184134675
19,ZERO,0.05,163,809535.499004446,0.005,0.006993597887493421,0.0019935978874934205,flat,0.0019935978874934205
19,ZERO,0.05,58,798625.317077162,0.005,0.00695684157829293,0.00195684157829293,flat,0.00195684157829293
19,ZERO,0.05,23,795352.262498977,0.005,0.006945814685532784,0.0019458146855327839,flat,0.0019458146855327839
19,ZERO,0.05,81,770804.353162589,0.005,0.006863112989831684,0.0018631129898316837,flat,0.0018631129898316837
19,ZERO,0.05,161,769167.825873496,0.005,0.00685759954345161,0.0018575995434516098,flat,0.0018575995434516098
19,ZERO,0.05,41,742983.389248016,0.005,0.0067693844013704384,0.0017693844013704383,flat,0.0017693844013704383
19,ZERO,0.05,129,731527.698224368,0.005,0.0067307902767099245,0.0017307902767099244,flat,0.0017307902767099244
19,ZERO,0.05,31,710252.843466165,0.005,0.006659115473768971,0.0016591154737689712,flat,0.0016591154737689712
19,ZERO,0.05,121,608788.151542427,0.005,0.006317281798204423,0.0013172817982044227,flat,0.0013172817982044227
19,ZERO,0.05,47,591877.369555137,0.005,0.006260309518943664,0.0012603095189436635,flat,0.0012603095189436635
19,ZERO,0.05,3,574966.587567848,0.005,0.006203337239682909,0.0012033372396829086,flat,0.0012033372396829086
19,ZERO,0.05,139,564601.914736928,0.005,0.006168418745942442,0.0011684187459424416,flat,0.0011684187459424416
19,ZERO,0.05,185,559692.33286965,0.005,0.006151878406802221,0.0011518784068022207,flat,0.0011518784068022207
19,ZERO,0.05,110,553146.22371328,0.005,0.006129824621281928,0.0011298246212819276,flat,0.0011298246212819276
19,ZERO,0.05,27,540054.00540054,0.005,0.006085717050241342,0.0010857170502413423,flat,0.0010857170502413423
19,ZERO,0.05,165,540054.00540054,0.005,0.006085717050241342,0.0010857170502413423,flat,0.0010857170502413423
19,ZERO,0.05,1,538417.478111448,0.005,0.006080203603861271,0.001080203603861271,flat,0.001080203603861271
19,ZERO,0.05,48,528052.805280528,0.005,0.006045285110120805,0.0010452851101208048,flat,0.0010452851101208048
19,ZERO,0.05,187,526961.7870878,0.005,0.006041609479200757,0.001041609479200757,flat,0.001041609479200757
19,ZERO,0.05,175,487685.132149579,0.005,0.005909286766078997,0.0009092867660789967,flat,0.0009092867660789967
19,ZERO,0.05,113,461500.695524098,0.005,0.005821071623997823,0.0008210716239978226,flat,0.0008210716239978226
19,ZERO,0.05,191,461500.695524098,0.005,0.005821071623997823,0.0008210716239978226,flat,0.0008210716239978226
19,ZERO,0.05,6,0.0,0.005,0.004266279744817141,-0.0007337202551828594,flat,0.0007337202551828594
19,ZERO,0.05,7,0.0,0.005,0.004266279744817141,-0.0007337202551828594,flat,0.0007337202551828594
19,ZERO,0.05,9,0.0,0.005,0.004266279744817141,-0.0007337202551828594,flat,0.0007337202551828594
19,ZERO,0.05,12,0.0,0.005,0.004266279744817141,-0.0007337202551828594,flat,0.0007337202551828594
19,ZERO,0.05,13,0.0,0.005,0.004266279744817141,-0.0007337202551828594,flat,0.0007337202551828594
19,ZERO,0.05,14,0.0,0.005,0.004266279744817141,-0.0007337202551828594,flat,0.0007337202551828594
19,ZERO,0.05,17,0.0,0.005,0.004266279744817141,-0.0007337202551828594,flat,0.0007337202551828594
19,ZERO,0.05,19,0.0,0.005,0.004266279744817141,-0.0007337202551828594,flat,0.0007337202551828594
19,ZERO,0.05,20,0.0,0.005,0.004266279744817141,-0.0007337202551828594,flat,0.0007337202551828594
19,ZERO,0.05,21,0.0,0.005,0.004266279744817141,-0.0007337202551828594,flat,0.0007337202551828594
19,ZERO,0.05,22,0.0,0.005,0.004266279744817141,-0.0007337202551828594,flat,0.0007337202551828594
19,ZERO,0.05,24,0.0,0.005,0.004266279744817141,-0.0007337202551828594,flat,0.0007337202551828594
19,ZERO,0.05,26,0.0,0.005,0.004266279744817141,-0.0007337202551828594,flat,0.0007337202551828594
19,ZERO,0.05,28,0.0,0.005,0.004266279744817141,-0.0007337202551828594,flat,0.0007337202551828594
19,ZERO,0.05,29,0.0,0.005,0.004266279744817141,-0.0007337202551828594,flat,0.0007337202551828594
19,ZERO,0.05,30,0.0,0.005,0.004266279744817141,-0.0007337202551828594,flat,0.0007337202551828594
19,ZERO,0.05,33,0.0,0.005,0.004266279744817141,-0.0007337202551828594,flat,0.0007337202551828594
19,ZERO,0.05,34,0.0,0.005,0.004266279744817141,-0.0007337202551828594,flat,0.0007337202551828594
19,ZERO,0.05,36,0.0,0.005,0.004266279744817141,-0.0007337202551828594,flat,0.0007337202551828594
19,ZERO,0.05,37,0.0,0.005,0.004266279744817141,-0.0007337202551828594,flat,0.0007337202551828594
19,ZERO,0.05,42,0.0,0.005,0.004266279744817141,-0.0007337202551828594,flat,0.0007337202551828594
19,ZERO,0.05,43,0.0,0.005,0.004266279744817141,-0.0007337202551828594,flat,0.0007337202551828594
19,ZERO,0.05,44,0.0,0.005,0.004266279744817141,-0.0007337202551828594,flat,0.0007337202551828594
19,ZERO,0.05,45,0.0,0.005,0.004266279744817141,-0.0007337202551828594,flat,0.0007337202551828594
19,ZERO,0.05,46,0.0,0.005,0.004266279744817141,-0.0007337202551828594,flat,0.0007337202551828594
19,ZERO,0.05,49,0.0,0.005,0.004266279744817141,-0.0007337202551828594,flat,0.0007337202551828594
19,ZERO,0.05,50,0.0,0.005,0.004266279744817141,-0.0007337202551828594,flat,0.0007337202551828594
19,ZERO,0.05,51,0.0,0.005,0.004266279744817141,-0.0007337202551828594,flat,0.0007337202551828594
19,ZERO,0.05,52,0.0,0.005,0.004266279744817141,-0.0007337202551828594,flat,0.0007337202551828594
19,ZERO,0.05,53,0.0,0.005,0.004266279744817141,-0.0007337202551828594,flat,0.0007337202551828594
19,ZERO,0.05,55,0.0,0.005,0.004266279744817141,-0.0007337202551828594,flat,0.0007337202551828594
19,ZERO,0.05,56,0.0,0.005,0.004266279744817141,-0.0007337202551828594,flat,0.0007337202551828594
19,ZERO,0.05,59,0.0,0.005,0.004266279744817141,-0.0007337202551828594,flat,0.0007337202551828594
19,ZERO,0.05,60,0.0,0.005,0.004266279744817141,-0.0007337202551828594,flat,0.0007337202551828594
19,ZERO,0.05,61,0.0,0.005,0.004266279744817141,-0.0007337202551828594,flat,0.0007337202551828594
19,ZERO,0.05,63,0.0,0.005,0.004266279744817141,-0.0007337202551828594,flat,0.0007337202551828594
19,ZERO,0.05,65,0.0,0.005,0.004266279744817141,-0.0007337202551828594,flat,0.0007337202551828594
19,ZERO,0.05,67,0.0,0.005,0.004266279744817141,-0.0007337202551828594,flat,0.0007337202551828594
19,ZERO,0.05,69,0.0,0.005,0.004266279744817141,-0.0007337202551828594,flat,0.0007337202551828594
19,ZERO,0.05,74,0.0,0.005,0.004266279744817141,-0.0007337202551828594,flat,0.0007337202551828594
19,ZERO,0.05,77,0.0,0.005,0.004266279744817141,-0.0007337202551828594,flat,0.0007337202551828594
19,ZERO,0.05,79,0.0,0.005,0.004266279744817141,-0.0007337202551828594,flat,0.0007337202551828594
19,ZERO,0.05,82,0.0,0.005,0.004266279744817141,-0.0007337202551828594,flat,0.0007337202551828594
19,ZERO,0.05,84,0.0,0.005,0.004266279744817141,-0.0007337202551828594,flat,0.0007337202551828594
19,ZERO,0.05,85,0.0,0.005,0.004266279744817141,-0.0007337202551828594,flat,0.0007337202551828594
19,ZERO,0.05,87,0.0,0.005,0.004266279744817141,-0.0007337202551828594,flat,0.0007337202551828594
19,ZERO,0.05,89,0.0,0.005,0.004266279744817141,-0.0007337202551828594,flat,0.0007337202551828594
19,ZERO,0.05,90,0.0,0.005,0.004266279744817141,-0.0007337202551828594,flat,0.0007337202551828594
19,ZERO,0.05,92,0.0,0.005,0.004266279744817141,-0.0007337202551828594,flat,0.0007337202551828594
19,ZERO,0.05,93,0.0,0.005,0.004266279744817141,-0.0007337202551828594,flat,0.0007337202551828594
19,ZERO,0.05,95,0.0,0.005,0.004266279744817141,-0.0007337202551828594,flat,0.0007337202551828594
19,ZERO,0.05,97,0.0,0.005,0.004266279744817141,-0.0007337202551828594,flat,0.0007337202551828594
19,ZERO,0.05,98,0.0,0.005,0.004266279744817141,-0.0007337202551828594,flat,0.0007337202551828594
19,ZERO,0.05,100,0.0,0.005,0.004266279744817141,-0.0007337202551828594,flat,0.0007337202551828594
19,ZERO,0.05,101,0.0,0.005,0.004266279744817141,-0.0007337202551828594,flat,0.0007337202551828594
19,ZERO,0.05,102,0.0,0.005,0.004266279744817141,-0.0007337202551828594,flat,0.0007337202551828594
19,ZERO,0.05,103,0.0,0.005,0.004266279744817141,-0.0007337202551828594,flat,0.0007337202551828594
19,ZERO,0.05,105,0.0,0.005,0.004266279744817141,-0.0007337202551828594,flat,0.0007337202551828594
19,ZERO,0.05,107,0.0,0.005,0.004266279744817141,-0.0007337202551828594,flat,0.0007337202551828594
19,ZERO,0.05,112,0.0,0.005,0.004266279744817141,-0.0007337202551828594,flat,0.0007337202551828594
19,ZERO,0.05,114,0.0,0.005,0.004266279744817141,-0.0007337202551828594,flat,0.0007337202551828594
19,ZERO,0.05,117,0.0,0.005,0.004266279744817141,-0.0007337202551828594,flat,0.0007337202551828594
19,ZERO,0.05,118,0.0,0.005,0.004266279744817141,-0.0007337202551828594,flat,0.0007337202551828594
19,ZERO,0.05,122,0.0,0.005,0.004266279744817141,-0.0007337202551828594,flat,0.0007337202551828594
19,ZERO,0.05,123,0.0,0.005,0.004266279744817141,-0.0007337202551828594,flat,0.0007337202551828594
19,ZERO,0.05,125,0.0,0.005,0.004266279744817141,-0.0007337202551828594,flat,0.0007337202551828594
19,ZERO,0.05,127,0.0,0.005,0.004266279744817141,-0.0007337202551828594,flat,0.0007337202551828594
19,ZERO,0.05,130,0.0,0.005,0.004266279744817141,-0.0007337202551828594,flat,0.0007337202551828594
19,ZERO,0.05,131,0.0,0.005,0.004266279744817141,-0.0007337202551828594,flat,0.0007337202551828594
19,ZERO,0.05,132,0.0,0.005,0.004266279744817141,-0.0007337202551828594,flat,0.0007337202551828594
19,ZERO,0.05,134,0.0,0.005,0.004266279744817141,-0.0007337202551828594,flat,0.0007337202551828594
19,ZERO,0.05,135,0.0,0.005,0.004266279744817141,-0.0007337202551828594,flat,0.0007337202551828594
19,ZERO,0.05,136,0.0,0.005,0.004266279744817141,-0.0007337202551828594,flat,0.0007337202551828594
19,ZERO,0.05,138,0.0,0.005,0.004266279744817141,-0.0007337202551828594,flat,0.0007337202551828594
19,ZERO,0.05,142,0.0,0.005,0.004266279744817141,-0.0007337202551828594,flat,0.0007337202551828594
19,ZERO,0.05,143,0.0,0.005,0.004266279744817141,-0.0007337202551828594,flat,0.0007337202551828594
19,ZERO,0.05,145,0.0,0.005,0.004266279744817141,-0.0007337202551828594,flat,0.0007337202551828594
19,ZERO,0.05,146,0.0,0.005,0.004266279744817141,-0.0007337202551828594,flat,0.0007337202551828594
19,ZERO,0.05,150,0.0,0.005,0.004266279744817141,-0.0007337202551828594,flat,0.0007337202551828594
19,ZERO,0.05,152,0.0,0.005,0.004266279744817141,-0.0007337202551828594,flat,0.0007337202551828594
19,ZERO,0.05,153,0.0,0.005,0.004266279744817141,-0.0007337202551828594,flat,0.0007337202551828594
19,ZERO,0.05,155,0.0,0.005,0.004266279744817141,-0.0007337202551828594,flat,0.0007337202551828594
19,ZERO,0.05,156,0.0,0.005,0.004266279744817141,-0.0007337202551828594,flat,0.0007337202551828594
19,ZERO,0.05,158,0.0,0.005,0.004266279744817141,-0.0007337202551828594,flat,0.0007337202551828594
19,ZERO,0.05,159,0.0,0.005,0.004266279744817141,-0.0007337202551828594,flat,0.0007337202551828594
19,ZERO,0.05,160,0.0,0.005,0.004266279744817141,-0.0007337202551828594,flat,0.0007337202551828594
19,ZERO,0.05,167,0.0,0.005,0.004266279744817141,-0.0007337202551828594,flat,0.0007337202551828594
19,ZERO,0.05,170,0.0,0.005,0.004266279744817141,-0.0007337202551828594,flat,0.0007337202551828594
19,ZERO,0.05,171,0.0,0.005,0.004266279744817141,-0.0007337202551828594,flat,0.0007337202551828594
19,ZERO,0.05,172,0.0,0.005,0.004266279744817141,-0.0007337202551828594,flat,0.0007337202551828594
19,ZERO,0.05,173,0.0,0.005,0.004266279744817141,-0.0007337202551828594,flat,0.0007337202551828594
19,ZERO,0.05,174,0.0,0.005,0.004266279744817141,-0.0007337202551828594,flat,0.0007337202551828594
19,ZERO,0.05,176,0.0,0.005,0.004266279744817141,-0.0007337202551828594,flat,0.0007337202551828594
19,ZERO,0.05,178,0.0,0.005,0.004266279744817141,-0.0007337202551828594,flat,0.0007337202551828594
19,ZERO,0.05,181,0.0,0.005,0.004266279744817141,-0.0007337202551828594,flat,0.0007337202551828594
19,ZERO,0.05,184,0.0,0.005,0.004266279744817141,-0.0007337202551828594,flat,0.0007337202551828594
19,ZERO,0.05,189,0.0,0.005,0.004266279744817141,-0.0007337202551828594,flat,0.0007337202551828594
19,ZERO,0.05,190,0.0,0.005,0.004266279744817141,-0.0007337202551828594,flat,0.0007337202551828594
19,ZERO,0.05,192,0.0,0.005,0.004266279744817141,-0.0007337202551828594,flat,0.0007337202551828594
19,ZERO,0.05,194,0.0,0.005,0.004266279744817141,-0.0007337202551828594,flat,0.0007337202551828594
19,ZERO,0.05,195,0.0,0.005,0.004266279744817141,-0.0007337202551828594,flat,0.0007337202551828594
19,ZERO,0.05,197,0.0,0.005,0.004266279744817141,-0.0007337202551828594,flat,0.0007337202551828594
19,ZERO,0.05,199,0.0,0.005,0.004266279744817141,-0.0007337202551828594,flat,0.0007337202551828594
19,ZERO,0.05,116,6546.10915637018,0.005,0.004288333530337434,-0.0007116664696625663,flat,0.0007116664696625663
19,ZERO,0.05,25,9819.16373455527,0.005,0.004299360423097581,-0.0007006395769024194,flat,0.0007006395769024194
19,ZERO,0.05,32,9819.16373455527,0.005,0.004299360423097581,-0.0007006395769024194,flat,0.0007006395769024194
19,ZERO,0.05,16,16365.2728909255,0.005,0.004321414208617874,-0.0006785857913821263,flat,0.0006785857913821263
19,ZERO,0.05,91,415677.931429507,0.005,0.00566669512535577,0.0006666951253557702,flat,0.0006666951253557702
19,ZERO,0.05,11,22911.3820472956,0.005,0.004343467994138168,-0.0006565320058618323,flat,0.0006565320058618323
19,ZERO,0.05,140,22911.3820472956,0.005,0.004343467994138168,-0.0006565320058618323,flat,0.0006565320058618323
19,ZERO,0.05,188,39276.6549382211,0.005,0.004398602457938901,-0.0006013975420610992,flat,0.0006013975420610992
19,ZERO,0.05,86,387311.458418569,0.005,0.005571128721434497,0.000571128721434497,flat,0.000571128721434497
19,ZERO,0.05,104,49095.8186727764,0.005,0.004431683136219341,-0.0005683168637806591,flat,0.0005683168637806591
19,ZERO,0.05,154,49095.8186727764,0.005,0.004431683136219341,-0.0005683168637806591,flat,0.0005683168637806591
19,ZERO,0.05,196,49095.8186727764,0.005,0.004431683136219341,-0.0005683168637806591,flat,0.0005683168637806591
19,ZERO,0.05,182,384583.912936748,0.005,0.005561939644134374,0.0005619396441343743,flat,0.0005619396441343743
19,ZERO,0.05,15,382401.876551291,0.005,0.005554588382294275,0.0005545883822942752,flat,0.0005545883822942752
19,ZERO,0.05,111,377492.294684014,0.005,0.005538048043154058,0.0005380480431540578,flat,0.0005380480431540578
19,ZERO,0.05,147,58914.9824073316,0.005,0.004464763814499781,-0.000535236185500219,flat,0.000535236185500219
19,ZERO,0.05,148,58914.9824073316,0.005,0.004464763814499781,-0.000535236185500219,flat,0.000535236185500219
19,ZERO,0.05,186,72007.200720072,0.005,0.004508871385540367,-0.0004911286144596329,flat,0.0004911286144596329
19,ZERO,0.05,10,73643.7280091646,0.005,0.004514384831920441,-0.00048561516807955896,flat,0.00048561516807955896
19,ZERO,0.05,57,355126.421733082,0.005,0.005462697609293054,0.00046269760929305414,flat,0.00046269760929305414
19,ZERO,0.05,73,355126.421733082,0.005,0.005462697609293054,0.00046269760929305414,flat,0.00046269760929305414
19,ZERO,0.05,54,351853.367154897,0.005,0.005451670716532907,0.00045167071653290716,flat,0.00045167071653290716
19,ZERO,0.05,40,85099.4190328124,0.005,0.004552978956580954,-0.00044702104341904584,flat,0.00044702104341904584
19,ZERO,0.05,39,88372.4736109974,0.005,0.0045640058493411,-0.00043599415065889973,flat,0.00043599415065889973
19,ZERO,0.05,108,88372.4736109974,0.005,0.0045640058493411,-0.00043599415065889973,flat,0.00043599415065889973
19,ZERO,0.05,35,343670.730709435,0.005,0.005424103484632544,0.0004241034846325436,flat,0.0004241034846325436
19,ZERO,0.05,151,95464.0918637318,0.005,0.004587897450321419,-0.0004121025496785814,flat,0.0004121025496785814
19,ZERO,0.05,137,100373.673731009,0.005,0.004604437789461637,-0.00039556221053836313,flat,0.00039556221053836313
19,ZERO,0.05,4,325668.930529417,0.005,0.005363455574451737,0.00036345557445173655,flat,0.00036345557445173655
19,ZERO,0.05,71,322395.875951231,0.005,0.005352428681691587,0.000352428681691587,flat,0.000352428681691587
19,ZERO,0.05,133,117284.455718299,0.005,0.004661410068722396,-0.0003385899312776039,flat,0.0003385899312776039
19,ZERO,0.05,193,306030.603060306,0.005,0.005297294217890855,0.0002972942178908547,flat,0.0002972942178908547
19,ZERO,0.05,76,134195.237705589,0.005,0.0047183823479831554,-0.00028161765201684466,flat,0.00028161765201684466
19,ZERO,0.05,106,135831.764994681,0.005,0.004723895794363227,-0.00027610420563677334,flat,0.00027610420563677334
19,ZERO,0.05,180,136922.78318741,0.005,0.004727571425283278,-0.00027242857471672204,flat,0.00027242857471672204
19,ZERO,0.05,72,147287.456018329,0.005,0.004762489919023741,-0.00023751008097625936,flat,0.00023751008097625936
19,ZERO,0.05,126,147287.456018329,0.005,0.004762489919023741,-0.00023751008097625936,flat,0.00023751008097625936
19,ZERO,0.05,166,287483.293783924,0.005,0.005234808492250024,0.00023480849225002414,flat,0.00023480849225002414
19,ZERO,0.05,83,281482.693723918,0.005,0.0052145925221897555,0.0002145925221897554,flat,0.0002145925221897554
19,ZERO,0.05,68,156561.11065652,0.005,0.0047937327818441565,-0.00020626721815584365,flat,0.00020626721815584365
19,ZERO,0.05,88,174562.910836538,0.005,0.004854380692024963,-0.00014561930797503744,flat,0.00014561930797503744
19,ZERO,0.05,200,260207.838965715,0.005,0.005142917719248802,0.00014291771924880223,flat,0.00014291771924880223
19,ZERO,0.05,169,177290.456318359,0.005,0.004863569769325085,-0.00013643023067491482,flat,0.00013643023067491482
19,ZERO,0.05,38,183291.056378365,0.005,0.004883785739385354,-0.00011621426061464608,flat,0.00011621426061464608
19,ZERO,0.05,75,243842.566074789,0.005,0.0050877832554480674,8.778325544806734e-05,flat,8.778325544806734e-05
19,ZERO,0.05,80,199110.820172926,0.005,0.004937082387726062,-6.291761227393815e-05,flat,6.291761227393815e-05
19,ZERO,0.05,78,230750.347762049,0.005,0.005043675684407481,4.367568440748117e-05,flat,4.367568440748117e-05
19,ZERO,0.05,96,230750.347762049,0.005,0.005043675684407481,4.367568440748117e-05,flat,4.367568440748117e-05
19,ZERO,0.05,109,230750.347762049,0.005,0.005043675684407481,4.367568440748117e-05,flat,4.367568440748117e-05
19,ZERO,0.05,124,230750.347762049,0.005,0.005043675684407481,4.367568440748117e-05,flat,4.367568440748117e-05
19,ZERO,0.05,141,205656.929329297,0.005,0.0049591361732463585,-4.08638267536416e-05,flat,4.08638267536416e-05
19,ZERO,0.05,94,226931.7840875,0.005,0.005030810976187312,3.081097618731158e-05,flat,3.081097618731158e-05
19,ZERO,0.05,198,224749.747702043,0.005,0.0050234597143472125,2.345971434721244e-05,flat,2.345971434721244e-05
19,ZERO,0.05,179,222567.711316586,0.005,0.005016108452507114,1.6108452507114165e-05,flat,1.6108452507114165e-05
19,ZERO,0.05,18,214930.583967488,0.005,0.004990379036066773,-9.620963933226756e-06,flat,9.620963933226756e-06
19,ZERO,0.1,5,1215939.77579576,0.005,0.00975567551419714,0.00475567551419714,flat,0.00475567551419714
19,ZERO,0.1,99,1215939.77579576,0.005,0.00975567551419714,0.00475567551419714,flat,0.00475567551419714
19,ZERO,0.1,149,1215939.77579576,0.005,0.00975567551419714,0.00475567551419714,flat,0.00475567551419714
19,ZERO,0.1,177,1215939.77579576,0.005,0.00975567551419714,0.00475567551419714,flat,0.00475567551419714
19,ZERO,0.1,183,1143932.57507569,0.005,0.009412599125768022,0.0044125991257680216,flat,0.0044125991257680216
19,ZERO,0.1,128,1117748.13845021,0.005,0.00928784407543016,0.00428784407543016,flat,0.00428784407543016
19,ZERO,0.1,66,1100291.84736655,0.005,0.009204674041871556,0.004204674041871556,flat,0.004204674041871556
19,ZERO,0.1,64,1093745.73821018,0.005,0.00917348527928709,0.00417348527928709,flat,0.00417348527928709
19,ZERO,0.1,115,1065379.26519925,0.005,0.009038333974754438,0.004038333974754438,flat,0.004038333974754438
19,ZERO,0.1,2,986825.955322805,0.005,0.008664068823740831,0.003664068823740831,flat,0.003664068823740831
19,ZERO,0.1,168,914818.754602733,0.005,0.008320992435311703,0.0033209924353117025,flat,0.0033209924353117025
19,ZERO,0.1,119,906090.609060906,0.005,0.008279407418532414,0.0032794074185324143,flat,0.0032794074185324143
19,ZERO,0.1,162,855903.772195401,0.005,0.008040293572051506,0.0030402935720515055,flat,0.0030402935720515055
19,ZERO,0.1,62,846630.11755721,0.005,0.007996109491723512,0.002996109491723512,flat,0.002996109491723512
19,ZERO,0.1,157,826991.7900881,0.005,0.007902543203970117,0.0029025432039701165,flat,0.0029025432039701165
19,ZERO,0.1,120,823173.22641355,0.005,0.007884349759129173,0.002884349759129173,flat,0.002884349759129173
19,ZERO,0.1,8,810626.517197174,0.005,0.007824571297508949,0.0028245712975089486,flat,0.0028245712975089486
19,ZERO,0.1,70,810626.517197174,0.005,0.007824571297508949,0.0028245712975089486,flat,0.0028245712975089486
19,ZERO,0.1,144,810626.517197174,0.005,0.007824571297508949,0.0028245712975089486,flat,0.0028245712975089486
19,ZERO,0.1,164,810626.517197174,0.005,0.007824571297508949,0.0028245712975089486,flat,0.0028245712975089486
19,ZERO,0.1,163,809535.499004446,0.005,0.007819373170411538,0.002819373170411538,flat,0.002819373170411538
19,ZERO,0.1,58,798625.317077162,0.005,0.007767391899437427,0.0027673918994374266,flat,0.0027673918994374266
19,ZERO,0.1,23,795352.262498977,0.005,0.007751797518145195,0.0027517975181451946,flat,0.0027517975181451946
19,ZERO,0.1,81,770804.353162589,0.005,0.007634839658453447,0.002634839658453447,flat,0.002634839658453447
19,ZERO,0.1,161,769167.825873496,0.005,0.007627042467807328,0.002627042467807328,flat,0.002627042467807328
19,ZERO,0.1,41,742983.389248016,0.005,0.007502287417469467,0.0025022874174694667,flat,0.0025022874174694667
19,ZERO,0.1,129,731527.698224368,0.005,0.007447707082946651,0.0024477070829466508,flat,0.0024477070829466508
19,ZERO,0.1,31,710252.843466165,0.005,0.007346343604547136,0.002346343604547136,flat,0.002346343604547136
19,ZERO,0.1,121,608788.151542427,0.005,0.006862917784487909,0.001862917784487909,flat,0.001862917784487909
19,ZERO,0.1,47,591877.369555137,0.005,0.006782346814478037,0.0017823468144780369,flat,0.0017823468144780369
19,ZERO,0.1,3,574966.587567848,0.005,0.006701775844468169,0.001701775844468169,flat,0.001701775844468169
19,ZERO,0.1,139,564601.914736928,0.005,0.006652393637042761,0.0016523936370427608,flat,0.0016523936370427608
19,ZERO,0.1,185,559692.33286965,0.005,0.00662900206510441,0.0016290020651044098,flat,0.0016290020651044098
19,ZERO,0.1,110,553146.22371328,0.005,0.006597813302519945,0.0015978133025199449,flat,0.0015978133025199449
19,ZERO,0.1,27,540054.00540054,0.005,0.006535435777351014,0.0015354357773510142,flat,0.0015354357773510142
19,ZERO,0.1,165,540054.00540054,0.005,0.006535435777351014,0.0015354357773510142,flat,0.0015354357773510142
19,ZERO,0.1,1,538417.478111448,0.005,0.0065276385867049005,0.0015276385867049004,flat,0.0015276385867049004
19,ZERO,0.1,48,528052.805280528,0.005,0.006478256379279493,0.001478256379279493,flat,0.001478256379279493
19,ZERO,0.1,187,526961.7870878,0.005,0.006473058252182083,0.0014730582521820827,flat,0.0014730582521820827
19,ZERO,0.1,175,487685.132149579,0.005,0.0062859256766752865,0.0012859256766752864,flat,0.0012859256766752864
19,ZERO,0.1,113,461500.695524098,0.005,0.006161170626337421,0.0011611706263374207,flat,0.0011611706263374207
19,ZERO,0.1,191,461500.695524098,0.005,0.006161170626337421,0.0011611706263374207,flat,0.0011611706263374207
19,ZERO,0.1,6,0.0,0.005,0.003962362864132553,-0.0010376371358674467,flat,0.0010376371358674467
19,ZERO,0.1,7,0.0,0.005,0.003962362864132553,-0.0010376371358674467,flat,0.0010376371358674467
19,ZERO,0.1,9,0.0,0.005,0.003962362864132553,-0.0010376371358674467,flat,0.0010376371358674467
19,ZERO,0.1,12,0.0,0.005,0.003962362864132553,-0.0010376371358674467,flat,0.0010376371358674467
19,ZERO,0.1,13,0.0,0.005,0.003962362864132553,-0.0010376371358674467,flat,0.0010376371358674467
19,ZERO,0.1,14,0.0,0.005,0.003962362864132553,-0.0010376371358674467,flat,0.0010376371358674467
19,ZERO,0.1,17,0.0,0.005,0.003962362864132553,-0.0010376371358674467,flat,0.0010376371358674467
19,ZERO,0.1,19,0.0,0.005,0.003962362864132553,-0.0010376371358674467,flat,0.0010376371358674467
19,ZERO,0.1,20,0.0,0.005,0.003962362864132553,-0.0010376371358674467,flat,0.0010376371358674467
19,ZERO,0.1,21,0.0,0.005,0.003962362864132553,-0.0010376371358674467,flat,0.0010376371358674467
19,ZERO,0.1,22,0.0,0.005,0.003962362864132553,-0.0010376371358674467,flat,0.0010376371358674467
19,ZERO,0.1,24,0.0,0.005,0.003962362864132553,-0.0010376371358674467,flat,0.0010376371358674467
19,ZERO,0.1,26,0.0,0.005,0.003962362864132553,-0.0010376371358674467,flat,0.0010376371358674467
19,ZERO,0.1,28,0.0,0.005,0.003962362864132553,-0.0010376371358674467,flat,0.0010376371358674467
19,ZERO,0.1,29,0.0,0.005,0.003962362864132553,-0.0010376371358674467,flat,0.0010376371358674467
19,ZERO,0.1,30,0.0,0.005,0.003962362864132553,-0.0010376371358674467,flat,0.0010376371358674467
19,ZERO,0.1,33,0.0,0.005,0.003962362864132553,-0.0010376371358674467,flat,0.0010376371358674467
19,ZERO,0.1,34,0.0,0.005,0.003962362864132553,-0.0010376371358674467,flat,0.0010376371358674467
19,ZERO,0.1,36,0.0,0.005,0.003962362864132553,-0.0010376371358674467,flat,0.0010376371358674467
19,ZERO,0.1,37,0.0,0.005,0.003962362864132553,-0.0010376371358674467,flat,0.0010376371358674467
19,ZERO,0.1,42,0.0,0.005,0.003962362864132553,-0.0010376371358674467,flat,0.0010376371358674467
19,ZERO,0.1,43,0.0,0.005,0.003962362864132553,-0.0010376371358674467,flat,0.0010376371358674467
19,ZERO,0.1,44,0.0,0.005,0.003962362864132553,-0.0010376371358674467,flat,0.0010376371358674467
19,ZERO,0.1,45,0.0,0.005,0.003962362864132553,-0.0010376371358674467,flat,0.0010376371358674467
19,ZERO,0.1,46,0.0,0.005,0.003962362864132553,-0.0010376371358674467,flat,0.0010376371358674467
19,ZERO,0.1,49,0.0,0.005,0.003962362864132553,-0.0010376371358674467,flat,0.0010376371358674467
19,ZERO,0.1,50,0.0,0.005,0.003962362864132553,-0.0010376371358674467,flat,0.0010376371358674467
19,ZERO,0.1,51,0.0,0.005,0.003962362864132553,-0.0010376371358674467,flat,0.0010376371358674467
19,ZERO,0.1,52,0.0,0.005,0.003962362864132553,-0.0010376371358674467,flat,0.0010376371358674467
19,ZERO,0.1,53,0.0,0.005,0.003962362864132553,-0.0010376371358674467,flat,0.0010376371358674467
19,ZERO,0.1,55,0.0,0.005,0.003962362864132553,-0.0010376371358674467,flat,0.0010376371358674467
19,ZERO,0.1,56,0.0,0.005,0.003962362864132553,-0.0010376371358674467,flat,0.0010376371358674467
19,ZERO,0.1,59,0.0,0.005,0.003962362864132553,-0.0010376371358674467,flat,0.0010376371358674467
19,ZERO,0.1,60,0.0,0.005,0.003962362864132553,-0.0010376371358674467,flat,0.0010376371358674467
19,ZERO,0.1,61,0.0,0.005,0.003962362864132553,-0.0010376371358674467,flat,0.0010376371358674467
19,ZERO,0.1,63,0.0,0.005,0.003962362864132553,-0.0010376371358674467,flat,0.0010376371358674467
19,ZERO,0.1,65,0.0,0.005,0.003962362864132553,-0.0010376371358674467,flat,0.0010376371358674467
19,ZERO,0.1,67,0.0,0.005,0.003962362864132553,-0.0010376371358674467,flat,0.0010376371358674467
19,ZERO,0.1,69,0.0,0.005,0.003962362864132553,-0.0010376371358674467,flat,0.0010376371358674467
19,ZERO,0.1,74,0.0,0.005,0.003962362864132553,-0.0010376371358674467,flat,0.0010376371358674467
19,ZERO,0.1,77,0.0,0.005,0.003962362864132553,-0.0010376371358674467,flat,0.0010376371358674467
19,ZERO,0.1,79,0.0,0.005,0.003962362864132553,-0.0010376371358674467,flat,0.0010376371358674467
19,ZERO,0.1,82,0.0,0.005,0.003962362864132553,-0.0010376371358674467,flat,0.0010376371358674467
19,ZERO,0.1,84,0.0,0.005,0.003962362864132553,-0.0010376371358674467,flat,0.0010376371358674467
19,ZERO,0.1,85,0.0,0.005,0.003962362864132553,-0.0010376371358674467,flat,0.0010376371358674467
19,ZERO,0.1,87,0.0,0.005,0.003962362864132553,-0.0010376371358674467,flat,0.0010376371358674467
19,ZERO,0.1,89,0.0,0.005,0.003962362864132553,-0.0010376371358674467,flat,0.0010376371358674467
19,ZERO,0.1,90,0.0,0.005,0.003962362864132553,-0.0010376371358674467,flat,0.0010376371358674467
19,ZERO,0.1,92,0.0,0.005,0.003962362864132553,-0.0010376371358674467,flat,0.0010376371358674467
19,ZERO,0.1,93,0.0,0.005,0.003962362864132553,-0.0010376371358674467,flat,0.0010376371358674467
19,ZERO,0.1,95,0.0,0.005,0.003962362864132553,-0.0010376371358674467,flat,0.0010376371358674467
19,ZERO,0.1,97,0.0,0.005,0.003962362864132553,-0.0010376371358674467,flat,0.0010376371358674467
19,ZERO,0.1,98,0.0,0.005,0.003962362864132553,-0.0010376371358674467,flat,0.0010376371358674467
19,ZERO,0.1,100,0.0,0.005,0.003962362864132553,-0.0010376371358674467,flat,0.0010376371358674467
19,ZERO,0.1,101,0.0,0.005,0.003962362864132553,-0.0010376371358674467,flat,0.0010376371358674467
19,ZERO,0.1,102,0.0,0.005,0.003962362864132553,-0.0010376371358674467,flat,0.0010376371358674467
19,ZERO,0.1,103,0.0,0.005,0.003962362864132553,-0.0010376371358674467,flat,0.0010376371358674467
19,ZERO,0.1,105,0.0,0.005,0.003962362864132553,-0.0010376371358674467,flat,0.0010376371358674467
19,ZERO,0.1,107,0.0,0.005,0.003962362864132553,-0.0010376371358674467,flat,0.0010376371358674467
19,ZERO,0.1,112,0.0,0.005,0.003962362864132553,-0.0010376371358674467,flat,0.0010376371358674467
19,ZERO,0.1,114,0.0,0.005,0.003962362864132553,-0.0010376371358674467,flat,0.0010376371358674467
19,ZERO,0.1,117,0.0,0.005,0.003962362864132553,-0.0010376371358674467,flat,0.0010376371358674467
19,ZERO,0.1,118,0.0,0.005,0.003962362864132553,-0.0010376371358674467,flat,0.0010376371358674467
19,ZERO,0.1,122,0.0,0.005,0.003962362864132553,-0.0010376371358674467,flat,0.0010376371358674467
19,ZERO,0.1,123,0.0,0.005,0.003962362864132553,-0.0010376371358674467,flat,0.0010376371358674467
19,ZERO,0.1,125,0.0,0.005,0.003962362864132553,-0.0010376371358674467,flat,0.0010376371358674467
19,ZERO,0.1,127,0.0,0.005,0.003962362864132553,-0.0010376371358674467,flat,0.0010376371358674467
19,ZERO,0.1,130,0.0,0.005,0.003962362864132553,-0.0010376371358674467,flat,0.0010376371358674467
19,ZERO,0.1,131,0.0,0.005,0.003962362864132553,-0.0010376371358674467,flat,0.0010376371358674467
19,ZERO,0.1,132,0.0,0.005,0.003962362864132553,-0.0010376371358674467,flat,0.0010376371358674467
19,ZERO,0.1,134,0.0,0.005,0.003962362864132553,-0.0010376371358674467,flat,0.0010376371358674467
19,ZERO,0.1,135,0.0,0.005,0.003962362864132553,-0.0010376371358674467,flat,0.0010376371358674467
19,ZERO,0.1,136,0.0,0.005,0.003962362864132553,-0.0010376371358674467,flat,0.0010376371358674467
19,ZERO,0.1,138,0.0,0.005,0.003962362864132553,-0.0010376371358674467,flat,0.0010376371358674467
19,ZERO,0.1,142,0.0,0.005,0.003962362864132553,-0.0010376371358674467,flat,0.0010376371358674467
19,ZERO,0.1,143,0.0,0.005,0.003962362864132553,-0.0010376371358674467,flat,0.0010376371358674467
19,ZERO,0.1,145,0.0,0.005,0.003962362864132553,-0.0010376371358674467,flat,0.0010376371358674467
19,ZERO,0.1,146,0.0,0.005,0.003962362864132553,-0.0010376371358674467,flat,0.0010376371358674467
19,ZERO,0.1,150,0.0,0.005,0.003962362864132553,-0.0010376371358674467,flat,0.0010376371358674467
19,ZERO,0.1,152,0.0,0.005,0.003962362864132553,-0.0010376371358674467,flat,0.0010376371358674467
19,ZERO,0.1,153,0.0,0.005,0.003962362864132553,-0.0010376371358674467,flat,0.0010376371358674467
19,ZERO,0.1,155,0.0,0.005,0.003962362864132553,-0.0010376371358674467,flat,0.0010376371358674467
19,ZERO,0.1,156,0.0,0.005,0.003962362864132553,-0.0010376371358674467,flat,0.0010376371358674467
19,ZERO,0.1,158,0.0,0.005,0.003962362864132553,-0.0010376371358674467,flat,0.0010376371358674467
19,ZERO,0.1,159,0.0,0.005,0.003962362864132553,-0.0010376371358674467,flat,0.0010376371358674467
19,ZERO,0.1,160,0.0,0.005,0.003962362864132553,-0.0010376371358674467,flat,0.0010376371358674467
19,ZERO,0.1,167,0.0,0.005,0.003962362864132553,-0.0010376371358674467,flat,0.0010376371358674467
19,ZERO,0.1,170,0.0,0.005,0.003962362864132553,-0.0010376371358674467,flat,0.0010376371358674467
19,ZERO,0.1,171,0.0,0.005,0.003962362864132553,-0.0010376371358674467,flat,0.0010376371358674467
19,ZERO,0.1,172,0.0,0.005,0.003962362864132553,-0.0010376371358674467,flat,0.0010376371358674467
19,ZERO,0.1,173,0.0,0.005,0.003962362864132553,-0.0010376371358674467,flat,0.0010376371358674467
19,ZERO,0.1,174,0.0,0.005,0.003962362864132553,-0.0010376371358674467,flat,0.0010376371358674467
19,ZERO,0.1,176,0.0,0.005,0.003962362864132553,-0.0010376371358674467,flat,0.0010376371358674467
19,ZERO,0.1,178,0.0,0.005,0.003962362864132553,-0.0010376371358674467,flat,0.0010376371358674467
19,ZERO,0.1,181,0.0,0.005,0.003962362864132553,-0.0010376371358674467,flat,0.0010376371358674467
19,ZERO,0.1,184,0.0,0.005,0.003962362864132553,-0.0010376371358674467,flat,0.0010376371358674467
19,ZERO,0.1,189,0.0,0.005,0.003962362864132553,-0.0010376371358674467,flat,0.0010376371358674467
19,ZERO,0.1,190,0.0,0.005,0.003962362864132553,-0.0010376371358674467,flat,0.0010376371358674467
19,ZERO,0.1,192,0.0,0.005,0.003962362864132553,-0.0010376371358674467,flat,0.0010376371358674467
19,ZERO,0.1,194,0.0,0.005,0.003962362864132553,-0.0010376371358674467,flat,0.0010376371358674467
19,ZERO,0.1,195,0.0,0.005,0.003962362864132553,-0.0010376371358674467,flat,0.0010376371358674467
19,ZERO,0.1,197,0.0,0.005,0.003962362864132553,-0.0010376371358674467,flat,0.0010376371358674467
19,ZERO,0.1,199,0.0,0.005,0.003962362864132553,-0.0010376371358674467,flat,0.0010376371358674467
19,ZERO,0.1,116,6546.10915637018,0.005,0.00399355162671702,-0.0010064483732829801,flat,0.0010064483732829801
19,ZERO,0.1,25,9819.16373455527,0.005,0.004009146008009253,-0.0009908539919907472,flat,0.0009908539919907472
19,ZERO,0.1,32,9819.16373455527,0.005,0.004009146008009253,-0.0009908539919907472,flat,0.0009908539919907472
19,ZERO,0.1,16,16365.2728909255,0.005,0.0040403347705937195,-0.0009596652294062806,flat,0.0009596652294062806
19,ZERO,0.1,91,415677.931429507,0.005,0.005942849288246159,0.0009428492882461587,flat,0.0009428492882461587
19,ZERO,0.1,11,22911.3820472956,0.005,0.004071523533178185,-0.0009284764668218148,flat,0.0009284764668218148
19,ZERO,0.1,140,22911.3820472956,0.005,0.004071523533178185,-0.0009284764668218148,flat,0.0009284764668218148
19,ZERO,0.1,188,39276.6549382211,0.005,0.0041494954396393505,-0.0008505045603606496,flat,0.0008505045603606496
19,ZERO,0.1,86,387311.458418569,0.005,0.005807697983713469,0.0008076979837134688,flat,0.0008076979837134688
19,ZERO,0.1,104,49095.8186727764,0.005,0.00419627858351605,-0.0008037214164839501,flat,0.0008037214164839501
19,ZERO,0.1,154,49095.8186727764,0.005,0.00419627858351605,-0.0008037214164839501,flat,0.0008037214164839501
19,ZERO,0.1,196,49095.8186727764,0.005,0.00419627858351605,-0.0008037214164839501,flat,0.0008037214164839501
19,ZERO,0.1,182,384583.912936748,0.005,0.00579470266596994,0.0007947026659699402,flat,0.0007947026659699402
19,ZERO,0.1,15,382401.876551291,0.005,0.005784306411775117,0.0007843064117751168,flat,0.0007843064117751168
19,ZERO,0.1,111,377492.294684014,0.005,0.00576091483983677,0.0007609148398367701,flat,0.0007609148398367701
19,ZERO,0.1,147,58914.9824073316,0.005,0.004243061727392749,-0.0007569382726072514,flat,0.0007569382726072514
19,ZERO,0.1,148,58914.9824073316,0.005,0.004243061727392749,-0.0007569382726072514,flat,0.0007569382726072514
19,ZERO,0.1,186,72007.200720072,0.005,0.004305439252561682,-0.0006945607474383182,flat,0.0006945607474383182
19,ZERO,0.1,10,73643.7280091646,0.005,0.004313236443207798,-0.0006867635567922017,flat,0.0006867635567922017
19,ZERO,0.1,57,355126.421733082,0.005,0.005654353234339842,0.0006543532343398417,flat,0.0006543532343398417
19,ZERO,0.1,73,355126.421733082,0.005,0.005654353234339842,0.0006543532343398417,flat,0.0006543532343398417
19,ZERO,0.1,54,351853.367154897,0.005,0.005638758853047609,0.0006387588530476088,flat,0.0006387588530476088
19,ZERO,0.1,40,85099.4190328124,0.005,0.0043678167777306135,-0.0006321832222693866,flat,0.0006321832222693866
19,ZERO,0.1,39,88372.4736109974,0.005,0.004383411159022846,-0.0006165888409771537,flat,0.0006165888409771537
19,ZERO,0.1,108,88372.4736109974,0.005,0.004383411159022846,-0.0006165888409771537,flat,0.0006165888409771537
19,ZERO,0.1,35,343670.730709435,0.005,0.00559977289981703,0.0005997728998170301,flat,0.0005997728998170301
19,ZERO,0.1,151,95464.0918637318,0.005,0.004417198985156018,-0.0005828010148439819,flat,0.0005828010148439819
19,ZERO,0.1,137,100373.673731009,0.005,0.004440590557094366,-0.0005594094429056343,flat,0.0005594094429056343
19,ZERO,0.1,4,325668.930529417,0.005,0.005514003802709748,0.0005140038027097475,flat,0.0005140038027097475
19,ZERO,0.1,71,322395.875951231,0.005,0.00549840942141751,0.0004984094214175103,flat,0.0004984094214175103
19,ZERO,0.1,133,117284.455718299,0.005,0.004521161527104239,-0.00047883847289576127,flat,0.00047883847289576127
19,ZERO,0.1,193,306030.603060306,0.005,0.005420437514956347,0.00042043751495634673,flat,0.00042043751495634673
19,ZERO,0.1,76,134195.237705589,0.005,0.004601732497114112,-0.0003982675028858882,flat,0.0003982675028858882
19,ZERO,0.1,106,135831.764994681,0.005,0.004609529687760226,-0.00039047031223977437,flat,0.00039047031223977437
19,ZERO,0.1,180,136922.78318741,0.005,0.00461472781485764,-0.0003852721851423605,flat,0.0003852721851423605
19,ZERO,0.1,72,147287.456018329,0.005,0.004664110022283042,-0.0003358899777169584,flat,0.0003358899777169584
19,ZERO,0.1,126,147287.456018329,0.005,0.004664110022283042,-0.0003358899777169584,flat,0.0003358899777169584
19,ZERO,0.1,166,287483.293783924,0.005,0.005332069354300361,0.0003320693543003607,flat,0.0003320693543003607
19,ZERO,0.1,83,281482.693723918,0.005,0.0053034796552646,0.0003034796552646001,flat,0.0003034796552646001
19,ZERO,0.1,68,156561.11065652,0.005,0.004708294102611035,-0.00029170589738896496,flat,0.00029170589738896496
19,ZERO,0.1,88,174562.910836538,0.005,0.004794063199718318,-0.00020593680028168238,flat,0.00020593680028168238
19,ZERO,0.1,200,260207.838965715,0.005,0.005202116176865086,0.00020211617686508553,flat,0.00020211617686508553
19,ZERO,0.1,169,177290.456318359,0.005,0.004807058517461845,-0.0001929414825381547,flat,0.0001929414825381547
19,ZERO,0.1,38,183291.056378365,0.005,0.004835648216497606,-0.00016435178350239412,flat,0.00016435178350239412
19,ZERO,0.1,75,243842.566074789,0.005,0.005124144270403918,0.00012414427040391765,flat,0.00012414427040391765
19,ZERO,0.1,80,199110.820172926,0.005,0.004911021059410064,-8.897894058993577e-05,flat,8.897894058993577e-05
19,ZERO,0.1,78,230750.347762049,0.005,0.005061766745234987,6.176674523498699e-05,flat,6.176674523498699e-05
19,ZERO,0.1,96,230750.347762049,0.005,0.005061766745234987,6.176674523498699e-05,flat,6.176674523498699e-05
19,ZERO,0.1,109,230750.347762049,0.005,0.005061766745234987,6.176674523498699e-05,flat,6.176674523498699e-05
19,ZERO,0.1,124,230750.347762049,0.005,0.005061766745234987,6.176674523498699e-05,flat,6.176674523498699e-05
19,ZERO,0.1,141,205656.929329297,0.005,0.004942209821994534,-5.7790178005465674e-05,flat,5.7790178005465674e-05
19,ZERO,0.1,94,226931.7840875,0.005,0.005043573300394049,4.357330039404892e-05,flat,4.357330039404892e-05
19,ZERO,0.1,198,224749.747702043,0.005,0.005033177046199226,3.3177046199225554e-05,flat,3.3177046199225554e-05
19,ZERO,0.1,179,222567.711316586,0.005,0.005022780792004402,2.2780792004402188e-05,flat,2.2780792004402188e-05
19,ZERO,0.1,18,214930.583967488,0.005,0.004986393902322528,-1.3606097677472222e-05,flat,1.3606097677472222e-05
