tau,branch,from_bus,to_bus,p_kw,q_kvar,true_s_mva,true_utilization,true_circle_pass,hour_octagon_violation,hour_true_circle_violation_mva
1,1,1,2,2909.00103,1800.9966,3.42138506247874,0.570230843746456,1,0,0
1,2,2,3,2548.80171,1628.72736,3.02475502646272,0.504125837743787,1,0,0
1,3,3,4,1750.09887,1245.03678,2.14778086366558,0.357963477277596,1,0,0
1,4,4,5,1656.13383,1182.39342,2.0349037968734,0.339150632812233,1,0,0
1,5,5,6,1609.15131,1158.90216,1.98303357382758,0.33050559563793,1,0,0
1,6,6,7,841.77015,399.35142,0.931696593364513,0.155282765560752,1,0,0
1,7,7,8,685.16175,321.04722,0.756649153262455,0.126108192210409,1,0,0
1,8,8,9,528.55335,242.74302,0.581629450384816,0.0969382417308026,1,0,0
1,9,9,10,481.57083,227.08218,0.532425375785604,0.0887375626309339,1,0,0
1,10,10,11,434.58831,211.42134,0.483286645993919,0.0805477743323199,1,0,0
1,11,11,12,399.35142,187.93008,0.441360704667761,0.0735601174446269,1,0,0
1,12,12,13,352.3689,160.52361,0.387210112283554,0.0645350187139256,1,0,0
1,13,13,14,305.38638,133.11714,0.333138130587425,0.0555230217645708,1,0,0
1,14,14,15,211.42134,70.47378,0.222857660121621,0.0371429433536035,1,0,0
1,15,15,16,164.43882,62.64336,0.175966803900855,0.0293278006501425,1,0,0
1,16,16,17,117.4563,46.98252,0.126504306627246,0.0210840511045411,1,0,0
1,17,17,18,70.47378,31.32168,0.0771206931083403,0.01285344885139,1,0,0
1,18,2,19,281.89512,125.28672,0.308482772433361,0.0514137954055602,1,0,0
1,19,19,20,211.42134,93.96504,0.231362079325021,0.0385603465541701,1,0,0
1,20,20,21,140.94756,62.64336,0.154241386216681,0.0257068977027801,1,0,0
1,21,21,22,70.47378,31.32168,0.0771206931083403,0.01285344885139,1,0,0
1,22,3,23,728.22906,352.3689,0.809000250627708,0.134833375104618,1,0,0
1,23,23,24,657.75528,313.2168,0.728523693623014,0.121420615603836,1,0,0
1,24,24,25,328.87764,156.6084,0.364261846811507,0.0607103078019178,1,0,0
1,25,6,26,720.39864,743.8899,1.03554158962152,0.17259026493692,1,0,0
1,26,26,27,673.41612,724.31385,0.988999405448596,0.164833234241433,1,0,0
1,27,27,28,626.4336,704.7378,0.942907430216668,0.157151238369445,1,0,0
1,28,28,29,579.45108,689.07696,0.900328057385755,0.150054676230959,1,0,0
1,29,29,30,485.48604,634.26402,0.798741223489462,0.133123537248244,1,0,0
1,30,30,31,328.87764,164.43882,0.367696379659852,0.0612827299433087,1,0,0
1,31,31,32,211.42134,109.62588,0.238152926862489,0.0396921544770815,1,0,0
1,32,32,33,46.98252,31.32168,0.0564659616368375,0.00941099360613958,1,0,0
2,1,1,2,2741.0013,1696.986,3.22379428791567,0.537299047985945,1,0,0
2,2,2,3,2401.6041,1534.6656,2.85007030737141,0.475011717895235,1,0,0
2,3,3,4,1649.0277,1173.1338,2.02374288586019,0.337290480976698,1,0,0
2,4,4,5,1560.4893,1114.1082,1.91738466060458,0.319564110100763,1,0,0
2,5,5,6,1516.2201,1091.9736,1.86851003067711,0.311418338446185,1,0,0
2,6,6,7,793.1565,376.2882,0.877889539151419,0.146314923191903,1,0,0
2,7,7,8,645.5925,302.5062,0.712951384804525,0.118825230800754,1,0,0
2,8,8,9,498.0285,228.7242,0.548039365810423,0.0913398943017371,1,0,0
2,9,9,10,453.7593,213.9678,0.50167690974703,0.0836128182911717,1,0,0
2,10,10,11,409.4901,199.2114,0.455376024718002,0.0758960041196669,1,0,0
2,11,11,12,376.2882,177.0768,0.415871377420327,0.0693118962367212,1,0,0
2,12,12,13,332.019,151.2531,0.364848073340959,0.0608080122234932,1,0,0
2,13,13,14,287.7498,125.4294,0.313898840049466,0.0523164733415776,1,0,0
2,14,14,15,199.2114,66.4038,0.209987253290289,0.0349978755483815,1,0,0
2,15,15,16,154.9422,59.0256,0.165804423331225,0.0276340705552041,1,0,0
2,16,16,17,110.673,44.2692,0.119198468939999,0.0198664114899999,1,0,0
2,17,17,18,66.4038,29.5128,0.072666842633212,0.0121111404388687,1,0,0
2,18,2,19,265.6152,118.0512,0.290667370532848,0.0484445617554747,1,0,0
2,19,19,20,199.2114,88.5384,0.218000527899636,0.036333421316606,1,0,0
2,20,20,21,132.8076,59.0256,0.145333685266424,0.0242222808777373,1,0,0
2,21,21,22,66.4038,29.5128,0.072666842633212,0.0121111404388687,1,0,0
2,22,3,23,686.1726,332.019,0.762279117746092,0.127046519624349,1,0,0
2,23,23,24,619.7688,295.128,0.686450218032918,0.114408369672153,1,0,0
2,24,24,25,309.8844,147.564,0.343225109016459,0.0572041848360765,1,0,0
2,25,6,26,678.7944,700.929,0.975737311222831,0.162622885203805,1,0,0
2,26,26,27,634.5252,682.4835,0.931883016911077,0.155313836151846,1,0,0
2,27,27,28,590.256,664.038,0.888452931212453,0.148075488535409,1,0,0
2,28,28,29,545.9868,649.2816,0.84833258918469,0.141388764864115,1,0,0
2,29,29,30,457.4484,597.6342,0.75261256677802,0.125435427796337,1,0,0
2,30,30,31,309.8844,154.9422,0.346461291783368,0.0577435486305613,1,0,0
2,31,31,32,199.2114,103.2948,0.224399192505232,0.0373998654175386,1,0,0
2,32,32,33,44.2692,29.5128,0.0532049568412568,0.00886749280687614,1,0,0
3,1,1,2,2686.000725,1662.9345,3.15910605171634,0.526517675286056,1,0,0
3,2,2,3,2353.413825,1503.8712,2.79288116787854,0.465480194646422,1,0,0
3,3,3,4,1615.938525,1149.59385,1.98313472475699,0.330522454126166,1,0,0
3,4,4,5,1529.176725,1091.75265,1.87891066979347,0.313151778298912,1,0,0
3,5,5,6,1485.795825,1070.0622,1.83101675182295,0.305169458637158,1,0,0
3,6,6,7,777.241125,368.73765,0.86027392202646,0.14337898700441,1,0,0
3,7,7,8,632.638125,296.43615,0.698645395197262,0.116440899199544,1,0,0
3,8,8,9,488.035125,224.13465,0.53704247929227,0.089507079882045,1,0,0
3,9,9,10,444.654225,209.67435,0.491610326232345,0.0819350543720576,1,0,0
3,10,10,11,401.273325,195.21405,0.44623850873043,0.074373084788405,1,0,0
3,11,11,12,368.73765,173.5236,0.407526556538936,0.0679210927564893,1,0,0
3,12,12,13,325.35675,148.218075,0.357527079432129,0.0595878465720215,1,0,0
3,13,13,14,281.97585,122.91255,0.307600186818417,0.0512666978030695,1,0,0
3,14,14,15,195.21405,65.07135,0.205773676421998,0.0342956127369996,1,0,0
3,15,15,16,151.83315,57.8412,0.162477413372944,0.0270795688954907,1,0,0
3,16,16,17,108.45225,43.3809,0.116806647990911,0.0194677746651518,1,0,0
3,17,17,18,65.07135,28.9206,0.0712087192356561,0.0118681198726094,1,0,0
3,18,2,19,260.2854,115.6824,0.284834876942624,0.0474724794904374,1,0,0
3,19,19,20,195.21405,86.7618,0.213626157706968,0.035604359617828,1,0,0
3,20,20,21,130.1427,57.8412,0.142417438471312,0.0237362397452187,1,0,0
3,21,21,22,65.07135,28.9206,0.0712087192356561,0.0118681198726094,1,0,0
3,22,3,23,672.40395,325.35675,0.746983324275827,0.124497220712638,1,0,0
3,23,23,24,607.3326,289.206,0.672675997385636,0.112112666230939,1,0,0
3,24,24,25,303.6663,144.603,0.336337998692818,0.0560563331154696,1,0,0
3,25,6,26,665.1738,686.86425,0.956158293450672,0.159359715575112,1,0,0
3,26,26,27,621.7929,668.788875,0.91318397369543,0.152197328949238,1,0,0
3,27,27,28,578.412,650.7135,0.870625350438551,0.145104225073092,1,0,0
3,28,28,29,535.0311,636.2532,0.831310057967212,0.138551676327869,1,0,0
3,29,29,30,448.2693,585.64215,0.737510741060164,0.122918456843361,1,0,0
3,30,30,31,303.6663,151.83315,0.339509244637922,0.0565848741063204,1,0,0
3,31,31,32,195.21405,101.2221,0.219896427542178,0.0366494045903631,1,0,0
3,32,32,33,43.3809,28.9206,0.0521373531085919,0.00868955885143199,1,0,0
4,1,1,2,2630.000815,1628.2643,3.09324246019531,0.515540410032552,1,0,0
4,2,2,3,2304.347955,1472.51728,2.73465292818143,0.455775488030239,1,0,0
4,3,3,4,1582.248135,1125.62619,1.9417887321552,0.3236314553592,1,0,0
4,4,4,5,1497.295215,1068.99091,1.83973762437053,0.306622937395088,1,0,0
4,5,5,6,1454.818755,1047.75268,1.79284223743946,0.298807039573243,1,0,0
4,6,6,7,761.036575,361.04991,0.842338237288762,0.140389706214794,1,0,0
4,7,7,8,619.448375,290.25581,0.684079472377952,0.114013245396325,1,0,0
4,8,8,9,477.860175,219.46171,0.525845784434139,0.0876409640723564,1,0,0
4,9,9,10,435.383715,205.30289,0.481360837552821,0.0802268062588035,1,0,0
4,10,10,11,392.907255,191.14407,0.436934968305124,0.0728224947175207,1,0,0
4,11,11,12,361.04991,169.90584,0.399030114123124,0.0665050190205207,1,0,0
4,12,12,13,318.57345,145.127905,0.350073066451265,0.0583455110752108,1,0,0
4,13,13,14,276.09699,120.34997,0.301187089972431,0.0501978483287384,1,0,0
4,14,14,15,191.14407,63.71469,0.201483540811554,0.0335805901352589,1,0,0
4,15,15,16,148.66761,56.63528,0.159089953183067,0.0265149921971779,1,0,0
4,16,16,17,106.19115,42.47646,0.114371368761828,0.019061894793638,1,0,0
4,17,17,18,63.71469,28.31764,0.0697241024106134,0.0116206837351022,1,0,0
4,18,2,19,254.85876,113.27056,0.278896409642453,0.0464827349404089,1,0,0
4,19,19,20,191.14407,84.95292,0.20917230723184,0.0348620512053067,1,0,0
4,20,20,21,127.42938,56.63528,0.139448204821227,0.0232413674702045,1,0,0
4,21,21,22,63.71469,28.31764,0.0697241024106134,0.0116206837351022,1,0,0
4,22,3,23,658.38513,318.57345,0.731409613315288,0.121901602219215,1,0,0
4,23,23,24,594.67044,283.1764,0.658651505522271,0.109775250920378,1,0,0
4,24,24,25,297.33522,141.5882,0.329325752761135,0.0548876254601892,1,0,0
4,25,6,26,651.30572,672.54395,0.936223533984444,0.156037255664074,1,0,0
4,26,26,27,608.82926,654.845425,0.894145177516257,0.149024196252709,1,0,0
4,27,27,28,566.3528,637.1469,0.85247385077048,0.142078975128413,1,0,0
4,28,28,29,523.87634,622.98808,0.813978235233524,0.135663039205587,1,0,0
4,29,29,30,438.92342,573.43221,0.72213452215635,0.120355753692725,1,0,0
4,30,30,31,297.33522,148.66761,0.332430882012427,0.0554051470020712,1,0,0
4,31,31,32,191.14407,99.11174,0.215311849423093,0.0358853082371821,1,0,0
4,32,32,33,42.47646,28.31764,0.051050351510065,0.00850839191834417,1,0,0
5,1,1,2,2596.001135,1607.2147,3.05325416315402,0.508875693859004,1,0,0
5,2,2,3,2274.558195,1453.48112,2.69930034428148,0.44988339071358,1,0,0
5,3,3,4,1561.793415,1111.07451,1.91668600399468,0.319447667332447,1,0,0
5,4,4,5,1477.938735,1055.17139,1.81595417527203,0.302659029212006,1,0,0
5,5,5,6,1436.011395,1034.20772,1.76966503459763,0.294944172432939,1,0,0
5,6,6,7,751.198175,356.38239,0.831448799401047,0.138574799900175,1,0,0
5,7,7,8,611.440375,286.50349,0.675235945401547,0.112539324233591,1,0,0
5,8,8,9,471.682575,216.62459,0.519047844183269,0.0865079740305448,1,0,0
5,9,9,10,429.755235,202.64881,0.475137982279171,0.0791896637131951,1,0,0
5,10,10,11,387.827895,188.67303,0.431286434274847,0.0718810723791412,1,0,0
5,11,11,12,356.38239,167.70936,0.393871600059869,0.0656452666766449,1,0,0
5,12,12,13,314.45505,143.251745,0.345547451033932,0.0575912418389887,1,0,0
5,13,13,14,272.52771,118.79413,0.297293454418864,0.0495489090698106,1,0,0
5,14,14,15,188.67303,62.89101,0.198878835948426,0.033146472658071,1,0,0
5,15,15,16,146.74569,55.90312,0.157033296976503,0.0261722161627505,1,0,0
5,16,16,17,104.81835,41.92734,0.112892817912381,0.0188154696520636,1,0,0
5,17,17,18,62.89101,27.95156,0.068822734944593,0.0114704558240988,1,0,0
5,18,2,19,251.56404,111.80624,0.275290939778372,0.0458818232963953,1,0,0
5,19,19,20,188.67303,83.85468,0.206468204833779,0.0344113674722965,1,0,0
5,20,20,21,125.78202,55.90312,0.137645469889186,0.0229409116481977,1,0,0
5,21,21,22,62.89101,27.95156,0.068822734944593,0.0114704558240988,1,0,0
5,22,3,23,649.87377,314.45505,0.721954219742856,0.120325703290476,1,0,0
5,23,23,24,586.98276,279.5156,0.650136701917818,0.108356116986303,1,0,0
5,24,24,25,293.49138,139.7578,0.325068350958909,0.0541780584931515,1,0,0
5,25,6,26,642.88588,663.84955,0.924120381627078,0.154020063604513,1,0,0
5,26,26,27,600.95854,646.379825,0.882585998623342,0.147097666437224,1,0,0
5,27,27,28,559.0312,628.9101,0.841453383411969,0.140242230568661,1,0,0
5,28,28,29,517.10386,614.93432,0.803455424986827,0.133909237497804,1,0,0
5,29,29,30,433.24918,566.01909,0.712799033539679,0.11879983892328,1,0,0
5,30,30,31,293.49138,146.74569,0.328133338245111,0.0546888897075185,1,0,0
5,31,31,32,188.67303,97.83046,0.212528377289228,0.0354213962148714,1,0,0
5,32,32,33,41.92734,27.95156,0.0503903914046041,0.00839839856743402,1,0,0
6,1,1,2,2518.000995,1558.9239,2.96151527715327,0.493585879525545,1,0,0
6,2,2,3,2206.216215,1409.80944,2.61819644878723,0.436366074797871,1,0,0
6,3,3,4,1514.867355,1077.69087,1.85909674695161,0.309849457825268,1,0,0
6,4,4,5,1433.532195,1023.46743,1.76139153352465,0.293565255587442,1,0,0
6,5,5,6,1392.864615,1003.13364,1.71649320867248,0.286082201445413,1,0,0
6,6,6,7,728.627475,345.67443,0.806466867813365,0.134411144635561,1,0,0
6,7,7,8,593.068875,277.89513,0.654947626739331,0.109157937789889,1,0,0
6,8,8,9,457.510275,210.11583,0.503452394717876,0.0839087324529794,1,0,0
6,9,9,10,416.842695,196.55997,0.460861860193772,0.0768103100322953,1,0,0
6,10,10,11,376.175115,183.00411,0.418327887454512,0.0697213145757521,1,0,0
6,11,11,12,345.67443,162.67032,0.382037229291501,0.0636728715485836,1,0,0
6,12,12,13,305.00685,138.947565,0.335165040489535,0.0558608400815892,1,0,0
6,13,13,14,264.33927,115.22481,0.288360896280458,0.0480601493800763,1,0,0
6,14,14,15,183.00411,61.00137,0.192903269590666,0.0321505449317776,1,0,0
6,15,15,16,142.33653,54.22344,0.152315032803314,0.0253858388005523,1,0,0
6,16,16,17,101.66895,40.66758,0.109500810303664,0.0182501350506106,1,0,0
6,17,17,18,61.00137,27.11172,0.0667548687605279,0.011125811460088,1,0,0
6,18,2,19,244.00548,108.44688,0.267019475042111,0.0445032458403519,1,0,0
6,19,19,20,183.00411,81.33516,0.200264606281584,0.0333774343802639,1,0,0
6,20,20,21,122.00274,54.22344,0.133509737521056,0.022251622920176,1,0,0
6,21,21,22,61.00137,27.11172,0.0667548687605279,0.011125811460088,1,0,0
6,22,3,23,630.34749,305.00685,0.700262191394211,0.116710365232368,1,0,0
6,23,23,24,569.34612,271.1172,0.63060252179554,0.105100420299257,1,0,0
6,24,24,25,284.67306,135.5586,0.31530126089777,0.0525502101496283,1,0,0
6,25,6,26,623.56956,643.90335,0.896354015051986,0.149392335841998,1,0,0
6,26,26,27,582.90198,626.958525,0.85606758515791,0.142677930859652,1,0,0
6,27,27,28,542.2344,610.0137,0.816170851434337,0.136028475239056,1,0,0
6,28,28,29,501.56682,596.45784,0.779314589766147,0.129885764961024,1,0,0
6,29,29,30,420.23166,549.01233,0.691382084348723,0.115230347391454,1,0,0
6,30,30,31,284.67306,142.33653,0.318274156761438,0.053045692793573,1,0,0
6,31,31,32,183.00411,94.89102,0.206142693184921,0.0343571155308202,1,0,0
6,32,32,33,40.66758,27.11172,0.0488763483130113,0.00814605805216854,1,0,0
7,1,1,2,2462.001085,1524.2537,2.89565168563225,0.482608614272041,1,0,0
7,2,2,3,2157.150345,1378.45552,2.55996820909012,0.426661368181687,1,0,0
7,3,3,4,1481.176965,1053.72321,1.81775075434981,0.302958459058302,1,0,0
7,4,4,5,1401.650685,1000.70569,1.72221848810171,0.287036414683619,1,0,0
7,5,5,6,1361.887545,980.82412,1.67831869428899,0.279719782381498,1,0,0
7,6,6,7,712.422925,337.98669,0.788531183075667,0.131421863845945,1,0,0
7,7,7,8,579.879125,271.71479,0.640381703920021,0.10673028398667,1,0,0
7,8,8,9,447.335325,205.44289,0.492255699859745,0.0820426166432909,1,0,0
7,9,9,10,407.572185,192.18851,0.450612371514248,0.0751020619190413,1,0,0
7,10,10,11,367.809045,178.93413,0.409024347029207,0.0681707245048678,1,0,0
7,11,11,12,337.98669,159.05256,0.37354078687569,0.062256797812615,1,0,0
7,12,12,13,298.22355,135.857395,0.32771102750867,0.0546185045847784,1,0,0
7,13,13,14,258.46041,112.66223,0.281947799434472,0.0469912999057452,1,0,0
7,14,14,15,178.93413,59.64471,0.188613133980222,0.0314355223300369,1,0,0
7,15,15,16,139.17099,53.01752,0.148927572613437,0.0248212621022395,1,0,0
7,16,16,17,99.40785,39.76314,0.107065531074581,0.0178442551790969,1,0,0
7,17,17,18,59.64471,26.50876,0.0652702519354851,0.0108783753225809,1,0,0
7,18,2,19,238.57884,106.03504,0.26108100774194,0.0435135012903234,1,0,0
7,19,19,20,178.93413,79.52628,0.195810755806455,0.0326351259677426,1,0,0
7,20,20,21,119.28942,53.01752,0.13054050387097,0.0217567506451617,1,0,0
7,21,21,22,59.64471,26.50876,0.0652702519354851,0.0108783753225809,1,0,0
7,22,3,23,616.32867,298.22355,0.684688480433672,0.114114746738945,1,0,0
7,23,23,24,556.68396,265.0876,0.616578029932175,0.102763004988696,1,0,0
7,24,24,25,278.34198,132.5438,0.308289014966087,0.0513815024943479,1,0,0
7,25,6,26,609.70148,629.58305,0.876419255585757,0.14606987593096,1,0,0
7,26,26,27,569.93834,613.015075,0.837028788978737,0.139504798163123,1,0,0
7,27,27,28,530.1752,596.4471,0.798019351766265,0.133003225294377,1,0,0
7,28,28,29,490.41206,583.19272,0.761982767032458,0.126997127838743,1,0,0
7,29,29,30,410.88578,536.80239,0.676005865444909,0.112667644240818,1,0,0
7,30,30,31,278.34198,139.17099,0.311195794135943,0.0518659656893239,1,0,0
7,31,31,32,178.93413,92.78066,0.201558115065835,0.0335930191776392,1,0,0
7,32,32,33,39.76314,26.50876,0.0477893467144844,0.00796489111908073,1,0,0
8,1,1,2,2630.000815,1628.2643,3.09324246019531,0.515540410032552,1,0,0
8,2,2,3,2304.347955,1472.51728,2.73465292818143,0.455775488030239,1,0,0
8,3,3,4,1582.248135,1125.62619,1.9417887321552,0.3236314553592,1,0,0
8,4,4,5,1497.295215,1068.99091,1.83973762437053,0.306622937395088,1,0,0
8,5,5,6,1454.818755,1047.75268,1.79284223743946,0.298807039573243,1,0,0
8,6,6,7,761.036575,361.04991,0.842338237288762,0.140389706214794,1,0,0
8,7,7,8,619.448375,290.25581,0.684079472377952,0.114013245396325,1,0,0
8,8,8,9,477.860175,219.46171,0.525845784434139,0.0876409640723564,1,0,0
8,9,9,10,435.383715,205.30289,0.481360837552821,0.0802268062588035,1,0,0
8,10,10,11,392.907255,191.14407,0.436934968305124,0.0728224947175207,1,0,0
8,11,11,12,361.04991,169.90584,0.399030114123124,0.0665050190205207,1,0,0
8,12,12,13,318.57345,145.127905,0.350073066451265,0.0583455110752108,1,0,0
8,13,13,14,276.09699,120.34997,0.301187089972431,0.0501978483287384,1,0,0
8,14,14,15,191.14407,63.71469,0.201483540811554,0.0335805901352589,1,0,0
8,15,15,16,148.66761,56.63528,0.159089953183067,0.0265149921971779,1,0,0
8,16,16,17,106.19115,42.47646,0.114371368761828,0.019061894793638,1,0,0
8,17,17,18,63.71469,28.31764,0.0697241024106134,0.0116206837351022,1,0,0
8,18,2,19,254.85876,113.27056,0.278896409642453,0.0464827349404089,1,0,0
8,19,19,20,191.14407,84.95292,0.20917230723184,0.0348620512053067,1,0,0
8,20,20,21,127.42938,56.63528,0.139448204821227,0.0232413674702045,1,0,0
8,21,21,22,63.71469,28.31764,0.0697241024106134,0.0116206837351022,1,0,0
8,22,3,23,658.38513,318.57345,0.731409613315288,0.121901602219215,1,0,0
8,23,23,24,594.67044,283.1764,0.658651505522271,0.109775250920378,1,0,0
8,24,24,25,297.33522,141.5882,0.329325752761135,0.0548876254601892,1,0,0
8,25,6,26,651.30572,672.54395,0.936223533984444,0.156037255664074,1,0,0
8,26,26,27,608.82926,654.845425,0.894145177516257,0.149024196252709,1,0,0
8,27,27,28,566.3528,637.1469,0.85247385077048,0.142078975128413,1,0,0
8,28,28,29,523.87634,622.98808,0.813978235233524,0.135663039205587,1,0,0
8,29,29,30,438.92342,573.43221,0.72213452215635,0.120355753692725,1,0,0
8,30,30,31,297.33522,148.66761,0.332430882012427,0.0554051470020712,1,0,0
8,31,31,32,191.14407,99.11174,0.215311849423093,0.0358853082371821,1,0,0
8,32,32,33,42.47646,28.31764,0.051050351510065,0.00850839191834417,1,0,0
9,1,1,2,2964.025855,1842.4771,3.49001019097837,0.581668365163062,1,0,0
9,2,2,3,2595.530435,1666.24016,3.0843369643747,0.514056160729116,1,0,0
9,3,3,4,1781.425695,1273.71243,2.18993626873997,0.364989378123328,1,0,0
9,4,4,5,1685.296455,1209.62627,2.0744685715406,0.345744761923433,1,0,0
9,5,5,6,1637.231835,1185.59396,2.02142551669013,0.336904252781688,1,0,0
9,6,6,7,855.170175,408.54927,0.947749193735908,0.157958198955985,1,0,0
9,7,7,8,694.954775,328.44157,0.768658574530569,0.128109762421761,1,0,0
9,8,8,9,534.739375,248.33387,0.589589611649126,0.0982649352748544,1,0,0
9,9,9,10,486.674755,232.31233,0.539278532693764,0.0898797554489606,1,0,0
9,10,10,11,438.610135,216.29079,0.489040444506937,0.0815067407511561,1,0,0
9,11,11,12,402.56167,192.25848,0.446115703921191,0.0743526173201984,1,0,0
9,12,12,13,354.49705,164.220785,0.390687374616481,0.0651145624360802,1,0,0
9,13,13,14,306.43243,136.18309,0.33533068478392,0.0558884474639867,1,0,0
9,14,14,15,213.29699,72.09693,0.225152333451121,0.0375253889085202,1,0,0
9,15,15,16,165.23237,64.08616,0.177225201366404,0.0295375335610674,1,0,0
9,16,16,17,117.16775,48.06462,0.126643157477247,0.0211071929128746,1,0,0
9,17,17,18,69.10313,32.04308,0.0761708707557115,0.0126951451259519,1,0,0
9,18,2,19,288.38772,128.17232,0.315587738451577,0.0525979564085961,1,0,0
9,19,19,20,216.29079,96.12924,0.236690803838683,0.0394484673064471,1,0,0
9,20,20,21,144.19386,64.08616,0.157793869225788,0.0262989782042981,1,0,0
9,21,21,22,72.09693,32.04308,0.0788969346128942,0.013149489102149,1,0,0
9,22,3,23,742.00781,360.48465,0.824939254119125,0.137489875686521,1,0,0
9,23,23,24,669.91088,320.4308,0.742601161277717,0.123766860212953,1,0,0
9,24,24,25,336.45234,160.2154,0.372651514807918,0.0621085858013196,1,0,0
9,25,6,26,733.99704,761.02315,1.05731163313599,0.176218605522664,1,0,0
9,26,26,27,685.93242,740.996225,1.00974189289704,0.168290315482841,1,0,0
9,27,27,28,637.8678,720.9693,0.962638074158367,0.160439679026395,1,0,0
9,28,28,29,589.80318,704.94776,0.919140432941088,0.153190072156848,1,0,0
9,29,29,30,493.67394,648.87237,0.815321600096882,0.13588693334948,1,0,0
9,30,30,31,333.45854,168.22617,0.373489815352173,0.0622483025586955,1,0,0
9,31,31,32,216.29079,112.15078,0.243638057974185,0.0406063429956976,1,0,0
9,32,32,33,48.06462,32.04308,0.0577664839818973,0.00962774733031622,1,0,0
10,1,1,2,2941.413855,1842.4771,3.47082660621506,0.578471101035844,1,0,0
10,2,2,3,2572.918435,1666.24016,3.06533286022247,0.510888810037079,1,0,0
10,3,3,4,1764.466695,1273.71243,2.17616315383308,0.36269385897218,1,0,0
10,4,4,5,1668.337455,1209.62627,2.06071482181062,0.343452470301771,1,0,0
10,5,5,6,1620.272835,1185.59396,2.0077143964786,0.334619066079766,1,0,0
10,6,6,7,843.864175,408.54927,0.937560265724803,0.156260044287467,1,0,0
10,7,7,8,683.648775,328.44157,0.75845205020691,0.126408675034485,1,0,0
10,8,8,9,523.433375,248.33387,0.579354993983022,0.096559165663837,1,0,0
10,9,9,10,475.368755,232.31233,0.529097790488941,0.0881829650814901,1,0,0
10,10,10,11,427.304135,216.29079,0.478926434462457,0.0798210724104095,1,0,0
10,11,11,12,391.25567,192.25848,0.435940732713817,0.0726567887856361,1,0,0
10,12,12,13,343.19105,164.220785,0.380458359122413,0.0634097265204021,1,0,0
10,13,13,14,295.12643,136.18309,0.325031450303648,0.0541719083839414,1,0,0
10,14,14,15,207.64399,72.09693,0.219804444674226,0.0366340741123711,1,0,0
10,15,15,16,159.57937,64.08616,0.17196688993275,0.028661148322125,1,0,0
10,16,16,17,111.51475,48.06462,0.121432068101086,0.0202386780168477,1,0,0
10,17,17,18,63.45013,32.04308,0.0710821916720588,0.0118470319453431,1,0,0
10,18,2,19,288.38772,128.17232,0.315587738451577,0.0525979564085961,1,0,0
10,19,19,20,216.29079,96.12924,0.236690803838683,0.0394484673064471,1,0,0
10,20,20,21,144.19386,64.08616,0.157793869225788,0.0262989782042981,1,0,0
10,21,21,22,72.09693,32.04308,0.0788969346128942,0.013149489102149,1,0,0
10,22,3,23,736.35481,360.48465,0.819858273786243,0.136643045631041,1,0,0
10,23,23,24,664.25788,320.4308,0.737505544881348,0.122917590813558,1,0,0
10,24,24,25,336.45234,160.2154,0.372651514807918,0.0621085858013196,1,0,0
10,25,6,26,728.34404,761.02315,1.05339511838599,0.175565853064332,1,0,0
10,26,26,27,680.27942,740.996225,1.00591028165527,0.167651713609212,1,0,0
10,27,27,28,632.2148,720.9693,0.958901603336614,0.159816933889436,1,0,0
10,28,28,29,584.15018,704.94776,0.915523225878541,0.15258720431309,1,0,0
10,29,29,30,488.02094,648.87237,0.811911196146414,0.135318532691069,1,0,0
10,30,30,31,327.80554,168.22617,0.368451511501256,0.0614085852502094,1,0,0
10,31,31,32,216.29079,112.15078,0.243638057974185,0.0406063429956976,1,0,0
10,32,32,33,48.06462,32.04308,0.0577664839818973,0.00962774733031622,1,0,0
11,1,1,2,3057.01027,1939.6774,3.62045027682417,0.603408379470696,1,0,0
11,2,2,3,2669.07479,1754.14304,3.1938969988705,0.532316166478417,1,0,0
11,3,3,4,1827.86763,1340.90742,2.26696554491083,0.377827590818472,1,0,0
11,4,4,5,1726.66707,1273.44038,2.14546721532559,0.357577869220931,1,0,0
11,5,5,6,1676.06679,1248.14024,2.08974973220435,0.348291622034059,1,0,0
11,6,6,7,868.59315,430.10238,0.969248222855521,0.16154137047592,1,0,0
11,7,7,8,699.92555,345.76858,0.780673866898348,0.130112311149725,1,0,0
11,8,8,9,531.25795,261.43478,0.592100627961034,0.0986834379935057,1,0,0
11,9,9,10,480.65767,244.56802,0.539300762225077,0.0898834603708462,1,0,0
11,10,10,11,430.05739,227.70126,0.486618148550996,0.0811030247584994,1,0,0
11,11,11,12,392.10718,202.40112,0.441264381051549,0.0735440635085915,1,0,0
11,12,12,13,341.5069,172.88429,0.382774007054311,0.0637956678423852,1,0,0
11,13,13,14,290.90662,143.36746,0.324316034365672,0.0540526723942787,1,0,0
11,14,14,15,208.70366,75.90042,0.222076769279391,0.0370127948798986,1,0,0
11,15,15,16,158.10338,67.46704,0.171896713912122,0.028649452318687,1,0,0
11,16,16,17,107.5031,50.60028,0.11881626507212,0.0198027108453534,1,0,0
11,17,17,18,56.90282,33.73352,0.0661504444092615,0.0110250740682103,1,0,0
11,18,2,19,303.60168,134.93408,0.332236641634045,0.0553727736056742,1,0,0
11,19,19,20,227.70126,101.20056,0.249177481225534,0.0415295802042556,1,0,0
11,20,20,21,151.80084,67.46704,0.166118320817022,0.0276863868028371,1,0,0
11,21,21,22,75.90042,33.73352,0.0830591604085112,0.0138431934014185,1,0,0
11,22,3,23,765.30674,379.5021,0.85423430637843,0.142372384396405,1,0,0
11,23,23,24,689.40632,337.3352,0.767512938793205,0.127918823132201,1,0,0
11,24,24,25,354.20196,168.6676,0.392310830538237,0.0653851384230396,1,0,0
11,25,6,26,756.87336,801.1711,1.10214899834501,0.183691499724168,1,0,0
11,26,26,27,706.27308,780.08765,1.05231098312961,0.175385163854935,1,0,0
11,27,27,28,655.6728,759.0042,1.00299262025076,0.16716543670846,1,0,0
11,28,28,29,605.07252,742.13744,0.957538894410511,0.159589815735085,1,0,0
11,29,29,30,503.87196,683.10378,0.848833155764153,0.141472192627359,1,0,0
11,30,30,31,335.20436,177.10098,0.379113070310125,0.0631855117183542,1,0,0
11,31,31,32,227.70126,118.06732,0.256491239338832,0.0427485398898053,1,0,0
11,32,32,33,50.60028,33.73352,0.060813968030945,0.0101356613384908,1,0,0
12,1,1,2,3105.46369,2009.0178,3.69865614117145,0.616442690195241,1,0,0
12,2,2,3,2703.66013,1816.85088,3.25741081515801,0.542901802526336,1,0,0
12,3,3,4,1847.58861,1388.84274,2.31137790684527,0.385229651140879,1,0,0
12,4,4,5,1742.77029,1318.96386,2.18561523322217,0.364269205537028,1,0,0
12,5,5,6,1690.36113,1292.75928,2.12803837038738,0.354673061731231,1,0,0
12,6,6,7,869.22905,445.47786,0.976734183447105,0.162789030574517,1,0,0
12,7,7,8,694.53185,358.12926,0.781428856347505,0.130238142724584,1,0,0
12,8,8,9,519.83465,270.78066,0.586131580083054,0.0976885966805091,1,0,0
12,9,9,10,467.42549,253.31094,0.531651221220664,0.0886085368701107,1,0,0
12,10,10,11,415.01633,235.84122,0.477346451979856,0.0795577419966427,1,0,0
12,11,11,12,375.70946,209.63664,0.430238444544396,0.071706407424066,1,0,0
12,12,12,13,323.3003,179.06463,0.369577090330457,0.0615961817217429,1,0,0
12,13,13,14,270.89114,148.49262,0.308920811738161,0.0514868019563601,1,0,0
12,14,14,15,200.95702,78.61374,0.215786570490538,0.0359644284150897,1,0,0
12,15,15,16,148.54786,69.87888,0.164163103591014,0.027360517265169,1,0,0
12,16,16,17,96.1387,52.40916,0.109495980244005,0.0182493300406676,1,0,0
12,17,17,18,43.72954,34.93944,0.0559735396069,0.00932892326781666,1,0,0
12,18,2,19,314.45496,139.75776,0.344113576234387,0.0573522627057311,1,0,0
12,19,19,20,235.84122,104.81832,0.25808518217579,0.0430141970292984,1,0,0
12,20,20,21,157.22748,69.87888,0.172056788117193,0.0286761313528656,1,0,0
12,21,21,22,78.61374,34.93944,0.0860283940585967,0.0143380656764328,1,0,0
12,22,3,23,777.45778,393.0687,0.871173692556323,0.145195615426054,1,0,0
12,23,23,24,698.84404,349.3944,0.781319037906335,0.130219839651056,1,0,0
12,24,24,25,366.86412,174.6972,0.406335322401603,0.0677225537336004,1,0,0
12,25,6,26,768.72292,829.8117,1.13115975228533,0.188526625380889,1,0,0
12,26,26,27,716.31376,807.97455,1.07978158727265,0.179963597878775,1,0,0
12,27,27,28,663.9046,786.1374,1.02897100521828,0.17149516753638,1,0,0
12,28,28,29,611.49544,768.66768,0.982230459422521,0.16370507657042,1,0,0
12,29,29,30,506.67712,707.52366,0.870236423847732,0.145039403974622,1,0,0
12,30,30,31,331.97992,183.43206,0.379286155717619,0.0632143592862699,1,0,0
12,31,31,32,235.84122,122.28804,0.265660395577004,0.0442767325961673,1,0,0
12,32,32,33,52.40916,34.93944,0.0629879712279988,0.0104979952046665,1,0,0
13,1,1,2,3125.218,2043.688,3.73411946633581,0.622353244389301,1,0,0
13,2,2,3,2716.4804,1848.2048,3.2855938194377,0.547598969906283,1,0,0
13,3,3,4,1854.0948,1412.8104,2.33102997701342,0.388504996168904,1,0,0
13,4,4,5,1747.4676,1341.7256,2.20315015347232,0.367191692245387,1,0,0
13,5,5,6,1694.154,1315.0688,2.14465934927891,0.357443224879818,1,0,0
13,6,6,7,867.3108,453.1656,0.978563786791643,0.163093964465274,1,0,0
13,7,7,8,689.5988,364.3096,0.779915373366624,0.129985895561104,1,0,0
13,8,8,9,511.8868,275.4536,0.581294057914925,0.0968823429858208,1,0,0
13,9,9,10,458.5732,257.6824,0.52601292667386,0.0876688211123101,1,0,0
13,10,10,11,405.2596,239.9112,0.470948752283728,0.0784914587139546,1,0,0
13,11,11,12,365.2744,213.2544,0.422969060824453,0.0704948434707422,1,0,0
13,12,12,13,311.9608,182.1548,0.361247715424859,0.0602079525708099,1,0,0
13,13,13,14,258.6472,151.0552,0.29952637198564,0.0499210619976067,1,0,0
13,14,14,15,195.9656,79.9704,0.211654863538545,0.0352758105897575,1,0,0
13,15,15,16,142.652,71.0848,0.159382062651479,0.0265636771085798,1,0,0
13,16,16,17,89.3384,53.3136,0.104036962948368,0.0173394938247279,1,0,0
13,17,17,18,36.0248,35.5424,0.0506068020408324,0.0084344670068054,1,0,0
13,18,2,19,319.8816,142.1696,0.350052043534558,0.0583420072557596,1,0,0
13,19,19,20,239.9112,106.6272,0.262539032650918,0.0437565054418197,1,0,0
13,20,20,21,159.9408,71.0848,0.175026021767279,0.0291710036278798,1,0,0
13,21,21,22,79.9704,35.5424,0.0875130108836395,0.0145855018139399,1,0,0
13,22,3,23,782.4152,399.852,0.878666698523985,0.146444449753998,1,0,0
13,23,23,24,702.4448,355.424,0.787245144045386,0.131207524007564,1,0,0
13,24,24,25,373.1952,177.712,0.413347568333285,0.0688912613888809,1,0,0
13,25,6,26,773.5296,844.132,1.14494841608701,0.190824736014502,1,0,0
13,26,26,27,720.216,821.918,1.09282216548714,0.18213702758119,1,0,0
13,27,27,28,666.9024,799.704,1.04129020870349,0.173548368117248,1,0,0
13,28,28,29,613.5888,781.9328,0.993936677661751,0.165656112943625,1,0,0
13,29,29,30,506.9616,719.7336,0.880355904645116,0.146725984107519,1,0,0
13,30,30,31,329.2496,186.5976,0.378449419904325,0.0630749033173875,1,0,0
13,31,31,32,239.9112,124.3984,0.270244973696089,0.0450408289493482,1,0,0
13,32,32,33,53.3136,35.5424,0.0640749728265256,0.0106791621377543,1,0,0
14,1,1,2,3133.996105,2106.2181,3.77598811848273,0.629331353080456,1,0,0
14,2,2,3,2712.752485,1904.75376,3.31468142226486,0.552446903710811,1,0,0
14,3,3,4,1845.691545,1456.03773,2.35087710237435,0.391812850395726,1,0,0
14,4,4,5,1735.801905,1382.77797,2.21925283997091,0.369875473328485,1,0,0
14,5,5,6,1680.857085,1355.30556,2.15919746692182,0.35986624448697,1,0,0
14,6,6,7,850.426025,467.03097,0.970227989153292,0.161704664858882,1,0,0
14,7,7,8,667.276625,375.45627,0.765653645556333,0.127608940926056,1,0,0
14,8,8,9,484.127225,283.88157,0.561220024386038,0.0935366707310064,1,0,0
14,9,9,10,429.182405,265.56663,0.504701071656422,0.0841168452760703,1,0,0
14,10,10,11,374.237585,247.25169,0.448538926108413,0.0747564876847355,1,0,0
14,11,11,12,333.02897,219.77928,0.399012815303693,0.0665021358839489,1,0,0
14,12,12,13,278.08415,187.728135,0.335518475127378,0.0559197458545629,1,0,0
14,13,13,14,223.13933,155.67699,0.272078087703345,0.0453463479505575,1,0,0
14,14,14,15,180.25069,82.41723,0.19819917014546,0.0330331950242433,1,0,0
14,15,15,16,125.30587,73.25976,0.145150106757503,0.0241916844595838,1,0,0
14,16,16,17,70.36105,54.94482,0.089272675561646,0.0148787792602743,1,0,0
14,17,17,18,15.41623,36.62988,0.0397417696665272,0.00662362827775453,1,0,0
14,18,2,19,329.66892,146.51952,0.360762479416855,0.0601270799028092,1,0,0
14,19,19,20,247.25169,109.88964,0.270571859562641,0.0450953099271069,1,0,0
14,20,20,21,164.83446,73.25976,0.180381239708428,0.0300635399514046,1,0,0
14,21,21,22,82.41723,36.62988,0.0901906198542138,0.0150317699757023,1,0,0
14,22,3,23,784.64371,412.08615,0.886273516847021,0.147712252807837,1,0,0
14,23,23,24,702.22648,366.2988,0.792020732111622,0.132003455351937,1,0,0
14,24,24,25,384.61374,183.1494,0.425994638131923,0.0709991063553204,1,0,0
14,25,6,26,775.48624,869.95965,1.16542211282327,0.194237018803879,1,0,0
14,26,26,27,720.54142,847.065975,1.11207045817175,0.185345076361958,1,0,0
14,27,27,28,665.5966,824.1723,1.05937661575988,0.176562769293313,1,0,0
14,28,28,29,610.65178,805.85736,1.01108935365938,0.168514892276563,1,0,0
14,29,29,30,500.76214,741.75507,0.894965532703961,0.149160922117327,1,0,0
14,30,30,31,317.61274,192.30687,0.371294741222529,0.0618824568704214,1,0,0
14,31,31,32,247.25169,128.20458,0.27851357694165,0.046418929490275,1,0,0
14,32,32,33,54.94482,36.62988,0.0660354552770464,0.0110059092128411,1,0,0
15,1,1,2,2992.5332,2043.688,3.62379850356587,0.603966417260978,1,0,0
15,2,2,3,2583.7956,1848.2048,3.17676890650271,0.529461484417118,1,0,0
15,3,3,4,1754.5812,1412.8104,2.25268471245791,0.375447452076319,1,0,0
15,4,4,5,1647.954,1341.7256,2.12508352113778,0.354180586856297,1,0,0
15,5,5,6,1594.6404,1315.0688,2.06695039951267,0.344491733252112,1,0,0
15,6,6,7,800.9684,453.1656,0.920276827276402,0.153379471212734,1,0,0
15,7,7,8,623.2564,364.3096,0.72192106548647,0.120320177581078,1,0,0
15,8,8,9,445.5444,275.4536,0.523817237330274,0.0873028728883789,1,0,0
15,9,9,10,392.2308,257.6824,0.469302908299533,0.0782171513832555,1,0,0
15,10,10,11,338.9172,239.9112,0.415237585415001,0.0692062642358335,1,0,0
15,11,11,12,298.932,213.2544,0.367202641253246,0.0612004402088743,1,0,0
15,12,12,13,245.6184,182.1548,0.305792036491469,0.0509653394152449,1,0,0
15,13,13,14,192.3048,151.0552,0.244537951144766,0.0407563251907943,1,0,0
15,14,14,15,162.7944,79.9704,0.181376077660534,0.0302293462767556,1,0,0
15,15,15,16,109.4808,71.0848,0.130533882037117,0.0217556470061862,1,0,0
15,16,16,17,56.1672,53.3136,0.0774409084450848,0.0129068180741808,1,0,0
15,17,17,18,2.8536,35.5424,0.0356567697740555,0.00594279496234259,1,0,0
15,18,2,19,319.8816,142.1696,0.350052043534558,0.0583420072557596,1,0,0
15,19,19,20,239.9112,106.6272,0.262539032650918,0.0437565054418197,1,0,0
15,20,20,21,159.9408,71.0848,0.175026021767279,0.0291710036278798,1,0,0
15,21,21,22,79.9704,35.5424,0.0875130108836395,0.0145855018139399,1,0,0
15,22,3,23,749.244,399.852,0.849263323969663,0.141543887328277,1,0,0
15,23,23,24,669.2736,355.424,0.757795072188359,0.12629917869806,1,0,0
15,24,24,25,373.1952,177.712,0.413347568333285,0.0688912613888809,1,0,0
15,25,6,26,740.3584,844.132,1.1228042544783,0.187134042413049,1,0,0
15,26,26,27,687.0448,821.918,1.0712514905152,0.178541915085867,1,0,0
15,27,27,28,633.7312,799.704,1.02036352417628,0.170060587362713,1,0,0
15,28,28,29,580.4176,781.9328,0.973808756433007,0.162301459405501,1,0,0
15,29,29,30,473.7904,719.7336,0.861680798266458,0.143613466377743,1,0,0
15,30,30,31,296.0784,186.5976,0.349972975059961,0.0583288291766601,1,0,0
15,31,31,32,239.9112,124.3984,0.270244973696089,0.0450408289493482,1,0,0
15,32,32,33,53.3136,35.5424,0.0640749728265256,0.0106791621377543,1,0,0
16,1,1,2,3035.0684,2043.688,3.65900271030544,0.609833785050907,1,0,0
16,2,2,3,2626.3308,1848.2048,3.21145986332878,0.535243310554796,1,0,0
16,3,3,4,1786.4826,1412.8104,2.27762009704229,0.379603349507048,1,0,0
16,4,4,5,1679.8554,1341.7256,2.1499166845728,0.358319447428801,1,0,0
16,5,5,6,1626.5418,1315.0688,2.09166062636382,0.34861010439397,1,0,0
16,6,6,7,822.236,453.1656,0.938845621345363,0.156474270224227,1,0,0
16,7,7,8,644.524,364.3096,0.740359825509299,0.12339330425155,1,0,0
16,8,8,9,466.812,275.4536,0.542022258857475,0.0903370431429126,1,0,0
16,9,9,10,413.4984,257.6824,0.487217760423735,0.0812029600706225,1,0,0
16,10,10,11,360.1848,239.9112,0.432770694521337,0.0721284490868894,1,0,0
16,11,11,12,320.1996,213.2544,0.384714469391938,0.0641190782319896,1,0,0
16,12,12,13,266.886,182.1548,0.323123054205422,0.0538538423675703,1,0,0
16,13,13,14,213.5724,151.0552,0.261592896480008,0.0435988160800013,1,0,0
16,14,14,15,173.4282,79.9704,0.19097802342521,0.0318296705708683,1,0,0
16,15,15,16,120.1146,71.0848,0.13957279793785,0.0232621329896417,1,0,0
16,16,16,17,66.801,53.3136,0.085467616943261,0.0142446028238768,1,0,0
16,17,17,18,13.4874,35.5424,0.0380154199834751,0.00633590333057919,1,0,0
16,18,2,19,319.8816,142.1696,0.350052043534558,0.0583420072557596,1,0,0
16,19,19,20,239.9112,106.6272,0.262539032650918,0.0437565054418197,1,0,0
16,20,20,21,159.9408,71.0848,0.175026021767279,0.0291710036278798,1,0,0
16,21,21,22,79.9704,35.5424,0.0875130108836395,0.0145855018139399,1,0,0
16,22,3,23,759.8778,399.852,0.858659357857841,0.143109892976307,1,0,0
16,23,23,24,679.9074,355.424,0.767202901682964,0.127867150280494,1,0,0
16,24,24,25,373.1952,177.712,0.413347568333285,0.0688912613888809,1,0,0
16,25,6,26,750.9922,844.132,1.12984428922079,0.188307381536799,1,0,0
16,26,26,27,697.6786,821.918,1.07810232706453,0.179683721177422,1,0,0
16,27,27,28,644.365,799.704,1.02700182124522,0.171166970207537,1,0,0
16,28,28,29,591.0514,781.9328,0.980183993522543,0.163363998920424,1,0,0
16,29,29,30,484.4242,719.7336,0.867573201819074,0.144595533636512,1,0,0
16,30,30,31,306.7122,186.5976,0.359013980165954,0.0598356633609923,1,0,0
16,31,31,32,239.9112,124.3984,0.270244973696089,0.0450408289493482,1,0,0
16,32,32,33,53.3136,35.5424,0.0640749728265256,0.0106791621377543,1,0,0
17,1,1,2,3048.55112,2022.6384,3.65851472983338,0.60975245497223,1,0,0
17,2,2,3,2644.02344,1829.16864,3.21507664991503,0.535846108319172,1,0,0
17,3,3,4,1801.63968,1398.25872,2.28057733580919,0.380096222634865,1,0,0
17,4,4,5,1696.11072,1327.90608,2.15409520026388,0.359015866710647,1,0,0
17,5,5,6,1643.34624,1301.52384,2.09631848024352,0.349386413373919,1,0,0
17,6,6,7,836.1388,448.49808,0.948830132652376,0.158138355442063,1,0,0
17,7,7,8,660.2572,360.55728,0.75229058369279,0.125381763948798,1,0,0
17,8,8,9,484.3756,272.61648,0.555823233630037,0.0926372056050061,1,0,0
17,9,9,10,431.61112,255.02832,0.501325845044594,0.0835543075074324,1,0,0
17,10,10,11,378.84664,237.44016,0.447104692684068,0.0745174487806781,1,0,0
17,11,11,12,339.27328,211.05792,0.399564518090239,0.0665940863483731,1,0,0
17,12,12,13,286.5088,180.27864,0.33850802134911,0.056418003558185,1,0,0
17,13,13,14,233.74432,149.49936,0.277464350453661,0.0462440584089435,1,0,0
17,14,14,15,182.82776,79.14672,0.199223977255189,0.0332039962091981,1,0,0
17,15,15,16,130.06328,70.35264,0.147871399395989,0.0246452332326648,1,0,0
17,16,16,17,77.2988,52.76448,0.0935905702040029,0.0155984283673338,1,0,0
17,17,17,18,24.53432,35.17632,0.0428871349778089,0.00714785582963482,1,0,0
17,18,2,19,316.58688,140.70528,0.346446573670476,0.0577410956117461,1,0,0
17,19,19,20,237.44016,105.52896,0.259834930252857,0.0433058217088095,1,0,0
17,20,20,21,158.29344,70.35264,0.173223286835238,0.028870547805873,1,0,0
17,21,21,22,79.14672,35.17632,0.0866116434176191,0.0144352739029365,1,0,0
17,22,3,23,763.23704,395.7336,0.859730109625644,0.143288351604274,1,0,0
17,23,23,24,684.09032,351.7632,0.769231379229905,0.128205229871651,1,0,0
17,24,24,25,369.35136,175.8816,0.409090166531059,0.0681816944218432,1,0,0
17,25,6,26,754.44296,835.4376,1.12567320452577,0.187612200754295,1,0,0
17,26,26,27,701.67848,813.4524,1.0742706811418,0.179045113523634,1,0,0
17,27,27,28,648.914,791.4672,1.0234792172154,0.170579869535899,1,0,0
17,28,28,29,596.14952,773.87904,0.976874105884454,0.162812350980742,1,0,0
17,29,29,30,490.62056,712.32048,0.864932945448457,0.144155490908076,1,0,0
17,30,30,31,314.73896,184.67568,0.364918785108884,0.0608197975181474,1,0,0
17,31,31,32,237.44016,123.11712,0.267461501562225,0.0445769169270375,1,0,0
17,32,32,33,52.76448,35.17632,0.0634150127210647,0.0105691687868441,1,0,0
18,1,1,2,2990.98147,1939.6774,3.5648728686945,0.594145478115749,1,0,0
18,2,2,3,2603.04599,1754.14304,3.1389275606225,0.523154593437083,1,0,0
18,3,3,4,1778.34603,1340.90742,2.2272286167854,0.371204769464234,1,0,0
18,4,4,5,1677.14547,1273.44038,2.10581749659273,0.350969582765455,1,0,0
18,5,5,6,1626.54519,1248.14024,2.05024469608371,0.341707449347285,1,0,0
18,6,6,7,835.57875,430.10238,0.939776518504919,0.15662941975082,1,0,0
18,7,7,8,666.91115,345.76858,0.751216608515506,0.125202768085918,1,0,0
18,8,8,9,498.24355,261.43478,0.56266755665335,0.0937779261088917,1,0,0
18,9,9,10,447.64327,244.56802,0.510096082697185,0.0850160137828641,1,0,0
18,10,10,11,397.04299,227.70126,0.457701867719291,0.0762836446198819,1,0,0
18,11,11,12,359.09278,202.40112,0.412206062577181,0.0687010104295302,1,0,0
18,12,12,13,308.4925,172.88429,0.353633426424955,0.0589389044041592,1,0,0
18,13,13,14,257.89222,143.36746,0.295063765520912,0.0491772942534854,1,0,0
18,14,14,15,192.19646,75.90042,0.206640637321675,0.0344401062202792,1,0,0
18,15,15,16,141.59618,67.46704,0.15684795082166,0.0261413251369434,1,0,0
18,16,16,17,90.9959,50.60028,0.104118404486855,0.0173530674144759,1,0,0
18,17,17,18,40.39562,33.73352,0.0526284760065765,0.00877141266776275,1,0,0
18,18,2,19,303.60168,134.93408,0.332236641634045,0.0553727736056742,1,0,0
18,19,19,20,227.70126,101.20056,0.249177481225534,0.0415295802042556,1,0,0
18,20,20,21,151.80084,67.46704,0.166118320817022,0.0276863868028371,1,0,0
18,21,21,22,75.90042,33.73352,0.0830591604085112,0.0138431934014185,1,0,0
18,22,3,23,748.79954,379.5021,0.839477572665656,0.139912928777609,1,0,0
18,23,23,24,672.89912,337.3352,0.752720574221148,0.125453429036858,1,0,0
18,24,24,25,354.20196,168.6676,0.392310830538237,0.0653851384230396,1,0,0
18,25,6,26,740.36616,801.1711,1.0908790869516,0.1818131811586,1,0,0
18,26,26,27,689.76588,780.08765,1.04130385137802,0.173550641896337,1,0,0
18,27,27,28,639.1656,759.0042,0.992280222437694,0.165380037072949,1,0,0
18,28,28,29,588.56532,742.13744,0.947194338959253,0.157865723159875,1,0,0
18,29,29,30,487.36476,683.10378,0.839139549503029,0.139856591583838,1,0,0
18,30,30,31,318.69716,177.10098,0.36459928265018,0.0607665471083634,1,0,0
18,31,31,32,227.70126,118.06732,0.256491239338832,0.0427485398898053,1,0,0
18,32,32,33,50.60028,33.73352,0.060813968030945,0.0101356613384908,1,0,0
19,1,1,2,3168.77041,1987.9682,3.74073835966949,0.623456393278249,1,0,0
19,2,2,3,2771.17677,1797.81472,3.30326481803023,0.550544136338372,1,0,0
19,3,3,4,1900.11369,1374.29106,2.34501768703806,0.39083628117301,1,0,0
19,4,4,5,1796.39361,1305.14434,2.22045755426283,0.370076259043805,1,0,0
19,5,5,6,1744.53357,1279.21432,2.16328145495449,0.360546909159081,1,0,0
19,6,6,7,908.04385,440.81034,1.00938465877669,0.168230776462782,1,0,0
19,7,7,8,735.17705,354.37694,0.816130081819354,0.136021680303226,1,0,0
19,8,8,9,562.31025,267.94354,0.622885669993133,0.103814278332189,1,0,0
19,9,9,10,510.45021,250.65686,0.568672382267773,0.0947787303779621,1,0,0
19,10,10,11,458.59017,233.37018,0.514554744350746,0.0857591240584576,1,0,0
19,11,11,12,419.69514,207.44016,0.468161756789729,0.0780269594649548,1,0,0
19,12,12,13,367.8351,177.18847,0.408287171844709,0.0680478619741182,1,0,0
19,13,13,14,315.97506,146.93678,0.348469017071492,0.0580781695119154,1,0,0
19,14,14,15,222.81258,77.79006,0.23600156618349,0.0393335943639149,1,0,0
19,15,15,16,170.95254,69.14672,0.184407266177909,0.0307345443629848,1,0,0
19,16,16,17,119.0925,51.86004,0.129894138840256,0.0216490231400426,1,0,0
19,17,17,18,67.23246,34.57336,0.0756010641415926,0.0126001773569321,1,0,0
19,18,2,19,311.16024,138.29344,0.340508106370305,0.0567513510617176,1,0,0
19,19,19,20,233.37018,103.72008,0.255381079777729,0.0425635132962882,1,0,0
19,20,20,21,155.58012,69.14672,0.170254053185153,0.0283756755308588,1,0,0
19,21,21,22,77.79006,34.57336,0.0851270265925764,0.0141878377654294,1,0,0
19,22,3,23,793.27302,388.9503,0.883495568823076,0.147249261470513,1,0,0
19,23,23,24,715.48296,345.7336,0.794636764955739,0.132439460825956,1,0,0
19,24,24,25,363.02028,172.8668,0.402077920599376,0.0670129867665627,1,0,0
19,25,6,26,784.62968,821.1173,1.13572767646835,0.189287946078058,1,0,0
19,26,26,27,732.76964,799.50895,1.08451182862882,0.180751971438137,1,0,0
19,27,27,28,680.9096,777.9006,1.03381198815477,0.172301998025795,1,0,0
19,28,28,29,629.04956,760.61392,0.987034388577196,0.164505731429533,1,0,0
19,29,29,30,525.32948,700.11054,0.875286142227878,0.145881023704646,1,0,0
19,30,30,31,352.46268,181.51014,0.396454123090682,0.0660756871817804,1,0,0
19,31,31,32,233.37018,121.00676,0.262876923443139,0.0438128205738565,1,0,0
19,32,32,33,51.86004,34.57336,0.0623280111225378,0.0103880018537563,1,0,0
20,1,1,2,3625.00041,2244.2802,4.26349874969047,0.710583124948412,1,0,0
20,2,2,3,3176.14437,2029.60992,3.76924521442226,0.628207535737043,1,0,0
20,3,3,4,2180.85489,1551.48066,2.67641930376967,0.446069883961612,1,0,0
20,4,4,5,2063.76201,1473.41874,2.53575953459756,0.422626589099593,1,0,0
20,5,5,6,2005.21557,1444.14552,2.47112236951279,0.411853728252131,1,0,0
20,6,6,7,1048.95705,497.64474,1.16101730391686,0.193502883986143,1,0,0
20,7,7,8,853.80225,400.06734,0.942885018779988,0.157147503129998,1,0,0
20,8,8,9,658.64745,302.48994,0.724787297896911,0.120797882982819,1,0,0
20,9,9,10,600.10101,282.97446,0.663472506751645,0.110578751125274,1,0,0
20,10,10,11,541.55457,263.45898,0.602239143887647,0.100373190647941,1,0,0
20,11,11,12,497.64474,234.18576,0.549993870362612,0.0916656450604353,1,0,0
20,12,12,13,439.0983,200.03367,0.482515063180994,0.0804191771968324,1,0,0
20,13,13,14,380.55186,165.88158,0.4151342153241,0.06918903588735,1,0,0
20,14,14,15,263.45898,87.81966,0.277710148941583,0.0462850248235971,1,0,0
20,15,15,16,204.91254,78.06192,0.219277934146001,0.0365463223576669,1,0,0
20,16,16,17,146.3661,58.54644,0.157641114135506,0.0262735190225843,1,0,0
20,17,17,18,87.81966,39.03096,0.0961025937268979,0.016017098954483,1,0,0
20,18,2,19,351.27864,156.12384,0.384410374907592,0.0640683958179319,1,0,0
20,19,19,20,263.45898,117.09288,0.288307781180694,0.048051296863449,1,0,0
20,20,20,21,175.63932,78.06192,0.192205187453796,0.032034197908966,1,0,0
20,21,21,22,87.81966,39.03096,0.0961025937268979,0.016017098954483,1,0,0
20,22,3,23,907.46982,439.0983,1.00812141693038,0.168020236155064,1,0,0
20,23,23,24,819.65016,390.3096,0.907836972501223,0.151306162083537,1,0,0
20,24,24,25,409.82508,195.1548,0.453918486250611,0.0756530810417686,1,0,0
20,25,6,26,897.71208,926.9853,1.29042191743399,0.215070319572332,1,0,0
20,26,26,27,839.16564,902.59095,1.23242419417119,0.205404032361865,1,0,0
20,27,27,28,780.6192,878.1966,1.17498749085265,0.195831248475441,1,0,0
20,28,28,29,722.07276,858.68112,1.121927955164,0.186987992527333,1,0,0
20,29,29,30,604.97988,790.37694,0.995337310909512,0.165889551818252,1,0,0
20,30,30,31,409.82508,204.91254,0.458198368882145,0.0763663948136908,1,0,0
20,31,31,32,263.45898,136.60836,0.296770076261961,0.0494616793769935,1,0,0
20,32,32,33,58.54644,39.03096,0.070364063805292,0.0117273439675487,1,0,0
21,1,1,2,3715,2300,4.36935063825278,0.728225106375464,1,0,0
21,2,2,3,3255,2080,3.86282603801931,0.643804339669886,1,0,0
21,3,3,4,2235,1590,2.74286802453199,0.457144670755331,1,0,0
21,4,4,5,2115,1510,2.598716029119,0.433119338186499,1,0,0
21,5,5,6,2055,1480,2.53247408673811,0.422079014456351,1,0,0
21,6,6,7,1075,510,1.18984242654227,0.198307071090379,1,0,0
21,7,7,8,875,410,0.966294468575703,0.16104907809595,1,0,0
21,8,8,9,675,310,0.742781933005913,0.123796988834319,1,0,0
21,9,9,10,615,290,0.67994485070482,0.113324141784137,1,0,0
21,10,10,11,555,270,0.617191218343229,0.102865203057205,1,0,0
21,11,11,12,510,240,0.563648826841678,0.0939414711402797,1,0,0
21,12,12,13,450,205,0.494494691579192,0.0824157819298653,1,0,0
21,13,13,14,390,170,0.425440947723653,0.0709068246206088,1,0,0
21,14,14,15,270,90,0.284604989415154,0.0474341649025257,1,0,0
21,15,15,16,210,80,0.224722050542442,0.0374536750904071,1,0,0
21,16,16,17,150,60,0.161554944214035,0.0269258240356725,1,0,0
21,17,17,18,90,40,0.098488578017961,0.0164147630029935,1,0,0
21,18,2,19,360,160,0.393954312071844,0.065659052011974,1,0,0
21,19,19,20,270,120,0.295465734053883,0.0492442890089805,1,0,0
21,20,20,21,180,80,0.196977156035922,0.032829526005987,1,0,0
21,21,21,22,90,40,0.098488578017961,0.0164147630029935,1,0,0
21,22,3,23,930,450,1.03315052146335,0.172191753577226,1,0,0
21,23,23,24,840,400,0.930376267969041,0.155062711328173,1,0,0
21,24,24,25,420,200,0.46518813398452,0.0775313556640867,1,0,0
21,25,6,26,920,950,1.32245982925758,0.220409971542931,1,0,0
21,26,26,27,860,925,1.26302216924328,0.21050369487388,1,0,0
21,27,27,28,800,900,1.20415945787923,0.200693242979872,1,0,0
21,28,28,29,740,880,1.14978258814438,0.191630431357397,1,0,0
21,29,29,30,620,810,1.02004901843,0.170008169738333,1,0,0
21,30,30,31,420,210,0.469574275274956,0.0782623792124926,1,0,0
21,31,31,32,270,140,0.304138126514911,0.0506896877524852,1,0,0
21,32,32,33,60,40,0.0721110255092798,0.0120185042515466,1,0,0
22,1,1,2,3625.00041,2244.2802,4.26349874969047,0.710583124948412,1,0,0
22,2,2,3,3176.14437,2029.60992,3.76924521442226,0.628207535737043,1,0,0
22,3,3,4,2180.85489,1551.48066,2.67641930376967,0.446069883961612,1,0,0
22,4,4,5,2063.76201,1473.41874,2.53575953459756,0.422626589099593,1,0,0
22,5,5,6,2005.21557,1444.14552,2.47112236951279,0.411853728252131,1,0,0
22,6,6,7,1048.95705,497.64474,1.16101730391686,0.193502883986143,1,0,0
22,7,7,8,853.80225,400.06734,0.942885018779988,0.157147503129998,1,0,0
22,8,8,9,658.64745,302.48994,0.724787297896911,0.120797882982819,1,0,0
22,9,9,10,600.10101,282.97446,0.663472506751645,0.110578751125274,1,0,0
22,10,10,11,541.55457,263.45898,0.602239143887647,0.100373190647941,1,0,0
22,11,11,12,497.64474,234.18576,0.549993870362612,0.0916656450604353,1,0,0
22,12,12,13,439.0983,200.03367,0.482515063180994,0.0804191771968324,1,0,0
22,13,13,14,380.55186,165.88158,0.4151342153241,0.06918903588735,1,0,0
22,14,14,15,263.45898,87.81966,0.277710148941583,0.0462850248235971,1,0,0
22,15,15,16,204.91254,78.06192,0.219277934146001,0.0365463223576669,1,0,0
22,16,16,17,146.3661,58.54644,0.157641114135506,0.0262735190225843,1,0,0
22,17,17,18,87.81966,39.03096,0.0961025937268979,0.016017098954483,1,0,0
22,18,2,19,351.27864,156.12384,0.384410374907592,0.0640683958179319,1,0,0
22,19,19,20,263.45898,117.09288,0.288307781180694,0.048051296863449,1,0,0
22,20,20,21,175.63932,78.06192,0.192205187453796,0.032034197908966,1,0,0
22,21,21,22,87.81966,39.03096,0.0961025937268979,0.016017098954483,1,0,0
22,22,3,23,907.46982,439.0983,1.00812141693038,0.168020236155064,1,0,0
22,23,23,24,819.65016,390.3096,0.907836972501223,0.151306162083537,1,0,0
22,24,24,25,409.82508,195.1548,0.453918486250611,0.0756530810417686,1,0,0
22,25,6,26,897.71208,926.9853,1.29042191743399,0.215070319572332,1,0,0
22,26,26,27,839.16564,902.59095,1.23242419417119,0.205404032361865,1,0,0
22,27,27,28,780.6192,878.1966,1.17498749085265,0.195831248475441,1,0,0
22,28,28,29,722.07276,858.68112,1.121927955164,0.186987992527333,1,0,0
22,29,29,30,604.97988,790.37694,0.995337310909512,0.165889551818252,1,0,0
22,30,30,31,409.82508,204.91254,0.458198368882145,0.0763663948136908,1,0,0
22,31,31,32,263.45898,136.60836,0.296770076261961,0.0494616793769935,1,0,0
22,32,32,33,58.54644,39.03096,0.070364063805292,0.0117273439675487,1,0,0
23,1,1,2,3580.99995,2217.039,4.211748160731,0.701958026788501,1,0,0
23,2,2,3,3137.59215,2004.9744,3.72349390282796,0.620582317137993,1,0,0
23,3,3,4,2154.38355,1532.6487,2.64393277488712,0.440655462481186,1,0,0
23,4,4,5,2038.71195,1455.5343,2.50498034194867,0.417496723658112,1,0,0
23,5,5,6,1980.87615,1426.6164,2.44112774642946,0.40685462440491,1,0,0
23,6,6,7,1036.22475,491.6043,1.14692481021689,0.191154135036149,1,0,0
23,7,7,8,843.43875,395.2113,0.931440227094177,0.15524003784903,1,0,0
23,8,8,9,650.65275,298.8183,0.715989788682389,0.119331631447065,1,0,0
23,9,9,10,592.81695,279.5397,0.655419239939897,0.109236539989983,1,0,0
23,10,10,11,534.98115,260.2611,0.594929131097589,0.0991548551829315,1,0,0
23,11,11,12,491.6043,231.3432,0.543318013657499,0.0905530022762498,1,0,0
23,12,12,13,433.7685,197.60565,0.47665826805393,0.0794430446756551,1,0,0
23,13,13,14,375.9327,163.8681,0.410095292739261,0.0683492154565435,1,0,0
23,14,14,15,260.2611,86.7537,0.27433928744695,0.0457232145744916,1,0,0
23,15,15,16,202.4253,77.1144,0.216616326179376,0.0361027210298961,1,0,0
23,16,16,17,144.5895,57.8358,0.155727657376235,0.0259546095627058,1,0,0
23,17,17,18,86.7537,38.5572,0.0949360950088532,0.0158226825014755,1,0,0
23,18,2,19,347.0148,154.2288,0.379744380035413,0.0632907300059021,1,0,0
23,19,19,20,260.2611,115.6716,0.28480828502656,0.0474680475044266,1,0,0
23,20,20,21,173.5074,77.1144,0.189872190017706,0.0316453650029511,1,0,0
23,21,21,22,86.7537,38.5572,0.0949360950088532,0.0158226825014755,1,0,0
23,22,3,23,896.4549,433.7685,0.995884782154171,0.165980797025695,1,0,0
23,23,23,24,809.7012,385.572,0.896817595983397,0.149469599330566,1,0,0
23,24,24,25,404.8506,192.786,0.448408797991699,0.0747347996652831,1,0,0
23,25,6,26,886.8156,915.7335,1.27475870321626,0.212459783869377,1,0,0
23,26,26,27,828.9798,891.63525,1.21746495959867,0.202910826599779,1,0,0
23,27,27,28,771.144,867.537,1.16072542623353,0.193454237705588,1,0,0
23,28,28,29,713.3082,848.2584,1.10830993019002,0.184718321698336,1,0,0
23,29,29,30,597.6366,780.7833,0.983255850335227,0.163875975055871,1,0,0
23,30,30,31,404.8506,202.4253,0.452636731165788,0.075439455194298,1,0,0
23,31,31,32,260.2611,134.9502,0.293167864291518,0.048861310715253,1,0,0
23,32,32,33,57.8358,38.5572,0.0695099808191601,0.0115849968031933,1,0,0
24,1,1,2,3301.0004,2043.688,3.88243020312589,0.647071700520982,1,0,0
24,2,2,3,2892.2628,1848.2048,3.43235270434244,0.572058784057074,1,0,0
24,3,3,4,1985.9316,1412.8104,2.43720281187814,0.406200468646357,1,0,0
24,4,4,5,1879.3044,1341.7256,2.30911511483397,0.384852519138996,1,0,0
24,5,5,6,1825.9908,1315.0688,2.25025517451201,0.375042529085335,1,0,0
24,6,6,7,955.202,453.1656,1.0572463865284,0.176207731088067,1,0,0
24,7,7,8,777.49,364.3096,0.858610612997627,0.143101768832938,1,0,0
24,8,8,9,599.778,275.4536,0.660006314391734,0.110001052398622,1,0,0
24,9,9,10,546.4644,257.6824,0.604171796542275,0.100695299423712,1,0,0
24,10,10,11,493.1508,239.9112,0.54841142897106,0.09140190482851,1,0,0
24,11,11,12,453.1656,213.2544,0.500835801578442,0.0834726335964069,1,0,0
24,12,12,13,399.852,182.1548,0.439388203149607,0.0732313671916011,1,0,0
24,13,13,14,346.5384,151.0552,0.378029808509329,0.0630049680848882,1,0,0
24,14,14,15,239.9112,79.9704,0.252888609394729,0.0421481015657882,1,0,0
24,15,15,16,186.5976,71.0848,0.199679025229993,0.0332798375383321,1,0,0
24,16,16,17,133.284,53.3136,0.143551261230823,0.0239252102051372,1,0,0
24,17,17,18,79.9704,35.5424,0.0875130108836395,0.0145855018139399,1,0,0
24,18,2,19,319.8816,142.1696,0.350052043534558,0.0583420072557596,1,0,0
24,19,19,20,239.9112,106.6272,0.262539032650918,0.0437565054418197,1,0,0
24,20,20,21,159.9408,71.0848,0.175026021767279,0.0291710036278798,1,0,0
24,21,21,22,79.9704,35.5424,0.0875130108836395,0.0145855018139399,1,0,0
24,22,3,23,826.3608,399.852,0.918016227351478,0.15300270455858,1,0,0
24,23,23,24,746.3904,355.424,0.826695136666571,0.137782522777762,1,0,0
24,24,24,25,373.1952,177.712,0.413347568333285,0.0688912613888809,1,0,0
24,25,6,26,817.4752,844.132,1.17508490588512,0.195847484314187,1,0,0
24,26,26,27,764.1616,821.918,1.12227097870281,0.187045163117135,1,0,0
24,27,27,28,710.848,799.704,1.06996792789317,0.178327987982195,1,0,0
24,28,28,29,657.5344,781.9328,1.02165081652157,0.170275136086929,1,0,0
24,29,29,30,550.9072,719.7336,0.906374755816158,0.151062459302693,1,0,0
24,30,30,31,373.1952,186.5976,0.417244918038315,0.0695408196730525,1,0,0
24,31,31,32,239.9112,124.3984,0.270244973696089,0.0450408289493482,1,0,0
24,32,32,33,53.3136,35.5424,0.0640749728265256,0.0106791621377543,1,0,0
25,1,1,2,2909.00103,1800.9966,3.42138506247874,0.570230843746456,1,0,0
25,2,2,3,2548.80171,1628.72736,3.02475502646272,0.504125837743787,1,0,0
25,3,3,4,1750.09887,1245.03678,2.14778086366558,0.357963477277596,1,0,0
25,4,4,5,1656.13383,1182.39342,2.0349037968734,0.339150632812233,1,0,0
25,5,5,6,1609.15131,1158.90216,1.98303357382758,0.33050559563793,1,0,0
25,6,6,7,841.77015,399.35142,0.931696593364513,0.155282765560752,1,0,0
25,7,7,8,685.16175,321.04722,0.756649153262455,0.126108192210409,1,0,0
25,8,8,9,528.55335,242.74302,0.581629450384816,0.0969382417308026,1,0,0
25,9,9,10,481.57083,227.08218,0.532425375785604,0.0887375626309339,1,0,0
25,10,10,11,434.58831,211.42134,0.483286645993919,0.0805477743323199,1,0,0
25,11,11,12,399.35142,187.93008,0.441360704667761,0.0735601174446269,1,0,0
25,12,12,13,352.3689,160.52361,0.387210112283554,0.0645350187139256,1,0,0
25,13,13,14,305.38638,133.11714,0.333138130587425,0.0555230217645708,1,0,0
25,14,14,15,211.42134,70.47378,0.222857660121621,0.0371429433536035,1,0,0
25,15,15,16,164.43882,62.64336,0.175966803900855,0.0293278006501425,1,0,0
25,16,16,17,117.4563,46.98252,0.126504306627246,0.0210840511045411,1,0,0
25,17,17,18,70.47378,31.32168,0.0771206931083403,0.01285344885139,1,0,0
25,18,2,19,281.89512,125.28672,0.308482772433361,0.0514137954055602,1,0,0
25,19,19,20,211.42134,93.96504,0.231362079325021,0.0385603465541701,1,0,0
25,20,20,21,140.94756,62.64336,0.154241386216681,0.0257068977027801,1,0,0
25,21,21,22,70.47378,31.32168,0.0771206931083403,0.01285344885139,1,0,0
25,22,3,23,728.22906,352.3689,0.809000250627708,0.134833375104618,1,0,0
25,23,23,24,657.75528,313.2168,0.728523693623014,0.121420615603836,1,0,0
25,24,24,25,328.87764,156.6084,0.364261846811507,0.0607103078019178,1,0,0
25,25,6,26,720.39864,743.8899,1.03554158962152,0.17259026493692,1,0,0
25,26,26,27,673.41612,724.31385,0.988999405448596,0.164833234241433,1,0,0
25,27,27,28,626.4336,704.7378,0.942907430216668,0.157151238369445,1,0,0
25,28,28,29,579.45108,689.07696,0.900328057385755,0.150054676230959,1,0,0
25,29,29,30,485.48604,634.26402,0.798741223489462,0.133123537248244,1,0,0
25,30,30,31,328.87764,164.43882,0.367696379659852,0.0612827299433087,1,0,0
25,31,31,32,211.42134,109.62588,0.238152926862489,0.0396921544770815,1,0,0
25,32,32,33,46.98252,31.32168,0.0564659616368375,0.00941099360613958,1,0,0
26,1,1,2,2741.0013,1696.986,3.22379428791567,0.537299047985945,1,0,0
26,2,2,3,2401.6041,1534.6656,2.85007030737141,0.475011717895235,1,0,0
26,3,3,4,1649.0277,1173.1338,2.02374288586019,0.337290480976698,1,0,0
26,4,4,5,1560.4893,1114.1082,1.91738466060458,0.319564110100763,1,0,0
26,5,5,6,1516.2201,1091.9736,1.86851003067711,0.311418338446185,1,0,0
26,6,6,7,793.1565,376.2882,0.877889539151419,0.146314923191903,1,0,0
26,7,7,8,645.5925,302.5062,0.712951384804525,0.118825230800754,1,0,0
26,8,8,9,498.0285,228.7242,0.548039365810423,0.0913398943017371,1,0,0
26,9,9,10,453.7593,213.9678,0.50167690974703,0.0836128182911717,1,0,0
26,10,10,11,409.4901,199.2114,0.455376024718002,0.0758960041196669,1,0,0
26,11,11,12,376.2882,177.0768,0.415871377420327,0.0693118962367212,1,0,0
26,12,12,13,332.019,151.2531,0.364848073340959,0.0608080122234932,1,0,0
26,13,13,14,287.7498,125.4294,0.313898840049466,0.0523164733415776,1,0,0
26,14,14,15,199.2114,66.4038,0.209987253290289,0.0349978755483815,1,0,0
26,15,15,16,154.9422,59.0256,0.165804423331225,0.0276340705552041,1,0,0
26,16,16,17,110.673,44.2692,0.119198468939999,0.0198664114899999,1,0,0
26,17,17,18,66.4038,29.5128,0.072666842633212,0.0121111404388687,1,0,0
26,18,2,19,265.6152,118.0512,0.290667370532848,0.0484445617554747,1,0,0
26,19,19,20,199.2114,88.5384,0.218000527899636,0.036333421316606,1,0,0
26,20,20,21,132.8076,59.0256,0.145333685266424,0.0242222808777373,1,0,0
26,21,21,22,66.4038,29.5128,0.072666842633212,0.0121111404388687,1,0,0
26,22,3,23,686.1726,332.019,0.762279117746092,0.127046519624349,1,0,0
26,23,23,24,619.7688,295.128,0.686450218032918,0.114408369672153,1,0,0
26,24,24,25,309.8844,147.564,0.343225109016459,0.0572041848360765,1,0,0
26,25,6,26,678.7944,700.929,0.975737311222831,0.162622885203805,1,0,0
26,26,26,27,634.5252,682.4835,0.931883016911077,0.155313836151846,1,0,0
26,27,27,28,590.256,664.038,0.888452931212453,0.148075488535409,1,0,0
26,28,28,29,545.9868,649.2816,0.84833258918469,0.141388764864115,1,0,0
26,29,29,30,457.4484,597.6342,0.75261256677802,0.125435427796337,1,0,0
26,30,30,31,309.8844,154.9422,0.346461291783368,0.0577435486305613,1,0,0
26,31,31,32,199.2114,103.2948,0.224399192505232,0.0373998654175386,1,0,0
26,32,32,33,44.2692,29.5128,0.0532049568412568,0.00886749280687614,1,0,0
27,1,1,2,2686.000725,1662.9345,3.15910605171634,0.526517675286056,1,0,0
27,2,2,3,2353.413825,1503.8712,2.79288116787854,0.465480194646422,1,0,0
27,3,3,4,1615.938525,1149.59385,1.98313472475699,0.330522454126166,1,0,0
27,4,4,5,1529.176725,1091.75265,1.87891066979347,0.313151778298912,1,0,0
27,5,5,6,1485.795825,1070.0622,1.83101675182295,0.305169458637158,1,0,0
27,6,6,7,777.241125,368.73765,0.86027392202646,0.14337898700441,1,0,0
27,7,7,8,632.638125,296.43615,0.698645395197262,0.116440899199544,1,0,0
27,8,8,9,488.035125,224.13465,0.53704247929227,0.089507079882045,1,0,0
27,9,9,10,444.654225,209.67435,0.491610326232345,0.0819350543720576,1,0,0
27,10,10,11,401.273325,195.21405,0.44623850873043,0.074373084788405,1,0,0
27,11,11,12,368.73765,173.5236,0.407526556538936,0.0679210927564893,1,0,0
27,12,12,13,325.35675,148.218075,0.357527079432129,0.0595878465720215,1,0,0
27,13,13,14,281.97585,122.91255,0.307600186818417,0.0512666978030695,1,0,0
27,14,14,15,195.21405,65.07135,0.205773676421998,0.0342956127369996,1,0,0
27,15,15,16,151.83315,57.8412,0.162477413372944,0.0270795688954907,1,0,0
27,16,16,17,108.45225,43.3809,0.116806647990911,0.0194677746651518,1,0,0
27,17,17,18,65.07135,28.9206,0.0712087192356561,0.0118681198726094,1,0,0
27,18,2,19,260.2854,115.6824,0.284834876942624,0.0474724794904374,1,0,0
27,19,19,20,195.21405,86.7618,0.213626157706968,0.035604359617828,1,0,0
27,20,20,21,130.1427,57.8412,0.142417438471312,0.0237362397452187,1,0,0
27,21,21,22,65.07135,28.9206,0.0712087192356561,0.0118681198726094,1,0,0
27,22,3,23,672.40395,325.35675,0.746983324275827,0.124497220712638,1,0,0
27,23,23,24,607.3326,289.206,0.672675997385636,0.112112666230939,1,0,0
27,24,24,25,303.6663,144.603,0.336337998692818,0.0560563331154696,1,0,0
27,25,6,26,665.1738,686.86425,0.956158293450672,0.159359715575112,1,0,0
27,26,26,27,621.7929,668.788875,0.91318397369543,0.152197328949238,1,0,0
27,27,27,28,578.412,650.7135,0.870625350438551,0.145104225073092,1,0,0
27,28,28,29,535.0311,636.2532,0.831310057967212,0.138551676327869,1,0,0
27,29,29,30,448.2693,585.64215,0.737510741060164,0.122918456843361,1,0,0
27,30,30,31,303.6663,151.83315,0.339509244637922,0.0565848741063204,1,0,0
27,31,31,32,195.21405,101.2221,0.219896427542178,0.0366494045903631,1,0,0
27,32,32,33,43.3809,28.9206,0.0521373531085919,0.00868955885143199,1,0,0
28,1,1,2,2630.000815,1628.2643,3.09324246019531,0.515540410032552,1,0,0
28,2,2,3,2304.347955,1472.51728,2.73465292818143,0.455775488030239,1,0,0
28,3,3,4,1582.248135,1125.62619,1.9417887321552,0.3236314553592,1,0,0
28,4,4,5,1497.295215,1068.99091,1.83973762437053,0.306622937395088,1,0,0
28,5,5,6,1454.818755,1047.75268,1.79284223743946,0.298807039573243,1,0,0
28,6,6,7,761.036575,361.04991,0.842338237288762,0.140389706214794,1,0,0
28,7,7,8,619.448375,290.25581,0.684079472377952,0.114013245396325,1,0,0
28,8,8,9,477.860175,219.46171,0.525845784434139,0.0876409640723564,1,0,0
28,9,9,10,435.383715,205.30289,0.481360837552821,0.0802268062588035,1,0,0
28,10,10,11,392.907255,191.14407,0.436934968305124,0.0728224947175207,1,0,0
28,11,11,12,361.04991,169.90584,0.399030114123124,0.0665050190205207,1,0,0
28,12,12,13,318.57345,145.127905,0.350073066451265,0.0583455110752108,1,0,0
28,13,13,14,276.09699,120.34997,0.301187089972431,0.0501978483287384,1,0,0
28,14,14,15,191.14407,63.71469,0.201483540811554,0.0335805901352589,1,0,0
28,15,15,16,148.66761,56.63528,0.159089953183067,0.0265149921971779,1,0,0
28,16,16,17,106.19115,42.47646,0.114371368761828,0.019061894793638,1,0,0
28,17,17,18,63.71469,28.31764,0.0697241024106134,0.0116206837351022,1,0,0
28,18,2,19,254.85876,113.27056,0.278896409642453,0.0464827349404089,1,0,0
28,19,19,20,191.14407,84.95292,0.20917230723184,0.0348620512053067,1,0,0
28,20,20,21,127.42938,56.63528,0.139448204821227,0.0232413674702045,1,0,0
28,21,21,22,63.71469,28.31764,0.0697241024106134,0.0116206837351022,1,0,0
28,22,3,23,658.38513,318.57345,0.731409613315288,0.121901602219215,1,0,0
28,23,23,24,594.67044,283.1764,0.658651505522271,0.109775250920378,1,0,0
28,24,24,25,297.33522,141.5882,0.329325752761135,0.0548876254601892,1,0,0
28,25,6,26,651.30572,672.54395,0.936223533984444,0.156037255664074,1,0,0
28,26,26,27,608.82926,654.845425,0.894145177516257,0.149024196252709,1,0,0
28,27,27,28,566.3528,637.1469,0.85247385077048,0.142078975128413,1,0,0
28,28,28,29,523.87634,622.98808,0.813978235233524,0.135663039205587,1,0,0
28,29,29,30,438.92342,573.43221,0.72213452215635,0.120355753692725,1,0,0
28,30,30,31,297.33522,148.66761,0.332430882012427,0.0554051470020712,1,0,0
28,31,31,32,191.14407,99.11174,0.215311849423093,0.0358853082371821,1,0,0
28,32,32,33,42.47646,28.31764,0.051050351510065,0.00850839191834417,1,0,0
29,1,1,2,2596.001135,1607.2147,3.05325416315402,0.508875693859004,1,0,0
29,2,2,3,2274.558195,1453.48112,2.69930034428148,0.44988339071358,1,0,0
29,3,3,4,1561.793415,1111.07451,1.91668600399468,0.319447667332447,1,0,0
29,4,4,5,1477.938735,1055.17139,1.81595417527203,0.302659029212006,1,0,0
29,5,5,6,1436.011395,1034.20772,1.76966503459763,0.294944172432939,1,0,0
29,6,6,7,751.198175,356.38239,0.831448799401047,0.138574799900175,1,0,0
29,7,7,8,611.440375,286.50349,0.675235945401547,0.112539324233591,1,0,0
29,8,8,9,471.682575,216.62459,0.519047844183269,0.0865079740305448,1,0,0
29,9,9,10,429.755235,202.64881,0.475137982279171,0.0791896637131951,1,0,0
29,10,10,11,387.827895,188.67303,0.431286434274847,0.0718810723791412,1,0,0
29,11,11,12,356.38239,167.70936,0.393871600059869,0.0656452666766449,1,0,0
29,12,12,13,314.45505,143.251745,0.345547451033932,0.0575912418389887,1,0,0
29,13,13,14,272.52771,118.79413,0.297293454418864,0.0495489090698106,1,0,0
29,14,14,15,188.67303,62.89101,0.198878835948426,0.033146472658071,1,0,0
29,15,15,16,146.74569,55.90312,0.157033296976503,0.0261722161627505,1,0,0
29,16,16,17,104.81835,41.92734,0.112892817912381,0.0188154696520636,1,0,0
29,17,17,18,62.89101,27.95156,0.068822734944593,0.0114704558240988,1,0,0
29,18,2,19,251.56404,111.80624,0.275290939778372,0.0458818232963953,1,0,0
29,19,19,20,188.67303,83.85468,0.206468204833779,0.0344113674722965,1,0,0
29,20,20,21,125.78202,55.90312,0.137645469889186,0.0229409116481977,1,0,0
29,21,21,22,62.89101,27.95156,0.068822734944593,0.0114704558240988,1,0,0
29,22,3,23,649.87377,314.45505,0.721954219742856,0.120325703290476,1,0,0
29,23,23,24,586.98276,279.5156,0.650136701917818,0.108356116986303,1,0,0
29,24,24,25,293.49138,139.7578,0.325068350958909,0.0541780584931515,1,0,0
29,25,6,26,642.88588,663.84955,0.924120381627078,0.154020063604513,1,0,0
29,26,26,27,600.95854,646.379825,0.882585998623342,0.147097666437224,1,0,0
29,27,27,28,559.0312,628.9101,0.841453383411969,0.140242230568661,1,0,0
29,28,28,29,517.10386,614.93432,0.803455424986827,0.133909237497804,1,0,0
29,29,29,30,433.24918,566.01909,0.712799033539679,0.11879983892328,1,0,0
29,30,30,31,293.49138,146.74569,0.328133338245111,0.0546888897075185,1,0,0
29,31,31,32,188.67303,97.83046,0.212528377289228,0.0354213962148714,1,0,0
29,32,32,33,41.92734,27.95156,0.0503903914046041,0.00839839856743402,1,0,0
30,1,1,2,2518.000995,1558.9239,2.96151527715327,0.493585879525545,1,0,0
30,2,2,3,2206.216215,1409.80944,2.61819644878723,0.436366074797871,1,0,0
30,3,3,4,1514.867355,1077.69087,1.85909674695161,0.309849457825268,1,0,0
30,4,4,5,1433.532195,1023.46743,1.76139153352465,0.293565255587442,1,0,0
30,5,5,6,1392.864615,1003.13364,1.71649320867248,0.286082201445413,1,0,0
30,6,6,7,728.627475,345.67443,0.806466867813365,0.134411144635561,1,0,0
30,7,7,8,593.068875,277.89513,0.654947626739331,0.109157937789889,1,0,0
30,8,8,9,457.510275,210.11583,0.503452394717876,0.0839087324529794,1,0,0
30,9,9,10,416.842695,196.55997,0.460861860193772,0.0768103100322953,1,0,0
30,10,10,11,376.175115,183.00411,0.418327887454512,0.0697213145757521,1,0,0
30,11,11,12,345.67443,162.67032,0.382037229291501,0.0636728715485836,1,0,0
30,12,12,13,305.00685,138.947565,0.335165040489535,0.0558608400815892,1,0,0
30,13,13,14,264.33927,115.22481,0.288360896280458,0.0480601493800763,1,0,0
30,14,14,15,183.00411,61.00137,0.192903269590666,0.0321505449317776,1,0,0
30,15,15,16,142.33653,54.22344,0.152315032803314,0.0253858388005523,1,0,0
30,16,16,17,101.66895,40.66758,0.109500810303664,0.0182501350506106,1,0,0
30,17,17,18,61.00137,27.11172,0.0667548687605279,0.011125811460088,1,0,0
30,18,2,19,244.00548,108.44688,0.267019475042111,0.0445032458403519,1,0,0
30,19,19,20,183.00411,81.33516,0.200264606281584,0.0333774343802639,1,0,0
30,20,20,21,122.00274,54.22344,0.133509737521056,0.022251622920176,1,0,0
30,21,21,22,61.00137,27.11172,0.0667548687605279,0.011125811460088,1,0,0
30,22,3,23,630.34749,305.00685,0.700262191394211,0.116710365232368,1,0,0
30,23,23,24,569.34612,271.1172,0.63060252179554,0.105100420299257,1,0,0
30,24,24,25,284.67306,135.5586,0.31530126089777,0.0525502101496283,1,0,0
30,25,6,26,623.56956,643.90335,0.896354015051986,0.149392335841998,1,0,0
30,26,26,27,582.90198,626.958525,0.85606758515791,0.142677930859652,1,0,0
30,27,27,28,542.2344,610.0137,0.816170851434337,0.136028475239056,1,0,0
30,28,28,29,501.56682,596.45784,0.779314589766147,0.129885764961024,1,0,0
30,29,29,30,420.23166,549.01233,0.691382084348723,0.115230347391454,1,0,0
30,30,30,31,284.67306,142.33653,0.318274156761438,0.053045692793573,1,0,0
30,31,31,32,183.00411,94.89102,0.206142693184921,0.0343571155308202,1,0,0
30,32,32,33,40.66758,27.11172,0.0488763483130113,0.00814605805216854,1,0,0
31,1,1,2,2462.001085,1524.2537,2.89565168563225,0.482608614272041,1,0,0
31,2,2,3,2157.150345,1378.45552,2.55996820909012,0.426661368181687,1,0,0
31,3,3,4,1481.176965,1053.72321,1.81775075434981,0.302958459058302,1,0,0
31,4,4,5,1401.650685,1000.70569,1.72221848810171,0.287036414683619,1,0,0
31,5,5,6,1361.887545,980.82412,1.67831869428899,0.279719782381498,1,0,0
31,6,6,7,712.422925,337.98669,0.788531183075667,0.131421863845945,1,0,0
31,7,7,8,579.879125,271.71479,0.640381703920021,0.10673028398667,1,0,0
31,8,8,9,447.335325,205.44289,0.492255699859745,0.0820426166432909,1,0,0
31,9,9,10,407.572185,192.18851,0.450612371514248,0.0751020619190413,1,0,0
31,10,10,11,367.809045,178.93413,0.409024347029207,0.0681707245048678,1,0,0
31,11,11,12,337.98669,159.05256,0.37354078687569,0.062256797812615,1,0,0
31,12,12,13,298.22355,135.857395,0.32771102750867,0.0546185045847784,1,0,0
31,13,13,14,258.46041,112.66223,0.281947799434472,0.0469912999057452,1,0,0
31,14,14,15,178.93413,59.64471,0.188613133980222,0.0314355223300369,1,0,0
31,15,15,16,139.17099,53.01752,0.148927572613437,0.0248212621022395,1,0,0
31,16,16,17,99.40785,39.76314,0.107065531074581,0.0178442551790969,1,0,0
31,17,17,18,59.64471,26.50876,0.0652702519354851,0.0108783753225809,1,0,0
31,18,2,19,238.57884,106.03504,0.26108100774194,0.0435135012903234,1,0,0
31,19,19,20,178.93413,79.52628,0.195810755806455,0.0326351259677426,1,0,0
31,20,20,21,119.28942,53.01752,0.13054050387097,0.0217567506451617,1,0,0
31,21,21,22,59.64471,26.50876,0.0652702519354851,0.0108783753225809,1,0,0
31,22,3,23,616.32867,298.22355,0.684688480433672,0.114114746738945,1,0,0
31,23,23,24,556.68396,265.0876,0.616578029932175,0.102763004988696,1,0,0
31,24,24,25,278.34198,132.5438,0.308289014966087,0.0513815024943479,1,0,0
31,25,6,26,609.70148,629.58305,0.876419255585757,0.14606987593096,1,0,0
31,26,26,27,569.93834,613.015075,0.837028788978737,0.139504798163123,1,0,0
31,27,27,28,530.1752,596.4471,0.798019351766265,0.133003225294377,1,0,0
31,28,28,29,490.41206,583.19272,0.761982767032458,0.126997127838743,1,0,0
31,29,29,30,410.88578,536.80239,0.676005865444909,0.112667644240818,1,0,0
31,30,30,31,278.34198,139.17099,0.311195794135943,0.0518659656893239,1,0,0
31,31,31,32,178.93413,92.78066,0.201558115065835,0.0335930191776392,1,0,0
31,32,32,33,39.76314,26.50876,0.0477893467144844,0.00796489111908073,1,0,0
32,1,1,2,2630.000815,1628.2643,3.09324246019531,0.515540410032552,1,0,0
32,2,2,3,2304.347955,1472.51728,2.73465292818143,0.455775488030239,1,0,0
32,3,3,4,1582.248135,1125.62619,1.9417887321552,0.3236314553592,1,0,0
32,4,4,5,1497.295215,1068.99091,1.83973762437053,0.306622937395088,1,0,0
32,5,5,6,1454.818755,1047.75268,1.79284223743946,0.298807039573243,1,0,0
32,6,6,7,761.036575,361.04991,0.842338237288762,0.140389706214794,1,0,0
32,7,7,8,619.448375,290.25581,0.684079472377952,0.114013245396325,1,0,0
32,8,8,9,477.860175,219.46171,0.525845784434139,0.0876409640723564,1,0,0
32,9,9,10,435.383715,205.30289,0.481360837552821,0.0802268062588035,1,0,0
32,10,10,11,392.907255,191.14407,0.436934968305124,0.0728224947175207,1,0,0
32,11,11,12,361.04991,169.90584,0.399030114123124,0.0665050190205207,1,0,0
32,12,12,13,318.57345,145.127905,0.350073066451265,0.0583455110752108,1,0,0
32,13,13,14,276.09699,120.34997,0.301187089972431,0.0501978483287384,1,0,0
32,14,14,15,191.14407,63.71469,0.201483540811554,0.0335805901352589,1,0,0
32,15,15,16,148.66761,56.63528,0.159089953183067,0.0265149921971779,1,0,0
32,16,16,17,106.19115,42.47646,0.114371368761828,0.019061894793638,1,0,0
32,17,17,18,63.71469,28.31764,0.0697241024106134,0.0116206837351022,1,0,0
32,18,2,19,254.85876,113.27056,0.278896409642453,0.0464827349404089,1,0,0
32,19,19,20,191.14407,84.95292,0.20917230723184,0.0348620512053067,1,0,0
32,20,20,21,127.42938,56.63528,0.139448204821227,0.0232413674702045,1,0,0
32,21,21,22,63.71469,28.31764,0.0697241024106134,0.0116206837351022,1,0,0
32,22,3,23,658.38513,318.57345,0.731409613315288,0.121901602219215,1,0,0
32,23,23,24,594.67044,283.1764,0.658651505522271,0.109775250920378,1,0,0
32,24,24,25,297.33522,141.5882,0.329325752761135,0.0548876254601892,1,0,0
32,25,6,26,651.30572,672.54395,0.936223533984444,0.156037255664074,1,0,0
32,26,26,27,608.82926,654.845425,0.894145177516257,0.149024196252709,1,0,0
32,27,27,28,566.3528,637.1469,0.85247385077048,0.142078975128413,1,0,0
32,28,28,29,523.87634,622.98808,0.813978235233524,0.135663039205587,1,0,0
32,29,29,30,438.92342,573.43221,0.72213452215635,0.120355753692725,1,0,0
32,30,30,31,297.33522,148.66761,0.332430882012427,0.0554051470020712,1,0,0
32,31,31,32,191.14407,99.11174,0.215311849423093,0.0358853082371821,1,0,0
32,32,32,33,42.47646,28.31764,0.051050351510065,0.00850839191834417,1,0,0
33,1,1,2,2964.025855,1842.4771,3.49001019097837,0.581668365163062,1,0,0
33,2,2,3,2595.530435,1666.24016,3.0843369643747,0.514056160729116,1,0,0
33,3,3,4,1781.425695,1273.71243,2.18993626873997,0.364989378123328,1,0,0
33,4,4,5,1685.296455,1209.62627,2.0744685715406,0.345744761923433,1,0,0
33,5,5,6,1637.231835,1185.59396,2.02142551669013,0.336904252781688,1,0,0
33,6,6,7,855.170175,408.54927,0.947749193735908,0.157958198955985,1,0,0
33,7,7,8,694.954775,328.44157,0.768658574530569,0.128109762421761,1,0,0
33,8,8,9,534.739375,248.33387,0.589589611649126,0.0982649352748544,1,0,0
33,9,9,10,486.674755,232.31233,0.539278532693764,0.0898797554489606,1,0,0
33,10,10,11,438.610135,216.29079,0.489040444506937,0.0815067407511561,1,0,0
33,11,11,12,402.56167,192.25848,0.446115703921191,0.0743526173201984,1,0,0
33,12,12,13,354.49705,164.220785,0.390687374616481,0.0651145624360802,1,0,0
33,13,13,14,306.43243,136.18309,0.33533068478392,0.0558884474639867,1,0,0
33,14,14,15,213.29699,72.09693,0.225152333451121,0.0375253889085202,1,0,0
33,15,15,16,165.23237,64.08616,0.177225201366404,0.0295375335610674,1,0,0
33,16,16,17,117.16775,48.06462,0.126643157477247,0.0211071929128746,1,0,0
33,17,17,18,69.10313,32.04308,0.0761708707557115,0.0126951451259519,1,0,0
33,18,2,19,288.38772,128.17232,0.315587738451577,0.0525979564085961,1,0,0
33,19,19,20,216.29079,96.12924,0.236690803838683,0.0394484673064471,1,0,0
33,20,20,21,144.19386,64.08616,0.157793869225788,0.0262989782042981,1,0,0
33,21,21,22,72.09693,32.04308,0.0788969346128942,0.013149489102149,1,0,0
33,22,3,23,742.00781,360.48465,0.824939254119125,0.137489875686521,1,0,0
33,23,23,24,669.91088,320.4308,0.742601161277717,0.123766860212953,1,0,0
33,24,24,25,336.45234,160.2154,0.372651514807918,0.0621085858013196,1,0,0
33,25,6,26,733.99704,761.02315,1.05731163313599,0.176218605522664,1,0,0
33,26,26,27,685.93242,740.996225,1.00974189289704,0.168290315482841,1,0,0
33,27,27,28,637.8678,720.9693,0.962638074158367,0.160439679026395,1,0,0
33,28,28,29,589.80318,704.94776,0.919140432941088,0.153190072156848,1,0,0
33,29,29,30,493.67394,648.87237,0.815321600096882,0.13588693334948,1,0,0
33,30,30,31,333.45854,168.22617,0.373489815352173,0.0622483025586955,1,0,0
33,31,31,32,216.29079,112.15078,0.243638057974185,0.0406063429956976,1,0,0
33,32,32,33,48.06462,32.04308,0.0577664839818973,0.00962774733031622,1,0,0
34,1,1,2,2941.413855,1842.4771,3.47082660621506,0.578471101035844,1,0,0
34,2,2,3,2572.918435,1666.24016,3.06533286022247,0.510888810037079,1,0,0
34,3,3,4,1764.466695,1273.71243,2.17616315383308,0.36269385897218,1,0,0
34,4,4,5,1668.337455,1209.62627,2.06071482181062,0.343452470301771,1,0,0
34,5,5,6,1620.272835,1185.59396,2.0077143964786,0.334619066079766,1,0,0
34,6,6,7,843.864175,408.54927,0.937560265724803,0.156260044287467,1,0,0
34,7,7,8,683.648775,328.44157,0.75845205020691,0.126408675034485,1,0,0
34,8,8,9,523.433375,248.33387,0.579354993983022,0.096559165663837,1,0,0
34,9,9,10,475.368755,232.31233,0.529097790488941,0.0881829650814901,1,0,0
34,10,10,11,427.304135,216.29079,0.478926434462457,0.0798210724104095,1,0,0
34,11,11,12,391.25567,192.25848,0.435940732713817,0.0726567887856361,1,0,0
34,12,12,13,343.19105,164.220785,0.380458359122413,0.0634097265204021,1,0,0
34,13,13,14,295.12643,136.18309,0.325031450303648,0.0541719083839414,1,0,0
34,14,14,15,207.64399,72.09693,0.219804444674226,0.0366340741123711,1,0,0
34,15,15,16,159.57937,64.08616,0.17196688993275,0.028661148322125,1,0,0
34,16,16,17,111.51475,48.06462,0.121432068101086,0.0202386780168477,1,0,0
34,17,17,18,63.45013,32.04308,0.0710821916720588,0.0118470319453431,1,0,0
34,18,2,19,288.38772,128.17232,0.315587738451577,0.0525979564085961,1,0,0
34,19,19,20,216.29079,96.12924,0.236690803838683,0.0394484673064471,1,0,0
34,20,20,21,144.19386,64.08616,0.157793869225788,0.0262989782042981,1,0,0
34,21,21,22,72.09693,32.04308,0.0788969346128942,0.013149489102149,1,0,0
34,22,3,23,736.35481,360.48465,0.819858273786243,0.136643045631041,1,0,0
34,23,23,24,664.25788,320.4308,0.737505544881348,0.122917590813558,1,0,0
34,24,24,25,336.45234,160.2154,0.372651514807918,0.0621085858013196,1,0,0
34,25,6,26,728.34404,761.02315,1.05339511838599,0.175565853064332,1,0,0
34,26,26,27,680.27942,740.996225,1.00591028165527,0.167651713609212,1,0,0
34,27,27,28,632.2148,720.9693,0.958901603336614,0.159816933889436,1,0,0
34,28,28,29,584.15018,704.94776,0.915523225878541,0.15258720431309,1,0,0
34,29,29,30,488.02094,648.87237,0.811911196146414,0.135318532691069,1,0,0
34,30,30,31,327.80554,168.22617,0.368451511501256,0.0614085852502094,1,0,0
34,31,31,32,216.29079,112.15078,0.243638057974185,0.0406063429956976,1,0,0
34,32,32,33,48.06462,32.04308,0.0577664839818973,0.00962774733031622,1,0,0
35,1,1,2,3057.01027,1939.6774,3.62045027682417,0.603408379470696,1,0,0
35,2,2,3,2669.07479,1754.14304,3.1938969988705,0.532316166478417,1,0,0
35,3,3,4,1827.86763,1340.90742,2.26696554491083,0.377827590818472,1,0,0
35,4,4,5,1726.66707,1273.44038,2.14546721532559,0.357577869220931,1,0,0
35,5,5,6,1676.06679,1248.14024,2.08974973220435,0.348291622034059,1,0,0
35,6,6,7,868.59315,430.10238,0.969248222855521,0.16154137047592,1,0,0
35,7,7,8,699.92555,345.76858,0.780673866898348,0.130112311149725,1,0,0
35,8,8,9,531.25795,261.43478,0.592100627961034,0.0986834379935057,1,0,0
35,9,9,10,480.65767,244.56802,0.539300762225077,0.0898834603708462,1,0,0
35,10,10,11,430.05739,227.70126,0.486618148550996,0.0811030247584994,1,0,0
35,11,11,12,392.10718,202.40112,0.441264381051549,0.0735440635085915,1,0,0
35,12,12,13,341.5069,172.88429,0.382774007054311,0.0637956678423852,1,0,0
35,13,13,14,290.90662,143.36746,0.324316034365672,0.0540526723942787,1,0,0
35,14,14,15,208.70366,75.90042,0.222076769279391,0.0370127948798986,1,0,0
35,15,15,16,158.10338,67.46704,0.171896713912122,0.028649452318687,1,0,0
35,16,16,17,107.5031,50.60028,0.11881626507212,0.0198027108453534,1,0,0
35,17,17,18,56.90282,33.73352,0.0661504444092615,0.0110250740682103,1,0,0
35,18,2,19,303.60168,134.93408,0.332236641634045,0.0553727736056742,1,0,0
35,19,19,20,227.70126,101.20056,0.249177481225534,0.0415295802042556,1,0,0
35,20,20,21,151.80084,67.46704,0.166118320817022,0.0276863868028371,1,0,0
35,21,21,22,75.90042,33.73352,0.0830591604085112,0.0138431934014185,1,0,0
35,22,3,23,765.30674,379.5021,0.85423430637843,0.142372384396405,1,0,0
35,23,23,24,689.40632,337.3352,0.767512938793205,0.127918823132201,1,0,0
35,24,24,25,354.20196,168.6676,0.392310830538237,0.0653851384230396,1,0,0
35,25,6,26,756.87336,801.1711,1.10214899834501,0.183691499724168,1,0,0
35,26,26,27,706.27308,780.08765,1.05231098312961,0.175385163854935,1,0,0
35,27,27,28,655.6728,759.0042,1.00299262025076,0.16716543670846,1,0,0
35,28,28,29,605.07252,742.13744,0.957538894410511,0.159589815735085,1,0,0
35,29,29,30,503.87196,683.10378,0.848833155764153,0.141472192627359,1,0,0
35,30,30,31,335.20436,177.10098,0.379113070310125,0.0631855117183542,1,0,0
35,31,31,32,227.70126,118.06732,0.256491239338832,0.0427485398898053,1,0,0
35,32,32,33,50.60028,33.73352,0.060813968030945,0.0101356613384908,1,0,0
36,1,1,2,3105.46369,2009.0178,3.69865614117145,0.616442690195241,1,0,0
36,2,2,3,2703.66013,1816.85088,3.25741081515801,0.542901802526336,1,0,0
36,3,3,4,1847.58861,1388.84274,2.31137790684527,0.385229651140879,1,0,0
36,4,4,5,1742.77029,1318.96386,2.18561523322217,0.364269205537028,1,0,0
36,5,5,6,1690.36113,1292.75928,2.12803837038738,0.354673061731231,1,0,0
36,6,6,7,869.22905,445.47786,0.976734183447105,0.162789030574517,1,0,0
36,7,7,8,694.53185,358.12926,0.781428856347505,0.130238142724584,1,0,0
36,8,8,9,519.83465,270.78066,0.586131580083054,0.0976885966805091,1,0,0
36,9,9,10,467.42549,253.31094,0.531651221220664,0.0886085368701107,1,0,0
36,10,10,11,415.01633,235.84122,0.477346451979856,0.0795577419966427,1,0,0
36,11,11,12,375.70946,209.63664,0.430238444544396,0.071706407424066,1,0,0
36,12,12,13,323.3003,179.06463,0.369577090330457,0.0615961817217429,1,0,0
36,13,13,14,270.89114,148.49262,0.308920811738161,0.0514868019563601,1,0,0
36,14,14,15,200.95702,78.61374,0.215786570490538,0.0359644284150897,1,0,0
36,15,15,16,148.54786,69.87888,0.164163103591014,0.027360517265169,1,0,0
36,16,16,17,96.1387,52.40916,0.109495980244005,0.0182493300406676,1,0,0
36,17,17,18,43.72954,34.93944,0.0559735396069,0.00932892326781666,1,0,0
36,18,2,19,314.45496,139.75776,0.344113576234387,0.0573522627057311,1,0,0
36,19,19,20,235.84122,104.81832,0.25808518217579,0.0430141970292984,1,0,0
36,20,20,21,157.22748,69.87888,0.172056788117193,0.0286761313528656,1,0,0
36,21,21,22,78.61374,34.93944,0.0860283940585967,0.0143380656764328,1,0,0
36,22,3,23,777.45778,393.0687,0.871173692556323,0.145195615426054,1,0,0
36,23,23,24,698.84404,349.3944,0.781319037906335,0.130219839651056,1,0,0
36,24,24,25,366.86412,174.6972,0.406335322401603,0.0677225537336004,1,0,0
36,25,6,26,768.72292,829.8117,1.13115975228533,0.188526625380889,1,0,0
36,26,26,27,716.31376,807.97455,1.07978158727265,0.179963597878775,1,0,0
36,27,27,28,663.9046,786.1374,1.02897100521828,0.17149516753638,1,0,0
36,28,28,29,611.49544,768.66768,0.982230459422521,0.16370507657042,1,0,0
36,29,29,30,506.67712,707.52366,0.870236423847732,0.145039403974622,1,0,0
36,30,30,31,331.97992,183.43206,0.379286155717619,0.0632143592862699,1,0,0
36,31,31,32,235.84122,122.28804,0.265660395577004,0.0442767325961673,1,0,0
36,32,32,33,52.40916,34.93944,0.0629879712279988,0.0104979952046665,1,0,0
37,1,1,2,3125.218,2043.688,3.73411946633581,0.622353244389301,1,0,0
37,2,2,3,2716.4804,1848.2048,3.2855938194377,0.547598969906283,1,0,0
37,3,3,4,1854.0948,1412.8104,2.33102997701342,0.388504996168904,1,0,0
37,4,4,5,1747.4676,1341.7256,2.20315015347232,0.367191692245387,1,0,0
37,5,5,6,1694.154,1315.0688,2.14465934927891,0.357443224879818,1,0,0
37,6,6,7,867.3108,453.1656,0.978563786791643,0.163093964465274,1,0,0
37,7,7,8,689.5988,364.3096,0.779915373366624,0.129985895561104,1,0,0
37,8,8,9,511.8868,275.4536,0.581294057914925,0.0968823429858208,1,0,0
37,9,9,10,458.5732,257.6824,0.52601292667386,0.0876688211123101,1,0,0
37,10,10,11,405.2596,239.9112,0.470948752283728,0.0784914587139546,1,0,0
37,11,11,12,365.2744,213.2544,0.422969060824453,0.0704948434707422,1,0,0
37,12,12,13,311.9608,182.1548,0.361247715424859,0.0602079525708099,1,0,0
37,13,13,14,258.6472,151.0552,0.29952637198564,0.0499210619976067,1,0,0
37,14,14,15,195.9656,79.9704,0.211654863538545,0.0352758105897575,1,0,0
37,15,15,16,142.652,71.0848,0.159382062651479,0.0265636771085798,1,0,0
37,16,16,17,89.3384,53.3136,0.104036962948368,0.0173394938247279,1,0,0
37,17,17,18,36.0248,35.5424,0.0506068020408324,0.0084344670068054,1,0,0
37,18,2,19,319.8816,142.1696,0.350052043534558,0.0583420072557596,1,0,0
37,19,19,20,239.9112,106.6272,0.262539032650918,0.0437565054418197,1,0,0
37,20,20,21,159.9408,71.0848,0.175026021767279,0.0291710036278798,1,0,0
37,21,21,22,79.9704,35.5424,0.0875130108836395,0.0145855018139399,1,0,0
37,22,3,23,782.4152,399.852,0.878666698523985,0.146444449753998,1,0,0
37,23,23,24,702.4448,355.424,0.787245144045386,0.131207524007564,1,0,0
37,24,24,25,373.1952,177.712,0.413347568333285,0.0688912613888809,1,0,0
37,25,6,26,773.5296,844.132,1.14494841608701,0.190824736014502,1,0,0
37,26,26,27,720.216,821.918,1.09282216548714,0.18213702758119,1,0,0
37,27,27,28,666.9024,799.704,1.04129020870349,0.173548368117248,1,0,0
37,28,28,29,613.5888,781.9328,0.993936677661751,0.165656112943625,1,0,0
37,29,29,30,506.9616,719.7336,0.880355904645116,0.146725984107519,1,0,0
37,30,30,31,329.2496,186.5976,0.378449419904325,0.0630749033173875,1,0,0
37,31,31,32,239.9112,124.3984,0.270244973696089,0.0450408289493482,1,0,0
37,32,32,33,53.3136,35.5424,0.0640749728265256,0.0106791621377543,1,0,0
38,1,1,2,3133.996105,2106.2181,3.77598811848273,0.629331353080456,1,0,0
38,2,2,3,2712.752485,1904.75376,3.31468142226486,0.552446903710811,1,0,0
38,3,3,4,1845.691545,1456.03773,2.35087710237435,0.391812850395726,1,0,0
38,4,4,5,1735.801905,1382.77797,2.21925283997091,0.369875473328485,1,0,0
38,5,5,6,1680.857085,1355.30556,2.15919746692182,0.35986624448697,1,0,0
38,6,6,7,850.426025,467.03097,0.970227989153292,0.161704664858882,1,0,0
38,7,7,8,667.276625,375.45627,0.765653645556333,0.127608940926056,1,0,0
38,8,8,9,484.127225,283.88157,0.561220024386038,0.0935366707310064,1,0,0
38,9,9,10,429.182405,265.56663,0.504701071656422,0.0841168452760703,1,0,0
38,10,10,11,374.237585,247.25169,0.448538926108413,0.0747564876847355,1,0,0
38,11,11,12,333.02897,219.77928,0.399012815303693,0.0665021358839489,1,0,0
38,12,12,13,278.08415,187.728135,0.335518475127378,0.0559197458545629,1,0,0
38,13,13,14,223.13933,155.67699,0.272078087703345,0.0453463479505575,1,0,0
38,14,14,15,180.25069,82.41723,0.19819917014546,0.0330331950242433,1,0,0
38,15,15,16,125.30587,73.25976,0.145150106757503,0.0241916844595838,1,0,0
38,16,16,17,70.36105,54.94482,0.089272675561646,0.0148787792602743,1,0,0
38,17,17,18,15.41623,36.62988,0.0397417696665272,0.00662362827775453,1,0,0
38,18,2,19,329.66892,146.51952,0.360762479416855,0.0601270799028092,1,0,0
38,19,19,20,247.25169,109.88964,0.270571859562641,0.0450953099271069,1,0,0
38,20,20,21,164.83446,73.25976,0.180381239708428,0.0300635399514046,1,0,0
38,21,21,22,82.41723,36.62988,0.0901906198542138,0.0150317699757023,1,0,0
38,22,3,23,784.64371,412.08615,0.886273516847021,0.147712252807837,1,0,0
38,23,23,24,702.22648,366.2988,0.792020732111622,0.132003455351937,1,0,0
38,24,24,25,384.61374,183.1494,0.425994638131923,0.0709991063553204,1,0,0
38,25,6,26,775.48624,869.95965,1.16542211282327,0.194237018803879,1,0,0
38,26,26,27,720.54142,847.065975,1.11207045817175,0.185345076361958,1,0,0
38,27,27,28,665.5966,824.1723,1.05937661575988,0.176562769293313,1,0,0
38,28,28,29,610.65178,805.85736,1.01108935365938,0.168514892276563,1,0,0
38,29,29,30,500.76214,741.75507,0.894965532703961,0.149160922117327,1,0,0
38,30,30,31,317.61274,192.30687,0.371294741222529,0.0618824568704214,1,0,0
38,31,31,32,247.25169,128.20458,0.27851357694165,0.046418929490275,1,0,0
38,32,32,33,54.94482,36.62988,0.0660354552770464,0.0110059092128411,1,0,0
39,1,1,2,2992.5332,2043.688,3.62379850356587,0.603966417260978,1,0,0
39,2,2,3,2583.7956,1848.2048,3.17676890650271,0.529461484417118,1,0,0
39,3,3,4,1754.5812,1412.8104,2.25268471245791,0.375447452076319,1,0,0
39,4,4,5,1647.954,1341.7256,2.12508352113778,0.354180586856297,1,0,0
39,5,5,6,1594.6404,1315.0688,2.06695039951267,0.344491733252112,1,0,0
39,6,6,7,800.9684,453.1656,0.920276827276402,0.153379471212734,1,0,0
39,7,7,8,623.2564,364.3096,0.72192106548647,0.120320177581078,1,0,0
39,8,8,9,445.5444,275.4536,0.523817237330274,0.0873028728883789,1,0,0
39,9,9,10,392.2308,257.6824,0.469302908299533,0.0782171513832555,1,0,0
39,10,10,11,338.9172,239.9112,0.415237585415001,0.0692062642358335,1,0,0
39,11,11,12,298.932,213.2544,0.367202641253246,0.0612004402088743,1,0,0
39,12,12,13,245.6184,182.1548,0.305792036491469,0.0509653394152449,1,0,0
39,13,13,14,192.3048,151.0552,0.244537951144766,0.0407563251907943,1,0,0
39,14,14,15,162.7944,79.9704,0.181376077660534,0.0302293462767556,1,0,0
39,15,15,16,109.4808,71.0848,0.130533882037117,0.0217556470061862,1,0,0
39,16,16,17,56.1672,53.3136,0.0774409084450848,0.0129068180741808,1,0,0
39,17,17,18,2.8536,35.5424,0.0356567697740555,0.00594279496234259,1,0,0
39,18,2,19,319.8816,142.1696,0.350052043534558,0.0583420072557596,1,0,0
39,19,19,20,239.9112,106.6272,0.262539032650918,0.0437565054418197,1,0,0
39,20,20,21,159.9408,71.0848,0.175026021767279,0.0291710036278798,1,0,0
39,21,21,22,79.9704,35.5424,0.0875130108836395,0.0145855018139399,1,0,0
39,22,3,23,749.244,399.852,0.849263323969663,0.141543887328277,1,0,0
39,23,23,24,669.2736,355.424,0.757795072188359,0.12629917869806,1,0,0
39,24,24,25,373.1952,177.712,0.413347568333285,0.0688912613888809,1,0,0
39,25,6,26,740.3584,844.132,1.1228042544783,0.187134042413049,1,0,0
39,26,26,27,687.0448,821.918,1.0712514905152,0.178541915085867,1,0,0
39,27,27,28,633.7312,799.704,1.02036352417628,0.170060587362713,1,0,0
39,28,28,29,580.4176,781.9328,0.973808756433007,0.162301459405501,1,0,0
39,29,29,30,473.7904,719.7336,0.861680798266458,0.143613466377743,1,0,0
39,30,30,31,296.0784,186.5976,0.349972975059961,0.0583288291766601,1,0,0
39,31,31,32,239.9112,124.3984,0.270244973696089,0.0450408289493482,1,0,0
39,32,32,33,53.3136,35.5424,0.0640749728265256,0.0106791621377543,1,0,0
40,1,1,2,3035.0684,2043.688,3.65900271030544,0.609833785050907,1,0,0
40,2,2,3,2626.3308,1848.2048,3.21145986332878,0.535243310554796,1,0,0
40,3,3,4,1786.4826,1412.8104,2.27762009704229,0.379603349507048,1,0,0
40,4,4,5,1679.8554,1341.7256,2.1499166845728,0.358319447428801,1,0,0
40,5,5,6,1626.5418,1315.0688,2.09166062636382,0.34861010439397,1,0,0
40,6,6,7,822.236,453.1656,0.938845621345363,0.156474270224227,1,0,0
40,7,7,8,644.524,364.3096,0.740359825509299,0.12339330425155,1,0,0
40,8,8,9,466.812,275.4536,0.542022258857475,0.0903370431429126,1,0,0
40,9,9,10,413.4984,257.6824,0.487217760423735,0.0812029600706225,1,0,0
40,10,10,11,360.1848,239.9112,0.432770694521337,0.0721284490868894,1,0,0
40,11,11,12,320.1996,213.2544,0.384714469391938,0.0641190782319896,1,0,0
40,12,12,13,266.886,182.1548,0.323123054205422,0.0538538423675703,1,0,0
40,13,13,14,213.5724,151.0552,0.261592896480008,0.0435988160800013,1,0,0
40,14,14,15,173.4282,79.9704,0.19097802342521,0.0318296705708683,1,0,0
40,15,15,16,120.1146,71.0848,0.13957279793785,0.0232621329896417,1,0,0
40,16,16,17,66.801,53.3136,0.085467616943261,0.0142446028238768,1,0,0
40,17,17,18,13.4874,35.5424,0.0380154199834751,0.00633590333057919,1,0,0
40,18,2,19,319.8816,142.1696,0.350052043534558,0.0583420072557596,1,0,0
40,19,19,20,239.9112,106.6272,0.262539032650918,0.0437565054418197,1,0,0
40,20,20,21,159.9408,71.0848,0.175026021767279,0.0291710036278798,1,0,0
40,21,21,22,79.9704,35.5424,0.0875130108836395,0.0145855018139399,1,0,0
40,22,3,23,759.8778,399.852,0.858659357857841,0.143109892976307,1,0,0
40,23,23,24,679.9074,355.424,0.767202901682964,0.127867150280494,1,0,0
40,24,24,25,373.1952,177.712,0.413347568333285,0.0688912613888809,1,0,0
40,25,6,26,750.9922,844.132,1.12984428922079,0.188307381536799,1,0,0
40,26,26,27,697.6786,821.918,1.07810232706453,0.179683721177422,1,0,0
40,27,27,28,644.365,799.704,1.02700182124522,0.171166970207537,1,0,0
40,28,28,29,591.0514,781.9328,0.980183993522543,0.163363998920424,1,0,0
40,29,29,30,484.4242,719.7336,0.867573201819074,0.144595533636512,1,0,0
40,30,30,31,306.7122,186.5976,0.359013980165954,0.0598356633609923,1,0,0
40,31,31,32,239.9112,124.3984,0.270244973696089,0.0450408289493482,1,0,0
40,32,32,33,53.3136,35.5424,0.0640749728265256,0.0106791621377543,1,0,0
41,1,1,2,3048.55112,2022.6384,3.65851472983338,0.60975245497223,1,0,0
41,2,2,3,2644.02344,1829.16864,3.21507664991503,0.535846108319172,1,0,0
41,3,3,4,1801.63968,1398.25872,2.28057733580919,0.380096222634865,1,0,0
41,4,4,5,1696.11072,1327.90608,2.15409520026388,0.359015866710647,1,0,0
41,5,5,6,1643.34624,1301.52384,2.09631848024352,0.349386413373919,1,0,0
41,6,6,7,836.1388,448.49808,0.948830132652376,0.158138355442063,1,0,0
41,7,7,8,660.2572,360.55728,0.75229058369279,0.125381763948798,1,0,0
41,8,8,9,484.3756,272.61648,0.555823233630037,0.0926372056050061,1,0,0
41,9,9,10,431.61112,255.02832,0.501325845044594,0.0835543075074324,1,0,0
41,10,10,11,378.84664,237.44016,0.447104692684068,0.0745174487806781,1,0,0
41,11,11,12,339.27328,211.05792,0.399564518090239,0.0665940863483731,1,0,0
41,12,12,13,286.5088,180.27864,0.33850802134911,0.056418003558185,1,0,0
41,13,13,14,233.74432,149.49936,0.277464350453661,0.0462440584089435,1,0,0
41,14,14,15,182.82776,79.14672,0.199223977255189,0.0332039962091981,1,0,0
41,15,15,16,130.06328,70.35264,0.147871399395989,0.0246452332326648,1,0,0
41,16,16,17,77.2988,52.76448,0.0935905702040029,0.0155984283673338,1,0,0
41,17,17,18,24.53432,35.17632,0.0428871349778089,0.00714785582963482,1,0,0
41,18,2,19,316.58688,140.70528,0.346446573670476,0.0577410956117461,1,0,0
41,19,19,20,237.44016,105.52896,0.259834930252857,0.0433058217088095,1,0,0
41,20,20,21,158.29344,70.35264,0.173223286835238,0.028870547805873,1,0,0
41,21,21,22,79.14672,35.17632,0.0866116434176191,0.0144352739029365,1,0,0
41,22,3,23,763.23704,395.7336,0.859730109625644,0.143288351604274,1,0,0
41,23,23,24,684.09032,351.7632,0.769231379229905,0.128205229871651,1,0,0
41,24,24,25,369.35136,175.8816,0.409090166531059,0.0681816944218432,1,0,0
41,25,6,26,754.44296,835.4376,1.12567320452577,0.187612200754295,1,0,0
41,26,26,27,701.67848,813.4524,1.0742706811418,0.179045113523634,1,0,0
41,27,27,28,648.914,791.4672,1.0234792172154,0.170579869535899,1,0,0
41,28,28,29,596.14952,773.87904,0.976874105884454,0.162812350980742,1,0,0
41,29,29,30,490.62056,712.32048,0.864932945448457,0.144155490908076,1,0,0
41,30,30,31,314.73896,184.67568,0.364918785108884,0.0608197975181474,1,0,0
41,31,31,32,237.44016,123.11712,0.267461501562225,0.0445769169270375,1,0,0
41,32,32,33,52.76448,35.17632,0.0634150127210647,0.0105691687868441,1,0,0
42,1,1,2,2990.98147,1939.6774,3.5648728686945,0.594145478115749,1,0,0
42,2,2,3,2603.04599,1754.14304,3.1389275606225,0.523154593437083,1,0,0
42,3,3,4,1778.34603,1340.90742,2.2272286167854,0.371204769464234,1,0,0
42,4,4,5,1677.14547,1273.44038,2.10581749659273,0.350969582765455,1,0,0
42,5,5,6,1626.54519,1248.14024,2.05024469608371,0.341707449347285,1,0,0
42,6,6,7,835.57875,430.10238,0.939776518504919,0.15662941975082,1,0,0
42,7,7,8,666.91115,345.76858,0.751216608515506,0.125202768085918,1,0,0
42,8,8,9,498.24355,261.43478,0.56266755665335,0.0937779261088917,1,0,0
42,9,9,10,447.64327,244.56802,0.510096082697185,0.0850160137828641,1,0,0
42,10,10,11,397.04299,227.70126,0.457701867719291,0.0762836446198819,1,0,0
42,11,11,12,359.09278,202.40112,0.412206062577181,0.0687010104295302,1,0,0
42,12,12,13,308.4925,172.88429,0.353633426424955,0.0589389044041592,1,0,0
42,13,13,14,257.89222,143.36746,0.295063765520912,0.0491772942534854,1,0,0
42,14,14,15,192.19646,75.90042,0.206640637321675,0.0344401062202792,1,0,0
42,15,15,16,141.59618,67.46704,0.15684795082166,0.0261413251369434,1,0,0
42,16,16,17,90.9959,50.60028,0.104118404486855,0.0173530674144759,1,0,0
42,17,17,18,40.39562,33.73352,0.0526284760065765,0.00877141266776275,1,0,0
42,18,2,19,303.60168,134.93408,0.332236641634045,0.0553727736056742,1,0,0
42,19,19,20,227.70126,101.20056,0.249177481225534,0.0415295802042556,1,0,0
42,20,20,21,151.80084,67.46704,0.166118320817022,0.0276863868028371,1,0,0
42,21,21,22,75.90042,33.73352,0.0830591604085112,0.0138431934014185,1,0,0
42,22,3,23,748.79954,379.5021,0.839477572665656,0.139912928777609,1,0,0
42,23,23,24,672.89912,337.3352,0.752720574221148,0.125453429036858,1,0,0
42,24,24,25,354.20196,168.6676,0.392310830538237,0.0653851384230396,1,0,0
42,25,6,26,740.36616,801.1711,1.0908790869516,0.1818131811586,1,0,0
42,26,26,27,689.76588,780.08765,1.04130385137802,0.173550641896337,1,0,0
42,27,27,28,639.1656,759.0042,0.992280222437694,0.165380037072949,1,0,0
42,28,28,29,588.56532,742.13744,0.947194338959253,0.157865723159875,1,0,0
42,29,29,30,487.36476,683.10378,0.839139549503029,0.139856591583838,1,0,0
42,30,30,31,318.69716,177.10098,0.36459928265018,0.0607665471083634,1,0,0
42,31,31,32,227.70126,118.06732,0.256491239338832,0.0427485398898053,1,0,0
42,32,32,33,50.60028,33.73352,0.060813968030945,0.0101356613384908,1,0,0
43,1,1,2,3168.77041,1987.9682,3.74073835966949,0.623456393278249,1,0,0
43,2,2,3,2771.17677,1797.81472,3.30326481803023,0.550544136338372,1,0,0
43,3,3,4,1900.11369,1374.29106,2.34501768703806,0.39083628117301,1,0,0
43,4,4,5,1796.39361,1305.14434,2.22045755426283,0.370076259043805,1,0,0
43,5,5,6,1744.53357,1279.21432,2.16328145495449,0.360546909159081,1,0,0
43,6,6,7,908.04385,440.81034,1.00938465877669,0.168230776462782,1,0,0
43,7,7,8,735.17705,354.37694,0.816130081819354,0.136021680303226,1,0,0
43,8,8,9,562.31025,267.94354,0.622885669993133,0.103814278332189,1,0,0
43,9,9,10,510.45021,250.65686,0.568672382267773,0.0947787303779621,1,0,0
43,10,10,11,458.59017,233.37018,0.514554744350746,0.0857591240584576,1,0,0
43,11,11,12,419.69514,207.44016,0.468161756789729,0.0780269594649548,1,0,0
43,12,12,13,367.8351,177.18847,0.408287171844709,0.0680478619741182,1,0,0
43,13,13,14,315.97506,146.93678,0.348469017071492,0.0580781695119154,1,0,0
43,14,14,15,222.81258,77.79006,0.23600156618349,0.0393335943639149,1,0,0
43,15,15,16,170.95254,69.14672,0.184407266177909,0.0307345443629848,1,0,0
43,16,16,17,119.0925,51.86004,0.129894138840256,0.0216490231400426,1,0,0
43,17,17,18,67.23246,34.57336,0.0756010641415926,0.0126001773569321,1,0,0
43,18,2,19,311.16024,138.29344,0.340508106370305,0.0567513510617176,1,0,0
43,19,19,20,233.37018,103.72008,0.255381079777729,0.0425635132962882,1,0,0
43,20,20,21,155.58012,69.14672,0.170254053185153,0.0283756755308588,1,0,0
43,21,21,22,77.79006,34.57336,0.0851270265925764,0.0141878377654294,1,0,0
43,22,3,23,793.27302,388.9503,0.883495568823076,0.147249261470513,1,0,0
43,23,23,24,715.48296,345.7336,0.794636764955739,0.132439460825956,1,0,0
43,24,24,25,363.02028,172.8668,0.402077920599376,0.0670129867665627,1,0,0
43,25,6,26,784.62968,821.1173,1.13572767646835,0.189287946078058,1,0,0
43,26,26,27,732.76964,799.50895,1.08451182862882,0.180751971438137,1,0,0
43,27,27,28,680.9096,777.9006,1.03381198815477,0.172301998025795,1,0,0
43,28,28,29,629.04956,760.61392,0.987034388577196,0.164505731429533,1,0,0
43,29,29,30,525.32948,700.11054,0.875286142227878,0.145881023704646,1,0,0
43,30,30,31,352.46268,181.51014,0.396454123090682,0.0660756871817804,1,0,0
43,31,31,32,233.37018,121.00676,0.262876923443139,0.0438128205738565,1,0,0
43,32,32,33,51.86004,34.57336,0.0623280111225378,0.0103880018537563,1,0,0
44,1,1,2,3625.00041,2244.2802,4.26349874969047,0.710583124948412,1,0,0
44,2,2,3,3176.14437,2029.60992,3.76924521442226,0.628207535737043,1,0,0
44,3,3,4,2180.85489,1551.48066,2.67641930376967,0.446069883961612,1,0,0
44,4,4,5,2063.76201,1473.41874,2.53575953459756,0.422626589099593,1,0,0
44,5,5,6,2005.21557,1444.14552,2.47112236951279,0.411853728252131,1,0,0
44,6,6,7,1048.95705,497.64474,1.16101730391686,0.193502883986143,1,0,0
44,7,7,8,853.80225,400.06734,0.942885018779988,0.157147503129998,1,0,0
44,8,8,9,658.64745,302.48994,0.724787297896911,0.120797882982819,1,0,0
44,9,9,10,600.10101,282.97446,0.663472506751645,0.110578751125274,1,0,0
44,10,10,11,541.55457,263.45898,0.602239143887647,0.100373190647941,1,0,0
44,11,11,12,497.64474,234.18576,0.549993870362612,0.0916656450604353,1,0,0
44,12,12,13,439.0983,200.03367,0.482515063180994,0.0804191771968324,1,0,0
44,13,13,14,380.55186,165.88158,0.4151342153241,0.06918903588735,1,0,0
44,14,14,15,263.45898,87.81966,0.277710148941583,0.0462850248235971,1,0,0
44,15,15,16,204.91254,78.06192,0.219277934146001,0.0365463223576669,1,0,0
44,16,16,17,146.3661,58.54644,0.157641114135506,0.0262735190225843,1,0,0
44,17,17,18,87.81966,39.03096,0.0961025937268979,0.016017098954483,1,0,0
44,18,2,19,351.27864,156.12384,0.384410374907592,0.0640683958179319,1,0,0
44,19,19,20,263.45898,117.09288,0.288307781180694,0.048051296863449,1,0,0
44,20,20,21,175.63932,78.06192,0.192205187453796,0.032034197908966,1,0,0
44,21,21,22,87.81966,39.03096,0.0961025937268979,0.016017098954483,1,0,0
44,22,3,23,907.46982,439.0983,1.00812141693038,0.168020236155064,1,0,0
44,23,23,24,819.65016,390.3096,0.907836972501223,0.151306162083537,1,0,0
44,24,24,25,409.82508,195.1548,0.453918486250611,0.0756530810417686,1,0,0
44,25,6,26,897.71208,926.9853,1.29042191743399,0.215070319572332,1,0,0
44,26,26,27,839.16564,902.59095,1.23242419417119,0.205404032361865,1,0,0
44,27,27,28,780.6192,878.1966,1.17498749085265,0.195831248475441,1,0,0
44,28,28,29,722.07276,858.68112,1.121927955164,0.186987992527333,1,0,0
44,29,29,30,604.97988,790.37694,0.995337310909512,0.165889551818252,1,0,0
44,30,30,31,409.82508,204.91254,0.458198368882145,0.0763663948136908,1,0,0
44,31,31,32,263.45898,136.60836,0.296770076261961,0.0494616793769935,1,0,0
44,32,32,33,58.54644,39.03096,0.070364063805292,0.0117273439675487,1,0,0
45,1,1,2,3715,2300,4.36935063825278,0.728225106375464,1,0,0
45,2,2,3,3255,2080,3.86282603801931,0.643804339669886,1,0,0
45,3,3,4,2235,1590,2.74286802453199,0.457144670755331,1,0,0
45,4,4,5,2115,1510,2.598716029119,0.433119338186499,1,0,0
45,5,5,6,2055,1480,2.53247408673811,0.422079014456351,1,0,0
45,6,6,7,1075,510,1.18984242654227,0.198307071090379,1,0,0
45,7,7,8,875,410,0.966294468575703,0.16104907809595,1,0,0
45,8,8,9,675,310,0.742781933005913,0.123796988834319,1,0,0
45,9,9,10,615,290,0.67994485070482,0.113324141784137,1,0,0
45,10,10,11,555,270,0.617191218343229,0.102865203057205,1,0,0
45,11,11,12,510,240,0.563648826841678,0.0939414711402797,1,0,0
45,12,12,13,450,205,0.494494691579192,0.0824157819298653,1,0,0
45,13,13,14,390,170,0.425440947723653,0.0709068246206088,1,0,0
45,14,14,15,270,90,0.284604989415154,0.0474341649025257,1,0,0
45,15,15,16,210,80,0.224722050542442,0.0374536750904071,1,0,0
45,16,16,17,150,60,0.161554944214035,0.0269258240356725,1,0,0
45,17,17,18,90,40,0.098488578017961,0.0164147630029935,1,0,0
45,18,2,19,360,160,0.393954312071844,0.065659052011974,1,0,0
45,19,19,20,270,120,0.295465734053883,0.0492442890089805,1,0,0
45,20,20,21,180,80,0.196977156035922,0.032829526005987,1,0,0
45,21,21,22,90,40,0.098488578017961,0.0164147630029935,1,0,0
45,22,3,23,930,450,1.03315052146335,0.172191753577226,1,0,0
45,23,23,24,840,400,0.930376267969041,0.155062711328173,1,0,0
45,24,24,25,420,200,0.46518813398452,0.0775313556640867,1,0,0
45,25,6,26,920,950,1.32245982925758,0.220409971542931,1,0,0
45,26,26,27,860,925,1.26302216924328,0.21050369487388,1,0,0
45,27,27,28,800,900,1.20415945787923,0.200693242979872,1,0,0
45,28,28,29,740,880,1.14978258814438,0.191630431357397,1,0,0
45,29,29,30,620,810,1.02004901843,0.170008169738333,1,0,0
45,30,30,31,420,210,0.469574275274956,0.0782623792124926,1,0,0
45,31,31,32,270,140,0.304138126514911,0.0506896877524852,1,0,0
45,32,32,33,60,40,0.0721110255092798,0.0120185042515466,1,0,0
46,1,1,2,3625.00041,2244.2802,4.26349874969047,0.710583124948412,1,0,0
46,2,2,3,3176.14437,2029.60992,3.76924521442226,0.628207535737043,1,0,0
46,3,3,4,2180.85489,1551.48066,2.67641930376967,0.446069883961612,1,0,0
46,4,4,5,2063.76201,1473.41874,2.53575953459756,0.422626589099593,1,0,0
46,5,5,6,2005.21557,1444.14552,2.47112236951279,0.411853728252131,1,0,0
46,6,6,7,1048.95705,497.64474,1.16101730391686,0.193502883986143,1,0,0
46,7,7,8,853.80225,400.06734,0.942885018779988,0.157147503129998,1,0,0
46,8,8,9,658.64745,302.48994,0.724787297896911,0.120797882982819,1,0,0
46,9,9,10,600.10101,282.97446,0.663472506751645,0.110578751125274,1,0,0
46,10,10,11,541.55457,263.45898,0.602239143887647,0.100373190647941,1,0,0
46,11,11,12,497.64474,234.18576,0.549993870362612,0.0916656450604353,1,0,0
46,12,12,13,439.0983,200.03367,0.482515063180994,0.0804191771968324,1,0,0
46,13,13,14,380.55186,165.88158,0.4151342153241,0.06918903588735,1,0,0
46,14,14,15,263.45898,87.81966,0.277710148941583,0.0462850248235971,1,0,0
46,15,15,16,204.91254,78.06192,0.219277934146001,0.0365463223576669,1,0,0
46,16,16,17,146.3661,58.54644,0.157641114135506,0.0262735190225843,1,0,0
46,17,17,18,87.81966,39.03096,0.0961025937268979,0.016017098954483,1,0,0
46,18,2,19,351.27864,156.12384,0.384410374907592,0.0640683958179319,1,0,0
46,19,19,20,263.45898,117.09288,0.288307781180694,0.048051296863449,1,0,0
46,20,20,21,175.63932,78.06192,0.192205187453796,0.032034197908966,1,0,0
46,21,21,22,87.81966,39.03096,0.0961025937268979,0.016017098954483,1,0,0
46,22,3,23,907.46982,439.0983,1.00812141693038,0.168020236155064,1,0,0
46,23,23,24,819.65016,390.3096,0.907836972501223,0.151306162083537,1,0,0
46,24,24,25,409.82508,195.1548,0.453918486250611,0.0756530810417686,1,0,0
46,25,6,26,897.71208,926.9853,1.29042191743399,0.215070319572332,1,0,0
46,26,26,27,839.16564,902.59095,1.23242419417119,0.205404032361865,1,0,0
46,27,27,28,780.6192,878.1966,1.17498749085265,0.195831248475441,1,0,0
46,28,28,29,722.07276,858.68112,1.121927955164,0.186987992527333,1,0,0
46,29,29,30,604.97988,790.37694,0.995337310909512,0.165889551818252,1,0,0
46,30,30,31,409.82508,204.91254,0.458198368882145,0.0763663948136908,1,0,0
46,31,31,32,263.45898,136.60836,0.296770076261961,0.0494616793769935,1,0,0
46,32,32,33,58.54644,39.03096,0.070364063805292,0.0117273439675487,1,0,0
47,1,1,2,3580.99995,2217.039,4.211748160731,0.701958026788501,1,0,0
47,2,2,3,3137.59215,2004.9744,3.72349390282796,0.620582317137993,1,0,0
47,3,3,4,2154.38355,1532.6487,2.64393277488712,0.440655462481186,1,0,0
47,4,4,5,2038.71195,1455.5343,2.50498034194867,0.417496723658112,1,0,0
47,5,5,6,1980.87615,1426.6164,2.44112774642946,0.40685462440491,1,0,0
47,6,6,7,1036.22475,491.6043,1.14692481021689,0.191154135036149,1,0,0
47,7,7,8,843.43875,395.2113,0.931440227094177,0.15524003784903,1,0,0
47,8,8,9,650.65275,298.8183,0.715989788682389,0.119331631447065,1,0,0
47,9,9,10,592.81695,279.5397,0.655419239939897,0.109236539989983,1,0,0
47,10,10,11,534.98115,260.2611,0.594929131097589,0.0991548551829315,1,0,0
47,11,11,12,491.6043,231.3432,0.543318013657499,0.0905530022762498,1,0,0
47,12,12,13,433.7685,197.60565,0.47665826805393,0.0794430446756551,1,0,0
47,13,13,14,375.9327,163.8681,0.410095292739261,0.0683492154565435,1,0,0
47,14,14,15,260.2611,86.7537,0.27433928744695,0.0457232145744916,1,0,0
47,15,15,16,202.4253,77.1144,0.216616326179376,0.0361027210298961,1,0,0
47,16,16,17,144.5895,57.8358,0.155727657376235,0.0259546095627058,1,0,0
47,17,17,18,86.7537,38.5572,0.0949360950088532,0.0158226825014755,1,0,0
47,18,2,19,347.0148,154.2288,0.379744380035413,0.0632907300059021,1,0,0
47,19,19,20,260.2611,115.6716,0.28480828502656,0.0474680475044266,1,0,0
47,20,20,21,173.5074,77.1144,0.189872190017706,0.0316453650029511,1,0,0
47,21,21,22,86.7537,38.5572,0.0949360950088532,0.0158226825014755,1,0,0
47,22,3,23,896.4549,433.7685,0.995884782154171,0.165980797025695,1,0,0
47,23,23,24,809.7012,385.572,0.896817595983397,0.149469599330566,1,0,0
47,24,24,25,404.8506,192.786,0.448408797991699,0.0747347996652831,1,0,0
47,25,6,26,886.8156,915.7335,1.27475870321626,0.212459783869377,1,0,0
47,26,26,27,828.9798,891.63525,1.21746495959867,0.202910826599779,1,0,0
47,27,27,28,771.144,867.537,1.16072542623353,0.193454237705588,1,0,0
47,28,28,29,713.3082,848.2584,1.10830993019002,0.184718321698336,1,0,0
47,29,29,30,597.6366,780.7833,0.983255850335227,0.163875975055871,1,0,0
47,30,30,31,404.8506,202.4253,0.452636731165788,0.075439455194298,1,0,0
47,31,31,32,260.2611,134.9502,0.293167864291518,0.048861310715253,1,0,0
47,32,32,33,57.8358,38.5572,0.0695099808191601,0.0115849968031933,1,0,0
48,1,1,2,3301.0004,2043.688,3.88243020312589,0.647071700520982,1,0,0
48,2,2,3,2892.2628,1848.2048,3.43235270434244,0.572058784057074,1,0,0
48,3,3,4,1985.9316,1412.8104,2.43720281187814,0.406200468646357,1,0,0
48,4,4,5,1879.3044,1341.7256,2.30911511483397,0.384852519138996,1,0,0
48,5,5,6,1825.9908,1315.0688,2.25025517451201,0.375042529085335,1,0,0
48,6,6,7,955.202,453.1656,1.0572463865284,0.176207731088067,1,0,0
48,7,7,8,777.49,364.3096,0.858610612997627,0.143101768832938,1,0,0
48,8,8,9,599.778,275.4536,0.660006314391734,0.110001052398622,1,0,0
48,9,9,10,546.4644,257.6824,0.604171796542275,0.100695299423712,1,0,0
48,10,10,11,493.1508,239.9112,0.54841142897106,0.09140190482851,1,0,0
48,11,11,12,453.1656,213.2544,0.500835801578442,0.0834726335964069,1,0,0
48,12,12,13,399.852,182.1548,0.439388203149607,0.0732313671916011,1,0,0
48,13,13,14,346.5384,151.0552,0.378029808509329,0.0630049680848882,1,0,0
48,14,14,15,239.9112,79.9704,0.252888609394729,0.0421481015657882,1,0,0
48,15,15,16,186.5976,71.0848,0.199679025229993,0.0332798375383321,1,0,0
48,16,16,17,133.284,53.3136,0.143551261230823,0.0239252102051372,1,0,0
48,17,17,18,79.9704,35.5424,0.0875130108836395,0.0145855018139399,1,0,0
48,18,2,19,319.8816,142.1696,0.350052043534558,0.0583420072557596,1,0,0
48,19,19,20,239.9112,106.6272,0.262539032650918,0.0437565054418197,1,0,0
48,20,20,21,159.9408,71.0848,0.175026021767279,0.0291710036278798,1,0,0
48,21,21,22,79.9704,35.5424,0.0875130108836395,0.0145855018139399,1,0,0
48,22,3,23,826.3608,399.852,0.918016227351478,0.15300270455858,1,0,0
48,23,23,24,746.3904,355.424,0.826695136666571,0.137782522777762,1,0,0
48,24,24,25,373.1952,177.712,0.413347568333285,0.0688912613888809,1,0,0
48,25,6,26,817.4752,844.132,1.17508490588512,0.195847484314187,1,0,0
48,26,26,27,764.1616,821.918,1.12227097870281,0.187045163117135,1,0,0
48,27,27,28,710.848,799.704,1.06996792789317,0.178327987982195,1,0,0
48,28,28,29,657.5344,781.9328,1.02165081652157,0.170275136086929,1,0,0
48,29,29,30,550.9072,719.7336,0.906374755816158,0.151062459302693,1,0,0
48,30,30,31,373.1952,186.5976,0.417244918038315,0.0695408196730525,1,0,0
48,31,31,32,239.9112,124.3984,0.270244973696089,0.0450408289493482,1,0,0
48,32,32,33,53.3136,35.5424,0.0640749728265256,0.0106791621377543,1,0,0
