R,rho,distance_mode,distance_rows,distance_columns,distance_matrix_bytes,distance_build_time_sec,LP_variables,LP_constraints,LP_nonzeros,gurobi_modeling_time_sec,gurobi_solve_time_sec,solver_call_total_time_sec,solve_status,exitflag,objective_value,lambda,worst_weight_min,worst_weight_sum,nominal_row_mass_max_abs_error,transport_cost,worst_weight_audit_ok,objective_reconstruction_abs_error,distance_symmetry_max_abs,distance_diagonal_max_abs,distance_min,stopped_after_this_row,error_message
100,0,DAC_maskedC,100,100,80000,0.0587961,16705,13800,74247,0.079619,0.3204923,0.4001113,OPTIMAL,1,16999.5959275406,3914528.21038614,-0,1,0,0,1,3.63797880709171e-12,0,0,0,0,
100,0.02,DAC_maskedC,100,100,80000,0.0587961,16705,13800,74247,0.0576486,0.1036762,0.1613248,OPTIMAL,1,57006.5059226991,1680546.31165315,-0,1,0,0.02,1,38254.3206935829,0,0,0,0,
250,0,DAC_maskedC,250,250,500000,0.1959244,41755,72000,292834,0.2323061,0.1276603,0.3599664,OPTIMAL,1,16804.1110595103,3925920.55716063,-0,1,0,0,1,3.63797880709171e-12,0,0,0,0,
250,0.02,DAC_maskedC,250,250,500000,0.1959244,41755,72000,292834,0.2054223,0.462256,0.6676783,OPTIMAL,1,60691.112249064,1738032.13712757,-0,1,0,0.02,1,34760.6427425514,0,0,0,0,
500,0,DAC_maskedC,500,500,2000000,0.7693968,83505,269000,945070,0.6514369,0.335175,0.9866119,OPTIMAL,1,22795.659954523,3925920.55716063,-0,1,0,0,1,3.63797880709171e-12,0,0,0,0,
500,0.02,DAC_maskedC,500,500,2000000,0.7693968,83505,269000,945070,0.5972234,1.8863937,2.4836171,OPTIMAL,1,68160.7771669485,1864423.91291858,-0,1,0,0.02,1,37288.4782583716,0,0,0,0,
1000,0,DAC_maskedC,1000,1000,8000000,3.0093336,167005,1038000,3328536,2.0886556,1.2528486,3.3415042,OPTIMAL,1,18983.0744916202,5627794.16530946,-0,1,0,0,1,1.09139364212751e-11,0,0,0,0,
1000,0.02,DAC_maskedC,1000,1000,8000000,3.0093336,167005,1038000,3328536,2.1633964,7.0157233,9.1791197,OPTIMAL,1,67252.9050257328,1864947.09372001,-0,1,0,0.02,1,37298.9418744001,0,0,0,0,
