intensity_level,sample_count,minimum_mps,mean_mps,median_mps,q95_mps,maximum_mps,lower_bound_mps,mode_mps,upper_bound_mps
1,325908,0,0,0,0,0,0,0,0
2,1147437,17.2087757599157,20.7987316103622,20.7980444050702,23.259476269717,24.3906887448685,17.2,20.8,24.4
3,754095,24.5028858499759,28.5500906694082,28.5495036901246,31.3196911300906,32.5962001712264,24.5,28.55,32.6
4,1003611,32.7059811274224,37.0471972083736,37.0470930965666,40.0217944422619,41.3993812490045,32.7,37.05,41.4
5,1296807,41.5061052172121,46.199837419956,46.1992633411159,49.4131914226243,50.8944875423216,41.5,46.2,50.9
6,197142,51.0138957904036,55.5006654050354,55.5062740882453,58.5679802287249,59.9931348023637,51,55.5,60
