path_id,stage,global_hour,relative_hour,profile_id,site1_realized_pel_kw,site1_joint_feasible_pel_kw,site1_effective_increment_above_base_kw,site1_missing_to_candidate_kw,site2_realized_pel_kw,site2_joint_feasible_pel_kw,site2_effective_increment_above_base_kw,site2_missing_to_candidate_kw,site3_realized_pel_kw,site3_joint_feasible_pel_kw,site3_effective_increment_above_base_kw,site3_missing_to_candidate_kw,site4_realized_pel_kw,site4_joint_feasible_pel_kw,site4_effective_increment_above_base_kw,site4_missing_to_candidate_kw,joint_feasible_total_pel_kw,joint_effective_increment_above_base_kw,joint_missing_to_candidate_kw,joint_increment_from_realized_kw,saved_joint_increment_from_realized_kw,full_candidate_stress_feasible,minimum_voltage_pu,minimum_voltage_margin_pu,critical_bus,critical_branch,max_true_s_mva,max_octagon_utilization,voltage_limited_flag,branch_limited_flag,substation_limited_flag,site_resolved_joint_feasibility_witness
152,2,16,-16,26,0,375,75,0,0,250,50,0,0,150,30,0,0,187.5,37.5,0,962.5,192.5,0,962.5,962.5,YES,0.906770737978,0.00677073797764,18,1,4.48967858026,0.770629578303,False,False,False,YES
152,3,17,-15,37,300,375,75,0,200,250,50,0,120,150,30,0,150,187.5,37.5,0,962.5,192.5,0,192.5,192.5,YES,0.905827256184,0.00582725618405,18,1,4.49217065397,0.769664338432,False,False,False,YES
152,3,18,-14,42,300,375,75,0,200,250,50,0,120,150,30,0,150,187.5,37.5,0,962.5,192.5,0,192.5,192.5,YES,0.906204660123,0.00620466012347,18,1,4.40367620854,0.751738087935,False,False,False,YES
152,3,19,-13,50,300,375,75,0,200,250,50,0,120,150,30,0,150,187.5,37.5,0,962.5,192.5,0,192.5,192.5,YES,0.90062960229,0.000629602290455,18,1,4.58469331196,0.780577078231,False,False,False,YES
152,3,20,-12,63,300,300.000000001,7.59996510169e-10,74.9999999992,200,200,0,50,53.7144125081,53.7144125081,-66.2855874919,96.2855874919,150,150,0,37.5,703.714412509,-66.2855874911,258.785587491,7.59996510169e-10,0,NO,0.9,0,18,1,4.87591690154,0.838458765362,True,False,False,YES
152,3,21,-11,79,300,300.000000001,9.56788426265e-10,74.999999999,200,200,0,50,25.4407801931,25.4407801931,-94.5592198069,124.559219807,150,150,0,37.5,675.440780194,-94.5592198059,287.059219806,9.56788426265e-10,0,NO,0.9,0,18,1,4.95640698938,0.853440280585,True,False,False,YES
152,3,22,-10,93,300,300.000000001,7.59996510169e-10,74.9999999992,200,200,0,50,53.7144125081,53.7144125081,-66.2855874919,96.2855874919,150,150,0,37.5,703.714412509,-66.2855874911,258.785587491,7.59996510169e-10,0,NO,0.9,0,18,1,4.87591690154,0.838458765362,True,False,False,YES
152,3,23,-9,110,300,300,8.25366441859e-11,74.9999999999,200,200,0,50,67.537284676,67.537284676,-52.462715324,82.462715324,150,150,0,37.5,717.537284676,-52.4627153239,244.962715324,8.25366441859e-11,3.47881723428e-11,NO,0.9,0,18,1,4.83659842094,0.831134359092,True,False,False,YES
152,3,24,-8,126,300,375,75,0,200,234.805942445,34.8059424453,15.1940575547,120,120,0,30,150,187.5,37.5,0,917.305942445,147.305942445,45.1940575547,147.305942445,147.305942445,NO,0.9,0,18,1,4.68729869328,0.798787162791,True,False,False,YES
152,4,25,-7,143,300,375,75,0,200,250,50,0,120,150,30,0,150,187.5,37.5,0,962.5,192.5,0,192.5,192.5,YES,0.906307965521,0.00630796552101,18,1,4.26990737353,0.723590287697,False,False,False,YES
152,4,26,-6,246,300,375,75,0,200,250,50,0,120,150,30,0,150,187.5,37.5,0,962.5,192.5,0,192.5,192.5,YES,0.910317139797,0.0103171397966,18,1,4.07377998465,0.68889233879,False,False,False,YES
152,4,27,-5,314,300,375,75,0,200,250,50,0,120,150,30,0,150,187.5,37.5,0,962.5,192.5,0,192.5,192.5,YES,0.91162585187,0.0116258518703,18,1,4.0096020615,0.677532754217,False,False,False,YES
152,4,28,-4,389,300,375,75,0,200,250,50,0,120,150,30,0,150,187.5,37.5,0,962.5,192.5,0,192.5,192.5,YES,0.912956415176,0.0129564151764,18,1,3.94427518518,0.665966771248,False,False,False,YES
152,4,29,-3,465,300,375,75,0,200,250,50,0,120,150,30,0,150,187.5,37.5,0,962.5,192.5,0,192.5,192.5,YES,0.913763305626,0.0137633056263,18,1,3.90462154628,0.658944622108,False,False,False,YES
152,4,30,-2,511,300,375,75,0,200,250,50,0,120,150,30,0,150,187.5,37.5,0,962.5,192.5,0,192.5,192.5,YES,0.915611741099,0.0156117410993,18,1,3.81367682194,0.64283480531,False,False,False,YES
152,4,31,-1,551,300,375,75,0,200,250,50,0,120,150,30,0,150,187.5,37.5,0,962.5,192.5,0,192.5,192.5,YES,0.916936520514,0.016936520514,18,1,3.74840726484,0.631268822341,False,False,False,YES
201,2,16,-16,26,0,375,75,0,0,250,50,0,0,150,30,0,0,187.5,37.5,0,962.5,192.5,0,962.5,962.5,YES,0.906770737978,0.00677073797764,18,1,4.48967858026,0.770629578303,False,False,False,YES
201,3,17,-15,37,300,375,75,0,200,250,50,0,120,150,30,0,150,187.5,37.5,0,962.5,192.5,0,192.5,192.5,YES,0.905827256184,0.00582725618405,18,1,4.49217065397,0.769664338432,False,False,False,YES
201,3,18,-14,42,300,375,75,0,200,250,50,0,120,150,30,0,150,187.5,37.5,0,962.5,192.5,0,192.5,192.5,YES,0.906204660123,0.00620466012347,18,1,4.40367620854,0.751738087935,False,False,False,YES
201,3,19,-13,50,300,375,75,0,200,250,50,0,120,150,30,0,150,187.5,37.5,0,962.5,192.5,0,192.5,192.5,YES,0.90062960229,0.000629602290455,18,1,4.58469331196,0.780577078231,False,False,False,YES
201,3,20,-12,62,300,300.000000001,7.59996510169e-10,74.9999999992,200,200,0,50,53.7144125081,53.7144125081,-66.2855874919,96.2855874919,150,150,0,37.5,703.714412509,-66.2855874911,258.785587491,7.59996510169e-10,0,NO,0.9,0,18,1,4.87591690154,0.838458765362,True,False,False,YES
201,3,21,-11,79,300,300.000000001,9.56788426265e-10,74.999999999,200,200,0,50,25.4407801931,25.4407801931,-94.5592198069,124.559219807,150,150,0,37.5,675.440780194,-94.5592198059,287.059219806,9.56788426265e-10,0,NO,0.9,0,18,1,4.95640698938,0.853440280585,True,False,False,YES
201,3,22,-10,93,300,300.000000001,7.59996510169e-10,74.9999999992,200,200,0,50,53.7144125081,53.7144125081,-66.2855874919,96.2855874919,150,150,0,37.5,703.714412509,-66.2855874911,258.785587491,7.59996510169e-10,0,NO,0.9,0,18,1,4.87591690154,0.838458765362,True,False,False,YES
201,3,23,-9,112,300,300,8.25366441859e-11,74.9999999999,200,200,0,50,67.537284676,67.537284676,-52.462715324,82.462715324,150,150,0,37.5,717.537284676,-52.4627153239,244.962715324,8.25366441859e-11,1.84172677109e-11,NO,0.9,0,18,1,4.83659842094,0.831134359092,True,False,False,YES
201,3,24,-8,126,300,375,75,0,200,234.805942445,34.8059424453,15.1940575547,120,120,0,30,150,187.5,37.5,0,917.305942445,147.305942445,45.1940575547,147.305942445,147.305942445,NO,0.9,0,18,1,4.68729869328,0.798787162791,True,False,False,YES
201,4,25,-7,143,300,375,75,0,200,250,50,0,120,150,30,0,150,187.5,37.5,0,962.5,192.5,0,192.5,192.5,YES,0.906307965521,0.00630796552101,18,1,4.26990737353,0.723590287697,False,False,False,YES
201,4,26,-6,246,300,375,75,0,200,250,50,0,120,150,30,0,150,187.5,37.5,0,962.5,192.5,0,192.5,192.5,YES,0.910317139797,0.0103171397966,18,1,4.07377998465,0.68889233879,False,False,False,YES
201,4,27,-5,314,300,375,75,0,200,250,50,0,120,150,30,0,150,187.5,37.5,0,962.5,192.5,0,192.5,192.5,YES,0.91162585187,0.0116258518703,18,1,4.0096020615,0.677532754217,False,False,False,YES
201,4,28,-4,389,300,375,75,0,200,250,50,0,120,150,30,0,150,187.5,37.5,0,962.5,192.5,0,192.5,192.5,YES,0.912956415176,0.0129564151764,18,1,3.94427518518,0.665966771248,False,False,False,YES
201,4,29,-3,465,300,375,75,0,200,250,50,0,120,150,30,0,150,187.5,37.5,0,962.5,192.5,0,192.5,192.5,YES,0.913763305626,0.0137633056263,18,1,3.90462154628,0.658944622108,False,False,False,YES
201,4,30,-2,511,300,375,75,0,200,250,50,0,120,150,30,0,150,187.5,37.5,0,962.5,192.5,0,192.5,192.5,YES,0.915611741099,0.0156117410993,18,1,3.81367682194,0.64283480531,False,False,False,YES
201,4,31,-1,551,300,375,75,0,200,250,50,0,120,150,30,0,150,187.5,37.5,0,962.5,192.5,0,192.5,192.5,YES,0.916936520514,0.016936520514,18,1,3.74840726484,0.631268822341,False,False,False,YES
326,3,24,-16,123,300,375,75,0,0,250,50,0,0,109.420023854,-10.5799761457,40.5799761457,150,187.5,37.5,0,921.920023854,151.920023854,40.5799761457,471.920023854,471.920023854,NO,0.9,0,18,1,4.69145153951,0.799375740295,True,False,False,YES
326,4,25,-15,143,300,375,75,0,200,250,50,0,120,150,30,0,150,187.5,37.5,0,962.5,192.5,0,192.5,192.5,YES,0.906307965521,0.00630796552101,18,1,4.26990737353,0.723590287697,False,False,False,YES
326,4,26,-14,246,300,375,75,0,200,250,50,0,120,150,30,0,150,187.5,37.5,0,962.5,192.5,0,192.5,192.5,YES,0.910317139797,0.0103171397966,18,1,4.07377998465,0.68889233879,False,False,False,YES
326,4,27,-13,314,300,375,75,0,200,250,50,0,120,150,30,0,150,187.5,37.5,0,962.5,192.5,0,192.5,192.5,YES,0.91162585187,0.0116258518703,18,1,4.0096020615,0.677532754217,False,False,False,YES
326,4,28,-12,389,300,375,75,0,200,250,50,0,120,150,30,0,150,187.5,37.5,0,962.5,192.5,0,192.5,192.5,YES,0.912956415176,0.0129564151764,18,1,3.94427518518,0.665966771248,False,False,False,YES
326,4,29,-11,465,300,375,75,0,200,250,50,0,120,150,30,0,150,187.5,37.5,0,962.5,192.5,0,192.5,192.5,YES,0.913763305626,0.0137633056263,18,1,3.90462154628,0.658944622108,False,False,False,YES
326,4,30,-10,511,300,375,75,0,200,250,50,0,120,150,30,0,150,187.5,37.5,0,962.5,192.5,0,192.5,192.5,YES,0.915611741099,0.0156117410993,18,1,3.81367682194,0.64283480531,False,False,False,YES
326,4,31,-9,551,300,375,75,0,200,250,50,0,120,150,30,0,150,187.5,37.5,0,962.5,192.5,0,192.5,192.5,YES,0.916936520514,0.016936520514,18,1,3.74840726484,0.631268822341,False,False,False,YES
326,4,32,-8,570,300,375,75,0,200,250,50,0,120,150,30,0,150,187.5,37.5,0,962.5,192.5,0,192.5,192.5,YES,0.912956415176,0.0129564151764,18,1,3.94427518518,0.665966771248,False,False,False,YES
326,5,33,-7,661,300,375,75,0,200,250,50,0,120,150,30,0,150,187.5,37.5,0,962.5,192.5,0,192.5,192.5,YES,0.905147816508,0.00514781650761,18,1,4.33731796782,0.735900617368,False,False,False,YES
326,5,34,-6,728,300,375,75,0,200,250,50,0,120,150,30,0,150,187.5,37.5,0,962.5,192.5,0,192.5,192.5,YES,0.905985046681,0.00598504668058,18,1,4.31685826166,0.733016204777,False,False,False,YES
326,5,35,-5,761,300,375,75,0,200,250,50,0,120,150,30,0,150,187.5,37.5,0,962.5,192.5,0,192.5,192.5,YES,0.903758302629,0.00375830262928,18,1,4.46304954338,0.760160797207,False,False,False,YES
326,5,36,-4,785,300,375,75,0,200,250,50,0,120,150,30,0,150,187.5,37.5,0,962.5,192.5,0,192.5,192.5,YES,0.903429562652,0.00342956265178,18,1,4.53701235439,0.775186711657,False,False,False,YES
326,5,37,-3,812,300,375,75,0,200,250,50,0,120,150,30,0,150,187.5,37.5,0,962.5,192.5,0,192.5,192.5,YES,0.903431149173,0.00343114917345,18,1,4.57013118946,0.78212916442,False,False,False,YES
326,5,38,-2,840,300,375,75,0,200,250,50,0,120,150,30,0,150,187.5,37.5,0,962.5,192.5,0,192.5,192.5,YES,0.904429960005,0.00442996000472,18,1,4.60623870669,0.791225320635,False,False,False,YES
326,5,39,-1,883,300,375,75,0,200,250,50,0,120,150,30,0,150,187.5,37.5,0,962.5,192.5,0,192.5,192.5,YES,0.90834218967,0.00834218966972,18,1,4.45184773487,0.765203739525,False,False,False,YES
459,3,24,-16,126,300,375,75,0,200,234.805942445,34.8059424453,15.1940575547,120,120,0,30,150,187.5,37.5,0,917.305942445,147.305942445,45.1940575547,147.305942445,147.305942445,NO,0.9,0,18,1,4.68729869328,0.798787162791,True,False,False,YES
459,4,25,-15,143,300,375,75,0,200,250,50,0,120,150,30,0,150,187.5,37.5,0,962.5,192.5,0,192.5,192.5,YES,0.906307965521,0.00630796552101,18,1,4.26990737353,0.723590287697,False,False,False,YES
459,4,26,-14,246,300,375,75,0,200,250,50,0,120,150,30,0,150,187.5,37.5,0,962.5,192.5,0,192.5,192.5,YES,0.910317139797,0.0103171397966,18,1,4.07377998465,0.68889233879,False,False,False,YES
459,4,27,-13,314,300,375,75,0,200,250,50,0,120,150,30,0,150,187.5,37.5,0,962.5,192.5,0,192.5,192.5,YES,0.91162585187,0.0116258518703,18,1,4.0096020615,0.677532754217,False,False,False,YES
459,4,28,-12,389,300,375,75,0,200,250,50,0,120,150,30,0,150,187.5,37.5,0,962.5,192.5,0,192.5,192.5,YES,0.912956415176,0.0129564151764,18,1,3.94427518518,0.665966771248,False,False,False,YES
459,4,29,-11,465,300,375,75,0,200,250,50,0,120,150,30,0,150,187.5,37.5,0,962.5,192.5,0,192.5,192.5,YES,0.913763305626,0.0137633056263,18,1,3.90462154628,0.658944622108,False,False,False,YES
459,4,30,-10,511,300,375,75,0,200,250,50,0,120,150,30,0,150,187.5,37.5,0,962.5,192.5,0,192.5,192.5,YES,0.915611741099,0.0156117410993,18,1,3.81367682194,0.64283480531,False,False,False,YES
459,4,31,-9,551,300,375,75,0,200,250,50,0,120,150,30,0,150,187.5,37.5,0,962.5,192.5,0,192.5,192.5,YES,0.916936520514,0.016936520514,18,1,3.74840726484,0.631268822341,False,False,False,YES
459,4,32,-8,570,300,375,75,0,200,250,50,0,120,150,30,0,150,187.5,37.5,0,962.5,192.5,0,192.5,192.5,YES,0.912956415176,0.0129564151764,18,1,3.94427518518,0.665966771248,False,False,False,YES
459,5,33,-7,661,300,375,75,0,200,250,50,0,120,150,30,0,150,187.5,37.5,0,962.5,192.5,0,192.5,192.5,YES,0.905147816508,0.00514781650761,18,1,4.33731796782,0.735900617368,False,False,False,YES
459,5,34,-6,728,300,375,75,0,200,250,50,0,120,150,30,0,150,187.5,37.5,0,962.5,192.5,0,192.5,192.5,YES,0.905985046681,0.00598504668058,18,1,4.31685826166,0.733016204777,False,False,False,YES
459,5,35,-5,761,300,375,75,0,200,250,50,0,120,150,30,0,150,187.5,37.5,0,962.5,192.5,0,192.5,192.5,YES,0.903758302629,0.00375830262928,18,1,4.46304954338,0.760160797207,False,False,False,YES
459,5,36,-4,785,300,375,75,0,200,250,50,0,120,150,30,0,150,187.5,37.5,0,962.5,192.5,0,192.5,192.5,YES,0.903429562652,0.00342956265178,18,1,4.53701235439,0.775186711657,False,False,False,YES
459,5,37,-3,812,300,375,75,0,200,250,50,0,120,150,30,0,150,187.5,37.5,0,962.5,192.5,0,192.5,192.5,YES,0.903431149173,0.00343114917345,18,1,4.57013118946,0.78212916442,False,False,False,YES
459,5,38,-2,840,300,375,75,0,200,250,50,0,120,150,30,0,150,187.5,37.5,0,962.5,192.5,0,192.5,192.5,YES,0.904429960005,0.00442996000472,18,1,4.60623870669,0.791225320635,False,False,False,YES
459,5,39,-1,883,300,375,75,0,200,250,50,0,120,150,30,0,150,187.5,37.5,0,962.5,192.5,0,192.5,192.5,YES,0.90834218967,0.00834218966972,18,1,4.45184773487,0.765203739525,False,False,False,YES
467,2,16,-16,26,0,375,75,0,0,250,50,0,0,150,30,0,0,187.5,37.5,0,962.5,192.5,0,962.5,962.5,YES,0.906770737978,0.00677073797764,18,1,4.48967858026,0.770629578303,False,False,False,YES
467,3,17,-15,37,300,375,75,0,200,250,50,0,120,150,30,0,150,187.5,37.5,0,962.5,192.5,0,192.5,192.5,YES,0.905827256184,0.00582725618405,18,1,4.49217065397,0.769664338432,False,False,False,YES
467,3,18,-14,42,300,375,75,0,200,250,50,0,120,150,30,0,150,187.5,37.5,0,962.5,192.5,0,192.5,192.5,YES,0.906204660123,0.00620466012347,18,1,4.40367620854,0.751738087935,False,False,False,YES
467,3,19,-13,50,300,375,75,0,200,250,50,0,120,150,30,0,150,187.5,37.5,0,962.5,192.5,0,192.5,192.5,YES,0.90062960229,0.000629602290455,18,1,4.58469331196,0.780577078231,False,False,False,YES
467,3,20,-12,63,300,300.000000001,7.59996510169e-10,74.9999999992,200,200,0,50,53.7144125081,53.7144125081,-66.2855874919,96.2855874919,150,150,0,37.5,703.714412509,-66.2855874911,258.785587491,7.59996510169e-10,0,NO,0.9,0,18,1,4.87591690154,0.838458765362,True,False,False,YES
467,3,21,-11,79,300,300.000000001,9.56788426265e-10,74.999999999,200,200,0,50,25.4407801931,25.4407801931,-94.5592198069,124.559219807,150,150,0,37.5,675.440780194,-94.5592198059,287.059219806,9.56788426265e-10,0,NO,0.9,0,18,1,4.95640698938,0.853440280585,True,False,False,YES
467,3,22,-10,93,300,300.000000001,7.59996510169e-10,74.9999999992,200,200,0,50,53.7144125081,53.7144125081,-66.2855874919,96.2855874919,150,150,0,37.5,703.714412509,-66.2855874911,258.785587491,7.59996510169e-10,0,NO,0.9,0,18,1,4.87591690154,0.838458765362,True,False,False,YES
467,3,23,-9,110,300,300,8.25366441859e-11,74.9999999999,200,200,0,50,67.537284676,67.537284676,-52.462715324,82.462715324,150,150,0,37.5,717.537284676,-52.4627153239,244.962715324,8.25366441859e-11,3.47881723428e-11,NO,0.9,0,18,1,4.83659842094,0.831134359092,True,False,False,YES
467,3,24,-8,126,300,375,75,0,200,234.805942445,34.8059424453,15.1940575547,120,120,0,30,150,187.5,37.5,0,917.305942445,147.305942445,45.1940575547,147.305942445,147.305942445,NO,0.9,0,18,1,4.68729869328,0.798787162791,True,False,False,YES
467,4,25,-7,143,300,375,75,0,200,250,50,0,120,150,30,0,150,187.5,37.5,0,962.5,192.5,0,192.5,192.5,YES,0.906307965521,0.00630796552101,18,1,4.26990737353,0.723590287697,False,False,False,YES
467,4,26,-6,246,300,375,75,0,200,250,50,0,120,150,30,0,150,187.5,37.5,0,962.5,192.5,0,192.5,192.5,YES,0.910317139797,0.0103171397966,18,1,4.07377998465,0.68889233879,False,False,False,YES
467,4,27,-5,314,300,375,75,0,200,250,50,0,120,150,30,0,150,187.5,37.5,0,962.5,192.5,0,192.5,192.5,YES,0.91162585187,0.0116258518703,18,1,4.0096020615,0.677532754217,False,False,False,YES
467,4,28,-4,389,300,375,75,0,200,250,50,0,120,150,30,0,150,187.5,37.5,0,962.5,192.5,0,192.5,192.5,YES,0.912956415176,0.0129564151764,18,1,3.94427518518,0.665966771248,False,False,False,YES
467,4,29,-3,465,300,375,75,0,200,250,50,0,120,150,30,0,150,187.5,37.5,0,962.5,192.5,0,192.5,192.5,YES,0.913763305626,0.0137633056263,18,1,3.90462154628,0.658944622108,False,False,False,YES
467,4,30,-2,511,300,375,75,0,200,250,50,0,120,150,30,0,150,187.5,37.5,0,962.5,192.5,0,192.5,192.5,YES,0.915611741099,0.0156117410993,18,1,3.81367682194,0.64283480531,False,False,False,YES
467,4,31,-1,551,300,375,75,0,200,250,50,0,120,150,30,0,150,187.5,37.5,0,962.5,192.5,0,192.5,192.5,YES,0.916936520514,0.016936520514,18,1,3.74840726484,0.631268822341,False,False,False,YES
477,4,32,-16,552,0,375,75,0,0,250,50,0,0,150,30,0,0,187.5,37.5,0,962.5,192.5,0,962.5,962.5,YES,0.912956415176,0.0129564151764,18,1,3.94427518518,0.665966771248,False,False,False,YES
477,5,33,-15,571,0,375,75,0,0,250,50,0,0,150,30,0,0,187.5,37.5,0,962.5,192.5,0,962.5,962.5,YES,0.905147816508,0.00514781650761,18,1,4.33731796782,0.735900617368,False,False,False,YES
477,5,34,-14,662,0,375,75,0,0,250,50,0,0,150,30,0,0,187.5,37.5,0,962.5,192.5,0,962.5,962.5,YES,0.905985046681,0.00598504668058,18,1,4.31685826166,0.733016204777,False,False,False,YES
477,5,35,-13,729,0,375,75,0,0,250,50,0,0,150,30,0,0,187.5,37.5,0,962.5,192.5,0,962.5,962.5,YES,0.903758302629,0.00375830262928,18,1,4.46304954338,0.760160797207,False,False,False,YES
477,5,36,-12,762,0,375,75,0,0,250,50,0,0,150,30,0,0,187.5,37.5,0,962.5,192.5,0,962.5,962.5,YES,0.903429562652,0.00342956265178,18,1,4.53701235439,0.775186711657,False,False,False,YES
477,5,37,-11,786,0,375,75,0,0,250,50,0,0,150,30,0,0,187.5,37.5,0,962.5,192.5,0,962.5,962.5,YES,0.903431149173,0.00343114917345,18,1,4.57013118946,0.78212916442,False,False,False,YES
477,5,38,-10,813,0,375,75,0,0,250,50,0,0,150,30,0,0,187.5,37.5,0,962.5,192.5,0,962.5,962.5,YES,0.904429960005,0.00442996000472,18,1,4.60623870669,0.791225320635,False,False,False,YES
477,5,39,-9,841,0,375,75,0,0,250,50,0,0,150,30,0,0,187.5,37.5,0,962.5,192.5,0,962.5,962.5,YES,0.90834218967,0.00834218966972,18,1,4.45184773487,0.765203739525,False,False,False,YES
477,5,40,-8,884,0,375,75,0,0,250,50,0,0,150,30,0,0,187.5,37.5,0,962.5,192.5,0,962.5,962.5,YES,0.906770737978,0.00677073797764,18,1,4.48967858026,0.770629578303,False,False,False,YES
477,6,41,-7,990,300,375,75,0,0,250,50,0,120,150,30,0,150,187.5,37.5,0,962.5,192.5,0,392.5,392.5,YES,0.905827256184,0.00582725618405,18,1,4.49217065397,0.769664338432,False,False,False,YES
477,6,42,-6,1022,300,375,75,0,0,250,50,0,0,150,30,0,150,187.5,37.5,0,962.5,192.5,0,512.5,512.5,YES,0.906204660123,0.00620466012347,18,1,4.40367620854,0.751738087935,False,False,False,YES
477,6,43,-5,1032,0,375,75,0,0,250,50,0,0,150,30,0,18.3886902312,187.5,37.5,0,962.5,192.5,0,944.111309769,944.111309769,YES,0.90062960229,0.000629602290455,18,1,4.58469331196,0.780577078231,False,False,False,YES
477,6,44,-4,1057,0,375,75,0,0,250,50,0,0,7.63448068913,-112.365519311,142.365519311,0,187.5,37.5,0,820.134480689,50.1344806891,142.365519311,820.134480689,820.134480689,NO,0.9,0,18,1,4.9795600019,0.853309442458,True,False,False,YES
477,6,45,-3,1083,0,375,75,0,0,220.359814298,20.3598142978,29.6401857022,0,0,-120,150,0,187.5,37.5,0,782.859814298,12.8598142978,179.640185702,782.859814298,782.859814298,NO,0.9,0,18,1,5.05180590572,0.867142775475,True,False,False,YES
477,6,46,-2,1137,300,375,75,0,0,250,50,0,0,7.63448068913,-112.365519311,142.365519311,150,187.5,37.5,0,820.134480689,50.1344806891,142.365519311,370.134480689,370.134480689,NO,0.9,0,18,1,4.9795600019,0.853309442458,True,False,False,YES
477,6,47,-1,1189,300,300.000000005,4.77052708447e-09,74.9999999952,124.657531819,124.657531819,-75.342468181,125.342468181,120,120,0,30,150,150,0,37.5,694.657531824,-75.3424681762,267.842468176,4.77052708447e-09,1.47792889038e-11,NO,0.9,0,18,1,4.81627541046,0.828215791641,True,False,False,YES
488,2,16,-16,26,0,375,75,0,0,250,50,0,0,150,30,0,0,187.5,37.5,0,962.5,192.5,0,962.5,962.5,YES,0.906770737978,0.00677073797764,18,1,4.48967858026,0.770629578303,False,False,False,YES
488,3,17,-15,37,300,375,75,0,200,250,50,0,120,150,30,0,150,187.5,37.5,0,962.5,192.5,0,192.5,192.5,YES,0.905827256184,0.00582725618405,18,1,4.49217065397,0.769664338432,False,False,False,YES
488,3,18,-14,42,300,375,75,0,200,250,50,0,120,150,30,0,150,187.5,37.5,0,962.5,192.5,0,192.5,192.5,YES,0.906204660123,0.00620466012347,18,1,4.40367620854,0.751738087935,False,False,False,YES
488,3,19,-13,50,300,375,75,0,200,250,50,0,120,150,30,0,150,187.5,37.5,0,962.5,192.5,0,192.5,192.5,YES,0.90062960229,0.000629602290455,18,1,4.58469331196,0.780577078231,False,False,False,YES
488,3,20,-12,62,300,300.000000001,7.59996510169e-10,74.9999999992,200,200,0,50,53.7144125081,53.7144125081,-66.2855874919,96.2855874919,150,150,0,37.5,703.714412509,-66.2855874911,258.785587491,7.59996510169e-10,0,NO,0.9,0,18,1,4.87591690154,0.838458765362,True,False,False,YES
488,3,21,-11,79,300,300.000000001,9.56788426265e-10,74.999999999,200,200,0,50,25.4407801931,25.4407801931,-94.5592198069,124.559219807,150,150,0,37.5,675.440780194,-94.5592198059,287.059219806,9.56788426265e-10,0,NO,0.9,0,18,1,4.95640698938,0.853440280585,True,False,False,YES
488,3,22,-10,93,300,300.000000001,7.59996510169e-10,74.9999999992,200,200,0,50,53.7144125081,53.7144125081,-66.2855874919,96.2855874919,150,150,0,37.5,703.714412509,-66.2855874911,258.785587491,7.59996510169e-10,0,NO,0.9,0,18,1,4.87591690154,0.838458765362,True,False,False,YES
488,3,23,-9,112,300,300,8.25366441859e-11,74.9999999999,200,200,0,50,67.537284676,67.537284676,-52.462715324,82.462715324,150,150,0,37.5,717.537284676,-52.4627153239,244.962715324,8.25366441859e-11,1.84172677109e-11,NO,0.9,0,18,1,4.83659842094,0.831134359092,True,False,False,YES
488,3,24,-8,126,300,375,75,0,200,234.805942445,34.8059424453,15.1940575547,120,120,0,30,150,187.5,37.5,0,917.305942445,147.305942445,45.1940575547,147.305942445,147.305942445,NO,0.9,0,18,1,4.68729869328,0.798787162791,True,False,False,YES
488,4,25,-7,143,300,375,75,0,200,250,50,0,120,150,30,0,150,187.5,37.5,0,962.5,192.5,0,192.5,192.5,YES,0.906307965521,0.00630796552101,18,1,4.26990737353,0.723590287697,False,False,False,YES
488,4,26,-6,246,300,375,75,0,200,250,50,0,120,150,30,0,150,187.5,37.5,0,962.5,192.5,0,192.5,192.5,YES,0.910317139797,0.0103171397966,18,1,4.07377998465,0.68889233879,False,False,False,YES
488,4,27,-5,314,300,375,75,0,200,250,50,0,120,150,30,0,150,187.5,37.5,0,962.5,192.5,0,192.5,192.5,YES,0.91162585187,0.0116258518703,18,1,4.0096020615,0.677532754217,False,False,False,YES
488,4,28,-4,389,300,375,75,0,200,250,50,0,120,150,30,0,150,187.5,37.5,0,962.5,192.5,0,192.5,192.5,YES,0.912956415176,0.0129564151764,18,1,3.94427518518,0.665966771248,False,False,False,YES
488,4,29,-3,465,300,375,75,0,200,250,50,0,120,150,30,0,150,187.5,37.5,0,962.5,192.5,0,192.5,192.5,YES,0.913763305626,0.0137633056263,18,1,3.90462154628,0.658944622108,False,False,False,YES
488,4,30,-2,511,300,375,75,0,200,250,50,0,120,150,30,0,150,187.5,37.5,0,962.5,192.5,0,192.5,192.5,YES,0.915611741099,0.0156117410993,18,1,3.81367682194,0.64283480531,False,False,False,YES
488,4,31,-1,551,300,375,75,0,200,250,50,0,120,150,30,0,150,187.5,37.5,0,962.5,192.5,0,192.5,192.5,YES,0.916936520514,0.016936520514,18,1,3.74840726484,0.631268822341,False,False,False,YES
518,2,16,-16,27,300,375,75,0,200,250,50,0,120,150,30,0,150,187.5,37.5,0,962.5,192.5,0,192.5,192.5,YES,0.906770737978,0.00677073797764,18,1,4.48967858026,0.770629578303,False,False,False,YES
518,3,17,-15,37,300,375,75,0,200,250,50,0,120,150,30,0,150,187.5,37.5,0,962.5,192.5,0,192.5,192.5,YES,0.905827256184,0.00582725618405,18,1,4.49217065397,0.769664338432,False,False,False,YES
518,3,18,-14,41,300,375,75,0,200,250,50,0,0,150,30,0,150,187.5,37.5,0,962.5,192.5,0,312.5,312.5,YES,0.906204660123,0.00620466012347,18,1,4.40367620854,0.751738087935,False,False,False,YES
518,3,19,-13,49,300,375,75,0,200,250,50,0,0,150,30,0,150,187.5,37.5,0,962.5,192.5,0,312.5,312.5,YES,0.90062960229,0.000629602290455,18,1,4.58469331196,0.780577078231,False,False,False,YES
518,3,20,-12,56,300,375,75,0,0,250,50,0,0,7.63448068913,-112.365519311,142.365519311,150,187.5,37.5,0,820.134480689,50.1344806891,142.365519311,370.134480689,370.134480689,NO,0.9,0,18,1,4.9795600019,0.853309442458,True,False,False,YES
518,3,21,-11,73,300,375,75,0,0,220.359814298,20.3598142978,29.6401857022,0,0,-120,150,150,187.5,37.5,0,782.859814298,12.8598142978,179.640185702,332.859814298,332.859814298,NO,0.9,0,18,1,5.05180590572,0.867142775475,True,False,False,YES
518,3,22,-10,89,300,375,75,0,200,250,50,0,0,7.63448068913,-112.365519311,142.365519311,150,187.5,37.5,0,820.134480689,50.1344806891,142.365519311,170.134480689,170.134480689,NO,0.9,0,18,1,4.9795600019,0.853309442458,True,False,False,YES
518,3,23,-9,113,300,300,8.25366441859e-11,74.9999999999,200,200,0,50,67.537284676,67.537284676,-52.462715324,82.462715324,150,150,0,37.5,717.537284676,-52.4627153239,244.962715324,8.25366441859e-11,1.75077730091e-11,NO,0.9,0,18,1,4.83659842094,0.831134359092,True,False,False,YES
518,3,24,-8,126,300,375,75,0,200,234.805942445,34.8059424453,15.1940575547,120,120,0,30,150,187.5,37.5,0,917.305942445,147.305942445,45.1940575547,147.305942445,147.305942445,NO,0.9,0,18,1,4.68729869328,0.798787162791,True,False,False,YES
518,4,25,-7,143,300,375,75,0,200,250,50,0,120,150,30,0,150,187.5,37.5,0,962.5,192.5,0,192.5,192.5,YES,0.906307965521,0.00630796552101,18,1,4.26990737353,0.723590287697,False,False,False,YES
518,4,26,-6,246,300,375,75,0,200,250,50,0,120,150,30,0,150,187.5,37.5,0,962.5,192.5,0,192.5,192.5,YES,0.910317139797,0.0103171397966,18,1,4.07377998465,0.68889233879,False,False,False,YES
518,4,27,-5,314,300,375,75,0,200,250,50,0,120,150,30,0,150,187.5,37.5,0,962.5,192.5,0,192.5,192.5,YES,0.91162585187,0.0116258518703,18,1,4.0096020615,0.677532754217,False,False,False,YES
518,4,28,-4,389,300,375,75,0,200,250,50,0,120,150,30,0,150,187.5,37.5,0,962.5,192.5,0,192.5,192.5,YES,0.912956415176,0.0129564151764,18,1,3.94427518518,0.665966771248,False,False,False,YES
518,4,29,-3,465,300,375,75,0,200,250,50,0,120,150,30,0,150,187.5,37.5,0,962.5,192.5,0,192.5,192.5,YES,0.913763305626,0.0137633056263,18,1,3.90462154628,0.658944622108,False,False,False,YES
518,4,30,-2,511,300,375,75,0,200,250,50,0,120,150,30,0,150,187.5,37.5,0,962.5,192.5,0,192.5,192.5,YES,0.915611741099,0.0156117410993,18,1,3.81367682194,0.64283480531,False,False,False,YES
518,4,31,-1,551,300,375,75,0,200,250,50,0,120,150,30,0,150,187.5,37.5,0,962.5,192.5,0,192.5,192.5,YES,0.916936520514,0.016936520514,18,1,3.74840726484,0.631268822341,False,False,False,YES
643,2,16,-16,27,300,375,75,0,200,250,50,0,120,150,30,0,150,187.5,37.5,0,962.5,192.5,0,192.5,192.5,YES,0.906770737978,0.00677073797764,18,1,4.48967858026,0.770629578303,False,False,False,YES
643,3,17,-15,37,300,375,75,0,200,250,50,0,120,150,30,0,150,187.5,37.5,0,962.5,192.5,0,192.5,192.5,YES,0.905827256184,0.00582725618405,18,1,4.49217065397,0.769664338432,False,False,False,YES
643,3,18,-14,42,300,375,75,0,200,250,50,0,120,150,30,0,150,187.5,37.5,0,962.5,192.5,0,192.5,192.5,YES,0.906204660123,0.00620466012347,18,1,4.40367620854,0.751738087935,False,False,False,YES
643,3,19,-13,50,300,375,75,0,200,250,50,0,120,150,30,0,150,187.5,37.5,0,962.5,192.5,0,192.5,192.5,YES,0.90062960229,0.000629602290455,18,1,4.58469331196,0.780577078231,False,False,False,YES
643,3,20,-12,60,300,300.000000001,7.59996510169e-10,74.9999999992,200,200,0,50,53.7144125081,53.7144125081,-66.2855874919,96.2855874919,150,150,0,37.5,703.714412509,-66.2855874911,258.785587491,7.59996510169e-10,0,NO,0.9,0,18,1,4.87591690154,0.838458765362,True,False,False,YES
643,3,21,-11,77,300,300.000000001,9.56788426265e-10,74.999999999,200,200,0,50,25.4407801931,25.4407801931,-94.5592198069,124.559219807,150,150,0,37.5,675.440780194,-94.5592198059,287.059219806,9.56788426265e-10,2.72848410532e-11,NO,0.9,0,18,1,4.95640698938,0.853440280585,True,False,False,YES
643,3,22,-10,90,300,300.000000001,7.59996510169e-10,74.9999999992,200,200,0,50,53.7144125081,53.7144125081,-66.2855874919,96.2855874919,150,150,0,37.5,703.714412509,-66.2855874911,258.785587491,7.59996510169e-10,0,NO,0.9,0,18,1,4.87591690154,0.838458765362,True,False,False,YES
643,3,23,-9,111,300,300,8.25366441859e-11,74.9999999999,200,200,0,50,67.537284676,67.537284676,-52.462715324,82.462715324,150,150,0,37.5,717.537284676,-52.4627153239,244.962715324,8.25366441859e-11,1.84172677109e-11,NO,0.9,0,18,1,4.83659842094,0.831134359092,True,False,False,YES
643,3,24,-8,126,300,375,75,0,200,234.805942445,34.8059424453,15.1940575547,120,120,0,30,150,187.5,37.5,0,917.305942445,147.305942445,45.1940575547,147.305942445,147.305942445,NO,0.9,0,18,1,4.68729869328,0.798787162791,True,False,False,YES
643,4,25,-7,143,300,375,75,0,200,250,50,0,120,150,30,0,150,187.5,37.5,0,962.5,192.5,0,192.5,192.5,YES,0.906307965521,0.00630796552101,18,1,4.26990737353,0.723590287697,False,False,False,YES
643,4,26,-6,246,300,375,75,0,200,250,50,0,120,150,30,0,150,187.5,37.5,0,962.5,192.5,0,192.5,192.5,YES,0.910317139797,0.0103171397966,18,1,4.07377998465,0.68889233879,False,False,False,YES
643,4,27,-5,314,300,375,75,0,200,250,50,0,120,150,30,0,150,187.5,37.5,0,962.5,192.5,0,192.5,192.5,YES,0.91162585187,0.0116258518703,18,1,4.0096020615,0.677532754217,False,False,False,YES
643,4,28,-4,389,300,375,75,0,200,250,50,0,120,150,30,0,150,187.5,37.5,0,962.5,192.5,0,192.5,192.5,YES,0.912956415176,0.0129564151764,18,1,3.94427518518,0.665966771248,False,False,False,YES
643,4,29,-3,465,300,375,75,0,200,250,50,0,120,150,30,0,150,187.5,37.5,0,962.5,192.5,0,192.5,192.5,YES,0.913763305626,0.0137633056263,18,1,3.90462154628,0.658944622108,False,False,False,YES
643,4,30,-2,511,300,375,75,0,200,250,50,0,120,150,30,0,150,187.5,37.5,0,962.5,192.5,0,192.5,192.5,YES,0.915611741099,0.0156117410993,18,1,3.81367682194,0.64283480531,False,False,False,YES
643,4,31,-1,551,300,375,75,0,200,250,50,0,120,150,30,0,150,187.5,37.5,0,962.5,192.5,0,192.5,192.5,YES,0.916936520514,0.016936520514,18,1,3.74840726484,0.631268822341,False,False,False,YES
668,1,8,-16,8,300,375,75,0,0,250,50,0,0,150,30,0,150,187.5,37.5,0,962.5,192.5,0,512.5,512.5,YES,0.912956415176,0.0129564151764,18,1,3.94427518518,0.665966771248,False,False,False,YES
668,2,9,-15,9,0,375,75,0,0,250,50,0,0,150,30,0,0,187.5,37.5,0,962.5,192.5,0,962.5,962.5,YES,0.905147816508,0.00514781650761,18,1,4.33731796782,0.735900617368,False,False,False,YES
668,2,10,-14,14,0,375,75,0,0,250,50,0,0,150,30,0,0,187.5,37.5,0,962.5,192.5,0,962.5,962.5,YES,0.905985046681,0.00598504668058,18,1,4.31685826166,0.733016204777,False,False,False,YES
668,2,11,-13,16,0,375,75,0,0,250,50,0,0,150,30,0,0,187.5,37.5,0,962.5,192.5,0,962.5,962.5,YES,0.903758302629,0.00375830262928,18,1,4.46304954338,0.760160797207,False,False,False,YES
668,2,12,-12,18,0,375,75,0,0,250,50,0,0,150,30,0,0,187.5,37.5,0,962.5,192.5,0,962.5,962.5,YES,0.903429562652,0.00342956265178,18,1,4.53701235439,0.775186711657,False,False,False,YES
668,2,13,-11,20,0,375,75,0,0,250,50,0,0,150,30,0,0,187.5,37.5,0,962.5,192.5,0,962.5,962.5,YES,0.903431149173,0.00343114917345,18,1,4.57013118946,0.78212916442,False,False,False,YES
668,2,14,-10,22,0,375,75,0,0,250,50,0,0,150,30,0,0,187.5,37.5,0,962.5,192.5,0,962.5,962.5,YES,0.904429960005,0.00442996000472,18,1,4.60623870669,0.791225320635,False,False,False,YES
668,2,15,-9,24,0,375,75,0,0,250,50,0,0,150,30,0,0,187.5,37.5,0,962.5,192.5,0,962.5,962.5,YES,0.90834218967,0.00834218966972,18,1,4.45184773487,0.765203739525,False,False,False,YES
668,2,16,-8,26,0,375,75,0,0,250,50,0,0,150,30,0,0,187.5,37.5,0,962.5,192.5,0,962.5,962.5,YES,0.906770737978,0.00677073797764,18,1,4.48967858026,0.770629578303,False,False,False,YES
668,3,17,-7,37,300,375,75,0,200,250,50,0,120,150,30,0,150,187.5,37.5,0,962.5,192.5,0,192.5,192.5,YES,0.905827256184,0.00582725618405,18,1,4.49217065397,0.769664338432,False,False,False,YES
668,3,18,-6,42,300,375,75,0,200,250,50,0,120,150,30,0,150,187.5,37.5,0,962.5,192.5,0,192.5,192.5,YES,0.906204660123,0.00620466012347,18,1,4.40367620854,0.751738087935,False,False,False,YES
668,3,19,-5,50,300,375,75,0,200,250,50,0,120,150,30,0,150,187.5,37.5,0,962.5,192.5,0,192.5,192.5,YES,0.90062960229,0.000629602290455,18,1,4.58469331196,0.780577078231,False,False,False,YES
668,3,20,-4,61,300,300.000000001,7.59996510169e-10,74.9999999992,200,200,0,50,53.7144125081,53.7144125081,-66.2855874919,96.2855874919,150,150,0,37.5,703.714412509,-66.2855874911,258.785587491,7.59996510169e-10,0,NO,0.9,0,18,1,4.87591690154,0.838458765362,True,False,False,YES
668,3,21,-3,78,300,300.000000001,9.56788426265e-10,74.999999999,200,200,0,50,25.4407801931,25.4407801931,-94.5592198069,124.559219807,150,150,0,37.5,675.440780194,-94.5592198059,287.059219806,9.56788426265e-10,1.1823431123e-11,NO,0.9,0,18,1,4.95640698938,0.853440280585,True,False,False,YES
668,3,22,-2,92,300,300.000000001,7.59996510169e-10,74.9999999992,200,200,0,50,53.7144125081,53.7144125081,-66.2855874919,96.2855874919,150,150,0,37.5,703.714412509,-66.2855874911,258.785587491,7.59996510169e-10,0,NO,0.9,0,18,1,4.87591690154,0.838458765362,True,False,False,YES
668,3,23,-1,115,300,300,8.25366441859e-11,74.9999999999,200,200,0,50,67.537284676,67.537284676,-52.462715324,82.462715324,150,150,0,37.5,717.537284676,-52.4627153239,244.962715324,8.25366441859e-11,0,NO,0.9,0,18,1,4.83659842094,0.831134359092,True,False,False,YES
766,2,16,-16,26,0,375,75,0,0,250,50,0,0,150,30,0,0,187.5,37.5,0,962.5,192.5,0,962.5,962.5,YES,0.906770737978,0.00677073797764,18,1,4.48967858026,0.770629578303,False,False,False,YES
766,3,17,-15,37,300,375,75,0,200,250,50,0,120,150,30,0,150,187.5,37.5,0,962.5,192.5,0,192.5,192.5,YES,0.905827256184,0.00582725618405,18,1,4.49217065397,0.769664338432,False,False,False,YES
766,3,18,-14,42,300,375,75,0,200,250,50,0,120,150,30,0,150,187.5,37.5,0,962.5,192.5,0,192.5,192.5,YES,0.906204660123,0.00620466012347,18,1,4.40367620854,0.751738087935,False,False,False,YES
766,3,19,-13,50,300,375,75,0,200,250,50,0,120,150,30,0,150,187.5,37.5,0,962.5,192.5,0,192.5,192.5,YES,0.90062960229,0.000629602290455,18,1,4.58469331196,0.780577078231,False,False,False,YES
766,3,20,-12,62,300,300.000000001,7.59996510169e-10,74.9999999992,200,200,0,50,53.7144125081,53.7144125081,-66.2855874919,96.2855874919,150,150,0,37.5,703.714412509,-66.2855874911,258.785587491,7.59996510169e-10,0,NO,0.9,0,18,1,4.87591690154,0.838458765362,True,False,False,YES
766,3,21,-11,79,300,300.000000001,9.56788426265e-10,74.999999999,200,200,0,50,25.4407801931,25.4407801931,-94.5592198069,124.559219807,150,150,0,37.5,675.440780194,-94.5592198059,287.059219806,9.56788426265e-10,0,NO,0.9,0,18,1,4.95640698938,0.853440280585,True,False,False,YES
766,3,22,-10,93,300,300.000000001,7.59996510169e-10,74.9999999992,200,200,0,50,53.7144125081,53.7144125081,-66.2855874919,96.2855874919,150,150,0,37.5,703.714412509,-66.2855874911,258.785587491,7.59996510169e-10,0,NO,0.9,0,18,1,4.87591690154,0.838458765362,True,False,False,YES
766,3,23,-9,112,300,300,8.25366441859e-11,74.9999999999,200,200,0,50,67.537284676,67.537284676,-52.462715324,82.462715324,150,150,0,37.5,717.537284676,-52.4627153239,244.962715324,8.25366441859e-11,1.84172677109e-11,NO,0.9,0,18,1,4.83659842094,0.831134359092,True,False,False,YES
766,3,24,-8,126,300,375,75,0,200,234.805942445,34.8059424453,15.1940575547,120,120,0,30,150,187.5,37.5,0,917.305942445,147.305942445,45.1940575547,147.305942445,147.305942445,NO,0.9,0,18,1,4.68729869328,0.798787162791,True,False,False,YES
766,4,25,-7,143,300,375,75,0,200,250,50,0,120,150,30,0,150,187.5,37.5,0,962.5,192.5,0,192.5,192.5,YES,0.906307965521,0.00630796552101,18,1,4.26990737353,0.723590287697,False,False,False,YES
766,4,26,-6,246,300,375,75,0,200,250,50,0,120,150,30,0,150,187.5,37.5,0,962.5,192.5,0,192.5,192.5,YES,0.910317139797,0.0103171397966,18,1,4.07377998465,0.68889233879,False,False,False,YES
766,4,27,-5,314,300,375,75,0,200,250,50,0,120,150,30,0,150,187.5,37.5,0,962.5,192.5,0,192.5,192.5,YES,0.91162585187,0.0116258518703,18,1,4.0096020615,0.677532754217,False,False,False,YES
766,4,28,-4,389,300,375,75,0,200,250,50,0,120,150,30,0,150,187.5,37.5,0,962.5,192.5,0,192.5,192.5,YES,0.912956415176,0.0129564151764,18,1,3.94427518518,0.665966771248,False,False,False,YES
766,4,29,-3,465,300,375,75,0,200,250,50,0,120,150,30,0,150,187.5,37.5,0,962.5,192.5,0,192.5,192.5,YES,0.913763305626,0.0137633056263,18,1,3.90462154628,0.658944622108,False,False,False,YES
766,4,30,-2,511,300,375,75,0,200,250,50,0,120,150,30,0,150,187.5,37.5,0,962.5,192.5,0,192.5,192.5,YES,0.915611741099,0.0156117410993,18,1,3.81367682194,0.64283480531,False,False,False,YES
766,4,31,-1,551,300,375,75,0,200,250,50,0,120,150,30,0,150,187.5,37.5,0,962.5,192.5,0,192.5,192.5,YES,0.916936520514,0.016936520514,18,1,3.74840726484,0.631268822341,False,False,False,YES
783,3,24,-16,126,300,375,75,0,200,234.805942445,34.8059424453,15.1940575547,120,120,0,30,150,187.5,37.5,0,917.305942445,147.305942445,45.1940575547,147.305942445,147.305942445,NO,0.9,0,18,1,4.68729869328,0.798787162791,True,False,False,YES
783,4,25,-15,143,300,375,75,0,200,250,50,0,120,150,30,0,150,187.5,37.5,0,962.5,192.5,0,192.5,192.5,YES,0.906307965521,0.00630796552101,18,1,4.26990737353,0.723590287697,False,False,False,YES
783,4,26,-14,246,300,375,75,0,200,250,50,0,120,150,30,0,150,187.5,37.5,0,962.5,192.5,0,192.5,192.5,YES,0.910317139797,0.0103171397966,18,1,4.07377998465,0.68889233879,False,False,False,YES
783,4,27,-13,314,300,375,75,0,200,250,50,0,120,150,30,0,150,187.5,37.5,0,962.5,192.5,0,192.5,192.5,YES,0.91162585187,0.0116258518703,18,1,4.0096020615,0.677532754217,False,False,False,YES
783,4,28,-12,389,300,375,75,0,200,250,50,0,120,150,30,0,150,187.5,37.5,0,962.5,192.5,0,192.5,192.5,YES,0.912956415176,0.0129564151764,18,1,3.94427518518,0.665966771248,False,False,False,YES
783,4,29,-11,465,300,375,75,0,200,250,50,0,120,150,30,0,150,187.5,37.5,0,962.5,192.5,0,192.5,192.5,YES,0.913763305626,0.0137633056263,18,1,3.90462154628,0.658944622108,False,False,False,YES
783,4,30,-10,511,300,375,75,0,200,250,50,0,120,150,30,0,150,187.5,37.5,0,962.5,192.5,0,192.5,192.5,YES,0.915611741099,0.0156117410993,18,1,3.81367682194,0.64283480531,False,False,False,YES
783,4,31,-9,551,300,375,75,0,200,250,50,0,120,150,30,0,150,187.5,37.5,0,962.5,192.5,0,192.5,192.5,YES,0.916936520514,0.016936520514,18,1,3.74840726484,0.631268822341,False,False,False,YES
783,4,32,-8,570,300,375,75,0,200,250,50,0,120,150,30,0,150,187.5,37.5,0,962.5,192.5,0,192.5,192.5,YES,0.912956415176,0.0129564151764,18,1,3.94427518518,0.665966771248,False,False,False,YES
783,5,33,-7,661,300,375,75,0,200,250,50,0,120,150,30,0,150,187.5,37.5,0,962.5,192.5,0,192.5,192.5,YES,0.905147816508,0.00514781650761,18,1,4.33731796782,0.735900617368,False,False,False,YES
783,5,34,-6,728,300,375,75,0,200,250,50,0,120,150,30,0,150,187.5,37.5,0,962.5,192.5,0,192.5,192.5,YES,0.905985046681,0.00598504668058,18,1,4.31685826166,0.733016204777,False,False,False,YES
783,5,35,-5,761,300,375,75,0,200,250,50,0,120,150,30,0,150,187.5,37.5,0,962.5,192.5,0,192.5,192.5,YES,0.903758302629,0.00375830262928,18,1,4.46304954338,0.760160797207,False,False,False,YES
783,5,36,-4,785,300,375,75,0,200,250,50,0,120,150,30,0,150,187.5,37.5,0,962.5,192.5,0,192.5,192.5,YES,0.903429562652,0.00342956265178,18,1,4.53701235439,0.775186711657,False,False,False,YES
783,5,37,-3,812,300,375,75,0,200,250,50,0,120,150,30,0,150,187.5,37.5,0,962.5,192.5,0,192.5,192.5,YES,0.903431149173,0.00343114917345,18,1,4.57013118946,0.78212916442,False,False,False,YES
783,5,38,-2,840,300,375,75,0,200,250,50,0,120,150,30,0,150,187.5,37.5,0,962.5,192.5,0,192.5,192.5,YES,0.904429960005,0.00442996000472,18,1,4.60623870669,0.791225320635,False,False,False,YES
783,5,39,-1,883,300,375,75,0,200,250,50,0,120,150,30,0,150,187.5,37.5,0,962.5,192.5,0,192.5,192.5,YES,0.90834218967,0.00834218966972,18,1,4.45184773487,0.765203739525,False,False,False,YES
801,2,16,-16,26,0,375,75,0,0,250,50,0,0,150,30,0,0,187.5,37.5,0,962.5,192.5,0,962.5,962.5,YES,0.906770737978,0.00677073797764,18,1,4.48967858026,0.770629578303,False,False,False,YES
801,3,17,-15,37,300,375,75,0,200,250,50,0,120,150,30,0,150,187.5,37.5,0,962.5,192.5,0,192.5,192.5,YES,0.905827256184,0.00582725618405,18,1,4.49217065397,0.769664338432,False,False,False,YES
801,3,18,-14,42,300,375,75,0,200,250,50,0,120,150,30,0,150,187.5,37.5,0,962.5,192.5,0,192.5,192.5,YES,0.906204660123,0.00620466012347,18,1,4.40367620854,0.751738087935,False,False,False,YES
801,3,19,-13,50,300,375,75,0,200,250,50,0,120,150,30,0,150,187.5,37.5,0,962.5,192.5,0,192.5,192.5,YES,0.90062960229,0.000629602290455,18,1,4.58469331196,0.780577078231,False,False,False,YES
801,3,20,-12,62,300,300.000000001,7.59996510169e-10,74.9999999992,200,200,0,50,53.7144125081,53.7144125081,-66.2855874919,96.2855874919,150,150,0,37.5,703.714412509,-66.2855874911,258.785587491,7.59996510169e-10,0,NO,0.9,0,18,1,4.87591690154,0.838458765362,True,False,False,YES
801,3,21,-11,79,300,300.000000001,9.56788426265e-10,74.999999999,200,200,0,50,25.4407801931,25.4407801931,-94.5592198069,124.559219807,150,150,0,37.5,675.440780194,-94.5592198059,287.059219806,9.56788426265e-10,0,NO,0.9,0,18,1,4.95640698938,0.853440280585,True,False,False,YES
801,3,22,-10,93,300,300.000000001,7.59996510169e-10,74.9999999992,200,200,0,50,53.7144125081,53.7144125081,-66.2855874919,96.2855874919,150,150,0,37.5,703.714412509,-66.2855874911,258.785587491,7.59996510169e-10,0,NO,0.9,0,18,1,4.87591690154,0.838458765362,True,False,False,YES
801,3,23,-9,112,300,300,8.25366441859e-11,74.9999999999,200,200,0,50,67.537284676,67.537284676,-52.462715324,82.462715324,150,150,0,37.5,717.537284676,-52.4627153239,244.962715324,8.25366441859e-11,1.84172677109e-11,NO,0.9,0,18,1,4.83659842094,0.831134359092,True,False,False,YES
801,3,24,-8,126,300,375,75,0,200,234.805942445,34.8059424453,15.1940575547,120,120,0,30,150,187.5,37.5,0,917.305942445,147.305942445,45.1940575547,147.305942445,147.305942445,NO,0.9,0,18,1,4.68729869328,0.798787162791,True,False,False,YES
801,4,25,-7,143,300,375,75,0,200,250,50,0,120,150,30,0,150,187.5,37.5,0,962.5,192.5,0,192.5,192.5,YES,0.906307965521,0.00630796552101,18,1,4.26990737353,0.723590287697,False,False,False,YES
801,4,26,-6,246,300,375,75,0,200,250,50,0,120,150,30,0,150,187.5,37.5,0,962.5,192.5,0,192.5,192.5,YES,0.910317139797,0.0103171397966,18,1,4.07377998465,0.68889233879,False,False,False,YES
801,4,27,-5,314,300,375,75,0,200,250,50,0,120,150,30,0,150,187.5,37.5,0,962.5,192.5,0,192.5,192.5,YES,0.91162585187,0.0116258518703,18,1,4.0096020615,0.677532754217,False,False,False,YES
801,4,28,-4,389,300,375,75,0,200,250,50,0,120,150,30,0,150,187.5,37.5,0,962.5,192.5,0,192.5,192.5,YES,0.912956415176,0.0129564151764,18,1,3.94427518518,0.665966771248,False,False,False,YES
801,4,29,-3,465,300,375,75,0,200,250,50,0,120,150,30,0,150,187.5,37.5,0,962.5,192.5,0,192.5,192.5,YES,0.913763305626,0.0137633056263,18,1,3.90462154628,0.658944622108,False,False,False,YES
801,4,30,-2,511,300,375,75,0,200,250,50,0,120,150,30,0,150,187.5,37.5,0,962.5,192.5,0,192.5,192.5,YES,0.915611741099,0.0156117410993,18,1,3.81367682194,0.64283480531,False,False,False,YES
801,4,31,-1,551,300,375,75,0,200,250,50,0,120,150,30,0,150,187.5,37.5,0,962.5,192.5,0,192.5,192.5,YES,0.916936520514,0.016936520514,18,1,3.74840726484,0.631268822341,False,False,False,YES
869,2,16,-16,26,0,375,75,0,0,250,50,0,0,150,30,0,0,187.5,37.5,0,962.5,192.5,0,962.5,962.5,YES,0.906770737978,0.00677073797764,18,1,4.48967858026,0.770629578303,False,False,False,YES
869,3,17,-15,37,300,375,75,0,200,250,50,0,120,150,30,0,150,187.5,37.5,0,962.5,192.5,0,192.5,192.5,YES,0.905827256184,0.00582725618405,18,1,4.49217065397,0.769664338432,False,False,False,YES
869,3,18,-14,42,300,375,75,0,200,250,50,0,120,150,30,0,150,187.5,37.5,0,962.5,192.5,0,192.5,192.5,YES,0.906204660123,0.00620466012347,18,1,4.40367620854,0.751738087935,False,False,False,YES
869,3,19,-13,50,300,375,75,0,200,250,50,0,120,150,30,0,150,187.5,37.5,0,962.5,192.5,0,192.5,192.5,YES,0.90062960229,0.000629602290455,18,1,4.58469331196,0.780577078231,False,False,False,YES
869,3,20,-12,61,300,300.000000001,7.59996510169e-10,74.9999999992,200,200,0,50,53.7144125081,53.7144125081,-66.2855874919,96.2855874919,150,150,0,37.5,703.714412509,-66.2855874911,258.785587491,7.59996510169e-10,0,NO,0.9,0,18,1,4.87591690154,0.838458765362,True,False,False,YES
869,3,21,-11,78,300,300.000000001,9.56788426265e-10,74.999999999,200,200,0,50,25.4407801931,25.4407801931,-94.5592198069,124.559219807,150,150,0,37.5,675.440780194,-94.5592198059,287.059219806,9.56788426265e-10,1.1823431123e-11,NO,0.9,0,18,1,4.95640698938,0.853440280585,True,False,False,YES
869,3,22,-10,92,300,300.000000001,7.59996510169e-10,74.9999999992,200,200,0,50,53.7144125081,53.7144125081,-66.2855874919,96.2855874919,150,150,0,37.5,703.714412509,-66.2855874911,258.785587491,7.59996510169e-10,0,NO,0.9,0,18,1,4.87591690154,0.838458765362,True,False,False,YES
869,3,23,-9,115,300,300,8.25366441859e-11,74.9999999999,200,200,0,50,67.537284676,67.537284676,-52.462715324,82.462715324,150,150,0,37.5,717.537284676,-52.4627153239,244.962715324,8.25366441859e-11,0,NO,0.9,0,18,1,4.83659842094,0.831134359092,True,False,False,YES
869,3,24,-8,126,300,375,75,0,200,234.805942445,34.8059424453,15.1940575547,120,120,0,30,150,187.5,37.5,0,917.305942445,147.305942445,45.1940575547,147.305942445,147.305942445,NO,0.9,0,18,1,4.68729869328,0.798787162791,True,False,False,YES
869,4,25,-7,143,300,375,75,0,200,250,50,0,120,150,30,0,150,187.5,37.5,0,962.5,192.5,0,192.5,192.5,YES,0.906307965521,0.00630796552101,18,1,4.26990737353,0.723590287697,False,False,False,YES
869,4,26,-6,246,300,375,75,0,200,250,50,0,120,150,30,0,150,187.5,37.5,0,962.5,192.5,0,192.5,192.5,YES,0.910317139797,0.0103171397966,18,1,4.07377998465,0.68889233879,False,False,False,YES
869,4,27,-5,314,300,375,75,0,200,250,50,0,120,150,30,0,150,187.5,37.5,0,962.5,192.5,0,192.5,192.5,YES,0.91162585187,0.0116258518703,18,1,4.0096020615,0.677532754217,False,False,False,YES
869,4,28,-4,389,300,375,75,0,200,250,50,0,120,150,30,0,150,187.5,37.5,0,962.5,192.5,0,192.5,192.5,YES,0.912956415176,0.0129564151764,18,1,3.94427518518,0.665966771248,False,False,False,YES
869,4,29,-3,465,300,375,75,0,200,250,50,0,120,150,30,0,150,187.5,37.5,0,962.5,192.5,0,192.5,192.5,YES,0.913763305626,0.0137633056263,18,1,3.90462154628,0.658944622108,False,False,False,YES
869,4,30,-2,511,300,375,75,0,200,250,50,0,120,150,30,0,150,187.5,37.5,0,962.5,192.5,0,192.5,192.5,YES,0.915611741099,0.0156117410993,18,1,3.81367682194,0.64283480531,False,False,False,YES
869,4,31,-1,551,300,375,75,0,200,250,50,0,120,150,30,0,150,187.5,37.5,0,962.5,192.5,0,192.5,192.5,YES,0.916936520514,0.016936520514,18,1,3.74840726484,0.631268822341,False,False,False,YES
904,3,24,-16,126,300,375,75,0,200,234.805942445,34.8059424453,15.1940575547,120,120,0,30,150,187.5,37.5,0,917.305942445,147.305942445,45.1940575547,147.305942445,147.305942445,NO,0.9,0,18,1,4.68729869328,0.798787162791,True,False,False,YES
904,4,25,-15,143,300,375,75,0,200,250,50,0,120,150,30,0,150,187.5,37.5,0,962.5,192.5,0,192.5,192.5,YES,0.906307965521,0.00630796552101,18,1,4.26990737353,0.723590287697,False,False,False,YES
904,4,26,-14,246,300,375,75,0,200,250,50,0,120,150,30,0,150,187.5,37.5,0,962.5,192.5,0,192.5,192.5,YES,0.910317139797,0.0103171397966,18,1,4.07377998465,0.68889233879,False,False,False,YES
904,4,27,-13,314,300,375,75,0,200,250,50,0,120,150,30,0,150,187.5,37.5,0,962.5,192.5,0,192.5,192.5,YES,0.91162585187,0.0116258518703,18,1,4.0096020615,0.677532754217,False,False,False,YES
904,4,28,-12,389,300,375,75,0,200,250,50,0,120,150,30,0,150,187.5,37.5,0,962.5,192.5,0,192.5,192.5,YES,0.912956415176,0.0129564151764,18,1,3.94427518518,0.665966771248,False,False,False,YES
904,4,29,-11,465,300,375,75,0,200,250,50,0,120,150,30,0,150,187.5,37.5,0,962.5,192.5,0,192.5,192.5,YES,0.913763305626,0.0137633056263,18,1,3.90462154628,0.658944622108,False,False,False,YES
904,4,30,-10,511,300,375,75,0,200,250,50,0,120,150,30,0,150,187.5,37.5,0,962.5,192.5,0,192.5,192.5,YES,0.915611741099,0.0156117410993,18,1,3.81367682194,0.64283480531,False,False,False,YES
904,4,31,-9,551,300,375,75,0,200,250,50,0,120,150,30,0,150,187.5,37.5,0,962.5,192.5,0,192.5,192.5,YES,0.916936520514,0.016936520514,18,1,3.74840726484,0.631268822341,False,False,False,YES
904,4,32,-8,570,300,375,75,0,200,250,50,0,120,150,30,0,150,187.5,37.5,0,962.5,192.5,0,192.5,192.5,YES,0.912956415176,0.0129564151764,18,1,3.94427518518,0.665966771248,False,False,False,YES
904,5,33,-7,661,300,375,75,0,200,250,50,0,120,150,30,0,150,187.5,37.5,0,962.5,192.5,0,192.5,192.5,YES,0.905147816508,0.00514781650761,18,1,4.33731796782,0.735900617368,False,False,False,YES
904,5,34,-6,728,300,375,75,0,200,250,50,0,120,150,30,0,150,187.5,37.5,0,962.5,192.5,0,192.5,192.5,YES,0.905985046681,0.00598504668058,18,1,4.31685826166,0.733016204777,False,False,False,YES
904,5,35,-5,761,300,375,75,0,200,250,50,0,120,150,30,0,150,187.5,37.5,0,962.5,192.5,0,192.5,192.5,YES,0.903758302629,0.00375830262928,18,1,4.46304954338,0.760160797207,False,False,False,YES
904,5,36,-4,785,300,375,75,0,200,250,50,0,120,150,30,0,150,187.5,37.5,0,962.5,192.5,0,192.5,192.5,YES,0.903429562652,0.00342956265178,18,1,4.53701235439,0.775186711657,False,False,False,YES
904,5,37,-3,812,300,375,75,0,200,250,50,0,120,150,30,0,150,187.5,37.5,0,962.5,192.5,0,192.5,192.5,YES,0.903431149173,0.00343114917345,18,1,4.57013118946,0.78212916442,False,False,False,YES
904,5,38,-2,840,300,375,75,0,200,250,50,0,120,150,30,0,150,187.5,37.5,0,962.5,192.5,0,192.5,192.5,YES,0.904429960005,0.00442996000472,18,1,4.60623870669,0.791225320635,False,False,False,YES
904,5,39,-1,883,300,375,75,0,200,250,50,0,120,150,30,0,150,187.5,37.5,0,962.5,192.5,0,192.5,192.5,YES,0.90834218967,0.00834218966972,18,1,4.45184773487,0.765203739525,False,False,False,YES
965,3,24,-16,126,300,375,75,0,200,234.805942445,34.8059424453,15.1940575547,120,120,0,30,150,187.5,37.5,0,917.305942445,147.305942445,45.1940575547,147.305942445,147.305942445,NO,0.9,0,18,1,4.68729869328,0.798787162791,True,False,False,YES
965,4,25,-15,143,300,375,75,0,200,250,50,0,120,150,30,0,150,187.5,37.5,0,962.5,192.5,0,192.5,192.5,YES,0.906307965521,0.00630796552101,18,1,4.26990737353,0.723590287697,False,False,False,YES
965,4,26,-14,246,300,375,75,0,200,250,50,0,120,150,30,0,150,187.5,37.5,0,962.5,192.5,0,192.5,192.5,YES,0.910317139797,0.0103171397966,18,1,4.07377998465,0.68889233879,False,False,False,YES
965,4,27,-13,314,300,375,75,0,200,250,50,0,120,150,30,0,150,187.5,37.5,0,962.5,192.5,0,192.5,192.5,YES,0.91162585187,0.0116258518703,18,1,4.0096020615,0.677532754217,False,False,False,YES
965,4,28,-12,389,300,375,75,0,200,250,50,0,120,150,30,0,150,187.5,37.5,0,962.5,192.5,0,192.5,192.5,YES,0.912956415176,0.0129564151764,18,1,3.94427518518,0.665966771248,False,False,False,YES
965,4,29,-11,465,300,375,75,0,200,250,50,0,120,150,30,0,150,187.5,37.5,0,962.5,192.5,0,192.5,192.5,YES,0.913763305626,0.0137633056263,18,1,3.90462154628,0.658944622108,False,False,False,YES
965,4,30,-10,511,300,375,75,0,200,250,50,0,120,150,30,0,150,187.5,37.5,0,962.5,192.5,0,192.5,192.5,YES,0.915611741099,0.0156117410993,18,1,3.81367682194,0.64283480531,False,False,False,YES
965,4,31,-9,551,300,375,75,0,200,250,50,0,120,150,30,0,150,187.5,37.5,0,962.5,192.5,0,192.5,192.5,YES,0.916936520514,0.016936520514,18,1,3.74840726484,0.631268822341,False,False,False,YES
965,4,32,-8,569,300,375,75,0,200,250,50,0,0,150,30,0,150,187.5,37.5,0,962.5,192.5,0,312.5,312.5,YES,0.912956415176,0.0129564151764,18,1,3.94427518518,0.665966771248,False,False,False,YES
965,5,33,-7,661,300,375,75,0,200,250,50,0,120,150,30,0,150,187.5,37.5,0,962.5,192.5,0,192.5,192.5,YES,0.905147816508,0.00514781650761,18,1,4.33731796782,0.735900617368,False,False,False,YES
965,5,34,-6,728,300,375,75,0,200,250,50,0,120,150,30,0,150,187.5,37.5,0,962.5,192.5,0,192.5,192.5,YES,0.905985046681,0.00598504668058,18,1,4.31685826166,0.733016204777,False,False,False,YES
965,5,35,-5,761,300,375,75,0,200,250,50,0,120,150,30,0,150,187.5,37.5,0,962.5,192.5,0,192.5,192.5,YES,0.903758302629,0.00375830262928,18,1,4.46304954338,0.760160797207,False,False,False,YES
965,5,36,-4,785,300,375,75,0,200,250,50,0,120,150,30,0,150,187.5,37.5,0,962.5,192.5,0,192.5,192.5,YES,0.903429562652,0.00342956265178,18,1,4.53701235439,0.775186711657,False,False,False,YES
965,5,37,-3,812,300,375,75,0,200,250,50,0,120,150,30,0,150,187.5,37.5,0,962.5,192.5,0,192.5,192.5,YES,0.903431149173,0.00343114917345,18,1,4.57013118946,0.78212916442,False,False,False,YES
965,5,38,-2,840,300,375,75,0,200,250,50,0,120,150,30,0,150,187.5,37.5,0,962.5,192.5,0,192.5,192.5,YES,0.904429960005,0.00442996000472,18,1,4.60623870669,0.791225320635,False,False,False,YES
965,5,39,-1,883,300,375,75,0,200,250,50,0,120,150,30,0,150,187.5,37.5,0,962.5,192.5,0,192.5,192.5,YES,0.90834218967,0.00834218966972,18,1,4.45184773487,0.765203739525,False,False,False,YES
1057,3,24,-16,126,300,375,75,0,200,234.805942445,34.8059424453,15.1940575547,120,120,0,30,150,187.5,37.5,0,917.305942445,147.305942445,45.1940575547,147.305942445,147.305942445,NO,0.9,0,18,1,4.68729869328,0.798787162791,True,False,False,YES
1057,4,25,-15,143,300,375,75,0,200,250,50,0,120,150,30,0,150,187.5,37.5,0,962.5,192.5,0,192.5,192.5,YES,0.906307965521,0.00630796552101,18,1,4.26990737353,0.723590287697,False,False,False,YES
1057,4,26,-14,246,300,375,75,0,200,250,50,0,120,150,30,0,150,187.5,37.5,0,962.5,192.5,0,192.5,192.5,YES,0.910317139797,0.0103171397966,18,1,4.07377998465,0.68889233879,False,False,False,YES
1057,4,27,-13,314,300,375,75,0,200,250,50,0,120,150,30,0,150,187.5,37.5,0,962.5,192.5,0,192.5,192.5,YES,0.91162585187,0.0116258518703,18,1,4.0096020615,0.677532754217,False,False,False,YES
1057,4,28,-12,389,300,375,75,0,200,250,50,0,120,150,30,0,150,187.5,37.5,0,962.5,192.5,0,192.5,192.5,YES,0.912956415176,0.0129564151764,18,1,3.94427518518,0.665966771248,False,False,False,YES
1057,4,29,-11,465,300,375,75,0,200,250,50,0,120,150,30,0,150,187.5,37.5,0,962.5,192.5,0,192.5,192.5,YES,0.913763305626,0.0137633056263,18,1,3.90462154628,0.658944622108,False,False,False,YES
1057,4,30,-10,511,300,375,75,0,200,250,50,0,120,150,30,0,150,187.5,37.5,0,962.5,192.5,0,192.5,192.5,YES,0.915611741099,0.0156117410993,18,1,3.81367682194,0.64283480531,False,False,False,YES
1057,4,31,-9,551,300,375,75,0,200,250,50,0,120,150,30,0,150,187.5,37.5,0,962.5,192.5,0,192.5,192.5,YES,0.916936520514,0.016936520514,18,1,3.74840726484,0.631268822341,False,False,False,YES
1057,4,32,-8,570,300,375,75,0,200,250,50,0,120,150,30,0,150,187.5,37.5,0,962.5,192.5,0,192.5,192.5,YES,0.912956415176,0.0129564151764,18,1,3.94427518518,0.665966771248,False,False,False,YES
1057,5,33,-7,661,300,375,75,0,200,250,50,0,120,150,30,0,150,187.5,37.5,0,962.5,192.5,0,192.5,192.5,YES,0.905147816508,0.00514781650761,18,1,4.33731796782,0.735900617368,False,False,False,YES
1057,5,34,-6,728,300,375,75,0,200,250,50,0,120,150,30,0,150,187.5,37.5,0,962.5,192.5,0,192.5,192.5,YES,0.905985046681,0.00598504668058,18,1,4.31685826166,0.733016204777,False,False,False,YES
1057,5,35,-5,761,300,375,75,0,200,250,50,0,120,150,30,0,150,187.5,37.5,0,962.5,192.5,0,192.5,192.5,YES,0.903758302629,0.00375830262928,18,1,4.46304954338,0.760160797207,False,False,False,YES
1057,5,36,-4,785,300,375,75,0,200,250,50,0,120,150,30,0,150,187.5,37.5,0,962.5,192.5,0,192.5,192.5,YES,0.903429562652,0.00342956265178,18,1,4.53701235439,0.775186711657,False,False,False,YES
1057,5,37,-3,812,300,375,75,0,200,250,50,0,120,150,30,0,150,187.5,37.5,0,962.5,192.5,0,192.5,192.5,YES,0.903431149173,0.00343114917345,18,1,4.57013118946,0.78212916442,False,False,False,YES
1057,5,38,-2,840,300,375,75,0,200,250,50,0,120,150,30,0,150,187.5,37.5,0,962.5,192.5,0,192.5,192.5,YES,0.904429960005,0.00442996000472,18,1,4.60623870669,0.791225320635,False,False,False,YES
1057,5,39,-1,883,300,375,75,0,200,250,50,0,120,150,30,0,150,187.5,37.5,0,962.5,192.5,0,192.5,192.5,YES,0.90834218967,0.00834218966972,18,1,4.45184773487,0.765203739525,False,False,False,YES
1165,2,16,-16,26,0,375,75,0,0,250,50,0,0,150,30,0,0,187.5,37.5,0,962.5,192.5,0,962.5,962.5,YES,0.906770737978,0.00677073797764,18,1,4.48967858026,0.770629578303,False,False,False,YES
1165,3,17,-15,28,0,375,75,0,0,250,50,0,0,150,30,0,0,187.5,37.5,0,962.5,192.5,0,962.5,962.5,YES,0.905827256184,0.00582725618405,18,1,4.49217065397,0.769664338432,False,False,False,YES
1165,3,18,-14,38,0,375,75,0,0,250,50,0,0,150,30,0,0,187.5,37.5,0,962.5,192.5,0,962.5,962.5,YES,0.906204660123,0.00620466012347,18,1,4.40367620854,0.751738087935,False,False,False,YES
1165,3,19,-13,43,0,375,75,0,0,250,50,0,0,150,30,0,0,187.5,37.5,0,962.5,192.5,0,962.5,962.5,YES,0.90062960229,0.000629602290455,18,1,4.58469331196,0.780577078231,False,False,False,YES
1165,3,20,-12,51,0,375,75,0,0,250,50,0,0,7.63448068913,-112.365519311,142.365519311,0,187.5,37.5,0,820.134480689,50.1344806891,142.365519311,820.134480689,820.134480689,NO,0.9,0,18,1,4.9795600019,0.853309442458,True,False,False,YES
1165,3,21,-11,65,0,375,75,0,0,220.359814298,20.3598142978,29.6401857022,0,0,-120,150,0,187.5,37.5,0,782.859814298,12.8598142978,179.640185702,782.859814298,782.859814298,NO,0.9,0,18,1,5.05180590572,0.867142775475,True,False,False,YES
1165,3,22,-10,80,0,375,75,0,0,250,50,0,0,7.63448068913,-112.365519311,142.365519311,0,187.5,37.5,0,820.134480689,50.1344806891,142.365519311,820.134480689,820.134480689,NO,0.9,0,18,1,4.9795600019,0.853309442458,True,False,False,YES
1165,3,23,-9,97,0,375,75,0,0,250,50,0,0,21.457352857,-98.542647143,128.542647143,150,187.5,37.5,0,833.957352857,63.957352857,128.542647143,683.957352857,683.957352857,NO,0.9,0,18,1,4.94035524164,0.845985036188,True,False,False,YES
1165,3,24,-8,126,300,375,75,0,200,234.805942445,34.8059424453,15.1940575547,120,120,0,30,150,187.5,37.5,0,917.305942445,147.305942445,45.1940575547,147.305942445,147.305942445,NO,0.9,0,18,1,4.68729869328,0.798787162791,True,False,False,YES
1165,4,25,-7,143,300,375,75,0,200,250,50,0,120,150,30,0,150,187.5,37.5,0,962.5,192.5,0,192.5,192.5,YES,0.906307965521,0.00630796552101,18,1,4.26990737353,0.723590287697,False,False,False,YES
1165,4,26,-6,246,300,375,75,0,200,250,50,0,120,150,30,0,150,187.5,37.5,0,962.5,192.5,0,192.5,192.5,YES,0.910317139797,0.0103171397966,18,1,4.07377998465,0.68889233879,False,False,False,YES
1165,4,27,-5,314,300,375,75,0,200,250,50,0,120,150,30,0,150,187.5,37.5,0,962.5,192.5,0,192.5,192.5,YES,0.91162585187,0.0116258518703,18,1,4.0096020615,0.677532754217,False,False,False,YES
1165,4,28,-4,389,300,375,75,0,200,250,50,0,120,150,30,0,150,187.5,37.5,0,962.5,192.5,0,192.5,192.5,YES,0.912956415176,0.0129564151764,18,1,3.94427518518,0.665966771248,False,False,False,YES
1165,4,29,-3,465,300,375,75,0,200,250,50,0,120,150,30,0,150,187.5,37.5,0,962.5,192.5,0,192.5,192.5,YES,0.913763305626,0.0137633056263,18,1,3.90462154628,0.658944622108,False,False,False,YES
1165,4,30,-2,511,300,375,75,0,200,250,50,0,120,150,30,0,150,187.5,37.5,0,962.5,192.5,0,192.5,192.5,YES,0.915611741099,0.0156117410993,18,1,3.81367682194,0.64283480531,False,False,False,YES
1165,4,31,-1,551,300,375,75,0,200,250,50,0,120,150,30,0,150,187.5,37.5,0,962.5,192.5,0,192.5,192.5,YES,0.916936520514,0.016936520514,18,1,3.74840726484,0.631268822341,False,False,False,YES
1313,4,32,-16,570,300,375,75,0,200,250,50,0,120,150,30,0,150,187.5,37.5,0,962.5,192.5,0,192.5,192.5,YES,0.912956415176,0.0129564151764,18,1,3.94427518518,0.665966771248,False,False,False,YES
1313,5,33,-15,661,300,375,75,0,200,250,50,0,120,150,30,0,150,187.5,37.5,0,962.5,192.5,0,192.5,192.5,YES,0.905147816508,0.00514781650761,18,1,4.33731796782,0.735900617368,False,False,False,YES
1313,5,34,-14,728,300,375,75,0,200,250,50,0,120,150,30,0,150,187.5,37.5,0,962.5,192.5,0,192.5,192.5,YES,0.905985046681,0.00598504668058,18,1,4.31685826166,0.733016204777,False,False,False,YES
1313,5,35,-13,761,300,375,75,0,200,250,50,0,120,150,30,0,150,187.5,37.5,0,962.5,192.5,0,192.5,192.5,YES,0.903758302629,0.00375830262928,18,1,4.46304954338,0.760160797207,False,False,False,YES
1313,5,36,-12,785,300,375,75,0,200,250,50,0,120,150,30,0,150,187.5,37.5,0,962.5,192.5,0,192.5,192.5,YES,0.903429562652,0.00342956265178,18,1,4.53701235439,0.775186711657,False,False,False,YES
1313,5,37,-11,812,300,375,75,0,200,250,50,0,120,150,30,0,150,187.5,37.5,0,962.5,192.5,0,192.5,192.5,YES,0.903431149173,0.00343114917345,18,1,4.57013118946,0.78212916442,False,False,False,YES
1313,5,38,-10,840,300,375,75,0,200,250,50,0,120,150,30,0,150,187.5,37.5,0,962.5,192.5,0,192.5,192.5,YES,0.904429960005,0.00442996000472,18,1,4.60623870669,0.791225320635,False,False,False,YES
1313,5,39,-9,883,300,375,75,0,200,250,50,0,120,150,30,0,150,187.5,37.5,0,962.5,192.5,0,192.5,192.5,YES,0.90834218967,0.00834218966972,18,1,4.45184773487,0.765203739525,False,False,False,YES
1313,5,40,-8,957,300,375,75,0,200,250,50,0,120,150,30,0,150,187.5,37.5,0,962.5,192.5,0,192.5,192.5,YES,0.906770737978,0.00677073797764,18,1,4.48967858026,0.770629578303,False,False,False,YES
1313,6,41,-7,993,300,375,75,0,200,250,50,0,120,150,30,0,150,187.5,37.5,0,962.5,192.5,0,192.5,192.5,YES,0.905827256184,0.00582725618405,18,1,4.49217065397,0.769664338432,False,False,False,YES
1313,6,42,-6,1029,300,375,75,0,200,250,50,0,120,150,30,0,150,187.5,37.5,0,962.5,192.5,0,192.5,192.5,YES,0.906204660123,0.00620466012347,18,1,4.40367620854,0.751738087935,False,False,False,YES
1313,6,43,-5,1056,300,375,75,0,200,250,50,0,120,150,30,0,150,187.5,37.5,0,962.5,192.5,0,192.5,192.5,YES,0.90062960229,0.000629602290455,18,1,4.58469331196,0.780577078231,False,False,False,YES
1313,6,44,-4,1080,300,300.000000001,7.59996510169e-10,74.9999999992,200,200,0,50,53.7144125081,53.7144125081,-66.2855874919,96.2855874919,150,150,0,37.5,703.714412509,-66.2855874911,258.785587491,7.59996510169e-10,0,NO,0.9,0,18,1,4.87591690154,0.838458765362,True,False,False,YES
1313,6,45,-3,1107,300,300.000000001,9.56788426265e-10,74.999999999,200,200,0,50,25.4407801931,25.4407801931,-94.5592198069,124.559219807,150,150,0,37.5,675.440780194,-94.5592198059,287.059219806,9.56788426265e-10,0,NO,0.9,0,18,1,4.95640698938,0.853440280585,True,False,False,YES
1313,6,46,-2,1148,300,300.000000001,7.59996510169e-10,74.9999999992,200,200,0,50,53.7144125081,53.7144125081,-66.2855874919,96.2855874919,150,150,0,37.5,703.714412509,-66.2855874911,258.785587491,7.59996510169e-10,0,NO,0.9,0,18,1,4.87591690154,0.838458765362,True,False,False,YES
1313,6,47,-1,1194,300,300,8.25366441859e-11,74.9999999999,200,200,0,50,67.537284676,67.537284676,-52.462715324,82.462715324,150,150,0,37.5,717.537284676,-52.4627153239,244.962715324,8.25366441859e-11,1.84172677109e-11,NO,0.9,0,18,1,4.83659842094,0.831134359092,True,False,False,YES
1320,2,16,-16,26,0,375,75,0,0,250,50,0,0,150,30,0,0,187.5,37.5,0,962.5,192.5,0,962.5,962.5,YES,0.906770737978,0.00677073797764,18,1,4.48967858026,0.770629578303,False,False,False,YES
1320,3,17,-15,28,0,375,75,0,0,250,50,0,0,150,30,0,0,187.5,37.5,0,962.5,192.5,0,962.5,962.5,YES,0.905827256184,0.00582725618405,18,1,4.49217065397,0.769664338432,False,False,False,YES
1320,3,18,-14,38,0,375,75,0,0,250,50,0,0,150,30,0,0,187.5,37.5,0,962.5,192.5,0,962.5,962.5,YES,0.906204660123,0.00620466012347,18,1,4.40367620854,0.751738087935,False,False,False,YES
1320,3,19,-13,43,0,375,75,0,0,250,50,0,0,150,30,0,0,187.5,37.5,0,962.5,192.5,0,962.5,962.5,YES,0.90062960229,0.000629602290455,18,1,4.58469331196,0.780577078231,False,False,False,YES
1320,3,20,-12,51,0,375,75,0,0,250,50,0,0,7.63448068913,-112.365519311,142.365519311,0,187.5,37.5,0,820.134480689,50.1344806891,142.365519311,820.134480689,820.134480689,NO,0.9,0,18,1,4.9795600019,0.853309442458,True,False,False,YES
1320,3,21,-11,65,0,375,75,0,0,220.359814298,20.3598142978,29.6401857022,0,0,-120,150,0,187.5,37.5,0,782.859814298,12.8598142978,179.640185702,782.859814298,782.859814298,NO,0.9,0,18,1,5.05180590572,0.867142775475,True,False,False,YES
1320,3,22,-10,80,0,375,75,0,0,250,50,0,0,7.63448068913,-112.365519311,142.365519311,0,187.5,37.5,0,820.134480689,50.1344806891,142.365519311,820.134480689,820.134480689,NO,0.9,0,18,1,4.9795600019,0.853309442458,True,False,False,YES
1320,3,23,-9,96,0,375,75,0,0,250,50,0,0,21.457352857,-98.542647143,128.542647143,0,187.5,37.5,0,833.957352857,63.957352857,128.542647143,833.957352857,833.957352857,NO,0.9,0,18,1,4.94035524164,0.845985036188,True,False,False,YES
1320,3,24,-8,126,300,375,75,0,200,234.805942445,34.8059424453,15.1940575547,120,120,0,30,150,187.5,37.5,0,917.305942445,147.305942445,45.1940575547,147.305942445,147.305942445,NO,0.9,0,18,1,4.68729869328,0.798787162791,True,False,False,YES
1320,4,25,-7,143,300,375,75,0,200,250,50,0,120,150,30,0,150,187.5,37.5,0,962.5,192.5,0,192.5,192.5,YES,0.906307965521,0.00630796552101,18,1,4.26990737353,0.723590287697,False,False,False,YES
1320,4,26,-6,246,300,375,75,0,200,250,50,0,120,150,30,0,150,187.5,37.5,0,962.5,192.5,0,192.5,192.5,YES,0.910317139797,0.0103171397966,18,1,4.07377998465,0.68889233879,False,False,False,YES
1320,4,27,-5,314,300,375,75,0,200,250,50,0,120,150,30,0,150,187.5,37.5,0,962.5,192.5,0,192.5,192.5,YES,0.91162585187,0.0116258518703,18,1,4.0096020615,0.677532754217,False,False,False,YES
1320,4,28,-4,389,300,375,75,0,200,250,50,0,120,150,30,0,150,187.5,37.5,0,962.5,192.5,0,192.5,192.5,YES,0.912956415176,0.0129564151764,18,1,3.94427518518,0.665966771248,False,False,False,YES
1320,4,29,-3,465,300,375,75,0,200,250,50,0,120,150,30,0,150,187.5,37.5,0,962.5,192.5,0,192.5,192.5,YES,0.913763305626,0.0137633056263,18,1,3.90462154628,0.658944622108,False,False,False,YES
1320,4,30,-2,511,300,375,75,0,200,250,50,0,120,150,30,0,150,187.5,37.5,0,962.5,192.5,0,192.5,192.5,YES,0.915611741099,0.0156117410993,18,1,3.81367682194,0.64283480531,False,False,False,YES
1320,4,31,-1,551,300,375,75,0,200,250,50,0,120,150,30,0,150,187.5,37.5,0,962.5,192.5,0,192.5,192.5,YES,0.916936520514,0.016936520514,18,1,3.74840726484,0.631268822341,False,False,False,YES
1432,1,8,-16,8,300,375,75,0,0,250,50,0,0,150,30,0,150,187.5,37.5,0,962.5,192.5,0,512.5,512.5,YES,0.912956415176,0.0129564151764,18,1,3.94427518518,0.665966771248,False,False,False,YES
1432,2,9,-15,13,300,375,75,0,200,250,50,0,120,150,30,0,150,187.5,37.5,0,962.5,192.5,0,192.5,192.5,YES,0.905147816508,0.00514781650761,18,1,4.33731796782,0.735900617368,False,False,False,YES
1432,2,10,-14,15,300,375,75,0,200,250,50,0,120,150,30,0,150,187.5,37.5,0,962.5,192.5,0,192.5,192.5,YES,0.905985046681,0.00598504668058,18,1,4.31685826166,0.733016204777,False,False,False,YES
1432,2,11,-13,17,300,375,75,0,200,250,50,0,120,150,30,0,150,187.5,37.5,0,962.5,192.5,0,192.5,192.5,YES,0.903758302629,0.00375830262928,18,1,4.46304954338,0.760160797207,False,False,False,YES
1432,2,12,-12,19,300,375,75,0,200,250,50,0,120,150,30,0,150,187.5,37.5,0,962.5,192.5,0,192.5,192.5,YES,0.903429562652,0.00342956265178,18,1,4.53701235439,0.775186711657,False,False,False,YES
1432,2,13,-11,21,300,375,75,0,200,250,50,0,120,150,30,0,150,187.5,37.5,0,962.5,192.5,0,192.5,192.5,YES,0.903431149173,0.00343114917345,18,1,4.57013118946,0.78212916442,False,False,False,YES
1432,2,14,-10,23,300,375,75,0,200,250,50,0,120,150,30,0,150,187.5,37.5,0,962.5,192.5,0,192.5,192.5,YES,0.904429960005,0.00442996000472,18,1,4.60623870669,0.791225320635,False,False,False,YES
1432,2,15,-9,25,300,375,75,0,200,250,50,0,120,150,30,0,150,187.5,37.5,0,962.5,192.5,0,192.5,192.5,YES,0.90834218967,0.00834218966972,18,1,4.45184773487,0.765203739525,False,False,False,YES
1432,2,16,-8,27,300,375,75,0,200,250,50,0,120,150,30,0,150,187.5,37.5,0,962.5,192.5,0,192.5,192.5,YES,0.906770737978,0.00677073797764,18,1,4.48967858026,0.770629578303,False,False,False,YES
1432,3,17,-7,37,300,375,75,0,200,250,50,0,120,150,30,0,150,187.5,37.5,0,962.5,192.5,0,192.5,192.5,YES,0.905827256184,0.00582725618405,18,1,4.49217065397,0.769664338432,False,False,False,YES
1432,3,18,-6,42,300,375,75,0,200,250,50,0,120,150,30,0,150,187.5,37.5,0,962.5,192.5,0,192.5,192.5,YES,0.906204660123,0.00620466012347,18,1,4.40367620854,0.751738087935,False,False,False,YES
1432,3,19,-5,50,300,375,75,0,200,250,50,0,120,150,30,0,150,187.5,37.5,0,962.5,192.5,0,192.5,192.5,YES,0.90062960229,0.000629602290455,18,1,4.58469331196,0.780577078231,False,False,False,YES
1432,3,20,-4,62,300,300.000000001,7.59996510169e-10,74.9999999992,200,200,0,50,53.7144125081,53.7144125081,-66.2855874919,96.2855874919,150,150,0,37.5,703.714412509,-66.2855874911,258.785587491,7.59996510169e-10,0,NO,0.9,0,18,1,4.87591690154,0.838458765362,True,False,False,YES
1432,3,21,-3,79,300,300.000000001,9.56788426265e-10,74.999999999,200,200,0,50,25.4407801931,25.4407801931,-94.5592198069,124.559219807,150,150,0,37.5,675.440780194,-94.5592198059,287.059219806,9.56788426265e-10,0,NO,0.9,0,18,1,4.95640698938,0.853440280585,True,False,False,YES
1432,3,22,-2,93,300,300.000000001,7.59996510169e-10,74.9999999992,200,200,0,50,53.7144125081,53.7144125081,-66.2855874919,96.2855874919,150,150,0,37.5,703.714412509,-66.2855874911,258.785587491,7.59996510169e-10,0,NO,0.9,0,18,1,4.87591690154,0.838458765362,True,False,False,YES
1432,3,23,-1,112,300,300,8.25366441859e-11,74.9999999999,200,200,0,50,67.537284676,67.537284676,-52.462715324,82.462715324,150,150,0,37.5,717.537284676,-52.4627153239,244.962715324,8.25366441859e-11,1.84172677109e-11,NO,0.9,0,18,1,4.83659842094,0.831134359092,True,False,False,YES
1580,1,8,-16,8,300,375,75,0,0,250,50,0,0,150,30,0,150,187.5,37.5,0,962.5,192.5,0,512.5,512.5,YES,0.912956415176,0.0129564151764,18,1,3.94427518518,0.665966771248,False,False,False,YES
1580,2,9,-15,13,300,375,75,0,200,250,50,0,120,150,30,0,150,187.5,37.5,0,962.5,192.5,0,192.5,192.5,YES,0.905147816508,0.00514781650761,18,1,4.33731796782,0.735900617368,False,False,False,YES
1580,2,10,-14,15,300,375,75,0,200,250,50,0,120,150,30,0,150,187.5,37.5,0,962.5,192.5,0,192.5,192.5,YES,0.905985046681,0.00598504668058,18,1,4.31685826166,0.733016204777,False,False,False,YES
1580,2,11,-13,17,300,375,75,0,200,250,50,0,120,150,30,0,150,187.5,37.5,0,962.5,192.5,0,192.5,192.5,YES,0.903758302629,0.00375830262928,18,1,4.46304954338,0.760160797207,False,False,False,YES
1580,2,12,-12,19,300,375,75,0,200,250,50,0,120,150,30,0,150,187.5,37.5,0,962.5,192.5,0,192.5,192.5,YES,0.903429562652,0.00342956265178,18,1,4.53701235439,0.775186711657,False,False,False,YES
1580,2,13,-11,21,300,375,75,0,200,250,50,0,120,150,30,0,150,187.5,37.5,0,962.5,192.5,0,192.5,192.5,YES,0.903431149173,0.00343114917345,18,1,4.57013118946,0.78212916442,False,False,False,YES
1580,2,14,-10,23,300,375,75,0,200,250,50,0,120,150,30,0,150,187.5,37.5,0,962.5,192.5,0,192.5,192.5,YES,0.904429960005,0.00442996000472,18,1,4.60623870669,0.791225320635,False,False,False,YES
1580,2,15,-9,25,300,375,75,0,200,250,50,0,120,150,30,0,150,187.5,37.5,0,962.5,192.5,0,192.5,192.5,YES,0.90834218967,0.00834218966972,18,1,4.45184773487,0.765203739525,False,False,False,YES
1580,2,16,-8,27,300,375,75,0,200,250,50,0,120,150,30,0,150,187.5,37.5,0,962.5,192.5,0,192.5,192.5,YES,0.906770737978,0.00677073797764,18,1,4.48967858026,0.770629578303,False,False,False,YES
1580,3,17,-7,37,300,375,75,0,200,250,50,0,120,150,30,0,150,187.5,37.5,0,962.5,192.5,0,192.5,192.5,YES,0.905827256184,0.00582725618405,18,1,4.49217065397,0.769664338432,False,False,False,YES
1580,3,18,-6,42,300,375,75,0,200,250,50,0,120,150,30,0,150,187.5,37.5,0,962.5,192.5,0,192.5,192.5,YES,0.906204660123,0.00620466012347,18,1,4.40367620854,0.751738087935,False,False,False,YES
1580,3,19,-5,50,300,375,75,0,200,250,50,0,120,150,30,0,150,187.5,37.5,0,962.5,192.5,0,192.5,192.5,YES,0.90062960229,0.000629602290455,18,1,4.58469331196,0.780577078231,False,False,False,YES
1580,3,20,-4,62,300,300.000000001,7.59996510169e-10,74.9999999992,200,200,0,50,53.7144125081,53.7144125081,-66.2855874919,96.2855874919,150,150,0,37.5,703.714412509,-66.2855874911,258.785587491,7.59996510169e-10,0,NO,0.9,0,18,1,4.87591690154,0.838458765362,True,False,False,YES
1580,3,21,-3,79,300,300.000000001,9.56788426265e-10,74.999999999,200,200,0,50,25.4407801931,25.4407801931,-94.5592198069,124.559219807,150,150,0,37.5,675.440780194,-94.5592198059,287.059219806,9.56788426265e-10,0,NO,0.9,0,18,1,4.95640698938,0.853440280585,True,False,False,YES
1580,3,22,-2,93,300,300.000000001,7.59996510169e-10,74.9999999992,200,200,0,50,53.7144125081,53.7144125081,-66.2855874919,96.2855874919,150,150,0,37.5,703.714412509,-66.2855874911,258.785587491,7.59996510169e-10,0,NO,0.9,0,18,1,4.87591690154,0.838458765362,True,False,False,YES
1580,3,23,-1,112,300,300,8.25366441859e-11,74.9999999999,200,200,0,50,67.537284676,67.537284676,-52.462715324,82.462715324,150,150,0,37.5,717.537284676,-52.4627153239,244.962715324,8.25366441859e-11,1.84172677109e-11,NO,0.9,0,18,1,4.83659842094,0.831134359092,True,False,False,YES
1628,3,24,-16,126,300,375,75,0,200,234.805942445,34.8059424453,15.1940575547,120,120,0,30,150,187.5,37.5,0,917.305942445,147.305942445,45.1940575547,147.305942445,147.305942445,NO,0.9,0,18,1,4.68729869328,0.798787162791,True,False,False,YES
1628,4,25,-15,143,300,375,75,0,200,250,50,0,120,150,30,0,150,187.5,37.5,0,962.5,192.5,0,192.5,192.5,YES,0.906307965521,0.00630796552101,18,1,4.26990737353,0.723590287697,False,False,False,YES
1628,4,26,-14,246,300,375,75,0,200,250,50,0,120,150,30,0,150,187.5,37.5,0,962.5,192.5,0,192.5,192.5,YES,0.910317139797,0.0103171397966,18,1,4.07377998465,0.68889233879,False,False,False,YES
1628,4,27,-13,314,300,375,75,0,200,250,50,0,120,150,30,0,150,187.5,37.5,0,962.5,192.5,0,192.5,192.5,YES,0.91162585187,0.0116258518703,18,1,4.0096020615,0.677532754217,False,False,False,YES
1628,4,28,-12,389,300,375,75,0,200,250,50,0,120,150,30,0,150,187.5,37.5,0,962.5,192.5,0,192.5,192.5,YES,0.912956415176,0.0129564151764,18,1,3.94427518518,0.665966771248,False,False,False,YES
1628,4,29,-11,465,300,375,75,0,200,250,50,0,120,150,30,0,150,187.5,37.5,0,962.5,192.5,0,192.5,192.5,YES,0.913763305626,0.0137633056263,18,1,3.90462154628,0.658944622108,False,False,False,YES
1628,4,30,-10,511,300,375,75,0,200,250,50,0,120,150,30,0,150,187.5,37.5,0,962.5,192.5,0,192.5,192.5,YES,0.915611741099,0.0156117410993,18,1,3.81367682194,0.64283480531,False,False,False,YES
1628,4,31,-9,551,300,375,75,0,200,250,50,0,120,150,30,0,150,187.5,37.5,0,962.5,192.5,0,192.5,192.5,YES,0.916936520514,0.016936520514,18,1,3.74840726484,0.631268822341,False,False,False,YES
1628,4,32,-8,570,300,375,75,0,200,250,50,0,120,150,30,0,150,187.5,37.5,0,962.5,192.5,0,192.5,192.5,YES,0.912956415176,0.0129564151764,18,1,3.94427518518,0.665966771248,False,False,False,YES
1628,5,33,-7,661,300,375,75,0,200,250,50,0,120,150,30,0,150,187.5,37.5,0,962.5,192.5,0,192.5,192.5,YES,0.905147816508,0.00514781650761,18,1,4.33731796782,0.735900617368,False,False,False,YES
1628,5,34,-6,728,300,375,75,0,200,250,50,0,120,150,30,0,150,187.5,37.5,0,962.5,192.5,0,192.5,192.5,YES,0.905985046681,0.00598504668058,18,1,4.31685826166,0.733016204777,False,False,False,YES
1628,5,35,-5,761,300,375,75,0,200,250,50,0,120,150,30,0,150,187.5,37.5,0,962.5,192.5,0,192.5,192.5,YES,0.903758302629,0.00375830262928,18,1,4.46304954338,0.760160797207,False,False,False,YES
1628,5,36,-4,785,300,375,75,0,200,250,50,0,120,150,30,0,150,187.5,37.5,0,962.5,192.5,0,192.5,192.5,YES,0.903429562652,0.00342956265178,18,1,4.53701235439,0.775186711657,False,False,False,YES
1628,5,37,-3,812,300,375,75,0,200,250,50,0,120,150,30,0,150,187.5,37.5,0,962.5,192.5,0,192.5,192.5,YES,0.903431149173,0.00343114917345,18,1,4.57013118946,0.78212916442,False,False,False,YES
1628,5,38,-2,840,300,375,75,0,200,250,50,0,120,150,30,0,150,187.5,37.5,0,962.5,192.5,0,192.5,192.5,YES,0.904429960005,0.00442996000472,18,1,4.60623870669,0.791225320635,False,False,False,YES
1628,5,39,-1,883,300,375,75,0,200,250,50,0,120,150,30,0,150,187.5,37.5,0,962.5,192.5,0,192.5,192.5,YES,0.90834218967,0.00834218966972,18,1,4.45184773487,0.765203739525,False,False,False,YES
1655,4,32,-16,557,0,375,75,0,0,250,50,0,0,150,30,0,150,187.5,37.5,0,962.5,192.5,0,812.5,812.5,YES,0.912956415176,0.0129564151764,18,1,3.94427518518,0.665966771248,False,False,False,YES
1655,5,33,-15,628,300,375,75,0,0,250,50,0,0,150,30,0,150,187.5,37.5,0,962.5,192.5,0,512.5,512.5,YES,0.905147816508,0.00514781650761,18,1,4.33731796782,0.735900617368,False,False,False,YES
1655,5,34,-14,662,0,375,75,0,0,250,50,0,0,150,30,0,0,187.5,37.5,0,962.5,192.5,0,962.5,962.5,YES,0.905985046681,0.00598504668058,18,1,4.31685826166,0.733016204777,False,False,False,YES
1655,5,35,-13,729,0,375,75,0,0,250,50,0,0,150,30,0,0,187.5,37.5,0,962.5,192.5,0,962.5,962.5,YES,0.903758302629,0.00375830262928,18,1,4.46304954338,0.760160797207,False,False,False,YES
1655,5,36,-12,762,0,375,75,0,0,250,50,0,0,150,30,0,0,187.5,37.5,0,962.5,192.5,0,962.5,962.5,YES,0.903429562652,0.00342956265178,18,1,4.53701235439,0.775186711657,False,False,False,YES
1655,5,37,-11,786,0,375,75,0,0,250,50,0,0,150,30,0,0,187.5,37.5,0,962.5,192.5,0,962.5,962.5,YES,0.903431149173,0.00343114917345,18,1,4.57013118946,0.78212916442,False,False,False,YES
1655,5,38,-10,813,0,375,75,0,0,250,50,0,0,150,30,0,0,187.5,37.5,0,962.5,192.5,0,962.5,962.5,YES,0.904429960005,0.00442996000472,18,1,4.60623870669,0.791225320635,False,False,False,YES
1655,5,39,-9,841,0,375,75,0,0,250,50,0,0,150,30,0,0,187.5,37.5,0,962.5,192.5,0,962.5,962.5,YES,0.90834218967,0.00834218966972,18,1,4.45184773487,0.765203739525,False,False,False,YES
1655,5,40,-8,900,32.3133815542,375,75,0,0,250,50,0,0,150,30,0,0,187.5,37.5,0,962.5,192.5,0,930.186618446,930.186618446,YES,0.906770737978,0.00677073797764,18,1,4.48967858026,0.770629578303,False,False,False,YES
1655,6,41,-7,993,300,375,75,0,200,250,50,0,120,150,30,0,150,187.5,37.5,0,962.5,192.5,0,192.5,192.5,YES,0.905827256184,0.00582725618405,18,1,4.49217065397,0.769664338432,False,False,False,YES
1655,6,42,-6,1029,300,375,75,0,200,250,50,0,120,150,30,0,150,187.5,37.5,0,962.5,192.5,0,192.5,192.5,YES,0.906204660123,0.00620466012347,18,1,4.40367620854,0.751738087935,False,False,False,YES
1655,6,43,-5,1056,300,375,75,0,200,250,50,0,120,150,30,0,150,187.5,37.5,0,962.5,192.5,0,192.5,192.5,YES,0.90062960229,0.000629602290455,18,1,4.58469331196,0.780577078231,False,False,False,YES
1655,6,44,-4,1080,300,300.000000001,7.59996510169e-10,74.9999999992,200,200,0,50,53.7144125081,53.7144125081,-66.2855874919,96.2855874919,150,150,0,37.5,703.714412509,-66.2855874911,258.785587491,7.59996510169e-10,0,NO,0.9,0,18,1,4.87591690154,0.838458765362,True,False,False,YES
1655,6,45,-3,1107,300,300.000000001,9.56788426265e-10,74.999999999,200,200,0,50,25.4407801931,25.4407801931,-94.5592198069,124.559219807,150,150,0,37.5,675.440780194,-94.5592198059,287.059219806,9.56788426265e-10,0,NO,0.9,0,18,1,4.95640698938,0.853440280585,True,False,False,YES
1655,6,46,-2,1148,300,300.000000001,7.59996510169e-10,74.9999999992,200,200,0,50,53.7144125081,53.7144125081,-66.2855874919,96.2855874919,150,150,0,37.5,703.714412509,-66.2855874911,258.785587491,7.59996510169e-10,0,NO,0.9,0,18,1,4.87591690154,0.838458765362,True,False,False,YES
1655,6,47,-1,1194,300,300,8.25366441859e-11,74.9999999999,200,200,0,50,67.537284676,67.537284676,-52.462715324,82.462715324,150,150,0,37.5,717.537284676,-52.4627153239,244.962715324,8.25366441859e-11,1.84172677109e-11,NO,0.9,0,18,1,4.83659842094,0.831134359092,True,False,False,YES
1666,2,16,-16,27,300,375,75,0,200,250,50,0,120,150,30,0,150,187.5,37.5,0,962.5,192.5,0,192.5,192.5,YES,0.906770737978,0.00677073797764,18,1,4.48967858026,0.770629578303,False,False,False,YES
1666,3,17,-15,37,300,375,75,0,200,250,50,0,120,150,30,0,150,187.5,37.5,0,962.5,192.5,0,192.5,192.5,YES,0.905827256184,0.00582725618405,18,1,4.49217065397,0.769664338432,False,False,False,YES
1666,3,18,-14,42,300,375,75,0,200,250,50,0,120,150,30,0,150,187.5,37.5,0,962.5,192.5,0,192.5,192.5,YES,0.906204660123,0.00620466012347,18,1,4.40367620854,0.751738087935,False,False,False,YES
1666,3,19,-13,50,300,375,75,0,200,250,50,0,120,150,30,0,150,187.5,37.5,0,962.5,192.5,0,192.5,192.5,YES,0.90062960229,0.000629602290455,18,1,4.58469331196,0.780577078231,False,False,False,YES
1666,3,20,-12,61,300,300.000000001,7.59996510169e-10,74.9999999992,200,200,0,50,53.7144125081,53.7144125081,-66.2855874919,96.2855874919,150,150,0,37.5,703.714412509,-66.2855874911,258.785587491,7.59996510169e-10,0,NO,0.9,0,18,1,4.87591690154,0.838458765362,True,False,False,YES
1666,3,21,-11,78,300,300.000000001,9.56788426265e-10,74.999999999,200,200,0,50,25.4407801931,25.4407801931,-94.5592198069,124.559219807,150,150,0,37.5,675.440780194,-94.5592198059,287.059219806,9.56788426265e-10,1.1823431123e-11,NO,0.9,0,18,1,4.95640698938,0.853440280585,True,False,False,YES
1666,3,22,-10,92,300,300.000000001,7.59996510169e-10,74.9999999992,200,200,0,50,53.7144125081,53.7144125081,-66.2855874919,96.2855874919,150,150,0,37.5,703.714412509,-66.2855874911,258.785587491,7.59996510169e-10,0,NO,0.9,0,18,1,4.87591690154,0.838458765362,True,False,False,YES
1666,3,23,-9,115,300,300,8.25366441859e-11,74.9999999999,200,200,0,50,67.537284676,67.537284676,-52.462715324,82.462715324,150,150,0,37.5,717.537284676,-52.4627153239,244.962715324,8.25366441859e-11,0,NO,0.9,0,18,1,4.83659842094,0.831134359092,True,False,False,YES
1666,3,24,-8,126,300,375,75,0,200,234.805942445,34.8059424453,15.1940575547,120,120,0,30,150,187.5,37.5,0,917.305942445,147.305942445,45.1940575547,147.305942445,147.305942445,NO,0.9,0,18,1,4.68729869328,0.798787162791,True,False,False,YES
1666,4,25,-7,143,300,375,75,0,200,250,50,0,120,150,30,0,150,187.5,37.5,0,962.5,192.5,0,192.5,192.5,YES,0.906307965521,0.00630796552101,18,1,4.26990737353,0.723590287697,False,False,False,YES
1666,4,26,-6,246,300,375,75,0,200,250,50,0,120,150,30,0,150,187.5,37.5,0,962.5,192.5,0,192.5,192.5,YES,0.910317139797,0.0103171397966,18,1,4.07377998465,0.68889233879,False,False,False,YES
1666,4,27,-5,314,300,375,75,0,200,250,50,0,120,150,30,0,150,187.5,37.5,0,962.5,192.5,0,192.5,192.5,YES,0.91162585187,0.0116258518703,18,1,4.0096020615,0.677532754217,False,False,False,YES
1666,4,28,-4,389,300,375,75,0,200,250,50,0,120,150,30,0,150,187.5,37.5,0,962.5,192.5,0,192.5,192.5,YES,0.912956415176,0.0129564151764,18,1,3.94427518518,0.665966771248,False,False,False,YES
1666,4,29,-3,465,300,375,75,0,200,250,50,0,120,150,30,0,150,187.5,37.5,0,962.5,192.5,0,192.5,192.5,YES,0.913763305626,0.0137633056263,18,1,3.90462154628,0.658944622108,False,False,False,YES
1666,4,30,-2,511,300,375,75,0,200,250,50,0,120,150,30,0,150,187.5,37.5,0,962.5,192.5,0,192.5,192.5,YES,0.915611741099,0.0156117410993,18,1,3.81367682194,0.64283480531,False,False,False,YES
1666,4,31,-1,551,300,375,75,0,200,250,50,0,120,150,30,0,150,187.5,37.5,0,962.5,192.5,0,192.5,192.5,YES,0.916936520514,0.016936520514,18,1,3.74840726484,0.631268822341,False,False,False,YES
2000,2,16,-16,26,0,375,75,0,0,250,50,0,0,150,30,0,0,187.5,37.5,0,962.5,192.5,0,962.5,962.5,YES,0.906770737978,0.00677073797764,18,1,4.48967858026,0.770629578303,False,False,False,YES
2000,3,17,-15,28,0,375,75,0,0,250,50,0,0,150,30,0,0,187.5,37.5,0,962.5,192.5,0,962.5,962.5,YES,0.905827256184,0.00582725618405,18,1,4.49217065397,0.769664338432,False,False,False,YES
2000,3,18,-14,38,0,375,75,0,0,250,50,0,0,150,30,0,0,187.5,37.5,0,962.5,192.5,0,962.5,962.5,YES,0.906204660123,0.00620466012347,18,1,4.40367620854,0.751738087935,False,False,False,YES
2000,3,19,-13,43,0,375,75,0,0,250,50,0,0,150,30,0,0,187.5,37.5,0,962.5,192.5,0,962.5,962.5,YES,0.90062960229,0.000629602290455,18,1,4.58469331196,0.780577078231,False,False,False,YES
2000,3,20,-12,51,0,375,75,0,0,250,50,0,0,7.63448068913,-112.365519311,142.365519311,0,187.5,37.5,0,820.134480689,50.1344806891,142.365519311,820.134480689,820.134480689,NO,0.9,0,18,1,4.9795600019,0.853309442458,True,False,False,YES
2000,3,21,-11,65,0,375,75,0,0,220.359814298,20.3598142978,29.6401857022,0,0,-120,150,0,187.5,37.5,0,782.859814298,12.8598142978,179.640185702,782.859814298,782.859814298,NO,0.9,0,18,1,5.05180590572,0.867142775475,True,False,False,YES
2000,3,22,-10,80,0,375,75,0,0,250,50,0,0,7.63448068913,-112.365519311,142.365519311,0,187.5,37.5,0,820.134480689,50.1344806891,142.365519311,820.134480689,820.134480689,NO,0.9,0,18,1,4.9795600019,0.853309442458,True,False,False,YES
2000,3,23,-9,105,300,375,75,0,0,250,50,0,0,21.457352857,-98.542647143,128.542647143,150,187.5,37.5,0,833.957352857,63.957352857,128.542647143,383.957352857,383.957352857,NO,0.9,0,18,1,4.94035524164,0.845985036188,True,False,False,YES
2000,3,24,-8,125,300,375,75,0,0,234.805942445,34.8059424453,15.1940575547,120,120,0,30,150,187.5,37.5,0,917.305942445,147.305942445,45.1940575547,347.305942445,347.305942445,NO,0.9,0,18,1,4.68729869328,0.798787162791,True,False,False,YES
2000,4,25,-7,143,300,375,75,0,200,250,50,0,120,150,30,0,150,187.5,37.5,0,962.5,192.5,0,192.5,192.5,YES,0.906307965521,0.00630796552101,18,1,4.26990737353,0.723590287697,False,False,False,YES
2000,4,26,-6,246,300,375,75,0,200,250,50,0,120,150,30,0,150,187.5,37.5,0,962.5,192.5,0,192.5,192.5,YES,0.910317139797,0.0103171397966,18,1,4.07377998465,0.68889233879,False,False,False,YES
2000,4,27,-5,314,300,375,75,0,200,250,50,0,120,150,30,0,150,187.5,37.5,0,962.5,192.5,0,192.5,192.5,YES,0.91162585187,0.0116258518703,18,1,4.0096020615,0.677532754217,False,False,False,YES
2000,4,28,-4,389,300,375,75,0,200,250,50,0,120,150,30,0,150,187.5,37.5,0,962.5,192.5,0,192.5,192.5,YES,0.912956415176,0.0129564151764,18,1,3.94427518518,0.665966771248,False,False,False,YES
2000,4,29,-3,465,300,375,75,0,200,250,50,0,120,150,30,0,150,187.5,37.5,0,962.5,192.5,0,192.5,192.5,YES,0.913763305626,0.0137633056263,18,1,3.90462154628,0.658944622108,False,False,False,YES
2000,4,30,-2,511,300,375,75,0,200,250,50,0,120,150,30,0,150,187.5,37.5,0,962.5,192.5,0,192.5,192.5,YES,0.915611741099,0.0156117410993,18,1,3.81367682194,0.64283480531,False,False,False,YES
2000,4,31,-1,551,300,375,75,0,200,250,50,0,120,150,30,0,150,187.5,37.5,0,962.5,192.5,0,192.5,192.5,YES,0.916936520514,0.016936520514,18,1,3.74840726484,0.631268822341,False,False,False,YES
2052,2,16,-16,27,300,375,75,0,200,250,50,0,120,150,30,0,150,187.5,37.5,0,962.5,192.5,0,192.5,192.5,YES,0.906770737978,0.00677073797764,18,1,4.48967858026,0.770629578303,False,False,False,YES
2052,3,17,-15,37,300,375,75,0,200,250,50,0,120,150,30,0,150,187.5,37.5,0,962.5,192.5,0,192.5,192.5,YES,0.905827256184,0.00582725618405,18,1,4.49217065397,0.769664338432,False,False,False,YES
2052,3,18,-14,42,300,375,75,0,200,250,50,0,120,150,30,0,150,187.5,37.5,0,962.5,192.5,0,192.5,192.5,YES,0.906204660123,0.00620466012347,18,1,4.40367620854,0.751738087935,False,False,False,YES
2052,3,19,-13,50,300,375,75,0,200,250,50,0,120,150,30,0,150,187.5,37.5,0,962.5,192.5,0,192.5,192.5,YES,0.90062960229,0.000629602290455,18,1,4.58469331196,0.780577078231,False,False,False,YES
2052,3,20,-12,63,300,300.000000001,7.59996510169e-10,74.9999999992,200,200,0,50,53.7144125081,53.7144125081,-66.2855874919,96.2855874919,150,150,0,37.5,703.714412509,-66.2855874911,258.785587491,7.59996510169e-10,0,NO,0.9,0,18,1,4.87591690154,0.838458765362,True,False,False,YES
2052,3,21,-11,79,300,300.000000001,9.56788426265e-10,74.999999999,200,200,0,50,25.4407801931,25.4407801931,-94.5592198069,124.559219807,150,150,0,37.5,675.440780194,-94.5592198059,287.059219806,9.56788426265e-10,0,NO,0.9,0,18,1,4.95640698938,0.853440280585,True,False,False,YES
2052,3,22,-10,93,300,300.000000001,7.59996510169e-10,74.9999999992,200,200,0,50,53.7144125081,53.7144125081,-66.2855874919,96.2855874919,150,150,0,37.5,703.714412509,-66.2855874911,258.785587491,7.59996510169e-10,0,NO,0.9,0,18,1,4.87591690154,0.838458765362,True,False,False,YES
2052,3,23,-9,110,300,300,8.25366441859e-11,74.9999999999,200,200,0,50,67.537284676,67.537284676,-52.462715324,82.462715324,150,150,0,37.5,717.537284676,-52.4627153239,244.962715324,8.25366441859e-11,3.47881723428e-11,NO,0.9,0,18,1,4.83659842094,0.831134359092,True,False,False,YES
2052,3,24,-8,126,300,375,75,0,200,234.805942445,34.8059424453,15.1940575547,120,120,0,30,150,187.5,37.5,0,917.305942445,147.305942445,45.1940575547,147.305942445,147.305942445,NO,0.9,0,18,1,4.68729869328,0.798787162791,True,False,False,YES
2052,4,25,-7,143,300,375,75,0,200,250,50,0,120,150,30,0,150,187.5,37.5,0,962.5,192.5,0,192.5,192.5,YES,0.906307965521,0.00630796552101,18,1,4.26990737353,0.723590287697,False,False,False,YES
2052,4,26,-6,246,300,375,75,0,200,250,50,0,120,150,30,0,150,187.5,37.5,0,962.5,192.5,0,192.5,192.5,YES,0.910317139797,0.0103171397966,18,1,4.07377998465,0.68889233879,False,False,False,YES
2052,4,27,-5,314,300,375,75,0,200,250,50,0,120,150,30,0,150,187.5,37.5,0,962.5,192.5,0,192.5,192.5,YES,0.91162585187,0.0116258518703,18,1,4.0096020615,0.677532754217,False,False,False,YES
2052,4,28,-4,389,300,375,75,0,200,250,50,0,120,150,30,0,150,187.5,37.5,0,962.5,192.5,0,192.5,192.5,YES,0.912956415176,0.0129564151764,18,1,3.94427518518,0.665966771248,False,False,False,YES
2052,4,29,-3,465,300,375,75,0,200,250,50,0,120,150,30,0,150,187.5,37.5,0,962.5,192.5,0,192.5,192.5,YES,0.913763305626,0.0137633056263,18,1,3.90462154628,0.658944622108,False,False,False,YES
2052,4,30,-2,511,300,375,75,0,200,250,50,0,120,150,30,0,150,187.5,37.5,0,962.5,192.5,0,192.5,192.5,YES,0.915611741099,0.0156117410993,18,1,3.81367682194,0.64283480531,False,False,False,YES
2052,4,31,-1,551,300,375,75,0,200,250,50,0,120,150,30,0,150,187.5,37.5,0,962.5,192.5,0,192.5,192.5,YES,0.916936520514,0.016936520514,18,1,3.74840726484,0.631268822341,False,False,False,YES
2103,2,16,-16,27,300,375,75,0,200,250,50,0,120,150,30,0,150,187.5,37.5,0,962.5,192.5,0,192.5,192.5,YES,0.906770737978,0.00677073797764,18,1,4.48967858026,0.770629578303,False,False,False,YES
2103,3,17,-15,37,300,375,75,0,200,250,50,0,120,150,30,0,150,187.5,37.5,0,962.5,192.5,0,192.5,192.5,YES,0.905827256184,0.00582725618405,18,1,4.49217065397,0.769664338432,False,False,False,YES
2103,3,18,-14,42,300,375,75,0,200,250,50,0,120,150,30,0,150,187.5,37.5,0,962.5,192.5,0,192.5,192.5,YES,0.906204660123,0.00620466012347,18,1,4.40367620854,0.751738087935,False,False,False,YES
2103,3,19,-13,50,300,375,75,0,200,250,50,0,120,150,30,0,150,187.5,37.5,0,962.5,192.5,0,192.5,192.5,YES,0.90062960229,0.000629602290455,18,1,4.58469331196,0.780577078231,False,False,False,YES
2103,3,20,-12,62,300,300.000000001,7.59996510169e-10,74.9999999992,200,200,0,50,53.7144125081,53.7144125081,-66.2855874919,96.2855874919,150,150,0,37.5,703.714412509,-66.2855874911,258.785587491,7.59996510169e-10,0,NO,0.9,0,18,1,4.87591690154,0.838458765362,True,False,False,YES
2103,3,21,-11,79,300,300.000000001,9.56788426265e-10,74.999999999,200,200,0,50,25.4407801931,25.4407801931,-94.5592198069,124.559219807,150,150,0,37.5,675.440780194,-94.5592198059,287.059219806,9.56788426265e-10,0,NO,0.9,0,18,1,4.95640698938,0.853440280585,True,False,False,YES
2103,3,22,-10,93,300,300.000000001,7.59996510169e-10,74.9999999992,200,200,0,50,53.7144125081,53.7144125081,-66.2855874919,96.2855874919,150,150,0,37.5,703.714412509,-66.2855874911,258.785587491,7.59996510169e-10,0,NO,0.9,0,18,1,4.87591690154,0.838458765362,True,False,False,YES
2103,3,23,-9,112,300,300,8.25366441859e-11,74.9999999999,200,200,0,50,67.537284676,67.537284676,-52.462715324,82.462715324,150,150,0,37.5,717.537284676,-52.4627153239,244.962715324,8.25366441859e-11,1.84172677109e-11,NO,0.9,0,18,1,4.83659842094,0.831134359092,True,False,False,YES
2103,3,24,-8,126,300,375,75,0,200,234.805942445,34.8059424453,15.1940575547,120,120,0,30,150,187.5,37.5,0,917.305942445,147.305942445,45.1940575547,147.305942445,147.305942445,NO,0.9,0,18,1,4.68729869328,0.798787162791,True,False,False,YES
2103,4,25,-7,143,300,375,75,0,200,250,50,0,120,150,30,0,150,187.5,37.5,0,962.5,192.5,0,192.5,192.5,YES,0.906307965521,0.00630796552101,18,1,4.26990737353,0.723590287697,False,False,False,YES
2103,4,26,-6,246,300,375,75,0,200,250,50,0,120,150,30,0,150,187.5,37.5,0,962.5,192.5,0,192.5,192.5,YES,0.910317139797,0.0103171397966,18,1,4.07377998465,0.68889233879,False,False,False,YES
2103,4,27,-5,314,300,375,75,0,200,250,50,0,120,150,30,0,150,187.5,37.5,0,962.5,192.5,0,192.5,192.5,YES,0.91162585187,0.0116258518703,18,1,4.0096020615,0.677532754217,False,False,False,YES
2103,4,28,-4,389,300,375,75,0,200,250,50,0,120,150,30,0,150,187.5,37.5,0,962.5,192.5,0,192.5,192.5,YES,0.912956415176,0.0129564151764,18,1,3.94427518518,0.665966771248,False,False,False,YES
2103,4,29,-3,465,300,375,75,0,200,250,50,0,120,150,30,0,150,187.5,37.5,0,962.5,192.5,0,192.5,192.5,YES,0.913763305626,0.0137633056263,18,1,3.90462154628,0.658944622108,False,False,False,YES
2103,4,30,-2,511,300,375,75,0,200,250,50,0,120,150,30,0,150,187.5,37.5,0,962.5,192.5,0,192.5,192.5,YES,0.915611741099,0.0156117410993,18,1,3.81367682194,0.64283480531,False,False,False,YES
2103,4,31,-1,551,300,375,75,0,200,250,50,0,120,150,30,0,150,187.5,37.5,0,962.5,192.5,0,192.5,192.5,YES,0.916936520514,0.016936520514,18,1,3.74840726484,0.631268822341,False,False,False,YES
2268,3,24,-16,126,300,375,75,0,200,234.805942445,34.8059424453,15.1940575547,120,120,0,30,150,187.5,37.5,0,917.305942445,147.305942445,45.1940575547,147.305942445,147.305942445,NO,0.9,0,18,1,4.68729869328,0.798787162791,True,False,False,YES
2268,4,25,-15,140,300,375,75,0,0,250,50,0,120,150,30,0,150,187.5,37.5,0,962.5,192.5,0,392.5,392.5,YES,0.906307965521,0.00630796552101,18,1,4.26990737353,0.723590287697,False,False,False,YES
2268,4,26,-14,224,300,375,75,0,104.329349622,250,50,0,120,150,30,0,150,187.5,37.5,0,962.5,192.5,0,288.170650378,288.170650378,YES,0.910317139797,0.0103171397966,18,1,4.07377998465,0.68889233879,False,False,False,YES
2268,4,27,-13,299,300,375,75,0,0,250,50,0,120,150,30,0,150,187.5,37.5,0,962.5,192.5,0,392.5,392.5,YES,0.91162585187,0.0116258518703,18,1,4.0096020615,0.677532754217,False,False,False,YES
2268,4,28,-12,389,300,375,75,0,200,250,50,0,120,150,30,0,150,187.5,37.5,0,962.5,192.5,0,192.5,192.5,YES,0.912956415176,0.0129564151764,18,1,3.94427518518,0.665966771248,False,False,False,YES
2268,4,29,-11,457,300,375,75,0,0,250,50,0,120,150,30,0,150,187.5,37.5,0,962.5,192.5,0,392.5,392.5,YES,0.913763305626,0.0137633056263,18,1,3.90462154628,0.658944622108,False,False,False,YES
2268,4,30,-10,496,300,375,75,0,0,250,50,0,0,150,30,0,150,187.5,37.5,0,962.5,192.5,0,512.5,512.5,YES,0.915611741099,0.0156117410993,18,1,3.81367682194,0.64283480531,False,False,False,YES
2268,4,31,-9,518,0,375,75,0,0,250,50,0,0,150,30,0,150,187.5,37.5,0,962.5,192.5,0,812.5,812.5,YES,0.916936520514,0.016936520514,18,1,3.74840726484,0.631268822341,False,False,False,YES
2268,4,32,-8,552,0,375,75,0,0,250,50,0,0,150,30,0,0,187.5,37.5,0,962.5,192.5,0,962.5,962.5,YES,0.912956415176,0.0129564151764,18,1,3.94427518518,0.665966771248,False,False,False,YES
2268,5,33,-7,661,300,375,75,0,200,250,50,0,120,150,30,0,150,187.5,37.5,0,962.5,192.5,0,192.5,192.5,YES,0.905147816508,0.00514781650761,18,1,4.33731796782,0.735900617368,False,False,False,YES
2268,5,34,-6,728,300,375,75,0,200,250,50,0,120,150,30,0,150,187.5,37.5,0,962.5,192.5,0,192.5,192.5,YES,0.905985046681,0.00598504668058,18,1,4.31685826166,0.733016204777,False,False,False,YES
2268,5,35,-5,761,300,375,75,0,200,250,50,0,120,150,30,0,150,187.5,37.5,0,962.5,192.5,0,192.5,192.5,YES,0.903758302629,0.00375830262928,18,1,4.46304954338,0.760160797207,False,False,False,YES
2268,5,36,-4,785,300,375,75,0,200,250,50,0,120,150,30,0,150,187.5,37.5,0,962.5,192.5,0,192.5,192.5,YES,0.903429562652,0.00342956265178,18,1,4.53701235439,0.775186711657,False,False,False,YES
2268,5,37,-3,812,300,375,75,0,200,250,50,0,120,150,30,0,150,187.5,37.5,0,962.5,192.5,0,192.5,192.5,YES,0.903431149173,0.00343114917345,18,1,4.57013118946,0.78212916442,False,False,False,YES
2268,5,38,-2,840,300,375,75,0,200,250,50,0,120,150,30,0,150,187.5,37.5,0,962.5,192.5,0,192.5,192.5,YES,0.904429960005,0.00442996000472,18,1,4.60623870669,0.791225320635,False,False,False,YES
2268,5,39,-1,883,300,375,75,0,200,250,50,0,120,150,30,0,150,187.5,37.5,0,962.5,192.5,0,192.5,192.5,YES,0.90834218967,0.00834218966972,18,1,4.45184773487,0.765203739525,False,False,False,YES
2316,3,24,-16,126,300,375,75,0,200,234.805942445,34.8059424453,15.1940575547,120,120,0,30,150,187.5,37.5,0,917.305942445,147.305942445,45.1940575547,147.305942445,147.305942445,NO,0.9,0,18,1,4.68729869328,0.798787162791,True,False,False,YES
2316,4,25,-15,143,300,375,75,0,200,250,50,0,120,150,30,0,150,187.5,37.5,0,962.5,192.5,0,192.5,192.5,YES,0.906307965521,0.00630796552101,18,1,4.26990737353,0.723590287697,False,False,False,YES
2316,4,26,-14,246,300,375,75,0,200,250,50,0,120,150,30,0,150,187.5,37.5,0,962.5,192.5,0,192.5,192.5,YES,0.910317139797,0.0103171397966,18,1,4.07377998465,0.68889233879,False,False,False,YES
2316,4,27,-13,314,300,375,75,0,200,250,50,0,120,150,30,0,150,187.5,37.5,0,962.5,192.5,0,192.5,192.5,YES,0.91162585187,0.0116258518703,18,1,4.0096020615,0.677532754217,False,False,False,YES
2316,4,28,-12,389,300,375,75,0,200,250,50,0,120,150,30,0,150,187.5,37.5,0,962.5,192.5,0,192.5,192.5,YES,0.912956415176,0.0129564151764,18,1,3.94427518518,0.665966771248,False,False,False,YES
2316,4,29,-11,465,300,375,75,0,200,250,50,0,120,150,30,0,150,187.5,37.5,0,962.5,192.5,0,192.5,192.5,YES,0.913763305626,0.0137633056263,18,1,3.90462154628,0.658944622108,False,False,False,YES
2316,4,30,-10,511,300,375,75,0,200,250,50,0,120,150,30,0,150,187.5,37.5,0,962.5,192.5,0,192.5,192.5,YES,0.915611741099,0.0156117410993,18,1,3.81367682194,0.64283480531,False,False,False,YES
2316,4,31,-9,551,300,375,75,0,200,250,50,0,120,150,30,0,150,187.5,37.5,0,962.5,192.5,0,192.5,192.5,YES,0.916936520514,0.016936520514,18,1,3.74840726484,0.631268822341,False,False,False,YES
2316,4,32,-8,570,300,375,75,0,200,250,50,0,120,150,30,0,150,187.5,37.5,0,962.5,192.5,0,192.5,192.5,YES,0.912956415176,0.0129564151764,18,1,3.94427518518,0.665966771248,False,False,False,YES
2316,5,33,-7,661,300,375,75,0,200,250,50,0,120,150,30,0,150,187.5,37.5,0,962.5,192.5,0,192.5,192.5,YES,0.905147816508,0.00514781650761,18,1,4.33731796782,0.735900617368,False,False,False,YES
2316,5,34,-6,728,300,375,75,0,200,250,50,0,120,150,30,0,150,187.5,37.5,0,962.5,192.5,0,192.5,192.5,YES,0.905985046681,0.00598504668058,18,1,4.31685826166,0.733016204777,False,False,False,YES
2316,5,35,-5,761,300,375,75,0,200,250,50,0,120,150,30,0,150,187.5,37.5,0,962.5,192.5,0,192.5,192.5,YES,0.903758302629,0.00375830262928,18,1,4.46304954338,0.760160797207,False,False,False,YES
2316,5,36,-4,785,300,375,75,0,200,250,50,0,120,150,30,0,150,187.5,37.5,0,962.5,192.5,0,192.5,192.5,YES,0.903429562652,0.00342956265178,18,1,4.53701235439,0.775186711657,False,False,False,YES
2316,5,37,-3,812,300,375,75,0,200,250,50,0,120,150,30,0,150,187.5,37.5,0,962.5,192.5,0,192.5,192.5,YES,0.903431149173,0.00343114917345,18,1,4.57013118946,0.78212916442,False,False,False,YES
2316,5,38,-2,840,300,375,75,0,200,250,50,0,120,150,30,0,150,187.5,37.5,0,962.5,192.5,0,192.5,192.5,YES,0.904429960005,0.00442996000472,18,1,4.60623870669,0.791225320635,False,False,False,YES
2316,5,39,-1,883,300,375,75,0,200,250,50,0,120,150,30,0,150,187.5,37.5,0,962.5,192.5,0,192.5,192.5,YES,0.90834218967,0.00834218966972,18,1,4.45184773487,0.765203739525,False,False,False,YES
2414,2,16,-16,26,0,375,75,0,0,250,50,0,0,150,30,0,0,187.5,37.5,0,962.5,192.5,0,962.5,962.5,YES,0.906770737978,0.00677073797764,18,1,4.48967858026,0.770629578303,False,False,False,YES
2414,3,17,-15,37,300,375,75,0,200,250,50,0,120,150,30,0,150,187.5,37.5,0,962.5,192.5,0,192.5,192.5,YES,0.905827256184,0.00582725618405,18,1,4.49217065397,0.769664338432,False,False,False,YES
2414,3,18,-14,42,300,375,75,0,200,250,50,0,120,150,30,0,150,187.5,37.5,0,962.5,192.5,0,192.5,192.5,YES,0.906204660123,0.00620466012347,18,1,4.40367620854,0.751738087935,False,False,False,YES
2414,3,19,-13,50,300,375,75,0,200,250,50,0,120,150,30,0,150,187.5,37.5,0,962.5,192.5,0,192.5,192.5,YES,0.90062960229,0.000629602290455,18,1,4.58469331196,0.780577078231,False,False,False,YES
2414,3,20,-12,62,300,300.000000001,7.59996510169e-10,74.9999999992,200,200,0,50,53.7144125081,53.7144125081,-66.2855874919,96.2855874919,150,150,0,37.5,703.714412509,-66.2855874911,258.785587491,7.59996510169e-10,0,NO,0.9,0,18,1,4.87591690154,0.838458765362,True,False,False,YES
2414,3,21,-11,79,300,300.000000001,9.56788426265e-10,74.999999999,200,200,0,50,25.4407801931,25.4407801931,-94.5592198069,124.559219807,150,150,0,37.5,675.440780194,-94.5592198059,287.059219806,9.56788426265e-10,0,NO,0.9,0,18,1,4.95640698938,0.853440280585,True,False,False,YES
2414,3,22,-10,93,300,300.000000001,7.59996510169e-10,74.9999999992,200,200,0,50,53.7144125081,53.7144125081,-66.2855874919,96.2855874919,150,150,0,37.5,703.714412509,-66.2855874911,258.785587491,7.59996510169e-10,0,NO,0.9,0,18,1,4.87591690154,0.838458765362,True,False,False,YES
2414,3,23,-9,112,300,300,8.25366441859e-11,74.9999999999,200,200,0,50,67.537284676,67.537284676,-52.462715324,82.462715324,150,150,0,37.5,717.537284676,-52.4627153239,244.962715324,8.25366441859e-11,1.84172677109e-11,NO,0.9,0,18,1,4.83659842094,0.831134359092,True,False,False,YES
2414,3,24,-8,126,300,375,75,0,200,234.805942445,34.8059424453,15.1940575547,120,120,0,30,150,187.5,37.5,0,917.305942445,147.305942445,45.1940575547,147.305942445,147.305942445,NO,0.9,0,18,1,4.68729869328,0.798787162791,True,False,False,YES
2414,4,25,-7,143,300,375,75,0,200,250,50,0,120,150,30,0,150,187.5,37.5,0,962.5,192.5,0,192.5,192.5,YES,0.906307965521,0.00630796552101,18,1,4.26990737353,0.723590287697,False,False,False,YES
2414,4,26,-6,246,300,375,75,0,200,250,50,0,120,150,30,0,150,187.5,37.5,0,962.5,192.5,0,192.5,192.5,YES,0.910317139797,0.0103171397966,18,1,4.07377998465,0.68889233879,False,False,False,YES
2414,4,27,-5,314,300,375,75,0,200,250,50,0,120,150,30,0,150,187.5,37.5,0,962.5,192.5,0,192.5,192.5,YES,0.91162585187,0.0116258518703,18,1,4.0096020615,0.677532754217,False,False,False,YES
2414,4,28,-4,389,300,375,75,0,200,250,50,0,120,150,30,0,150,187.5,37.5,0,962.5,192.5,0,192.5,192.5,YES,0.912956415176,0.0129564151764,18,1,3.94427518518,0.665966771248,False,False,False,YES
2414,4,29,-3,465,300,375,75,0,200,250,50,0,120,150,30,0,150,187.5,37.5,0,962.5,192.5,0,192.5,192.5,YES,0.913763305626,0.0137633056263,18,1,3.90462154628,0.658944622108,False,False,False,YES
2414,4,30,-2,511,300,375,75,0,200,250,50,0,120,150,30,0,150,187.5,37.5,0,962.5,192.5,0,192.5,192.5,YES,0.915611741099,0.0156117410993,18,1,3.81367682194,0.64283480531,False,False,False,YES
2414,4,31,-1,551,300,375,75,0,200,250,50,0,120,150,30,0,150,187.5,37.5,0,962.5,192.5,0,192.5,192.5,YES,0.916936520514,0.016936520514,18,1,3.74840726484,0.631268822341,False,False,False,YES
2419,2,16,-16,26,0,375,75,0,0,250,50,0,0,150,30,0,0,187.5,37.5,0,962.5,192.5,0,962.5,962.5,YES,0.906770737978,0.00677073797764,18,1,4.48967858026,0.770629578303,False,False,False,YES
2419,3,17,-15,37,300,375,75,0,200,250,50,0,120,150,30,0,150,187.5,37.5,0,962.5,192.5,0,192.5,192.5,YES,0.905827256184,0.00582725618405,18,1,4.49217065397,0.769664338432,False,False,False,YES
2419,3,18,-14,42,300,375,75,0,200,250,50,0,120,150,30,0,150,187.5,37.5,0,962.5,192.5,0,192.5,192.5,YES,0.906204660123,0.00620466012347,18,1,4.40367620854,0.751738087935,False,False,False,YES
2419,3,19,-13,50,300,375,75,0,200,250,50,0,120,150,30,0,150,187.5,37.5,0,962.5,192.5,0,192.5,192.5,YES,0.90062960229,0.000629602290455,18,1,4.58469331196,0.780577078231,False,False,False,YES
2419,3,20,-12,61,300,300.000000001,7.59996510169e-10,74.9999999992,200,200,0,50,53.7144125081,53.7144125081,-66.2855874919,96.2855874919,150,150,0,37.5,703.714412509,-66.2855874911,258.785587491,7.59996510169e-10,0,NO,0.9,0,18,1,4.87591690154,0.838458765362,True,False,False,YES
2419,3,21,-11,78,300,300.000000001,9.56788426265e-10,74.999999999,200,200,0,50,25.4407801931,25.4407801931,-94.5592198069,124.559219807,150,150,0,37.5,675.440780194,-94.5592198059,287.059219806,9.56788426265e-10,1.1823431123e-11,NO,0.9,0,18,1,4.95640698938,0.853440280585,True,False,False,YES
2419,3,22,-10,92,300,300.000000001,7.59996510169e-10,74.9999999992,200,200,0,50,53.7144125081,53.7144125081,-66.2855874919,96.2855874919,150,150,0,37.5,703.714412509,-66.2855874911,258.785587491,7.59996510169e-10,0,NO,0.9,0,18,1,4.87591690154,0.838458765362,True,False,False,YES
2419,3,23,-9,115,300,300,8.25366441859e-11,74.9999999999,200,200,0,50,67.537284676,67.537284676,-52.462715324,82.462715324,150,150,0,37.5,717.537284676,-52.4627153239,244.962715324,8.25366441859e-11,0,NO,0.9,0,18,1,4.83659842094,0.831134359092,True,False,False,YES
2419,3,24,-8,126,300,375,75,0,200,234.805942445,34.8059424453,15.1940575547,120,120,0,30,150,187.5,37.5,0,917.305942445,147.305942445,45.1940575547,147.305942445,147.305942445,NO,0.9,0,18,1,4.68729869328,0.798787162791,True,False,False,YES
2419,4,25,-7,143,300,375,75,0,200,250,50,0,120,150,30,0,150,187.5,37.5,0,962.5,192.5,0,192.5,192.5,YES,0.906307965521,0.00630796552101,18,1,4.26990737353,0.723590287697,False,False,False,YES
2419,4,26,-6,246,300,375,75,0,200,250,50,0,120,150,30,0,150,187.5,37.5,0,962.5,192.5,0,192.5,192.5,YES,0.910317139797,0.0103171397966,18,1,4.07377998465,0.68889233879,False,False,False,YES
2419,4,27,-5,314,300,375,75,0,200,250,50,0,120,150,30,0,150,187.5,37.5,0,962.5,192.5,0,192.5,192.5,YES,0.91162585187,0.0116258518703,18,1,4.0096020615,0.677532754217,False,False,False,YES
2419,4,28,-4,389,300,375,75,0,200,250,50,0,120,150,30,0,150,187.5,37.5,0,962.5,192.5,0,192.5,192.5,YES,0.912956415176,0.0129564151764,18,1,3.94427518518,0.665966771248,False,False,False,YES
2419,4,29,-3,465,300,375,75,0,200,250,50,0,120,150,30,0,150,187.5,37.5,0,962.5,192.5,0,192.5,192.5,YES,0.913763305626,0.0137633056263,18,1,3.90462154628,0.658944622108,False,False,False,YES
2419,4,30,-2,511,300,375,75,0,200,250,50,0,120,150,30,0,150,187.5,37.5,0,962.5,192.5,0,192.5,192.5,YES,0.915611741099,0.0156117410993,18,1,3.81367682194,0.64283480531,False,False,False,YES
2419,4,31,-1,551,300,375,75,0,200,250,50,0,120,150,30,0,150,187.5,37.5,0,962.5,192.5,0,192.5,192.5,YES,0.916936520514,0.016936520514,18,1,3.74840726484,0.631268822341,False,False,False,YES
2420,3,24,-16,126,300,375,75,0,200,234.805942445,34.8059424453,15.1940575547,120,120,0,30,150,187.5,37.5,0,917.305942445,147.305942445,45.1940575547,147.305942445,147.305942445,NO,0.9,0,18,1,4.68729869328,0.798787162791,True,False,False,YES
2420,4,25,-15,143,300,375,75,0,200,250,50,0,120,150,30,0,150,187.5,37.5,0,962.5,192.5,0,192.5,192.5,YES,0.906307965521,0.00630796552101,18,1,4.26990737353,0.723590287697,False,False,False,YES
2420,4,26,-14,246,300,375,75,0,200,250,50,0,120,150,30,0,150,187.5,37.5,0,962.5,192.5,0,192.5,192.5,YES,0.910317139797,0.0103171397966,18,1,4.07377998465,0.68889233879,False,False,False,YES
2420,4,27,-13,314,300,375,75,0,200,250,50,0,120,150,30,0,150,187.5,37.5,0,962.5,192.5,0,192.5,192.5,YES,0.91162585187,0.0116258518703,18,1,4.0096020615,0.677532754217,False,False,False,YES
2420,4,28,-12,389,300,375,75,0,200,250,50,0,120,150,30,0,150,187.5,37.5,0,962.5,192.5,0,192.5,192.5,YES,0.912956415176,0.0129564151764,18,1,3.94427518518,0.665966771248,False,False,False,YES
2420,4,29,-11,465,300,375,75,0,200,250,50,0,120,150,30,0,150,187.5,37.5,0,962.5,192.5,0,192.5,192.5,YES,0.913763305626,0.0137633056263,18,1,3.90462154628,0.658944622108,False,False,False,YES
2420,4,30,-10,511,300,375,75,0,200,250,50,0,120,150,30,0,150,187.5,37.5,0,962.5,192.5,0,192.5,192.5,YES,0.915611741099,0.0156117410993,18,1,3.81367682194,0.64283480531,False,False,False,YES
2420,4,31,-9,551,300,375,75,0,200,250,50,0,120,150,30,0,150,187.5,37.5,0,962.5,192.5,0,192.5,192.5,YES,0.916936520514,0.016936520514,18,1,3.74840726484,0.631268822341,False,False,False,YES
2420,4,32,-8,570,300,375,75,0,200,250,50,0,120,150,30,0,150,187.5,37.5,0,962.5,192.5,0,192.5,192.5,YES,0.912956415176,0.0129564151764,18,1,3.94427518518,0.665966771248,False,False,False,YES
2420,5,33,-7,661,300,375,75,0,200,250,50,0,120,150,30,0,150,187.5,37.5,0,962.5,192.5,0,192.5,192.5,YES,0.905147816508,0.00514781650761,18,1,4.33731796782,0.735900617368,False,False,False,YES
2420,5,34,-6,728,300,375,75,0,200,250,50,0,120,150,30,0,150,187.5,37.5,0,962.5,192.5,0,192.5,192.5,YES,0.905985046681,0.00598504668058,18,1,4.31685826166,0.733016204777,False,False,False,YES
2420,5,35,-5,761,300,375,75,0,200,250,50,0,120,150,30,0,150,187.5,37.5,0,962.5,192.5,0,192.5,192.5,YES,0.903758302629,0.00375830262928,18,1,4.46304954338,0.760160797207,False,False,False,YES
2420,5,36,-4,785,300,375,75,0,200,250,50,0,120,150,30,0,150,187.5,37.5,0,962.5,192.5,0,192.5,192.5,YES,0.903429562652,0.00342956265178,18,1,4.53701235439,0.775186711657,False,False,False,YES
2420,5,37,-3,812,300,375,75,0,200,250,50,0,120,150,30,0,150,187.5,37.5,0,962.5,192.5,0,192.5,192.5,YES,0.903431149173,0.00343114917345,18,1,4.57013118946,0.78212916442,False,False,False,YES
2420,5,38,-2,840,300,375,75,0,200,250,50,0,120,150,30,0,150,187.5,37.5,0,962.5,192.5,0,192.5,192.5,YES,0.904429960005,0.00442996000472,18,1,4.60623870669,0.791225320635,False,False,False,YES
2420,5,39,-1,883,300,375,75,0,200,250,50,0,120,150,30,0,150,187.5,37.5,0,962.5,192.5,0,192.5,192.5,YES,0.90834218967,0.00834218966972,18,1,4.45184773487,0.765203739525,False,False,False,YES
2435,2,16,-16,27,300,375,75,0,200,250,50,0,120,150,30,0,150,187.5,37.5,0,962.5,192.5,0,192.5,192.5,YES,0.906770737978,0.00677073797764,18,1,4.48967858026,0.770629578303,False,False,False,YES
2435,3,17,-15,37,300,375,75,0,200,250,50,0,120,150,30,0,150,187.5,37.5,0,962.5,192.5,0,192.5,192.5,YES,0.905827256184,0.00582725618405,18,1,4.49217065397,0.769664338432,False,False,False,YES
2435,3,18,-14,42,300,375,75,0,200,250,50,0,120,150,30,0,150,187.5,37.5,0,962.5,192.5,0,192.5,192.5,YES,0.906204660123,0.00620466012347,18,1,4.40367620854,0.751738087935,False,False,False,YES
2435,3,19,-13,50,300,375,75,0,200,250,50,0,120,150,30,0,150,187.5,37.5,0,962.5,192.5,0,192.5,192.5,YES,0.90062960229,0.000629602290455,18,1,4.58469331196,0.780577078231,False,False,False,YES
2435,3,20,-12,61,300,300.000000001,7.59996510169e-10,74.9999999992,200,200,0,50,53.7144125081,53.7144125081,-66.2855874919,96.2855874919,150,150,0,37.5,703.714412509,-66.2855874911,258.785587491,7.59996510169e-10,0,NO,0.9,0,18,1,4.87591690154,0.838458765362,True,False,False,YES
2435,3,21,-11,78,300,300.000000001,9.56788426265e-10,74.999999999,200,200,0,50,25.4407801931,25.4407801931,-94.5592198069,124.559219807,150,150,0,37.5,675.440780194,-94.5592198059,287.059219806,9.56788426265e-10,1.1823431123e-11,NO,0.9,0,18,1,4.95640698938,0.853440280585,True,False,False,YES
2435,3,22,-10,92,300,300.000000001,7.59996510169e-10,74.9999999992,200,200,0,50,53.7144125081,53.7144125081,-66.2855874919,96.2855874919,150,150,0,37.5,703.714412509,-66.2855874911,258.785587491,7.59996510169e-10,0,NO,0.9,0,18,1,4.87591690154,0.838458765362,True,False,False,YES
2435,3,23,-9,115,300,300,8.25366441859e-11,74.9999999999,200,200,0,50,67.537284676,67.537284676,-52.462715324,82.462715324,150,150,0,37.5,717.537284676,-52.4627153239,244.962715324,8.25366441859e-11,0,NO,0.9,0,18,1,4.83659842094,0.831134359092,True,False,False,YES
2435,3,24,-8,126,300,375,75,0,200,234.805942445,34.8059424453,15.1940575547,120,120,0,30,150,187.5,37.5,0,917.305942445,147.305942445,45.1940575547,147.305942445,147.305942445,NO,0.9,0,18,1,4.68729869328,0.798787162791,True,False,False,YES
2435,4,25,-7,143,300,375,75,0,200,250,50,0,120,150,30,0,150,187.5,37.5,0,962.5,192.5,0,192.5,192.5,YES,0.906307965521,0.00630796552101,18,1,4.26990737353,0.723590287697,False,False,False,YES
2435,4,26,-6,246,300,375,75,0,200,250,50,0,120,150,30,0,150,187.5,37.5,0,962.5,192.5,0,192.5,192.5,YES,0.910317139797,0.0103171397966,18,1,4.07377998465,0.68889233879,False,False,False,YES
2435,4,27,-5,314,300,375,75,0,200,250,50,0,120,150,30,0,150,187.5,37.5,0,962.5,192.5,0,192.5,192.5,YES,0.91162585187,0.0116258518703,18,1,4.0096020615,0.677532754217,False,False,False,YES
2435,4,28,-4,389,300,375,75,0,200,250,50,0,120,150,30,0,150,187.5,37.5,0,962.5,192.5,0,192.5,192.5,YES,0.912956415176,0.0129564151764,18,1,3.94427518518,0.665966771248,False,False,False,YES
2435,4,29,-3,465,300,375,75,0,200,250,50,0,120,150,30,0,150,187.5,37.5,0,962.5,192.5,0,192.5,192.5,YES,0.913763305626,0.0137633056263,18,1,3.90462154628,0.658944622108,False,False,False,YES
2435,4,30,-2,511,300,375,75,0,200,250,50,0,120,150,30,0,150,187.5,37.5,0,962.5,192.5,0,192.5,192.5,YES,0.915611741099,0.0156117410993,18,1,3.81367682194,0.64283480531,False,False,False,YES
2435,4,31,-1,551,300,375,75,0,200,250,50,0,120,150,30,0,150,187.5,37.5,0,962.5,192.5,0,192.5,192.5,YES,0.916936520514,0.016936520514,18,1,3.74840726484,0.631268822341,False,False,False,YES
2467,2,16,-16,27,300,375,75,0,200,250,50,0,120,150,30,0,150,187.5,37.5,0,962.5,192.5,0,192.5,192.5,YES,0.906770737978,0.00677073797764,18,1,4.48967858026,0.770629578303,False,False,False,YES
2467,3,17,-15,37,300,375,75,0,200,250,50,0,120,150,30,0,150,187.5,37.5,0,962.5,192.5,0,192.5,192.5,YES,0.905827256184,0.00582725618405,18,1,4.49217065397,0.769664338432,False,False,False,YES
2467,3,18,-14,41,300,375,75,0,200,250,50,0,0,150,30,0,150,187.5,37.5,0,962.5,192.5,0,312.5,312.5,YES,0.906204660123,0.00620466012347,18,1,4.40367620854,0.751738087935,False,False,False,YES
2467,3,19,-13,48,300,375,75,0,0,250,50,0,0,150,30,0,150,187.5,37.5,0,962.5,192.5,0,512.5,512.5,YES,0.90062960229,0.000629602290455,18,1,4.58469331196,0.780577078231,False,False,False,YES
2467,3,20,-12,56,300,375,75,0,0,250,50,0,0,7.63448068913,-112.365519311,142.365519311,150,187.5,37.5,0,820.134480689,50.1344806891,142.365519311,370.134480689,370.134480689,NO,0.9,0,18,1,4.9795600019,0.853309442458,True,False,False,YES
2467,3,21,-11,73,300,375,75,0,0,220.359814298,20.3598142978,29.6401857022,0,0,-120,150,150,187.5,37.5,0,782.859814298,12.8598142978,179.640185702,332.859814298,332.859814298,NO,0.9,0,18,1,5.05180590572,0.867142775475,True,False,False,YES
2467,3,22,-10,89,300,375,75,0,200,250,50,0,0,7.63448068913,-112.365519311,142.365519311,150,187.5,37.5,0,820.134480689,50.1344806891,142.365519311,170.134480689,170.134480689,NO,0.9,0,18,1,4.9795600019,0.853309442458,True,False,False,YES
2467,3,23,-9,115,300,300,8.25366441859e-11,74.9999999999,200,200,0,50,67.537284676,67.537284676,-52.462715324,82.462715324,150,150,0,37.5,717.537284676,-52.4627153239,244.962715324,8.25366441859e-11,0,NO,0.9,0,18,1,4.83659842094,0.831134359092,True,False,False,YES
2467,3,24,-8,126,300,375,75,0,200,234.805942445,34.8059424453,15.1940575547,120,120,0,30,150,187.5,37.5,0,917.305942445,147.305942445,45.1940575547,147.305942445,147.305942445,NO,0.9,0,18,1,4.68729869328,0.798787162791,True,False,False,YES
2467,4,25,-7,143,300,375,75,0,200,250,50,0,120,150,30,0,150,187.5,37.5,0,962.5,192.5,0,192.5,192.5,YES,0.906307965521,0.00630796552101,18,1,4.26990737353,0.723590287697,False,False,False,YES
2467,4,26,-6,246,300,375,75,0,200,250,50,0,120,150,30,0,150,187.5,37.5,0,962.5,192.5,0,192.5,192.5,YES,0.910317139797,0.0103171397966,18,1,4.07377998465,0.68889233879,False,False,False,YES
2467,4,27,-5,314,300,375,75,0,200,250,50,0,120,150,30,0,150,187.5,37.5,0,962.5,192.5,0,192.5,192.5,YES,0.91162585187,0.0116258518703,18,1,4.0096020615,0.677532754217,False,False,False,YES
2467,4,28,-4,389,300,375,75,0,200,250,50,0,120,150,30,0,150,187.5,37.5,0,962.5,192.5,0,192.5,192.5,YES,0.912956415176,0.0129564151764,18,1,3.94427518518,0.665966771248,False,False,False,YES
2467,4,29,-3,465,300,375,75,0,200,250,50,0,120,150,30,0,150,187.5,37.5,0,962.5,192.5,0,192.5,192.5,YES,0.913763305626,0.0137633056263,18,1,3.90462154628,0.658944622108,False,False,False,YES
2467,4,30,-2,511,300,375,75,0,200,250,50,0,120,150,30,0,150,187.5,37.5,0,962.5,192.5,0,192.5,192.5,YES,0.915611741099,0.0156117410993,18,1,3.81367682194,0.64283480531,False,False,False,YES
2467,4,31,-1,551,300,375,75,0,200,250,50,0,120,150,30,0,150,187.5,37.5,0,962.5,192.5,0,192.5,192.5,YES,0.916936520514,0.016936520514,18,1,3.74840726484,0.631268822341,False,False,False,YES
2501,3,24,-16,126,300,375,75,0,200,234.805942445,34.8059424453,15.1940575547,120,120,0,30,150,187.5,37.5,0,917.305942445,147.305942445,45.1940575547,147.305942445,147.305942445,NO,0.9,0,18,1,4.68729869328,0.798787162791,True,False,False,YES
2501,4,25,-15,143,300,375,75,0,200,250,50,0,120,150,30,0,150,187.5,37.5,0,962.5,192.5,0,192.5,192.5,YES,0.906307965521,0.00630796552101,18,1,4.26990737353,0.723590287697,False,False,False,YES
2501,4,26,-14,246,300,375,75,0,200,250,50,0,120,150,30,0,150,187.5,37.5,0,962.5,192.5,0,192.5,192.5,YES,0.910317139797,0.0103171397966,18,1,4.07377998465,0.68889233879,False,False,False,YES
2501,4,27,-13,314,300,375,75,0,200,250,50,0,120,150,30,0,150,187.5,37.5,0,962.5,192.5,0,192.5,192.5,YES,0.91162585187,0.0116258518703,18,1,4.0096020615,0.677532754217,False,False,False,YES
2501,4,28,-12,389,300,375,75,0,200,250,50,0,120,150,30,0,150,187.5,37.5,0,962.5,192.5,0,192.5,192.5,YES,0.912956415176,0.0129564151764,18,1,3.94427518518,0.665966771248,False,False,False,YES
2501,4,29,-11,465,300,375,75,0,200,250,50,0,120,150,30,0,150,187.5,37.5,0,962.5,192.5,0,192.5,192.5,YES,0.913763305626,0.0137633056263,18,1,3.90462154628,0.658944622108,False,False,False,YES
2501,4,30,-10,511,300,375,75,0,200,250,50,0,120,150,30,0,150,187.5,37.5,0,962.5,192.5,0,192.5,192.5,YES,0.915611741099,0.0156117410993,18,1,3.81367682194,0.64283480531,False,False,False,YES
2501,4,31,-9,551,300,375,75,0,200,250,50,0,120,150,30,0,150,187.5,37.5,0,962.5,192.5,0,192.5,192.5,YES,0.916936520514,0.016936520514,18,1,3.74840726484,0.631268822341,False,False,False,YES
2501,4,32,-8,570,300,375,75,0,200,250,50,0,120,150,30,0,150,187.5,37.5,0,962.5,192.5,0,192.5,192.5,YES,0.912956415176,0.0129564151764,18,1,3.94427518518,0.665966771248,False,False,False,YES
2501,5,33,-7,661,300,375,75,0,200,250,50,0,120,150,30,0,150,187.5,37.5,0,962.5,192.5,0,192.5,192.5,YES,0.905147816508,0.00514781650761,18,1,4.33731796782,0.735900617368,False,False,False,YES
2501,5,34,-6,728,300,375,75,0,200,250,50,0,120,150,30,0,150,187.5,37.5,0,962.5,192.5,0,192.5,192.5,YES,0.905985046681,0.00598504668058,18,1,4.31685826166,0.733016204777,False,False,False,YES
2501,5,35,-5,761,300,375,75,0,200,250,50,0,120,150,30,0,150,187.5,37.5,0,962.5,192.5,0,192.5,192.5,YES,0.903758302629,0.00375830262928,18,1,4.46304954338,0.760160797207,False,False,False,YES
2501,5,36,-4,785,300,375,75,0,200,250,50,0,120,150,30,0,150,187.5,37.5,0,962.5,192.5,0,192.5,192.5,YES,0.903429562652,0.00342956265178,18,1,4.53701235439,0.775186711657,False,False,False,YES
2501,5,37,-3,812,300,375,75,0,200,250,50,0,120,150,30,0,150,187.5,37.5,0,962.5,192.5,0,192.5,192.5,YES,0.903431149173,0.00343114917345,18,1,4.57013118946,0.78212916442,False,False,False,YES
2501,5,38,-2,840,300,375,75,0,200,250,50,0,120,150,30,0,150,187.5,37.5,0,962.5,192.5,0,192.5,192.5,YES,0.904429960005,0.00442996000472,18,1,4.60623870669,0.791225320635,False,False,False,YES
2501,5,39,-1,883,300,375,75,0,200,250,50,0,120,150,30,0,150,187.5,37.5,0,962.5,192.5,0,192.5,192.5,YES,0.90834218967,0.00834218966972,18,1,4.45184773487,0.765203739525,False,False,False,YES
2676,2,16,-16,26,0,375,75,0,0,250,50,0,0,150,30,0,0,187.5,37.5,0,962.5,192.5,0,962.5,962.5,YES,0.906770737978,0.00677073797764,18,1,4.48967858026,0.770629578303,False,False,False,YES
2676,3,17,-15,37,300,375,75,0,200,250,50,0,120,150,30,0,150,187.5,37.5,0,962.5,192.5,0,192.5,192.5,YES,0.905827256184,0.00582725618405,18,1,4.49217065397,0.769664338432,False,False,False,YES
2676,3,18,-14,42,300,375,75,0,200,250,50,0,120,150,30,0,150,187.5,37.5,0,962.5,192.5,0,192.5,192.5,YES,0.906204660123,0.00620466012347,18,1,4.40367620854,0.751738087935,False,False,False,YES
2676,3,19,-13,50,300,375,75,0,200,250,50,0,120,150,30,0,150,187.5,37.5,0,962.5,192.5,0,192.5,192.5,YES,0.90062960229,0.000629602290455,18,1,4.58469331196,0.780577078231,False,False,False,YES
2676,3,20,-12,62,300,300.000000001,7.59996510169e-10,74.9999999992,200,200,0,50,53.7144125081,53.7144125081,-66.2855874919,96.2855874919,150,150,0,37.5,703.714412509,-66.2855874911,258.785587491,7.59996510169e-10,0,NO,0.9,0,18,1,4.87591690154,0.838458765362,True,False,False,YES
2676,3,21,-11,79,300,300.000000001,9.56788426265e-10,74.999999999,200,200,0,50,25.4407801931,25.4407801931,-94.5592198069,124.559219807,150,150,0,37.5,675.440780194,-94.5592198059,287.059219806,9.56788426265e-10,0,NO,0.9,0,18,1,4.95640698938,0.853440280585,True,False,False,YES
2676,3,22,-10,93,300,300.000000001,7.59996510169e-10,74.9999999992,200,200,0,50,53.7144125081,53.7144125081,-66.2855874919,96.2855874919,150,150,0,37.5,703.714412509,-66.2855874911,258.785587491,7.59996510169e-10,0,NO,0.9,0,18,1,4.87591690154,0.838458765362,True,False,False,YES
2676,3,23,-9,110,300,300,8.25366441859e-11,74.9999999999,200,200,0,50,67.537284676,67.537284676,-52.462715324,82.462715324,150,150,0,37.5,717.537284676,-52.4627153239,244.962715324,8.25366441859e-11,3.47881723428e-11,NO,0.9,0,18,1,4.83659842094,0.831134359092,True,False,False,YES
2676,3,24,-8,126,300,375,75,0,200,234.805942445,34.8059424453,15.1940575547,120,120,0,30,150,187.5,37.5,0,917.305942445,147.305942445,45.1940575547,147.305942445,147.305942445,NO,0.9,0,18,1,4.68729869328,0.798787162791,True,False,False,YES
2676,4,25,-7,143,300,375,75,0,200,250,50,0,120,150,30,0,150,187.5,37.5,0,962.5,192.5,0,192.5,192.5,YES,0.906307965521,0.00630796552101,18,1,4.26990737353,0.723590287697,False,False,False,YES
2676,4,26,-6,246,300,375,75,0,200,250,50,0,120,150,30,0,150,187.5,37.5,0,962.5,192.5,0,192.5,192.5,YES,0.910317139797,0.0103171397966,18,1,4.07377998465,0.68889233879,False,False,False,YES
2676,4,27,-5,314,300,375,75,0,200,250,50,0,120,150,30,0,150,187.5,37.5,0,962.5,192.5,0,192.5,192.5,YES,0.91162585187,0.0116258518703,18,1,4.0096020615,0.677532754217,False,False,False,YES
2676,4,28,-4,389,300,375,75,0,200,250,50,0,120,150,30,0,150,187.5,37.5,0,962.5,192.5,0,192.5,192.5,YES,0.912956415176,0.0129564151764,18,1,3.94427518518,0.665966771248,False,False,False,YES
2676,4,29,-3,465,300,375,75,0,200,250,50,0,120,150,30,0,150,187.5,37.5,0,962.5,192.5,0,192.5,192.5,YES,0.913763305626,0.0137633056263,18,1,3.90462154628,0.658944622108,False,False,False,YES
2676,4,30,-2,511,300,375,75,0,200,250,50,0,120,150,30,0,150,187.5,37.5,0,962.5,192.5,0,192.5,192.5,YES,0.915611741099,0.0156117410993,18,1,3.81367682194,0.64283480531,False,False,False,YES
2676,4,31,-1,551,300,375,75,0,200,250,50,0,120,150,30,0,150,187.5,37.5,0,962.5,192.5,0,192.5,192.5,YES,0.916936520514,0.016936520514,18,1,3.74840726484,0.631268822341,False,False,False,YES
2829,3,24,-16,126,300,375,75,0,200,234.805942445,34.8059424453,15.1940575547,120,120,0,30,150,187.5,37.5,0,917.305942445,147.305942445,45.1940575547,147.305942445,147.305942445,NO,0.9,0,18,1,4.68729869328,0.798787162791,True,False,False,YES
2829,4,25,-15,143,300,375,75,0,200,250,50,0,120,150,30,0,150,187.5,37.5,0,962.5,192.5,0,192.5,192.5,YES,0.906307965521,0.00630796552101,18,1,4.26990737353,0.723590287697,False,False,False,YES
2829,4,26,-14,246,300,375,75,0,200,250,50,0,120,150,30,0,150,187.5,37.5,0,962.5,192.5,0,192.5,192.5,YES,0.910317139797,0.0103171397966,18,1,4.07377998465,0.68889233879,False,False,False,YES
2829,4,27,-13,314,300,375,75,0,200,250,50,0,120,150,30,0,150,187.5,37.5,0,962.5,192.5,0,192.5,192.5,YES,0.91162585187,0.0116258518703,18,1,4.0096020615,0.677532754217,False,False,False,YES
2829,4,28,-12,389,300,375,75,0,200,250,50,0,120,150,30,0,150,187.5,37.5,0,962.5,192.5,0,192.5,192.5,YES,0.912956415176,0.0129564151764,18,1,3.94427518518,0.665966771248,False,False,False,YES
2829,4,29,-11,465,300,375,75,0,200,250,50,0,120,150,30,0,150,187.5,37.5,0,962.5,192.5,0,192.5,192.5,YES,0.913763305626,0.0137633056263,18,1,3.90462154628,0.658944622108,False,False,False,YES
2829,4,30,-10,511,300,375,75,0,200,250,50,0,120,150,30,0,150,187.5,37.5,0,962.5,192.5,0,192.5,192.5,YES,0.915611741099,0.0156117410993,18,1,3.81367682194,0.64283480531,False,False,False,YES
2829,4,31,-9,551,300,375,75,0,200,250,50,0,120,150,30,0,150,187.5,37.5,0,962.5,192.5,0,192.5,192.5,YES,0.916936520514,0.016936520514,18,1,3.74840726484,0.631268822341,False,False,False,YES
2829,4,32,-8,570,300,375,75,0,200,250,50,0,120,150,30,0,150,187.5,37.5,0,962.5,192.5,0,192.5,192.5,YES,0.912956415176,0.0129564151764,18,1,3.94427518518,0.665966771248,False,False,False,YES
2829,5,33,-7,661,300,375,75,0,200,250,50,0,120,150,30,0,150,187.5,37.5,0,962.5,192.5,0,192.5,192.5,YES,0.905147816508,0.00514781650761,18,1,4.33731796782,0.735900617368,False,False,False,YES
2829,5,34,-6,728,300,375,75,0,200,250,50,0,120,150,30,0,150,187.5,37.5,0,962.5,192.5,0,192.5,192.5,YES,0.905985046681,0.00598504668058,18,1,4.31685826166,0.733016204777,False,False,False,YES
2829,5,35,-5,761,300,375,75,0,200,250,50,0,120,150,30,0,150,187.5,37.5,0,962.5,192.5,0,192.5,192.5,YES,0.903758302629,0.00375830262928,18,1,4.46304954338,0.760160797207,False,False,False,YES
2829,5,36,-4,785,300,375,75,0,200,250,50,0,120,150,30,0,150,187.5,37.5,0,962.5,192.5,0,192.5,192.5,YES,0.903429562652,0.00342956265178,18,1,4.53701235439,0.775186711657,False,False,False,YES
2829,5,37,-3,812,300,375,75,0,200,250,50,0,120,150,30,0,150,187.5,37.5,0,962.5,192.5,0,192.5,192.5,YES,0.903431149173,0.00343114917345,18,1,4.57013118946,0.78212916442,False,False,False,YES
2829,5,38,-2,840,300,375,75,0,200,250,50,0,120,150,30,0,150,187.5,37.5,0,962.5,192.5,0,192.5,192.5,YES,0.904429960005,0.00442996000472,18,1,4.60623870669,0.791225320635,False,False,False,YES
2829,5,39,-1,883,300,375,75,0,200,250,50,0,120,150,30,0,150,187.5,37.5,0,962.5,192.5,0,192.5,192.5,YES,0.90834218967,0.00834218966972,18,1,4.45184773487,0.765203739525,False,False,False,YES
2916,2,16,-16,26,0,375,75,0,0,250,50,0,0,150,30,0,0,187.5,37.5,0,962.5,192.5,0,962.5,962.5,YES,0.906770737978,0.00677073797764,18,1,4.48967858026,0.770629578303,False,False,False,YES
2916,3,17,-15,37,300,375,75,0,200,250,50,0,120,150,30,0,150,187.5,37.5,0,962.5,192.5,0,192.5,192.5,YES,0.905827256184,0.00582725618405,18,1,4.49217065397,0.769664338432,False,False,False,YES
2916,3,18,-14,42,300,375,75,0,200,250,50,0,120,150,30,0,150,187.5,37.5,0,962.5,192.5,0,192.5,192.5,YES,0.906204660123,0.00620466012347,18,1,4.40367620854,0.751738087935,False,False,False,YES
2916,3,19,-13,50,300,375,75,0,200,250,50,0,120,150,30,0,150,187.5,37.5,0,962.5,192.5,0,192.5,192.5,YES,0.90062960229,0.000629602290455,18,1,4.58469331196,0.780577078231,False,False,False,YES
2916,3,20,-12,62,300,300.000000001,7.59996510169e-10,74.9999999992,200,200,0,50,53.7144125081,53.7144125081,-66.2855874919,96.2855874919,150,150,0,37.5,703.714412509,-66.2855874911,258.785587491,7.59996510169e-10,0,NO,0.9,0,18,1,4.87591690154,0.838458765362,True,False,False,YES
2916,3,21,-11,79,300,300.000000001,9.56788426265e-10,74.999999999,200,200,0,50,25.4407801931,25.4407801931,-94.5592198069,124.559219807,150,150,0,37.5,675.440780194,-94.5592198059,287.059219806,9.56788426265e-10,0,NO,0.9,0,18,1,4.95640698938,0.853440280585,True,False,False,YES
2916,3,22,-10,93,300,300.000000001,7.59996510169e-10,74.9999999992,200,200,0,50,53.7144125081,53.7144125081,-66.2855874919,96.2855874919,150,150,0,37.5,703.714412509,-66.2855874911,258.785587491,7.59996510169e-10,0,NO,0.9,0,18,1,4.87591690154,0.838458765362,True,False,False,YES
2916,3,23,-9,110,300,300,8.25366441859e-11,74.9999999999,200,200,0,50,67.537284676,67.537284676,-52.462715324,82.462715324,150,150,0,37.5,717.537284676,-52.4627153239,244.962715324,8.25366441859e-11,3.47881723428e-11,NO,0.9,0,18,1,4.83659842094,0.831134359092,True,False,False,YES
2916,3,24,-8,126,300,375,75,0,200,234.805942445,34.8059424453,15.1940575547,120,120,0,30,150,187.5,37.5,0,917.305942445,147.305942445,45.1940575547,147.305942445,147.305942445,NO,0.9,0,18,1,4.68729869328,0.798787162791,True,False,False,YES
2916,4,25,-7,143,300,375,75,0,200,250,50,0,120,150,30,0,150,187.5,37.5,0,962.5,192.5,0,192.5,192.5,YES,0.906307965521,0.00630796552101,18,1,4.26990737353,0.723590287697,False,False,False,YES
2916,4,26,-6,246,300,375,75,0,200,250,50,0,120,150,30,0,150,187.5,37.5,0,962.5,192.5,0,192.5,192.5,YES,0.910317139797,0.0103171397966,18,1,4.07377998465,0.68889233879,False,False,False,YES
2916,4,27,-5,314,300,375,75,0,200,250,50,0,120,150,30,0,150,187.5,37.5,0,962.5,192.5,0,192.5,192.5,YES,0.91162585187,0.0116258518703,18,1,4.0096020615,0.677532754217,False,False,False,YES
2916,4,28,-4,389,300,375,75,0,200,250,50,0,120,150,30,0,150,187.5,37.5,0,962.5,192.5,0,192.5,192.5,YES,0.912956415176,0.0129564151764,18,1,3.94427518518,0.665966771248,False,False,False,YES
2916,4,29,-3,465,300,375,75,0,200,250,50,0,120,150,30,0,150,187.5,37.5,0,962.5,192.5,0,192.5,192.5,YES,0.913763305626,0.0137633056263,18,1,3.90462154628,0.658944622108,False,False,False,YES
2916,4,30,-2,511,300,375,75,0,200,250,50,0,120,150,30,0,150,187.5,37.5,0,962.5,192.5,0,192.5,192.5,YES,0.915611741099,0.0156117410993,18,1,3.81367682194,0.64283480531,False,False,False,YES
2916,4,31,-1,551,300,375,75,0,200,250,50,0,120,150,30,0,150,187.5,37.5,0,962.5,192.5,0,192.5,192.5,YES,0.916936520514,0.016936520514,18,1,3.74840726484,0.631268822341,False,False,False,YES
2962,3,24,-16,126,300,375,75,0,200,234.805942445,34.8059424453,15.1940575547,120,120,0,30,150,187.5,37.5,0,917.305942445,147.305942445,45.1940575547,147.305942445,147.305942445,NO,0.9,0,18,1,4.68729869328,0.798787162791,True,False,False,YES
2962,4,25,-15,143,300,375,75,0,200,250,50,0,120,150,30,0,150,187.5,37.5,0,962.5,192.5,0,192.5,192.5,YES,0.906307965521,0.00630796552101,18,1,4.26990737353,0.723590287697,False,False,False,YES
2962,4,26,-14,246,300,375,75,0,200,250,50,0,120,150,30,0,150,187.5,37.5,0,962.5,192.5,0,192.5,192.5,YES,0.910317139797,0.0103171397966,18,1,4.07377998465,0.68889233879,False,False,False,YES
2962,4,27,-13,314,300,375,75,0,200,250,50,0,120,150,30,0,150,187.5,37.5,0,962.5,192.5,0,192.5,192.5,YES,0.91162585187,0.0116258518703,18,1,4.0096020615,0.677532754217,False,False,False,YES
2962,4,28,-12,389,300,375,75,0,200,250,50,0,120,150,30,0,150,187.5,37.5,0,962.5,192.5,0,192.5,192.5,YES,0.912956415176,0.0129564151764,18,1,3.94427518518,0.665966771248,False,False,False,YES
2962,4,29,-11,465,300,375,75,0,200,250,50,0,120,150,30,0,150,187.5,37.5,0,962.5,192.5,0,192.5,192.5,YES,0.913763305626,0.0137633056263,18,1,3.90462154628,0.658944622108,False,False,False,YES
2962,4,30,-10,511,300,375,75,0,200,250,50,0,120,150,30,0,150,187.5,37.5,0,962.5,192.5,0,192.5,192.5,YES,0.915611741099,0.0156117410993,18,1,3.81367682194,0.64283480531,False,False,False,YES
2962,4,31,-9,551,300,375,75,0,200,250,50,0,120,150,30,0,150,187.5,37.5,0,962.5,192.5,0,192.5,192.5,YES,0.916936520514,0.016936520514,18,1,3.74840726484,0.631268822341,False,False,False,YES
2962,4,32,-8,570,300,375,75,0,200,250,50,0,120,150,30,0,150,187.5,37.5,0,962.5,192.5,0,192.5,192.5,YES,0.912956415176,0.0129564151764,18,1,3.94427518518,0.665966771248,False,False,False,YES
2962,5,33,-7,661,300,375,75,0,200,250,50,0,120,150,30,0,150,187.5,37.5,0,962.5,192.5,0,192.5,192.5,YES,0.905147816508,0.00514781650761,18,1,4.33731796782,0.735900617368,False,False,False,YES
2962,5,34,-6,728,300,375,75,0,200,250,50,0,120,150,30,0,150,187.5,37.5,0,962.5,192.5,0,192.5,192.5,YES,0.905985046681,0.00598504668058,18,1,4.31685826166,0.733016204777,False,False,False,YES
2962,5,35,-5,761,300,375,75,0,200,250,50,0,120,150,30,0,150,187.5,37.5,0,962.5,192.5,0,192.5,192.5,YES,0.903758302629,0.00375830262928,18,1,4.46304954338,0.760160797207,False,False,False,YES
2962,5,36,-4,785,300,375,75,0,200,250,50,0,120,150,30,0,150,187.5,37.5,0,962.5,192.5,0,192.5,192.5,YES,0.903429562652,0.00342956265178,18,1,4.53701235439,0.775186711657,False,False,False,YES
2962,5,37,-3,812,300,375,75,0,200,250,50,0,120,150,30,0,150,187.5,37.5,0,962.5,192.5,0,192.5,192.5,YES,0.903431149173,0.00343114917345,18,1,4.57013118946,0.78212916442,False,False,False,YES
2962,5,38,-2,840,300,375,75,0,200,250,50,0,120,150,30,0,150,187.5,37.5,0,962.5,192.5,0,192.5,192.5,YES,0.904429960005,0.00442996000472,18,1,4.60623870669,0.791225320635,False,False,False,YES
2962,5,39,-1,883,300,375,75,0,200,250,50,0,120,150,30,0,150,187.5,37.5,0,962.5,192.5,0,192.5,192.5,YES,0.90834218967,0.00834218966972,18,1,4.45184773487,0.765203739525,False,False,False,YES
3269,4,32,-16,570,300,375,75,0,200,250,50,0,120,150,30,0,150,187.5,37.5,0,962.5,192.5,0,192.5,192.5,YES,0.912956415176,0.0129564151764,18,1,3.94427518518,0.665966771248,False,False,False,YES
3269,5,33,-15,661,300,375,75,0,200,250,50,0,120,150,30,0,150,187.5,37.5,0,962.5,192.5,0,192.5,192.5,YES,0.905147816508,0.00514781650761,18,1,4.33731796782,0.735900617368,False,False,False,YES
3269,5,34,-14,728,300,375,75,0,200,250,50,0,120,150,30,0,150,187.5,37.5,0,962.5,192.5,0,192.5,192.5,YES,0.905985046681,0.00598504668058,18,1,4.31685826166,0.733016204777,False,False,False,YES
3269,5,35,-13,761,300,375,75,0,200,250,50,0,120,150,30,0,150,187.5,37.5,0,962.5,192.5,0,192.5,192.5,YES,0.903758302629,0.00375830262928,18,1,4.46304954338,0.760160797207,False,False,False,YES
3269,5,36,-12,785,300,375,75,0,200,250,50,0,120,150,30,0,150,187.5,37.5,0,962.5,192.5,0,192.5,192.5,YES,0.903429562652,0.00342956265178,18,1,4.53701235439,0.775186711657,False,False,False,YES
3269,5,37,-11,812,300,375,75,0,200,250,50,0,120,150,30,0,150,187.5,37.5,0,962.5,192.5,0,192.5,192.5,YES,0.903431149173,0.00343114917345,18,1,4.57013118946,0.78212916442,False,False,False,YES
3269,5,38,-10,840,300,375,75,0,200,250,50,0,120,150,30,0,150,187.5,37.5,0,962.5,192.5,0,192.5,192.5,YES,0.904429960005,0.00442996000472,18,1,4.60623870669,0.791225320635,False,False,False,YES
3269,5,39,-9,883,300,375,75,0,200,250,50,0,120,150,30,0,150,187.5,37.5,0,962.5,192.5,0,192.5,192.5,YES,0.90834218967,0.00834218966972,18,1,4.45184773487,0.765203739525,False,False,False,YES
3269,5,40,-8,957,300,375,75,0,200,250,50,0,120,150,30,0,150,187.5,37.5,0,962.5,192.5,0,192.5,192.5,YES,0.906770737978,0.00677073797764,18,1,4.48967858026,0.770629578303,False,False,False,YES
3269,6,41,-7,993,300,375,75,0,200,250,50,0,120,150,30,0,150,187.5,37.5,0,962.5,192.5,0,192.5,192.5,YES,0.905827256184,0.00582725618405,18,1,4.49217065397,0.769664338432,False,False,False,YES
3269,6,42,-6,1029,300,375,75,0,200,250,50,0,120,150,30,0,150,187.5,37.5,0,962.5,192.5,0,192.5,192.5,YES,0.906204660123,0.00620466012347,18,1,4.40367620854,0.751738087935,False,False,False,YES
3269,6,43,-5,1056,300,375,75,0,200,250,50,0,120,150,30,0,150,187.5,37.5,0,962.5,192.5,0,192.5,192.5,YES,0.90062960229,0.000629602290455,18,1,4.58469331196,0.780577078231,False,False,False,YES
3269,6,44,-4,1080,300,300.000000001,7.59996510169e-10,74.9999999992,200,200,0,50,53.7144125081,53.7144125081,-66.2855874919,96.2855874919,150,150,0,37.5,703.714412509,-66.2855874911,258.785587491,7.59996510169e-10,0,NO,0.9,0,18,1,4.87591690154,0.838458765362,True,False,False,YES
3269,6,45,-3,1107,300,300.000000001,9.56788426265e-10,74.999999999,200,200,0,50,25.4407801931,25.4407801931,-94.5592198069,124.559219807,150,150,0,37.5,675.440780194,-94.5592198059,287.059219806,9.56788426265e-10,0,NO,0.9,0,18,1,4.95640698938,0.853440280585,True,False,False,YES
3269,6,46,-2,1148,300,300.000000001,7.59996510169e-10,74.9999999992,200,200,0,50,53.7144125081,53.7144125081,-66.2855874919,96.2855874919,150,150,0,37.5,703.714412509,-66.2855874911,258.785587491,7.59996510169e-10,0,NO,0.9,0,18,1,4.87591690154,0.838458765362,True,False,False,YES
3269,6,47,-1,1194,300,300,8.25366441859e-11,74.9999999999,200,200,0,50,67.537284676,67.537284676,-52.462715324,82.462715324,150,150,0,37.5,717.537284676,-52.4627153239,244.962715324,8.25366441859e-11,1.84172677109e-11,NO,0.9,0,18,1,4.83659842094,0.831134359092,True,False,False,YES
3349,2,16,-16,27,300,375,75,0,200,250,50,0,120,150,30,0,150,187.5,37.5,0,962.5,192.5,0,192.5,192.5,YES,0.906770737978,0.00677073797764,18,1,4.48967858026,0.770629578303,False,False,False,YES
3349,3,17,-15,37,300,375,75,0,200,250,50,0,120,150,30,0,150,187.5,37.5,0,962.5,192.5,0,192.5,192.5,YES,0.905827256184,0.00582725618405,18,1,4.49217065397,0.769664338432,False,False,False,YES
3349,3,18,-14,42,300,375,75,0,200,250,50,0,120,150,30,0,150,187.5,37.5,0,962.5,192.5,0,192.5,192.5,YES,0.906204660123,0.00620466012347,18,1,4.40367620854,0.751738087935,False,False,False,YES
3349,3,19,-13,50,300,375,75,0,200,250,50,0,120,150,30,0,150,187.5,37.5,0,962.5,192.5,0,192.5,192.5,YES,0.90062960229,0.000629602290455,18,1,4.58469331196,0.780577078231,False,False,False,YES
3349,3,20,-12,62,300,300.000000001,7.59996510169e-10,74.9999999992,200,200,0,50,53.7144125081,53.7144125081,-66.2855874919,96.2855874919,150,150,0,37.5,703.714412509,-66.2855874911,258.785587491,7.59996510169e-10,0,NO,0.9,0,18,1,4.87591690154,0.838458765362,True,False,False,YES
3349,3,21,-11,79,300,300.000000001,9.56788426265e-10,74.999999999,200,200,0,50,25.4407801931,25.4407801931,-94.5592198069,124.559219807,150,150,0,37.5,675.440780194,-94.5592198059,287.059219806,9.56788426265e-10,0,NO,0.9,0,18,1,4.95640698938,0.853440280585,True,False,False,YES
3349,3,22,-10,93,300,300.000000001,7.59996510169e-10,74.9999999992,200,200,0,50,53.7144125081,53.7144125081,-66.2855874919,96.2855874919,150,150,0,37.5,703.714412509,-66.2855874911,258.785587491,7.59996510169e-10,0,NO,0.9,0,18,1,4.87591690154,0.838458765362,True,False,False,YES
3349,3,23,-9,112,300,300,8.25366441859e-11,74.9999999999,200,200,0,50,67.537284676,67.537284676,-52.462715324,82.462715324,150,150,0,37.5,717.537284676,-52.4627153239,244.962715324,8.25366441859e-11,1.84172677109e-11,NO,0.9,0,18,1,4.83659842094,0.831134359092,True,False,False,YES
3349,3,24,-8,126,300,375,75,0,200,234.805942445,34.8059424453,15.1940575547,120,120,0,30,150,187.5,37.5,0,917.305942445,147.305942445,45.1940575547,147.305942445,147.305942445,NO,0.9,0,18,1,4.68729869328,0.798787162791,True,False,False,YES
3349,4,25,-7,143,300,375,75,0,200,250,50,0,120,150,30,0,150,187.5,37.5,0,962.5,192.5,0,192.5,192.5,YES,0.906307965521,0.00630796552101,18,1,4.26990737353,0.723590287697,False,False,False,YES
3349,4,26,-6,246,300,375,75,0,200,250,50,0,120,150,30,0,150,187.5,37.5,0,962.5,192.5,0,192.5,192.5,YES,0.910317139797,0.0103171397966,18,1,4.07377998465,0.68889233879,False,False,False,YES
3349,4,27,-5,314,300,375,75,0,200,250,50,0,120,150,30,0,150,187.5,37.5,0,962.5,192.5,0,192.5,192.5,YES,0.91162585187,0.0116258518703,18,1,4.0096020615,0.677532754217,False,False,False,YES
3349,4,28,-4,389,300,375,75,0,200,250,50,0,120,150,30,0,150,187.5,37.5,0,962.5,192.5,0,192.5,192.5,YES,0.912956415176,0.0129564151764,18,1,3.94427518518,0.665966771248,False,False,False,YES
3349,4,29,-3,465,300,375,75,0,200,250,50,0,120,150,30,0,150,187.5,37.5,0,962.5,192.5,0,192.5,192.5,YES,0.913763305626,0.0137633056263,18,1,3.90462154628,0.658944622108,False,False,False,YES
3349,4,30,-2,511,300,375,75,0,200,250,50,0,120,150,30,0,150,187.5,37.5,0,962.5,192.5,0,192.5,192.5,YES,0.915611741099,0.0156117410993,18,1,3.81367682194,0.64283480531,False,False,False,YES
3349,4,31,-1,551,300,375,75,0,200,250,50,0,120,150,30,0,150,187.5,37.5,0,962.5,192.5,0,192.5,192.5,YES,0.916936520514,0.016936520514,18,1,3.74840726484,0.631268822341,False,False,False,YES
3381,2,16,-16,26,0,375,75,0,0,250,50,0,0,150,30,0,0,187.5,37.5,0,962.5,192.5,0,962.5,962.5,YES,0.906770737978,0.00677073797764,18,1,4.48967858026,0.770629578303,False,False,False,YES
3381,3,17,-15,37,300,375,75,0,200,250,50,0,120,150,30,0,150,187.5,37.5,0,962.5,192.5,0,192.5,192.5,YES,0.905827256184,0.00582725618405,18,1,4.49217065397,0.769664338432,False,False,False,YES
3381,3,18,-14,42,300,375,75,0,200,250,50,0,120,150,30,0,150,187.5,37.5,0,962.5,192.5,0,192.5,192.5,YES,0.906204660123,0.00620466012347,18,1,4.40367620854,0.751738087935,False,False,False,YES
3381,3,19,-13,50,300,375,75,0,200,250,50,0,120,150,30,0,150,187.5,37.5,0,962.5,192.5,0,192.5,192.5,YES,0.90062960229,0.000629602290455,18,1,4.58469331196,0.780577078231,False,False,False,YES
3381,3,20,-12,63,300,300.000000001,7.59996510169e-10,74.9999999992,200,200,0,50,53.7144125081,53.7144125081,-66.2855874919,96.2855874919,150,150,0,37.5,703.714412509,-66.2855874911,258.785587491,7.59996510169e-10,0,NO,0.9,0,18,1,4.87591690154,0.838458765362,True,False,False,YES
3381,3,21,-11,79,300,300.000000001,9.56788426265e-10,74.999999999,200,200,0,50,25.4407801931,25.4407801931,-94.5592198069,124.559219807,150,150,0,37.5,675.440780194,-94.5592198059,287.059219806,9.56788426265e-10,0,NO,0.9,0,18,1,4.95640698938,0.853440280585,True,False,False,YES
3381,3,22,-10,93,300,300.000000001,7.59996510169e-10,74.9999999992,200,200,0,50,53.7144125081,53.7144125081,-66.2855874919,96.2855874919,150,150,0,37.5,703.714412509,-66.2855874911,258.785587491,7.59996510169e-10,0,NO,0.9,0,18,1,4.87591690154,0.838458765362,True,False,False,YES
3381,3,23,-9,110,300,300,8.25366441859e-11,74.9999999999,200,200,0,50,67.537284676,67.537284676,-52.462715324,82.462715324,150,150,0,37.5,717.537284676,-52.4627153239,244.962715324,8.25366441859e-11,3.47881723428e-11,NO,0.9,0,18,1,4.83659842094,0.831134359092,True,False,False,YES
3381,3,24,-8,126,300,375,75,0,200,234.805942445,34.8059424453,15.1940575547,120,120,0,30,150,187.5,37.5,0,917.305942445,147.305942445,45.1940575547,147.305942445,147.305942445,NO,0.9,0,18,1,4.68729869328,0.798787162791,True,False,False,YES
3381,4,25,-7,143,300,375,75,0,200,250,50,0,120,150,30,0,150,187.5,37.5,0,962.5,192.5,0,192.5,192.5,YES,0.906307965521,0.00630796552101,18,1,4.26990737353,0.723590287697,False,False,False,YES
3381,4,26,-6,246,300,375,75,0,200,250,50,0,120,150,30,0,150,187.5,37.5,0,962.5,192.5,0,192.5,192.5,YES,0.910317139797,0.0103171397966,18,1,4.07377998465,0.68889233879,False,False,False,YES
3381,4,27,-5,314,300,375,75,0,200,250,50,0,120,150,30,0,150,187.5,37.5,0,962.5,192.5,0,192.5,192.5,YES,0.91162585187,0.0116258518703,18,1,4.0096020615,0.677532754217,False,False,False,YES
3381,4,28,-4,389,300,375,75,0,200,250,50,0,120,150,30,0,150,187.5,37.5,0,962.5,192.5,0,192.5,192.5,YES,0.912956415176,0.0129564151764,18,1,3.94427518518,0.665966771248,False,False,False,YES
3381,4,29,-3,465,300,375,75,0,200,250,50,0,120,150,30,0,150,187.5,37.5,0,962.5,192.5,0,192.5,192.5,YES,0.913763305626,0.0137633056263,18,1,3.90462154628,0.658944622108,False,False,False,YES
3381,4,30,-2,511,300,375,75,0,200,250,50,0,120,150,30,0,150,187.5,37.5,0,962.5,192.5,0,192.5,192.5,YES,0.915611741099,0.0156117410993,18,1,3.81367682194,0.64283480531,False,False,False,YES
3381,4,31,-1,551,300,375,75,0,200,250,50,0,120,150,30,0,150,187.5,37.5,0,962.5,192.5,0,192.5,192.5,YES,0.916936520514,0.016936520514,18,1,3.74840726484,0.631268822341,False,False,False,YES
3724,2,16,-16,26,0,375,75,0,0,250,50,0,0,150,30,0,0,187.5,37.5,0,962.5,192.5,0,962.5,962.5,YES,0.906770737978,0.00677073797764,18,1,4.48967858026,0.770629578303,False,False,False,YES
3724,3,17,-15,37,300,375,75,0,200,250,50,0,120,150,30,0,150,187.5,37.5,0,962.5,192.5,0,192.5,192.5,YES,0.905827256184,0.00582725618405,18,1,4.49217065397,0.769664338432,False,False,False,YES
3724,3,18,-14,42,300,375,75,0,200,250,50,0,120,150,30,0,150,187.5,37.5,0,962.5,192.5,0,192.5,192.5,YES,0.906204660123,0.00620466012347,18,1,4.40367620854,0.751738087935,False,False,False,YES
3724,3,19,-13,50,300,375,75,0,200,250,50,0,120,150,30,0,150,187.5,37.5,0,962.5,192.5,0,192.5,192.5,YES,0.90062960229,0.000629602290455,18,1,4.58469331196,0.780577078231,False,False,False,YES
3724,3,20,-12,61,300,300.000000001,7.59996510169e-10,74.9999999992,200,200,0,50,53.7144125081,53.7144125081,-66.2855874919,96.2855874919,150,150,0,37.5,703.714412509,-66.2855874911,258.785587491,7.59996510169e-10,0,NO,0.9,0,18,1,4.87591690154,0.838458765362,True,False,False,YES
3724,3,21,-11,78,300,300.000000001,9.56788426265e-10,74.999999999,200,200,0,50,25.4407801931,25.4407801931,-94.5592198069,124.559219807,150,150,0,37.5,675.440780194,-94.5592198059,287.059219806,9.56788426265e-10,1.1823431123e-11,NO,0.9,0,18,1,4.95640698938,0.853440280585,True,False,False,YES
3724,3,22,-10,92,300,300.000000001,7.59996510169e-10,74.9999999992,200,200,0,50,53.7144125081,53.7144125081,-66.2855874919,96.2855874919,150,150,0,37.5,703.714412509,-66.2855874911,258.785587491,7.59996510169e-10,0,NO,0.9,0,18,1,4.87591690154,0.838458765362,True,False,False,YES
3724,3,23,-9,115,300,300,8.25366441859e-11,74.9999999999,200,200,0,50,67.537284676,67.537284676,-52.462715324,82.462715324,150,150,0,37.5,717.537284676,-52.4627153239,244.962715324,8.25366441859e-11,0,NO,0.9,0,18,1,4.83659842094,0.831134359092,True,False,False,YES
3724,3,24,-8,126,300,375,75,0,200,234.805942445,34.8059424453,15.1940575547,120,120,0,30,150,187.5,37.5,0,917.305942445,147.305942445,45.1940575547,147.305942445,147.305942445,NO,0.9,0,18,1,4.68729869328,0.798787162791,True,False,False,YES
3724,4,25,-7,143,300,375,75,0,200,250,50,0,120,150,30,0,150,187.5,37.5,0,962.5,192.5,0,192.5,192.5,YES,0.906307965521,0.00630796552101,18,1,4.26990737353,0.723590287697,False,False,False,YES
3724,4,26,-6,246,300,375,75,0,200,250,50,0,120,150,30,0,150,187.5,37.5,0,962.5,192.5,0,192.5,192.5,YES,0.910317139797,0.0103171397966,18,1,4.07377998465,0.68889233879,False,False,False,YES
3724,4,27,-5,314,300,375,75,0,200,250,50,0,120,150,30,0,150,187.5,37.5,0,962.5,192.5,0,192.5,192.5,YES,0.91162585187,0.0116258518703,18,1,4.0096020615,0.677532754217,False,False,False,YES
3724,4,28,-4,389,300,375,75,0,200,250,50,0,120,150,30,0,150,187.5,37.5,0,962.5,192.5,0,192.5,192.5,YES,0.912956415176,0.0129564151764,18,1,3.94427518518,0.665966771248,False,False,False,YES
3724,4,29,-3,465,300,375,75,0,200,250,50,0,120,150,30,0,150,187.5,37.5,0,962.5,192.5,0,192.5,192.5,YES,0.913763305626,0.0137633056263,18,1,3.90462154628,0.658944622108,False,False,False,YES
3724,4,30,-2,511,300,375,75,0,200,250,50,0,120,150,30,0,150,187.5,37.5,0,962.5,192.5,0,192.5,192.5,YES,0.915611741099,0.0156117410993,18,1,3.81367682194,0.64283480531,False,False,False,YES
3724,4,31,-1,551,300,375,75,0,200,250,50,0,120,150,30,0,150,187.5,37.5,0,962.5,192.5,0,192.5,192.5,YES,0.916936520514,0.016936520514,18,1,3.74840726484,0.631268822341,False,False,False,YES
3909,3,24,-16,126,300,375,75,0,200,234.805942445,34.8059424453,15.1940575547,120,120,0,30,150,187.5,37.5,0,917.305942445,147.305942445,45.1940575547,147.305942445,147.305942445,NO,0.9,0,18,1,4.68729869328,0.798787162791,True,False,False,YES
3909,4,25,-15,136,300,375,75,0,0,250,50,0,0,150,30,0,150,187.5,37.5,0,962.5,192.5,0,512.5,512.5,YES,0.906307965521,0.00630796552101,18,1,4.26990737353,0.723590287697,False,False,False,YES
3909,4,26,-14,206,300,375,75,0,0,250,50,0,108.131239292,150,30,0,150,187.5,37.5,0,962.5,192.5,0,404.368760708,404.368760708,YES,0.910317139797,0.0103171397966,18,1,4.07377998465,0.68889233879,False,False,False,YES
3909,4,27,-13,264,300,375,75,0,0,250,50,0,0,150,30,0,150,187.5,37.5,0,962.5,192.5,0,512.5,512.5,YES,0.91162585187,0.0116258518703,18,1,4.0096020615,0.677532754217,False,False,False,YES
3909,4,28,-12,338,300,375,75,0,0,250,50,0,0,150,30,0,150,187.5,37.5,0,962.5,192.5,0,512.5,512.5,YES,0.912956415176,0.0129564151764,18,1,3.94427518518,0.665966771248,False,False,False,YES
3909,4,29,-11,413,22.8324484035,375,75,0,0,250,50,0,0,150,30,0,150,187.5,37.5,0,962.5,192.5,0,789.667551597,789.667551596,YES,0.913763305626,0.0137633056263,18,1,3.90462154628,0.658944622108,False,False,False,YES
3909,4,30,-10,466,0,375,75,0,0,250,50,0,0,150,30,0,0,187.5,37.5,0,962.5,192.5,0,962.5,962.5,YES,0.915611741099,0.0156117410993,18,1,3.81367682194,0.64283480531,False,False,False,YES
3909,4,31,-9,512,0,375,75,0,0,250,50,0,0,150,30,0,0,187.5,37.5,0,962.5,192.5,0,962.5,962.5,YES,0.916936520514,0.016936520514,18,1,3.74840726484,0.631268822341,False,False,False,YES
3909,4,32,-8,552,0,375,75,0,0,250,50,0,0,150,30,0,0,187.5,37.5,0,962.5,192.5,0,962.5,962.5,YES,0.912956415176,0.0129564151764,18,1,3.94427518518,0.665966771248,False,False,False,YES
3909,5,33,-7,661,300,375,75,0,200,250,50,0,120,150,30,0,150,187.5,37.5,0,962.5,192.5,0,192.5,192.5,YES,0.905147816508,0.00514781650761,18,1,4.33731796782,0.735900617368,False,False,False,YES
3909,5,34,-6,728,300,375,75,0,200,250,50,0,120,150,30,0,150,187.5,37.5,0,962.5,192.5,0,192.5,192.5,YES,0.905985046681,0.00598504668058,18,1,4.31685826166,0.733016204777,False,False,False,YES
3909,5,35,-5,761,300,375,75,0,200,250,50,0,120,150,30,0,150,187.5,37.5,0,962.5,192.5,0,192.5,192.5,YES,0.903758302629,0.00375830262928,18,1,4.46304954338,0.760160797207,False,False,False,YES
3909,5,36,-4,785,300,375,75,0,200,250,50,0,120,150,30,0,150,187.5,37.5,0,962.5,192.5,0,192.5,192.5,YES,0.903429562652,0.00342956265178,18,1,4.53701235439,0.775186711657,False,False,False,YES
3909,5,37,-3,812,300,375,75,0,200,250,50,0,120,150,30,0,150,187.5,37.5,0,962.5,192.5,0,192.5,192.5,YES,0.903431149173,0.00343114917345,18,1,4.57013118946,0.78212916442,False,False,False,YES
3909,5,38,-2,840,300,375,75,0,200,250,50,0,120,150,30,0,150,187.5,37.5,0,962.5,192.5,0,192.5,192.5,YES,0.904429960005,0.00442996000472,18,1,4.60623870669,0.791225320635,False,False,False,YES
3909,5,39,-1,883,300,375,75,0,200,250,50,0,120,150,30,0,150,187.5,37.5,0,962.5,192.5,0,192.5,192.5,YES,0.90834218967,0.00834218966972,18,1,4.45184773487,0.765203739525,False,False,False,YES
3911,2,16,-16,26,0,375,75,0,0,250,50,0,0,150,30,0,0,187.5,37.5,0,962.5,192.5,0,962.5,962.5,YES,0.906770737978,0.00677073797764,18,1,4.48967858026,0.770629578303,False,False,False,YES
3911,3,17,-15,37,300,375,75,0,200,250,50,0,120,150,30,0,150,187.5,37.5,0,962.5,192.5,0,192.5,192.5,YES,0.905827256184,0.00582725618405,18,1,4.49217065397,0.769664338432,False,False,False,YES
3911,3,18,-14,42,300,375,75,0,200,250,50,0,120,150,30,0,150,187.5,37.5,0,962.5,192.5,0,192.5,192.5,YES,0.906204660123,0.00620466012347,18,1,4.40367620854,0.751738087935,False,False,False,YES
3911,3,19,-13,50,300,375,75,0,200,250,50,0,120,150,30,0,150,187.5,37.5,0,962.5,192.5,0,192.5,192.5,YES,0.90062960229,0.000629602290455,18,1,4.58469331196,0.780577078231,False,False,False,YES
3911,3,20,-12,62,300,300.000000001,7.59996510169e-10,74.9999999992,200,200,0,50,53.7144125081,53.7144125081,-66.2855874919,96.2855874919,150,150,0,37.5,703.714412509,-66.2855874911,258.785587491,7.59996510169e-10,0,NO,0.9,0,18,1,4.87591690154,0.838458765362,True,False,False,YES
3911,3,21,-11,79,300,300.000000001,9.56788426265e-10,74.999999999,200,200,0,50,25.4407801931,25.4407801931,-94.5592198069,124.559219807,150,150,0,37.5,675.440780194,-94.5592198059,287.059219806,9.56788426265e-10,0,NO,0.9,0,18,1,4.95640698938,0.853440280585,True,False,False,YES
3911,3,22,-10,93,300,300.000000001,7.59996510169e-10,74.9999999992,200,200,0,50,53.7144125081,53.7144125081,-66.2855874919,96.2855874919,150,150,0,37.5,703.714412509,-66.2855874911,258.785587491,7.59996510169e-10,0,NO,0.9,0,18,1,4.87591690154,0.838458765362,True,False,False,YES
3911,3,23,-9,112,300,300,8.25366441859e-11,74.9999999999,200,200,0,50,67.537284676,67.537284676,-52.462715324,82.462715324,150,150,0,37.5,717.537284676,-52.4627153239,244.962715324,8.25366441859e-11,1.84172677109e-11,NO,0.9,0,18,1,4.83659842094,0.831134359092,True,False,False,YES
3911,3,24,-8,126,300,375,75,0,200,234.805942445,34.8059424453,15.1940575547,120,120,0,30,150,187.5,37.5,0,917.305942445,147.305942445,45.1940575547,147.305942445,147.305942445,NO,0.9,0,18,1,4.68729869328,0.798787162791,True,False,False,YES
3911,4,25,-7,143,300,375,75,0,200,250,50,0,120,150,30,0,150,187.5,37.5,0,962.5,192.5,0,192.5,192.5,YES,0.906307965521,0.00630796552101,18,1,4.26990737353,0.723590287697,False,False,False,YES
3911,4,26,-6,246,300,375,75,0,200,250,50,0,120,150,30,0,150,187.5,37.5,0,962.5,192.5,0,192.5,192.5,YES,0.910317139797,0.0103171397966,18,1,4.07377998465,0.68889233879,False,False,False,YES
3911,4,27,-5,314,300,375,75,0,200,250,50,0,120,150,30,0,150,187.5,37.5,0,962.5,192.5,0,192.5,192.5,YES,0.91162585187,0.0116258518703,18,1,4.0096020615,0.677532754217,False,False,False,YES
3911,4,28,-4,389,300,375,75,0,200,250,50,0,120,150,30,0,150,187.5,37.5,0,962.5,192.5,0,192.5,192.5,YES,0.912956415176,0.0129564151764,18,1,3.94427518518,0.665966771248,False,False,False,YES
3911,4,29,-3,465,300,375,75,0,200,250,50,0,120,150,30,0,150,187.5,37.5,0,962.5,192.5,0,192.5,192.5,YES,0.913763305626,0.0137633056263,18,1,3.90462154628,0.658944622108,False,False,False,YES
3911,4,30,-2,511,300,375,75,0,200,250,50,0,120,150,30,0,150,187.5,37.5,0,962.5,192.5,0,192.5,192.5,YES,0.915611741099,0.0156117410993,18,1,3.81367682194,0.64283480531,False,False,False,YES
3911,4,31,-1,551,300,375,75,0,200,250,50,0,120,150,30,0,150,187.5,37.5,0,962.5,192.5,0,192.5,192.5,YES,0.916936520514,0.016936520514,18,1,3.74840726484,0.631268822341,False,False,False,YES
3951,1,8,-16,8,300,375,75,0,0,250,50,0,0,150,30,0,150,187.5,37.5,0,962.5,192.5,0,512.5,512.5,YES,0.912956415176,0.0129564151764,18,1,3.94427518518,0.665966771248,False,False,False,YES
3951,2,9,-15,13,300,375,75,0,200,250,50,0,120,150,30,0,150,187.5,37.5,0,962.5,192.5,0,192.5,192.5,YES,0.905147816508,0.00514781650761,18,1,4.33731796782,0.735900617368,False,False,False,YES
3951,2,10,-14,15,300,375,75,0,200,250,50,0,120,150,30,0,150,187.5,37.5,0,962.5,192.5,0,192.5,192.5,YES,0.905985046681,0.00598504668058,18,1,4.31685826166,0.733016204777,False,False,False,YES
3951,2,11,-13,17,300,375,75,0,200,250,50,0,120,150,30,0,150,187.5,37.5,0,962.5,192.5,0,192.5,192.5,YES,0.903758302629,0.00375830262928,18,1,4.46304954338,0.760160797207,False,False,False,YES
3951,2,12,-12,19,300,375,75,0,200,250,50,0,120,150,30,0,150,187.5,37.5,0,962.5,192.5,0,192.5,192.5,YES,0.903429562652,0.00342956265178,18,1,4.53701235439,0.775186711657,False,False,False,YES
3951,2,13,-11,21,300,375,75,0,200,250,50,0,120,150,30,0,150,187.5,37.5,0,962.5,192.5,0,192.5,192.5,YES,0.903431149173,0.00343114917345,18,1,4.57013118946,0.78212916442,False,False,False,YES
3951,2,14,-10,23,300,375,75,0,200,250,50,0,120,150,30,0,150,187.5,37.5,0,962.5,192.5,0,192.5,192.5,YES,0.904429960005,0.00442996000472,18,1,4.60623870669,0.791225320635,False,False,False,YES
3951,2,15,-9,25,300,375,75,0,200,250,50,0,120,150,30,0,150,187.5,37.5,0,962.5,192.5,0,192.5,192.5,YES,0.90834218967,0.00834218966972,18,1,4.45184773487,0.765203739525,False,False,False,YES
3951,2,16,-8,27,300,375,75,0,200,250,50,0,120,150,30,0,150,187.5,37.5,0,962.5,192.5,0,192.5,192.5,YES,0.906770737978,0.00677073797764,18,1,4.48967858026,0.770629578303,False,False,False,YES
3951,3,17,-7,36,300,375,75,0,200,250,50,0,0,150,30,0,150,187.5,37.5,0,962.5,192.5,0,312.5,312.5,YES,0.905827256184,0.00582725618405,18,1,4.49217065397,0.769664338432,False,False,False,YES
3951,3,18,-6,41,300,375,75,0,200,250,50,0,0,150,30,0,150,187.5,37.5,0,962.5,192.5,0,312.5,312.5,YES,0.906204660123,0.00620466012347,18,1,4.40367620854,0.751738087935,False,False,False,YES
3951,3,19,-5,48,300,375,75,0,0,250,50,0,0,150,30,0,150,187.5,37.5,0,962.5,192.5,0,512.5,512.5,YES,0.90062960229,0.000629602290455,18,1,4.58469331196,0.780577078231,False,False,False,YES
3951,3,20,-4,55,300,375,75,0,0,250,50,0,0,7.63448068913,-112.365519311,142.365519311,0,187.5,37.5,0,820.134480689,50.1344806891,142.365519311,520.134480689,520.134480689,NO,0.9,0,18,1,4.9795600019,0.853309442458,True,False,False,YES
3951,3,21,-3,72,300,375,75,0,0,220.359814298,20.3598142978,29.6401857022,0,0,-120,150,60.9344548861,187.5,37.5,0,782.859814298,12.8598142978,179.640185702,421.925359412,421.925359412,NO,0.9,0,18,1,5.05180590572,0.867142775475,True,False,False,YES
3951,3,22,-2,89,300,375,75,0,200,250,50,0,0,7.63448068913,-112.365519311,142.365519311,150,187.5,37.5,0,820.134480689,50.1344806891,142.365519311,170.134480689,170.134480689,NO,0.9,0,18,1,4.9795600019,0.853309442458,True,False,False,YES
3951,3,23,-1,110,300,300,8.25366441859e-11,74.9999999999,200,200,0,50,67.537284676,67.537284676,-52.462715324,82.462715324,150,150,0,37.5,717.537284676,-52.4627153239,244.962715324,8.25366441859e-11,3.47881723428e-11,NO,0.9,0,18,1,4.83659842094,0.831134359092,True,False,False,YES
3997,1,8,-16,8,300,375,75,0,0,250,50,0,0,150,30,0,150,187.5,37.5,0,962.5,192.5,0,512.5,512.5,YES,0.912956415176,0.0129564151764,18,1,3.94427518518,0.665966771248,False,False,False,YES
3997,2,9,-15,13,300,375,75,0,200,250,50,0,120,150,30,0,150,187.5,37.5,0,962.5,192.5,0,192.5,192.5,YES,0.905147816508,0.00514781650761,18,1,4.33731796782,0.735900617368,False,False,False,YES
3997,2,10,-14,15,300,375,75,0,200,250,50,0,120,150,30,0,150,187.5,37.5,0,962.5,192.5,0,192.5,192.5,YES,0.905985046681,0.00598504668058,18,1,4.31685826166,0.733016204777,False,False,False,YES
3997,2,11,-13,17,300,375,75,0,200,250,50,0,120,150,30,0,150,187.5,37.5,0,962.5,192.5,0,192.5,192.5,YES,0.903758302629,0.00375830262928,18,1,4.46304954338,0.760160797207,False,False,False,YES
3997,2,12,-12,19,300,375,75,0,200,250,50,0,120,150,30,0,150,187.5,37.5,0,962.5,192.5,0,192.5,192.5,YES,0.903429562652,0.00342956265178,18,1,4.53701235439,0.775186711657,False,False,False,YES
3997,2,13,-11,21,300,375,75,0,200,250,50,0,120,150,30,0,150,187.5,37.5,0,962.5,192.5,0,192.5,192.5,YES,0.903431149173,0.00343114917345,18,1,4.57013118946,0.78212916442,False,False,False,YES
3997,2,14,-10,23,300,375,75,0,200,250,50,0,120,150,30,0,150,187.5,37.5,0,962.5,192.5,0,192.5,192.5,YES,0.904429960005,0.00442996000472,18,1,4.60623870669,0.791225320635,False,False,False,YES
3997,2,15,-9,25,300,375,75,0,200,250,50,0,120,150,30,0,150,187.5,37.5,0,962.5,192.5,0,192.5,192.5,YES,0.90834218967,0.00834218966972,18,1,4.45184773487,0.765203739525,False,False,False,YES
3997,2,16,-8,27,300,375,75,0,200,250,50,0,120,150,30,0,150,187.5,37.5,0,962.5,192.5,0,192.5,192.5,YES,0.906770737978,0.00677073797764,18,1,4.48967858026,0.770629578303,False,False,False,YES
3997,3,17,-7,37,300,375,75,0,200,250,50,0,120,150,30,0,150,187.5,37.5,0,962.5,192.5,0,192.5,192.5,YES,0.905827256184,0.00582725618405,18,1,4.49217065397,0.769664338432,False,False,False,YES
3997,3,18,-6,42,300,375,75,0,200,250,50,0,120,150,30,0,150,187.5,37.5,0,962.5,192.5,0,192.5,192.5,YES,0.906204660123,0.00620466012347,18,1,4.40367620854,0.751738087935,False,False,False,YES
3997,3,19,-5,50,300,375,75,0,200,250,50,0,120,150,30,0,150,187.5,37.5,0,962.5,192.5,0,192.5,192.5,YES,0.90062960229,0.000629602290455,18,1,4.58469331196,0.780577078231,False,False,False,YES
3997,3,20,-4,62,300,300.000000001,7.59996510169e-10,74.9999999992,200,200,0,50,53.7144125081,53.7144125081,-66.2855874919,96.2855874919,150,150,0,37.5,703.714412509,-66.2855874911,258.785587491,7.59996510169e-10,0,NO,0.9,0,18,1,4.87591690154,0.838458765362,True,False,False,YES
3997,3,21,-3,79,300,300.000000001,9.56788426265e-10,74.999999999,200,200,0,50,25.4407801931,25.4407801931,-94.5592198069,124.559219807,150,150,0,37.5,675.440780194,-94.5592198059,287.059219806,9.56788426265e-10,0,NO,0.9,0,18,1,4.95640698938,0.853440280585,True,False,False,YES
3997,3,22,-2,93,300,300.000000001,7.59996510169e-10,74.9999999992,200,200,0,50,53.7144125081,53.7144125081,-66.2855874919,96.2855874919,150,150,0,37.5,703.714412509,-66.2855874911,258.785587491,7.59996510169e-10,0,NO,0.9,0,18,1,4.87591690154,0.838458765362,True,False,False,YES
3997,3,23,-1,112,300,300,8.25366441859e-11,74.9999999999,200,200,0,50,67.537284676,67.537284676,-52.462715324,82.462715324,150,150,0,37.5,717.537284676,-52.4627153239,244.962715324,8.25366441859e-11,1.84172677109e-11,NO,0.9,0,18,1,4.83659842094,0.831134359092,True,False,False,YES
4007,2,16,-16,26,0,375,75,0,0,250,50,0,0,150,30,0,0,187.5,37.5,0,962.5,192.5,0,962.5,962.5,YES,0.906770737978,0.00677073797764,18,1,4.48967858026,0.770629578303,False,False,False,YES
4007,3,17,-15,37,300,375,75,0,200,250,50,0,120,150,30,0,150,187.5,37.5,0,962.5,192.5,0,192.5,192.5,YES,0.905827256184,0.00582725618405,18,1,4.49217065397,0.769664338432,False,False,False,YES
4007,3,18,-14,42,300,375,75,0,200,250,50,0,120,150,30,0,150,187.5,37.5,0,962.5,192.5,0,192.5,192.5,YES,0.906204660123,0.00620466012347,18,1,4.40367620854,0.751738087935,False,False,False,YES
4007,3,19,-13,50,300,375,75,0,200,250,50,0,120,150,30,0,150,187.5,37.5,0,962.5,192.5,0,192.5,192.5,YES,0.90062960229,0.000629602290455,18,1,4.58469331196,0.780577078231,False,False,False,YES
4007,3,20,-12,62,300,300.000000001,7.59996510169e-10,74.9999999992,200,200,0,50,53.7144125081,53.7144125081,-66.2855874919,96.2855874919,150,150,0,37.5,703.714412509,-66.2855874911,258.785587491,7.59996510169e-10,0,NO,0.9,0,18,1,4.87591690154,0.838458765362,True,False,False,YES
4007,3,21,-11,79,300,300.000000001,9.56788426265e-10,74.999999999,200,200,0,50,25.4407801931,25.4407801931,-94.5592198069,124.559219807,150,150,0,37.5,675.440780194,-94.5592198059,287.059219806,9.56788426265e-10,0,NO,0.9,0,18,1,4.95640698938,0.853440280585,True,False,False,YES
4007,3,22,-10,93,300,300.000000001,7.59996510169e-10,74.9999999992,200,200,0,50,53.7144125081,53.7144125081,-66.2855874919,96.2855874919,150,150,0,37.5,703.714412509,-66.2855874911,258.785587491,7.59996510169e-10,0,NO,0.9,0,18,1,4.87591690154,0.838458765362,True,False,False,YES
4007,3,23,-9,112,300,300,8.25366441859e-11,74.9999999999,200,200,0,50,67.537284676,67.537284676,-52.462715324,82.462715324,150,150,0,37.5,717.537284676,-52.4627153239,244.962715324,8.25366441859e-11,1.84172677109e-11,NO,0.9,0,18,1,4.83659842094,0.831134359092,True,False,False,YES
4007,3,24,-8,126,300,375,75,0,200,234.805942445,34.8059424453,15.1940575547,120,120,0,30,150,187.5,37.5,0,917.305942445,147.305942445,45.1940575547,147.305942445,147.305942445,NO,0.9,0,18,1,4.68729869328,0.798787162791,True,False,False,YES
4007,4,25,-7,143,300,375,75,0,200,250,50,0,120,150,30,0,150,187.5,37.5,0,962.5,192.5,0,192.5,192.5,YES,0.906307965521,0.00630796552101,18,1,4.26990737353,0.723590287697,False,False,False,YES
4007,4,26,-6,246,300,375,75,0,200,250,50,0,120,150,30,0,150,187.5,37.5,0,962.5,192.5,0,192.5,192.5,YES,0.910317139797,0.0103171397966,18,1,4.07377998465,0.68889233879,False,False,False,YES
4007,4,27,-5,314,300,375,75,0,200,250,50,0,120,150,30,0,150,187.5,37.5,0,962.5,192.5,0,192.5,192.5,YES,0.91162585187,0.0116258518703,18,1,4.0096020615,0.677532754217,False,False,False,YES
4007,4,28,-4,389,300,375,75,0,200,250,50,0,120,150,30,0,150,187.5,37.5,0,962.5,192.5,0,192.5,192.5,YES,0.912956415176,0.0129564151764,18,1,3.94427518518,0.665966771248,False,False,False,YES
4007,4,29,-3,465,300,375,75,0,200,250,50,0,120,150,30,0,150,187.5,37.5,0,962.5,192.5,0,192.5,192.5,YES,0.913763305626,0.0137633056263,18,1,3.90462154628,0.658944622108,False,False,False,YES
4007,4,30,-2,511,300,375,75,0,200,250,50,0,120,150,30,0,150,187.5,37.5,0,962.5,192.5,0,192.5,192.5,YES,0.915611741099,0.0156117410993,18,1,3.81367682194,0.64283480531,False,False,False,YES
4007,4,31,-1,551,300,375,75,0,200,250,50,0,120,150,30,0,150,187.5,37.5,0,962.5,192.5,0,192.5,192.5,YES,0.916936520514,0.016936520514,18,1,3.74840726484,0.631268822341,False,False,False,YES
4075,3,24,-16,125,300,375,75,0,0,234.805942445,34.8059424453,15.1940575547,120,120,0,30,150,187.5,37.5,0,917.305942445,147.305942445,45.1940575547,347.305942445,347.305942445,NO,0.9,0,18,1,4.68729869328,0.798787162791,True,False,False,YES
4075,4,25,-15,143,300,375,75,0,200,250,50,0,120,150,30,0,150,187.5,37.5,0,962.5,192.5,0,192.5,192.5,YES,0.906307965521,0.00630796552101,18,1,4.26990737353,0.723590287697,False,False,False,YES
4075,4,26,-14,246,300,375,75,0,200,250,50,0,120,150,30,0,150,187.5,37.5,0,962.5,192.5,0,192.5,192.5,YES,0.910317139797,0.0103171397966,18,1,4.07377998465,0.68889233879,False,False,False,YES
4075,4,27,-13,314,300,375,75,0,200,250,50,0,120,150,30,0,150,187.5,37.5,0,962.5,192.5,0,192.5,192.5,YES,0.91162585187,0.0116258518703,18,1,4.0096020615,0.677532754217,False,False,False,YES
4075,4,28,-12,389,300,375,75,0,200,250,50,0,120,150,30,0,150,187.5,37.5,0,962.5,192.5,0,192.5,192.5,YES,0.912956415176,0.0129564151764,18,1,3.94427518518,0.665966771248,False,False,False,YES
4075,4,29,-11,465,300,375,75,0,200,250,50,0,120,150,30,0,150,187.5,37.5,0,962.5,192.5,0,192.5,192.5,YES,0.913763305626,0.0137633056263,18,1,3.90462154628,0.658944622108,False,False,False,YES
4075,4,30,-10,511,300,375,75,0,200,250,50,0,120,150,30,0,150,187.5,37.5,0,962.5,192.5,0,192.5,192.5,YES,0.915611741099,0.0156117410993,18,1,3.81367682194,0.64283480531,False,False,False,YES
4075,4,31,-9,551,300,375,75,0,200,250,50,0,120,150,30,0,150,187.5,37.5,0,962.5,192.5,0,192.5,192.5,YES,0.916936520514,0.016936520514,18,1,3.74840726484,0.631268822341,False,False,False,YES
4075,4,32,-8,570,300,375,75,0,200,250,50,0,120,150,30,0,150,187.5,37.5,0,962.5,192.5,0,192.5,192.5,YES,0.912956415176,0.0129564151764,18,1,3.94427518518,0.665966771248,False,False,False,YES
4075,5,33,-7,661,300,375,75,0,200,250,50,0,120,150,30,0,150,187.5,37.5,0,962.5,192.5,0,192.5,192.5,YES,0.905147816508,0.00514781650761,18,1,4.33731796782,0.735900617368,False,False,False,YES
4075,5,34,-6,728,300,375,75,0,200,250,50,0,120,150,30,0,150,187.5,37.5,0,962.5,192.5,0,192.5,192.5,YES,0.905985046681,0.00598504668058,18,1,4.31685826166,0.733016204777,False,False,False,YES
4075,5,35,-5,761,300,375,75,0,200,250,50,0,120,150,30,0,150,187.5,37.5,0,962.5,192.5,0,192.5,192.5,YES,0.903758302629,0.00375830262928,18,1,4.46304954338,0.760160797207,False,False,False,YES
4075,5,36,-4,785,300,375,75,0,200,250,50,0,120,150,30,0,150,187.5,37.5,0,962.5,192.5,0,192.5,192.5,YES,0.903429562652,0.00342956265178,18,1,4.53701235439,0.775186711657,False,False,False,YES
4075,5,37,-3,812,300,375,75,0,200,250,50,0,120,150,30,0,150,187.5,37.5,0,962.5,192.5,0,192.5,192.5,YES,0.903431149173,0.00343114917345,18,1,4.57013118946,0.78212916442,False,False,False,YES
4075,5,38,-2,840,300,375,75,0,200,250,50,0,120,150,30,0,150,187.5,37.5,0,962.5,192.5,0,192.5,192.5,YES,0.904429960005,0.00442996000472,18,1,4.60623870669,0.791225320635,False,False,False,YES
4075,5,39,-1,883,300,375,75,0,200,250,50,0,120,150,30,0,150,187.5,37.5,0,962.5,192.5,0,192.5,192.5,YES,0.90834218967,0.00834218966972,18,1,4.45184773487,0.765203739525,False,False,False,YES
4329,2,16,-16,26,0,375,75,0,0,250,50,0,0,150,30,0,0,187.5,37.5,0,962.5,192.5,0,962.5,962.5,YES,0.906770737978,0.00677073797764,18,1,4.48967858026,0.770629578303,False,False,False,YES
4329,3,17,-15,37,300,375,75,0,200,250,50,0,120,150,30,0,150,187.5,37.5,0,962.5,192.5,0,192.5,192.5,YES,0.905827256184,0.00582725618405,18,1,4.49217065397,0.769664338432,False,False,False,YES
4329,3,18,-14,42,300,375,75,0,200,250,50,0,120,150,30,0,150,187.5,37.5,0,962.5,192.5,0,192.5,192.5,YES,0.906204660123,0.00620466012347,18,1,4.40367620854,0.751738087935,False,False,False,YES
4329,3,19,-13,50,300,375,75,0,200,250,50,0,120,150,30,0,150,187.5,37.5,0,962.5,192.5,0,192.5,192.5,YES,0.90062960229,0.000629602290455,18,1,4.58469331196,0.780577078231,False,False,False,YES
4329,3,20,-12,63,300,300.000000001,7.59996510169e-10,74.9999999992,200,200,0,50,53.7144125081,53.7144125081,-66.2855874919,96.2855874919,150,150,0,37.5,703.714412509,-66.2855874911,258.785587491,7.59996510169e-10,0,NO,0.9,0,18,1,4.87591690154,0.838458765362,True,False,False,YES
4329,3,21,-11,79,300,300.000000001,9.56788426265e-10,74.999999999,200,200,0,50,25.4407801931,25.4407801931,-94.5592198069,124.559219807,150,150,0,37.5,675.440780194,-94.5592198059,287.059219806,9.56788426265e-10,0,NO,0.9,0,18,1,4.95640698938,0.853440280585,True,False,False,YES
4329,3,22,-10,93,300,300.000000001,7.59996510169e-10,74.9999999992,200,200,0,50,53.7144125081,53.7144125081,-66.2855874919,96.2855874919,150,150,0,37.5,703.714412509,-66.2855874911,258.785587491,7.59996510169e-10,0,NO,0.9,0,18,1,4.87591690154,0.838458765362,True,False,False,YES
4329,3,23,-9,110,300,300,8.25366441859e-11,74.9999999999,200,200,0,50,67.537284676,67.537284676,-52.462715324,82.462715324,150,150,0,37.5,717.537284676,-52.4627153239,244.962715324,8.25366441859e-11,3.47881723428e-11,NO,0.9,0,18,1,4.83659842094,0.831134359092,True,False,False,YES
4329,3,24,-8,126,300,375,75,0,200,234.805942445,34.8059424453,15.1940575547,120,120,0,30,150,187.5,37.5,0,917.305942445,147.305942445,45.1940575547,147.305942445,147.305942445,NO,0.9,0,18,1,4.68729869328,0.798787162791,True,False,False,YES
4329,4,25,-7,143,300,375,75,0,200,250,50,0,120,150,30,0,150,187.5,37.5,0,962.5,192.5,0,192.5,192.5,YES,0.906307965521,0.00630796552101,18,1,4.26990737353,0.723590287697,False,False,False,YES
4329,4,26,-6,246,300,375,75,0,200,250,50,0,120,150,30,0,150,187.5,37.5,0,962.5,192.5,0,192.5,192.5,YES,0.910317139797,0.0103171397966,18,1,4.07377998465,0.68889233879,False,False,False,YES
4329,4,27,-5,314,300,375,75,0,200,250,50,0,120,150,30,0,150,187.5,37.5,0,962.5,192.5,0,192.5,192.5,YES,0.91162585187,0.0116258518703,18,1,4.0096020615,0.677532754217,False,False,False,YES
4329,4,28,-4,389,300,375,75,0,200,250,50,0,120,150,30,0,150,187.5,37.5,0,962.5,192.5,0,192.5,192.5,YES,0.912956415176,0.0129564151764,18,1,3.94427518518,0.665966771248,False,False,False,YES
4329,4,29,-3,465,300,375,75,0,200,250,50,0,120,150,30,0,150,187.5,37.5,0,962.5,192.5,0,192.5,192.5,YES,0.913763305626,0.0137633056263,18,1,3.90462154628,0.658944622108,False,False,False,YES
4329,4,30,-2,511,300,375,75,0,200,250,50,0,120,150,30,0,150,187.5,37.5,0,962.5,192.5,0,192.5,192.5,YES,0.915611741099,0.0156117410993,18,1,3.81367682194,0.64283480531,False,False,False,YES
4329,4,31,-1,551,300,375,75,0,200,250,50,0,120,150,30,0,150,187.5,37.5,0,962.5,192.5,0,192.5,192.5,YES,0.916936520514,0.016936520514,18,1,3.74840726484,0.631268822341,False,False,False,YES
4448,2,16,-16,26,0,375,75,0,0,250,50,0,0,150,30,0,0,187.5,37.5,0,962.5,192.5,0,962.5,962.5,YES,0.906770737978,0.00677073797764,18,1,4.48967858026,0.770629578303,False,False,False,YES
4448,3,17,-15,37,300,375,75,0,200,250,50,0,120,150,30,0,150,187.5,37.5,0,962.5,192.5,0,192.5,192.5,YES,0.905827256184,0.00582725618405,18,1,4.49217065397,0.769664338432,False,False,False,YES
4448,3,18,-14,42,300,375,75,0,200,250,50,0,120,150,30,0,150,187.5,37.5,0,962.5,192.5,0,192.5,192.5,YES,0.906204660123,0.00620466012347,18,1,4.40367620854,0.751738087935,False,False,False,YES
4448,3,19,-13,50,300,375,75,0,200,250,50,0,120,150,30,0,150,187.5,37.5,0,962.5,192.5,0,192.5,192.5,YES,0.90062960229,0.000629602290455,18,1,4.58469331196,0.780577078231,False,False,False,YES
4448,3,20,-12,62,300,300.000000001,7.59996510169e-10,74.9999999992,200,200,0,50,53.7144125081,53.7144125081,-66.2855874919,96.2855874919,150,150,0,37.5,703.714412509,-66.2855874911,258.785587491,7.59996510169e-10,0,NO,0.9,0,18,1,4.87591690154,0.838458765362,True,False,False,YES
4448,3,21,-11,79,300,300.000000001,9.56788426265e-10,74.999999999,200,200,0,50,25.4407801931,25.4407801931,-94.5592198069,124.559219807,150,150,0,37.5,675.440780194,-94.5592198059,287.059219806,9.56788426265e-10,0,NO,0.9,0,18,1,4.95640698938,0.853440280585,True,False,False,YES
4448,3,22,-10,93,300,300.000000001,7.59996510169e-10,74.9999999992,200,200,0,50,53.7144125081,53.7144125081,-66.2855874919,96.2855874919,150,150,0,37.5,703.714412509,-66.2855874911,258.785587491,7.59996510169e-10,0,NO,0.9,0,18,1,4.87591690154,0.838458765362,True,False,False,YES
4448,3,23,-9,112,300,300,8.25366441859e-11,74.9999999999,200,200,0,50,67.537284676,67.537284676,-52.462715324,82.462715324,150,150,0,37.5,717.537284676,-52.4627153239,244.962715324,8.25366441859e-11,1.84172677109e-11,NO,0.9,0,18,1,4.83659842094,0.831134359092,True,False,False,YES
4448,3,24,-8,126,300,375,75,0,200,234.805942445,34.8059424453,15.1940575547,120,120,0,30,150,187.5,37.5,0,917.305942445,147.305942445,45.1940575547,147.305942445,147.305942445,NO,0.9,0,18,1,4.68729869328,0.798787162791,True,False,False,YES
4448,4,25,-7,143,300,375,75,0,200,250,50,0,120,150,30,0,150,187.5,37.5,0,962.5,192.5,0,192.5,192.5,YES,0.906307965521,0.00630796552101,18,1,4.26990737353,0.723590287697,False,False,False,YES
4448,4,26,-6,246,300,375,75,0,200,250,50,0,120,150,30,0,150,187.5,37.5,0,962.5,192.5,0,192.5,192.5,YES,0.910317139797,0.0103171397966,18,1,4.07377998465,0.68889233879,False,False,False,YES
4448,4,27,-5,314,300,375,75,0,200,250,50,0,120,150,30,0,150,187.5,37.5,0,962.5,192.5,0,192.5,192.5,YES,0.91162585187,0.0116258518703,18,1,4.0096020615,0.677532754217,False,False,False,YES
4448,4,28,-4,389,300,375,75,0,200,250,50,0,120,150,30,0,150,187.5,37.5,0,962.5,192.5,0,192.5,192.5,YES,0.912956415176,0.0129564151764,18,1,3.94427518518,0.665966771248,False,False,False,YES
4448,4,29,-3,465,300,375,75,0,200,250,50,0,120,150,30,0,150,187.5,37.5,0,962.5,192.5,0,192.5,192.5,YES,0.913763305626,0.0137633056263,18,1,3.90462154628,0.658944622108,False,False,False,YES
4448,4,30,-2,511,300,375,75,0,200,250,50,0,120,150,30,0,150,187.5,37.5,0,962.5,192.5,0,192.5,192.5,YES,0.915611741099,0.0156117410993,18,1,3.81367682194,0.64283480531,False,False,False,YES
4448,4,31,-1,551,300,375,75,0,200,250,50,0,120,150,30,0,150,187.5,37.5,0,962.5,192.5,0,192.5,192.5,YES,0.916936520514,0.016936520514,18,1,3.74840726484,0.631268822341,False,False,False,YES
4674,2,16,-16,26,0,375,75,0,0,250,50,0,0,150,30,0,0,187.5,37.5,0,962.5,192.5,0,962.5,962.5,YES,0.906770737978,0.00677073797764,18,1,4.48967858026,0.770629578303,False,False,False,YES
4674,3,17,-15,37,300,375,75,0,200,250,50,0,120,150,30,0,150,187.5,37.5,0,962.5,192.5,0,192.5,192.5,YES,0.905827256184,0.00582725618405,18,1,4.49217065397,0.769664338432,False,False,False,YES
4674,3,18,-14,42,300,375,75,0,200,250,50,0,120,150,30,0,150,187.5,37.5,0,962.5,192.5,0,192.5,192.5,YES,0.906204660123,0.00620466012347,18,1,4.40367620854,0.751738087935,False,False,False,YES
4674,3,19,-13,50,300,375,75,0,200,250,50,0,120,150,30,0,150,187.5,37.5,0,962.5,192.5,0,192.5,192.5,YES,0.90062960229,0.000629602290455,18,1,4.58469331196,0.780577078231,False,False,False,YES
4674,3,20,-12,61,300,300.000000001,7.59996510169e-10,74.9999999992,200,200,0,50,53.7144125081,53.7144125081,-66.2855874919,96.2855874919,150,150,0,37.5,703.714412509,-66.2855874911,258.785587491,7.59996510169e-10,0,NO,0.9,0,18,1,4.87591690154,0.838458765362,True,False,False,YES
4674,3,21,-11,78,300,300.000000001,9.56788426265e-10,74.999999999,200,200,0,50,25.4407801931,25.4407801931,-94.5592198069,124.559219807,150,150,0,37.5,675.440780194,-94.5592198059,287.059219806,9.56788426265e-10,1.1823431123e-11,NO,0.9,0,18,1,4.95640698938,0.853440280585,True,False,False,YES
4674,3,22,-10,92,300,300.000000001,7.59996510169e-10,74.9999999992,200,200,0,50,53.7144125081,53.7144125081,-66.2855874919,96.2855874919,150,150,0,37.5,703.714412509,-66.2855874911,258.785587491,7.59996510169e-10,0,NO,0.9,0,18,1,4.87591690154,0.838458765362,True,False,False,YES
4674,3,23,-9,115,300,300,8.25366441859e-11,74.9999999999,200,200,0,50,67.537284676,67.537284676,-52.462715324,82.462715324,150,150,0,37.5,717.537284676,-52.4627153239,244.962715324,8.25366441859e-11,0,NO,0.9,0,18,1,4.83659842094,0.831134359092,True,False,False,YES
4674,3,24,-8,126,300,375,75,0,200,234.805942445,34.8059424453,15.1940575547,120,120,0,30,150,187.5,37.5,0,917.305942445,147.305942445,45.1940575547,147.305942445,147.305942445,NO,0.9,0,18,1,4.68729869328,0.798787162791,True,False,False,YES
4674,4,25,-7,143,300,375,75,0,200,250,50,0,120,150,30,0,150,187.5,37.5,0,962.5,192.5,0,192.5,192.5,YES,0.906307965521,0.00630796552101,18,1,4.26990737353,0.723590287697,False,False,False,YES
4674,4,26,-6,246,300,375,75,0,200,250,50,0,120,150,30,0,150,187.5,37.5,0,962.5,192.5,0,192.5,192.5,YES,0.910317139797,0.0103171397966,18,1,4.07377998465,0.68889233879,False,False,False,YES
4674,4,27,-5,314,300,375,75,0,200,250,50,0,120,150,30,0,150,187.5,37.5,0,962.5,192.5,0,192.5,192.5,YES,0.91162585187,0.0116258518703,18,1,4.0096020615,0.677532754217,False,False,False,YES
4674,4,28,-4,389,300,375,75,0,200,250,50,0,120,150,30,0,150,187.5,37.5,0,962.5,192.5,0,192.5,192.5,YES,0.912956415176,0.0129564151764,18,1,3.94427518518,0.665966771248,False,False,False,YES
4674,4,29,-3,465,300,375,75,0,200,250,50,0,120,150,30,0,150,187.5,37.5,0,962.5,192.5,0,192.5,192.5,YES,0.913763305626,0.0137633056263,18,1,3.90462154628,0.658944622108,False,False,False,YES
4674,4,30,-2,511,300,375,75,0,200,250,50,0,120,150,30,0,150,187.5,37.5,0,962.5,192.5,0,192.5,192.5,YES,0.915611741099,0.0156117410993,18,1,3.81367682194,0.64283480531,False,False,False,YES
4674,4,31,-1,551,300,375,75,0,200,250,50,0,120,150,30,0,150,187.5,37.5,0,962.5,192.5,0,192.5,192.5,YES,0.916936520514,0.016936520514,18,1,3.74840726484,0.631268822341,False,False,False,YES
4689,2,16,-16,26,0,375,75,0,0,250,50,0,0,150,30,0,0,187.5,37.5,0,962.5,192.5,0,962.5,962.5,YES,0.906770737978,0.00677073797764,18,1,4.48967858026,0.770629578303,False,False,False,YES
4689,3,17,-15,37,300,375,75,0,200,250,50,0,120,150,30,0,150,187.5,37.5,0,962.5,192.5,0,192.5,192.5,YES,0.905827256184,0.00582725618405,18,1,4.49217065397,0.769664338432,False,False,False,YES
4689,3,18,-14,42,300,375,75,0,200,250,50,0,120,150,30,0,150,187.5,37.5,0,962.5,192.5,0,192.5,192.5,YES,0.906204660123,0.00620466012347,18,1,4.40367620854,0.751738087935,False,False,False,YES
4689,3,19,-13,50,300,375,75,0,200,250,50,0,120,150,30,0,150,187.5,37.5,0,962.5,192.5,0,192.5,192.5,YES,0.90062960229,0.000629602290455,18,1,4.58469331196,0.780577078231,False,False,False,YES
4689,3,20,-12,62,300,300.000000001,7.59996510169e-10,74.9999999992,200,200,0,50,53.7144125081,53.7144125081,-66.2855874919,96.2855874919,150,150,0,37.5,703.714412509,-66.2855874911,258.785587491,7.59996510169e-10,0,NO,0.9,0,18,1,4.87591690154,0.838458765362,True,False,False,YES
4689,3,21,-11,79,300,300.000000001,9.56788426265e-10,74.999999999,200,200,0,50,25.4407801931,25.4407801931,-94.5592198069,124.559219807,150,150,0,37.5,675.440780194,-94.5592198059,287.059219806,9.56788426265e-10,0,NO,0.9,0,18,1,4.95640698938,0.853440280585,True,False,False,YES
4689,3,22,-10,93,300,300.000000001,7.59996510169e-10,74.9999999992,200,200,0,50,53.7144125081,53.7144125081,-66.2855874919,96.2855874919,150,150,0,37.5,703.714412509,-66.2855874911,258.785587491,7.59996510169e-10,0,NO,0.9,0,18,1,4.87591690154,0.838458765362,True,False,False,YES
4689,3,23,-9,112,300,300,8.25366441859e-11,74.9999999999,200,200,0,50,67.537284676,67.537284676,-52.462715324,82.462715324,150,150,0,37.5,717.537284676,-52.4627153239,244.962715324,8.25366441859e-11,1.84172677109e-11,NO,0.9,0,18,1,4.83659842094,0.831134359092,True,False,False,YES
4689,3,24,-8,126,300,375,75,0,200,234.805942445,34.8059424453,15.1940575547,120,120,0,30,150,187.5,37.5,0,917.305942445,147.305942445,45.1940575547,147.305942445,147.305942445,NO,0.9,0,18,1,4.68729869328,0.798787162791,True,False,False,YES
4689,4,25,-7,143,300,375,75,0,200,250,50,0,120,150,30,0,150,187.5,37.5,0,962.5,192.5,0,192.5,192.5,YES,0.906307965521,0.00630796552101,18,1,4.26990737353,0.723590287697,False,False,False,YES
4689,4,26,-6,246,300,375,75,0,200,250,50,0,120,150,30,0,150,187.5,37.5,0,962.5,192.5,0,192.5,192.5,YES,0.910317139797,0.0103171397966,18,1,4.07377998465,0.68889233879,False,False,False,YES
4689,4,27,-5,314,300,375,75,0,200,250,50,0,120,150,30,0,150,187.5,37.5,0,962.5,192.5,0,192.5,192.5,YES,0.91162585187,0.0116258518703,18,1,4.0096020615,0.677532754217,False,False,False,YES
4689,4,28,-4,389,300,375,75,0,200,250,50,0,120,150,30,0,150,187.5,37.5,0,962.5,192.5,0,192.5,192.5,YES,0.912956415176,0.0129564151764,18,1,3.94427518518,0.665966771248,False,False,False,YES
4689,4,29,-3,465,300,375,75,0,200,250,50,0,120,150,30,0,150,187.5,37.5,0,962.5,192.5,0,192.5,192.5,YES,0.913763305626,0.0137633056263,18,1,3.90462154628,0.658944622108,False,False,False,YES
4689,4,30,-2,511,300,375,75,0,200,250,50,0,120,150,30,0,150,187.5,37.5,0,962.5,192.5,0,192.5,192.5,YES,0.915611741099,0.0156117410993,18,1,3.81367682194,0.64283480531,False,False,False,YES
4689,4,31,-1,551,300,375,75,0,200,250,50,0,120,150,30,0,150,187.5,37.5,0,962.5,192.5,0,192.5,192.5,YES,0.916936520514,0.016936520514,18,1,3.74840726484,0.631268822341,False,False,False,YES
4711,2,16,-16,27,300,375,75,0,200,250,50,0,120,150,30,0,150,187.5,37.5,0,962.5,192.5,0,192.5,192.5,YES,0.906770737978,0.00677073797764,18,1,4.48967858026,0.770629578303,False,False,False,YES
4711,3,17,-15,37,300,375,75,0,200,250,50,0,120,150,30,0,150,187.5,37.5,0,962.5,192.5,0,192.5,192.5,YES,0.905827256184,0.00582725618405,18,1,4.49217065397,0.769664338432,False,False,False,YES
4711,3,18,-14,42,300,375,75,0,200,250,50,0,120,150,30,0,150,187.5,37.5,0,962.5,192.5,0,192.5,192.5,YES,0.906204660123,0.00620466012347,18,1,4.40367620854,0.751738087935,False,False,False,YES
4711,3,19,-13,50,300,375,75,0,200,250,50,0,120,150,30,0,150,187.5,37.5,0,962.5,192.5,0,192.5,192.5,YES,0.90062960229,0.000629602290455,18,1,4.58469331196,0.780577078231,False,False,False,YES
4711,3,20,-12,62,300,300.000000001,7.59996510169e-10,74.9999999992,200,200,0,50,53.7144125081,53.7144125081,-66.2855874919,96.2855874919,150,150,0,37.5,703.714412509,-66.2855874911,258.785587491,7.59996510169e-10,0,NO,0.9,0,18,1,4.87591690154,0.838458765362,True,False,False,YES
4711,3,21,-11,79,300,300.000000001,9.56788426265e-10,74.999999999,200,200,0,50,25.4407801931,25.4407801931,-94.5592198069,124.559219807,150,150,0,37.5,675.440780194,-94.5592198059,287.059219806,9.56788426265e-10,0,NO,0.9,0,18,1,4.95640698938,0.853440280585,True,False,False,YES
4711,3,22,-10,93,300,300.000000001,7.59996510169e-10,74.9999999992,200,200,0,50,53.7144125081,53.7144125081,-66.2855874919,96.2855874919,150,150,0,37.5,703.714412509,-66.2855874911,258.785587491,7.59996510169e-10,0,NO,0.9,0,18,1,4.87591690154,0.838458765362,True,False,False,YES
4711,3,23,-9,112,300,300,8.25366441859e-11,74.9999999999,200,200,0,50,67.537284676,67.537284676,-52.462715324,82.462715324,150,150,0,37.5,717.537284676,-52.4627153239,244.962715324,8.25366441859e-11,1.84172677109e-11,NO,0.9,0,18,1,4.83659842094,0.831134359092,True,False,False,YES
4711,3,24,-8,126,300,375,75,0,200,234.805942445,34.8059424453,15.1940575547,120,120,0,30,150,187.5,37.5,0,917.305942445,147.305942445,45.1940575547,147.305942445,147.305942445,NO,0.9,0,18,1,4.68729869328,0.798787162791,True,False,False,YES
4711,4,25,-7,143,300,375,75,0,200,250,50,0,120,150,30,0,150,187.5,37.5,0,962.5,192.5,0,192.5,192.5,YES,0.906307965521,0.00630796552101,18,1,4.26990737353,0.723590287697,False,False,False,YES
4711,4,26,-6,246,300,375,75,0,200,250,50,0,120,150,30,0,150,187.5,37.5,0,962.5,192.5,0,192.5,192.5,YES,0.910317139797,0.0103171397966,18,1,4.07377998465,0.68889233879,False,False,False,YES
4711,4,27,-5,314,300,375,75,0,200,250,50,0,120,150,30,0,150,187.5,37.5,0,962.5,192.5,0,192.5,192.5,YES,0.91162585187,0.0116258518703,18,1,4.0096020615,0.677532754217,False,False,False,YES
4711,4,28,-4,389,300,375,75,0,200,250,50,0,120,150,30,0,150,187.5,37.5,0,962.5,192.5,0,192.5,192.5,YES,0.912956415176,0.0129564151764,18,1,3.94427518518,0.665966771248,False,False,False,YES
4711,4,29,-3,465,300,375,75,0,200,250,50,0,120,150,30,0,150,187.5,37.5,0,962.5,192.5,0,192.5,192.5,YES,0.913763305626,0.0137633056263,18,1,3.90462154628,0.658944622108,False,False,False,YES
4711,4,30,-2,511,300,375,75,0,200,250,50,0,120,150,30,0,150,187.5,37.5,0,962.5,192.5,0,192.5,192.5,YES,0.915611741099,0.0156117410993,18,1,3.81367682194,0.64283480531,False,False,False,YES
4711,4,31,-1,551,300,375,75,0,200,250,50,0,120,150,30,0,150,187.5,37.5,0,962.5,192.5,0,192.5,192.5,YES,0.916936520514,0.016936520514,18,1,3.74840726484,0.631268822341,False,False,False,YES
4723,2,16,-16,26,0,375,75,0,0,250,50,0,0,150,30,0,0,187.5,37.5,0,962.5,192.5,0,962.5,962.5,YES,0.906770737978,0.00677073797764,18,1,4.48967858026,0.770629578303,False,False,False,YES
4723,3,17,-15,28,0,375,75,0,0,250,50,0,0,150,30,0,0,187.5,37.5,0,962.5,192.5,0,962.5,962.5,YES,0.905827256184,0.00582725618405,18,1,4.49217065397,0.769664338432,False,False,False,YES
4723,3,18,-14,38,0,375,75,0,0,250,50,0,0,150,30,0,0,187.5,37.5,0,962.5,192.5,0,962.5,962.5,YES,0.906204660123,0.00620466012347,18,1,4.40367620854,0.751738087935,False,False,False,YES
4723,3,19,-13,43,0,375,75,0,0,250,50,0,0,150,30,0,0,187.5,37.5,0,962.5,192.5,0,962.5,962.5,YES,0.90062960229,0.000629602290455,18,1,4.58469331196,0.780577078231,False,False,False,YES
4723,3,20,-12,51,0,375,75,0,0,250,50,0,0,7.63448068913,-112.365519311,142.365519311,0,187.5,37.5,0,820.134480689,50.1344806891,142.365519311,820.134480689,820.134480689,NO,0.9,0,18,1,4.9795600019,0.853309442458,True,False,False,YES
4723,3,21,-11,65,0,375,75,0,0,220.359814298,20.3598142978,29.6401857022,0,0,-120,150,0,187.5,37.5,0,782.859814298,12.8598142978,179.640185702,782.859814298,782.859814298,NO,0.9,0,18,1,5.05180590572,0.867142775475,True,False,False,YES
4723,3,22,-10,80,0,375,75,0,0,250,50,0,0,7.63448068913,-112.365519311,142.365519311,0,187.5,37.5,0,820.134480689,50.1344806891,142.365519311,820.134480689,820.134480689,NO,0.9,0,18,1,4.9795600019,0.853309442458,True,False,False,YES
4723,3,23,-9,97,0,375,75,0,0,250,50,0,0,21.457352857,-98.542647143,128.542647143,150,187.5,37.5,0,833.957352857,63.957352857,128.542647143,683.957352857,683.957352857,NO,0.9,0,18,1,4.94035524164,0.845985036188,True,False,False,YES
4723,3,24,-8,126,300,375,75,0,200,234.805942445,34.8059424453,15.1940575547,120,120,0,30,150,187.5,37.5,0,917.305942445,147.305942445,45.1940575547,147.305942445,147.305942445,NO,0.9,0,18,1,4.68729869328,0.798787162791,True,False,False,YES
4723,4,25,-7,143,300,375,75,0,200,250,50,0,120,150,30,0,150,187.5,37.5,0,962.5,192.5,0,192.5,192.5,YES,0.906307965521,0.00630796552101,18,1,4.26990737353,0.723590287697,False,False,False,YES
4723,4,26,-6,246,300,375,75,0,200,250,50,0,120,150,30,0,150,187.5,37.5,0,962.5,192.5,0,192.5,192.5,YES,0.910317139797,0.0103171397966,18,1,4.07377998465,0.68889233879,False,False,False,YES
4723,4,27,-5,314,300,375,75,0,200,250,50,0,120,150,30,0,150,187.5,37.5,0,962.5,192.5,0,192.5,192.5,YES,0.91162585187,0.0116258518703,18,1,4.0096020615,0.677532754217,False,False,False,YES
4723,4,28,-4,389,300,375,75,0,200,250,50,0,120,150,30,0,150,187.5,37.5,0,962.5,192.5,0,192.5,192.5,YES,0.912956415176,0.0129564151764,18,1,3.94427518518,0.665966771248,False,False,False,YES
4723,4,29,-3,465,300,375,75,0,200,250,50,0,120,150,30,0,150,187.5,37.5,0,962.5,192.5,0,192.5,192.5,YES,0.913763305626,0.0137633056263,18,1,3.90462154628,0.658944622108,False,False,False,YES
4723,4,30,-2,511,300,375,75,0,200,250,50,0,120,150,30,0,150,187.5,37.5,0,962.5,192.5,0,192.5,192.5,YES,0.915611741099,0.0156117410993,18,1,3.81367682194,0.64283480531,False,False,False,YES
4723,4,31,-1,551,300,375,75,0,200,250,50,0,120,150,30,0,150,187.5,37.5,0,962.5,192.5,0,192.5,192.5,YES,0.916936520514,0.016936520514,18,1,3.74840726484,0.631268822341,False,False,False,YES
4744,4,32,-16,564,8.00895036326,375,75,0,0,250,50,0,0,150,30,0,150,187.5,37.5,0,962.5,192.5,0,804.491049637,804.491049637,YES,0.912956415176,0.0129564151764,18,1,3.94427518518,0.665966771248,False,False,False,YES
4744,5,33,-15,661,300,375,75,0,200,250,50,0,120,150,30,0,150,187.5,37.5,0,962.5,192.5,0,192.5,192.5,YES,0.905147816508,0.00514781650761,18,1,4.33731796782,0.735900617368,False,False,False,YES
4744,5,34,-14,728,300,375,75,0,200,250,50,0,120,150,30,0,150,187.5,37.5,0,962.5,192.5,0,192.5,192.5,YES,0.905985046681,0.00598504668058,18,1,4.31685826166,0.733016204777,False,False,False,YES
4744,5,35,-13,761,300,375,75,0,200,250,50,0,120,150,30,0,150,187.5,37.5,0,962.5,192.5,0,192.5,192.5,YES,0.903758302629,0.00375830262928,18,1,4.46304954338,0.760160797207,False,False,False,YES
4744,5,36,-12,785,300,375,75,0,200,250,50,0,120,150,30,0,150,187.5,37.5,0,962.5,192.5,0,192.5,192.5,YES,0.903429562652,0.00342956265178,18,1,4.53701235439,0.775186711657,False,False,False,YES
4744,5,37,-11,812,300,375,75,0,200,250,50,0,120,150,30,0,150,187.5,37.5,0,962.5,192.5,0,192.5,192.5,YES,0.903431149173,0.00343114917345,18,1,4.57013118946,0.78212916442,False,False,False,YES
4744,5,38,-10,840,300,375,75,0,200,250,50,0,120,150,30,0,150,187.5,37.5,0,962.5,192.5,0,192.5,192.5,YES,0.904429960005,0.00442996000472,18,1,4.60623870669,0.791225320635,False,False,False,YES
4744,5,39,-9,883,300,375,75,0,200,250,50,0,120,150,30,0,150,187.5,37.5,0,962.5,192.5,0,192.5,192.5,YES,0.90834218967,0.00834218966972,18,1,4.45184773487,0.765203739525,False,False,False,YES
4744,5,40,-8,957,300,375,75,0,200,250,50,0,120,150,30,0,150,187.5,37.5,0,962.5,192.5,0,192.5,192.5,YES,0.906770737978,0.00677073797764,18,1,4.48967858026,0.770629578303,False,False,False,YES
4744,6,41,-7,993,300,375,75,0,200,250,50,0,120,150,30,0,150,187.5,37.5,0,962.5,192.5,0,192.5,192.5,YES,0.905827256184,0.00582725618405,18,1,4.49217065397,0.769664338432,False,False,False,YES
4744,6,42,-6,1029,300,375,75,0,200,250,50,0,120,150,30,0,150,187.5,37.5,0,962.5,192.5,0,192.5,192.5,YES,0.906204660123,0.00620466012347,18,1,4.40367620854,0.751738087935,False,False,False,YES
4744,6,43,-5,1056,300,375,75,0,200,250,50,0,120,150,30,0,150,187.5,37.5,0,962.5,192.5,0,192.5,192.5,YES,0.90062960229,0.000629602290455,18,1,4.58469331196,0.780577078231,False,False,False,YES
4744,6,44,-4,1080,300,300.000000001,7.59996510169e-10,74.9999999992,200,200,0,50,53.7144125081,53.7144125081,-66.2855874919,96.2855874919,150,150,0,37.5,703.714412509,-66.2855874911,258.785587491,7.59996510169e-10,0,NO,0.9,0,18,1,4.87591690154,0.838458765362,True,False,False,YES
4744,6,45,-3,1107,300,300.000000001,9.56788426265e-10,74.999999999,200,200,0,50,25.4407801931,25.4407801931,-94.5592198069,124.559219807,150,150,0,37.5,675.440780194,-94.5592198059,287.059219806,9.56788426265e-10,0,NO,0.9,0,18,1,4.95640698938,0.853440280585,True,False,False,YES
4744,6,46,-2,1148,300,300.000000001,7.59996510169e-10,74.9999999992,200,200,0,50,53.7144125081,53.7144125081,-66.2855874919,96.2855874919,150,150,0,37.5,703.714412509,-66.2855874911,258.785587491,7.59996510169e-10,0,NO,0.9,0,18,1,4.87591690154,0.838458765362,True,False,False,YES
4744,6,47,-1,1194,300,300,8.25366441859e-11,74.9999999999,200,200,0,50,67.537284676,67.537284676,-52.462715324,82.462715324,150,150,0,37.5,717.537284676,-52.4627153239,244.962715324,8.25366441859e-11,1.84172677109e-11,NO,0.9,0,18,1,4.83659842094,0.831134359092,True,False,False,YES
5055,3,24,-16,126,300,375,75,0,200,234.805942445,34.8059424453,15.1940575547,120,120,0,30,150,187.5,37.5,0,917.305942445,147.305942445,45.1940575547,147.305942445,147.305942445,NO,0.9,0,18,1,4.68729869328,0.798787162791,True,False,False,YES
5055,4,25,-15,143,300,375,75,0,200,250,50,0,120,150,30,0,150,187.5,37.5,0,962.5,192.5,0,192.5,192.5,YES,0.906307965521,0.00630796552101,18,1,4.26990737353,0.723590287697,False,False,False,YES
5055,4,26,-14,246,300,375,75,0,200,250,50,0,120,150,30,0,150,187.5,37.5,0,962.5,192.5,0,192.5,192.5,YES,0.910317139797,0.0103171397966,18,1,4.07377998465,0.68889233879,False,False,False,YES
5055,4,27,-13,314,300,375,75,0,200,250,50,0,120,150,30,0,150,187.5,37.5,0,962.5,192.5,0,192.5,192.5,YES,0.91162585187,0.0116258518703,18,1,4.0096020615,0.677532754217,False,False,False,YES
5055,4,28,-12,389,300,375,75,0,200,250,50,0,120,150,30,0,150,187.5,37.5,0,962.5,192.5,0,192.5,192.5,YES,0.912956415176,0.0129564151764,18,1,3.94427518518,0.665966771248,False,False,False,YES
5055,4,29,-11,465,300,375,75,0,200,250,50,0,120,150,30,0,150,187.5,37.5,0,962.5,192.5,0,192.5,192.5,YES,0.913763305626,0.0137633056263,18,1,3.90462154628,0.658944622108,False,False,False,YES
5055,4,30,-10,511,300,375,75,0,200,250,50,0,120,150,30,0,150,187.5,37.5,0,962.5,192.5,0,192.5,192.5,YES,0.915611741099,0.0156117410993,18,1,3.81367682194,0.64283480531,False,False,False,YES
5055,4,31,-9,551,300,375,75,0,200,250,50,0,120,150,30,0,150,187.5,37.5,0,962.5,192.5,0,192.5,192.5,YES,0.916936520514,0.016936520514,18,1,3.74840726484,0.631268822341,False,False,False,YES
5055,4,32,-8,570,300,375,75,0,200,250,50,0,120,150,30,0,150,187.5,37.5,0,962.5,192.5,0,192.5,192.5,YES,0.912956415176,0.0129564151764,18,1,3.94427518518,0.665966771248,False,False,False,YES
5055,5,33,-7,661,300,375,75,0,200,250,50,0,120,150,30,0,150,187.5,37.5,0,962.5,192.5,0,192.5,192.5,YES,0.905147816508,0.00514781650761,18,1,4.33731796782,0.735900617368,False,False,False,YES
5055,5,34,-6,728,300,375,75,0,200,250,50,0,120,150,30,0,150,187.5,37.5,0,962.5,192.5,0,192.5,192.5,YES,0.905985046681,0.00598504668058,18,1,4.31685826166,0.733016204777,False,False,False,YES
5055,5,35,-5,761,300,375,75,0,200,250,50,0,120,150,30,0,150,187.5,37.5,0,962.5,192.5,0,192.5,192.5,YES,0.903758302629,0.00375830262928,18,1,4.46304954338,0.760160797207,False,False,False,YES
5055,5,36,-4,785,300,375,75,0,200,250,50,0,120,150,30,0,150,187.5,37.5,0,962.5,192.5,0,192.5,192.5,YES,0.903429562652,0.00342956265178,18,1,4.53701235439,0.775186711657,False,False,False,YES
5055,5,37,-3,812,300,375,75,0,200,250,50,0,120,150,30,0,150,187.5,37.5,0,962.5,192.5,0,192.5,192.5,YES,0.903431149173,0.00343114917345,18,1,4.57013118946,0.78212916442,False,False,False,YES
5055,5,38,-2,840,300,375,75,0,200,250,50,0,120,150,30,0,150,187.5,37.5,0,962.5,192.5,0,192.5,192.5,YES,0.904429960005,0.00442996000472,18,1,4.60623870669,0.791225320635,False,False,False,YES
5055,5,39,-1,883,300,375,75,0,200,250,50,0,120,150,30,0,150,187.5,37.5,0,962.5,192.5,0,192.5,192.5,YES,0.90834218967,0.00834218966972,18,1,4.45184773487,0.765203739525,False,False,False,YES
5152,3,24,-16,126,300,375,75,0,200,234.805942445,34.8059424453,15.1940575547,120,120,0,30,150,187.5,37.5,0,917.305942445,147.305942445,45.1940575547,147.305942445,147.305942445,NO,0.9,0,18,1,4.68729869328,0.798787162791,True,False,False,YES
5152,4,25,-15,143,300,375,75,0,200,250,50,0,120,150,30,0,150,187.5,37.5,0,962.5,192.5,0,192.5,192.5,YES,0.906307965521,0.00630796552101,18,1,4.26990737353,0.723590287697,False,False,False,YES
5152,4,26,-14,246,300,375,75,0,200,250,50,0,120,150,30,0,150,187.5,37.5,0,962.5,192.5,0,192.5,192.5,YES,0.910317139797,0.0103171397966,18,1,4.07377998465,0.68889233879,False,False,False,YES
5152,4,27,-13,314,300,375,75,0,200,250,50,0,120,150,30,0,150,187.5,37.5,0,962.5,192.5,0,192.5,192.5,YES,0.91162585187,0.0116258518703,18,1,4.0096020615,0.677532754217,False,False,False,YES
5152,4,28,-12,389,300,375,75,0,200,250,50,0,120,150,30,0,150,187.5,37.5,0,962.5,192.5,0,192.5,192.5,YES,0.912956415176,0.0129564151764,18,1,3.94427518518,0.665966771248,False,False,False,YES
5152,4,29,-11,465,300,375,75,0,200,250,50,0,120,150,30,0,150,187.5,37.5,0,962.5,192.5,0,192.5,192.5,YES,0.913763305626,0.0137633056263,18,1,3.90462154628,0.658944622108,False,False,False,YES
5152,4,30,-10,511,300,375,75,0,200,250,50,0,120,150,30,0,150,187.5,37.5,0,962.5,192.5,0,192.5,192.5,YES,0.915611741099,0.0156117410993,18,1,3.81367682194,0.64283480531,False,False,False,YES
5152,4,31,-9,551,300,375,75,0,200,250,50,0,120,150,30,0,150,187.5,37.5,0,962.5,192.5,0,192.5,192.5,YES,0.916936520514,0.016936520514,18,1,3.74840726484,0.631268822341,False,False,False,YES
5152,4,32,-8,570,300,375,75,0,200,250,50,0,120,150,30,0,150,187.5,37.5,0,962.5,192.5,0,192.5,192.5,YES,0.912956415176,0.0129564151764,18,1,3.94427518518,0.665966771248,False,False,False,YES
5152,5,33,-7,661,300,375,75,0,200,250,50,0,120,150,30,0,150,187.5,37.5,0,962.5,192.5,0,192.5,192.5,YES,0.905147816508,0.00514781650761,18,1,4.33731796782,0.735900617368,False,False,False,YES
5152,5,34,-6,728,300,375,75,0,200,250,50,0,120,150,30,0,150,187.5,37.5,0,962.5,192.5,0,192.5,192.5,YES,0.905985046681,0.00598504668058,18,1,4.31685826166,0.733016204777,False,False,False,YES
5152,5,35,-5,761,300,375,75,0,200,250,50,0,120,150,30,0,150,187.5,37.5,0,962.5,192.5,0,192.5,192.5,YES,0.903758302629,0.00375830262928,18,1,4.46304954338,0.760160797207,False,False,False,YES
5152,5,36,-4,785,300,375,75,0,200,250,50,0,120,150,30,0,150,187.5,37.5,0,962.5,192.5,0,192.5,192.5,YES,0.903429562652,0.00342956265178,18,1,4.53701235439,0.775186711657,False,False,False,YES
5152,5,37,-3,812,300,375,75,0,200,250,50,0,120,150,30,0,150,187.5,37.5,0,962.5,192.5,0,192.5,192.5,YES,0.903431149173,0.00343114917345,18,1,4.57013118946,0.78212916442,False,False,False,YES
5152,5,38,-2,840,300,375,75,0,200,250,50,0,120,150,30,0,150,187.5,37.5,0,962.5,192.5,0,192.5,192.5,YES,0.904429960005,0.00442996000472,18,1,4.60623870669,0.791225320635,False,False,False,YES
5152,5,39,-1,883,300,375,75,0,200,250,50,0,120,150,30,0,150,187.5,37.5,0,962.5,192.5,0,192.5,192.5,YES,0.90834218967,0.00834218966972,18,1,4.45184773487,0.765203739525,False,False,False,YES
5212,3,24,-16,126,300,375,75,0,200,234.805942445,34.8059424453,15.1940575547,120,120,0,30,150,187.5,37.5,0,917.305942445,147.305942445,45.1940575547,147.305942445,147.305942445,NO,0.9,0,18,1,4.68729869328,0.798787162791,True,False,False,YES
5212,4,25,-15,143,300,375,75,0,200,250,50,0,120,150,30,0,150,187.5,37.5,0,962.5,192.5,0,192.5,192.5,YES,0.906307965521,0.00630796552101,18,1,4.26990737353,0.723590287697,False,False,False,YES
5212,4,26,-14,246,300,375,75,0,200,250,50,0,120,150,30,0,150,187.5,37.5,0,962.5,192.5,0,192.5,192.5,YES,0.910317139797,0.0103171397966,18,1,4.07377998465,0.68889233879,False,False,False,YES
5212,4,27,-13,314,300,375,75,0,200,250,50,0,120,150,30,0,150,187.5,37.5,0,962.5,192.5,0,192.5,192.5,YES,0.91162585187,0.0116258518703,18,1,4.0096020615,0.677532754217,False,False,False,YES
5212,4,28,-12,389,300,375,75,0,200,250,50,0,120,150,30,0,150,187.5,37.5,0,962.5,192.5,0,192.5,192.5,YES,0.912956415176,0.0129564151764,18,1,3.94427518518,0.665966771248,False,False,False,YES
5212,4,29,-11,465,300,375,75,0,200,250,50,0,120,150,30,0,150,187.5,37.5,0,962.5,192.5,0,192.5,192.5,YES,0.913763305626,0.0137633056263,18,1,3.90462154628,0.658944622108,False,False,False,YES
5212,4,30,-10,511,300,375,75,0,200,250,50,0,120,150,30,0,150,187.5,37.5,0,962.5,192.5,0,192.5,192.5,YES,0.915611741099,0.0156117410993,18,1,3.81367682194,0.64283480531,False,False,False,YES
5212,4,31,-9,551,300,375,75,0,200,250,50,0,120,150,30,0,150,187.5,37.5,0,962.5,192.5,0,192.5,192.5,YES,0.916936520514,0.016936520514,18,1,3.74840726484,0.631268822341,False,False,False,YES
5212,4,32,-8,570,300,375,75,0,200,250,50,0,120,150,30,0,150,187.5,37.5,0,962.5,192.5,0,192.5,192.5,YES,0.912956415176,0.0129564151764,18,1,3.94427518518,0.665966771248,False,False,False,YES
5212,5,33,-7,661,300,375,75,0,200,250,50,0,120,150,30,0,150,187.5,37.5,0,962.5,192.5,0,192.5,192.5,YES,0.905147816508,0.00514781650761,18,1,4.33731796782,0.735900617368,False,False,False,YES
5212,5,34,-6,728,300,375,75,0,200,250,50,0,120,150,30,0,150,187.5,37.5,0,962.5,192.5,0,192.5,192.5,YES,0.905985046681,0.00598504668058,18,1,4.31685826166,0.733016204777,False,False,False,YES
5212,5,35,-5,761,300,375,75,0,200,250,50,0,120,150,30,0,150,187.5,37.5,0,962.5,192.5,0,192.5,192.5,YES,0.903758302629,0.00375830262928,18,1,4.46304954338,0.760160797207,False,False,False,YES
5212,5,36,-4,785,300,375,75,0,200,250,50,0,120,150,30,0,150,187.5,37.5,0,962.5,192.5,0,192.5,192.5,YES,0.903429562652,0.00342956265178,18,1,4.53701235439,0.775186711657,False,False,False,YES
5212,5,37,-3,812,300,375,75,0,200,250,50,0,120,150,30,0,150,187.5,37.5,0,962.5,192.5,0,192.5,192.5,YES,0.903431149173,0.00343114917345,18,1,4.57013118946,0.78212916442,False,False,False,YES
5212,5,38,-2,840,300,375,75,0,200,250,50,0,120,150,30,0,150,187.5,37.5,0,962.5,192.5,0,192.5,192.5,YES,0.904429960005,0.00442996000472,18,1,4.60623870669,0.791225320635,False,False,False,YES
5212,5,39,-1,883,300,375,75,0,200,250,50,0,120,150,30,0,150,187.5,37.5,0,962.5,192.5,0,192.5,192.5,YES,0.90834218967,0.00834218966972,18,1,4.45184773487,0.765203739525,False,False,False,YES
5265,3,24,-16,126,300,375,75,0,200,234.805942445,34.8059424453,15.1940575547,120,120,0,30,150,187.5,37.5,0,917.305942445,147.305942445,45.1940575547,147.305942445,147.305942445,NO,0.9,0,18,1,4.68729869328,0.798787162791,True,False,False,YES
5265,4,25,-15,140,300,375,75,0,0,250,50,0,120,150,30,0,150,187.5,37.5,0,962.5,192.5,0,392.5,392.5,YES,0.906307965521,0.00630796552101,18,1,4.26990737353,0.723590287697,False,False,False,YES
5265,4,26,-14,224,300,375,75,0,104.329349622,250,50,0,120,150,30,0,150,187.5,37.5,0,962.5,192.5,0,288.170650378,288.170650378,YES,0.910317139797,0.0103171397966,18,1,4.07377998465,0.68889233879,False,False,False,YES
5265,4,27,-13,299,300,375,75,0,0,250,50,0,120,150,30,0,150,187.5,37.5,0,962.5,192.5,0,392.5,392.5,YES,0.91162585187,0.0116258518703,18,1,4.0096020615,0.677532754217,False,False,False,YES
5265,4,28,-12,389,300,375,75,0,200,250,50,0,120,150,30,0,150,187.5,37.5,0,962.5,192.5,0,192.5,192.5,YES,0.912956415176,0.0129564151764,18,1,3.94427518518,0.665966771248,False,False,False,YES
5265,4,29,-11,457,300,375,75,0,0,250,50,0,120,150,30,0,150,187.5,37.5,0,962.5,192.5,0,392.5,392.5,YES,0.913763305626,0.0137633056263,18,1,3.90462154628,0.658944622108,False,False,False,YES
5265,4,30,-10,496,300,375,75,0,0,250,50,0,0,150,30,0,150,187.5,37.5,0,962.5,192.5,0,512.5,512.5,YES,0.915611741099,0.0156117410993,18,1,3.81367682194,0.64283480531,False,False,False,YES
5265,4,31,-9,518,0,375,75,0,0,250,50,0,0,150,30,0,150,187.5,37.5,0,962.5,192.5,0,812.5,812.5,YES,0.916936520514,0.016936520514,18,1,3.74840726484,0.631268822341,False,False,False,YES
5265,4,32,-8,552,0,375,75,0,0,250,50,0,0,150,30,0,0,187.5,37.5,0,962.5,192.5,0,962.5,962.5,YES,0.912956415176,0.0129564151764,18,1,3.94427518518,0.665966771248,False,False,False,YES
5265,5,33,-7,661,300,375,75,0,200,250,50,0,120,150,30,0,150,187.5,37.5,0,962.5,192.5,0,192.5,192.5,YES,0.905147816508,0.00514781650761,18,1,4.33731796782,0.735900617368,False,False,False,YES
5265,5,34,-6,728,300,375,75,0,200,250,50,0,120,150,30,0,150,187.5,37.5,0,962.5,192.5,0,192.5,192.5,YES,0.905985046681,0.00598504668058,18,1,4.31685826166,0.733016204777,False,False,False,YES
5265,5,35,-5,761,300,375,75,0,200,250,50,0,120,150,30,0,150,187.5,37.5,0,962.5,192.5,0,192.5,192.5,YES,0.903758302629,0.00375830262928,18,1,4.46304954338,0.760160797207,False,False,False,YES
5265,5,36,-4,785,300,375,75,0,200,250,50,0,120,150,30,0,150,187.5,37.5,0,962.5,192.5,0,192.5,192.5,YES,0.903429562652,0.00342956265178,18,1,4.53701235439,0.775186711657,False,False,False,YES
5265,5,37,-3,812,300,375,75,0,200,250,50,0,120,150,30,0,150,187.5,37.5,0,962.5,192.5,0,192.5,192.5,YES,0.903431149173,0.00343114917345,18,1,4.57013118946,0.78212916442,False,False,False,YES
5265,5,38,-2,840,300,375,75,0,200,250,50,0,120,150,30,0,150,187.5,37.5,0,962.5,192.5,0,192.5,192.5,YES,0.904429960005,0.00442996000472,18,1,4.60623870669,0.791225320635,False,False,False,YES
5265,5,39,-1,883,300,375,75,0,200,250,50,0,120,150,30,0,150,187.5,37.5,0,962.5,192.5,0,192.5,192.5,YES,0.90834218967,0.00834218966972,18,1,4.45184773487,0.765203739525,False,False,False,YES
5334,2,16,-16,26,0,375,75,0,0,250,50,0,0,150,30,0,0,187.5,37.5,0,962.5,192.5,0,962.5,962.5,YES,0.906770737978,0.00677073797764,18,1,4.48967858026,0.770629578303,False,False,False,YES
5334,3,17,-15,37,300,375,75,0,200,250,50,0,120,150,30,0,150,187.5,37.5,0,962.5,192.5,0,192.5,192.5,YES,0.905827256184,0.00582725618405,18,1,4.49217065397,0.769664338432,False,False,False,YES
5334,3,18,-14,42,300,375,75,0,200,250,50,0,120,150,30,0,150,187.5,37.5,0,962.5,192.5,0,192.5,192.5,YES,0.906204660123,0.00620466012347,18,1,4.40367620854,0.751738087935,False,False,False,YES
5334,3,19,-13,50,300,375,75,0,200,250,50,0,120,150,30,0,150,187.5,37.5,0,962.5,192.5,0,192.5,192.5,YES,0.90062960229,0.000629602290455,18,1,4.58469331196,0.780577078231,False,False,False,YES
5334,3,20,-12,61,300,300.000000001,7.59996510169e-10,74.9999999992,200,200,0,50,53.7144125081,53.7144125081,-66.2855874919,96.2855874919,150,150,0,37.5,703.714412509,-66.2855874911,258.785587491,7.59996510169e-10,0,NO,0.9,0,18,1,4.87591690154,0.838458765362,True,False,False,YES
5334,3,21,-11,78,300,300.000000001,9.56788426265e-10,74.999999999,200,200,0,50,25.4407801931,25.4407801931,-94.5592198069,124.559219807,150,150,0,37.5,675.440780194,-94.5592198059,287.059219806,9.56788426265e-10,1.1823431123e-11,NO,0.9,0,18,1,4.95640698938,0.853440280585,True,False,False,YES
5334,3,22,-10,92,300,300.000000001,7.59996510169e-10,74.9999999992,200,200,0,50,53.7144125081,53.7144125081,-66.2855874919,96.2855874919,150,150,0,37.5,703.714412509,-66.2855874911,258.785587491,7.59996510169e-10,0,NO,0.9,0,18,1,4.87591690154,0.838458765362,True,False,False,YES
5334,3,23,-9,115,300,300,8.25366441859e-11,74.9999999999,200,200,0,50,67.537284676,67.537284676,-52.462715324,82.462715324,150,150,0,37.5,717.537284676,-52.4627153239,244.962715324,8.25366441859e-11,0,NO,0.9,0,18,1,4.83659842094,0.831134359092,True,False,False,YES
5334,3,24,-8,126,300,375,75,0,200,234.805942445,34.8059424453,15.1940575547,120,120,0,30,150,187.5,37.5,0,917.305942445,147.305942445,45.1940575547,147.305942445,147.305942445,NO,0.9,0,18,1,4.68729869328,0.798787162791,True,False,False,YES
5334,4,25,-7,143,300,375,75,0,200,250,50,0,120,150,30,0,150,187.5,37.5,0,962.5,192.5,0,192.5,192.5,YES,0.906307965521,0.00630796552101,18,1,4.26990737353,0.723590287697,False,False,False,YES
5334,4,26,-6,246,300,375,75,0,200,250,50,0,120,150,30,0,150,187.5,37.5,0,962.5,192.5,0,192.5,192.5,YES,0.910317139797,0.0103171397966,18,1,4.07377998465,0.68889233879,False,False,False,YES
5334,4,27,-5,314,300,375,75,0,200,250,50,0,120,150,30,0,150,187.5,37.5,0,962.5,192.5,0,192.5,192.5,YES,0.91162585187,0.0116258518703,18,1,4.0096020615,0.677532754217,False,False,False,YES
5334,4,28,-4,389,300,375,75,0,200,250,50,0,120,150,30,0,150,187.5,37.5,0,962.5,192.5,0,192.5,192.5,YES,0.912956415176,0.0129564151764,18,1,3.94427518518,0.665966771248,False,False,False,YES
5334,4,29,-3,465,300,375,75,0,200,250,50,0,120,150,30,0,150,187.5,37.5,0,962.5,192.5,0,192.5,192.5,YES,0.913763305626,0.0137633056263,18,1,3.90462154628,0.658944622108,False,False,False,YES
5334,4,30,-2,511,300,375,75,0,200,250,50,0,120,150,30,0,150,187.5,37.5,0,962.5,192.5,0,192.5,192.5,YES,0.915611741099,0.0156117410993,18,1,3.81367682194,0.64283480531,False,False,False,YES
5334,4,31,-1,551,300,375,75,0,200,250,50,0,120,150,30,0,150,187.5,37.5,0,962.5,192.5,0,192.5,192.5,YES,0.916936520514,0.016936520514,18,1,3.74840726484,0.631268822341,False,False,False,YES
5444,2,16,-16,26,0,375,75,0,0,250,50,0,0,150,30,0,0,187.5,37.5,0,962.5,192.5,0,962.5,962.5,YES,0.906770737978,0.00677073797764,18,1,4.48967858026,0.770629578303,False,False,False,YES
5444,3,17,-15,37,300,375,75,0,200,250,50,0,120,150,30,0,150,187.5,37.5,0,962.5,192.5,0,192.5,192.5,YES,0.905827256184,0.00582725618405,18,1,4.49217065397,0.769664338432,False,False,False,YES
5444,3,18,-14,42,300,375,75,0,200,250,50,0,120,150,30,0,150,187.5,37.5,0,962.5,192.5,0,192.5,192.5,YES,0.906204660123,0.00620466012347,18,1,4.40367620854,0.751738087935,False,False,False,YES
5444,3,19,-13,50,300,375,75,0,200,250,50,0,120,150,30,0,150,187.5,37.5,0,962.5,192.5,0,192.5,192.5,YES,0.90062960229,0.000629602290455,18,1,4.58469331196,0.780577078231,False,False,False,YES
5444,3,20,-12,63,300,300.000000001,7.59996510169e-10,74.9999999992,200,200,0,50,53.7144125081,53.7144125081,-66.2855874919,96.2855874919,150,150,0,37.5,703.714412509,-66.2855874911,258.785587491,7.59996510169e-10,0,NO,0.9,0,18,1,4.87591690154,0.838458765362,True,False,False,YES
5444,3,21,-11,79,300,300.000000001,9.56788426265e-10,74.999999999,200,200,0,50,25.4407801931,25.4407801931,-94.5592198069,124.559219807,150,150,0,37.5,675.440780194,-94.5592198059,287.059219806,9.56788426265e-10,0,NO,0.9,0,18,1,4.95640698938,0.853440280585,True,False,False,YES
5444,3,22,-10,93,300,300.000000001,7.59996510169e-10,74.9999999992,200,200,0,50,53.7144125081,53.7144125081,-66.2855874919,96.2855874919,150,150,0,37.5,703.714412509,-66.2855874911,258.785587491,7.59996510169e-10,0,NO,0.9,0,18,1,4.87591690154,0.838458765362,True,False,False,YES
5444,3,23,-9,110,300,300,8.25366441859e-11,74.9999999999,200,200,0,50,67.537284676,67.537284676,-52.462715324,82.462715324,150,150,0,37.5,717.537284676,-52.4627153239,244.962715324,8.25366441859e-11,3.47881723428e-11,NO,0.9,0,18,1,4.83659842094,0.831134359092,True,False,False,YES
5444,3,24,-8,126,300,375,75,0,200,234.805942445,34.8059424453,15.1940575547,120,120,0,30,150,187.5,37.5,0,917.305942445,147.305942445,45.1940575547,147.305942445,147.305942445,NO,0.9,0,18,1,4.68729869328,0.798787162791,True,False,False,YES
5444,4,25,-7,143,300,375,75,0,200,250,50,0,120,150,30,0,150,187.5,37.5,0,962.5,192.5,0,192.5,192.5,YES,0.906307965521,0.00630796552101,18,1,4.26990737353,0.723590287697,False,False,False,YES
5444,4,26,-6,246,300,375,75,0,200,250,50,0,120,150,30,0,150,187.5,37.5,0,962.5,192.5,0,192.5,192.5,YES,0.910317139797,0.0103171397966,18,1,4.07377998465,0.68889233879,False,False,False,YES
5444,4,27,-5,314,300,375,75,0,200,250,50,0,120,150,30,0,150,187.5,37.5,0,962.5,192.5,0,192.5,192.5,YES,0.91162585187,0.0116258518703,18,1,4.0096020615,0.677532754217,False,False,False,YES
5444,4,28,-4,389,300,375,75,0,200,250,50,0,120,150,30,0,150,187.5,37.5,0,962.5,192.5,0,192.5,192.5,YES,0.912956415176,0.0129564151764,18,1,3.94427518518,0.665966771248,False,False,False,YES
5444,4,29,-3,465,300,375,75,0,200,250,50,0,120,150,30,0,150,187.5,37.5,0,962.5,192.5,0,192.5,192.5,YES,0.913763305626,0.0137633056263,18,1,3.90462154628,0.658944622108,False,False,False,YES
5444,4,30,-2,511,300,375,75,0,200,250,50,0,120,150,30,0,150,187.5,37.5,0,962.5,192.5,0,192.5,192.5,YES,0.915611741099,0.0156117410993,18,1,3.81367682194,0.64283480531,False,False,False,YES
5444,4,31,-1,551,300,375,75,0,200,250,50,0,120,150,30,0,150,187.5,37.5,0,962.5,192.5,0,192.5,192.5,YES,0.916936520514,0.016936520514,18,1,3.74840726484,0.631268822341,False,False,False,YES
5557,2,16,-16,26,0,375,75,0,0,250,50,0,0,150,30,0,0,187.5,37.5,0,962.5,192.5,0,962.5,962.5,YES,0.906770737978,0.00677073797764,18,1,4.48967858026,0.770629578303,False,False,False,YES
5557,3,17,-15,37,300,375,75,0,200,250,50,0,120,150,30,0,150,187.5,37.5,0,962.5,192.5,0,192.5,192.5,YES,0.905827256184,0.00582725618405,18,1,4.49217065397,0.769664338432,False,False,False,YES
5557,3,18,-14,42,300,375,75,0,200,250,50,0,120,150,30,0,150,187.5,37.5,0,962.5,192.5,0,192.5,192.5,YES,0.906204660123,0.00620466012347,18,1,4.40367620854,0.751738087935,False,False,False,YES
5557,3,19,-13,50,300,375,75,0,200,250,50,0,120,150,30,0,150,187.5,37.5,0,962.5,192.5,0,192.5,192.5,YES,0.90062960229,0.000629602290455,18,1,4.58469331196,0.780577078231,False,False,False,YES
5557,3,20,-12,61,300,300.000000001,7.59996510169e-10,74.9999999992,200,200,0,50,53.7144125081,53.7144125081,-66.2855874919,96.2855874919,150,150,0,37.5,703.714412509,-66.2855874911,258.785587491,7.59996510169e-10,0,NO,0.9,0,18,1,4.87591690154,0.838458765362,True,False,False,YES
5557,3,21,-11,78,300,300.000000001,9.56788426265e-10,74.999999999,200,200,0,50,25.4407801931,25.4407801931,-94.5592198069,124.559219807,150,150,0,37.5,675.440780194,-94.5592198059,287.059219806,9.56788426265e-10,1.1823431123e-11,NO,0.9,0,18,1,4.95640698938,0.853440280585,True,False,False,YES
5557,3,22,-10,92,300,300.000000001,7.59996510169e-10,74.9999999992,200,200,0,50,53.7144125081,53.7144125081,-66.2855874919,96.2855874919,150,150,0,37.5,703.714412509,-66.2855874911,258.785587491,7.59996510169e-10,0,NO,0.9,0,18,1,4.87591690154,0.838458765362,True,False,False,YES
5557,3,23,-9,115,300,300,8.25366441859e-11,74.9999999999,200,200,0,50,67.537284676,67.537284676,-52.462715324,82.462715324,150,150,0,37.5,717.537284676,-52.4627153239,244.962715324,8.25366441859e-11,0,NO,0.9,0,18,1,4.83659842094,0.831134359092,True,False,False,YES
5557,3,24,-8,126,300,375,75,0,200,234.805942445,34.8059424453,15.1940575547,120,120,0,30,150,187.5,37.5,0,917.305942445,147.305942445,45.1940575547,147.305942445,147.305942445,NO,0.9,0,18,1,4.68729869328,0.798787162791,True,False,False,YES
5557,4,25,-7,143,300,375,75,0,200,250,50,0,120,150,30,0,150,187.5,37.5,0,962.5,192.5,0,192.5,192.5,YES,0.906307965521,0.00630796552101,18,1,4.26990737353,0.723590287697,False,False,False,YES
5557,4,26,-6,246,300,375,75,0,200,250,50,0,120,150,30,0,150,187.5,37.5,0,962.5,192.5,0,192.5,192.5,YES,0.910317139797,0.0103171397966,18,1,4.07377998465,0.68889233879,False,False,False,YES
5557,4,27,-5,314,300,375,75,0,200,250,50,0,120,150,30,0,150,187.5,37.5,0,962.5,192.5,0,192.5,192.5,YES,0.91162585187,0.0116258518703,18,1,4.0096020615,0.677532754217,False,False,False,YES
5557,4,28,-4,389,300,375,75,0,200,250,50,0,120,150,30,0,150,187.5,37.5,0,962.5,192.5,0,192.5,192.5,YES,0.912956415176,0.0129564151764,18,1,3.94427518518,0.665966771248,False,False,False,YES
5557,4,29,-3,465,300,375,75,0,200,250,50,0,120,150,30,0,150,187.5,37.5,0,962.5,192.5,0,192.5,192.5,YES,0.913763305626,0.0137633056263,18,1,3.90462154628,0.658944622108,False,False,False,YES
5557,4,30,-2,511,300,375,75,0,200,250,50,0,120,150,30,0,150,187.5,37.5,0,962.5,192.5,0,192.5,192.5,YES,0.915611741099,0.0156117410993,18,1,3.81367682194,0.64283480531,False,False,False,YES
5557,4,31,-1,551,300,375,75,0,200,250,50,0,120,150,30,0,150,187.5,37.5,0,962.5,192.5,0,192.5,192.5,YES,0.916936520514,0.016936520514,18,1,3.74840726484,0.631268822341,False,False,False,YES
5592,3,24,-16,126,300,375,75,0,200,234.805942445,34.8059424453,15.1940575547,120,120,0,30,150,187.5,37.5,0,917.305942445,147.305942445,45.1940575547,147.305942445,147.305942445,NO,0.9,0,18,1,4.68729869328,0.798787162791,True,False,False,YES
5592,4,25,-15,143,300,375,75,0,200,250,50,0,120,150,30,0,150,187.5,37.5,0,962.5,192.5,0,192.5,192.5,YES,0.906307965521,0.00630796552101,18,1,4.26990737353,0.723590287697,False,False,False,YES
5592,4,26,-14,246,300,375,75,0,200,250,50,0,120,150,30,0,150,187.5,37.5,0,962.5,192.5,0,192.5,192.5,YES,0.910317139797,0.0103171397966,18,1,4.07377998465,0.68889233879,False,False,False,YES
5592,4,27,-13,314,300,375,75,0,200,250,50,0,120,150,30,0,150,187.5,37.5,0,962.5,192.5,0,192.5,192.5,YES,0.91162585187,0.0116258518703,18,1,4.0096020615,0.677532754217,False,False,False,YES
5592,4,28,-12,389,300,375,75,0,200,250,50,0,120,150,30,0,150,187.5,37.5,0,962.5,192.5,0,192.5,192.5,YES,0.912956415176,0.0129564151764,18,1,3.94427518518,0.665966771248,False,False,False,YES
5592,4,29,-11,465,300,375,75,0,200,250,50,0,120,150,30,0,150,187.5,37.5,0,962.5,192.5,0,192.5,192.5,YES,0.913763305626,0.0137633056263,18,1,3.90462154628,0.658944622108,False,False,False,YES
5592,4,30,-10,499,300,375,75,0,0,250,50,0,120,150,30,0,150,187.5,37.5,0,962.5,192.5,0,392.5,392.5,YES,0.915611741099,0.0156117410993,18,1,3.81367682194,0.64283480531,False,False,False,YES
5592,4,31,-9,544,300,375,75,0,0,250,50,0,0,150,30,0,150,187.5,37.5,0,962.5,192.5,0,512.5,512.5,YES,0.916936520514,0.016936520514,18,1,3.74840726484,0.631268822341,False,False,False,YES
5592,4,32,-8,567,300,375,75,0,0,250,50,0,0,150,30,0,150,187.5,37.5,0,962.5,192.5,0,512.5,512.5,YES,0.912956415176,0.0129564151764,18,1,3.94427518518,0.665966771248,False,False,False,YES
5592,5,33,-7,661,300,375,75,0,200,250,50,0,120,150,30,0,150,187.5,37.5,0,962.5,192.5,0,192.5,192.5,YES,0.905147816508,0.00514781650761,18,1,4.33731796782,0.735900617368,False,False,False,YES
5592,5,34,-6,728,300,375,75,0,200,250,50,0,120,150,30,0,150,187.5,37.5,0,962.5,192.5,0,192.5,192.5,YES,0.905985046681,0.00598504668058,18,1,4.31685826166,0.733016204777,False,False,False,YES
5592,5,35,-5,761,300,375,75,0,200,250,50,0,120,150,30,0,150,187.5,37.5,0,962.5,192.5,0,192.5,192.5,YES,0.903758302629,0.00375830262928,18,1,4.46304954338,0.760160797207,False,False,False,YES
5592,5,36,-4,785,300,375,75,0,200,250,50,0,120,150,30,0,150,187.5,37.5,0,962.5,192.5,0,192.5,192.5,YES,0.903429562652,0.00342956265178,18,1,4.53701235439,0.775186711657,False,False,False,YES
5592,5,37,-3,812,300,375,75,0,200,250,50,0,120,150,30,0,150,187.5,37.5,0,962.5,192.5,0,192.5,192.5,YES,0.903431149173,0.00343114917345,18,1,4.57013118946,0.78212916442,False,False,False,YES
5592,5,38,-2,840,300,375,75,0,200,250,50,0,120,150,30,0,150,187.5,37.5,0,962.5,192.5,0,192.5,192.5,YES,0.904429960005,0.00442996000472,18,1,4.60623870669,0.791225320635,False,False,False,YES
5592,5,39,-1,883,300,375,75,0,200,250,50,0,120,150,30,0,150,187.5,37.5,0,962.5,192.5,0,192.5,192.5,YES,0.90834218967,0.00834218966972,18,1,4.45184773487,0.765203739525,False,False,False,YES
5685,2,16,-16,26,0,375,75,0,0,250,50,0,0,150,30,0,0,187.5,37.5,0,962.5,192.5,0,962.5,962.5,YES,0.906770737978,0.00677073797764,18,1,4.48967858026,0.770629578303,False,False,False,YES
5685,3,17,-15,37,300,375,75,0,200,250,50,0,120,150,30,0,150,187.5,37.5,0,962.5,192.5,0,192.5,192.5,YES,0.905827256184,0.00582725618405,18,1,4.49217065397,0.769664338432,False,False,False,YES
5685,3,18,-14,42,300,375,75,0,200,250,50,0,120,150,30,0,150,187.5,37.5,0,962.5,192.5,0,192.5,192.5,YES,0.906204660123,0.00620466012347,18,1,4.40367620854,0.751738087935,False,False,False,YES
5685,3,19,-13,50,300,375,75,0,200,250,50,0,120,150,30,0,150,187.5,37.5,0,962.5,192.5,0,192.5,192.5,YES,0.90062960229,0.000629602290455,18,1,4.58469331196,0.780577078231,False,False,False,YES
5685,3,20,-12,62,300,300.000000001,7.59996510169e-10,74.9999999992,200,200,0,50,53.7144125081,53.7144125081,-66.2855874919,96.2855874919,150,150,0,37.5,703.714412509,-66.2855874911,258.785587491,7.59996510169e-10,0,NO,0.9,0,18,1,4.87591690154,0.838458765362,True,False,False,YES
5685,3,21,-11,79,300,300.000000001,9.56788426265e-10,74.999999999,200,200,0,50,25.4407801931,25.4407801931,-94.5592198069,124.559219807,150,150,0,37.5,675.440780194,-94.5592198059,287.059219806,9.56788426265e-10,0,NO,0.9,0,18,1,4.95640698938,0.853440280585,True,False,False,YES
5685,3,22,-10,93,300,300.000000001,7.59996510169e-10,74.9999999992,200,200,0,50,53.7144125081,53.7144125081,-66.2855874919,96.2855874919,150,150,0,37.5,703.714412509,-66.2855874911,258.785587491,7.59996510169e-10,0,NO,0.9,0,18,1,4.87591690154,0.838458765362,True,False,False,YES
5685,3,23,-9,112,300,300,8.25366441859e-11,74.9999999999,200,200,0,50,67.537284676,67.537284676,-52.462715324,82.462715324,150,150,0,37.5,717.537284676,-52.4627153239,244.962715324,8.25366441859e-11,1.84172677109e-11,NO,0.9,0,18,1,4.83659842094,0.831134359092,True,False,False,YES
5685,3,24,-8,126,300,375,75,0,200,234.805942445,34.8059424453,15.1940575547,120,120,0,30,150,187.5,37.5,0,917.305942445,147.305942445,45.1940575547,147.305942445,147.305942445,NO,0.9,0,18,1,4.68729869328,0.798787162791,True,False,False,YES
5685,4,25,-7,143,300,375,75,0,200,250,50,0,120,150,30,0,150,187.5,37.5,0,962.5,192.5,0,192.5,192.5,YES,0.906307965521,0.00630796552101,18,1,4.26990737353,0.723590287697,False,False,False,YES
5685,4,26,-6,246,300,375,75,0,200,250,50,0,120,150,30,0,150,187.5,37.5,0,962.5,192.5,0,192.5,192.5,YES,0.910317139797,0.0103171397966,18,1,4.07377998465,0.68889233879,False,False,False,YES
5685,4,27,-5,314,300,375,75,0,200,250,50,0,120,150,30,0,150,187.5,37.5,0,962.5,192.5,0,192.5,192.5,YES,0.91162585187,0.0116258518703,18,1,4.0096020615,0.677532754217,False,False,False,YES
5685,4,28,-4,389,300,375,75,0,200,250,50,0,120,150,30,0,150,187.5,37.5,0,962.5,192.5,0,192.5,192.5,YES,0.912956415176,0.0129564151764,18,1,3.94427518518,0.665966771248,False,False,False,YES
5685,4,29,-3,465,300,375,75,0,200,250,50,0,120,150,30,0,150,187.5,37.5,0,962.5,192.5,0,192.5,192.5,YES,0.913763305626,0.0137633056263,18,1,3.90462154628,0.658944622108,False,False,False,YES
5685,4,30,-2,511,300,375,75,0,200,250,50,0,120,150,30,0,150,187.5,37.5,0,962.5,192.5,0,192.5,192.5,YES,0.915611741099,0.0156117410993,18,1,3.81367682194,0.64283480531,False,False,False,YES
5685,4,31,-1,551,300,375,75,0,200,250,50,0,120,150,30,0,150,187.5,37.5,0,962.5,192.5,0,192.5,192.5,YES,0.916936520514,0.016936520514,18,1,3.74840726484,0.631268822341,False,False,False,YES
6098,2,16,-16,27,300,375,75,0,200,250,50,0,120,150,30,0,150,187.5,37.5,0,962.5,192.5,0,192.5,192.5,YES,0.906770737978,0.00677073797764,18,1,4.48967858026,0.770629578303,False,False,False,YES
6098,3,17,-15,37,300,375,75,0,200,250,50,0,120,150,30,0,150,187.5,37.5,0,962.5,192.5,0,192.5,192.5,YES,0.905827256184,0.00582725618405,18,1,4.49217065397,0.769664338432,False,False,False,YES
6098,3,18,-14,42,300,375,75,0,200,250,50,0,120,150,30,0,150,187.5,37.5,0,962.5,192.5,0,192.5,192.5,YES,0.906204660123,0.00620466012347,18,1,4.40367620854,0.751738087935,False,False,False,YES
6098,3,19,-13,50,300,375,75,0,200,250,50,0,120,150,30,0,150,187.5,37.5,0,962.5,192.5,0,192.5,192.5,YES,0.90062960229,0.000629602290455,18,1,4.58469331196,0.780577078231,False,False,False,YES
6098,3,20,-12,62,300,300.000000001,7.59996510169e-10,74.9999999992,200,200,0,50,53.7144125081,53.7144125081,-66.2855874919,96.2855874919,150,150,0,37.5,703.714412509,-66.2855874911,258.785587491,7.59996510169e-10,0,NO,0.9,0,18,1,4.87591690154,0.838458765362,True,False,False,YES
6098,3,21,-11,79,300,300.000000001,9.56788426265e-10,74.999999999,200,200,0,50,25.4407801931,25.4407801931,-94.5592198069,124.559219807,150,150,0,37.5,675.440780194,-94.5592198059,287.059219806,9.56788426265e-10,0,NO,0.9,0,18,1,4.95640698938,0.853440280585,True,False,False,YES
6098,3,22,-10,93,300,300.000000001,7.59996510169e-10,74.9999999992,200,200,0,50,53.7144125081,53.7144125081,-66.2855874919,96.2855874919,150,150,0,37.5,703.714412509,-66.2855874911,258.785587491,7.59996510169e-10,0,NO,0.9,0,18,1,4.87591690154,0.838458765362,True,False,False,YES
6098,3,23,-9,112,300,300,8.25366441859e-11,74.9999999999,200,200,0,50,67.537284676,67.537284676,-52.462715324,82.462715324,150,150,0,37.5,717.537284676,-52.4627153239,244.962715324,8.25366441859e-11,1.84172677109e-11,NO,0.9,0,18,1,4.83659842094,0.831134359092,True,False,False,YES
6098,3,24,-8,126,300,375,75,0,200,234.805942445,34.8059424453,15.1940575547,120,120,0,30,150,187.5,37.5,0,917.305942445,147.305942445,45.1940575547,147.305942445,147.305942445,NO,0.9,0,18,1,4.68729869328,0.798787162791,True,False,False,YES
6098,4,25,-7,143,300,375,75,0,200,250,50,0,120,150,30,0,150,187.5,37.5,0,962.5,192.5,0,192.5,192.5,YES,0.906307965521,0.00630796552101,18,1,4.26990737353,0.723590287697,False,False,False,YES
6098,4,26,-6,246,300,375,75,0,200,250,50,0,120,150,30,0,150,187.5,37.5,0,962.5,192.5,0,192.5,192.5,YES,0.910317139797,0.0103171397966,18,1,4.07377998465,0.68889233879,False,False,False,YES
6098,4,27,-5,314,300,375,75,0,200,250,50,0,120,150,30,0,150,187.5,37.5,0,962.5,192.5,0,192.5,192.5,YES,0.91162585187,0.0116258518703,18,1,4.0096020615,0.677532754217,False,False,False,YES
6098,4,28,-4,389,300,375,75,0,200,250,50,0,120,150,30,0,150,187.5,37.5,0,962.5,192.5,0,192.5,192.5,YES,0.912956415176,0.0129564151764,18,1,3.94427518518,0.665966771248,False,False,False,YES
6098,4,29,-3,465,300,375,75,0,200,250,50,0,120,150,30,0,150,187.5,37.5,0,962.5,192.5,0,192.5,192.5,YES,0.913763305626,0.0137633056263,18,1,3.90462154628,0.658944622108,False,False,False,YES
6098,4,30,-2,511,300,375,75,0,200,250,50,0,120,150,30,0,150,187.5,37.5,0,962.5,192.5,0,192.5,192.5,YES,0.915611741099,0.0156117410993,18,1,3.81367682194,0.64283480531,False,False,False,YES
6098,4,31,-1,551,300,375,75,0,200,250,50,0,120,150,30,0,150,187.5,37.5,0,962.5,192.5,0,192.5,192.5,YES,0.916936520514,0.016936520514,18,1,3.74840726484,0.631268822341,False,False,False,YES
6257,2,16,-16,26,0,375,75,0,0,250,50,0,0,150,30,0,0,187.5,37.5,0,962.5,192.5,0,962.5,962.5,YES,0.906770737978,0.00677073797764,18,1,4.48967858026,0.770629578303,False,False,False,YES
6257,3,17,-15,37,300,375,75,0,200,250,50,0,120,150,30,0,150,187.5,37.5,0,962.5,192.5,0,192.5,192.5,YES,0.905827256184,0.00582725618405,18,1,4.49217065397,0.769664338432,False,False,False,YES
6257,3,18,-14,42,300,375,75,0,200,250,50,0,120,150,30,0,150,187.5,37.5,0,962.5,192.5,0,192.5,192.5,YES,0.906204660123,0.00620466012347,18,1,4.40367620854,0.751738087935,False,False,False,YES
6257,3,19,-13,50,300,375,75,0,200,250,50,0,120,150,30,0,150,187.5,37.5,0,962.5,192.5,0,192.5,192.5,YES,0.90062960229,0.000629602290455,18,1,4.58469331196,0.780577078231,False,False,False,YES
6257,3,20,-12,62,300,300.000000001,7.59996510169e-10,74.9999999992,200,200,0,50,53.7144125081,53.7144125081,-66.2855874919,96.2855874919,150,150,0,37.5,703.714412509,-66.2855874911,258.785587491,7.59996510169e-10,0,NO,0.9,0,18,1,4.87591690154,0.838458765362,True,False,False,YES
6257,3,21,-11,79,300,300.000000001,9.56788426265e-10,74.999999999,200,200,0,50,25.4407801931,25.4407801931,-94.5592198069,124.559219807,150,150,0,37.5,675.440780194,-94.5592198059,287.059219806,9.56788426265e-10,0,NO,0.9,0,18,1,4.95640698938,0.853440280585,True,False,False,YES
6257,3,22,-10,93,300,300.000000001,7.59996510169e-10,74.9999999992,200,200,0,50,53.7144125081,53.7144125081,-66.2855874919,96.2855874919,150,150,0,37.5,703.714412509,-66.2855874911,258.785587491,7.59996510169e-10,0,NO,0.9,0,18,1,4.87591690154,0.838458765362,True,False,False,YES
6257,3,23,-9,112,300,300,8.25366441859e-11,74.9999999999,200,200,0,50,67.537284676,67.537284676,-52.462715324,82.462715324,150,150,0,37.5,717.537284676,-52.4627153239,244.962715324,8.25366441859e-11,1.84172677109e-11,NO,0.9,0,18,1,4.83659842094,0.831134359092,True,False,False,YES
6257,3,24,-8,126,300,375,75,0,200,234.805942445,34.8059424453,15.1940575547,120,120,0,30,150,187.5,37.5,0,917.305942445,147.305942445,45.1940575547,147.305942445,147.305942445,NO,0.9,0,18,1,4.68729869328,0.798787162791,True,False,False,YES
6257,4,25,-7,143,300,375,75,0,200,250,50,0,120,150,30,0,150,187.5,37.5,0,962.5,192.5,0,192.5,192.5,YES,0.906307965521,0.00630796552101,18,1,4.26990737353,0.723590287697,False,False,False,YES
6257,4,26,-6,246,300,375,75,0,200,250,50,0,120,150,30,0,150,187.5,37.5,0,962.5,192.5,0,192.5,192.5,YES,0.910317139797,0.0103171397966,18,1,4.07377998465,0.68889233879,False,False,False,YES
6257,4,27,-5,314,300,375,75,0,200,250,50,0,120,150,30,0,150,187.5,37.5,0,962.5,192.5,0,192.5,192.5,YES,0.91162585187,0.0116258518703,18,1,4.0096020615,0.677532754217,False,False,False,YES
6257,4,28,-4,389,300,375,75,0,200,250,50,0,120,150,30,0,150,187.5,37.5,0,962.5,192.5,0,192.5,192.5,YES,0.912956415176,0.0129564151764,18,1,3.94427518518,0.665966771248,False,False,False,YES
6257,4,29,-3,465,300,375,75,0,200,250,50,0,120,150,30,0,150,187.5,37.5,0,962.5,192.5,0,192.5,192.5,YES,0.913763305626,0.0137633056263,18,1,3.90462154628,0.658944622108,False,False,False,YES
6257,4,30,-2,511,300,375,75,0,200,250,50,0,120,150,30,0,150,187.5,37.5,0,962.5,192.5,0,192.5,192.5,YES,0.915611741099,0.0156117410993,18,1,3.81367682194,0.64283480531,False,False,False,YES
6257,4,31,-1,551,300,375,75,0,200,250,50,0,120,150,30,0,150,187.5,37.5,0,962.5,192.5,0,192.5,192.5,YES,0.916936520514,0.016936520514,18,1,3.74840726484,0.631268822341,False,False,False,YES
6260,2,16,-16,26,0,375,75,0,0,250,50,0,0,150,30,0,0,187.5,37.5,0,962.5,192.5,0,962.5,962.5,YES,0.906770737978,0.00677073797764,18,1,4.48967858026,0.770629578303,False,False,False,YES
6260,3,17,-15,37,300,375,75,0,200,250,50,0,120,150,30,0,150,187.5,37.5,0,962.5,192.5,0,192.5,192.5,YES,0.905827256184,0.00582725618405,18,1,4.49217065397,0.769664338432,False,False,False,YES
6260,3,18,-14,42,300,375,75,0,200,250,50,0,120,150,30,0,150,187.5,37.5,0,962.5,192.5,0,192.5,192.5,YES,0.906204660123,0.00620466012347,18,1,4.40367620854,0.751738087935,False,False,False,YES
6260,3,19,-13,50,300,375,75,0,200,250,50,0,120,150,30,0,150,187.5,37.5,0,962.5,192.5,0,192.5,192.5,YES,0.90062960229,0.000629602290455,18,1,4.58469331196,0.780577078231,False,False,False,YES
6260,3,20,-12,62,300,300.000000001,7.59996510169e-10,74.9999999992,200,200,0,50,53.7144125081,53.7144125081,-66.2855874919,96.2855874919,150,150,0,37.5,703.714412509,-66.2855874911,258.785587491,7.59996510169e-10,0,NO,0.9,0,18,1,4.87591690154,0.838458765362,True,False,False,YES
6260,3,21,-11,79,300,300.000000001,9.56788426265e-10,74.999999999,200,200,0,50,25.4407801931,25.4407801931,-94.5592198069,124.559219807,150,150,0,37.5,675.440780194,-94.5592198059,287.059219806,9.56788426265e-10,0,NO,0.9,0,18,1,4.95640698938,0.853440280585,True,False,False,YES
6260,3,22,-10,93,300,300.000000001,7.59996510169e-10,74.9999999992,200,200,0,50,53.7144125081,53.7144125081,-66.2855874919,96.2855874919,150,150,0,37.5,703.714412509,-66.2855874911,258.785587491,7.59996510169e-10,0,NO,0.9,0,18,1,4.87591690154,0.838458765362,True,False,False,YES
6260,3,23,-9,112,300,300,8.25366441859e-11,74.9999999999,200,200,0,50,67.537284676,67.537284676,-52.462715324,82.462715324,150,150,0,37.5,717.537284676,-52.4627153239,244.962715324,8.25366441859e-11,1.84172677109e-11,NO,0.9,0,18,1,4.83659842094,0.831134359092,True,False,False,YES
6260,3,24,-8,126,300,375,75,0,200,234.805942445,34.8059424453,15.1940575547,120,120,0,30,150,187.5,37.5,0,917.305942445,147.305942445,45.1940575547,147.305942445,147.305942445,NO,0.9,0,18,1,4.68729869328,0.798787162791,True,False,False,YES
6260,4,25,-7,143,300,375,75,0,200,250,50,0,120,150,30,0,150,187.5,37.5,0,962.5,192.5,0,192.5,192.5,YES,0.906307965521,0.00630796552101,18,1,4.26990737353,0.723590287697,False,False,False,YES
6260,4,26,-6,246,300,375,75,0,200,250,50,0,120,150,30,0,150,187.5,37.5,0,962.5,192.5,0,192.5,192.5,YES,0.910317139797,0.0103171397966,18,1,4.07377998465,0.68889233879,False,False,False,YES
6260,4,27,-5,314,300,375,75,0,200,250,50,0,120,150,30,0,150,187.5,37.5,0,962.5,192.5,0,192.5,192.5,YES,0.91162585187,0.0116258518703,18,1,4.0096020615,0.677532754217,False,False,False,YES
6260,4,28,-4,389,300,375,75,0,200,250,50,0,120,150,30,0,150,187.5,37.5,0,962.5,192.5,0,192.5,192.5,YES,0.912956415176,0.0129564151764,18,1,3.94427518518,0.665966771248,False,False,False,YES
6260,4,29,-3,465,300,375,75,0,200,250,50,0,120,150,30,0,150,187.5,37.5,0,962.5,192.5,0,192.5,192.5,YES,0.913763305626,0.0137633056263,18,1,3.90462154628,0.658944622108,False,False,False,YES
6260,4,30,-2,511,300,375,75,0,200,250,50,0,120,150,30,0,150,187.5,37.5,0,962.5,192.5,0,192.5,192.5,YES,0.915611741099,0.0156117410993,18,1,3.81367682194,0.64283480531,False,False,False,YES
6260,4,31,-1,551,300,375,75,0,200,250,50,0,120,150,30,0,150,187.5,37.5,0,962.5,192.5,0,192.5,192.5,YES,0.916936520514,0.016936520514,18,1,3.74840726484,0.631268822341,False,False,False,YES
6266,2,16,-16,27,300,375,75,0,200,250,50,0,120,150,30,0,150,187.5,37.5,0,962.5,192.5,0,192.5,192.5,YES,0.906770737978,0.00677073797764,18,1,4.48967858026,0.770629578303,False,False,False,YES
6266,3,17,-15,37,300,375,75,0,200,250,50,0,120,150,30,0,150,187.5,37.5,0,962.5,192.5,0,192.5,192.5,YES,0.905827256184,0.00582725618405,18,1,4.49217065397,0.769664338432,False,False,False,YES
6266,3,18,-14,42,300,375,75,0,200,250,50,0,120,150,30,0,150,187.5,37.5,0,962.5,192.5,0,192.5,192.5,YES,0.906204660123,0.00620466012347,18,1,4.40367620854,0.751738087935,False,False,False,YES
6266,3,19,-13,50,300,375,75,0,200,250,50,0,120,150,30,0,150,187.5,37.5,0,962.5,192.5,0,192.5,192.5,YES,0.90062960229,0.000629602290455,18,1,4.58469331196,0.780577078231,False,False,False,YES
6266,3,20,-12,62,300,300.000000001,7.59996510169e-10,74.9999999992,200,200,0,50,53.7144125081,53.7144125081,-66.2855874919,96.2855874919,150,150,0,37.5,703.714412509,-66.2855874911,258.785587491,7.59996510169e-10,0,NO,0.9,0,18,1,4.87591690154,0.838458765362,True,False,False,YES
6266,3,21,-11,79,300,300.000000001,9.56788426265e-10,74.999999999,200,200,0,50,25.4407801931,25.4407801931,-94.5592198069,124.559219807,150,150,0,37.5,675.440780194,-94.5592198059,287.059219806,9.56788426265e-10,0,NO,0.9,0,18,1,4.95640698938,0.853440280585,True,False,False,YES
6266,3,22,-10,93,300,300.000000001,7.59996510169e-10,74.9999999992,200,200,0,50,53.7144125081,53.7144125081,-66.2855874919,96.2855874919,150,150,0,37.5,703.714412509,-66.2855874911,258.785587491,7.59996510169e-10,0,NO,0.9,0,18,1,4.87591690154,0.838458765362,True,False,False,YES
6266,3,23,-9,112,300,300,8.25366441859e-11,74.9999999999,200,200,0,50,67.537284676,67.537284676,-52.462715324,82.462715324,150,150,0,37.5,717.537284676,-52.4627153239,244.962715324,8.25366441859e-11,1.84172677109e-11,NO,0.9,0,18,1,4.83659842094,0.831134359092,True,False,False,YES
6266,3,24,-8,126,300,375,75,0,200,234.805942445,34.8059424453,15.1940575547,120,120,0,30,150,187.5,37.5,0,917.305942445,147.305942445,45.1940575547,147.305942445,147.305942445,NO,0.9,0,18,1,4.68729869328,0.798787162791,True,False,False,YES
6266,4,25,-7,143,300,375,75,0,200,250,50,0,120,150,30,0,150,187.5,37.5,0,962.5,192.5,0,192.5,192.5,YES,0.906307965521,0.00630796552101,18,1,4.26990737353,0.723590287697,False,False,False,YES
6266,4,26,-6,246,300,375,75,0,200,250,50,0,120,150,30,0,150,187.5,37.5,0,962.5,192.5,0,192.5,192.5,YES,0.910317139797,0.0103171397966,18,1,4.07377998465,0.68889233879,False,False,False,YES
6266,4,27,-5,314,300,375,75,0,200,250,50,0,120,150,30,0,150,187.5,37.5,0,962.5,192.5,0,192.5,192.5,YES,0.91162585187,0.0116258518703,18,1,4.0096020615,0.677532754217,False,False,False,YES
6266,4,28,-4,389,300,375,75,0,200,250,50,0,120,150,30,0,150,187.5,37.5,0,962.5,192.5,0,192.5,192.5,YES,0.912956415176,0.0129564151764,18,1,3.94427518518,0.665966771248,False,False,False,YES
6266,4,29,-3,465,300,375,75,0,200,250,50,0,120,150,30,0,150,187.5,37.5,0,962.5,192.5,0,192.5,192.5,YES,0.913763305626,0.0137633056263,18,1,3.90462154628,0.658944622108,False,False,False,YES
6266,4,30,-2,511,300,375,75,0,200,250,50,0,120,150,30,0,150,187.5,37.5,0,962.5,192.5,0,192.5,192.5,YES,0.915611741099,0.0156117410993,18,1,3.81367682194,0.64283480531,False,False,False,YES
6266,4,31,-1,551,300,375,75,0,200,250,50,0,120,150,30,0,150,187.5,37.5,0,962.5,192.5,0,192.5,192.5,YES,0.916936520514,0.016936520514,18,1,3.74840726484,0.631268822341,False,False,False,YES
6526,2,16,-16,26,0,375,75,0,0,250,50,0,0,150,30,0,0,187.5,37.5,0,962.5,192.5,0,962.5,962.5,YES,0.906770737978,0.00677073797764,18,1,4.48967858026,0.770629578303,False,False,False,YES
6526,3,17,-15,37,300,375,75,0,200,250,50,0,120,150,30,0,150,187.5,37.5,0,962.5,192.5,0,192.5,192.5,YES,0.905827256184,0.00582725618405,18,1,4.49217065397,0.769664338432,False,False,False,YES
6526,3,18,-14,42,300,375,75,0,200,250,50,0,120,150,30,0,150,187.5,37.5,0,962.5,192.5,0,192.5,192.5,YES,0.906204660123,0.00620466012347,18,1,4.40367620854,0.751738087935,False,False,False,YES
6526,3,19,-13,50,300,375,75,0,200,250,50,0,120,150,30,0,150,187.5,37.5,0,962.5,192.5,0,192.5,192.5,YES,0.90062960229,0.000629602290455,18,1,4.58469331196,0.780577078231,False,False,False,YES
6526,3,20,-12,61,300,300.000000001,7.59996510169e-10,74.9999999992,200,200,0,50,53.7144125081,53.7144125081,-66.2855874919,96.2855874919,150,150,0,37.5,703.714412509,-66.2855874911,258.785587491,7.59996510169e-10,0,NO,0.9,0,18,1,4.87591690154,0.838458765362,True,False,False,YES
6526,3,21,-11,78,300,300.000000001,9.56788426265e-10,74.999999999,200,200,0,50,25.4407801931,25.4407801931,-94.5592198069,124.559219807,150,150,0,37.5,675.440780194,-94.5592198059,287.059219806,9.56788426265e-10,1.1823431123e-11,NO,0.9,0,18,1,4.95640698938,0.853440280585,True,False,False,YES
6526,3,22,-10,92,300,300.000000001,7.59996510169e-10,74.9999999992,200,200,0,50,53.7144125081,53.7144125081,-66.2855874919,96.2855874919,150,150,0,37.5,703.714412509,-66.2855874911,258.785587491,7.59996510169e-10,0,NO,0.9,0,18,1,4.87591690154,0.838458765362,True,False,False,YES
6526,3,23,-9,115,300,300,8.25366441859e-11,74.9999999999,200,200,0,50,67.537284676,67.537284676,-52.462715324,82.462715324,150,150,0,37.5,717.537284676,-52.4627153239,244.962715324,8.25366441859e-11,0,NO,0.9,0,18,1,4.83659842094,0.831134359092,True,False,False,YES
6526,3,24,-8,126,300,375,75,0,200,234.805942445,34.8059424453,15.1940575547,120,120,0,30,150,187.5,37.5,0,917.305942445,147.305942445,45.1940575547,147.305942445,147.305942445,NO,0.9,0,18,1,4.68729869328,0.798787162791,True,False,False,YES
6526,4,25,-7,143,300,375,75,0,200,250,50,0,120,150,30,0,150,187.5,37.5,0,962.5,192.5,0,192.5,192.5,YES,0.906307965521,0.00630796552101,18,1,4.26990737353,0.723590287697,False,False,False,YES
6526,4,26,-6,246,300,375,75,0,200,250,50,0,120,150,30,0,150,187.5,37.5,0,962.5,192.5,0,192.5,192.5,YES,0.910317139797,0.0103171397966,18,1,4.07377998465,0.68889233879,False,False,False,YES
6526,4,27,-5,314,300,375,75,0,200,250,50,0,120,150,30,0,150,187.5,37.5,0,962.5,192.5,0,192.5,192.5,YES,0.91162585187,0.0116258518703,18,1,4.0096020615,0.677532754217,False,False,False,YES
6526,4,28,-4,389,300,375,75,0,200,250,50,0,120,150,30,0,150,187.5,37.5,0,962.5,192.5,0,192.5,192.5,YES,0.912956415176,0.0129564151764,18,1,3.94427518518,0.665966771248,False,False,False,YES
6526,4,29,-3,465,300,375,75,0,200,250,50,0,120,150,30,0,150,187.5,37.5,0,962.5,192.5,0,192.5,192.5,YES,0.913763305626,0.0137633056263,18,1,3.90462154628,0.658944622108,False,False,False,YES
6526,4,30,-2,511,300,375,75,0,200,250,50,0,120,150,30,0,150,187.5,37.5,0,962.5,192.5,0,192.5,192.5,YES,0.915611741099,0.0156117410993,18,1,3.81367682194,0.64283480531,False,False,False,YES
6526,4,31,-1,551,300,375,75,0,200,250,50,0,120,150,30,0,150,187.5,37.5,0,962.5,192.5,0,192.5,192.5,YES,0.916936520514,0.016936520514,18,1,3.74840726484,0.631268822341,False,False,False,YES
6663,2,16,-16,27,300,375,75,0,200,250,50,0,120,150,30,0,150,187.5,37.5,0,962.5,192.5,0,192.5,192.5,YES,0.906770737978,0.00677073797764,18,1,4.48967858026,0.770629578303,False,False,False,YES
6663,3,17,-15,37,300,375,75,0,200,250,50,0,120,150,30,0,150,187.5,37.5,0,962.5,192.5,0,192.5,192.5,YES,0.905827256184,0.00582725618405,18,1,4.49217065397,0.769664338432,False,False,False,YES
6663,3,18,-14,42,300,375,75,0,200,250,50,0,120,150,30,0,150,187.5,37.5,0,962.5,192.5,0,192.5,192.5,YES,0.906204660123,0.00620466012347,18,1,4.40367620854,0.751738087935,False,False,False,YES
6663,3,19,-13,50,300,375,75,0,200,250,50,0,120,150,30,0,150,187.5,37.5,0,962.5,192.5,0,192.5,192.5,YES,0.90062960229,0.000629602290455,18,1,4.58469331196,0.780577078231,False,False,False,YES
6663,3,20,-12,62,300,300.000000001,7.59996510169e-10,74.9999999992,200,200,0,50,53.7144125081,53.7144125081,-66.2855874919,96.2855874919,150,150,0,37.5,703.714412509,-66.2855874911,258.785587491,7.59996510169e-10,0,NO,0.9,0,18,1,4.87591690154,0.838458765362,True,False,False,YES
6663,3,21,-11,79,300,300.000000001,9.56788426265e-10,74.999999999,200,200,0,50,25.4407801931,25.4407801931,-94.5592198069,124.559219807,150,150,0,37.5,675.440780194,-94.5592198059,287.059219806,9.56788426265e-10,0,NO,0.9,0,18,1,4.95640698938,0.853440280585,True,False,False,YES
6663,3,22,-10,93,300,300.000000001,7.59996510169e-10,74.9999999992,200,200,0,50,53.7144125081,53.7144125081,-66.2855874919,96.2855874919,150,150,0,37.5,703.714412509,-66.2855874911,258.785587491,7.59996510169e-10,0,NO,0.9,0,18,1,4.87591690154,0.838458765362,True,False,False,YES
6663,3,23,-9,112,300,300,8.25366441859e-11,74.9999999999,200,200,0,50,67.537284676,67.537284676,-52.462715324,82.462715324,150,150,0,37.5,717.537284676,-52.4627153239,244.962715324,8.25366441859e-11,1.84172677109e-11,NO,0.9,0,18,1,4.83659842094,0.831134359092,True,False,False,YES
6663,3,24,-8,126,300,375,75,0,200,234.805942445,34.8059424453,15.1940575547,120,120,0,30,150,187.5,37.5,0,917.305942445,147.305942445,45.1940575547,147.305942445,147.305942445,NO,0.9,0,18,1,4.68729869328,0.798787162791,True,False,False,YES
6663,4,25,-7,143,300,375,75,0,200,250,50,0,120,150,30,0,150,187.5,37.5,0,962.5,192.5,0,192.5,192.5,YES,0.906307965521,0.00630796552101,18,1,4.26990737353,0.723590287697,False,False,False,YES
6663,4,26,-6,246,300,375,75,0,200,250,50,0,120,150,30,0,150,187.5,37.5,0,962.5,192.5,0,192.5,192.5,YES,0.910317139797,0.0103171397966,18,1,4.07377998465,0.68889233879,False,False,False,YES
6663,4,27,-5,314,300,375,75,0,200,250,50,0,120,150,30,0,150,187.5,37.5,0,962.5,192.5,0,192.5,192.5,YES,0.91162585187,0.0116258518703,18,1,4.0096020615,0.677532754217,False,False,False,YES
6663,4,28,-4,389,300,375,75,0,200,250,50,0,120,150,30,0,150,187.5,37.5,0,962.5,192.5,0,192.5,192.5,YES,0.912956415176,0.0129564151764,18,1,3.94427518518,0.665966771248,False,False,False,YES
6663,4,29,-3,465,300,375,75,0,200,250,50,0,120,150,30,0,150,187.5,37.5,0,962.5,192.5,0,192.5,192.5,YES,0.913763305626,0.0137633056263,18,1,3.90462154628,0.658944622108,False,False,False,YES
6663,4,30,-2,511,300,375,75,0,200,250,50,0,120,150,30,0,150,187.5,37.5,0,962.5,192.5,0,192.5,192.5,YES,0.915611741099,0.0156117410993,18,1,3.81367682194,0.64283480531,False,False,False,YES
6663,4,31,-1,551,300,375,75,0,200,250,50,0,120,150,30,0,150,187.5,37.5,0,962.5,192.5,0,192.5,192.5,YES,0.916936520514,0.016936520514,18,1,3.74840726484,0.631268822341,False,False,False,YES
6698,3,24,-16,126,300,375,75,0,200,234.805942445,34.8059424453,15.1940575547,120,120,0,30,150,187.5,37.5,0,917.305942445,147.305942445,45.1940575547,147.305942445,147.305942445,NO,0.9,0,18,1,4.68729869328,0.798787162791,True,False,False,YES
6698,4,25,-15,143,300,375,75,0,200,250,50,0,120,150,30,0,150,187.5,37.5,0,962.5,192.5,0,192.5,192.5,YES,0.906307965521,0.00630796552101,18,1,4.26990737353,0.723590287697,False,False,False,YES
6698,4,26,-14,246,300,375,75,0,200,250,50,0,120,150,30,0,150,187.5,37.5,0,962.5,192.5,0,192.5,192.5,YES,0.910317139797,0.0103171397966,18,1,4.07377998465,0.68889233879,False,False,False,YES
6698,4,27,-13,314,300,375,75,0,200,250,50,0,120,150,30,0,150,187.5,37.5,0,962.5,192.5,0,192.5,192.5,YES,0.91162585187,0.0116258518703,18,1,4.0096020615,0.677532754217,False,False,False,YES
6698,4,28,-12,389,300,375,75,0,200,250,50,0,120,150,30,0,150,187.5,37.5,0,962.5,192.5,0,192.5,192.5,YES,0.912956415176,0.0129564151764,18,1,3.94427518518,0.665966771248,False,False,False,YES
6698,4,29,-11,465,300,375,75,0,200,250,50,0,120,150,30,0,150,187.5,37.5,0,962.5,192.5,0,192.5,192.5,YES,0.913763305626,0.0137633056263,18,1,3.90462154628,0.658944622108,False,False,False,YES
6698,4,30,-10,511,300,375,75,0,200,250,50,0,120,150,30,0,150,187.5,37.5,0,962.5,192.5,0,192.5,192.5,YES,0.915611741099,0.0156117410993,18,1,3.81367682194,0.64283480531,False,False,False,YES
6698,4,31,-9,551,300,375,75,0,200,250,50,0,120,150,30,0,150,187.5,37.5,0,962.5,192.5,0,192.5,192.5,YES,0.916936520514,0.016936520514,18,1,3.74840726484,0.631268822341,False,False,False,YES
6698,4,32,-8,570,300,375,75,0,200,250,50,0,120,150,30,0,150,187.5,37.5,0,962.5,192.5,0,192.5,192.5,YES,0.912956415176,0.0129564151764,18,1,3.94427518518,0.665966771248,False,False,False,YES
6698,5,33,-7,661,300,375,75,0,200,250,50,0,120,150,30,0,150,187.5,37.5,0,962.5,192.5,0,192.5,192.5,YES,0.905147816508,0.00514781650761,18,1,4.33731796782,0.735900617368,False,False,False,YES
6698,5,34,-6,728,300,375,75,0,200,250,50,0,120,150,30,0,150,187.5,37.5,0,962.5,192.5,0,192.5,192.5,YES,0.905985046681,0.00598504668058,18,1,4.31685826166,0.733016204777,False,False,False,YES
6698,5,35,-5,761,300,375,75,0,200,250,50,0,120,150,30,0,150,187.5,37.5,0,962.5,192.5,0,192.5,192.5,YES,0.903758302629,0.00375830262928,18,1,4.46304954338,0.760160797207,False,False,False,YES
6698,5,36,-4,785,300,375,75,0,200,250,50,0,120,150,30,0,150,187.5,37.5,0,962.5,192.5,0,192.5,192.5,YES,0.903429562652,0.00342956265178,18,1,4.53701235439,0.775186711657,False,False,False,YES
6698,5,37,-3,812,300,375,75,0,200,250,50,0,120,150,30,0,150,187.5,37.5,0,962.5,192.5,0,192.5,192.5,YES,0.903431149173,0.00343114917345,18,1,4.57013118946,0.78212916442,False,False,False,YES
6698,5,38,-2,840,300,375,75,0,200,250,50,0,120,150,30,0,150,187.5,37.5,0,962.5,192.5,0,192.5,192.5,YES,0.904429960005,0.00442996000472,18,1,4.60623870669,0.791225320635,False,False,False,YES
6698,5,39,-1,883,300,375,75,0,200,250,50,0,120,150,30,0,150,187.5,37.5,0,962.5,192.5,0,192.5,192.5,YES,0.90834218967,0.00834218966972,18,1,4.45184773487,0.765203739525,False,False,False,YES
6960,3,24,-16,126,300,375,75,0,200,234.805942445,34.8059424453,15.1940575547,120,120,0,30,150,187.5,37.5,0,917.305942445,147.305942445,45.1940575547,147.305942445,147.305942445,NO,0.9,0,18,1,4.68729869328,0.798787162791,True,False,False,YES
6960,4,25,-15,143,300,375,75,0,200,250,50,0,120,150,30,0,150,187.5,37.5,0,962.5,192.5,0,192.5,192.5,YES,0.906307965521,0.00630796552101,18,1,4.26990737353,0.723590287697,False,False,False,YES
6960,4,26,-14,246,300,375,75,0,200,250,50,0,120,150,30,0,150,187.5,37.5,0,962.5,192.5,0,192.5,192.5,YES,0.910317139797,0.0103171397966,18,1,4.07377998465,0.68889233879,False,False,False,YES
6960,4,27,-13,314,300,375,75,0,200,250,50,0,120,150,30,0,150,187.5,37.5,0,962.5,192.5,0,192.5,192.5,YES,0.91162585187,0.0116258518703,18,1,4.0096020615,0.677532754217,False,False,False,YES
6960,4,28,-12,389,300,375,75,0,200,250,50,0,120,150,30,0,150,187.5,37.5,0,962.5,192.5,0,192.5,192.5,YES,0.912956415176,0.0129564151764,18,1,3.94427518518,0.665966771248,False,False,False,YES
6960,4,29,-11,465,300,375,75,0,200,250,50,0,120,150,30,0,150,187.5,37.5,0,962.5,192.5,0,192.5,192.5,YES,0.913763305626,0.0137633056263,18,1,3.90462154628,0.658944622108,False,False,False,YES
6960,4,30,-10,511,300,375,75,0,200,250,50,0,120,150,30,0,150,187.5,37.5,0,962.5,192.5,0,192.5,192.5,YES,0.915611741099,0.0156117410993,18,1,3.81367682194,0.64283480531,False,False,False,YES
6960,4,31,-9,551,300,375,75,0,200,250,50,0,120,150,30,0,150,187.5,37.5,0,962.5,192.5,0,192.5,192.5,YES,0.916936520514,0.016936520514,18,1,3.74840726484,0.631268822341,False,False,False,YES
6960,4,32,-8,570,300,375,75,0,200,250,50,0,120,150,30,0,150,187.5,37.5,0,962.5,192.5,0,192.5,192.5,YES,0.912956415176,0.0129564151764,18,1,3.94427518518,0.665966771248,False,False,False,YES
6960,5,33,-7,661,300,375,75,0,200,250,50,0,120,150,30,0,150,187.5,37.5,0,962.5,192.5,0,192.5,192.5,YES,0.905147816508,0.00514781650761,18,1,4.33731796782,0.735900617368,False,False,False,YES
6960,5,34,-6,728,300,375,75,0,200,250,50,0,120,150,30,0,150,187.5,37.5,0,962.5,192.5,0,192.5,192.5,YES,0.905985046681,0.00598504668058,18,1,4.31685826166,0.733016204777,False,False,False,YES
6960,5,35,-5,761,300,375,75,0,200,250,50,0,120,150,30,0,150,187.5,37.5,0,962.5,192.5,0,192.5,192.5,YES,0.903758302629,0.00375830262928,18,1,4.46304954338,0.760160797207,False,False,False,YES
6960,5,36,-4,785,300,375,75,0,200,250,50,0,120,150,30,0,150,187.5,37.5,0,962.5,192.5,0,192.5,192.5,YES,0.903429562652,0.00342956265178,18,1,4.53701235439,0.775186711657,False,False,False,YES
6960,5,37,-3,812,300,375,75,0,200,250,50,0,120,150,30,0,150,187.5,37.5,0,962.5,192.5,0,192.5,192.5,YES,0.903431149173,0.00343114917345,18,1,4.57013118946,0.78212916442,False,False,False,YES
6960,5,38,-2,840,300,375,75,0,200,250,50,0,120,150,30,0,150,187.5,37.5,0,962.5,192.5,0,192.5,192.5,YES,0.904429960005,0.00442996000472,18,1,4.60623870669,0.791225320635,False,False,False,YES
6960,5,39,-1,883,300,375,75,0,200,250,50,0,120,150,30,0,150,187.5,37.5,0,962.5,192.5,0,192.5,192.5,YES,0.90834218967,0.00834218966972,18,1,4.45184773487,0.765203739525,False,False,False,YES
7392,4,32,-16,570,300,375,75,0,200,250,50,0,120,150,30,0,150,187.5,37.5,0,962.5,192.5,0,192.5,192.5,YES,0.912956415176,0.0129564151764,18,1,3.94427518518,0.665966771248,False,False,False,YES
7392,5,33,-15,661,300,375,75,0,200,250,50,0,120,150,30,0,150,187.5,37.5,0,962.5,192.5,0,192.5,192.5,YES,0.905147816508,0.00514781650761,18,1,4.33731796782,0.735900617368,False,False,False,YES
7392,5,34,-14,728,300,375,75,0,200,250,50,0,120,150,30,0,150,187.5,37.5,0,962.5,192.5,0,192.5,192.5,YES,0.905985046681,0.00598504668058,18,1,4.31685826166,0.733016204777,False,False,False,YES
7392,5,35,-13,761,300,375,75,0,200,250,50,0,120,150,30,0,150,187.5,37.5,0,962.5,192.5,0,192.5,192.5,YES,0.903758302629,0.00375830262928,18,1,4.46304954338,0.760160797207,False,False,False,YES
7392,5,36,-12,785,300,375,75,0,200,250,50,0,120,150,30,0,150,187.5,37.5,0,962.5,192.5,0,192.5,192.5,YES,0.903429562652,0.00342956265178,18,1,4.53701235439,0.775186711657,False,False,False,YES
7392,5,37,-11,812,300,375,75,0,200,250,50,0,120,150,30,0,150,187.5,37.5,0,962.5,192.5,0,192.5,192.5,YES,0.903431149173,0.00343114917345,18,1,4.57013118946,0.78212916442,False,False,False,YES
7392,5,38,-10,840,300,375,75,0,200,250,50,0,120,150,30,0,150,187.5,37.5,0,962.5,192.5,0,192.5,192.5,YES,0.904429960005,0.00442996000472,18,1,4.60623870669,0.791225320635,False,False,False,YES
7392,5,39,-9,883,300,375,75,0,200,250,50,0,120,150,30,0,150,187.5,37.5,0,962.5,192.5,0,192.5,192.5,YES,0.90834218967,0.00834218966972,18,1,4.45184773487,0.765203739525,False,False,False,YES
7392,5,40,-8,957,300,375,75,0,200,250,50,0,120,150,30,0,150,187.5,37.5,0,962.5,192.5,0,192.5,192.5,YES,0.906770737978,0.00677073797764,18,1,4.48967858026,0.770629578303,False,False,False,YES
7392,6,41,-7,993,300,375,75,0,200,250,50,0,120,150,30,0,150,187.5,37.5,0,962.5,192.5,0,192.5,192.5,YES,0.905827256184,0.00582725618405,18,1,4.49217065397,0.769664338432,False,False,False,YES
7392,6,42,-6,1029,300,375,75,0,200,250,50,0,120,150,30,0,150,187.5,37.5,0,962.5,192.5,0,192.5,192.5,YES,0.906204660123,0.00620466012347,18,1,4.40367620854,0.751738087935,False,False,False,YES
7392,6,43,-5,1056,300,375,75,0,200,250,50,0,120,150,30,0,150,187.5,37.5,0,962.5,192.5,0,192.5,192.5,YES,0.90062960229,0.000629602290455,18,1,4.58469331196,0.780577078231,False,False,False,YES
7392,6,44,-4,1080,300,300.000000001,7.59996510169e-10,74.9999999992,200,200,0,50,53.7144125081,53.7144125081,-66.2855874919,96.2855874919,150,150,0,37.5,703.714412509,-66.2855874911,258.785587491,7.59996510169e-10,0,NO,0.9,0,18,1,4.87591690154,0.838458765362,True,False,False,YES
7392,6,45,-3,1107,300,300.000000001,9.56788426265e-10,74.999999999,200,200,0,50,25.4407801931,25.4407801931,-94.5592198069,124.559219807,150,150,0,37.5,675.440780194,-94.5592198059,287.059219806,9.56788426265e-10,0,NO,0.9,0,18,1,4.95640698938,0.853440280585,True,False,False,YES
7392,6,46,-2,1148,300,300.000000001,7.59996510169e-10,74.9999999992,200,200,0,50,53.7144125081,53.7144125081,-66.2855874919,96.2855874919,150,150,0,37.5,703.714412509,-66.2855874911,258.785587491,7.59996510169e-10,0,NO,0.9,0,18,1,4.87591690154,0.838458765362,True,False,False,YES
7392,6,47,-1,1194,300,300,8.25366441859e-11,74.9999999999,200,200,0,50,67.537284676,67.537284676,-52.462715324,82.462715324,150,150,0,37.5,717.537284676,-52.4627153239,244.962715324,8.25366441859e-11,1.84172677109e-11,NO,0.9,0,18,1,4.83659842094,0.831134359092,True,False,False,YES
7541,2,16,-16,26,0,375,75,0,0,250,50,0,0,150,30,0,0,187.5,37.5,0,962.5,192.5,0,962.5,962.5,YES,0.906770737978,0.00677073797764,18,1,4.48967858026,0.770629578303,False,False,False,YES
7541,3,17,-15,37,300,375,75,0,200,250,50,0,120,150,30,0,150,187.5,37.5,0,962.5,192.5,0,192.5,192.5,YES,0.905827256184,0.00582725618405,18,1,4.49217065397,0.769664338432,False,False,False,YES
7541,3,18,-14,42,300,375,75,0,200,250,50,0,120,150,30,0,150,187.5,37.5,0,962.5,192.5,0,192.5,192.5,YES,0.906204660123,0.00620466012347,18,1,4.40367620854,0.751738087935,False,False,False,YES
7541,3,19,-13,50,300,375,75,0,200,250,50,0,120,150,30,0,150,187.5,37.5,0,962.5,192.5,0,192.5,192.5,YES,0.90062960229,0.000629602290455,18,1,4.58469331196,0.780577078231,False,False,False,YES
7541,3,20,-12,62,300,300.000000001,7.59996510169e-10,74.9999999992,200,200,0,50,53.7144125081,53.7144125081,-66.2855874919,96.2855874919,150,150,0,37.5,703.714412509,-66.2855874911,258.785587491,7.59996510169e-10,0,NO,0.9,0,18,1,4.87591690154,0.838458765362,True,False,False,YES
7541,3,21,-11,79,300,300.000000001,9.56788426265e-10,74.999999999,200,200,0,50,25.4407801931,25.4407801931,-94.5592198069,124.559219807,150,150,0,37.5,675.440780194,-94.5592198059,287.059219806,9.56788426265e-10,0,NO,0.9,0,18,1,4.95640698938,0.853440280585,True,False,False,YES
7541,3,22,-10,93,300,300.000000001,7.59996510169e-10,74.9999999992,200,200,0,50,53.7144125081,53.7144125081,-66.2855874919,96.2855874919,150,150,0,37.5,703.714412509,-66.2855874911,258.785587491,7.59996510169e-10,0,NO,0.9,0,18,1,4.87591690154,0.838458765362,True,False,False,YES
7541,3,23,-9,112,300,300,8.25366441859e-11,74.9999999999,200,200,0,50,67.537284676,67.537284676,-52.462715324,82.462715324,150,150,0,37.5,717.537284676,-52.4627153239,244.962715324,8.25366441859e-11,1.84172677109e-11,NO,0.9,0,18,1,4.83659842094,0.831134359092,True,False,False,YES
7541,3,24,-8,126,300,375,75,0,200,234.805942445,34.8059424453,15.1940575547,120,120,0,30,150,187.5,37.5,0,917.305942445,147.305942445,45.1940575547,147.305942445,147.305942445,NO,0.9,0,18,1,4.68729869328,0.798787162791,True,False,False,YES
7541,4,25,-7,143,300,375,75,0,200,250,50,0,120,150,30,0,150,187.5,37.5,0,962.5,192.5,0,192.5,192.5,YES,0.906307965521,0.00630796552101,18,1,4.26990737353,0.723590287697,False,False,False,YES
7541,4,26,-6,246,300,375,75,0,200,250,50,0,120,150,30,0,150,187.5,37.5,0,962.5,192.5,0,192.5,192.5,YES,0.910317139797,0.0103171397966,18,1,4.07377998465,0.68889233879,False,False,False,YES
7541,4,27,-5,314,300,375,75,0,200,250,50,0,120,150,30,0,150,187.5,37.5,0,962.5,192.5,0,192.5,192.5,YES,0.91162585187,0.0116258518703,18,1,4.0096020615,0.677532754217,False,False,False,YES
7541,4,28,-4,389,300,375,75,0,200,250,50,0,120,150,30,0,150,187.5,37.5,0,962.5,192.5,0,192.5,192.5,YES,0.912956415176,0.0129564151764,18,1,3.94427518518,0.665966771248,False,False,False,YES
7541,4,29,-3,465,300,375,75,0,200,250,50,0,120,150,30,0,150,187.5,37.5,0,962.5,192.5,0,192.5,192.5,YES,0.913763305626,0.0137633056263,18,1,3.90462154628,0.658944622108,False,False,False,YES
7541,4,30,-2,511,300,375,75,0,200,250,50,0,120,150,30,0,150,187.5,37.5,0,962.5,192.5,0,192.5,192.5,YES,0.915611741099,0.0156117410993,18,1,3.81367682194,0.64283480531,False,False,False,YES
7541,4,31,-1,551,300,375,75,0,200,250,50,0,120,150,30,0,150,187.5,37.5,0,962.5,192.5,0,192.5,192.5,YES,0.916936520514,0.016936520514,18,1,3.74840726484,0.631268822341,False,False,False,YES
7564,4,32,-16,570,300,375,75,0,200,250,50,0,120,150,30,0,150,187.5,37.5,0,962.5,192.5,0,192.5,192.5,YES,0.912956415176,0.0129564151764,18,1,3.94427518518,0.665966771248,False,False,False,YES
7564,5,33,-15,661,300,375,75,0,200,250,50,0,120,150,30,0,150,187.5,37.5,0,962.5,192.5,0,192.5,192.5,YES,0.905147816508,0.00514781650761,18,1,4.33731796782,0.735900617368,False,False,False,YES
7564,5,34,-14,728,300,375,75,0,200,250,50,0,120,150,30,0,150,187.5,37.5,0,962.5,192.5,0,192.5,192.5,YES,0.905985046681,0.00598504668058,18,1,4.31685826166,0.733016204777,False,False,False,YES
7564,5,35,-13,761,300,375,75,0,200,250,50,0,120,150,30,0,150,187.5,37.5,0,962.5,192.5,0,192.5,192.5,YES,0.903758302629,0.00375830262928,18,1,4.46304954338,0.760160797207,False,False,False,YES
7564,5,36,-12,785,300,375,75,0,200,250,50,0,120,150,30,0,150,187.5,37.5,0,962.5,192.5,0,192.5,192.5,YES,0.903429562652,0.00342956265178,18,1,4.53701235439,0.775186711657,False,False,False,YES
7564,5,37,-11,812,300,375,75,0,200,250,50,0,120,150,30,0,150,187.5,37.5,0,962.5,192.5,0,192.5,192.5,YES,0.903431149173,0.00343114917345,18,1,4.57013118946,0.78212916442,False,False,False,YES
7564,5,38,-10,840,300,375,75,0,200,250,50,0,120,150,30,0,150,187.5,37.5,0,962.5,192.5,0,192.5,192.5,YES,0.904429960005,0.00442996000472,18,1,4.60623870669,0.791225320635,False,False,False,YES
7564,5,39,-9,883,300,375,75,0,200,250,50,0,120,150,30,0,150,187.5,37.5,0,962.5,192.5,0,192.5,192.5,YES,0.90834218967,0.00834218966972,18,1,4.45184773487,0.765203739525,False,False,False,YES
7564,5,40,-8,957,300,375,75,0,200,250,50,0,120,150,30,0,150,187.5,37.5,0,962.5,192.5,0,192.5,192.5,YES,0.906770737978,0.00677073797764,18,1,4.48967858026,0.770629578303,False,False,False,YES
7564,6,41,-7,993,300,375,75,0,200,250,50,0,120,150,30,0,150,187.5,37.5,0,962.5,192.5,0,192.5,192.5,YES,0.905827256184,0.00582725618405,18,1,4.49217065397,0.769664338432,False,False,False,YES
7564,6,42,-6,1029,300,375,75,0,200,250,50,0,120,150,30,0,150,187.5,37.5,0,962.5,192.5,0,192.5,192.5,YES,0.906204660123,0.00620466012347,18,1,4.40367620854,0.751738087935,False,False,False,YES
7564,6,43,-5,1056,300,375,75,0,200,250,50,0,120,150,30,0,150,187.5,37.5,0,962.5,192.5,0,192.5,192.5,YES,0.90062960229,0.000629602290455,18,1,4.58469331196,0.780577078231,False,False,False,YES
7564,6,44,-4,1080,300,300.000000001,7.59996510169e-10,74.9999999992,200,200,0,50,53.7144125081,53.7144125081,-66.2855874919,96.2855874919,150,150,0,37.5,703.714412509,-66.2855874911,258.785587491,7.59996510169e-10,0,NO,0.9,0,18,1,4.87591690154,0.838458765362,True,False,False,YES
7564,6,45,-3,1107,300,300.000000001,9.56788426265e-10,74.999999999,200,200,0,50,25.4407801931,25.4407801931,-94.5592198069,124.559219807,150,150,0,37.5,675.440780194,-94.5592198059,287.059219806,9.56788426265e-10,0,NO,0.9,0,18,1,4.95640698938,0.853440280585,True,False,False,YES
7564,6,46,-2,1148,300,300.000000001,7.59996510169e-10,74.9999999992,200,200,0,50,53.7144125081,53.7144125081,-66.2855874919,96.2855874919,150,150,0,37.5,703.714412509,-66.2855874911,258.785587491,7.59996510169e-10,0,NO,0.9,0,18,1,4.87591690154,0.838458765362,True,False,False,YES
7564,6,47,-1,1193,300,300,8.25366441859e-11,74.9999999999,200,200,0,50,67.537284676,67.537284676,-52.462715324,82.462715324,150,150,0,37.5,717.537284676,-52.4627153239,244.962715324,8.25366441859e-11,3.47881723428e-11,NO,0.9,0,18,1,4.83659842094,0.831134359092,True,False,False,YES
7623,2,16,-16,26,0,375,75,0,0,250,50,0,0,150,30,0,0,187.5,37.5,0,962.5,192.5,0,962.5,962.5,YES,0.906770737978,0.00677073797764,18,1,4.48967858026,0.770629578303,False,False,False,YES
7623,3,17,-15,37,300,375,75,0,200,250,50,0,120,150,30,0,150,187.5,37.5,0,962.5,192.5,0,192.5,192.5,YES,0.905827256184,0.00582725618405,18,1,4.49217065397,0.769664338432,False,False,False,YES
7623,3,18,-14,42,300,375,75,0,200,250,50,0,120,150,30,0,150,187.5,37.5,0,962.5,192.5,0,192.5,192.5,YES,0.906204660123,0.00620466012347,18,1,4.40367620854,0.751738087935,False,False,False,YES
7623,3,19,-13,50,300,375,75,0,200,250,50,0,120,150,30,0,150,187.5,37.5,0,962.5,192.5,0,192.5,192.5,YES,0.90062960229,0.000629602290455,18,1,4.58469331196,0.780577078231,False,False,False,YES
7623,3,20,-12,62,300,300.000000001,7.59996510169e-10,74.9999999992,200,200,0,50,53.7144125081,53.7144125081,-66.2855874919,96.2855874919,150,150,0,37.5,703.714412509,-66.2855874911,258.785587491,7.59996510169e-10,0,NO,0.9,0,18,1,4.87591690154,0.838458765362,True,False,False,YES
7623,3,21,-11,79,300,300.000000001,9.56788426265e-10,74.999999999,200,200,0,50,25.4407801931,25.4407801931,-94.5592198069,124.559219807,150,150,0,37.5,675.440780194,-94.5592198059,287.059219806,9.56788426265e-10,0,NO,0.9,0,18,1,4.95640698938,0.853440280585,True,False,False,YES
7623,3,22,-10,93,300,300.000000001,7.59996510169e-10,74.9999999992,200,200,0,50,53.7144125081,53.7144125081,-66.2855874919,96.2855874919,150,150,0,37.5,703.714412509,-66.2855874911,258.785587491,7.59996510169e-10,0,NO,0.9,0,18,1,4.87591690154,0.838458765362,True,False,False,YES
7623,3,23,-9,112,300,300,8.25366441859e-11,74.9999999999,200,200,0,50,67.537284676,67.537284676,-52.462715324,82.462715324,150,150,0,37.5,717.537284676,-52.4627153239,244.962715324,8.25366441859e-11,1.84172677109e-11,NO,0.9,0,18,1,4.83659842094,0.831134359092,True,False,False,YES
7623,3,24,-8,126,300,375,75,0,200,234.805942445,34.8059424453,15.1940575547,120,120,0,30,150,187.5,37.5,0,917.305942445,147.305942445,45.1940575547,147.305942445,147.305942445,NO,0.9,0,18,1,4.68729869328,0.798787162791,True,False,False,YES
7623,4,25,-7,143,300,375,75,0,200,250,50,0,120,150,30,0,150,187.5,37.5,0,962.5,192.5,0,192.5,192.5,YES,0.906307965521,0.00630796552101,18,1,4.26990737353,0.723590287697,False,False,False,YES
7623,4,26,-6,246,300,375,75,0,200,250,50,0,120,150,30,0,150,187.5,37.5,0,962.5,192.5,0,192.5,192.5,YES,0.910317139797,0.0103171397966,18,1,4.07377998465,0.68889233879,False,False,False,YES
7623,4,27,-5,314,300,375,75,0,200,250,50,0,120,150,30,0,150,187.5,37.5,0,962.5,192.5,0,192.5,192.5,YES,0.91162585187,0.0116258518703,18,1,4.0096020615,0.677532754217,False,False,False,YES
7623,4,28,-4,389,300,375,75,0,200,250,50,0,120,150,30,0,150,187.5,37.5,0,962.5,192.5,0,192.5,192.5,YES,0.912956415176,0.0129564151764,18,1,3.94427518518,0.665966771248,False,False,False,YES
7623,4,29,-3,465,300,375,75,0,200,250,50,0,120,150,30,0,150,187.5,37.5,0,962.5,192.5,0,192.5,192.5,YES,0.913763305626,0.0137633056263,18,1,3.90462154628,0.658944622108,False,False,False,YES
7623,4,30,-2,511,300,375,75,0,200,250,50,0,120,150,30,0,150,187.5,37.5,0,962.5,192.5,0,192.5,192.5,YES,0.915611741099,0.0156117410993,18,1,3.81367682194,0.64283480531,False,False,False,YES
7623,4,31,-1,551,300,375,75,0,200,250,50,0,120,150,30,0,150,187.5,37.5,0,962.5,192.5,0,192.5,192.5,YES,0.916936520514,0.016936520514,18,1,3.74840726484,0.631268822341,False,False,False,YES
7669,2,16,-16,27,300,375,75,0,200,250,50,0,120,150,30,0,150,187.5,37.5,0,962.5,192.5,0,192.5,192.5,YES,0.906770737978,0.00677073797764,18,1,4.48967858026,0.770629578303,False,False,False,YES
7669,3,17,-15,37,300,375,75,0,200,250,50,0,120,150,30,0,150,187.5,37.5,0,962.5,192.5,0,192.5,192.5,YES,0.905827256184,0.00582725618405,18,1,4.49217065397,0.769664338432,False,False,False,YES
7669,3,18,-14,42,300,375,75,0,200,250,50,0,120,150,30,0,150,187.5,37.5,0,962.5,192.5,0,192.5,192.5,YES,0.906204660123,0.00620466012347,18,1,4.40367620854,0.751738087935,False,False,False,YES
7669,3,19,-13,50,300,375,75,0,200,250,50,0,120,150,30,0,150,187.5,37.5,0,962.5,192.5,0,192.5,192.5,YES,0.90062960229,0.000629602290455,18,1,4.58469331196,0.780577078231,False,False,False,YES
7669,3,20,-12,62,300,300.000000001,7.59996510169e-10,74.9999999992,200,200,0,50,53.7144125081,53.7144125081,-66.2855874919,96.2855874919,150,150,0,37.5,703.714412509,-66.2855874911,258.785587491,7.59996510169e-10,0,NO,0.9,0,18,1,4.87591690154,0.838458765362,True,False,False,YES
7669,3,21,-11,79,300,300.000000001,9.56788426265e-10,74.999999999,200,200,0,50,25.4407801931,25.4407801931,-94.5592198069,124.559219807,150,150,0,37.5,675.440780194,-94.5592198059,287.059219806,9.56788426265e-10,0,NO,0.9,0,18,1,4.95640698938,0.853440280585,True,False,False,YES
7669,3,22,-10,93,300,300.000000001,7.59996510169e-10,74.9999999992,200,200,0,50,53.7144125081,53.7144125081,-66.2855874919,96.2855874919,150,150,0,37.5,703.714412509,-66.2855874911,258.785587491,7.59996510169e-10,0,NO,0.9,0,18,1,4.87591690154,0.838458765362,True,False,False,YES
7669,3,23,-9,112,300,300,8.25366441859e-11,74.9999999999,200,200,0,50,67.537284676,67.537284676,-52.462715324,82.462715324,150,150,0,37.5,717.537284676,-52.4627153239,244.962715324,8.25366441859e-11,1.84172677109e-11,NO,0.9,0,18,1,4.83659842094,0.831134359092,True,False,False,YES
7669,3,24,-8,126,300,375,75,0,200,234.805942445,34.8059424453,15.1940575547,120,120,0,30,150,187.5,37.5,0,917.305942445,147.305942445,45.1940575547,147.305942445,147.305942445,NO,0.9,0,18,1,4.68729869328,0.798787162791,True,False,False,YES
7669,4,25,-7,143,300,375,75,0,200,250,50,0,120,150,30,0,150,187.5,37.5,0,962.5,192.5,0,192.5,192.5,YES,0.906307965521,0.00630796552101,18,1,4.26990737353,0.723590287697,False,False,False,YES
7669,4,26,-6,246,300,375,75,0,200,250,50,0,120,150,30,0,150,187.5,37.5,0,962.5,192.5,0,192.5,192.5,YES,0.910317139797,0.0103171397966,18,1,4.07377998465,0.68889233879,False,False,False,YES
7669,4,27,-5,314,300,375,75,0,200,250,50,0,120,150,30,0,150,187.5,37.5,0,962.5,192.5,0,192.5,192.5,YES,0.91162585187,0.0116258518703,18,1,4.0096020615,0.677532754217,False,False,False,YES
7669,4,28,-4,389,300,375,75,0,200,250,50,0,120,150,30,0,150,187.5,37.5,0,962.5,192.5,0,192.5,192.5,YES,0.912956415176,0.0129564151764,18,1,3.94427518518,0.665966771248,False,False,False,YES
7669,4,29,-3,465,300,375,75,0,200,250,50,0,120,150,30,0,150,187.5,37.5,0,962.5,192.5,0,192.5,192.5,YES,0.913763305626,0.0137633056263,18,1,3.90462154628,0.658944622108,False,False,False,YES
7669,4,30,-2,511,300,375,75,0,200,250,50,0,120,150,30,0,150,187.5,37.5,0,962.5,192.5,0,192.5,192.5,YES,0.915611741099,0.0156117410993,18,1,3.81367682194,0.64283480531,False,False,False,YES
7669,4,31,-1,551,300,375,75,0,200,250,50,0,120,150,30,0,150,187.5,37.5,0,962.5,192.5,0,192.5,192.5,YES,0.916936520514,0.016936520514,18,1,3.74840726484,0.631268822341,False,False,False,YES
7786,2,16,-16,27,300,375,75,0,200,250,50,0,120,150,30,0,150,187.5,37.5,0,962.5,192.5,0,192.5,192.5,YES,0.906770737978,0.00677073797764,18,1,4.48967858026,0.770629578303,False,False,False,YES
7786,3,17,-15,37,300,375,75,0,200,250,50,0,120,150,30,0,150,187.5,37.5,0,962.5,192.5,0,192.5,192.5,YES,0.905827256184,0.00582725618405,18,1,4.49217065397,0.769664338432,False,False,False,YES
7786,3,18,-14,42,300,375,75,0,200,250,50,0,120,150,30,0,150,187.5,37.5,0,962.5,192.5,0,192.5,192.5,YES,0.906204660123,0.00620466012347,18,1,4.40367620854,0.751738087935,False,False,False,YES
7786,3,19,-13,50,300,375,75,0,200,250,50,0,120,150,30,0,150,187.5,37.5,0,962.5,192.5,0,192.5,192.5,YES,0.90062960229,0.000629602290455,18,1,4.58469331196,0.780577078231,False,False,False,YES
7786,3,20,-12,60,300,300.000000001,7.59996510169e-10,74.9999999992,200,200,0,50,53.7144125081,53.7144125081,-66.2855874919,96.2855874919,150,150,0,37.5,703.714412509,-66.2855874911,258.785587491,7.59996510169e-10,0,NO,0.9,0,18,1,4.87591690154,0.838458765362,True,False,False,YES
7786,3,21,-11,77,300,300.000000001,9.56788426265e-10,74.999999999,200,200,0,50,25.4407801931,25.4407801931,-94.5592198069,124.559219807,150,150,0,37.5,675.440780194,-94.5592198059,287.059219806,9.56788426265e-10,2.72848410532e-11,NO,0.9,0,18,1,4.95640698938,0.853440280585,True,False,False,YES
7786,3,22,-10,90,300,300.000000001,7.59996510169e-10,74.9999999992,200,200,0,50,53.7144125081,53.7144125081,-66.2855874919,96.2855874919,150,150,0,37.5,703.714412509,-66.2855874911,258.785587491,7.59996510169e-10,0,NO,0.9,0,18,1,4.87591690154,0.838458765362,True,False,False,YES
7786,3,23,-9,111,300,300,8.25366441859e-11,74.9999999999,200,200,0,50,67.537284676,67.537284676,-52.462715324,82.462715324,150,150,0,37.5,717.537284676,-52.4627153239,244.962715324,8.25366441859e-11,1.84172677109e-11,NO,0.9,0,18,1,4.83659842094,0.831134359092,True,False,False,YES
7786,3,24,-8,126,300,375,75,0,200,234.805942445,34.8059424453,15.1940575547,120,120,0,30,150,187.5,37.5,0,917.305942445,147.305942445,45.1940575547,147.305942445,147.305942445,NO,0.9,0,18,1,4.68729869328,0.798787162791,True,False,False,YES
7786,4,25,-7,143,300,375,75,0,200,250,50,0,120,150,30,0,150,187.5,37.5,0,962.5,192.5,0,192.5,192.5,YES,0.906307965521,0.00630796552101,18,1,4.26990737353,0.723590287697,False,False,False,YES
7786,4,26,-6,246,300,375,75,0,200,250,50,0,120,150,30,0,150,187.5,37.5,0,962.5,192.5,0,192.5,192.5,YES,0.910317139797,0.0103171397966,18,1,4.07377998465,0.68889233879,False,False,False,YES
7786,4,27,-5,314,300,375,75,0,200,250,50,0,120,150,30,0,150,187.5,37.5,0,962.5,192.5,0,192.5,192.5,YES,0.91162585187,0.0116258518703,18,1,4.0096020615,0.677532754217,False,False,False,YES
7786,4,28,-4,389,300,375,75,0,200,250,50,0,120,150,30,0,150,187.5,37.5,0,962.5,192.5,0,192.5,192.5,YES,0.912956415176,0.0129564151764,18,1,3.94427518518,0.665966771248,False,False,False,YES
7786,4,29,-3,465,300,375,75,0,200,250,50,0,120,150,30,0,150,187.5,37.5,0,962.5,192.5,0,192.5,192.5,YES,0.913763305626,0.0137633056263,18,1,3.90462154628,0.658944622108,False,False,False,YES
7786,4,30,-2,511,300,375,75,0,200,250,50,0,120,150,30,0,150,187.5,37.5,0,962.5,192.5,0,192.5,192.5,YES,0.915611741099,0.0156117410993,18,1,3.81367682194,0.64283480531,False,False,False,YES
7786,4,31,-1,551,300,375,75,0,200,250,50,0,120,150,30,0,150,187.5,37.5,0,962.5,192.5,0,192.5,192.5,YES,0.916936520514,0.016936520514,18,1,3.74840726484,0.631268822341,False,False,False,YES
7862,2,16,-16,26,0,375,75,0,0,250,50,0,0,150,30,0,0,187.5,37.5,0,962.5,192.5,0,962.5,962.5,YES,0.906770737978,0.00677073797764,18,1,4.48967858026,0.770629578303,False,False,False,YES
7862,3,17,-15,37,300,375,75,0,200,250,50,0,120,150,30,0,150,187.5,37.5,0,962.5,192.5,0,192.5,192.5,YES,0.905827256184,0.00582725618405,18,1,4.49217065397,0.769664338432,False,False,False,YES
7862,3,18,-14,42,300,375,75,0,200,250,50,0,120,150,30,0,150,187.5,37.5,0,962.5,192.5,0,192.5,192.5,YES,0.906204660123,0.00620466012347,18,1,4.40367620854,0.751738087935,False,False,False,YES
7862,3,19,-13,50,300,375,75,0,200,250,50,0,120,150,30,0,150,187.5,37.5,0,962.5,192.5,0,192.5,192.5,YES,0.90062960229,0.000629602290455,18,1,4.58469331196,0.780577078231,False,False,False,YES
7862,3,20,-12,62,300,300.000000001,7.59996510169e-10,74.9999999992,200,200,0,50,53.7144125081,53.7144125081,-66.2855874919,96.2855874919,150,150,0,37.5,703.714412509,-66.2855874911,258.785587491,7.59996510169e-10,0,NO,0.9,0,18,1,4.87591690154,0.838458765362,True,False,False,YES
7862,3,21,-11,79,300,300.000000001,9.56788426265e-10,74.999999999,200,200,0,50,25.4407801931,25.4407801931,-94.5592198069,124.559219807,150,150,0,37.5,675.440780194,-94.5592198059,287.059219806,9.56788426265e-10,0,NO,0.9,0,18,1,4.95640698938,0.853440280585,True,False,False,YES
7862,3,22,-10,93,300,300.000000001,7.59996510169e-10,74.9999999992,200,200,0,50,53.7144125081,53.7144125081,-66.2855874919,96.2855874919,150,150,0,37.5,703.714412509,-66.2855874911,258.785587491,7.59996510169e-10,0,NO,0.9,0,18,1,4.87591690154,0.838458765362,True,False,False,YES
7862,3,23,-9,112,300,300,8.25366441859e-11,74.9999999999,200,200,0,50,67.537284676,67.537284676,-52.462715324,82.462715324,150,150,0,37.5,717.537284676,-52.4627153239,244.962715324,8.25366441859e-11,1.84172677109e-11,NO,0.9,0,18,1,4.83659842094,0.831134359092,True,False,False,YES
7862,3,24,-8,126,300,375,75,0,200,234.805942445,34.8059424453,15.1940575547,120,120,0,30,150,187.5,37.5,0,917.305942445,147.305942445,45.1940575547,147.305942445,147.305942445,NO,0.9,0,18,1,4.68729869328,0.798787162791,True,False,False,YES
7862,4,25,-7,143,300,375,75,0,200,250,50,0,120,150,30,0,150,187.5,37.5,0,962.5,192.5,0,192.5,192.5,YES,0.906307965521,0.00630796552101,18,1,4.26990737353,0.723590287697,False,False,False,YES
7862,4,26,-6,246,300,375,75,0,200,250,50,0,120,150,30,0,150,187.5,37.5,0,962.5,192.5,0,192.5,192.5,YES,0.910317139797,0.0103171397966,18,1,4.07377998465,0.68889233879,False,False,False,YES
7862,4,27,-5,314,300,375,75,0,200,250,50,0,120,150,30,0,150,187.5,37.5,0,962.5,192.5,0,192.5,192.5,YES,0.91162585187,0.0116258518703,18,1,4.0096020615,0.677532754217,False,False,False,YES
7862,4,28,-4,389,300,375,75,0,200,250,50,0,120,150,30,0,150,187.5,37.5,0,962.5,192.5,0,192.5,192.5,YES,0.912956415176,0.0129564151764,18,1,3.94427518518,0.665966771248,False,False,False,YES
7862,4,29,-3,465,300,375,75,0,200,250,50,0,120,150,30,0,150,187.5,37.5,0,962.5,192.5,0,192.5,192.5,YES,0.913763305626,0.0137633056263,18,1,3.90462154628,0.658944622108,False,False,False,YES
7862,4,30,-2,511,300,375,75,0,200,250,50,0,120,150,30,0,150,187.5,37.5,0,962.5,192.5,0,192.5,192.5,YES,0.915611741099,0.0156117410993,18,1,3.81367682194,0.64283480531,False,False,False,YES
7862,4,31,-1,551,300,375,75,0,200,250,50,0,120,150,30,0,150,187.5,37.5,0,962.5,192.5,0,192.5,192.5,YES,0.916936520514,0.016936520514,18,1,3.74840726484,0.631268822341,False,False,False,YES
8061,4,32,-16,567,300,375,75,0,0,250,50,0,0,150,30,0,150,187.5,37.5,0,962.5,192.5,0,512.5,512.5,YES,0.912956415176,0.0129564151764,18,1,3.94427518518,0.665966771248,False,False,False,YES
8061,5,33,-15,661,300,375,75,0,200,250,50,0,120,150,30,0,150,187.5,37.5,0,962.5,192.5,0,192.5,192.5,YES,0.905147816508,0.00514781650761,18,1,4.33731796782,0.735900617368,False,False,False,YES
8061,5,34,-14,728,300,375,75,0,200,250,50,0,120,150,30,0,150,187.5,37.5,0,962.5,192.5,0,192.5,192.5,YES,0.905985046681,0.00598504668058,18,1,4.31685826166,0.733016204777,False,False,False,YES
8061,5,35,-13,761,300,375,75,0,200,250,50,0,120,150,30,0,150,187.5,37.5,0,962.5,192.5,0,192.5,192.5,YES,0.903758302629,0.00375830262928,18,1,4.46304954338,0.760160797207,False,False,False,YES
8061,5,36,-12,785,300,375,75,0,200,250,50,0,120,150,30,0,150,187.5,37.5,0,962.5,192.5,0,192.5,192.5,YES,0.903429562652,0.00342956265178,18,1,4.53701235439,0.775186711657,False,False,False,YES
8061,5,37,-11,812,300,375,75,0,200,250,50,0,120,150,30,0,150,187.5,37.5,0,962.5,192.5,0,192.5,192.5,YES,0.903431149173,0.00343114917345,18,1,4.57013118946,0.78212916442,False,False,False,YES
8061,5,38,-10,840,300,375,75,0,200,250,50,0,120,150,30,0,150,187.5,37.5,0,962.5,192.5,0,192.5,192.5,YES,0.904429960005,0.00442996000472,18,1,4.60623870669,0.791225320635,False,False,False,YES
8061,5,39,-9,883,300,375,75,0,200,250,50,0,120,150,30,0,150,187.5,37.5,0,962.5,192.5,0,192.5,192.5,YES,0.90834218967,0.00834218966972,18,1,4.45184773487,0.765203739525,False,False,False,YES
8061,5,40,-8,957,300,375,75,0,200,250,50,0,120,150,30,0,150,187.5,37.5,0,962.5,192.5,0,192.5,192.5,YES,0.906770737978,0.00677073797764,18,1,4.48967858026,0.770629578303,False,False,False,YES
8061,6,41,-7,993,300,375,75,0,200,250,50,0,120,150,30,0,150,187.5,37.5,0,962.5,192.5,0,192.5,192.5,YES,0.905827256184,0.00582725618405,18,1,4.49217065397,0.769664338432,False,False,False,YES
8061,6,42,-6,1029,300,375,75,0,200,250,50,0,120,150,30,0,150,187.5,37.5,0,962.5,192.5,0,192.5,192.5,YES,0.906204660123,0.00620466012347,18,1,4.40367620854,0.751738087935,False,False,False,YES
8061,6,43,-5,1056,300,375,75,0,200,250,50,0,120,150,30,0,150,187.5,37.5,0,962.5,192.5,0,192.5,192.5,YES,0.90062960229,0.000629602290455,18,1,4.58469331196,0.780577078231,False,False,False,YES
8061,6,44,-4,1080,300,300.000000001,7.59996510169e-10,74.9999999992,200,200,0,50,53.7144125081,53.7144125081,-66.2855874919,96.2855874919,150,150,0,37.5,703.714412509,-66.2855874911,258.785587491,7.59996510169e-10,0,NO,0.9,0,18,1,4.87591690154,0.838458765362,True,False,False,YES
8061,6,45,-3,1107,300,300.000000001,9.56788426265e-10,74.999999999,200,200,0,50,25.4407801931,25.4407801931,-94.5592198069,124.559219807,150,150,0,37.5,675.440780194,-94.5592198059,287.059219806,9.56788426265e-10,0,NO,0.9,0,18,1,4.95640698938,0.853440280585,True,False,False,YES
8061,6,46,-2,1148,300,300.000000001,7.59996510169e-10,74.9999999992,200,200,0,50,53.7144125081,53.7144125081,-66.2855874919,96.2855874919,150,150,0,37.5,703.714412509,-66.2855874911,258.785587491,7.59996510169e-10,0,NO,0.9,0,18,1,4.87591690154,0.838458765362,True,False,False,YES
8061,6,47,-1,1194,300,300,8.25366441859e-11,74.9999999999,200,200,0,50,67.537284676,67.537284676,-52.462715324,82.462715324,150,150,0,37.5,717.537284676,-52.4627153239,244.962715324,8.25366441859e-11,1.84172677109e-11,NO,0.9,0,18,1,4.83659842094,0.831134359092,True,False,False,YES
8138,2,16,-16,26,0,375,75,0,0,250,50,0,0,150,30,0,0,187.5,37.5,0,962.5,192.5,0,962.5,962.5,YES,0.906770737978,0.00677073797764,18,1,4.48967858026,0.770629578303,False,False,False,YES
8138,3,17,-15,37,300,375,75,0,200,250,50,0,120,150,30,0,150,187.5,37.5,0,962.5,192.5,0,192.5,192.5,YES,0.905827256184,0.00582725618405,18,1,4.49217065397,0.769664338432,False,False,False,YES
8138,3,18,-14,42,300,375,75,0,200,250,50,0,120,150,30,0,150,187.5,37.5,0,962.5,192.5,0,192.5,192.5,YES,0.906204660123,0.00620466012347,18,1,4.40367620854,0.751738087935,False,False,False,YES
8138,3,19,-13,50,300,375,75,0,200,250,50,0,120,150,30,0,150,187.5,37.5,0,962.5,192.5,0,192.5,192.5,YES,0.90062960229,0.000629602290455,18,1,4.58469331196,0.780577078231,False,False,False,YES
8138,3,20,-12,61,300,300.000000001,7.59996510169e-10,74.9999999992,200,200,0,50,53.7144125081,53.7144125081,-66.2855874919,96.2855874919,150,150,0,37.5,703.714412509,-66.2855874911,258.785587491,7.59996510169e-10,0,NO,0.9,0,18,1,4.87591690154,0.838458765362,True,False,False,YES
8138,3,21,-11,78,300,300.000000001,9.56788426265e-10,74.999999999,200,200,0,50,25.4407801931,25.4407801931,-94.5592198069,124.559219807,150,150,0,37.5,675.440780194,-94.5592198059,287.059219806,9.56788426265e-10,1.1823431123e-11,NO,0.9,0,18,1,4.95640698938,0.853440280585,True,False,False,YES
8138,3,22,-10,92,300,300.000000001,7.59996510169e-10,74.9999999992,200,200,0,50,53.7144125081,53.7144125081,-66.2855874919,96.2855874919,150,150,0,37.5,703.714412509,-66.2855874911,258.785587491,7.59996510169e-10,0,NO,0.9,0,18,1,4.87591690154,0.838458765362,True,False,False,YES
8138,3,23,-9,115,300,300,8.25366441859e-11,74.9999999999,200,200,0,50,67.537284676,67.537284676,-52.462715324,82.462715324,150,150,0,37.5,717.537284676,-52.4627153239,244.962715324,8.25366441859e-11,0,NO,0.9,0,18,1,4.83659842094,0.831134359092,True,False,False,YES
8138,3,24,-8,126,300,375,75,0,200,234.805942445,34.8059424453,15.1940575547,120,120,0,30,150,187.5,37.5,0,917.305942445,147.305942445,45.1940575547,147.305942445,147.305942445,NO,0.9,0,18,1,4.68729869328,0.798787162791,True,False,False,YES
8138,4,25,-7,143,300,375,75,0,200,250,50,0,120,150,30,0,150,187.5,37.5,0,962.5,192.5,0,192.5,192.5,YES,0.906307965521,0.00630796552101,18,1,4.26990737353,0.723590287697,False,False,False,YES
8138,4,26,-6,246,300,375,75,0,200,250,50,0,120,150,30,0,150,187.5,37.5,0,962.5,192.5,0,192.5,192.5,YES,0.910317139797,0.0103171397966,18,1,4.07377998465,0.68889233879,False,False,False,YES
8138,4,27,-5,314,300,375,75,0,200,250,50,0,120,150,30,0,150,187.5,37.5,0,962.5,192.5,0,192.5,192.5,YES,0.91162585187,0.0116258518703,18,1,4.0096020615,0.677532754217,False,False,False,YES
8138,4,28,-4,389,300,375,75,0,200,250,50,0,120,150,30,0,150,187.5,37.5,0,962.5,192.5,0,192.5,192.5,YES,0.912956415176,0.0129564151764,18,1,3.94427518518,0.665966771248,False,False,False,YES
8138,4,29,-3,465,300,375,75,0,200,250,50,0,120,150,30,0,150,187.5,37.5,0,962.5,192.5,0,192.5,192.5,YES,0.913763305626,0.0137633056263,18,1,3.90462154628,0.658944622108,False,False,False,YES
8138,4,30,-2,511,300,375,75,0,200,250,50,0,120,150,30,0,150,187.5,37.5,0,962.5,192.5,0,192.5,192.5,YES,0.915611741099,0.0156117410993,18,1,3.81367682194,0.64283480531,False,False,False,YES
8138,4,31,-1,551,300,375,75,0,200,250,50,0,120,150,30,0,150,187.5,37.5,0,962.5,192.5,0,192.5,192.5,YES,0.916936520514,0.016936520514,18,1,3.74840726484,0.631268822341,False,False,False,YES
8332,2,16,-16,26,0,375,75,0,0,250,50,0,0,150,30,0,0,187.5,37.5,0,962.5,192.5,0,962.5,962.5,YES,0.906770737978,0.00677073797764,18,1,4.48967858026,0.770629578303,False,False,False,YES
8332,3,17,-15,28,0,375,75,0,0,250,50,0,0,150,30,0,0,187.5,37.5,0,962.5,192.5,0,962.5,962.5,YES,0.905827256184,0.00582725618405,18,1,4.49217065397,0.769664338432,False,False,False,YES
8332,3,18,-14,38,0,375,75,0,0,250,50,0,0,150,30,0,0,187.5,37.5,0,962.5,192.5,0,962.5,962.5,YES,0.906204660123,0.00620466012347,18,1,4.40367620854,0.751738087935,False,False,False,YES
8332,3,19,-13,43,0,375,75,0,0,250,50,0,0,150,30,0,0,187.5,37.5,0,962.5,192.5,0,962.5,962.5,YES,0.90062960229,0.000629602290455,18,1,4.58469331196,0.780577078231,False,False,False,YES
8332,3,20,-12,51,0,375,75,0,0,250,50,0,0,7.63448068913,-112.365519311,142.365519311,0,187.5,37.5,0,820.134480689,50.1344806891,142.365519311,820.134480689,820.134480689,NO,0.9,0,18,1,4.9795600019,0.853309442458,True,False,False,YES
8332,3,21,-11,65,0,375,75,0,0,220.359814298,20.3598142978,29.6401857022,0,0,-120,150,0,187.5,37.5,0,782.859814298,12.8598142978,179.640185702,782.859814298,782.859814298,NO,0.9,0,18,1,5.05180590572,0.867142775475,True,False,False,YES
8332,3,22,-10,80,0,375,75,0,0,250,50,0,0,7.63448068913,-112.365519311,142.365519311,0,187.5,37.5,0,820.134480689,50.1344806891,142.365519311,820.134480689,820.134480689,NO,0.9,0,18,1,4.9795600019,0.853309442458,True,False,False,YES
8332,3,23,-9,97,0,375,75,0,0,250,50,0,0,21.457352857,-98.542647143,128.542647143,150,187.5,37.5,0,833.957352857,63.957352857,128.542647143,683.957352857,683.957352857,NO,0.9,0,18,1,4.94035524164,0.845985036188,True,False,False,YES
8332,3,24,-8,126,300,375,75,0,200,234.805942445,34.8059424453,15.1940575547,120,120,0,30,150,187.5,37.5,0,917.305942445,147.305942445,45.1940575547,147.305942445,147.305942445,NO,0.9,0,18,1,4.68729869328,0.798787162791,True,False,False,YES
8332,4,25,-7,143,300,375,75,0,200,250,50,0,120,150,30,0,150,187.5,37.5,0,962.5,192.5,0,192.5,192.5,YES,0.906307965521,0.00630796552101,18,1,4.26990737353,0.723590287697,False,False,False,YES
8332,4,26,-6,246,300,375,75,0,200,250,50,0,120,150,30,0,150,187.5,37.5,0,962.5,192.5,0,192.5,192.5,YES,0.910317139797,0.0103171397966,18,1,4.07377998465,0.68889233879,False,False,False,YES
8332,4,27,-5,314,300,375,75,0,200,250,50,0,120,150,30,0,150,187.5,37.5,0,962.5,192.5,0,192.5,192.5,YES,0.91162585187,0.0116258518703,18,1,4.0096020615,0.677532754217,False,False,False,YES
8332,4,28,-4,389,300,375,75,0,200,250,50,0,120,150,30,0,150,187.5,37.5,0,962.5,192.5,0,192.5,192.5,YES,0.912956415176,0.0129564151764,18,1,3.94427518518,0.665966771248,False,False,False,YES
8332,4,29,-3,465,300,375,75,0,200,250,50,0,120,150,30,0,150,187.5,37.5,0,962.5,192.5,0,192.5,192.5,YES,0.913763305626,0.0137633056263,18,1,3.90462154628,0.658944622108,False,False,False,YES
8332,4,30,-2,511,300,375,75,0,200,250,50,0,120,150,30,0,150,187.5,37.5,0,962.5,192.5,0,192.5,192.5,YES,0.915611741099,0.0156117410993,18,1,3.81367682194,0.64283480531,False,False,False,YES
8332,4,31,-1,551,300,375,75,0,200,250,50,0,120,150,30,0,150,187.5,37.5,0,962.5,192.5,0,192.5,192.5,YES,0.916936520514,0.016936520514,18,1,3.74840726484,0.631268822341,False,False,False,YES
8384,1,8,-16,8,300,375,75,0,0,250,50,0,0,150,30,0,150,187.5,37.5,0,962.5,192.5,0,512.5,512.5,YES,0.912956415176,0.0129564151764,18,1,3.94427518518,0.665966771248,False,False,False,YES
8384,2,9,-15,13,300,375,75,0,200,250,50,0,120,150,30,0,150,187.5,37.5,0,962.5,192.5,0,192.5,192.5,YES,0.905147816508,0.00514781650761,18,1,4.33731796782,0.735900617368,False,False,False,YES
8384,2,10,-14,15,300,375,75,0,200,250,50,0,120,150,30,0,150,187.5,37.5,0,962.5,192.5,0,192.5,192.5,YES,0.905985046681,0.00598504668058,18,1,4.31685826166,0.733016204777,False,False,False,YES
8384,2,11,-13,17,300,375,75,0,200,250,50,0,120,150,30,0,150,187.5,37.5,0,962.5,192.5,0,192.5,192.5,YES,0.903758302629,0.00375830262928,18,1,4.46304954338,0.760160797207,False,False,False,YES
8384,2,12,-12,19,300,375,75,0,200,250,50,0,120,150,30,0,150,187.5,37.5,0,962.5,192.5,0,192.5,192.5,YES,0.903429562652,0.00342956265178,18,1,4.53701235439,0.775186711657,False,False,False,YES
8384,2,13,-11,21,300,375,75,0,200,250,50,0,120,150,30,0,150,187.5,37.5,0,962.5,192.5,0,192.5,192.5,YES,0.903431149173,0.00343114917345,18,1,4.57013118946,0.78212916442,False,False,False,YES
8384,2,14,-10,23,300,375,75,0,200,250,50,0,120,150,30,0,150,187.5,37.5,0,962.5,192.5,0,192.5,192.5,YES,0.904429960005,0.00442996000472,18,1,4.60623870669,0.791225320635,False,False,False,YES
8384,2,15,-9,25,300,375,75,0,200,250,50,0,120,150,30,0,150,187.5,37.5,0,962.5,192.5,0,192.5,192.5,YES,0.90834218967,0.00834218966972,18,1,4.45184773487,0.765203739525,False,False,False,YES
8384,2,16,-8,27,300,375,75,0,200,250,50,0,120,150,30,0,150,187.5,37.5,0,962.5,192.5,0,192.5,192.5,YES,0.906770737978,0.00677073797764,18,1,4.48967858026,0.770629578303,False,False,False,YES
8384,3,17,-7,37,300,375,75,0,200,250,50,0,120,150,30,0,150,187.5,37.5,0,962.5,192.5,0,192.5,192.5,YES,0.905827256184,0.00582725618405,18,1,4.49217065397,0.769664338432,False,False,False,YES
8384,3,18,-6,42,300,375,75,0,200,250,50,0,120,150,30,0,150,187.5,37.5,0,962.5,192.5,0,192.5,192.5,YES,0.906204660123,0.00620466012347,18,1,4.40367620854,0.751738087935,False,False,False,YES
8384,3,19,-5,50,300,375,75,0,200,250,50,0,120,150,30,0,150,187.5,37.5,0,962.5,192.5,0,192.5,192.5,YES,0.90062960229,0.000629602290455,18,1,4.58469331196,0.780577078231,False,False,False,YES
8384,3,20,-4,62,300,300.000000001,7.59996510169e-10,74.9999999992,200,200,0,50,53.7144125081,53.7144125081,-66.2855874919,96.2855874919,150,150,0,37.5,703.714412509,-66.2855874911,258.785587491,7.59996510169e-10,0,NO,0.9,0,18,1,4.87591690154,0.838458765362,True,False,False,YES
8384,3,21,-3,79,300,300.000000001,9.56788426265e-10,74.999999999,200,200,0,50,25.4407801931,25.4407801931,-94.5592198069,124.559219807,150,150,0,37.5,675.440780194,-94.5592198059,287.059219806,9.56788426265e-10,0,NO,0.9,0,18,1,4.95640698938,0.853440280585,True,False,False,YES
8384,3,22,-2,93,300,300.000000001,7.59996510169e-10,74.9999999992,200,200,0,50,53.7144125081,53.7144125081,-66.2855874919,96.2855874919,150,150,0,37.5,703.714412509,-66.2855874911,258.785587491,7.59996510169e-10,0,NO,0.9,0,18,1,4.87591690154,0.838458765362,True,False,False,YES
8384,3,23,-1,108,300,300,8.25366441859e-11,74.9999999999,200,200,0,50,67.537284676,67.537284676,-52.462715324,82.462715324,150,150,0,37.5,717.537284676,-52.4627153239,244.962715324,8.25366441859e-11,6.6165739554e-11,NO,0.9,0,18,1,4.83659842094,0.831134359092,True,False,False,YES
8440,1,8,-16,8,300,375,75,0,0,250,50,0,0,150,30,0,150,187.5,37.5,0,962.5,192.5,0,512.5,512.5,YES,0.912956415176,0.0129564151764,18,1,3.94427518518,0.665966771248,False,False,False,YES
8440,2,9,-15,13,300,375,75,0,200,250,50,0,120,150,30,0,150,187.5,37.5,0,962.5,192.5,0,192.5,192.5,YES,0.905147816508,0.00514781650761,18,1,4.33731796782,0.735900617368,False,False,False,YES
8440,2,10,-14,15,300,375,75,0,200,250,50,0,120,150,30,0,150,187.5,37.5,0,962.5,192.5,0,192.5,192.5,YES,0.905985046681,0.00598504668058,18,1,4.31685826166,0.733016204777,False,False,False,YES
8440,2,11,-13,17,300,375,75,0,200,250,50,0,120,150,30,0,150,187.5,37.5,0,962.5,192.5,0,192.5,192.5,YES,0.903758302629,0.00375830262928,18,1,4.46304954338,0.760160797207,False,False,False,YES
8440,2,12,-12,19,300,375,75,0,200,250,50,0,120,150,30,0,150,187.5,37.5,0,962.5,192.5,0,192.5,192.5,YES,0.903429562652,0.00342956265178,18,1,4.53701235439,0.775186711657,False,False,False,YES
8440,2,13,-11,21,300,375,75,0,200,250,50,0,120,150,30,0,150,187.5,37.5,0,962.5,192.5,0,192.5,192.5,YES,0.903431149173,0.00343114917345,18,1,4.57013118946,0.78212916442,False,False,False,YES
8440,2,14,-10,23,300,375,75,0,200,250,50,0,120,150,30,0,150,187.5,37.5,0,962.5,192.5,0,192.5,192.5,YES,0.904429960005,0.00442996000472,18,1,4.60623870669,0.791225320635,False,False,False,YES
8440,2,15,-9,25,300,375,75,0,200,250,50,0,120,150,30,0,150,187.5,37.5,0,962.5,192.5,0,192.5,192.5,YES,0.90834218967,0.00834218966972,18,1,4.45184773487,0.765203739525,False,False,False,YES
8440,2,16,-8,27,300,375,75,0,200,250,50,0,120,150,30,0,150,187.5,37.5,0,962.5,192.5,0,192.5,192.5,YES,0.906770737978,0.00677073797764,18,1,4.48967858026,0.770629578303,False,False,False,YES
8440,3,17,-7,37,300,375,75,0,200,250,50,0,120,150,30,0,150,187.5,37.5,0,962.5,192.5,0,192.5,192.5,YES,0.905827256184,0.00582725618405,18,1,4.49217065397,0.769664338432,False,False,False,YES
8440,3,18,-6,42,300,375,75,0,200,250,50,0,120,150,30,0,150,187.5,37.5,0,962.5,192.5,0,192.5,192.5,YES,0.906204660123,0.00620466012347,18,1,4.40367620854,0.751738087935,False,False,False,YES
8440,3,19,-5,50,300,375,75,0,200,250,50,0,120,150,30,0,150,187.5,37.5,0,962.5,192.5,0,192.5,192.5,YES,0.90062960229,0.000629602290455,18,1,4.58469331196,0.780577078231,False,False,False,YES
8440,3,20,-4,62,300,300.000000001,7.59996510169e-10,74.9999999992,200,200,0,50,53.7144125081,53.7144125081,-66.2855874919,96.2855874919,150,150,0,37.5,703.714412509,-66.2855874911,258.785587491,7.59996510169e-10,0,NO,0.9,0,18,1,4.87591690154,0.838458765362,True,False,False,YES
8440,3,21,-3,79,300,300.000000001,9.56788426265e-10,74.999999999,200,200,0,50,25.4407801931,25.4407801931,-94.5592198069,124.559219807,150,150,0,37.5,675.440780194,-94.5592198059,287.059219806,9.56788426265e-10,0,NO,0.9,0,18,1,4.95640698938,0.853440280585,True,False,False,YES
8440,3,22,-2,93,300,300.000000001,7.59996510169e-10,74.9999999992,200,200,0,50,53.7144125081,53.7144125081,-66.2855874919,96.2855874919,150,150,0,37.5,703.714412509,-66.2855874911,258.785587491,7.59996510169e-10,0,NO,0.9,0,18,1,4.87591690154,0.838458765362,True,False,False,YES
8440,3,23,-1,110,300,300,8.25366441859e-11,74.9999999999,200,200,0,50,67.537284676,67.537284676,-52.462715324,82.462715324,150,150,0,37.5,717.537284676,-52.4627153239,244.962715324,8.25366441859e-11,3.47881723428e-11,NO,0.9,0,18,1,4.83659842094,0.831134359092,True,False,False,YES
8611,3,24,-16,125,300,375,75,0,0,234.805942445,34.8059424453,15.1940575547,120,120,0,30,150,187.5,37.5,0,917.305942445,147.305942445,45.1940575547,347.305942445,347.305942445,NO,0.9,0,18,1,4.68729869328,0.798787162791,True,False,False,YES
8611,4,25,-15,143,300,375,75,0,200,250,50,0,120,150,30,0,150,187.5,37.5,0,962.5,192.5,0,192.5,192.5,YES,0.906307965521,0.00630796552101,18,1,4.26990737353,0.723590287697,False,False,False,YES
8611,4,26,-14,246,300,375,75,0,200,250,50,0,120,150,30,0,150,187.5,37.5,0,962.5,192.5,0,192.5,192.5,YES,0.910317139797,0.0103171397966,18,1,4.07377998465,0.68889233879,False,False,False,YES
8611,4,27,-13,314,300,375,75,0,200,250,50,0,120,150,30,0,150,187.5,37.5,0,962.5,192.5,0,192.5,192.5,YES,0.91162585187,0.0116258518703,18,1,4.0096020615,0.677532754217,False,False,False,YES
8611,4,28,-12,389,300,375,75,0,200,250,50,0,120,150,30,0,150,187.5,37.5,0,962.5,192.5,0,192.5,192.5,YES,0.912956415176,0.0129564151764,18,1,3.94427518518,0.665966771248,False,False,False,YES
8611,4,29,-11,465,300,375,75,0,200,250,50,0,120,150,30,0,150,187.5,37.5,0,962.5,192.5,0,192.5,192.5,YES,0.913763305626,0.0137633056263,18,1,3.90462154628,0.658944622108,False,False,False,YES
8611,4,30,-10,511,300,375,75,0,200,250,50,0,120,150,30,0,150,187.5,37.5,0,962.5,192.5,0,192.5,192.5,YES,0.915611741099,0.0156117410993,18,1,3.81367682194,0.64283480531,False,False,False,YES
8611,4,31,-9,551,300,375,75,0,200,250,50,0,120,150,30,0,150,187.5,37.5,0,962.5,192.5,0,192.5,192.5,YES,0.916936520514,0.016936520514,18,1,3.74840726484,0.631268822341,False,False,False,YES
8611,4,32,-8,570,300,375,75,0,200,250,50,0,120,150,30,0,150,187.5,37.5,0,962.5,192.5,0,192.5,192.5,YES,0.912956415176,0.0129564151764,18,1,3.94427518518,0.665966771248,False,False,False,YES
8611,5,33,-7,661,300,375,75,0,200,250,50,0,120,150,30,0,150,187.5,37.5,0,962.5,192.5,0,192.5,192.5,YES,0.905147816508,0.00514781650761,18,1,4.33731796782,0.735900617368,False,False,False,YES
8611,5,34,-6,728,300,375,75,0,200,250,50,0,120,150,30,0,150,187.5,37.5,0,962.5,192.5,0,192.5,192.5,YES,0.905985046681,0.00598504668058,18,1,4.31685826166,0.733016204777,False,False,False,YES
8611,5,35,-5,761,300,375,75,0,200,250,50,0,120,150,30,0,150,187.5,37.5,0,962.5,192.5,0,192.5,192.5,YES,0.903758302629,0.00375830262928,18,1,4.46304954338,0.760160797207,False,False,False,YES
8611,5,36,-4,785,300,375,75,0,200,250,50,0,120,150,30,0,150,187.5,37.5,0,962.5,192.5,0,192.5,192.5,YES,0.903429562652,0.00342956265178,18,1,4.53701235439,0.775186711657,False,False,False,YES
8611,5,37,-3,812,300,375,75,0,200,250,50,0,120,150,30,0,150,187.5,37.5,0,962.5,192.5,0,192.5,192.5,YES,0.903431149173,0.00343114917345,18,1,4.57013118946,0.78212916442,False,False,False,YES
8611,5,38,-2,840,300,375,75,0,200,250,50,0,120,150,30,0,150,187.5,37.5,0,962.5,192.5,0,192.5,192.5,YES,0.904429960005,0.00442996000472,18,1,4.60623870669,0.791225320635,False,False,False,YES
8611,5,39,-1,883,300,375,75,0,200,250,50,0,120,150,30,0,150,187.5,37.5,0,962.5,192.5,0,192.5,192.5,YES,0.90834218967,0.00834218966972,18,1,4.45184773487,0.765203739525,False,False,False,YES
8716,2,16,-16,27,300,375,75,0,200,250,50,0,120,150,30,0,150,187.5,37.5,0,962.5,192.5,0,192.5,192.5,YES,0.906770737978,0.00677073797764,18,1,4.48967858026,0.770629578303,False,False,False,YES
8716,3,17,-15,37,300,375,75,0,200,250,50,0,120,150,30,0,150,187.5,37.5,0,962.5,192.5,0,192.5,192.5,YES,0.905827256184,0.00582725618405,18,1,4.49217065397,0.769664338432,False,False,False,YES
8716,3,18,-14,42,300,375,75,0,200,250,50,0,120,150,30,0,150,187.5,37.5,0,962.5,192.5,0,192.5,192.5,YES,0.906204660123,0.00620466012347,18,1,4.40367620854,0.751738087935,False,False,False,YES
8716,3,19,-13,50,300,375,75,0,200,250,50,0,120,150,30,0,150,187.5,37.5,0,962.5,192.5,0,192.5,192.5,YES,0.90062960229,0.000629602290455,18,1,4.58469331196,0.780577078231,False,False,False,YES
8716,3,20,-12,62,300,300.000000001,7.59996510169e-10,74.9999999992,200,200,0,50,53.7144125081,53.7144125081,-66.2855874919,96.2855874919,150,150,0,37.5,703.714412509,-66.2855874911,258.785587491,7.59996510169e-10,0,NO,0.9,0,18,1,4.87591690154,0.838458765362,True,False,False,YES
8716,3,21,-11,79,300,300.000000001,9.56788426265e-10,74.999999999,200,200,0,50,25.4407801931,25.4407801931,-94.5592198069,124.559219807,150,150,0,37.5,675.440780194,-94.5592198059,287.059219806,9.56788426265e-10,0,NO,0.9,0,18,1,4.95640698938,0.853440280585,True,False,False,YES
8716,3,22,-10,93,300,300.000000001,7.59996510169e-10,74.9999999992,200,200,0,50,53.7144125081,53.7144125081,-66.2855874919,96.2855874919,150,150,0,37.5,703.714412509,-66.2855874911,258.785587491,7.59996510169e-10,0,NO,0.9,0,18,1,4.87591690154,0.838458765362,True,False,False,YES
8716,3,23,-9,112,300,300,8.25366441859e-11,74.9999999999,200,200,0,50,67.537284676,67.537284676,-52.462715324,82.462715324,150,150,0,37.5,717.537284676,-52.4627153239,244.962715324,8.25366441859e-11,1.84172677109e-11,NO,0.9,0,18,1,4.83659842094,0.831134359092,True,False,False,YES
8716,3,24,-8,126,300,375,75,0,200,234.805942445,34.8059424453,15.1940575547,120,120,0,30,150,187.5,37.5,0,917.305942445,147.305942445,45.1940575547,147.305942445,147.305942445,NO,0.9,0,18,1,4.68729869328,0.798787162791,True,False,False,YES
8716,4,25,-7,143,300,375,75,0,200,250,50,0,120,150,30,0,150,187.5,37.5,0,962.5,192.5,0,192.5,192.5,YES,0.906307965521,0.00630796552101,18,1,4.26990737353,0.723590287697,False,False,False,YES
8716,4,26,-6,246,300,375,75,0,200,250,50,0,120,150,30,0,150,187.5,37.5,0,962.5,192.5,0,192.5,192.5,YES,0.910317139797,0.0103171397966,18,1,4.07377998465,0.68889233879,False,False,False,YES
8716,4,27,-5,314,300,375,75,0,200,250,50,0,120,150,30,0,150,187.5,37.5,0,962.5,192.5,0,192.5,192.5,YES,0.91162585187,0.0116258518703,18,1,4.0096020615,0.677532754217,False,False,False,YES
8716,4,28,-4,389,300,375,75,0,200,250,50,0,120,150,30,0,150,187.5,37.5,0,962.5,192.5,0,192.5,192.5,YES,0.912956415176,0.0129564151764,18,1,3.94427518518,0.665966771248,False,False,False,YES
8716,4,29,-3,465,300,375,75,0,200,250,50,0,120,150,30,0,150,187.5,37.5,0,962.5,192.5,0,192.5,192.5,YES,0.913763305626,0.0137633056263,18,1,3.90462154628,0.658944622108,False,False,False,YES
8716,4,30,-2,511,300,375,75,0,200,250,50,0,120,150,30,0,150,187.5,37.5,0,962.5,192.5,0,192.5,192.5,YES,0.915611741099,0.0156117410993,18,1,3.81367682194,0.64283480531,False,False,False,YES
8716,4,31,-1,551,300,375,75,0,200,250,50,0,120,150,30,0,150,187.5,37.5,0,962.5,192.5,0,192.5,192.5,YES,0.916936520514,0.016936520514,18,1,3.74840726484,0.631268822341,False,False,False,YES
8747,2,16,-16,26,0,375,75,0,0,250,50,0,0,150,30,0,0,187.5,37.5,0,962.5,192.5,0,962.5,962.5,YES,0.906770737978,0.00677073797764,18,1,4.48967858026,0.770629578303,False,False,False,YES
8747,3,17,-15,37,300,375,75,0,200,250,50,0,120,150,30,0,150,187.5,37.5,0,962.5,192.5,0,192.5,192.5,YES,0.905827256184,0.00582725618405,18,1,4.49217065397,0.769664338432,False,False,False,YES
8747,3,18,-14,42,300,375,75,0,200,250,50,0,120,150,30,0,150,187.5,37.5,0,962.5,192.5,0,192.5,192.5,YES,0.906204660123,0.00620466012347,18,1,4.40367620854,0.751738087935,False,False,False,YES
8747,3,19,-13,50,300,375,75,0,200,250,50,0,120,150,30,0,150,187.5,37.5,0,962.5,192.5,0,192.5,192.5,YES,0.90062960229,0.000629602290455,18,1,4.58469331196,0.780577078231,False,False,False,YES
8747,3,20,-12,62,300,300.000000001,7.59996510169e-10,74.9999999992,200,200,0,50,53.7144125081,53.7144125081,-66.2855874919,96.2855874919,150,150,0,37.5,703.714412509,-66.2855874911,258.785587491,7.59996510169e-10,0,NO,0.9,0,18,1,4.87591690154,0.838458765362,True,False,False,YES
8747,3,21,-11,79,300,300.000000001,9.56788426265e-10,74.999999999,200,200,0,50,25.4407801931,25.4407801931,-94.5592198069,124.559219807,150,150,0,37.5,675.440780194,-94.5592198059,287.059219806,9.56788426265e-10,0,NO,0.9,0,18,1,4.95640698938,0.853440280585,True,False,False,YES
8747,3,22,-10,93,300,300.000000001,7.59996510169e-10,74.9999999992,200,200,0,50,53.7144125081,53.7144125081,-66.2855874919,96.2855874919,150,150,0,37.5,703.714412509,-66.2855874911,258.785587491,7.59996510169e-10,0,NO,0.9,0,18,1,4.87591690154,0.838458765362,True,False,False,YES
8747,3,23,-9,112,300,300,8.25366441859e-11,74.9999999999,200,200,0,50,67.537284676,67.537284676,-52.462715324,82.462715324,150,150,0,37.5,717.537284676,-52.4627153239,244.962715324,8.25366441859e-11,1.84172677109e-11,NO,0.9,0,18,1,4.83659842094,0.831134359092,True,False,False,YES
8747,3,24,-8,126,300,375,75,0,200,234.805942445,34.8059424453,15.1940575547,120,120,0,30,150,187.5,37.5,0,917.305942445,147.305942445,45.1940575547,147.305942445,147.305942445,NO,0.9,0,18,1,4.68729869328,0.798787162791,True,False,False,YES
8747,4,25,-7,143,300,375,75,0,200,250,50,0,120,150,30,0,150,187.5,37.5,0,962.5,192.5,0,192.5,192.5,YES,0.906307965521,0.00630796552101,18,1,4.26990737353,0.723590287697,False,False,False,YES
8747,4,26,-6,246,300,375,75,0,200,250,50,0,120,150,30,0,150,187.5,37.5,0,962.5,192.5,0,192.5,192.5,YES,0.910317139797,0.0103171397966,18,1,4.07377998465,0.68889233879,False,False,False,YES
8747,4,27,-5,314,300,375,75,0,200,250,50,0,120,150,30,0,150,187.5,37.5,0,962.5,192.5,0,192.5,192.5,YES,0.91162585187,0.0116258518703,18,1,4.0096020615,0.677532754217,False,False,False,YES
8747,4,28,-4,389,300,375,75,0,200,250,50,0,120,150,30,0,150,187.5,37.5,0,962.5,192.5,0,192.5,192.5,YES,0.912956415176,0.0129564151764,18,1,3.94427518518,0.665966771248,False,False,False,YES
8747,4,29,-3,465,300,375,75,0,200,250,50,0,120,150,30,0,150,187.5,37.5,0,962.5,192.5,0,192.5,192.5,YES,0.913763305626,0.0137633056263,18,1,3.90462154628,0.658944622108,False,False,False,YES
8747,4,30,-2,511,300,375,75,0,200,250,50,0,120,150,30,0,150,187.5,37.5,0,962.5,192.5,0,192.5,192.5,YES,0.915611741099,0.0156117410993,18,1,3.81367682194,0.64283480531,False,False,False,YES
8747,4,31,-1,551,300,375,75,0,200,250,50,0,120,150,30,0,150,187.5,37.5,0,962.5,192.5,0,192.5,192.5,YES,0.916936520514,0.016936520514,18,1,3.74840726484,0.631268822341,False,False,False,YES
8873,3,24,-16,126,300,375,75,0,200,234.805942445,34.8059424453,15.1940575547,120,120,0,30,150,187.5,37.5,0,917.305942445,147.305942445,45.1940575547,147.305942445,147.305942445,NO,0.9,0,18,1,4.68729869328,0.798787162791,True,False,False,YES
8873,4,25,-15,140,300,375,75,0,0,250,50,0,120,150,30,0,150,187.5,37.5,0,962.5,192.5,0,392.5,392.5,YES,0.906307965521,0.00630796552101,18,1,4.26990737353,0.723590287697,False,False,False,YES
8873,4,26,-14,239,300,375,75,0,174.620295249,250,50,0,120,150,30,0,150,187.5,37.5,0,962.5,192.5,0,217.879704751,217.879704751,YES,0.910317139797,0.0103171397966,18,1,4.07377998465,0.68889233879,False,False,False,YES
8873,4,27,-13,266,300,375,75,0,0,250,50,0,1.97576655168,150,30,0,150,187.5,37.5,0,962.5,192.5,0,510.524233448,510.524233448,YES,0.91162585187,0.0116258518703,18,1,4.0096020615,0.677532754217,False,False,False,YES
8873,4,28,-12,375,300,375,75,0,0,250,50,0,120,150,30,0,150,187.5,37.5,0,962.5,192.5,0,392.5,392.5,YES,0.912956415176,0.0129564151764,18,1,3.94427518518,0.665966771248,False,False,False,YES
8873,4,29,-11,451,300,375,75,0,0,250,50,0,0,150,30,0,23.8820520055,187.5,37.5,0,962.5,192.5,0,638.617947995,638.617947994,YES,0.913763305626,0.0137633056263,18,1,3.90462154628,0.658944622108,False,False,False,YES
8873,4,30,-10,484,38.6342838524,375,75,0,0,250,50,0,0,150,30,0,0,187.5,37.5,0,962.5,192.5,0,923.865716148,923.865716148,YES,0.915611741099,0.0156117410993,18,1,3.81367682194,0.64283480531,False,False,False,YES
8873,4,31,-9,512,0,375,75,0,0,250,50,0,0,150,30,0,0,187.5,37.5,0,962.5,192.5,0,962.5,962.5,YES,0.916936520514,0.016936520514,18,1,3.74840726484,0.631268822341,False,False,False,YES
8873,4,32,-8,552,0,375,75,0,0,250,50,0,0,150,30,0,0,187.5,37.5,0,962.5,192.5,0,962.5,962.5,YES,0.912956415176,0.0129564151764,18,1,3.94427518518,0.665966771248,False,False,False,YES
8873,5,33,-7,661,300,375,75,0,200,250,50,0,120,150,30,0,150,187.5,37.5,0,962.5,192.5,0,192.5,192.5,YES,0.905147816508,0.00514781650761,18,1,4.33731796782,0.735900617368,False,False,False,YES
8873,5,34,-6,728,300,375,75,0,200,250,50,0,120,150,30,0,150,187.5,37.5,0,962.5,192.5,0,192.5,192.5,YES,0.905985046681,0.00598504668058,18,1,4.31685826166,0.733016204777,False,False,False,YES
8873,5,35,-5,761,300,375,75,0,200,250,50,0,120,150,30,0,150,187.5,37.5,0,962.5,192.5,0,192.5,192.5,YES,0.903758302629,0.00375830262928,18,1,4.46304954338,0.760160797207,False,False,False,YES
8873,5,36,-4,785,300,375,75,0,200,250,50,0,120,150,30,0,150,187.5,37.5,0,962.5,192.5,0,192.5,192.5,YES,0.903429562652,0.00342956265178,18,1,4.53701235439,0.775186711657,False,False,False,YES
8873,5,37,-3,812,300,375,75,0,200,250,50,0,120,150,30,0,150,187.5,37.5,0,962.5,192.5,0,192.5,192.5,YES,0.903431149173,0.00343114917345,18,1,4.57013118946,0.78212916442,False,False,False,YES
8873,5,38,-2,840,300,375,75,0,200,250,50,0,120,150,30,0,150,187.5,37.5,0,962.5,192.5,0,192.5,192.5,YES,0.904429960005,0.00442996000472,18,1,4.60623870669,0.791225320635,False,False,False,YES
8873,5,39,-1,883,300,375,75,0,200,250,50,0,120,150,30,0,150,187.5,37.5,0,962.5,192.5,0,192.5,192.5,YES,0.90834218967,0.00834218966972,18,1,4.45184773487,0.765203739525,False,False,False,YES
8916,3,24,-16,123,300,375,75,0,0,250,50,0,0,109.420023854,-10.5799761457,40.5799761457,150,187.5,37.5,0,921.920023854,151.920023854,40.5799761457,471.920023854,471.920023854,NO,0.9,0,18,1,4.69145153951,0.799375740295,True,False,False,YES
8916,4,25,-15,143,300,375,75,0,200,250,50,0,120,150,30,0,150,187.5,37.5,0,962.5,192.5,0,192.5,192.5,YES,0.906307965521,0.00630796552101,18,1,4.26990737353,0.723590287697,False,False,False,YES
8916,4,26,-14,246,300,375,75,0,200,250,50,0,120,150,30,0,150,187.5,37.5,0,962.5,192.5,0,192.5,192.5,YES,0.910317139797,0.0103171397966,18,1,4.07377998465,0.68889233879,False,False,False,YES
8916,4,27,-13,314,300,375,75,0,200,250,50,0,120,150,30,0,150,187.5,37.5,0,962.5,192.5,0,192.5,192.5,YES,0.91162585187,0.0116258518703,18,1,4.0096020615,0.677532754217,False,False,False,YES
8916,4,28,-12,389,300,375,75,0,200,250,50,0,120,150,30,0,150,187.5,37.5,0,962.5,192.5,0,192.5,192.5,YES,0.912956415176,0.0129564151764,18,1,3.94427518518,0.665966771248,False,False,False,YES
8916,4,29,-11,465,300,375,75,0,200,250,50,0,120,150,30,0,150,187.5,37.5,0,962.5,192.5,0,192.5,192.5,YES,0.913763305626,0.0137633056263,18,1,3.90462154628,0.658944622108,False,False,False,YES
8916,4,30,-10,511,300,375,75,0,200,250,50,0,120,150,30,0,150,187.5,37.5,0,962.5,192.5,0,192.5,192.5,YES,0.915611741099,0.0156117410993,18,1,3.81367682194,0.64283480531,False,False,False,YES
8916,4,31,-9,551,300,375,75,0,200,250,50,0,120,150,30,0,150,187.5,37.5,0,962.5,192.5,0,192.5,192.5,YES,0.916936520514,0.016936520514,18,1,3.74840726484,0.631268822341,False,False,False,YES
8916,4,32,-8,570,300,375,75,0,200,250,50,0,120,150,30,0,150,187.5,37.5,0,962.5,192.5,0,192.5,192.5,YES,0.912956415176,0.0129564151764,18,1,3.94427518518,0.665966771248,False,False,False,YES
8916,5,33,-7,661,300,375,75,0,200,250,50,0,120,150,30,0,150,187.5,37.5,0,962.5,192.5,0,192.5,192.5,YES,0.905147816508,0.00514781650761,18,1,4.33731796782,0.735900617368,False,False,False,YES
8916,5,34,-6,728,300,375,75,0,200,250,50,0,120,150,30,0,150,187.5,37.5,0,962.5,192.5,0,192.5,192.5,YES,0.905985046681,0.00598504668058,18,1,4.31685826166,0.733016204777,False,False,False,YES
8916,5,35,-5,761,300,375,75,0,200,250,50,0,120,150,30,0,150,187.5,37.5,0,962.5,192.5,0,192.5,192.5,YES,0.903758302629,0.00375830262928,18,1,4.46304954338,0.760160797207,False,False,False,YES
8916,5,36,-4,785,300,375,75,0,200,250,50,0,120,150,30,0,150,187.5,37.5,0,962.5,192.5,0,192.5,192.5,YES,0.903429562652,0.00342956265178,18,1,4.53701235439,0.775186711657,False,False,False,YES
8916,5,37,-3,812,300,375,75,0,200,250,50,0,120,150,30,0,150,187.5,37.5,0,962.5,192.5,0,192.5,192.5,YES,0.903431149173,0.00343114917345,18,1,4.57013118946,0.78212916442,False,False,False,YES
8916,5,38,-2,840,300,375,75,0,200,250,50,0,120,150,30,0,150,187.5,37.5,0,962.5,192.5,0,192.5,192.5,YES,0.904429960005,0.00442996000472,18,1,4.60623870669,0.791225320635,False,False,False,YES
8916,5,39,-1,883,300,375,75,0,200,250,50,0,120,150,30,0,150,187.5,37.5,0,962.5,192.5,0,192.5,192.5,YES,0.90834218967,0.00834218966972,18,1,4.45184773487,0.765203739525,False,False,False,YES
9063,3,24,-16,126,300,375,75,0,200,234.805942445,34.8059424453,15.1940575547,120,120,0,30,150,187.5,37.5,0,917.305942445,147.305942445,45.1940575547,147.305942445,147.305942445,NO,0.9,0,18,1,4.68729869328,0.798787162791,True,False,False,YES
9063,4,25,-15,143,300,375,75,0,200,250,50,0,120,150,30,0,150,187.5,37.5,0,962.5,192.5,0,192.5,192.5,YES,0.906307965521,0.00630796552101,18,1,4.26990737353,0.723590287697,False,False,False,YES
9063,4,26,-14,246,300,375,75,0,200,250,50,0,120,150,30,0,150,187.5,37.5,0,962.5,192.5,0,192.5,192.5,YES,0.910317139797,0.0103171397966,18,1,4.07377998465,0.68889233879,False,False,False,YES
9063,4,27,-13,314,300,375,75,0,200,250,50,0,120,150,30,0,150,187.5,37.5,0,962.5,192.5,0,192.5,192.5,YES,0.91162585187,0.0116258518703,18,1,4.0096020615,0.677532754217,False,False,False,YES
9063,4,28,-12,389,300,375,75,0,200,250,50,0,120,150,30,0,150,187.5,37.5,0,962.5,192.5,0,192.5,192.5,YES,0.912956415176,0.0129564151764,18,1,3.94427518518,0.665966771248,False,False,False,YES
9063,4,29,-11,465,300,375,75,0,200,250,50,0,120,150,30,0,150,187.5,37.5,0,962.5,192.5,0,192.5,192.5,YES,0.913763305626,0.0137633056263,18,1,3.90462154628,0.658944622108,False,False,False,YES
9063,4,30,-10,511,300,375,75,0,200,250,50,0,120,150,30,0,150,187.5,37.5,0,962.5,192.5,0,192.5,192.5,YES,0.915611741099,0.0156117410993,18,1,3.81367682194,0.64283480531,False,False,False,YES
9063,4,31,-9,551,300,375,75,0,200,250,50,0,120,150,30,0,150,187.5,37.5,0,962.5,192.5,0,192.5,192.5,YES,0.916936520514,0.016936520514,18,1,3.74840726484,0.631268822341,False,False,False,YES
9063,4,32,-8,570,300,375,75,0,200,250,50,0,120,150,30,0,150,187.5,37.5,0,962.5,192.5,0,192.5,192.5,YES,0.912956415176,0.0129564151764,18,1,3.94427518518,0.665966771248,False,False,False,YES
9063,5,33,-7,661,300,375,75,0,200,250,50,0,120,150,30,0,150,187.5,37.5,0,962.5,192.5,0,192.5,192.5,YES,0.905147816508,0.00514781650761,18,1,4.33731796782,0.735900617368,False,False,False,YES
9063,5,34,-6,728,300,375,75,0,200,250,50,0,120,150,30,0,150,187.5,37.5,0,962.5,192.5,0,192.5,192.5,YES,0.905985046681,0.00598504668058,18,1,4.31685826166,0.733016204777,False,False,False,YES
9063,5,35,-5,761,300,375,75,0,200,250,50,0,120,150,30,0,150,187.5,37.5,0,962.5,192.5,0,192.5,192.5,YES,0.903758302629,0.00375830262928,18,1,4.46304954338,0.760160797207,False,False,False,YES
9063,5,36,-4,785,300,375,75,0,200,250,50,0,120,150,30,0,150,187.5,37.5,0,962.5,192.5,0,192.5,192.5,YES,0.903429562652,0.00342956265178,18,1,4.53701235439,0.775186711657,False,False,False,YES
9063,5,37,-3,812,300,375,75,0,200,250,50,0,120,150,30,0,150,187.5,37.5,0,962.5,192.5,0,192.5,192.5,YES,0.903431149173,0.00343114917345,18,1,4.57013118946,0.78212916442,False,False,False,YES
9063,5,38,-2,840,300,375,75,0,200,250,50,0,120,150,30,0,150,187.5,37.5,0,962.5,192.5,0,192.5,192.5,YES,0.904429960005,0.00442996000472,18,1,4.60623870669,0.791225320635,False,False,False,YES
9063,5,39,-1,883,300,375,75,0,200,250,50,0,120,150,30,0,150,187.5,37.5,0,962.5,192.5,0,192.5,192.5,YES,0.90834218967,0.00834218966972,18,1,4.45184773487,0.765203739525,False,False,False,YES
9276,3,24,-16,126,300,375,75,0,200,234.805942445,34.8059424453,15.1940575547,120,120,0,30,150,187.5,37.5,0,917.305942445,147.305942445,45.1940575547,147.305942445,147.305942445,NO,0.9,0,18,1,4.68729869328,0.798787162791,True,False,False,YES
9276,4,25,-15,143,300,375,75,0,200,250,50,0,120,150,30,0,150,187.5,37.5,0,962.5,192.5,0,192.5,192.5,YES,0.906307965521,0.00630796552101,18,1,4.26990737353,0.723590287697,False,False,False,YES
9276,4,26,-14,246,300,375,75,0,200,250,50,0,120,150,30,0,150,187.5,37.5,0,962.5,192.5,0,192.5,192.5,YES,0.910317139797,0.0103171397966,18,1,4.07377998465,0.68889233879,False,False,False,YES
9276,4,27,-13,314,300,375,75,0,200,250,50,0,120,150,30,0,150,187.5,37.5,0,962.5,192.5,0,192.5,192.5,YES,0.91162585187,0.0116258518703,18,1,4.0096020615,0.677532754217,False,False,False,YES
9276,4,28,-12,389,300,375,75,0,200,250,50,0,120,150,30,0,150,187.5,37.5,0,962.5,192.5,0,192.5,192.5,YES,0.912956415176,0.0129564151764,18,1,3.94427518518,0.665966771248,False,False,False,YES
9276,4,29,-11,465,300,375,75,0,200,250,50,0,120,150,30,0,150,187.5,37.5,0,962.5,192.5,0,192.5,192.5,YES,0.913763305626,0.0137633056263,18,1,3.90462154628,0.658944622108,False,False,False,YES
9276,4,30,-10,511,300,375,75,0,200,250,50,0,120,150,30,0,150,187.5,37.5,0,962.5,192.5,0,192.5,192.5,YES,0.915611741099,0.0156117410993,18,1,3.81367682194,0.64283480531,False,False,False,YES
9276,4,31,-9,551,300,375,75,0,200,250,50,0,120,150,30,0,150,187.5,37.5,0,962.5,192.5,0,192.5,192.5,YES,0.916936520514,0.016936520514,18,1,3.74840726484,0.631268822341,False,False,False,YES
9276,4,32,-8,570,300,375,75,0,200,250,50,0,120,150,30,0,150,187.5,37.5,0,962.5,192.5,0,192.5,192.5,YES,0.912956415176,0.0129564151764,18,1,3.94427518518,0.665966771248,False,False,False,YES
9276,5,33,-7,661,300,375,75,0,200,250,50,0,120,150,30,0,150,187.5,37.5,0,962.5,192.5,0,192.5,192.5,YES,0.905147816508,0.00514781650761,18,1,4.33731796782,0.735900617368,False,False,False,YES
9276,5,34,-6,728,300,375,75,0,200,250,50,0,120,150,30,0,150,187.5,37.5,0,962.5,192.5,0,192.5,192.5,YES,0.905985046681,0.00598504668058,18,1,4.31685826166,0.733016204777,False,False,False,YES
9276,5,35,-5,761,300,375,75,0,200,250,50,0,120,150,30,0,150,187.5,37.5,0,962.5,192.5,0,192.5,192.5,YES,0.903758302629,0.00375830262928,18,1,4.46304954338,0.760160797207,False,False,False,YES
9276,5,36,-4,785,300,375,75,0,200,250,50,0,120,150,30,0,150,187.5,37.5,0,962.5,192.5,0,192.5,192.5,YES,0.903429562652,0.00342956265178,18,1,4.53701235439,0.775186711657,False,False,False,YES
9276,5,37,-3,812,300,375,75,0,200,250,50,0,120,150,30,0,150,187.5,37.5,0,962.5,192.5,0,192.5,192.5,YES,0.903431149173,0.00343114917345,18,1,4.57013118946,0.78212916442,False,False,False,YES
9276,5,38,-2,840,300,375,75,0,200,250,50,0,120,150,30,0,150,187.5,37.5,0,962.5,192.5,0,192.5,192.5,YES,0.904429960005,0.00442996000472,18,1,4.60623870669,0.791225320635,False,False,False,YES
9276,5,39,-1,883,300,375,75,0,200,250,50,0,120,150,30,0,150,187.5,37.5,0,962.5,192.5,0,192.5,192.5,YES,0.90834218967,0.00834218966972,18,1,4.45184773487,0.765203739525,False,False,False,YES
9334,2,16,-16,26,0,375,75,0,0,250,50,0,0,150,30,0,0,187.5,37.5,0,962.5,192.5,0,962.5,962.5,YES,0.906770737978,0.00677073797764,18,1,4.48967858026,0.770629578303,False,False,False,YES
9334,3,17,-15,37,300,375,75,0,200,250,50,0,120,150,30,0,150,187.5,37.5,0,962.5,192.5,0,192.5,192.5,YES,0.905827256184,0.00582725618405,18,1,4.49217065397,0.769664338432,False,False,False,YES
9334,3,18,-14,42,300,375,75,0,200,250,50,0,120,150,30,0,150,187.5,37.5,0,962.5,192.5,0,192.5,192.5,YES,0.906204660123,0.00620466012347,18,1,4.40367620854,0.751738087935,False,False,False,YES
9334,3,19,-13,50,300,375,75,0,200,250,50,0,120,150,30,0,150,187.5,37.5,0,962.5,192.5,0,192.5,192.5,YES,0.90062960229,0.000629602290455,18,1,4.58469331196,0.780577078231,False,False,False,YES
9334,3,20,-12,61,300,300.000000001,7.59996510169e-10,74.9999999992,200,200,0,50,53.7144125081,53.7144125081,-66.2855874919,96.2855874919,150,150,0,37.5,703.714412509,-66.2855874911,258.785587491,7.59996510169e-10,0,NO,0.9,0,18,1,4.87591690154,0.838458765362,True,False,False,YES
9334,3,21,-11,78,300,300.000000001,9.56788426265e-10,74.999999999,200,200,0,50,25.4407801931,25.4407801931,-94.5592198069,124.559219807,150,150,0,37.5,675.440780194,-94.5592198059,287.059219806,9.56788426265e-10,1.1823431123e-11,NO,0.9,0,18,1,4.95640698938,0.853440280585,True,False,False,YES
9334,3,22,-10,92,300,300.000000001,7.59996510169e-10,74.9999999992,200,200,0,50,53.7144125081,53.7144125081,-66.2855874919,96.2855874919,150,150,0,37.5,703.714412509,-66.2855874911,258.785587491,7.59996510169e-10,0,NO,0.9,0,18,1,4.87591690154,0.838458765362,True,False,False,YES
9334,3,23,-9,115,300,300,8.25366441859e-11,74.9999999999,200,200,0,50,67.537284676,67.537284676,-52.462715324,82.462715324,150,150,0,37.5,717.537284676,-52.4627153239,244.962715324,8.25366441859e-11,0,NO,0.9,0,18,1,4.83659842094,0.831134359092,True,False,False,YES
9334,3,24,-8,126,300,375,75,0,200,234.805942445,34.8059424453,15.1940575547,120,120,0,30,150,187.5,37.5,0,917.305942445,147.305942445,45.1940575547,147.305942445,147.305942445,NO,0.9,0,18,1,4.68729869328,0.798787162791,True,False,False,YES
9334,4,25,-7,143,300,375,75,0,200,250,50,0,120,150,30,0,150,187.5,37.5,0,962.5,192.5,0,192.5,192.5,YES,0.906307965521,0.00630796552101,18,1,4.26990737353,0.723590287697,False,False,False,YES
9334,4,26,-6,246,300,375,75,0,200,250,50,0,120,150,30,0,150,187.5,37.5,0,962.5,192.5,0,192.5,192.5,YES,0.910317139797,0.0103171397966,18,1,4.07377998465,0.68889233879,False,False,False,YES
9334,4,27,-5,314,300,375,75,0,200,250,50,0,120,150,30,0,150,187.5,37.5,0,962.5,192.5,0,192.5,192.5,YES,0.91162585187,0.0116258518703,18,1,4.0096020615,0.677532754217,False,False,False,YES
9334,4,28,-4,389,300,375,75,0,200,250,50,0,120,150,30,0,150,187.5,37.5,0,962.5,192.5,0,192.5,192.5,YES,0.912956415176,0.0129564151764,18,1,3.94427518518,0.665966771248,False,False,False,YES
9334,4,29,-3,465,300,375,75,0,200,250,50,0,120,150,30,0,150,187.5,37.5,0,962.5,192.5,0,192.5,192.5,YES,0.913763305626,0.0137633056263,18,1,3.90462154628,0.658944622108,False,False,False,YES
9334,4,30,-2,511,300,375,75,0,200,250,50,0,120,150,30,0,150,187.5,37.5,0,962.5,192.5,0,192.5,192.5,YES,0.915611741099,0.0156117410993,18,1,3.81367682194,0.64283480531,False,False,False,YES
9334,4,31,-1,551,300,375,75,0,200,250,50,0,120,150,30,0,150,187.5,37.5,0,962.5,192.5,0,192.5,192.5,YES,0.916936520514,0.016936520514,18,1,3.74840726484,0.631268822341,False,False,False,YES
9428,2,16,-16,27,300,375,75,0,200,250,50,0,120,150,30,0,150,187.5,37.5,0,962.5,192.5,0,192.5,192.5,YES,0.906770737978,0.00677073797764,18,1,4.48967858026,0.770629578303,False,False,False,YES
9428,3,17,-15,37,300,375,75,0,200,250,50,0,120,150,30,0,150,187.5,37.5,0,962.5,192.5,0,192.5,192.5,YES,0.905827256184,0.00582725618405,18,1,4.49217065397,0.769664338432,False,False,False,YES
9428,3,18,-14,42,300,375,75,0,200,250,50,0,120,150,30,0,150,187.5,37.5,0,962.5,192.5,0,192.5,192.5,YES,0.906204660123,0.00620466012347,18,1,4.40367620854,0.751738087935,False,False,False,YES
9428,3,19,-13,50,300,375,75,0,200,250,50,0,120,150,30,0,150,187.5,37.5,0,962.5,192.5,0,192.5,192.5,YES,0.90062960229,0.000629602290455,18,1,4.58469331196,0.780577078231,False,False,False,YES
9428,3,20,-12,60,300,300.000000001,7.59996510169e-10,74.9999999992,200,200,0,50,53.7144125081,53.7144125081,-66.2855874919,96.2855874919,150,150,0,37.5,703.714412509,-66.2855874911,258.785587491,7.59996510169e-10,0,NO,0.9,0,18,1,4.87591690154,0.838458765362,True,False,False,YES
9428,3,21,-11,77,300,300.000000001,9.56788426265e-10,74.999999999,200,200,0,50,25.4407801931,25.4407801931,-94.5592198069,124.559219807,150,150,0,37.5,675.440780194,-94.5592198059,287.059219806,9.56788426265e-10,2.72848410532e-11,NO,0.9,0,18,1,4.95640698938,0.853440280585,True,False,False,YES
9428,3,22,-10,90,300,300.000000001,7.59996510169e-10,74.9999999992,200,200,0,50,53.7144125081,53.7144125081,-66.2855874919,96.2855874919,150,150,0,37.5,703.714412509,-66.2855874911,258.785587491,7.59996510169e-10,0,NO,0.9,0,18,1,4.87591690154,0.838458765362,True,False,False,YES
9428,3,23,-9,111,300,300,8.25366441859e-11,74.9999999999,200,200,0,50,67.537284676,67.537284676,-52.462715324,82.462715324,150,150,0,37.5,717.537284676,-52.4627153239,244.962715324,8.25366441859e-11,1.84172677109e-11,NO,0.9,0,18,1,4.83659842094,0.831134359092,True,False,False,YES
9428,3,24,-8,126,300,375,75,0,200,234.805942445,34.8059424453,15.1940575547,120,120,0,30,150,187.5,37.5,0,917.305942445,147.305942445,45.1940575547,147.305942445,147.305942445,NO,0.9,0,18,1,4.68729869328,0.798787162791,True,False,False,YES
9428,4,25,-7,143,300,375,75,0,200,250,50,0,120,150,30,0,150,187.5,37.5,0,962.5,192.5,0,192.5,192.5,YES,0.906307965521,0.00630796552101,18,1,4.26990737353,0.723590287697,False,False,False,YES
9428,4,26,-6,246,300,375,75,0,200,250,50,0,120,150,30,0,150,187.5,37.5,0,962.5,192.5,0,192.5,192.5,YES,0.910317139797,0.0103171397966,18,1,4.07377998465,0.68889233879,False,False,False,YES
9428,4,27,-5,314,300,375,75,0,200,250,50,0,120,150,30,0,150,187.5,37.5,0,962.5,192.5,0,192.5,192.5,YES,0.91162585187,0.0116258518703,18,1,4.0096020615,0.677532754217,False,False,False,YES
9428,4,28,-4,389,300,375,75,0,200,250,50,0,120,150,30,0,150,187.5,37.5,0,962.5,192.5,0,192.5,192.5,YES,0.912956415176,0.0129564151764,18,1,3.94427518518,0.665966771248,False,False,False,YES
9428,4,29,-3,465,300,375,75,0,200,250,50,0,120,150,30,0,150,187.5,37.5,0,962.5,192.5,0,192.5,192.5,YES,0.913763305626,0.0137633056263,18,1,3.90462154628,0.658944622108,False,False,False,YES
9428,4,30,-2,511,300,375,75,0,200,250,50,0,120,150,30,0,150,187.5,37.5,0,962.5,192.5,0,192.5,192.5,YES,0.915611741099,0.0156117410993,18,1,3.81367682194,0.64283480531,False,False,False,YES
9428,4,31,-1,551,300,375,75,0,200,250,50,0,120,150,30,0,150,187.5,37.5,0,962.5,192.5,0,192.5,192.5,YES,0.916936520514,0.016936520514,18,1,3.74840726484,0.631268822341,False,False,False,YES
9638,2,16,-16,26,0,375,75,0,0,250,50,0,0,150,30,0,0,187.5,37.5,0,962.5,192.5,0,962.5,962.5,YES,0.906770737978,0.00677073797764,18,1,4.48967858026,0.770629578303,False,False,False,YES
9638,3,17,-15,37,300,375,75,0,200,250,50,0,120,150,30,0,150,187.5,37.5,0,962.5,192.5,0,192.5,192.5,YES,0.905827256184,0.00582725618405,18,1,4.49217065397,0.769664338432,False,False,False,YES
9638,3,18,-14,42,300,375,75,0,200,250,50,0,120,150,30,0,150,187.5,37.5,0,962.5,192.5,0,192.5,192.5,YES,0.906204660123,0.00620466012347,18,1,4.40367620854,0.751738087935,False,False,False,YES
9638,3,19,-13,50,300,375,75,0,200,250,50,0,120,150,30,0,150,187.5,37.5,0,962.5,192.5,0,192.5,192.5,YES,0.90062960229,0.000629602290455,18,1,4.58469331196,0.780577078231,False,False,False,YES
9638,3,20,-12,62,300,300.000000001,7.59996510169e-10,74.9999999992,200,200,0,50,53.7144125081,53.7144125081,-66.2855874919,96.2855874919,150,150,0,37.5,703.714412509,-66.2855874911,258.785587491,7.59996510169e-10,0,NO,0.9,0,18,1,4.87591690154,0.838458765362,True,False,False,YES
9638,3,21,-11,79,300,300.000000001,9.56788426265e-10,74.999999999,200,200,0,50,25.4407801931,25.4407801931,-94.5592198069,124.559219807,150,150,0,37.5,675.440780194,-94.5592198059,287.059219806,9.56788426265e-10,0,NO,0.9,0,18,1,4.95640698938,0.853440280585,True,False,False,YES
9638,3,22,-10,91,300,300.000000001,7.59996510169e-10,74.9999999992,200,200,0,50,53.7144125081,53.7144125081,-66.2855874919,96.2855874919,150,150,0,37.5,703.714412509,-66.2855874911,258.785587491,7.59996510169e-10,0,NO,0.9,0,18,1,4.87591690154,0.838458765362,True,False,False,YES
9638,3,23,-9,112,300,300,8.25366441859e-11,74.9999999999,200,200,0,50,67.537284676,67.537284676,-52.462715324,82.462715324,150,150,0,37.5,717.537284676,-52.4627153239,244.962715324,8.25366441859e-11,1.84172677109e-11,NO,0.9,0,18,1,4.83659842094,0.831134359092,True,False,False,YES
9638,3,24,-8,126,300,375,75,0,200,234.805942445,34.8059424453,15.1940575547,120,120,0,30,150,187.5,37.5,0,917.305942445,147.305942445,45.1940575547,147.305942445,147.305942445,NO,0.9,0,18,1,4.68729869328,0.798787162791,True,False,False,YES
9638,4,25,-7,143,300,375,75,0,200,250,50,0,120,150,30,0,150,187.5,37.5,0,962.5,192.5,0,192.5,192.5,YES,0.906307965521,0.00630796552101,18,1,4.26990737353,0.723590287697,False,False,False,YES
9638,4,26,-6,246,300,375,75,0,200,250,50,0,120,150,30,0,150,187.5,37.5,0,962.5,192.5,0,192.5,192.5,YES,0.910317139797,0.0103171397966,18,1,4.07377998465,0.68889233879,False,False,False,YES
9638,4,27,-5,314,300,375,75,0,200,250,50,0,120,150,30,0,150,187.5,37.5,0,962.5,192.5,0,192.5,192.5,YES,0.91162585187,0.0116258518703,18,1,4.0096020615,0.677532754217,False,False,False,YES
9638,4,28,-4,389,300,375,75,0,200,250,50,0,120,150,30,0,150,187.5,37.5,0,962.5,192.5,0,192.5,192.5,YES,0.912956415176,0.0129564151764,18,1,3.94427518518,0.665966771248,False,False,False,YES
9638,4,29,-3,465,300,375,75,0,200,250,50,0,120,150,30,0,150,187.5,37.5,0,962.5,192.5,0,192.5,192.5,YES,0.913763305626,0.0137633056263,18,1,3.90462154628,0.658944622108,False,False,False,YES
9638,4,30,-2,511,300,375,75,0,200,250,50,0,120,150,30,0,150,187.5,37.5,0,962.5,192.5,0,192.5,192.5,YES,0.915611741099,0.0156117410993,18,1,3.81367682194,0.64283480531,False,False,False,YES
9638,4,31,-1,551,300,375,75,0,200,250,50,0,120,150,30,0,150,187.5,37.5,0,962.5,192.5,0,192.5,192.5,YES,0.916936520514,0.016936520514,18,1,3.74840726484,0.631268822341,False,False,False,YES
9657,2,16,-16,26,0,375,75,0,0,250,50,0,0,150,30,0,0,187.5,37.5,0,962.5,192.5,0,962.5,962.5,YES,0.906770737978,0.00677073797764,18,1,4.48967858026,0.770629578303,False,False,False,YES
9657,3,17,-15,37,300,375,75,0,200,250,50,0,120,150,30,0,150,187.5,37.5,0,962.5,192.5,0,192.5,192.5,YES,0.905827256184,0.00582725618405,18,1,4.49217065397,0.769664338432,False,False,False,YES
9657,3,18,-14,42,300,375,75,0,200,250,50,0,120,150,30,0,150,187.5,37.5,0,962.5,192.5,0,192.5,192.5,YES,0.906204660123,0.00620466012347,18,1,4.40367620854,0.751738087935,False,False,False,YES
9657,3,19,-13,50,300,375,75,0,200,250,50,0,120,150,30,0,150,187.5,37.5,0,962.5,192.5,0,192.5,192.5,YES,0.90062960229,0.000629602290455,18,1,4.58469331196,0.780577078231,False,False,False,YES
9657,3,20,-12,62,300,300.000000001,7.59996510169e-10,74.9999999992,200,200,0,50,53.7144125081,53.7144125081,-66.2855874919,96.2855874919,150,150,0,37.5,703.714412509,-66.2855874911,258.785587491,7.59996510169e-10,0,NO,0.9,0,18,1,4.87591690154,0.838458765362,True,False,False,YES
9657,3,21,-11,79,300,300.000000001,9.56788426265e-10,74.999999999,200,200,0,50,25.4407801931,25.4407801931,-94.5592198069,124.559219807,150,150,0,37.5,675.440780194,-94.5592198059,287.059219806,9.56788426265e-10,0,NO,0.9,0,18,1,4.95640698938,0.853440280585,True,False,False,YES
9657,3,22,-10,93,300,300.000000001,7.59996510169e-10,74.9999999992,200,200,0,50,53.7144125081,53.7144125081,-66.2855874919,96.2855874919,150,150,0,37.5,703.714412509,-66.2855874911,258.785587491,7.59996510169e-10,0,NO,0.9,0,18,1,4.87591690154,0.838458765362,True,False,False,YES
9657,3,23,-9,112,300,300,8.25366441859e-11,74.9999999999,200,200,0,50,67.537284676,67.537284676,-52.462715324,82.462715324,150,150,0,37.5,717.537284676,-52.4627153239,244.962715324,8.25366441859e-11,1.84172677109e-11,NO,0.9,0,18,1,4.83659842094,0.831134359092,True,False,False,YES
9657,3,24,-8,126,300,375,75,0,200,234.805942445,34.8059424453,15.1940575547,120,120,0,30,150,187.5,37.5,0,917.305942445,147.305942445,45.1940575547,147.305942445,147.305942445,NO,0.9,0,18,1,4.68729869328,0.798787162791,True,False,False,YES
9657,4,25,-7,143,300,375,75,0,200,250,50,0,120,150,30,0,150,187.5,37.5,0,962.5,192.5,0,192.5,192.5,YES,0.906307965521,0.00630796552101,18,1,4.26990737353,0.723590287697,False,False,False,YES
9657,4,26,-6,246,300,375,75,0,200,250,50,0,120,150,30,0,150,187.5,37.5,0,962.5,192.5,0,192.5,192.5,YES,0.910317139797,0.0103171397966,18,1,4.07377998465,0.68889233879,False,False,False,YES
9657,4,27,-5,314,300,375,75,0,200,250,50,0,120,150,30,0,150,187.5,37.5,0,962.5,192.5,0,192.5,192.5,YES,0.91162585187,0.0116258518703,18,1,4.0096020615,0.677532754217,False,False,False,YES
9657,4,28,-4,389,300,375,75,0,200,250,50,0,120,150,30,0,150,187.5,37.5,0,962.5,192.5,0,192.5,192.5,YES,0.912956415176,0.0129564151764,18,1,3.94427518518,0.665966771248,False,False,False,YES
9657,4,29,-3,465,300,375,75,0,200,250,50,0,120,150,30,0,150,187.5,37.5,0,962.5,192.5,0,192.5,192.5,YES,0.913763305626,0.0137633056263,18,1,3.90462154628,0.658944622108,False,False,False,YES
9657,4,30,-2,511,300,375,75,0,200,250,50,0,120,150,30,0,150,187.5,37.5,0,962.5,192.5,0,192.5,192.5,YES,0.915611741099,0.0156117410993,18,1,3.81367682194,0.64283480531,False,False,False,YES
9657,4,31,-1,551,300,375,75,0,200,250,50,0,120,150,30,0,150,187.5,37.5,0,962.5,192.5,0,192.5,192.5,YES,0.916936520514,0.016936520514,18,1,3.74840726484,0.631268822341,False,False,False,YES
9825,2,16,-16,27,300,375,75,0,200,250,50,0,120,150,30,0,150,187.5,37.5,0,962.5,192.5,0,192.5,192.5,YES,0.906770737978,0.00677073797764,18,1,4.48967858026,0.770629578303,False,False,False,YES
9825,3,17,-15,37,300,375,75,0,200,250,50,0,120,150,30,0,150,187.5,37.5,0,962.5,192.5,0,192.5,192.5,YES,0.905827256184,0.00582725618405,18,1,4.49217065397,0.769664338432,False,False,False,YES
9825,3,18,-14,42,300,375,75,0,200,250,50,0,120,150,30,0,150,187.5,37.5,0,962.5,192.5,0,192.5,192.5,YES,0.906204660123,0.00620466012347,18,1,4.40367620854,0.751738087935,False,False,False,YES
9825,3,19,-13,50,300,375,75,0,200,250,50,0,120,150,30,0,150,187.5,37.5,0,962.5,192.5,0,192.5,192.5,YES,0.90062960229,0.000629602290455,18,1,4.58469331196,0.780577078231,False,False,False,YES
9825,3,20,-12,62,300,300.000000001,7.59996510169e-10,74.9999999992,200,200,0,50,53.7144125081,53.7144125081,-66.2855874919,96.2855874919,150,150,0,37.5,703.714412509,-66.2855874911,258.785587491,7.59996510169e-10,0,NO,0.9,0,18,1,4.87591690154,0.838458765362,True,False,False,YES
9825,3,21,-11,79,300,300.000000001,9.56788426265e-10,74.999999999,200,200,0,50,25.4407801931,25.4407801931,-94.5592198069,124.559219807,150,150,0,37.5,675.440780194,-94.5592198059,287.059219806,9.56788426265e-10,0,NO,0.9,0,18,1,4.95640698938,0.853440280585,True,False,False,YES
9825,3,22,-10,93,300,300.000000001,7.59996510169e-10,74.9999999992,200,200,0,50,53.7144125081,53.7144125081,-66.2855874919,96.2855874919,150,150,0,37.5,703.714412509,-66.2855874911,258.785587491,7.59996510169e-10,0,NO,0.9,0,18,1,4.87591690154,0.838458765362,True,False,False,YES
9825,3,23,-9,112,300,300,8.25366441859e-11,74.9999999999,200,200,0,50,67.537284676,67.537284676,-52.462715324,82.462715324,150,150,0,37.5,717.537284676,-52.4627153239,244.962715324,8.25366441859e-11,1.84172677109e-11,NO,0.9,0,18,1,4.83659842094,0.831134359092,True,False,False,YES
9825,3,24,-8,126,300,375,75,0,200,234.805942445,34.8059424453,15.1940575547,120,120,0,30,150,187.5,37.5,0,917.305942445,147.305942445,45.1940575547,147.305942445,147.305942445,NO,0.9,0,18,1,4.68729869328,0.798787162791,True,False,False,YES
9825,4,25,-7,143,300,375,75,0,200,250,50,0,120,150,30,0,150,187.5,37.5,0,962.5,192.5,0,192.5,192.5,YES,0.906307965521,0.00630796552101,18,1,4.26990737353,0.723590287697,False,False,False,YES
9825,4,26,-6,246,300,375,75,0,200,250,50,0,120,150,30,0,150,187.5,37.5,0,962.5,192.5,0,192.5,192.5,YES,0.910317139797,0.0103171397966,18,1,4.07377998465,0.68889233879,False,False,False,YES
9825,4,27,-5,314,300,375,75,0,200,250,50,0,120,150,30,0,150,187.5,37.5,0,962.5,192.5,0,192.5,192.5,YES,0.91162585187,0.0116258518703,18,1,4.0096020615,0.677532754217,False,False,False,YES
9825,4,28,-4,389,300,375,75,0,200,250,50,0,120,150,30,0,150,187.5,37.5,0,962.5,192.5,0,192.5,192.5,YES,0.912956415176,0.0129564151764,18,1,3.94427518518,0.665966771248,False,False,False,YES
9825,4,29,-3,465,300,375,75,0,200,250,50,0,120,150,30,0,150,187.5,37.5,0,962.5,192.5,0,192.5,192.5,YES,0.913763305626,0.0137633056263,18,1,3.90462154628,0.658944622108,False,False,False,YES
9825,4,30,-2,511,300,375,75,0,200,250,50,0,120,150,30,0,150,187.5,37.5,0,962.5,192.5,0,192.5,192.5,YES,0.915611741099,0.0156117410993,18,1,3.81367682194,0.64283480531,False,False,False,YES
9825,4,31,-1,551,300,375,75,0,200,250,50,0,120,150,30,0,150,187.5,37.5,0,962.5,192.5,0,192.5,192.5,YES,0.916936520514,0.016936520514,18,1,3.74840726484,0.631268822341,False,False,False,YES
9955,3,24,-16,125,300,375,75,0,0,234.805942445,34.8059424453,15.1940575547,120,120,0,30,150,187.5,37.5,0,917.305942445,147.305942445,45.1940575547,347.305942445,347.305942445,NO,0.9,0,18,1,4.68729869328,0.798787162791,True,False,False,YES
9955,4,25,-15,143,300,375,75,0,200,250,50,0,120,150,30,0,150,187.5,37.5,0,962.5,192.5,0,192.5,192.5,YES,0.906307965521,0.00630796552101,18,1,4.26990737353,0.723590287697,False,False,False,YES
9955,4,26,-14,246,300,375,75,0,200,250,50,0,120,150,30,0,150,187.5,37.5,0,962.5,192.5,0,192.5,192.5,YES,0.910317139797,0.0103171397966,18,1,4.07377998465,0.68889233879,False,False,False,YES
9955,4,27,-13,314,300,375,75,0,200,250,50,0,120,150,30,0,150,187.5,37.5,0,962.5,192.5,0,192.5,192.5,YES,0.91162585187,0.0116258518703,18,1,4.0096020615,0.677532754217,False,False,False,YES
9955,4,28,-12,389,300,375,75,0,200,250,50,0,120,150,30,0,150,187.5,37.5,0,962.5,192.5,0,192.5,192.5,YES,0.912956415176,0.0129564151764,18,1,3.94427518518,0.665966771248,False,False,False,YES
9955,4,29,-11,459,300,375,75,0,71.453867201,250,50,0,0,150,30,0,150,187.5,37.5,0,962.5,192.5,0,441.046132799,441.046132799,YES,0.913763305626,0.0137633056263,18,1,3.90462154628,0.658944622108,False,False,False,YES
9955,4,30,-10,496,300,375,75,0,0,250,50,0,0,150,30,0,150,187.5,37.5,0,962.5,192.5,0,512.5,512.5,YES,0.915611741099,0.0156117410993,18,1,3.81367682194,0.64283480531,False,False,False,YES
9955,4,31,-9,544,300,375,75,0,0,250,50,0,0,150,30,0,150,187.5,37.5,0,962.5,192.5,0,512.5,512.5,YES,0.916936520514,0.016936520514,18,1,3.74840726484,0.631268822341,False,False,False,YES
9955,4,32,-8,552,0,375,75,0,0,250,50,0,0,150,30,0,0,187.5,37.5,0,962.5,192.5,0,962.5,962.5,YES,0.912956415176,0.0129564151764,18,1,3.94427518518,0.665966771248,False,False,False,YES
9955,5,33,-7,661,300,375,75,0,200,250,50,0,120,150,30,0,150,187.5,37.5,0,962.5,192.5,0,192.5,192.5,YES,0.905147816508,0.00514781650761,18,1,4.33731796782,0.735900617368,False,False,False,YES
9955,5,34,-6,728,300,375,75,0,200,250,50,0,120,150,30,0,150,187.5,37.5,0,962.5,192.5,0,192.5,192.5,YES,0.905985046681,0.00598504668058,18,1,4.31685826166,0.733016204777,False,False,False,YES
9955,5,35,-5,761,300,375,75,0,200,250,50,0,120,150,30,0,150,187.5,37.5,0,962.5,192.5,0,192.5,192.5,YES,0.903758302629,0.00375830262928,18,1,4.46304954338,0.760160797207,False,False,False,YES
9955,5,36,-4,785,300,375,75,0,200,250,50,0,120,150,30,0,150,187.5,37.5,0,962.5,192.5,0,192.5,192.5,YES,0.903429562652,0.00342956265178,18,1,4.53701235439,0.775186711657,False,False,False,YES
9955,5,37,-3,812,300,375,75,0,200,250,50,0,120,150,30,0,150,187.5,37.5,0,962.5,192.5,0,192.5,192.5,YES,0.903431149173,0.00343114917345,18,1,4.57013118946,0.78212916442,False,False,False,YES
9955,5,38,-2,840,300,375,75,0,200,250,50,0,120,150,30,0,150,187.5,37.5,0,962.5,192.5,0,192.5,192.5,YES,0.904429960005,0.00442996000472,18,1,4.60623870669,0.791225320635,False,False,False,YES
9955,5,39,-1,883,300,375,75,0,200,250,50,0,120,150,30,0,150,187.5,37.5,0,962.5,192.5,0,192.5,192.5,YES,0.90834218967,0.00834218966972,18,1,4.45184773487,0.765203739525,False,False,False,YES
