unique_path_id,support_out_path_rank,consequence_replica_rank,consequence_replica_id,D_finite,D_nonnegative,C_domain_exact,D_persistent_nondecreasing,A_persistent_nonincreasing,C_nondecreasing_while_reachable,failed_line_persistent,closed_road_persistent,source_demand_zero,passed,formal_scenario_sha256
3,1,1,SO-P0001-R01,1,1,1,1,1,1,1,1,1,1,32192cdd69cee1dfb7e35c65af8e93ac1072730a6e1d36bae65dab80b56bf533
3,1,2,SO-P0001-R02,1,1,1,1,1,1,1,1,1,1,518924f8a6450e37403eedb7e7f4bdff6303fdfe775545093f03581c7629e177
3,1,3,SO-P0001-R03,1,1,1,1,1,1,1,1,1,1,b8c54517c322f1c5acde7ca03ce927f33e155dd1dccdc4e392420d0b669840cf
3,1,4,SO-P0001-R04,1,1,1,1,1,1,1,1,1,1,fabffb07e5149c29390da15777cb9d028734c27be263754b1aca4c968264831f
3,1,5,SO-P0001-R05,1,1,1,1,1,1,1,1,1,1,4211018a53964314b00ce99d0f69bbe234697a47647de54bc1ca03bfa0bb216c
4,2,1,SO-P0002-R01,1,1,1,1,1,1,1,1,1,1,be12d49a580e418f24fa02da2b86b3affb7e70c3f25f7314ff7c713003274e22
4,2,2,SO-P0002-R02,1,1,1,1,1,1,1,1,1,1,4b81b1c4281741e8e31cf47eb69d9bee9e5d2ce4a400f8c657f68ed90a37f19e
4,2,3,SO-P0002-R03,1,1,1,1,1,1,1,1,1,1,5efc401fe4d1d8a5882d05b4048a3743464aea061c50a3074e21323280a10ea1
4,2,4,SO-P0002-R04,1,1,1,1,1,1,1,1,1,1,c8d98c903eb503efa66a3ce754c33309a85adf8c7b75ba4fa9273d41f81c0c6a
4,2,5,SO-P0002-R05,1,1,1,1,1,1,1,1,1,1,b47d71cda441af51f9cda3ba3f7245226e3099a659e1876269351814c50196b4
5,3,1,SO-P0003-R01,1,1,1,1,1,1,1,1,1,1,1bfc84c0644e34f67f0f410c9b15fac269e64ac87f15e7cd7e0ab62de2d54d41
5,3,2,SO-P0003-R02,1,1,1,1,1,1,1,1,1,1,f5102df1fd7ed8085bc415cf87b857aaf6e74ff2f2d481182b3084bbdbf54449
5,3,3,SO-P0003-R03,1,1,1,1,1,1,1,1,1,1,13a1a983ecf56823882f94d8a07c6b3a274fe09701a56ddeb3929a6e710e5d05
5,3,4,SO-P0003-R04,1,1,1,1,1,1,1,1,1,1,bc6777019759ec7760a6dee7bc7a5d2e247765dd8c1f7bcaedc9994ea277f05d
5,3,5,SO-P0003-R05,1,1,1,1,1,1,1,1,1,1,532850209fbb80601e1873aa43822e478b960917e870c674b043b7674dc93aea
6,4,1,SO-P0004-R01,1,1,1,1,1,1,1,1,1,1,4a1c6c8572e916e570edeea29f927518f58283277edc3a04ed01feb953e97d79
6,4,2,SO-P0004-R02,1,1,1,1,1,1,1,1,1,1,0537ad60f6f60fc68b2ca968c1f79f502ec66ecaf920115b6cd49852c6259196
6,4,3,SO-P0004-R03,1,1,1,1,1,1,1,1,1,1,90b71efd6c15a0e83b94cf4e27bf395f073a57fea008ffe3c4dd86b23352d6e5
6,4,4,SO-P0004-R04,1,1,1,1,1,1,1,1,1,1,193392909754c3ce27856d23f38a83f21581c8bb737726d970ae5df58c10844f
6,4,5,SO-P0004-R05,1,1,1,1,1,1,1,1,1,1,743a5e984c7498b614da43842d037c7f8cbaccfe5ed4191185f3cd3ec12d5ded
7,5,1,SO-P0005-R01,1,1,1,1,1,1,1,1,1,1,32e0bcfcdc806db42a847c7bb99b8b3c0ce705143e258e4b1033d11de44d43f6
7,5,2,SO-P0005-R02,1,1,1,1,1,1,1,1,1,1,ba46dfe33572c9de75705b094e7ac3baf33cf43290004de0b3c50fcfcbeb5b1e
7,5,3,SO-P0005-R03,1,1,1,1,1,1,1,1,1,1,b27261b3f7c40598b172e072b2153b7b2f9c5ed33b8c19116a19dcd2075a4d0d
7,5,4,SO-P0005-R04,1,1,1,1,1,1,1,1,1,1,c41b1f6a0bdba138321eb36926e8618770234660110bc9f27d0c7ab92eb5fb51
7,5,5,SO-P0005-R05,1,1,1,1,1,1,1,1,1,1,9542d51b5e1bcfa231246ace99f1bb37576e4559b750a2c30a484e40a1a6decc
8,6,1,SO-P0006-R01,1,1,1,1,1,1,1,1,1,1,11723562e0f8c562b96f96b5ce71e6baa59ad49703cf5be8512e06db0243a9a4
8,6,2,SO-P0006-R02,1,1,1,1,1,1,1,1,1,1,21174f676b608e50ca515c908f873fb69e720fad6dc424ef9657e5f85f3b902e
8,6,3,SO-P0006-R03,1,1,1,1,1,1,1,1,1,1,c5e75db3236d2816b4a7e2362c5c2a7e77267a98d0b9cb0e1f344c47d5bee75e
8,6,4,SO-P0006-R04,1,1,1,1,1,1,1,1,1,1,1e4e01fba64514a04b7ad8987b2b776536432784ccf207dd0c53d9f56e4a97b2
8,6,5,SO-P0006-R05,1,1,1,1,1,1,1,1,1,1,2044980d841a5903d7be37a977be023f9b04a1293b745307204b25a61b62e320
9,7,1,SO-P0007-R01,1,1,1,1,1,1,1,1,1,1,3fa637e987b3a6dac6e18034dcec9eb64b1df9e47733d2de576948662956c3fd
9,7,2,SO-P0007-R02,1,1,1,1,1,1,1,1,1,1,5d1a6a067000333d814adca96441971702937691711a70bd3fd00fe745235508
9,7,3,SO-P0007-R03,1,1,1,1,1,1,1,1,1,1,8e7b7188c226be115d803975f2fa5d4e2bf6cfebdee41202ff0b7854a599459b
9,7,4,SO-P0007-R04,1,1,1,1,1,1,1,1,1,1,92d519471e411418cd47dcea36bec6c14723fa4609ef53761653cf98a033d346
9,7,5,SO-P0007-R05,1,1,1,1,1,1,1,1,1,1,9a3a847073c153f4f1c57c0b31d1abdabb9bc0074714b3d5b47163440555e518
10,8,1,SO-P0008-R01,1,1,1,1,1,1,1,1,1,1,a4aece802b82ea76a897724e219b35d886643c9896e6ed3eacd80f4c8ec715a8
10,8,2,SO-P0008-R02,1,1,1,1,1,1,1,1,1,1,0fed44a4c071614506b4b363eaad09ff5c50b06515d469196056514e6a109f1e
10,8,3,SO-P0008-R03,1,1,1,1,1,1,1,1,1,1,683ab29e5b7631faa9ffa6a72ec667736a97ee40572ed276e6734e5ba1e2638c
10,8,4,SO-P0008-R04,1,1,1,1,1,1,1,1,1,1,aa8b7abaadf430627fa60a4a53f33a1452b5b7d98b5ab56d796d09dbae34afd5
10,8,5,SO-P0008-R05,1,1,1,1,1,1,1,1,1,1,42378ee1a0ce28d5aedde784a67e71dfd325a3dd7a42fea0f937cf220def977c
11,9,1,SO-P0009-R01,1,1,1,1,1,1,1,1,1,1,4a81d6d798860420472bc2d53830ad665094162a81277d78d909b3f080b91323
11,9,2,SO-P0009-R02,1,1,1,1,1,1,1,1,1,1,53857e03746c66659ec5876e2ac88e02ef8dfb4978764eb2f549d130408c57a5
11,9,3,SO-P0009-R03,1,1,1,1,1,1,1,1,1,1,9a2c4f0d8b6e94ad79651bf1c3336aa88f0977ab5aaf2c341beb8f726e87b6a6
11,9,4,SO-P0009-R04,1,1,1,1,1,1,1,1,1,1,2f02ff79baf5d6f8012934b4a290057ed206d6a725714fc1e5d269ffc89e9e6a
11,9,5,SO-P0009-R05,1,1,1,1,1,1,1,1,1,1,663c877b9138016e8f44b7d3925db7b2739600aee769dce26b653c117ba41681
12,10,1,SO-P0010-R01,1,1,1,1,1,1,1,1,1,1,047ab94df5117befe847a3e5476110f0e98e7100f956fb72fce86ea6ca59369d
12,10,2,SO-P0010-R02,1,1,1,1,1,1,1,1,1,1,956535468b81d4d46ac87c03d8ab99ea035f2e58d432272035bd2ca96b32cc31
12,10,3,SO-P0010-R03,1,1,1,1,1,1,1,1,1,1,bab0d6f75060beb3587c869d4049835db360f9bd40bb8eacb77f34071a28c5d7
12,10,4,SO-P0010-R04,1,1,1,1,1,1,1,1,1,1,fba4fea8767c7bccb09489a18675f32405a1ce1bb07c9b443dae2040b1ff8d9c
12,10,5,SO-P0010-R05,1,1,1,1,1,1,1,1,1,1,ab4ac2e73ad2549498e55faec875d2e2728544ba51b79f1fd9884fe142e2f64e
13,11,1,SO-P0011-R01,1,1,1,1,1,1,1,1,1,1,a090db3483315232f47943b31e4524d116bf8f44c45631d5571ff1cf7e290a10
13,11,2,SO-P0011-R02,1,1,1,1,1,1,1,1,1,1,a0c7d1222288e798733483dbb805bf483acb9abe5d6e2d2d60162dd871d52c92
13,11,3,SO-P0011-R03,1,1,1,1,1,1,1,1,1,1,06a0c9f048f992fd4445ddb89b9f6d921b3cb5f4f49f6e2cc30e0e51f00bd008
13,11,4,SO-P0011-R04,1,1,1,1,1,1,1,1,1,1,8a117c9fece5ea3563006607008eb7deab0d3af41d0911652d61d6d15c392add
13,11,5,SO-P0011-R05,1,1,1,1,1,1,1,1,1,1,af1068331cd1b8839acfbdc1b422ff33fad25d15ae50b33d508ccea060a33174
14,12,1,SO-P0012-R01,1,1,1,1,1,1,1,1,1,1,155764191c61943048c7b30b6d09db41efc8f5c5726da511b27d78ac278f35f1
14,12,2,SO-P0012-R02,1,1,1,1,1,1,1,1,1,1,3e54cdd7815bcce2009ea42944a8f5e7c2e747ddb92cace546cc6029fced1a04
14,12,3,SO-P0012-R03,1,1,1,1,1,1,1,1,1,1,cc22a0933504b85c204d78b4fb0e7117cadacca026a0b273d7ff8b9493ee8d81
14,12,4,SO-P0012-R04,1,1,1,1,1,1,1,1,1,1,25b3ad39d66ae562d647398633af2d20531a38372a9cde32b7c789934c0e9d83
14,12,5,SO-P0012-R05,1,1,1,1,1,1,1,1,1,1,f8c69a47ef6eedd6c8acdd08c6dec6c182a3a1f8671c655a4c9d41bf4d5ac7b3
15,13,1,SO-P0013-R01,1,1,1,1,1,1,1,1,1,1,85f12f5aee8e8a115e58a082b1195dfe7d288551fe350a92032896e16e7f220c
15,13,2,SO-P0013-R02,1,1,1,1,1,1,1,1,1,1,55435522cfa9d15a852762d1fb5df4561bd1e5eb5097a63580607e0c3ddc1dee
15,13,3,SO-P0013-R03,1,1,1,1,1,1,1,1,1,1,11a7b57091704f9334a3f527a37f9c0378e8bf1679782a95c225eb537facbf10
15,13,4,SO-P0013-R04,1,1,1,1,1,1,1,1,1,1,3aa6a9a8754a4bbfc1b27d8b4a813e3011298891f557157434f151229f1b8bd3
15,13,5,SO-P0013-R05,1,1,1,1,1,1,1,1,1,1,ed41b20aa2c07673e44d7f594e67c8618336975a37317fb577cbb2c5f3dc6375
16,14,1,SO-P0014-R01,1,1,1,1,1,1,1,1,1,1,52ee38bb41a2cdf9a25023158460590fcc0b4a7250d78a1d700cc90b4520cec3
16,14,2,SO-P0014-R02,1,1,1,1,1,1,1,1,1,1,4487454df69be008eff0b505f8f3d5ea750dfe4ef9337a4b4ed2ed2c9fe76d37
16,14,3,SO-P0014-R03,1,1,1,1,1,1,1,1,1,1,378a4ca28886449986dc2e926a9c026f1bb573245cf29f8aa914839272fe9a2e
16,14,4,SO-P0014-R04,1,1,1,1,1,1,1,1,1,1,7eb6cea63658b8669c96962ac0fbd44f7b422e39b675de30070a3d20e7e6ffd1
16,14,5,SO-P0014-R05,1,1,1,1,1,1,1,1,1,1,559b222c30b46b99469ded699aba68a9fe619c93ecd6ba6bd6c9c580ee5b07f5
18,15,1,SO-P0015-R01,1,1,1,1,1,1,1,1,1,1,ddf81f24cb931df96429abf3372410c137309617a62b55d9cf5c64eb86d9e902
18,15,2,SO-P0015-R02,1,1,1,1,1,1,1,1,1,1,76792621e2be85ddf2246f873d976a6aa89d64ebdd7c1186650444cfe6fd4eab
18,15,3,SO-P0015-R03,1,1,1,1,1,1,1,1,1,1,c07df62232ca09ef03ca5dff9c471635ffd61db505f92cd0513baafc503709fd
18,15,4,SO-P0015-R04,1,1,1,1,1,1,1,1,1,1,d0da913b01d4869f8260dab927ce8853d915da26bb8ef569ff24396871523139
18,15,5,SO-P0015-R05,1,1,1,1,1,1,1,1,1,1,6dedd3620214a2ce3cf3576b4448abb905a2ec5a88f3db3df7e50a1facfcda4c
19,16,1,SO-P0016-R01,1,1,1,1,1,1,1,1,1,1,5e49083d11395de363a3367a22250030c747d2bdf096fcd7b091545a6587a4d2
19,16,2,SO-P0016-R02,1,1,1,1,1,1,1,1,1,1,03410567eec337613cf00507dff8aa77f62c8ef39e4ddce205b296587cbaa4f0
19,16,3,SO-P0016-R03,1,1,1,1,1,1,1,1,1,1,b119a209729fa2fc1d3c73b53ff1a1e49feed0a0e14291173226603615926698
19,16,4,SO-P0016-R04,1,1,1,1,1,1,1,1,1,1,27420c510b7decfdd65aac0213caf5eb7b4379a006c61f53f8008b364528540f
19,16,5,SO-P0016-R05,1,1,1,1,1,1,1,1,1,1,c3a6a8a7afc29e1de0595a66cf2e4fd3807e7f9f541c6d0bb0fd3838b9bacb21
20,17,1,SO-P0017-R01,1,1,1,1,1,1,1,1,1,1,a5464ad2a104fa61ecbc33e3ffa1cf8d64d8e38e6da6a422d42fe80bbfe9f3e5
20,17,2,SO-P0017-R02,1,1,1,1,1,1,1,1,1,1,b9166cb78ffbc0d10c397b8df542ac19b9e3edbe1ea88998c00a3d95dc1d299d
20,17,3,SO-P0017-R03,1,1,1,1,1,1,1,1,1,1,5708418a1c48baf41b36e785a64120028677c2871360c5f28a195d76f4d009a6
20,17,4,SO-P0017-R04,1,1,1,1,1,1,1,1,1,1,a547aa7a4c1aecde9e47bf911ea337ce246f84cbb4395b699c390021dfa77c09
20,17,5,SO-P0017-R05,1,1,1,1,1,1,1,1,1,1,29dce7079f9c6ad19e75cad07f388238fcde8ed2c0bb6c558a4b03c5f9b7af09
24,18,1,SO-P0018-R01,1,1,1,1,1,1,1,1,1,1,37005654057d2fb0e71723d8f7332dddb0c5979161800a00e8b6eb8a85b4c31e
24,18,2,SO-P0018-R02,1,1,1,1,1,1,1,1,1,1,ad2a9e0450586eb8ebf3da0bd64bb141d92abf0ce5a589522c5931d5e6a3072d
24,18,3,SO-P0018-R03,1,1,1,1,1,1,1,1,1,1,ed8b54d8aa7200328fd13594825e5576a37d0d5b48fc7ce349709496b45b68c3
24,18,4,SO-P0018-R04,1,1,1,1,1,1,1,1,1,1,50396c114aaea0ad0cff1986e5fa435f3091cbd53b5dbeebb0c341a86e70ec2f
24,18,5,SO-P0018-R05,1,1,1,1,1,1,1,1,1,1,83af1aa1916f55b0c51d13bfcd42aa09fe10db7d69ee84f5d49f9f266ac6f3af
25,19,1,SO-P0019-R01,1,1,1,1,1,1,1,1,1,1,13b2711d85c3a87072154a02d4bada00d63d747a47c662092800722d492adf6a
25,19,2,SO-P0019-R02,1,1,1,1,1,1,1,1,1,1,f3c4e378d450f717ff5eb1e6eb9d67007c091faf754fcc8cc206ace0a314ee1a
25,19,3,SO-P0019-R03,1,1,1,1,1,1,1,1,1,1,e7eb4f026841f99d8e5f07dff595ae42e01d8d2a54c8d601df2578a25db00988
25,19,4,SO-P0019-R04,1,1,1,1,1,1,1,1,1,1,7f0df605ef74e5f0aee3b73c799036fdbd2f8036b5565438ec0bb1db35b8d564
25,19,5,SO-P0019-R05,1,1,1,1,1,1,1,1,1,1,42650447701063a90016155e6eda36b3146803ff0be378a5872303a151b6c37a
26,20,1,SO-P0020-R01,1,1,1,1,1,1,1,1,1,1,f78596ad30d0aea1fe37ee59c36928857dd1656278bf0505ee6603b64b28c3f2
26,20,2,SO-P0020-R02,1,1,1,1,1,1,1,1,1,1,b7b05f4992fe7b3348e04644594425aeef50decc87b93fbeb84e2cb83877828c
26,20,3,SO-P0020-R03,1,1,1,1,1,1,1,1,1,1,58f57807745bec572eaf807b43e0c7bd2ee60ac4d97efadc9c3a5efe2a85838b
26,20,4,SO-P0020-R04,1,1,1,1,1,1,1,1,1,1,0c147904c3f963fe2bd9254b03403aaba96d54f502ccab1ca6d635c2e7327474
26,20,5,SO-P0020-R05,1,1,1,1,1,1,1,1,1,1,017ff97ba9830b5dfc2f2699c84a944b6f3898016e40f08faa46ba9a8b5cda63
27,21,1,SO-P0021-R01,1,1,1,1,1,1,1,1,1,1,ba7989a1089c93e8235a9deb0155d82eb4744d3b126bacd8a2039c8d3b8420cb
27,21,2,SO-P0021-R02,1,1,1,1,1,1,1,1,1,1,89203d939a533d2b16808cac355ef00c8c5f3feb3f508e94928454565b542d67
27,21,3,SO-P0021-R03,1,1,1,1,1,1,1,1,1,1,b55fb7f7f19698e56b46b5f4ceae67fb8377f17a3b3784632a4b93d7227cd10b
27,21,4,SO-P0021-R04,1,1,1,1,1,1,1,1,1,1,7c2fe22041e9048b231f81ebe7dbdd5d3177cf0c33dd85eeba82769becfbedcc
27,21,5,SO-P0021-R05,1,1,1,1,1,1,1,1,1,1,8d2529b1a6c48ec7ddc1cc2c7da889300a2b132ed9ba036d5e9db78a36d483d9
28,22,1,SO-P0022-R01,1,1,1,1,1,1,1,1,1,1,e21a7ed637df8806e4f089a4b405941475b7e858e11fcd6c4b811f33842a7af3
28,22,2,SO-P0022-R02,1,1,1,1,1,1,1,1,1,1,9343545346053ed3bf4572d684f944225026dc2877f374e600efdd5456399e0a
28,22,3,SO-P0022-R03,1,1,1,1,1,1,1,1,1,1,194e14a0a57802673057095a497c89fb1732f70dd82f702d9f9d755aa2fe9805
28,22,4,SO-P0022-R04,1,1,1,1,1,1,1,1,1,1,914ee60f7e756db9cc8ebe5cf34989819b578560013840f49efba7072ec0dd29
28,22,5,SO-P0022-R05,1,1,1,1,1,1,1,1,1,1,035cef99da2c948c087026fdc37f3861e3fc006865823fa3b5fa1e80cc1703ba
29,23,1,SO-P0023-R01,1,1,1,1,1,1,1,1,1,1,95b69ee4c45dd216ad6e10e229bb4e6af1630ae51ecbdba05f955cecbc64d59e
29,23,2,SO-P0023-R02,1,1,1,1,1,1,1,1,1,1,7036b99439cfe1d49e0fdb56fb657770fa34270f0bc1add06b0803d99c66b080
29,23,3,SO-P0023-R03,1,1,1,1,1,1,1,1,1,1,d3b66de34b344a0a55a154f03a3c3f400f98fd9341afbf07e4fcfdebcb12bc38
29,23,4,SO-P0023-R04,1,1,1,1,1,1,1,1,1,1,0d6e106e6708691fe1ddf798ea4efdf0f7a8fabe20835055a8ec442ac3359770
29,23,5,SO-P0023-R05,1,1,1,1,1,1,1,1,1,1,b7242bec9e6aab5caf60f3fa378c3576910d6f8e6c7f05e98294d6a7cc23a448
30,24,1,SO-P0024-R01,1,1,1,1,1,1,1,1,1,1,3f615830b150a894264217de85874f8dc6ee89736f98bb22113b69706fdb5a93
30,24,2,SO-P0024-R02,1,1,1,1,1,1,1,1,1,1,77c47786a385983fc7a75a558715909db95959a29eb7cbfa31a9e0770475e1ee
30,24,3,SO-P0024-R03,1,1,1,1,1,1,1,1,1,1,82304f34052e1dcba7ff84a94cdd73c445d28c209af7d2cadd3dc23f7c37a4b1
30,24,4,SO-P0024-R04,1,1,1,1,1,1,1,1,1,1,a3b386df10e4e50df56d6378b40aec2eba3da45e7f27fbf875c6a2837318bc07
30,24,5,SO-P0024-R05,1,1,1,1,1,1,1,1,1,1,1437ffc166fa26bea12f7be7c897b7c0ff14473577efeb98c23f0e42bbc6060c
31,25,1,SO-P0025-R01,1,1,1,1,1,1,1,1,1,1,807a28252aac433938278577a47414f7c701722f3e962be84bd4ba7342552d61
31,25,2,SO-P0025-R02,1,1,1,1,1,1,1,1,1,1,08956c3afe78f9a7ffbc154b4e8b3004fd8b72c24b726a85ea76f09495b55ac3
31,25,3,SO-P0025-R03,1,1,1,1,1,1,1,1,1,1,3b4d542e5cc185abcfa501ef9f14bdd373cdf5da5d1bb9683632226a6b2fff46
31,25,4,SO-P0025-R04,1,1,1,1,1,1,1,1,1,1,11e71230d4d7f8b8380228c84de31a966900eae83397d99226126c20202aecf4
31,25,5,SO-P0025-R05,1,1,1,1,1,1,1,1,1,1,9c898d829ba83b120be4d5e16463eabcc535a99908a05e75d99511e250cc2426
32,26,1,SO-P0026-R01,1,1,1,1,1,1,1,1,1,1,072a2e73211effb455dea3b5d752d9e2f52a91d511147322a497ca745e8c26d8
32,26,2,SO-P0026-R02,1,1,1,1,1,1,1,1,1,1,48179c2b649fcefdb36a2836a26639062e48ea9f2c39d3ea62ac6dd2f4c02b9d
32,26,3,SO-P0026-R03,1,1,1,1,1,1,1,1,1,1,8b31c49fd421bb2d5443ac575d9165d500cbab110a280e9720f900a8ae5e976a
32,26,4,SO-P0026-R04,1,1,1,1,1,1,1,1,1,1,ffece20d1398e96718ed341d9ebace9901b0ffe3137fc21ae434791fb4d5ba46
32,26,5,SO-P0026-R05,1,1,1,1,1,1,1,1,1,1,a1505a8f98040072feb37d2bcf45e729199ca12d6563c2b7257ceda52fbea3e9
33,27,1,SO-P0027-R01,1,1,1,1,1,1,1,1,1,1,0316499917f766aec3b887af8297adbc04146f6b219c056cba86e3c37ea4166d
33,27,2,SO-P0027-R02,1,1,1,1,1,1,1,1,1,1,13d8e976f525977d64b5afc8705087e1cf331ca61822a0f238794b8ae37017b7
33,27,3,SO-P0027-R03,1,1,1,1,1,1,1,1,1,1,c0f25337f111314c093fe1f7447a0b4d9cfb6d9218ecba01789fe7a8d9dd7d5b
33,27,4,SO-P0027-R04,1,1,1,1,1,1,1,1,1,1,bf43b32bd72ab12e62edfe1be8da96ac065d95ccaf80d9d70a104d3a4f129858
33,27,5,SO-P0027-R05,1,1,1,1,1,1,1,1,1,1,9172d553e5e5b2cd3a99e6251b4fe23cb53a5f5c0e6d236566d76583ed736045
34,28,1,SO-P0028-R01,1,1,1,1,1,1,1,1,1,1,1fee5f42ba914ae164bdb333583dabbd893607bb1742a3727e36e811f6cc911e
34,28,2,SO-P0028-R02,1,1,1,1,1,1,1,1,1,1,24d557802c2d3a29a5944a8e9af2ab1a118a917d93f6020a08563f6d85d19fa9
34,28,3,SO-P0028-R03,1,1,1,1,1,1,1,1,1,1,f17ee725de7d62542d3cf943a7399dd61b9993a7cf5f478d8b18ffd1b7965834
34,28,4,SO-P0028-R04,1,1,1,1,1,1,1,1,1,1,da055321ee3c5a167c78eaca17fe6b28c2d5a53706f3a2aa271bb13c47496828
34,28,5,SO-P0028-R05,1,1,1,1,1,1,1,1,1,1,47fbb59bf8d7c135fe714ffda4172fa1177bd894f10c0d03baa1837077ae1e12
35,29,1,SO-P0029-R01,1,1,1,1,1,1,1,1,1,1,a2c6ca2e93beed1db94ec2b35fc37d3cd68487d5d9bb036992ca4a744bd64fc3
35,29,2,SO-P0029-R02,1,1,1,1,1,1,1,1,1,1,dc0e965bca4b67b8fd318bd43480d26a302964599da32771d4bf255c23e9c9b0
35,29,3,SO-P0029-R03,1,1,1,1,1,1,1,1,1,1,e8fb64529d1a7bc96ba61fb1530394cdd78fa623ea9064103b3597660f6b9664
35,29,4,SO-P0029-R04,1,1,1,1,1,1,1,1,1,1,e926d47d0e6c7bdb345074f4c9b2b40db6e238909161ffd50d772a1b2cace6d4
35,29,5,SO-P0029-R05,1,1,1,1,1,1,1,1,1,1,0f08434e95c3932aad34dd76b310cef087fb543a35e16cda1fcebcb52a31c084
37,30,1,SO-P0030-R01,1,1,1,1,1,1,1,1,1,1,29b6ea61dbc485a4835ca7b123a41bb9cb39116b60abd93953e22b93800be6f8
37,30,2,SO-P0030-R02,1,1,1,1,1,1,1,1,1,1,acd138db6fcfb56fa95ab30822b348a94f718c203485feda6f2b928712d331ea
37,30,3,SO-P0030-R03,1,1,1,1,1,1,1,1,1,1,89b747fd21aa59963d9af0b42413f26cf047e27879695fd60c2fdb3c8df3d6f4
37,30,4,SO-P0030-R04,1,1,1,1,1,1,1,1,1,1,187d7ad58a20d552564819328414e1fa98ef0ac6e15225632d595c4ef18c1323
37,30,5,SO-P0030-R05,1,1,1,1,1,1,1,1,1,1,09ee1ab3f80b5e4848e6ce6f163b3303bf44ac3e20fc901772db3e153d6f128b
38,31,1,SO-P0031-R01,1,1,1,1,1,1,1,1,1,1,e2bdf1c4f991f2bd67ce2cdff10461e8706fcd12461b32a572f3ed8253461d70
38,31,2,SO-P0031-R02,1,1,1,1,1,1,1,1,1,1,2b17ed0187602d81afc07bb83a0b17d08b6e9acfbf3ba6f61166bf430770317a
38,31,3,SO-P0031-R03,1,1,1,1,1,1,1,1,1,1,7e37c5a7368cbc2b6ef0bdfea12296f4f3d29d5d3fd82726d6e7feaf36e6cce6
38,31,4,SO-P0031-R04,1,1,1,1,1,1,1,1,1,1,fb529603f449e5ec5c75eefed5b87656b605ad833802db7373680ee74c85d388
38,31,5,SO-P0031-R05,1,1,1,1,1,1,1,1,1,1,2ad4211c7f732dd0d9fb4993b4581608d8f26cd490774e771b00c51b859b5051
41,32,1,SO-P0032-R01,1,1,1,1,1,1,1,1,1,1,f735f332806d4567310ce9e7644957a022726a3e54a8472e4ab8234ced4c9239
41,32,2,SO-P0032-R02,1,1,1,1,1,1,1,1,1,1,0873cf9f262daf940116a4b7f5327fd819cc6547d5107aabb0ab00cd1979b2b3
41,32,3,SO-P0032-R03,1,1,1,1,1,1,1,1,1,1,54aa4ec04c2d1b2766d669ea7c938131ef5d8d3556cda56e978917cddcfb03c1
41,32,4,SO-P0032-R04,1,1,1,1,1,1,1,1,1,1,48224f0ca14c55011c1bfd4ac8e6a7f923505360f637a58eac54fd09b61a1db1
41,32,5,SO-P0032-R05,1,1,1,1,1,1,1,1,1,1,73c1d03f2a16682e4d1bc217bbb68570638f862582279234a92177f681cf4bf6
42,33,1,SO-P0033-R01,1,1,1,1,1,1,1,1,1,1,c6b90e8d56b6da3556e9e3799b513a33edf82e89aba4b5abdcb7672f2a1fe4b0
42,33,2,SO-P0033-R02,1,1,1,1,1,1,1,1,1,1,8d273d1e3d83c1d93ba7f2889e48b090e5ee7edec078d16c5892cc41b1275982
42,33,3,SO-P0033-R03,1,1,1,1,1,1,1,1,1,1,828e4e228e580db2030544196210a9ab6583b05db784c93728d386e507bd7d5e
42,33,4,SO-P0033-R04,1,1,1,1,1,1,1,1,1,1,acd61adafdb089c5086363847d2d170b474829eef453a76bfdd4c88ce724f329
42,33,5,SO-P0033-R05,1,1,1,1,1,1,1,1,1,1,c83d28655eadcbc0d7c9be6aeac3e6fc8181d5b78153be0d69dd9d1c75d3a063
44,34,1,SO-P0034-R01,1,1,1,1,1,1,1,1,1,1,258d98bd7405c6ddea0dffdc8aebb58866fc85135ab2744a8287621356daa024
44,34,2,SO-P0034-R02,1,1,1,1,1,1,1,1,1,1,d8ba640bef8dcb90b329a48cc395c7161cf1c52654d8feea58d0e0e377d84db0
44,34,3,SO-P0034-R03,1,1,1,1,1,1,1,1,1,1,4b24545588f7e9775dbf67e1cc73a35263f1414642720f860d02aa8a09605ae0
44,34,4,SO-P0034-R04,1,1,1,1,1,1,1,1,1,1,cb823b3bada1a93796895d5e7810a9cd2f8f4ed112f4760008b6aecc40fc2bc6
44,34,5,SO-P0034-R05,1,1,1,1,1,1,1,1,1,1,3c13156a2500aa3473a5c0c80580e32c4af54cf846aaca76c3ca6a1b0aa40673
45,35,1,SO-P0035-R01,1,1,1,1,1,1,1,1,1,1,97057587abafa3e0aabcb04740b673c196f2c912deca6a8345bce396e1ef75c3
45,35,2,SO-P0035-R02,1,1,1,1,1,1,1,1,1,1,ba33e00c51673c02ef4b0d4c3f4a79704824073e7e608555b3afec6b1763a2c0
45,35,3,SO-P0035-R03,1,1,1,1,1,1,1,1,1,1,3c8c6e456b9f587f9f1ea0acbbce7d30d1d748626e118ab8f6361e2278fadc62
45,35,4,SO-P0035-R04,1,1,1,1,1,1,1,1,1,1,249972fc2c61461135fe8b081150732ce2e026b59b5cceaa123fa80313e12e84
45,35,5,SO-P0035-R05,1,1,1,1,1,1,1,1,1,1,4fb1b6d1ead79573f2d46a39f22e7d5dfdabd4b130564961b041661908b7f647
46,36,1,SO-P0036-R01,1,1,1,1,1,1,1,1,1,1,d73aae02d78d0feb8b24f4ea0b65fc7aec08a6b4508b7270f7898b2b28a2ba65
46,36,2,SO-P0036-R02,1,1,1,1,1,1,1,1,1,1,c942a36bac6f4005bace93f2656a374af86b140492cae4ae1f61eadd83a04f87
46,36,3,SO-P0036-R03,1,1,1,1,1,1,1,1,1,1,6af4e2cd9cc54e73e3be26f20a065fc15dfd8cfeab26b79e0dd4b1fe1415433e
46,36,4,SO-P0036-R04,1,1,1,1,1,1,1,1,1,1,833b0726c45dec81e2b2b357bfd826004e705deb18a7dfd74a5d9d9fe9154faa
46,36,5,SO-P0036-R05,1,1,1,1,1,1,1,1,1,1,ceed8ae65b0ff1aa4dc755e8e0632a5a7ffa155f4e33311147a047afba8de52d
47,37,1,SO-P0037-R01,1,1,1,1,1,1,1,1,1,1,7675377f4c2a0e84ed84ec173ee1b623b690e671ab2020c5b983a103ad770848
47,37,2,SO-P0037-R02,1,1,1,1,1,1,1,1,1,1,5f5fa30c329e20d30b1dd92495d2202ef403a4c6fc3b358f93353a9aa771dde0
47,37,3,SO-P0037-R03,1,1,1,1,1,1,1,1,1,1,9470c2a5717a027737669a49ec5b5e5df5c96957dbfa64b6f27ac39deac00257
47,37,4,SO-P0037-R04,1,1,1,1,1,1,1,1,1,1,03bba38ddaa1ea2ddb46f2de3097a7425c64a1032da808816aecaf965ccfcaa8
47,37,5,SO-P0037-R05,1,1,1,1,1,1,1,1,1,1,f749523ae68e21145a1e879118eee57097b2789be6e03ce9cfe93787fb274bec
49,38,1,SO-P0038-R01,1,1,1,1,1,1,1,1,1,1,38d1ea170ea68f63cc4fec761df6017b712773c0234598b6daf4c6a8b58ca838
49,38,2,SO-P0038-R02,1,1,1,1,1,1,1,1,1,1,0541b26ab75e11297faddf9e970b4197baaf56b8fb3601d47f4f060b9146f495
49,38,3,SO-P0038-R03,1,1,1,1,1,1,1,1,1,1,aebae141d4c2c139c1240d48a7870360f6efa4bd33742ff984f0f92e274a02ec
49,38,4,SO-P0038-R04,1,1,1,1,1,1,1,1,1,1,965bca9b6d87eb1e1e9f18b50ebd38a697f1b246420da12078dd0792838a2769
49,38,5,SO-P0038-R05,1,1,1,1,1,1,1,1,1,1,597ee05bc064c458c1a593cc3d362a59ed0c10c97c6bdddd0915c3d47383db2b
50,39,1,SO-P0039-R01,1,1,1,1,1,1,1,1,1,1,76069510625994e3a018420ec0a2e4ae1ec4c3a66c5dd45499f4ac7329a6bf62
50,39,2,SO-P0039-R02,1,1,1,1,1,1,1,1,1,1,a03f1fd790df8afd5b309c1f2b33b356964656153ef9cd570a459a4c411f26ee
50,39,3,SO-P0039-R03,1,1,1,1,1,1,1,1,1,1,3e3908bc60ac33d9cd9ca4dd51be1984007f0aa5ed5eff396a5102101d21881b
50,39,4,SO-P0039-R04,1,1,1,1,1,1,1,1,1,1,66b62decfcb12aaac2264bed2bff57e4903a8e08fae1c1bbdb11b68359d661c9
50,39,5,SO-P0039-R05,1,1,1,1,1,1,1,1,1,1,165ff224b7c1d74d31c1223d40269324e2066b4ff2050b0c2af349e4462a22b7
51,40,1,SO-P0040-R01,1,1,1,1,1,1,1,1,1,1,7be79f70712ab2a0bbe4cf86846565e7d4a9b4401eb6d83dc014117a94dccfaa
51,40,2,SO-P0040-R02,1,1,1,1,1,1,1,1,1,1,4f17f6e3d681447de384a8619aba215ad5e22c6ef875d50f89ab725b23dd6c2e
51,40,3,SO-P0040-R03,1,1,1,1,1,1,1,1,1,1,a23ed284bd6c67c1546d42fe71a814b274ffc37bcda7d17b414ebe11b96f850c
51,40,4,SO-P0040-R04,1,1,1,1,1,1,1,1,1,1,1db5e682e7652f41532fbe74ddead617c562a4a33e2eeb7c44366bd5e5d20e2f
51,40,5,SO-P0040-R05,1,1,1,1,1,1,1,1,1,1,6bd4b21f8194238add79fecd684d0be535b99747936c96023b963d611f6ffb9c
52,41,1,SO-P0041-R01,1,1,1,1,1,1,1,1,1,1,8968ba33dd99506db96925b38f2f7b1a486174c8ca73cd9ed8b6187b33a1916b
52,41,2,SO-P0041-R02,1,1,1,1,1,1,1,1,1,1,980fe8d25ff673902335f99a8330a532a648d3bf6199b42cd8e03f3b60a71512
52,41,3,SO-P0041-R03,1,1,1,1,1,1,1,1,1,1,54974032ad17e0b36885248e7179ad2b9880476b52853a0ef7eeeb6b76c1f65b
52,41,4,SO-P0041-R04,1,1,1,1,1,1,1,1,1,1,fd2f6a651f9c56f98c7cc365751e6d9fdabf83511b3e62803eb24e15b83e9dec
52,41,5,SO-P0041-R05,1,1,1,1,1,1,1,1,1,1,09559496deb52b893ab5d59b0313d8394dcc24c6b944cb6942eef3a1c2e960ba
56,42,1,SO-P0042-R01,1,1,1,1,1,1,1,1,1,1,9b64251585b7173d3031c696fee830904a0598fd18181352185994324f4c3433
56,42,2,SO-P0042-R02,1,1,1,1,1,1,1,1,1,1,da40761f5b68b2076c38910838003b79946fbce191899eb343f28f825bfd2da5
56,42,3,SO-P0042-R03,1,1,1,1,1,1,1,1,1,1,4c1bfc6f0cf01dc91a60cbcedad50cea6f37dc17a1cb21ef7df1b81dd9f921f2
56,42,4,SO-P0042-R04,1,1,1,1,1,1,1,1,1,1,74a2374c597d5f5a50fc4341d61f803a9bc9249f12277407d95912ea048f9c07
56,42,5,SO-P0042-R05,1,1,1,1,1,1,1,1,1,1,96ec3321621a7e25bafdb2d3d0f558a83e02a8ea1189de6684bfb3e8be79acc0
57,43,1,SO-P0043-R01,1,1,1,1,1,1,1,1,1,1,762c866a21720b821c601491c8499abb2ee5764d92c3600099212362c3e0a8a9
57,43,2,SO-P0043-R02,1,1,1,1,1,1,1,1,1,1,ef1300f8a2058303f7435ed1c3bfe034ecd37eea209f7b9953b0ff0b2fbf31b2
57,43,3,SO-P0043-R03,1,1,1,1,1,1,1,1,1,1,b1af9bd689bed1f44e83c9f1e773dc4d7d77530938ed2b22a66b14f55572aadb
57,43,4,SO-P0043-R04,1,1,1,1,1,1,1,1,1,1,622b7e324be2d83e80f9ed4e154274e2cf5123c1ac281074c5996e709839eeef
57,43,5,SO-P0043-R05,1,1,1,1,1,1,1,1,1,1,8311b883eae66993205cf424e71063b77ca75005f2b5cfd8e4b4f5eaba3cb891
58,44,1,SO-P0044-R01,1,1,1,1,1,1,1,1,1,1,34a03092e393cc873b5986e41446f0c13ca2d18aa44e014fb56a1d48b9a16789
58,44,2,SO-P0044-R02,1,1,1,1,1,1,1,1,1,1,0331cb45046885acddec84014b6925e627136e74e8c8f2b1bd7c144ec44937a2
58,44,3,SO-P0044-R03,1,1,1,1,1,1,1,1,1,1,5900b3e0bcbb4dbdc189b2aca86d641dd7141e03be24e05209f69eefbe14c62e
58,44,4,SO-P0044-R04,1,1,1,1,1,1,1,1,1,1,cd1ec88dd93618ff5a32d541607358fbdc055cfecb9edf702ea1d9d01bbcd38d
58,44,5,SO-P0044-R05,1,1,1,1,1,1,1,1,1,1,8a619f2dba8fd21946678697aab221ed47b2e8af636276dde305d847196a3950
59,45,1,SO-P0045-R01,1,1,1,1,1,1,1,1,1,1,2c22d662aebb98143354a5313266d3e8208e71cf6902911f86d714d4ef0b0bc2
59,45,2,SO-P0045-R02,1,1,1,1,1,1,1,1,1,1,b19ac9888135e9e4bdd161ec9f4533f20ec179c4c8fb0c063fbba90ba1ec5cd0
59,45,3,SO-P0045-R03,1,1,1,1,1,1,1,1,1,1,93f6a71a022055a93ac55de0c48f991bddbbb563ec70780833dfb611700edf12
59,45,4,SO-P0045-R04,1,1,1,1,1,1,1,1,1,1,ffe78813f413a23985821aa8d565f83db3e92313c66762ecb1cfb04f9d8ab3a4
59,45,5,SO-P0045-R05,1,1,1,1,1,1,1,1,1,1,8eec9e7482533fb3fe201d78c4c77a2e1b78e283622e8c251b8085cc34e8e803
61,46,1,SO-P0046-R01,1,1,1,1,1,1,1,1,1,1,ea426ae7a2248c95f0c02ac4b1bfe79852bac4c329b6912f1d28e4ea9d15c14c
61,46,2,SO-P0046-R02,1,1,1,1,1,1,1,1,1,1,ebb810a3b75080412d3e88b6cb3e21590814bdc1c5d0e0def4519f884595087e
61,46,3,SO-P0046-R03,1,1,1,1,1,1,1,1,1,1,4554b6c3118e29f0d2ffddda4f72bc9740adb3f476bb93fd4693d673f8a035b2
61,46,4,SO-P0046-R04,1,1,1,1,1,1,1,1,1,1,46895fdc16c86e300522e083dd45abcab0288f1b3709ab24b7982cdc6ddb42d0
61,46,5,SO-P0046-R05,1,1,1,1,1,1,1,1,1,1,1ffe86faba2fa01939355d418baece8f7a035e90018bc3ee16e482af29856dfa
62,47,1,SO-P0047-R01,1,1,1,1,1,1,1,1,1,1,777b1163ae052cddda1c1623770b1c14ed9201f72e4b01f4d231646728942625
62,47,2,SO-P0047-R02,1,1,1,1,1,1,1,1,1,1,3d0450dff1a386b427f9d02518e7112753436979c954ba78f3779627d35c5370
62,47,3,SO-P0047-R03,1,1,1,1,1,1,1,1,1,1,e8ef464bc3dd961215f3dde34f23ad5634adbe6b1fbf310983ed4452627bb25a
62,47,4,SO-P0047-R04,1,1,1,1,1,1,1,1,1,1,0ef46f94f15c21d4741df95e1356bf265c6ea68846ecb9f3635ad1c0c9cc2c61
62,47,5,SO-P0047-R05,1,1,1,1,1,1,1,1,1,1,c30317a9bec09ff59a9bbb1ba0d8ced54e761025c43f82c681c26d5fe88cadef
63,48,1,SO-P0048-R01,1,1,1,1,1,1,1,1,1,1,621dc0905d245696118dfc978097f29a0a481527a5fa473330a58e1520257ee8
63,48,2,SO-P0048-R02,1,1,1,1,1,1,1,1,1,1,bae450ef66c47f53465cb788bc273aca8a60888772dc3f4800447892cbd6028b
63,48,3,SO-P0048-R03,1,1,1,1,1,1,1,1,1,1,5730c1a9117b393113692d6e6fe2509c6321b86d1848744eaed78422274d69f6
63,48,4,SO-P0048-R04,1,1,1,1,1,1,1,1,1,1,ff2613354973cc93b72fd44b9628d3bc4b10284001e617a553ca697de43ff67e
63,48,5,SO-P0048-R05,1,1,1,1,1,1,1,1,1,1,f9dbc4864dcea069cec5826a5c59a26a7fca47013203e1847a3ad40edd61711a
64,49,1,SO-P0049-R01,1,1,1,1,1,1,1,1,1,1,513debcea17a5642fc4a3bf0e004e18bf46e113966fe36a5aa9d68eee9341c83
64,49,2,SO-P0049-R02,1,1,1,1,1,1,1,1,1,1,2577e5a264b09ef58d54a8eda487e6f215333244bf464be12e57e4331a2022da
64,49,3,SO-P0049-R03,1,1,1,1,1,1,1,1,1,1,d997406b9d40536459f7839850216467438dae6e0ac5b2dbb852767427557bce
64,49,4,SO-P0049-R04,1,1,1,1,1,1,1,1,1,1,9079ed7ea82081e0c0c6963dd253a9d178f58e5052360abb2e90a556bc3c7c74
64,49,5,SO-P0049-R05,1,1,1,1,1,1,1,1,1,1,5a275d0d990774b4aa8fc80c8d2b2002a00d52659e0b911f3447953a6b625406
65,50,1,SO-P0050-R01,1,1,1,1,1,1,1,1,1,1,15f5348359772d4aa56a9951c443822ffe925f5296127d03ed771190c9b96753
65,50,2,SO-P0050-R02,1,1,1,1,1,1,1,1,1,1,59326c6c85dc53f0c6ecd56e8e6044242f433abf748b25c43f210d4202ef35f3
65,50,3,SO-P0050-R03,1,1,1,1,1,1,1,1,1,1,f4f5ed78ed90c18c7ba206389835bbddd3b4415c8ed352459a925d000a4c7771
65,50,4,SO-P0050-R04,1,1,1,1,1,1,1,1,1,1,039d366c6953ce3776da21c44f8576d7ed237e77127a4a22a77cea138b33b2cf
65,50,5,SO-P0050-R05,1,1,1,1,1,1,1,1,1,1,19caaab333ba2bee8719df1dc2932ad7c24853d147930976d055c2ddbf51ace4
66,51,1,SO-P0051-R01,1,1,1,1,1,1,1,1,1,1,5c507b0e6471adb47af1b99d8e27ecabcbb833aba5110e12cd6b649f0e84267e
66,51,2,SO-P0051-R02,1,1,1,1,1,1,1,1,1,1,3b753eb6e791b3058fb02ce809ccffd4f095c1144a394da8d6e3810e19143292
66,51,3,SO-P0051-R03,1,1,1,1,1,1,1,1,1,1,fd1bd3116b814694a78afcaf3cd11a225166aa7c7538a12f6ab58950164453f2
66,51,4,SO-P0051-R04,1,1,1,1,1,1,1,1,1,1,bd6d15fec09754096fa1b01d0736d4392d0f5326904779a635298dd0d1a1be3e
66,51,5,SO-P0051-R05,1,1,1,1,1,1,1,1,1,1,199c846ba7b84c7504a08a3b1349ab7fb14cf49dfeee2b0d87c6d0aad10debfa
67,52,1,SO-P0052-R01,1,1,1,1,1,1,1,1,1,1,ce6c27bb1a3bb0e050c0faf842bb21a26088b2d7961bdcc0f7160b01605a85f6
67,52,2,SO-P0052-R02,1,1,1,1,1,1,1,1,1,1,16c82a4a4289b64dea001d90c37287cd56af7678a776720cfa5226f03786c093
67,52,3,SO-P0052-R03,1,1,1,1,1,1,1,1,1,1,96534d5d407a7fdf2a0679209b16eaf7155d844ddc9efb0f5db5ce2f62e697cb
67,52,4,SO-P0052-R04,1,1,1,1,1,1,1,1,1,1,cdd226e807b87e88a80db22712998e84fe24ae6e2776a46229013b71d4d63379
67,52,5,SO-P0052-R05,1,1,1,1,1,1,1,1,1,1,8cc8965b1fd25dbc9111ebee25f66d86319a094202674216d6a7e3402a1982bf
68,53,1,SO-P0053-R01,1,1,1,1,1,1,1,1,1,1,4bf1d147500e65d289e7acd822b3a26044ae260fe915b7a46eab87cd97c32669
68,53,2,SO-P0053-R02,1,1,1,1,1,1,1,1,1,1,f53b7a33e5f01aeb4a32b73bb1d99af3e0257ca61b277f5cfa34ce7bebc9cf89
68,53,3,SO-P0053-R03,1,1,1,1,1,1,1,1,1,1,cc47a0ba85ffcaba74c49dba109bdcc3b335ca743028d61c47e4231c7189cfd2
68,53,4,SO-P0053-R04,1,1,1,1,1,1,1,1,1,1,dffae1edfec1d0ca61a8ff26dff254cab92bb5398036e008df7a54cdb47f328c
68,53,5,SO-P0053-R05,1,1,1,1,1,1,1,1,1,1,c9c366341b11a57eac081186f591d846cb719c06b0b261b88b5984c7891802d0
69,54,1,SO-P0054-R01,1,1,1,1,1,1,1,1,1,1,003cd5d7c8ad934857f4e748957012cd1d391243ed52e537cb2ae5c0a968b671
69,54,2,SO-P0054-R02,1,1,1,1,1,1,1,1,1,1,f0eebf545b4dfe5ba49384fe2db138c6d1ae7bc11042f844385640b78f42b572
69,54,3,SO-P0054-R03,1,1,1,1,1,1,1,1,1,1,739c344ecbca80b8c78dcd78018f05d329e7b85a2c54180eaa0131c9b2a71d58
69,54,4,SO-P0054-R04,1,1,1,1,1,1,1,1,1,1,706e9464e920fe9b20bb982e84f8e5d8fd708fcf48574cabf46c1db97b7611e1
69,54,5,SO-P0054-R05,1,1,1,1,1,1,1,1,1,1,b71421e1ff6381e8f974ddfc84de53c7668f051f77eb2ac05de14c56604d7b25
70,55,1,SO-P0055-R01,1,1,1,1,1,1,1,1,1,1,96d1bf089227cd66549ead53b1df0d52b32ab99635c4856f9c9d119cccb91913
70,55,2,SO-P0055-R02,1,1,1,1,1,1,1,1,1,1,1a8bdb5ab6d3a59d518ce3f2265ab88501212bbc136c62723846ee535a3f5107
70,55,3,SO-P0055-R03,1,1,1,1,1,1,1,1,1,1,52666ede29328acea2dab23fafd62009388178128d5e302507d6c88e2a71c5b0
70,55,4,SO-P0055-R04,1,1,1,1,1,1,1,1,1,1,f68ed26a313ce13ac251b1f94f9dcf3024897e1ac93633365c64db251047ca85
70,55,5,SO-P0055-R05,1,1,1,1,1,1,1,1,1,1,1248a5773ca900d07c31111cf45de25f4a7807cb1292290a11250a20df455c28
71,56,1,SO-P0056-R01,1,1,1,1,1,1,1,1,1,1,0694c210b0553e008ac13ddd1b274daa82ecdd1c919c4128c769cb430b15665e
71,56,2,SO-P0056-R02,1,1,1,1,1,1,1,1,1,1,8bbd867a1ffb725ea62d90510368b8b1c8d0c079cbadb536480dae1ef270de55
71,56,3,SO-P0056-R03,1,1,1,1,1,1,1,1,1,1,fe791f4004b711b6131b1c5f1e3050cc78bf1201154600ce76a7f7d4b57a0048
71,56,4,SO-P0056-R04,1,1,1,1,1,1,1,1,1,1,7c410edf167ef7453bcd454d4b4abcf6c79926d6e12352c66f515f9215317ca5
71,56,5,SO-P0056-R05,1,1,1,1,1,1,1,1,1,1,c60a233222fa7b8ad2e60f4832334363213cc01017e9ef4947b77bb39d1daf23
72,57,1,SO-P0057-R01,1,1,1,1,1,1,1,1,1,1,bf183da7bbd00b033e190eefbc3d04ddb67e73290c528662e9a3355970c30938
72,57,2,SO-P0057-R02,1,1,1,1,1,1,1,1,1,1,d60b2ec71994eed99bf85572e8b36dc94e35f5a382a29e8a66c44bba93cd4e63
72,57,3,SO-P0057-R03,1,1,1,1,1,1,1,1,1,1,f1d7490df3249596e786da930f59f1db8aee64be15f3a4faef546518049c6758
72,57,4,SO-P0057-R04,1,1,1,1,1,1,1,1,1,1,decfc1d990b3f135248d2bc9b9772469d46d3bb0b8b34b95a85a88291bf82c2a
72,57,5,SO-P0057-R05,1,1,1,1,1,1,1,1,1,1,e0fe6083a71adc8218148b93c3e65a99725ef22b125bfa9a25f45b20d22da316
73,58,1,SO-P0058-R01,1,1,1,1,1,1,1,1,1,1,a6626a762ff19b7ed0ec42dad07978ede7d6c79edc534c8d9ca21cf29eeb66dc
73,58,2,SO-P0058-R02,1,1,1,1,1,1,1,1,1,1,47d7478538ce695c85dd97dd9cadf50329f31812b41919a9f9624ac2897bdc50
73,58,3,SO-P0058-R03,1,1,1,1,1,1,1,1,1,1,77db2624b5fe5d7235126b939ea6fa2b6a7fca699ad789676f42edf4a6bfa6ae
73,58,4,SO-P0058-R04,1,1,1,1,1,1,1,1,1,1,8f64829eac271c77695ac2c019cb6776529e7d0735ac95542bd4ce4f548a9cf8
73,58,5,SO-P0058-R05,1,1,1,1,1,1,1,1,1,1,1a41d5fa295b6d1d5133c3a6ff2f10fc35c0bcb00809b2492c9a13a7a88822b1
74,59,1,SO-P0059-R01,1,1,1,1,1,1,1,1,1,1,cccdf0ee56a8108e7d4c68c6e2069029bcfee2424ef084453b2abb51448c1bc0
74,59,2,SO-P0059-R02,1,1,1,1,1,1,1,1,1,1,a8286d068d1e9d82bdfc129938743f7e4f01dfe03cd0feb214745195f951837f
74,59,3,SO-P0059-R03,1,1,1,1,1,1,1,1,1,1,f4236098b0440427865ddb906a8fb6b2f0727d695fb998834c03b770267bfc88
74,59,4,SO-P0059-R04,1,1,1,1,1,1,1,1,1,1,7435d786364eba7fa2338098cafd4e516914b9a8157311d1718960b01b6ea0f7
74,59,5,SO-P0059-R05,1,1,1,1,1,1,1,1,1,1,a0a5bf0af5ae99df0696c5d276f7b054aba013e72a83cf13e8c9eacbbbdf5f44
75,60,1,SO-P0060-R01,1,1,1,1,1,1,1,1,1,1,89df5b19e2860aacaf5512586d3c371d0ebee9747c6565c32bedbb7d192004ac
75,60,2,SO-P0060-R02,1,1,1,1,1,1,1,1,1,1,cd8f31d41eaa88b78327f80997821329ddf254d0bcdb2301720d5d5d424c65db
75,60,3,SO-P0060-R03,1,1,1,1,1,1,1,1,1,1,8dc855f58015e223ba745cfdb3622b9d5e3e39ce3145caa75204309d77126edb
75,60,4,SO-P0060-R04,1,1,1,1,1,1,1,1,1,1,da0ddbd9114a783e0dddfd25062d1d6529c2d47171ce2bc67188565be1480ee4
75,60,5,SO-P0060-R05,1,1,1,1,1,1,1,1,1,1,b5466a7798e9a053e337a91d174bbca24aeeaac63e227e11710929c6ba89413f
76,61,1,SO-P0061-R01,1,1,1,1,1,1,1,1,1,1,9017506f577351f4c36935d44d911465291781425b1f4f273889dbb864ba2785
76,61,2,SO-P0061-R02,1,1,1,1,1,1,1,1,1,1,ce51cf5961f310645e61923c29b874c4566a25364c0e49ceedf8340f018460ce
76,61,3,SO-P0061-R03,1,1,1,1,1,1,1,1,1,1,46bf56c26c0469c853d56ae4249c0a57013d3db33fe2a9e6c756c7eb684b012e
76,61,4,SO-P0061-R04,1,1,1,1,1,1,1,1,1,1,67307318a5d433cc444c151c8be3dee324ef40c45bb656c5946ffd3413458c28
76,61,5,SO-P0061-R05,1,1,1,1,1,1,1,1,1,1,f2aed684fdabedceda4c57593a1f6af095aabe7b49c1b358df0809228a31334e
77,62,1,SO-P0062-R01,1,1,1,1,1,1,1,1,1,1,338cae5e0c5470e2c6324d65fec05d2d80029c8c333252418e5ac4edf1952b70
77,62,2,SO-P0062-R02,1,1,1,1,1,1,1,1,1,1,5be26cfe9eec468e4ae18d30ad36f4691e020c4848f970e32f5368aebd707ef2
77,62,3,SO-P0062-R03,1,1,1,1,1,1,1,1,1,1,c39961815cba692fc5df7a1c03551b91b2863b237f9f110e08aa5296e04b37fa
77,62,4,SO-P0062-R04,1,1,1,1,1,1,1,1,1,1,370883a7e7fdf24b21291f98d329621f16c74b17a44de4a2b6f9f9a27398d96f
77,62,5,SO-P0062-R05,1,1,1,1,1,1,1,1,1,1,9d040d10b0618eff9aac0c86ceb31c3737f1e81ddfbb83769d3e6bec7b1cd30b
78,63,1,SO-P0063-R01,1,1,1,1,1,1,1,1,1,1,a19b3de21a3849de900ba65d4e2dcb18e44c377ce6d80ea2eb323c27a376e5d8
78,63,2,SO-P0063-R02,1,1,1,1,1,1,1,1,1,1,d1f586a2902909fe191a0fa924875b43cdade7d6d005c58912e8d4d13b5743b0
78,63,3,SO-P0063-R03,1,1,1,1,1,1,1,1,1,1,299d208dd36a0694a9d2afccb48971bded3870c88f47d1ba0742df1d0c606bcd
78,63,4,SO-P0063-R04,1,1,1,1,1,1,1,1,1,1,93bbc6991e74330a0d260daf1df64cecbfc52aeea7a37916e98aea5f2303ae1c
78,63,5,SO-P0063-R05,1,1,1,1,1,1,1,1,1,1,554d8b7013c94f8115a1a100cf7393a865208cd0aaacc8c10c241edf065940aa
79,64,1,SO-P0064-R01,1,1,1,1,1,1,1,1,1,1,eb0af12bf0fa9308e0aeb084b27d7669cbb736b1058479dc5b44759b20af8779
79,64,2,SO-P0064-R02,1,1,1,1,1,1,1,1,1,1,569a682178c639d379196a5f526880923ae243d0063f7b08c01f51633a66582d
79,64,3,SO-P0064-R03,1,1,1,1,1,1,1,1,1,1,ed110faa96a49cac90d708364a5fee25f7735b309e581f2bb52e52569cfc4730
79,64,4,SO-P0064-R04,1,1,1,1,1,1,1,1,1,1,f9a4c4d4b668cd22de58c9fb63a5d2b827639275baafb57f30ff69761b8f4333
79,64,5,SO-P0064-R05,1,1,1,1,1,1,1,1,1,1,841153c77a411e278ac8e279cad60baa7e48375408c72cdce0f2573a69abeda0
80,65,1,SO-P0065-R01,1,1,1,1,1,1,1,1,1,1,0c25321e1edd14a8aabcabad116336dd97fbe639afeffcb6e3006e5b60f67dde
80,65,2,SO-P0065-R02,1,1,1,1,1,1,1,1,1,1,91c529f56675f770456d69784d234d1a8664ac84c24c87208c34dc6c2bfdedf5
80,65,3,SO-P0065-R03,1,1,1,1,1,1,1,1,1,1,a79d2f0edde71b127567a8f704a034145ba5c2963d0ee12e9ffc9e949a5e53ba
80,65,4,SO-P0065-R04,1,1,1,1,1,1,1,1,1,1,0c7b0dbeaff3dc1738b5a7f229f9c08dbad81716ec539bf70468a2d8dd7b0f10
80,65,5,SO-P0065-R05,1,1,1,1,1,1,1,1,1,1,be06bb90e6b57e5a9e340edd634682f419b10fb19acd51218e3aded02c333549
81,66,1,SO-P0066-R01,1,1,1,1,1,1,1,1,1,1,8ba1a41bfff4f8af30ad0dcf8744033b31e4f1e88959d562a87b77b46350559f
81,66,2,SO-P0066-R02,1,1,1,1,1,1,1,1,1,1,39b68de453082667e7a69d473d33f62125b431780f4b046c903c120c1bb180b2
81,66,3,SO-P0066-R03,1,1,1,1,1,1,1,1,1,1,757b01493d9b7e9dfafe60e37db04f30e2d7d22c72949a4367236b4d2d868a46
81,66,4,SO-P0066-R04,1,1,1,1,1,1,1,1,1,1,0288cdd6fcb1a12c7be7cca03d6f80fe9e581dd815e24f0851a265435d4fbd23
81,66,5,SO-P0066-R05,1,1,1,1,1,1,1,1,1,1,50e00ff415582a39c1a72d5645ec3de970ec0c6febbd813b6848e4ef61696fb5
82,67,1,SO-P0067-R01,1,1,1,1,1,1,1,1,1,1,a75c3968f9fcba05076dd215747bc0b08fad6d72b0785797e9a612d4f24d589d
82,67,2,SO-P0067-R02,1,1,1,1,1,1,1,1,1,1,0ebe1edb9b442fc9a7c734509517c71b4bc39c37b6b6f7cff26343ddcaba3ef6
82,67,3,SO-P0067-R03,1,1,1,1,1,1,1,1,1,1,267afc7edb1029667e4fb053816ad0aa978353efac4f85f026912cfa116577f7
82,67,4,SO-P0067-R04,1,1,1,1,1,1,1,1,1,1,16e2366600f8ceb2d77961dc0f166f13022d70f5abf00ee51a3abb5b6de290cd
82,67,5,SO-P0067-R05,1,1,1,1,1,1,1,1,1,1,ecebbf701f0568f3763fc13558b0dbedbf67a462acd0bf95ba743d28de2731c9
85,68,1,SO-P0068-R01,1,1,1,1,1,1,1,1,1,1,6a4a3ae383ed49918cf65bda9ec4ad5e139d94a993c3aadc1fcbf46fb6a1dde0
85,68,2,SO-P0068-R02,1,1,1,1,1,1,1,1,1,1,0967e36b8becfc2fcab3957e269e859fbf6d7547fbfcd4f7a92ce3d1de07a6d4
85,68,3,SO-P0068-R03,1,1,1,1,1,1,1,1,1,1,ba62cdf8f841646d0b7f9a3dac1618e0e23d9759d81fe24a1560873719eae06c
85,68,4,SO-P0068-R04,1,1,1,1,1,1,1,1,1,1,7c1657cb868aa4cf1a517b75e3ad04066a04814025a02a78136795c9a86c7555
85,68,5,SO-P0068-R05,1,1,1,1,1,1,1,1,1,1,df4fc62ba6d8b0ec3173f7f45cfd3d5c0c67867eee05361ae044a7997329df07
86,69,1,SO-P0069-R01,1,1,1,1,1,1,1,1,1,1,e491a5b9d4b33a7925fa7434062c42b4cb1ac507966d6aa784723cbd67e89888
86,69,2,SO-P0069-R02,1,1,1,1,1,1,1,1,1,1,6e6f7a6b4c06fe36fa18e0ad0315332aad6716b3690a85c15a837451278cb5df
86,69,3,SO-P0069-R03,1,1,1,1,1,1,1,1,1,1,48c18723d3dd084030fe2de83ed5270fca07c34ea6048c15b2279a9001cfd3be
86,69,4,SO-P0069-R04,1,1,1,1,1,1,1,1,1,1,a97a43c361bbf4eed61961f55393f42f268ace913961a104e73111264c996213
86,69,5,SO-P0069-R05,1,1,1,1,1,1,1,1,1,1,14cde6f4fa81ec51a20b9d120fb328226caf6c7e80d7595ead6c042e1bc08d84
87,70,1,SO-P0070-R01,1,1,1,1,1,1,1,1,1,1,f3cdad49edd1fcae30e1ca27896b0e33bc256d0e6f948e44ef44b3c443f1b0bf
87,70,2,SO-P0070-R02,1,1,1,1,1,1,1,1,1,1,5b8a1821f6fd536f36728f8d09de18e91e41c93650b6ab735d21505b7850cf08
87,70,3,SO-P0070-R03,1,1,1,1,1,1,1,1,1,1,e5752f62cb0755982efd99173ba6f4c352baf55f8ab076ad61d918c9ae22c4fe
87,70,4,SO-P0070-R04,1,1,1,1,1,1,1,1,1,1,678edeed029602905fe831426ebe486f89b8a8a59252584a3b9e3ec871cb5f33
87,70,5,SO-P0070-R05,1,1,1,1,1,1,1,1,1,1,e7731e9ba0df1b4a2eaf79177392851aebd9e7bf9a78850e19ab77dc250da4ec
88,71,1,SO-P0071-R01,1,1,1,1,1,1,1,1,1,1,373c47190c94fa6781a721fcf986cf2ae0ba975faf8c7778ef67bfc84b8753ec
88,71,2,SO-P0071-R02,1,1,1,1,1,1,1,1,1,1,3f378bc5814b012e2018e2c6f6d9746b7a9e2fb70fbb64f2183d27f86bf14eb1
88,71,3,SO-P0071-R03,1,1,1,1,1,1,1,1,1,1,7bceeddf90050c76cb4535114d6dca1e766597ba702ec7b5f2daba933701823c
88,71,4,SO-P0071-R04,1,1,1,1,1,1,1,1,1,1,dfcb46604022afa114bad240a1eaf91ff005c18cc25cb139a4d67ebf1dc9f217
88,71,5,SO-P0071-R05,1,1,1,1,1,1,1,1,1,1,945c98bf49af6b766ca5d24a3be0fb0c917e99262360ec7122e5698b7688449b
89,72,1,SO-P0072-R01,1,1,1,1,1,1,1,1,1,1,8480b267c7c1a18be10f68f0cddc8e3b03b4578c3842d77b81e330bb00224b29
89,72,2,SO-P0072-R02,1,1,1,1,1,1,1,1,1,1,c632878e0b731897af536fbeca1d6381cfd236c4e0b5c9986677533859e169d0
89,72,3,SO-P0072-R03,1,1,1,1,1,1,1,1,1,1,fbbd5c74835d9043bf070314e4e65e8f0fe058d8ced0392a2f4e9bea885778e7
89,72,4,SO-P0072-R04,1,1,1,1,1,1,1,1,1,1,800cf8093af446f2ebcf61460ea7f0ca20a5f70a8eabdd202c2387f9b1b6fdaa
89,72,5,SO-P0072-R05,1,1,1,1,1,1,1,1,1,1,15b2d3bd6db0d6e353408a81d6d44e610627aeb447891890b428b97e6f801a76
91,73,1,SO-P0073-R01,1,1,1,1,1,1,1,1,1,1,f5c293b457e24fca18b79ad2b0271bd72b8703c105cc7e70cb1ab3cc1839a0b2
91,73,2,SO-P0073-R02,1,1,1,1,1,1,1,1,1,1,9a4d6d963d9db73b34b8f527df82fcc044006d845bad1f1326aa3494c7f67ac9
91,73,3,SO-P0073-R03,1,1,1,1,1,1,1,1,1,1,6642d4fc7d8da7360001f73cd3b5f3e986bf0f5b00926db1094007f28546b227
91,73,4,SO-P0073-R04,1,1,1,1,1,1,1,1,1,1,7efe4908a4a70d0332a2963e013df9497511daa7eb8d88e4907277256add9354
91,73,5,SO-P0073-R05,1,1,1,1,1,1,1,1,1,1,579e10ed4988c0e00d37b310247347b6fe371d74ad74ce9a4a277662088bee7f
92,74,1,SO-P0074-R01,1,1,1,1,1,1,1,1,1,1,11b69e14f2abd9d613b7821ebd596209d83b988224c3093c698b90f9a5fadd7c
92,74,2,SO-P0074-R02,1,1,1,1,1,1,1,1,1,1,78fc1cabbe0aa8c69fb3c1c32259db425b4dcad1ea2f5a683a419658f8446134
92,74,3,SO-P0074-R03,1,1,1,1,1,1,1,1,1,1,3ef011392d556c7ffba671805b182dcd37f0b919ac63a5e5abb42a2c38edb099
92,74,4,SO-P0074-R04,1,1,1,1,1,1,1,1,1,1,23d7fff6931b9dbe522fb805cd1016ed527ee50c0dec43bdf356473836f18cae
92,74,5,SO-P0074-R05,1,1,1,1,1,1,1,1,1,1,d5e03ceb0a7a9ed950c1c7275ef6e9878019db40f57bdda8b70c4706cbdf7961
93,75,1,SO-P0075-R01,1,1,1,1,1,1,1,1,1,1,d3097d326bc9d555876d85fb88f5fa5198b76399ea48c2ab1fa85afe85a2449d
93,75,2,SO-P0075-R02,1,1,1,1,1,1,1,1,1,1,287d0a796afc0a9eb73af5cb5cad22d385355b7993130a28f9dbd9a4aae597ee
93,75,3,SO-P0075-R03,1,1,1,1,1,1,1,1,1,1,7c5e57a1adca42256be347b924455730330646f9a32924b09a34763a3129d53f
93,75,4,SO-P0075-R04,1,1,1,1,1,1,1,1,1,1,b789994cc50c55d10871359512658e60e2862116f44892b6e668cd49a54fd769
93,75,5,SO-P0075-R05,1,1,1,1,1,1,1,1,1,1,937054de967af40616d53ee3b26ce1cb8d3c4ea67a026dc36d54c07d666454e5
96,76,1,SO-P0076-R01,1,1,1,1,1,1,1,1,1,1,babf9058af64dfaaf5aaba8c3e94a6f417d5f5219e8817734436f2729da0ac9a
96,76,2,SO-P0076-R02,1,1,1,1,1,1,1,1,1,1,32010a2c84041372d5536c9315271e1b902d8c45c088154dd383a177ce724ded
96,76,3,SO-P0076-R03,1,1,1,1,1,1,1,1,1,1,a81e8519fc857027e623ba44b49daae186c7e787cbeeef89d059577c1fa62e22
96,76,4,SO-P0076-R04,1,1,1,1,1,1,1,1,1,1,1557736d327adbca2e4dffc1e768f4bbf692eee310f53f14f5b564bcf958f7be
96,76,5,SO-P0076-R05,1,1,1,1,1,1,1,1,1,1,b3f3e5ed176fce2315f099a03cfecf4e9275ff277ce6075545ef0852db32da08
97,77,1,SO-P0077-R01,1,1,1,1,1,1,1,1,1,1,5fa55d7a77289cd6773562a40c3be49a92853e659d7d0fb3a960cf9b8ee548b1
97,77,2,SO-P0077-R02,1,1,1,1,1,1,1,1,1,1,3309b9db714a8e6eed8fcdd3254c7e6e3f5c5993a364bdd6e11a86a9f87ac4f5
97,77,3,SO-P0077-R03,1,1,1,1,1,1,1,1,1,1,3d11a3a53d69cc1086853b29d1023f8faeb3750413200a4e9f5e6db461334ac6
97,77,4,SO-P0077-R04,1,1,1,1,1,1,1,1,1,1,9f51f6b3766a48306fd9d6a75fc990ce98564725d224bf1b0d47f2e56443fe44
97,77,5,SO-P0077-R05,1,1,1,1,1,1,1,1,1,1,6dc29bdbc39ede300a1c314e7f660558d5ebddd9f5329c003abd38525b9d1aba
98,78,1,SO-P0078-R01,1,1,1,1,1,1,1,1,1,1,a1ce6a72fadcb27ba9c087ae1b2e019b903ec9db1ef6e209177eb752b8fc5cde
98,78,2,SO-P0078-R02,1,1,1,1,1,1,1,1,1,1,c7ece12dd5f8dd6407f3da0f05a93e1bc9e9c7626aa8de611a46b7090b58415c
98,78,3,SO-P0078-R03,1,1,1,1,1,1,1,1,1,1,2ce3560c8def16fd74835bbad2447001bddb84dc148751da9ec09d8a1b87ef33
98,78,4,SO-P0078-R04,1,1,1,1,1,1,1,1,1,1,3915a8908f5c659bf619387279e7d60dfa20b3400cc7a30b050f55cb0aec56f4
98,78,5,SO-P0078-R05,1,1,1,1,1,1,1,1,1,1,ce3fbf4740fb4288dc26f06d27d3f2e99054b146a55132eacab63809b1ab512e
99,79,1,SO-P0079-R01,1,1,1,1,1,1,1,1,1,1,4e90dee6d01b5a81651ca18a1dcefb84902ba77cca17f8acac60b1500cce485c
99,79,2,SO-P0079-R02,1,1,1,1,1,1,1,1,1,1,c86ede723e79e3b96c9845f84d7800699c6a850e882efe07c58d54b798b729cc
99,79,3,SO-P0079-R03,1,1,1,1,1,1,1,1,1,1,8d3ff00fd0311c0ff70d219b497cab19e4ba460d78eddca8c09fb85091a20776
99,79,4,SO-P0079-R04,1,1,1,1,1,1,1,1,1,1,e05d3baca4451ccb0a252a6b2f2ea7d7029635118fd452e496ec67f0fd3c712c
99,79,5,SO-P0079-R05,1,1,1,1,1,1,1,1,1,1,da213f9fa88a09e026b5b7f7c1af1ec1db3d01831ba1922d47058a9d51b5d847
100,80,1,SO-P0080-R01,1,1,1,1,1,1,1,1,1,1,3e4137e476ec03917638dd3ab564ccb1ad39133d5dc8cb43bfee5740bddaaf52
100,80,2,SO-P0080-R02,1,1,1,1,1,1,1,1,1,1,51c239ece74935bf398f4c56cdac05cda55743f05d69b271e537f9e14633081d
100,80,3,SO-P0080-R03,1,1,1,1,1,1,1,1,1,1,8c91c2dbb39084484ec4f4ff670aa181ad29180b31289bb26dc91946567cadf6
100,80,4,SO-P0080-R04,1,1,1,1,1,1,1,1,1,1,015347ccc6ed4da764f6340549c1b56be6a6ff2203a60fd5547129ccf7dde38b
100,80,5,SO-P0080-R05,1,1,1,1,1,1,1,1,1,1,1551292fc5e4bad18f08a499ec88d1512a7fe68da8a69359b04be795ccef0558
101,81,1,SO-P0081-R01,1,1,1,1,1,1,1,1,1,1,b71649f00cdfda0f503dafa1c49ba2142ba608cc94f12593c9d5e539d173f79e
101,81,2,SO-P0081-R02,1,1,1,1,1,1,1,1,1,1,e0a626ad92f53c17aa40204e599f24b6277982e607e04bd6ece6422c5c07f868
101,81,3,SO-P0081-R03,1,1,1,1,1,1,1,1,1,1,d1c619a83b2ce7f8e6511203846a5abdea8007312ef3fa0b650fd2d446e612e1
101,81,4,SO-P0081-R04,1,1,1,1,1,1,1,1,1,1,3c4aee2fb5761d1c882daccdbed6cb26180c781c922e4fa4b1ce2a5df98a455c
101,81,5,SO-P0081-R05,1,1,1,1,1,1,1,1,1,1,cc47ac17de3e5831748c12f8ea8fa33e75f64b2f5ce2cddf5171e513d1db44df
102,82,1,SO-P0082-R01,1,1,1,1,1,1,1,1,1,1,8af9fd6e901f5178c6375663921041d076ceded7b9cbf9fd0b21e7078443c1a1
102,82,2,SO-P0082-R02,1,1,1,1,1,1,1,1,1,1,508cf220733a5e37e01790b1c82affda034b4b7884765c9033dddf4209a9cafd
102,82,3,SO-P0082-R03,1,1,1,1,1,1,1,1,1,1,53862e4a4fc91e66ed90d082b7d5bc6b66c858fe3b186d070afb85b80fb21c2f
102,82,4,SO-P0082-R04,1,1,1,1,1,1,1,1,1,1,c0aa6180bd9d5c4146852557c2a474457fbeb691921953136f8ebad897e19afa
102,82,5,SO-P0082-R05,1,1,1,1,1,1,1,1,1,1,6ca6cfacc52880ce896e56118a04e40ce81a94ab0f81d929623bbe7cd6c9e11d
103,83,1,SO-P0083-R01,1,1,1,1,1,1,1,1,1,1,b11e2407e725151ae4cbe53e4b362de16aa20f7e2da382ffc41044f9685febbf
103,83,2,SO-P0083-R02,1,1,1,1,1,1,1,1,1,1,025c17cb89e1f5dcd2071610c10d3410229fc973aa76667d6df460c1f708f417
103,83,3,SO-P0083-R03,1,1,1,1,1,1,1,1,1,1,cdc3403400523f1fc9c7d35fb4cc184bff68fb55aabe43849223ac1505c71c91
103,83,4,SO-P0083-R04,1,1,1,1,1,1,1,1,1,1,6d3ca5fc1db042c2474ee8d98b7be10ea7fc1ee48e80b878454eecb39a4a4472
103,83,5,SO-P0083-R05,1,1,1,1,1,1,1,1,1,1,a752c5011bc93ac55259f3c48b332feb36a40275e3edae98ce2c6d346f33a8fb
106,84,1,SO-P0084-R01,1,1,1,1,1,1,1,1,1,1,8825db73266b5602eb8cfe57b75be380b696e9d35c9b85ced734b8252a27a6ec
106,84,2,SO-P0084-R02,1,1,1,1,1,1,1,1,1,1,c8dc77520c60ad02c06de8498c4c6fdf70f6969d8af0c6625e23415c912bb786
106,84,3,SO-P0084-R03,1,1,1,1,1,1,1,1,1,1,ec8445f78b5116860d83aaccb137bdfa81b13b7f3dd9a48379484807de6a9c8d
106,84,4,SO-P0084-R04,1,1,1,1,1,1,1,1,1,1,91baf31cc3139690dcd0a6d384b63fd544eeac0f068e0af018983429e759240a
106,84,5,SO-P0084-R05,1,1,1,1,1,1,1,1,1,1,20312aea23a42dc16df264a871f772238322d3feaebf77e8b84288b89355373a
111,85,1,SO-P0085-R01,1,1,1,1,1,1,1,1,1,1,f8954458024f3495f5d5e725de3847bd0d21bed4434d25195cb63e29a5221626
111,85,2,SO-P0085-R02,1,1,1,1,1,1,1,1,1,1,2ab93a06d4251cfe765bc36107720c846f636600dee2aadb0b29f21b3cd3e5fe
111,85,3,SO-P0085-R03,1,1,1,1,1,1,1,1,1,1,213d667be32d1fcc6f7797a1e431a2f4a72abdbc4b38f4f1e39ed256d072c166
111,85,4,SO-P0085-R04,1,1,1,1,1,1,1,1,1,1,359e95fefc4de5e0e13fd71f1e05ef5771787ee0fd6f8862c322a7d212b57c40
111,85,5,SO-P0085-R05,1,1,1,1,1,1,1,1,1,1,77c8acfc80a509899308fe943c35382754a6fbab438320c6749655936b348b31
112,86,1,SO-P0086-R01,1,1,1,1,1,1,1,1,1,1,d4f8bd4871aa8cd1b263f026369b75b8d0806858823ee3d05cafb507a94e7b94
112,86,2,SO-P0086-R02,1,1,1,1,1,1,1,1,1,1,7c6e80c1e1b4ce9129aac076019380c69a5f12fbd714317f9ad7363228a8b15b
112,86,3,SO-P0086-R03,1,1,1,1,1,1,1,1,1,1,b11e18944a53385a6f63a621206f0e7d29c320324e54182cb8f9e612a30c03f4
112,86,4,SO-P0086-R04,1,1,1,1,1,1,1,1,1,1,952262eaba182cc27aace5d8cac30c8850f1b10adbbe01ed9671b08c3f683763
112,86,5,SO-P0086-R05,1,1,1,1,1,1,1,1,1,1,1ee366e68e7405a10414952c9ec4b94ce0319aea8d8d2ec36182bbbd8f170846
113,87,1,SO-P0087-R01,1,1,1,1,1,1,1,1,1,1,56ccad60e3b5a61fa7b1fce4f08b79308caf60c24c8633e5d706aef287e0a29e
113,87,2,SO-P0087-R02,1,1,1,1,1,1,1,1,1,1,17697cd4dbe04d04386308b023ed639013bd17b3845240c69a22c52eae8453f5
113,87,3,SO-P0087-R03,1,1,1,1,1,1,1,1,1,1,1d0466ba3b6f77ec0d5c46b6bf3c00ef65fb196204cedce102bcd785da0a2334
113,87,4,SO-P0087-R04,1,1,1,1,1,1,1,1,1,1,97c2e8889202228bd5924f63053a0f763b9ef116c760865182bad5ee9cd57b76
113,87,5,SO-P0087-R05,1,1,1,1,1,1,1,1,1,1,e848de3c8dfb35410683aca3c12ad1f42d6e52e09f0f25e34216288b899213c0
114,88,1,SO-P0088-R01,1,1,1,1,1,1,1,1,1,1,47709d59353c195e1c00c09fcb24fcdc3e2afe03d616b66bd5ed3817cd8dbdd7
114,88,2,SO-P0088-R02,1,1,1,1,1,1,1,1,1,1,cf4f5f848b56af6e403d1254fe268ad5c1093df9f631ec763a5270a0639e5d3b
114,88,3,SO-P0088-R03,1,1,1,1,1,1,1,1,1,1,42056415764b1081e3ca0081164ec352c54c5fe2ca73039ecd4a73f37a78bc01
114,88,4,SO-P0088-R04,1,1,1,1,1,1,1,1,1,1,8ea1abf076ba63b67bd4efdc9a5bf821c7fdfb283125a6a188e5c3fda7dc75e6
114,88,5,SO-P0088-R05,1,1,1,1,1,1,1,1,1,1,29874045b79c1a4f68f55880138825850acd34543787bc086df2c03bf910890a
115,89,1,SO-P0089-R01,1,1,1,1,1,1,1,1,1,1,093029f3e69f5eaf8181a38921b764c13a3a1e1949f8badb53e6055f57ea650e
115,89,2,SO-P0089-R02,1,1,1,1,1,1,1,1,1,1,ef143eecd9e47528e7eea076f947936405931c8b1b6a76ad914946f702d75741
115,89,3,SO-P0089-R03,1,1,1,1,1,1,1,1,1,1,9887b708b4db0b7f66312d03d6c84c33e2746d8af6a510920e05e3f158f6a258
115,89,4,SO-P0089-R04,1,1,1,1,1,1,1,1,1,1,ab0f9966f3a2e2331d3799284b7331d71cbf2e4ae7ac093423f1c1be20cd40e6
115,89,5,SO-P0089-R05,1,1,1,1,1,1,1,1,1,1,8a9507aa8164b5e03ffd602a3661bc47b75df2e5a1c2baaa3e84b1743094afef
116,90,1,SO-P0090-R01,1,1,1,1,1,1,1,1,1,1,77667a256b23252500123e10c27807fa65c329b74895769aef110a6e396848f6
116,90,2,SO-P0090-R02,1,1,1,1,1,1,1,1,1,1,ef7e13b365c9dddf55934d1eb569d8d241d1a8fd9c356b24ffa4ea3ec4815424
116,90,3,SO-P0090-R03,1,1,1,1,1,1,1,1,1,1,42af00117aea59e2919fe75dec28a6448021397ccc4e501b2f37fb0e7cbec067
116,90,4,SO-P0090-R04,1,1,1,1,1,1,1,1,1,1,198e075d1eb05a38ce117445f28c5ea880df15d3267e01b7ab99304f75649405
116,90,5,SO-P0090-R05,1,1,1,1,1,1,1,1,1,1,c9ff1927d2b1ef4ad1f4baf3eb4588399ccb140628d9ebc8ec6b0dbc2029e80b
117,91,1,SO-P0091-R01,1,1,1,1,1,1,1,1,1,1,15b37f1e22c9861008f2208e8cdeb615aefea0bbdee609ee81491c9c125e5337
117,91,2,SO-P0091-R02,1,1,1,1,1,1,1,1,1,1,8f2bef14c21ebf2ccef4005c778dd0ba8fa3f2539100a59f3e07fc12a9b6c81a
117,91,3,SO-P0091-R03,1,1,1,1,1,1,1,1,1,1,82423613895df483d14cb079d62608cf4c8192907a22eab3a1c1cd31c5f3f8ad
117,91,4,SO-P0091-R04,1,1,1,1,1,1,1,1,1,1,0819bd8f1d6868475a864d4f983c312c2b72d79e7a2ac79e75e741a072939792
117,91,5,SO-P0091-R05,1,1,1,1,1,1,1,1,1,1,1b72fe18c1ffa6fa72444904020a8edb09130f75c58d7f479214cd09417d2bd1
118,92,1,SO-P0092-R01,1,1,1,1,1,1,1,1,1,1,abfb8534d8d55415ccf875b6541f4353ac65a8f27fd7aa80d911dbe251a9ee8d
118,92,2,SO-P0092-R02,1,1,1,1,1,1,1,1,1,1,4b912bca4e826740a30f8dbd1f78041683a1521b6342fc47e51647d2822e6d93
118,92,3,SO-P0092-R03,1,1,1,1,1,1,1,1,1,1,1c129349ba469fd13b8384ea2104f46694aea0fb1076c1ad5baf8f36327a15b9
118,92,4,SO-P0092-R04,1,1,1,1,1,1,1,1,1,1,330aa5f5e70ece929d968e7172934d78a6604ab80a07e4598ef6b56bec7c099b
118,92,5,SO-P0092-R05,1,1,1,1,1,1,1,1,1,1,d51d320247a81048a4d43b4c58a5128ef16e1907ab78373e0bc0c099d1dadd1b
119,93,1,SO-P0093-R01,1,1,1,1,1,1,1,1,1,1,e677b55312438d88c9a34fabd34f114f8a7d5d410d4b22d2d5f6fe651e33bd5f
119,93,2,SO-P0093-R02,1,1,1,1,1,1,1,1,1,1,5f888d101ec2857251656614d1fa4733fa434b97b319904885569932359c9dbe
119,93,3,SO-P0093-R03,1,1,1,1,1,1,1,1,1,1,1fa85412124b541e41be7e99c44cac487c24688b602bf5a04f82d6d7b3cd76f1
119,93,4,SO-P0093-R04,1,1,1,1,1,1,1,1,1,1,493da3d5ebb8824755b67830fdac2f549854ca9179346ba51f170501f6574c44
119,93,5,SO-P0093-R05,1,1,1,1,1,1,1,1,1,1,2287f9280db69d52cef6c05e7c0010b8f0a01833541d7f8ad033a3cc8bfcbb4d
120,94,1,SO-P0094-R01,1,1,1,1,1,1,1,1,1,1,4579158c083720096a15199961e6d5daaa44733f07021b220864ee104aab7040
120,94,2,SO-P0094-R02,1,1,1,1,1,1,1,1,1,1,86c7bb148eb57b9689a1616b687676181b3e106b64bf7b7998e08955b8a6a9b6
120,94,3,SO-P0094-R03,1,1,1,1,1,1,1,1,1,1,a2aa6492b9ebd86a4e1f93f6f484fc1270263badc3e090a974673988b1d18b81
120,94,4,SO-P0094-R04,1,1,1,1,1,1,1,1,1,1,58d64c37b04b4150ab781e145d8e0c8306693424f899b691a43deee4ecada19b
120,94,5,SO-P0094-R05,1,1,1,1,1,1,1,1,1,1,e2fbd770fca6354691384f0913c51a068842e55826a70394b58cec3a8e2dfca0
121,95,1,SO-P0095-R01,1,1,1,1,1,1,1,1,1,1,ac4916270d7f768ed4dc3bfe18886395493741586beafefc2ffd4b45ff529f41
121,95,2,SO-P0095-R02,1,1,1,1,1,1,1,1,1,1,62dd6cb824f7eebabf1e9e22fb08933483a974991ca63b8a22f21d7e4e2d7825
121,95,3,SO-P0095-R03,1,1,1,1,1,1,1,1,1,1,5e313245629bf25a9a980097774b417f434e64b34f65edc70ca565339bde7b06
121,95,4,SO-P0095-R04,1,1,1,1,1,1,1,1,1,1,6cb0ad73b0e5df9a4ce885a6e62705cc1a5faa52bf4ab890fb726ecae623ec6b
121,95,5,SO-P0095-R05,1,1,1,1,1,1,1,1,1,1,49bcf726bcfc8f686854cb815402579872d89eb2054628f63a7a9fefbc60ef2a
122,96,1,SO-P0096-R01,1,1,1,1,1,1,1,1,1,1,1f59fd6c72ada362f8dcfad761d65c27642541ec8490c4d914bb9e2ec0450a45
122,96,2,SO-P0096-R02,1,1,1,1,1,1,1,1,1,1,f57b4a37ffa492b8c9a8c440eb4bb259b9e81edd953038a3323aaa0cb80fa18c
122,96,3,SO-P0096-R03,1,1,1,1,1,1,1,1,1,1,875301e2b5c84d331ec723ce79390b797b57ddfa41c35e9c3d7028392aebf8c0
122,96,4,SO-P0096-R04,1,1,1,1,1,1,1,1,1,1,8e2e5c0d8e580e9ba2b10ed951e8405361eef4a39c91e1b897a7588c98c82405
122,96,5,SO-P0096-R05,1,1,1,1,1,1,1,1,1,1,afaf8588267c64c6444871d054e44e48c8be5ff37267a8cbabd24421b72c24cc
123,97,1,SO-P0097-R01,1,1,1,1,1,1,1,1,1,1,975fb82e9be2ca9c61f1d66867ec539340bc2ef83aff19029ff2d48ab3b4f7a5
123,97,2,SO-P0097-R02,1,1,1,1,1,1,1,1,1,1,e2169a5678cf8d7cdc7b10c076553f81d08c3b1730823f8207d2cba20271eda8
123,97,3,SO-P0097-R03,1,1,1,1,1,1,1,1,1,1,61a0d16007292560fec411ae6b6f4430afd47fa085d916b68c7fdbcb7b4601b9
123,97,4,SO-P0097-R04,1,1,1,1,1,1,1,1,1,1,a58dab094fd330783139426b810888bc18fa3bbe813bbd999f67919906f1af94
123,97,5,SO-P0097-R05,1,1,1,1,1,1,1,1,1,1,0f128c464103398afda62f75adac7a29c86c47a78b541faa9103447aa9a97c10
124,98,1,SO-P0098-R01,1,1,1,1,1,1,1,1,1,1,1c8670bbafc7626e4222e6c8f32a09b151df51cbaa4970a815d3d7386c419183
124,98,2,SO-P0098-R02,1,1,1,1,1,1,1,1,1,1,74ee225b9d15ba255119767bf33d90fbb246507fc61361eaf90ce8f768859ffd
124,98,3,SO-P0098-R03,1,1,1,1,1,1,1,1,1,1,3585e90ce63e4ccec330f73e6173128c75a57f5a607bf2ee23fe986c69e0f62e
124,98,4,SO-P0098-R04,1,1,1,1,1,1,1,1,1,1,4586037226e8cc373162a36f97a793e863e44e43f0078c77ab9ffbfed76d893c
124,98,5,SO-P0098-R05,1,1,1,1,1,1,1,1,1,1,468e5ea1f90570bc016a4cf41de948fbe471e765305cfb8f484fe8480d37bd74
125,99,1,SO-P0099-R01,1,1,1,1,1,1,1,1,1,1,677406e8fdf2bc81ed73147d54d642f28876c30425fae3e03f372ce02f220ccd
125,99,2,SO-P0099-R02,1,1,1,1,1,1,1,1,1,1,235bf7e6e6913388044b0ad46fe0dec61c6c00abb4f706a35d10d71541e0820c
125,99,3,SO-P0099-R03,1,1,1,1,1,1,1,1,1,1,b80b9ca6080ed7f1ac2aef6a6f7f9f48b2c300fa85a71efc133e797b07c88763
125,99,4,SO-P0099-R04,1,1,1,1,1,1,1,1,1,1,a508a2406c754ca93c1b3829cddbc72211b6114580d9579aaa2ce0a221301eb6
125,99,5,SO-P0099-R05,1,1,1,1,1,1,1,1,1,1,d86a797d2bd4f85a8a7ccd643a4d836b34833083f52c4edcb72cd1c38822e594
126,100,1,SO-P0100-R01,1,1,1,1,1,1,1,1,1,1,9d0990231279c969081f0a610d232dd98f8ed9250c65e0fc80dd1e9e687abf4e
126,100,2,SO-P0100-R02,1,1,1,1,1,1,1,1,1,1,cb0971587058052148b723379a0c35bb413985d79899100b15371b4f88c75e60
126,100,3,SO-P0100-R03,1,1,1,1,1,1,1,1,1,1,fd67ef983d7cc9b42e2ceb88f20c30a1d0b966be47d7a063d8a9a95c5c6fad33
126,100,4,SO-P0100-R04,1,1,1,1,1,1,1,1,1,1,d7648e1596b7cb63a81a61ef5aeb2eb1d1948c127457ba6f99b79d7e0283814c
126,100,5,SO-P0100-R05,1,1,1,1,1,1,1,1,1,1,5cc0978554d9b043352d0bad00a0221c71fa99243d3265f51d99640f24fa2dee
127,101,1,SO-P0101-R01,1,1,1,1,1,1,1,1,1,1,097b15c47fd8618ae994a0046e84f0de648974070b0f02ab69dd17aa5db6f697
127,101,2,SO-P0101-R02,1,1,1,1,1,1,1,1,1,1,6bc9430aae34662eb857bb5a3008b8096f12fde3e688e2639412ba3d9b588de6
127,101,3,SO-P0101-R03,1,1,1,1,1,1,1,1,1,1,4abf526d46be933fe5a43f5890bf4d58b96514c73ceb6cbd2158eb828123db9c
127,101,4,SO-P0101-R04,1,1,1,1,1,1,1,1,1,1,df1a054779580710e7436e148f9dba1dca4f9fc5c43b93f4fc899b02a73ac48e
127,101,5,SO-P0101-R05,1,1,1,1,1,1,1,1,1,1,a983d8015d1f339c15ee79fd2cbe89fc691c29fa81db229d13c764761cb33c7b
128,102,1,SO-P0102-R01,1,1,1,1,1,1,1,1,1,1,aad2b6af276ff0690821751ffd91cd3c59efd18527e01ec97b78aabc2cf00481
128,102,2,SO-P0102-R02,1,1,1,1,1,1,1,1,1,1,b5f62ffda3167aaa64a426489f626e75eabdc30a97c6cc6a1c593809a2196364
128,102,3,SO-P0102-R03,1,1,1,1,1,1,1,1,1,1,c51d7be99f35800ee88e29b9a49a282422a58c74e9a860a4fc8e8007dc887ad1
128,102,4,SO-P0102-R04,1,1,1,1,1,1,1,1,1,1,1e8a07ef95badec631ea07b397bd80ffaf6bf9ba0b2cab1d9ba87322641826fd
128,102,5,SO-P0102-R05,1,1,1,1,1,1,1,1,1,1,cd168a1548eb9bf83041e43457c84fb43fbd5768011cd1da84737dfd4e00a745
129,103,1,SO-P0103-R01,1,1,1,1,1,1,1,1,1,1,d04082724336ccc419d2d1ade2e58b7040ea326e0b3b9fa05cdce14c2375266f
129,103,2,SO-P0103-R02,1,1,1,1,1,1,1,1,1,1,0f785caef2a8016feb88e29c94f24228a47501d8b58b0959b65d74190218f423
129,103,3,SO-P0103-R03,1,1,1,1,1,1,1,1,1,1,96005fd3ca5ae115f439726552cf44257eca53929c4f7fe0fe9dd811c3d4ddd1
129,103,4,SO-P0103-R04,1,1,1,1,1,1,1,1,1,1,fa50a55d4073ecf6f58070187f7a3a25fd2229a30a33b806bc72e2cd58578fdf
129,103,5,SO-P0103-R05,1,1,1,1,1,1,1,1,1,1,1b59d386581dabae5c1cc9889ccddea778c4eb6439d28528ff9f243e16942d09
130,104,1,SO-P0104-R01,1,1,1,1,1,1,1,1,1,1,365ad52a4b9eb62a5af3fa32df6e144a44d39d4b3f11bb2664b430fb905d6d12
130,104,2,SO-P0104-R02,1,1,1,1,1,1,1,1,1,1,5e7fb9254fde7cdd15e9151d73c2dcaf6e16c076434b242007efbc1c6ce1ed5f
130,104,3,SO-P0104-R03,1,1,1,1,1,1,1,1,1,1,7f452c362c3d8d5ae0f929e4df168ab9e562cbcb248b0c8a18bd58c6091a9eb5
130,104,4,SO-P0104-R04,1,1,1,1,1,1,1,1,1,1,73ba50e640c560cd4f07bea7e53131e9e5633d873e5882b6b177ae908e592a4b
130,104,5,SO-P0104-R05,1,1,1,1,1,1,1,1,1,1,53c89fd2e54495216f94d50422b18be3552e415b4b90a351772e78d3c49726a5
131,105,1,SO-P0105-R01,1,1,1,1,1,1,1,1,1,1,1c5cd4ffee70a08043c04fb0fe4323f182c0e3c8b80a8b19a918d5de7cb43ac6
131,105,2,SO-P0105-R02,1,1,1,1,1,1,1,1,1,1,2c7fd1f8f109bc67053e69e32680b3052d34937c6ed24b321c76646693b4e20b
131,105,3,SO-P0105-R03,1,1,1,1,1,1,1,1,1,1,26544df0cb8aa727bfb6ba9c044870913d53c0d3ffcc02480923e830d61211a3
131,105,4,SO-P0105-R04,1,1,1,1,1,1,1,1,1,1,f5c7d7cfe21ab7e85b27f2c2b0c18459b07df7fa88395dd02ee65d9ca284d130
131,105,5,SO-P0105-R05,1,1,1,1,1,1,1,1,1,1,dfde9474c69959855049ef2705787be313de358b9ed9654755bfab327347b7c5
132,106,1,SO-P0106-R01,1,1,1,1,1,1,1,1,1,1,798756a13bd3faef7fc6d519f4f67249881bccde165096385a08590d0ffa5df9
132,106,2,SO-P0106-R02,1,1,1,1,1,1,1,1,1,1,c5bff76297f454a705b88b6cebf16be9fda34c9741eb90374a289319d06ed973
132,106,3,SO-P0106-R03,1,1,1,1,1,1,1,1,1,1,091adfab2d982f4323136ce41f13360847701e28e4088cd76b4684b23005442d
132,106,4,SO-P0106-R04,1,1,1,1,1,1,1,1,1,1,b2c2294367e2d00c98951129c0c35105698336b071dce1053395923ddbbf7bc4
132,106,5,SO-P0106-R05,1,1,1,1,1,1,1,1,1,1,57dcaf872878fb23693097b8b359ecffb8ba67921e8e205972f5581997a19c50
133,107,1,SO-P0107-R01,1,1,1,1,1,1,1,1,1,1,43895abd50e44d3b3eb832b28e69971afd825693a253d2ad81c486062d0f3c36
133,107,2,SO-P0107-R02,1,1,1,1,1,1,1,1,1,1,193dfd4c36be8438f44410e4491f453231411631007fe4ba2dcf39b5028878d1
133,107,3,SO-P0107-R03,1,1,1,1,1,1,1,1,1,1,66293ef6f7f5506125c1022e6e2fb5af2c9d482fcdb854436f131b8cf30224a8
133,107,4,SO-P0107-R04,1,1,1,1,1,1,1,1,1,1,1195a12c2ad12d591e4f0846a4ddf461b8742a98337c83743756545d9cb1766d
133,107,5,SO-P0107-R05,1,1,1,1,1,1,1,1,1,1,af9ea93a07542612b5e690a5bd1b36d0d833186c48b81ea2eb90af33d4148bb7
134,108,1,SO-P0108-R01,1,1,1,1,1,1,1,1,1,1,95917d2ae652cdc8daa4434f3a3f6a3ad294840a7fc13622016f70b204faee9b
134,108,2,SO-P0108-R02,1,1,1,1,1,1,1,1,1,1,7f9914c0da66df051819b028a1a4eb50bcd20359ffb66a6f606bb5e73ba36ed4
134,108,3,SO-P0108-R03,1,1,1,1,1,1,1,1,1,1,ab953a11be255a3f33caa0ba01d7b3d2d4148812beecd64444e579018257a2fa
134,108,4,SO-P0108-R04,1,1,1,1,1,1,1,1,1,1,df355a62f6111da007bb643ced19d8176c9e934100be882b1536edf6971ed502
134,108,5,SO-P0108-R05,1,1,1,1,1,1,1,1,1,1,3e12cd5e23d187d361faed75b6f9d15f6ec0498f296d789d2565a2f6592891aa
136,109,1,SO-P0109-R01,1,1,1,1,1,1,1,1,1,1,2ca4655fd9e4669883ebb24828703400c892840caa4a0e65ad8ce4466a6105cc
136,109,2,SO-P0109-R02,1,1,1,1,1,1,1,1,1,1,b50d8f776c0abb2b7556c574ceab25238ecab1790b2b8ba8791a744a77e9ee80
136,109,3,SO-P0109-R03,1,1,1,1,1,1,1,1,1,1,3c3ceda1a5e41cb046a693fa623b63e764032b706ba0f97fb27c3f8372bf4c4d
136,109,4,SO-P0109-R04,1,1,1,1,1,1,1,1,1,1,77c44d3ff79c196656652dfff8e2409e6225d92eed0f96e338daefef768fa6ad
136,109,5,SO-P0109-R05,1,1,1,1,1,1,1,1,1,1,35e74f91552e680f8048615db2cf2e41117a14f35df8748ae0c6329998157c5d
137,110,1,SO-P0110-R01,1,1,1,1,1,1,1,1,1,1,c5eebb9b7a9775226f41a6bb6d82dd5d48fcaeb48f3ebc6e9128d8a4dd107ce0
137,110,2,SO-P0110-R02,1,1,1,1,1,1,1,1,1,1,8ede258dea5b8e3fdec55d58793d16e0f07f7d07824d5c42e7c5591b51bbe277
137,110,3,SO-P0110-R03,1,1,1,1,1,1,1,1,1,1,45bbfce6515761e1c6b83f3fd774065675286fe71b6907271a448ead4458bc6c
137,110,4,SO-P0110-R04,1,1,1,1,1,1,1,1,1,1,3dc47c9fcb141db95a0c85dacd16af2d1353241c46e709434917f14bf334b99a
137,110,5,SO-P0110-R05,1,1,1,1,1,1,1,1,1,1,bedb1144d04e6deff7f39a9941ef77621c1409826faf51c0c009c96edfcc55a9
138,111,1,SO-P0111-R01,1,1,1,1,1,1,1,1,1,1,ee7998f6ce77cdb41aeb1742c95dcec5b289e14a50491d9f8cf7036d8e8b2b8f
138,111,2,SO-P0111-R02,1,1,1,1,1,1,1,1,1,1,e0ab8fd0059e27b28bb54db424936d2e7f8e205108dc927c5ec9f5f5aa75ce28
138,111,3,SO-P0111-R03,1,1,1,1,1,1,1,1,1,1,1230e84007fd2a42b59923fe8b7cab8d1cef2e06c77deca711005373be8e217c
138,111,4,SO-P0111-R04,1,1,1,1,1,1,1,1,1,1,e0d199cfbbc35e0e1701a7e665ed586201604b074f2d15b83e36e756743a1ac0
138,111,5,SO-P0111-R05,1,1,1,1,1,1,1,1,1,1,5ebe6cdf32d82cb7aebe05900efa7f6f8855059300b303e4a9e5fbffa2dacf6b
139,112,1,SO-P0112-R01,1,1,1,1,1,1,1,1,1,1,9a73943101e8084e65551165b9bcec17531eebce70221aed2b51e67b8b116df2
139,112,2,SO-P0112-R02,1,1,1,1,1,1,1,1,1,1,78be401b8f293872a4b3e4ccff23c21afc95099a02ee57b0506259da71079a02
139,112,3,SO-P0112-R03,1,1,1,1,1,1,1,1,1,1,3741bb38f496ac8b9cd9ac80cda782d06d0bdf0d7bf6e6207393ca2757606749
139,112,4,SO-P0112-R04,1,1,1,1,1,1,1,1,1,1,d5c9fe75a2b06024d8ece27bbf4efa2a06f7d1542d7ef5ba042657a35875042d
139,112,5,SO-P0112-R05,1,1,1,1,1,1,1,1,1,1,fcb6be82f1a45a2133b4b4ae5a1922b1f140d94562613a3cd28fed6bccf01236
140,113,1,SO-P0113-R01,1,1,1,1,1,1,1,1,1,1,4e62c59c2213b0205a71293f716bdc462f44e0e0bae7bfd7f93b402e9580b693
140,113,2,SO-P0113-R02,1,1,1,1,1,1,1,1,1,1,a7bd42aa9a0c5a58d254dd285390592b66771c24264eb2223fef48abd4a559ae
140,113,3,SO-P0113-R03,1,1,1,1,1,1,1,1,1,1,30b389628cadfac1bc8b100dfbda21fe5c02322cc520be0ecedb7f34853dc7e9
140,113,4,SO-P0113-R04,1,1,1,1,1,1,1,1,1,1,9d26968ff93e9a03eeda58397369c13c77f5a63c0312f7a77e4d39d72984d878
140,113,5,SO-P0113-R05,1,1,1,1,1,1,1,1,1,1,d8758de1b7ddf4e37af7f3cccec076e538bcd7951eee1d67870c599e2f6fcd30
141,114,1,SO-P0114-R01,1,1,1,1,1,1,1,1,1,1,fa1dd500f6adb31645b48590245c0435c10d9282dfad40d8cb935f0f71b4c3ef
141,114,2,SO-P0114-R02,1,1,1,1,1,1,1,1,1,1,afa1fcf9e069f3c76cca8e18ccb08066d8f18eaad431b6eb34c4cbb2dd801280
141,114,3,SO-P0114-R03,1,1,1,1,1,1,1,1,1,1,b691f73cfb9504da4916d0303f89d8985f04f4abab80bab0fec2e9a215e24f16
141,114,4,SO-P0114-R04,1,1,1,1,1,1,1,1,1,1,e8b8f0e95f162ba16d62afbe512e37dd9a791b36d0bf980b536a1e148350e889
141,114,5,SO-P0114-R05,1,1,1,1,1,1,1,1,1,1,8f06d4079e520910cb55b09a1afd1aa639d8ef4c904945464eedd88a73d84afd
142,115,1,SO-P0115-R01,1,1,1,1,1,1,1,1,1,1,52b6042bf04de5e8aecbf2d5425fc7491e85e97bbe28d4fd3fb2dc7465c20bba
142,115,2,SO-P0115-R02,1,1,1,1,1,1,1,1,1,1,3bd3956849a09f0f55ad4524a448940f86cb93ee0838fdf1f581920ee895d872
142,115,3,SO-P0115-R03,1,1,1,1,1,1,1,1,1,1,a6f06b6930fa11f1bc369d68a420233a2a3e2c6edd2f72042e3edab924fa7d47
142,115,4,SO-P0115-R04,1,1,1,1,1,1,1,1,1,1,54d65a316244b6ea55a4c253dbc0a76432912a39af02023a518810c8e0bffc65
142,115,5,SO-P0115-R05,1,1,1,1,1,1,1,1,1,1,013edb65eaf77259ba476fd5c71ee7e8ec6af9ecedfade501ea8e478ba279b3c
145,116,1,SO-P0116-R01,1,1,1,1,1,1,1,1,1,1,4dc907f7812ebe4791ac4f198621a63074274d2b8393d1deea0ee1094602bf7a
145,116,2,SO-P0116-R02,1,1,1,1,1,1,1,1,1,1,46b9360386af2702e3c6f2f98f263aeed5281040063b98d5a2fdafe5b5aa274b
145,116,3,SO-P0116-R03,1,1,1,1,1,1,1,1,1,1,f29f41b589bbf830598ec444d3e675323ccf1dc604d5f7e0eaddfa308342037b
145,116,4,SO-P0116-R04,1,1,1,1,1,1,1,1,1,1,4b50012a6df919ea30b97a367cf7e69ee1dfe71bd4252b61f29ff009d77fdc33
145,116,5,SO-P0116-R05,1,1,1,1,1,1,1,1,1,1,00e1fab1ce8f7707c337b92860eb888fdb5213f3fa82a49054b1226e67aa3858
146,117,1,SO-P0117-R01,1,1,1,1,1,1,1,1,1,1,d54af2367c0778123b6a47242816ab4e584bb5c4c6e96b41b0bd985e6f82c75e
146,117,2,SO-P0117-R02,1,1,1,1,1,1,1,1,1,1,eeea24a2a8367b0af1296d8bbaa6aa6895d500d6580d4f73e98cd5ab3b139b2b
146,117,3,SO-P0117-R03,1,1,1,1,1,1,1,1,1,1,51840cb3e871b8c813fd127f0cce7f9f94d1a4ccf53edc85d3aaf5eb2d9e8999
146,117,4,SO-P0117-R04,1,1,1,1,1,1,1,1,1,1,451de8763f68006a9f5b534445ad0529c18b6a7c1e3f2ef38f0ce8f37336cd97
146,117,5,SO-P0117-R05,1,1,1,1,1,1,1,1,1,1,09503ba5f3b087db93303ebd10c2ba1b894d200058c230dec0e2354765cf5f9d
147,118,1,SO-P0118-R01,1,1,1,1,1,1,1,1,1,1,59e02663f44beb044572d29298908c23a32298623b5a479853d1d8d2c6e1f98c
147,118,2,SO-P0118-R02,1,1,1,1,1,1,1,1,1,1,d379d11b8e030a63819de668bf73f936f6b4d3f83172a26b53060265e45ff6a7
147,118,3,SO-P0118-R03,1,1,1,1,1,1,1,1,1,1,331d9ee2b3f984ce839a33d0df4cc294bba5d686298714859f5649e10773d3ef
147,118,4,SO-P0118-R04,1,1,1,1,1,1,1,1,1,1,d1a2f07a53bf41023ce86a50034081529a5fd695489ba3289ff452529334e59f
147,118,5,SO-P0118-R05,1,1,1,1,1,1,1,1,1,1,d4bad9b35b7d47e1e1c264459ab2bf121709dde130ec0ffddcc1b806a151255a
148,119,1,SO-P0119-R01,1,1,1,1,1,1,1,1,1,1,c5e3f6c7a20759e19b479cde5a171e8ca8cb70058e1a43e189e794c75acbb1ac
148,119,2,SO-P0119-R02,1,1,1,1,1,1,1,1,1,1,77a65e8f36fb76118d75d03b5921dd8c1c3202ef881b1bd085d38baf56aa4744
148,119,3,SO-P0119-R03,1,1,1,1,1,1,1,1,1,1,10ee8b1137596993dd79f2714b94aba5f2f4815b7787d37241e1ee81396684c9
148,119,4,SO-P0119-R04,1,1,1,1,1,1,1,1,1,1,7fa899fc9d7fa0b3d945026bbef2c6bc395aadd506f27d467d8a6c34e6140a7d
148,119,5,SO-P0119-R05,1,1,1,1,1,1,1,1,1,1,9942d191bffaf74dac9390ddf24945c4e638c16d8c7d68a779014c2eb51fbae4
149,120,1,SO-P0120-R01,1,1,1,1,1,1,1,1,1,1,bcd3c24530ed4ae80af6e87dd44fc5e455f2ca5a1007680e5e80770da23b0e76
149,120,2,SO-P0120-R02,1,1,1,1,1,1,1,1,1,1,297daa7acc9d604ec720ad9987e59b35fb83bf8799ee3d5291aa0961b04c4588
149,120,3,SO-P0120-R03,1,1,1,1,1,1,1,1,1,1,8dc096e76d6de160a9c8ada3501f2ef1a110fd01da082679771b0eb4a55ff0d3
149,120,4,SO-P0120-R04,1,1,1,1,1,1,1,1,1,1,e63576979e172e294f5912b70815e6eba87c7e9a10b18f2e99df835e69ab8650
149,120,5,SO-P0120-R05,1,1,1,1,1,1,1,1,1,1,889e9af7b836b838357a7e8903d0c54ee78a709535582d11ce25b3fb55a50ec0
150,121,1,SO-P0121-R01,1,1,1,1,1,1,1,1,1,1,a8773ef34ced5b64f6c06f6b8ead201fb377e3f5ebd906ae0be5b372337c85ad
150,121,2,SO-P0121-R02,1,1,1,1,1,1,1,1,1,1,10985dd0827a3c1be90ae1a7965a06684efb45ecdde7d1a87ca0e0d63f1cd306
150,121,3,SO-P0121-R03,1,1,1,1,1,1,1,1,1,1,ff61677f3b7680ac58d84a6c7bff9670f6b5e0667c92d69fb5bec0ccd037b94f
150,121,4,SO-P0121-R04,1,1,1,1,1,1,1,1,1,1,c5cbe81a6ace6fc8d7655c1d3e804ceda004e0d7cb494227d68f795620d73d81
150,121,5,SO-P0121-R05,1,1,1,1,1,1,1,1,1,1,f3742eab2cdd80ff914d77ab1fc35c78aca1283ae6410ced17c1e8ddcfcba3ef
151,122,1,SO-P0122-R01,1,1,1,1,1,1,1,1,1,1,66606250d19eefd6393ea913d22413e8f05b3d438e87e73025396a706b2450cf
151,122,2,SO-P0122-R02,1,1,1,1,1,1,1,1,1,1,df04dc27d50a28455a9d590b0250c26154e6001a582a179d33c9ccea552393d0
151,122,3,SO-P0122-R03,1,1,1,1,1,1,1,1,1,1,a19ec305551dcbe094f35ef85877cd0266d40f81dc980add653063151d347641
151,122,4,SO-P0122-R04,1,1,1,1,1,1,1,1,1,1,b4e7f2e8a8c4af8a1ad583cfc8d67eefa82ea0ad3a18336a32fe640d65ecc9de
151,122,5,SO-P0122-R05,1,1,1,1,1,1,1,1,1,1,9c914d8a91f75aec0900a8996c0f785840944f2d841e80143eea76f93e161f20
152,123,1,SO-P0123-R01,1,1,1,1,1,1,1,1,1,1,cb09ca5f9e40f0dd7358ff1795635a2e865c9d05e24082ce75a446aed2941d4f
152,123,2,SO-P0123-R02,1,1,1,1,1,1,1,1,1,1,7a64a004259597294c0b9a7aa0c4183ed4135a23492448521aa3af9a3f369dd0
152,123,3,SO-P0123-R03,1,1,1,1,1,1,1,1,1,1,2f128501e6d6801e5af1e3adf1852db072e875f640add52b71368ac27458e1da
152,123,4,SO-P0123-R04,1,1,1,1,1,1,1,1,1,1,c003a0297acef8dfa5ef529b138c6a5e6e3e371791902d24f20d6de09513d2af
152,123,5,SO-P0123-R05,1,1,1,1,1,1,1,1,1,1,b979c6001613cab239f9d11137cecf39de371c05987a24652f0383c85e1ec185
153,124,1,SO-P0124-R01,1,1,1,1,1,1,1,1,1,1,67ba3de99c91f77f7ad181e08edefd3c70b9dd6608ec7ff049bd8ac6245a9017
153,124,2,SO-P0124-R02,1,1,1,1,1,1,1,1,1,1,79cebe5aa3c4107482593e0ad53ddea61b45bec02feb30113be9fc2f23b7511b
153,124,3,SO-P0124-R03,1,1,1,1,1,1,1,1,1,1,7868e7592244b2a4613f7cf94eae340234466ec23cbe9e2a6e69fbc2802ea2da
153,124,4,SO-P0124-R04,1,1,1,1,1,1,1,1,1,1,a35d775b3e3a839ecff96bfe0fc84aaf3de2d797a674ed806672f24e9c69b292
153,124,5,SO-P0124-R05,1,1,1,1,1,1,1,1,1,1,b28c3975e85d642b36e00f5e28b1bd420e181aec3b62a15a12daa33829e37503
154,125,1,SO-P0125-R01,1,1,1,1,1,1,1,1,1,1,a87ef6fc99599e9039c9cc874c3378dfc3d061cf0df52a74e75ef448b8afeedc
154,125,2,SO-P0125-R02,1,1,1,1,1,1,1,1,1,1,8db96e906762d8010c847aa82c4c0d83435167088298ebe5d40bf1aa8d072510
154,125,3,SO-P0125-R03,1,1,1,1,1,1,1,1,1,1,df86c4dd39aec8f858d81d28649f2cb6e290e5814c30a9fa77a153b82a054601
154,125,4,SO-P0125-R04,1,1,1,1,1,1,1,1,1,1,d115ce9ec47ec4cfa8c48bdc63826ec7f364b9699a27855ed21c7086c72c566b
154,125,5,SO-P0125-R05,1,1,1,1,1,1,1,1,1,1,102f880e46db44276b58add5eb6c80b210db3c8981738d43af45fe6577b2e7e9
155,126,1,SO-P0126-R01,1,1,1,1,1,1,1,1,1,1,dfc202032e0512bb4701fac01482aa8882df29b8eaffd6b01eb0fe5fb513b620
155,126,2,SO-P0126-R02,1,1,1,1,1,1,1,1,1,1,f5071a7932a424a0437f04965f68219f52010fafe78c93b5ffaf733a2a5fe3f5
155,126,3,SO-P0126-R03,1,1,1,1,1,1,1,1,1,1,fd37dc0e32230bbc12d51a181a1847183d9e0076dd0b8c4f6c23b5adfd80f57a
155,126,4,SO-P0126-R04,1,1,1,1,1,1,1,1,1,1,382e03c045e5c4bcd4b3535caf634cced62e7827ce00210579a70c4d5a15572f
155,126,5,SO-P0126-R05,1,1,1,1,1,1,1,1,1,1,dc449a43578443a95df4c81f0e8f72750ae6bceeaee270e45b067f85cc0050d0
156,127,1,SO-P0127-R01,1,1,1,1,1,1,1,1,1,1,796cdbb3111127ba5c5d8ba9bafd7fd2638b75206b8eaeb504beb4a9b5aadb40
156,127,2,SO-P0127-R02,1,1,1,1,1,1,1,1,1,1,3d553a2691477c119a0b96537432617c767ded5cbfb4f3cf216c0f1a06677c1a
156,127,3,SO-P0127-R03,1,1,1,1,1,1,1,1,1,1,35d893e58dcc00d669d694093b4f96b2d2f6d6f5fcbcbb2b03404077931535c8
156,127,4,SO-P0127-R04,1,1,1,1,1,1,1,1,1,1,38f11a6e4d55999df5b0db766fd1730f9df14c07738ef1ec9142cb6a6d86d3cc
156,127,5,SO-P0127-R05,1,1,1,1,1,1,1,1,1,1,39b0454491dd8cfd89bc9e386789150f7bedbf264e2878f9cb9d05149ed2d404
157,128,1,SO-P0128-R01,1,1,1,1,1,1,1,1,1,1,9e2d572d040fd842767a19f4a046ef4f9f9e7f1e625554a8a7b647f95277ee07
157,128,2,SO-P0128-R02,1,1,1,1,1,1,1,1,1,1,327c9137c544ba4ca0f1f330314e37def11a44f13e2a2907e2d054297f509d45
157,128,3,SO-P0128-R03,1,1,1,1,1,1,1,1,1,1,c909f11433d98070dde5c6d2b56a62b93e69c733d47bb98f7d989085bde837d0
157,128,4,SO-P0128-R04,1,1,1,1,1,1,1,1,1,1,79a93c6a79547ba469d55873f3f767cb4a48b7af380ff49420de7718087b8ca6
157,128,5,SO-P0128-R05,1,1,1,1,1,1,1,1,1,1,a866a2c090acb33bc584527d2cb859ce7494be8d7c001afa9cb61dfc0eee544f
158,129,1,SO-P0129-R01,1,1,1,1,1,1,1,1,1,1,2ab615d9b08c730b791e6aba17b68cef6cd5e1d5fc04dc5883b41ae54da533dd
158,129,2,SO-P0129-R02,1,1,1,1,1,1,1,1,1,1,0318c28f2c60aa21ef416131932fcdca3c26eddcd5baa85d35dcb7ab83bcbfe2
158,129,3,SO-P0129-R03,1,1,1,1,1,1,1,1,1,1,bdd0a1a4e80cf5211ec2061dff768142ccf7d513dcb4eda4d02e1114305dab9b
158,129,4,SO-P0129-R04,1,1,1,1,1,1,1,1,1,1,56e7d4e80df80b3f8ddc86582be221b178c92fc031057831fe9765ece7dcbcb9
158,129,5,SO-P0129-R05,1,1,1,1,1,1,1,1,1,1,f31d460d4e7873c91f3394238957de7460722849acd9f6715fb5354b5f3350e3
159,130,1,SO-P0130-R01,1,1,1,1,1,1,1,1,1,1,a5fe57acf96ba6b3dcbc23c64f066467ae57ce7de491d1efb2a653646a85b7e3
159,130,2,SO-P0130-R02,1,1,1,1,1,1,1,1,1,1,e73e3c75ac8b205c349208d9fcdb36f8401bff10f179e3a6849425344262f6d2
159,130,3,SO-P0130-R03,1,1,1,1,1,1,1,1,1,1,dda36e29fd039e3944e13d65944b67098027d14699c71c3d2ba0739d566dc69a
159,130,4,SO-P0130-R04,1,1,1,1,1,1,1,1,1,1,08c2f2a7e341ca2e19e94f5cf5bc1b4a77d7098f4bd7cdf94572461072459cb7
159,130,5,SO-P0130-R05,1,1,1,1,1,1,1,1,1,1,54a4d7b0a6dffeb6d78843f818cfbce7a6cd80618ff9894f7774ccbd73e4285d
161,131,1,SO-P0131-R01,1,1,1,1,1,1,1,1,1,1,820881360e6f33730fe3df48e576d95ffc519beb28fbaca726bf5dded176b211
161,131,2,SO-P0131-R02,1,1,1,1,1,1,1,1,1,1,5763fee18357dc9cdb8b9a5876e7fca7992399cd74ef79e54d270a0d74a9acef
161,131,3,SO-P0131-R03,1,1,1,1,1,1,1,1,1,1,67386eec6bf606aebe4ce79e72c702b37928de5932bbe38fb238852865211b06
161,131,4,SO-P0131-R04,1,1,1,1,1,1,1,1,1,1,978428056b0b5a5235b09b311d51a782e336e5d5e244c51590c1167f8995be09
161,131,5,SO-P0131-R05,1,1,1,1,1,1,1,1,1,1,c2ae9c99be74fb81560390afbf24a08a5f8d1b0225f8b36c7b0babc4b9ce59a7
162,132,1,SO-P0132-R01,1,1,1,1,1,1,1,1,1,1,549f8b5e104d23231e980764e4b24cb12c654e34d44807edb97ad9a0dbcd6e9f
162,132,2,SO-P0132-R02,1,1,1,1,1,1,1,1,1,1,a9bbc0e19d7b7d9ce0f3de5d6d1a647509900d54278d4a9e115a5f77d64ddd91
162,132,3,SO-P0132-R03,1,1,1,1,1,1,1,1,1,1,c67db12e992adf132eb26b91bcb19afb7383b81c7b12b4c8014bf6ae4398f5fb
162,132,4,SO-P0132-R04,1,1,1,1,1,1,1,1,1,1,203a8f46d29494688079f4aa8e335bf805122a21c7b3f997722272f9be79e153
162,132,5,SO-P0132-R05,1,1,1,1,1,1,1,1,1,1,d9cb0a6c10196f3549d37e16d12f747f6e78f81a707663d6eaef277d5fcfb98c
163,133,1,SO-P0133-R01,1,1,1,1,1,1,1,1,1,1,b20cc65351f78bd03107380be486498818ea89d77a5da10c45870bfa4798d2c9
163,133,2,SO-P0133-R02,1,1,1,1,1,1,1,1,1,1,071a37dedd65ea21cdb83efd6d2ccc8c8a116e21d6fa889b5f86d16b0c8fada5
163,133,3,SO-P0133-R03,1,1,1,1,1,1,1,1,1,1,78e2c79b3515960440091d16cef069135662bb58f812508ff8ceb86dce87b6bf
163,133,4,SO-P0133-R04,1,1,1,1,1,1,1,1,1,1,80ae79ef2eb9a31bbd79ab1f8b688c91efcb98bc6e6a7279be266f2f7c145dc7
163,133,5,SO-P0133-R05,1,1,1,1,1,1,1,1,1,1,482eeb695ae9e3340d6211ebb004449eee042e0c88d2dfd9353e21e472a0c3a5
164,134,1,SO-P0134-R01,1,1,1,1,1,1,1,1,1,1,3e4ccaad4c85abe640411d047dd554e6bfbf9dda0e7c6a1b2ca90a6c36609f85
164,134,2,SO-P0134-R02,1,1,1,1,1,1,1,1,1,1,fa94fea915a40a8b569558b94e8b0aee1f5211f714d3905a7383a35330aa3f1a
164,134,3,SO-P0134-R03,1,1,1,1,1,1,1,1,1,1,d18ef852a68179dc3538d86de38222652ab65ba45d99939318898d26335f1d0d
164,134,4,SO-P0134-R04,1,1,1,1,1,1,1,1,1,1,beda1ed6a97ed903b3f19f5edc5aa8a5b81b702d1de587cef98f929daa731550
164,134,5,SO-P0134-R05,1,1,1,1,1,1,1,1,1,1,f3db9a2c0df85341f2673ecc81f474984d4e7de0f8c963014a2c4f658bd51aca
165,135,1,SO-P0135-R01,1,1,1,1,1,1,1,1,1,1,9d295ce49e8f8206cbb5cf487927edcee9fd546f40a1c71c96dafeafabbf5751
165,135,2,SO-P0135-R02,1,1,1,1,1,1,1,1,1,1,b86527db4148118ce2ef368b29fb927d73c9a8fb0288c8dfaae109e76debb86c
165,135,3,SO-P0135-R03,1,1,1,1,1,1,1,1,1,1,01730768286cf6e651fd078d52db7631ab89e4a0caea072ba8edf718f3d68918
165,135,4,SO-P0135-R04,1,1,1,1,1,1,1,1,1,1,a79462cc026b8f0fa258641715714b37e3961749126b51ef2367c60fb86ec01a
165,135,5,SO-P0135-R05,1,1,1,1,1,1,1,1,1,1,5c900f7c098a42c44d3f2656ff419a1f711440ece0dc6f7be8abd6cd1db41b85
166,136,1,SO-P0136-R01,1,1,1,1,1,1,1,1,1,1,3b764ca48e276e5b3cacdd01ee4abc323d457573553f3aa7b70f4fffa0f7b724
166,136,2,SO-P0136-R02,1,1,1,1,1,1,1,1,1,1,44e22a03f4f2beee20f119e1043dac519d6edab50cabf0f50647d8b239b1dfad
166,136,3,SO-P0136-R03,1,1,1,1,1,1,1,1,1,1,065d54b7f5930098e9b96440d7da1e22f250f073dd401d9188f65778254a83d3
166,136,4,SO-P0136-R04,1,1,1,1,1,1,1,1,1,1,27f1e1d5b30588a9c1900ea138da90fb3d82a2dfaefe56d69f40c88f4fb238ed
166,136,5,SO-P0136-R05,1,1,1,1,1,1,1,1,1,1,23d36858bddba596ae051dd4d03fca866723c081972310b9839d9d7e2f5c0bb5
167,137,1,SO-P0137-R01,1,1,1,1,1,1,1,1,1,1,14b01b5ddaff6cbd475d77303004b35a8dd940017023c20164fdf170f788a5c6
167,137,2,SO-P0137-R02,1,1,1,1,1,1,1,1,1,1,ad358a5e7177987c32c35cd1088a2304173ddbd78214db0b3b1ecf73ee3b0cfe
167,137,3,SO-P0137-R03,1,1,1,1,1,1,1,1,1,1,caf1818da072fcc2f772c760e73e9f63bcdf25061e1e6acbfff9fa777f03db08
167,137,4,SO-P0137-R04,1,1,1,1,1,1,1,1,1,1,c5758ef79fcc0a33b0e1a5eed0c40bde53ef887d51234e1a371f2e13c95ac879
167,137,5,SO-P0137-R05,1,1,1,1,1,1,1,1,1,1,455c5114fd4205de944aa65e5d2081188944c89b400264aa6ca22d408dd68ddb
168,138,1,SO-P0138-R01,1,1,1,1,1,1,1,1,1,1,77b2558f4a6aa736b61b44cbbe2b949e4bc954168eadc490aac962a8520077a3
168,138,2,SO-P0138-R02,1,1,1,1,1,1,1,1,1,1,445371ba727079baadc04d8d7d757981d711d27f69c4a5653e4abeff96f8d28f
168,138,3,SO-P0138-R03,1,1,1,1,1,1,1,1,1,1,77d238e3878ce568cb916ca4297d94bd3a03a808a959259efce6d04aa13d7561
168,138,4,SO-P0138-R04,1,1,1,1,1,1,1,1,1,1,3c23f4685b19ce85152dd718ae09cea9f61eafd1b874b5c33cff8b7083bdc74a
168,138,5,SO-P0138-R05,1,1,1,1,1,1,1,1,1,1,536205fcd3bece7f65e9666198ee60cace0d0277dbcad95c36c5ac482b4ea081
169,139,1,SO-P0139-R01,1,1,1,1,1,1,1,1,1,1,35d824dd9dc394df24cc1d540e44a85a87ac726cf6e05b32245cab94b748714b
169,139,2,SO-P0139-R02,1,1,1,1,1,1,1,1,1,1,f9af894d30f848f5f20d21c18cde895bce7929304bfc465a11aa1c1fe04857cc
169,139,3,SO-P0139-R03,1,1,1,1,1,1,1,1,1,1,eb581c46a166a71b90b32713796be697abcd0b6628b8fd1f04bb5cdbbe42f856
169,139,4,SO-P0139-R04,1,1,1,1,1,1,1,1,1,1,4bda85170629bce5c175b279aa049ea09b52dc80ec1e250abf1c3160d0b80eca
169,139,5,SO-P0139-R05,1,1,1,1,1,1,1,1,1,1,3c17894663360741dc685db3cdb6e78d4b13088806d602d65f9aec906fab9e1f
170,140,1,SO-P0140-R01,1,1,1,1,1,1,1,1,1,1,90dde77b9796eca7fdeba9badf460f552a8eb3d306cafa88c84b2acbd184a42f
170,140,2,SO-P0140-R02,1,1,1,1,1,1,1,1,1,1,414356dfa8302440296b7580e676bb325c12cfedb50529dd7ff740a04ae50573
170,140,3,SO-P0140-R03,1,1,1,1,1,1,1,1,1,1,fd97e83964c5aac05f90d6e4604fddef84567fc480f543371108109cec6abfe6
170,140,4,SO-P0140-R04,1,1,1,1,1,1,1,1,1,1,82aed33cff5027edcc3ab2765e401500b0fe57f582c69bb5e9fe79651a5aace9
170,140,5,SO-P0140-R05,1,1,1,1,1,1,1,1,1,1,534bcb0139f3b0e6af01d6060cf579875555418bbed6cc619a2c82cf0ca851a6
171,141,1,SO-P0141-R01,1,1,1,1,1,1,1,1,1,1,b63995b148cf6a1a576de608913b36a535230d9bd9f93ca7821b0514d107c9f9
171,141,2,SO-P0141-R02,1,1,1,1,1,1,1,1,1,1,4008bb771259a0a429c0c82424454ef8f9a0acc6b474ef9b5ee4c9eae7bebb98
171,141,3,SO-P0141-R03,1,1,1,1,1,1,1,1,1,1,ea5cc1771384d0d8e668429c4583d66bd1531534fcfbabbdcc0c5ae0954507bf
171,141,4,SO-P0141-R04,1,1,1,1,1,1,1,1,1,1,0e3d66a81852db1f3d249917c0f0a8a40979618abed46b383af990be38750227
171,141,5,SO-P0141-R05,1,1,1,1,1,1,1,1,1,1,20b9ff6ea00d3e623e5a14c5c1bd40afaa93531680b847d98c8e6c3439064758
173,142,1,SO-P0142-R01,1,1,1,1,1,1,1,1,1,1,4273538dc34bde7848350a9b8be91a1a7862d8bd0f4fb63bba09da15a1d2b74d
173,142,2,SO-P0142-R02,1,1,1,1,1,1,1,1,1,1,e10796f20eb71a348e3c186f3a777d69b47b25de10c0c457174bb9ba67ee6d1a
173,142,3,SO-P0142-R03,1,1,1,1,1,1,1,1,1,1,534d22610b357eb08a00621b8218fa527a2156d7d493e46f800c864c1e0c6a9b
173,142,4,SO-P0142-R04,1,1,1,1,1,1,1,1,1,1,69f1d3680c27e87554e1645bc89d2fa931400b7b5347754a21b56c1841148a7e
173,142,5,SO-P0142-R05,1,1,1,1,1,1,1,1,1,1,0538b514b7fea5a91ee00a31e8b477250d42d1d156e3fa91383919d6340c95dc
174,143,1,SO-P0143-R01,1,1,1,1,1,1,1,1,1,1,77d36606a8fd1630a625c2be19e78dd2cd74e0b9b76359f4588b34304b923c82
174,143,2,SO-P0143-R02,1,1,1,1,1,1,1,1,1,1,6513cdedb0d2f919911abe7b249e1842df477085ac5c421eecaf33cf86c1185c
174,143,3,SO-P0143-R03,1,1,1,1,1,1,1,1,1,1,4b52ff0dd0e6ae458cf3bfa9513f3a58a12947a33b6ef7da68022d96f1177533
174,143,4,SO-P0143-R04,1,1,1,1,1,1,1,1,1,1,ac579e18a11da27ffe31f87c067502b0b5010b0b76b36cdebf618dabfc19741e
174,143,5,SO-P0143-R05,1,1,1,1,1,1,1,1,1,1,ca547f9f8019b113c4019d8d126e21f10ad76a0934b1527fe940b9d8ceef758c
175,144,1,SO-P0144-R01,1,1,1,1,1,1,1,1,1,1,9747532d8358bf7826e6135231e71041bb301077a2d804419a6d4bacaa85da7f
175,144,2,SO-P0144-R02,1,1,1,1,1,1,1,1,1,1,47984c470a588edf1f3f78549a3ade290662382e3e38ec4f1336da7276531235
175,144,3,SO-P0144-R03,1,1,1,1,1,1,1,1,1,1,92ee1dc6ea68905876e1ce15dba287ba1919114dc205a59118e5c0325dcaa065
175,144,4,SO-P0144-R04,1,1,1,1,1,1,1,1,1,1,5546e8c3b224d117b4dbe45f814135ded8a147380f63a612350bf9c0f8316e32
175,144,5,SO-P0144-R05,1,1,1,1,1,1,1,1,1,1,cf0606e63b96d7a0e419ddc95f9ce5ecf7d3ef0a84e0677854fad56aeaabb1a8
176,145,1,SO-P0145-R01,1,1,1,1,1,1,1,1,1,1,a0028c83ab11517b91b489c37f056d274f4d13dd62691ed777d4ec9e8607e563
176,145,2,SO-P0145-R02,1,1,1,1,1,1,1,1,1,1,a959e19a187225eddcd2aa3e61fb6e965d2cf52c77312514d3323dfe9c7a8d3d
176,145,3,SO-P0145-R03,1,1,1,1,1,1,1,1,1,1,143db40dd4b53b4570c56fc2d45915f5def43e79a704783d1c60349b939ab048
176,145,4,SO-P0145-R04,1,1,1,1,1,1,1,1,1,1,0d43a13a1712ae53925ebce92b7a409db0506466f87391c7fc7c3558e245f3c8
176,145,5,SO-P0145-R05,1,1,1,1,1,1,1,1,1,1,654ad0ff0e3c6df9469a68452464e32e53b4a06ab0c4c4fe0fadfe87897e4f31
177,146,1,SO-P0146-R01,1,1,1,1,1,1,1,1,1,1,0985ba26465dff559147f06d6187329b18d9cb4607298623c74e463d08ddaa0f
177,146,2,SO-P0146-R02,1,1,1,1,1,1,1,1,1,1,69d109256da7efc7c4c6b8ff6d070ec8ef50879db9d3bf0fb49c3c1f05d39ffd
177,146,3,SO-P0146-R03,1,1,1,1,1,1,1,1,1,1,4637cadfc8c197ea0b80ff2921e9cc0e7045fe608ad07e69979be528639a15ad
177,146,4,SO-P0146-R04,1,1,1,1,1,1,1,1,1,1,3552ac3370d9e0874c7aa3f559b5e8cdef1fc201a30c77d22f04d89e94e80c78
177,146,5,SO-P0146-R05,1,1,1,1,1,1,1,1,1,1,d6126ae1cd6b12511e3d72a88905eb1f8b7266989aa6453e9dc9c319fc9f962e
178,147,1,SO-P0147-R01,1,1,1,1,1,1,1,1,1,1,746f36fce3ab90fd37f0a7148ae3bc2977fba88d6fc310da4d4a6af3e9a8e70d
178,147,2,SO-P0147-R02,1,1,1,1,1,1,1,1,1,1,2e11229b4065ec2f7428935ea8ffacb98a1dc7258a607b64a00f5e684ccf85de
178,147,3,SO-P0147-R03,1,1,1,1,1,1,1,1,1,1,60517754f294db743f688ad135f20d2bb49e5291833faa8e13d3b4704409bade
178,147,4,SO-P0147-R04,1,1,1,1,1,1,1,1,1,1,9c94c2903420135f9edbe1d642fa52400e7b7a34e985d2f762e818b144434b91
178,147,5,SO-P0147-R05,1,1,1,1,1,1,1,1,1,1,e23dfbb9554611d24643fd18d83e69b16034609318ded4f5f98ba3fcc537ec02
179,148,1,SO-P0148-R01,1,1,1,1,1,1,1,1,1,1,5b496b2780056c18a8d6a71dc43a5923aeb5d03b51f668589232a74c0bcf0237
179,148,2,SO-P0148-R02,1,1,1,1,1,1,1,1,1,1,fb4ee7d5b24c5adf4ec5dcfd74ebfe9722158f8f7e5cb6265eb135fc8a168921
179,148,3,SO-P0148-R03,1,1,1,1,1,1,1,1,1,1,dafe819c6afcd3852e642febe22232bbfca9712273157c8dd9ac808f18049e47
179,148,4,SO-P0148-R04,1,1,1,1,1,1,1,1,1,1,8d350c6f5a643af46d33847101ae19b88530ee6d8242db66532cd6ba5932fb8e
179,148,5,SO-P0148-R05,1,1,1,1,1,1,1,1,1,1,d4e698aa655bff26ef1deda93a5d0847a679c291faa97a483f599ee80c9496d5
180,149,1,SO-P0149-R01,1,1,1,1,1,1,1,1,1,1,4229c59ad8c4e3f3add5538aa2fd29fb8167f95c2a5187d4a163e7a34f082a30
180,149,2,SO-P0149-R02,1,1,1,1,1,1,1,1,1,1,96a32e7f1d57e1224e7b3e175bb7df41af663565ca8faa29be2624998fb4638c
180,149,3,SO-P0149-R03,1,1,1,1,1,1,1,1,1,1,59732bbbb04de2d1c800505473807694918ff7105ff313ada0f5c5708d5aa0dc
180,149,4,SO-P0149-R04,1,1,1,1,1,1,1,1,1,1,0df9ce83cc80eba26e216b4d6bead5c3387880c60cbfa8fb4a923bf93f782c44
180,149,5,SO-P0149-R05,1,1,1,1,1,1,1,1,1,1,80c3a293cfb450188b85ead330546dfa9ea0e06d2e42eb70d56af167ef52048e
181,150,1,SO-P0150-R01,1,1,1,1,1,1,1,1,1,1,71540a18688e84b0588e80a0aa6d4401c66cbad3b10421cf298ec2ae510cd9fc
181,150,2,SO-P0150-R02,1,1,1,1,1,1,1,1,1,1,eeb53f19c3d1c68c3ff8ff5d76d50852daeb1e1c91e53588397dc08e4ebce3eb
181,150,3,SO-P0150-R03,1,1,1,1,1,1,1,1,1,1,c470fa60b1f5bcd5206180022b9d3362498cab54e986cb9ee305a9c152ac89fa
181,150,4,SO-P0150-R04,1,1,1,1,1,1,1,1,1,1,73aaf8bc0dcf60ac5225e525d1ba46fd081272d9f3e6a1a4489888f53f9d4374
181,150,5,SO-P0150-R05,1,1,1,1,1,1,1,1,1,1,887c39992ea6ec49eaedcc3ada20fa2a4acf9957c3b911c7fb83e128444bc535
182,151,1,SO-P0151-R01,1,1,1,1,1,1,1,1,1,1,03734ce5ce8ff96857ff8af58768b3cd55034f3e62dc603a0445acb155b74171
182,151,2,SO-P0151-R02,1,1,1,1,1,1,1,1,1,1,a9cfc7eb7765dcc715fbb9523c64952f8389949073d3c389cfed9ec7f6184738
182,151,3,SO-P0151-R03,1,1,1,1,1,1,1,1,1,1,4fa4b65a391b1fde69e73f0ee945e73cd800fcff800d9ffceac8f4a4a268ede3
182,151,4,SO-P0151-R04,1,1,1,1,1,1,1,1,1,1,bc7e76615314fd81b06295a40930ef5632c5dd48335e77bcf5afc9511adc9d9f
182,151,5,SO-P0151-R05,1,1,1,1,1,1,1,1,1,1,dc6fdca6568c74ade86db9b10fc4f5ae64d683d79a3e45f350fec60605e9f563
183,152,1,SO-P0152-R01,1,1,1,1,1,1,1,1,1,1,68bfd7ba05b9b7901ce7016bcc5c4514e8fb20bd7d0f92d92e24f8de39754ef3
183,152,2,SO-P0152-R02,1,1,1,1,1,1,1,1,1,1,e8fa8786a45c3567fd23ad5c8f60d99a1cc51c6a51deeaa32288d4065e7ab1d4
183,152,3,SO-P0152-R03,1,1,1,1,1,1,1,1,1,1,0d35141577153ccf288e0b46f58c2fd810f9b5370173d54cab629a1f6f0c31ca
183,152,4,SO-P0152-R04,1,1,1,1,1,1,1,1,1,1,22489ebc2826c6cb1f084d4556a8dbc7664657c860e3616a3d1556b611b29bb7
183,152,5,SO-P0152-R05,1,1,1,1,1,1,1,1,1,1,735301c3a3f37cafbe8854e9af856e191c3bdab3ce40658936e1699436d5af78
184,153,1,SO-P0153-R01,1,1,1,1,1,1,1,1,1,1,2feb7cebad5974285f54c58c9350544610978455ca84f77df19354f5d1487b66
184,153,2,SO-P0153-R02,1,1,1,1,1,1,1,1,1,1,f485092e57c1f0c733bd6722b0205cbca9db085969fcc90d1e13fee6e710cbb9
184,153,3,SO-P0153-R03,1,1,1,1,1,1,1,1,1,1,fae8cbde09c56e0b5963047ca89a1a6489b9e230aa14ef69502ab3a7bdb31c06
184,153,4,SO-P0153-R04,1,1,1,1,1,1,1,1,1,1,fcfff3d5426b3330893bc833f2ccfa6305e358ccf3b34cc9e5d3ff2ead90d813
184,153,5,SO-P0153-R05,1,1,1,1,1,1,1,1,1,1,cdd67227e1fbcea6cd343c9344ace7fa3badaee8af8ad69fdc100db00b5110a1
185,154,1,SO-P0154-R01,1,1,1,1,1,1,1,1,1,1,ef669ac80621bd186b0a535e979404e0ff452016c46db96929de0e1b628d203a
185,154,2,SO-P0154-R02,1,1,1,1,1,1,1,1,1,1,b254b6105ecbe2e4a2e67f135e86ec40b9c81ee3815874906ea68cb92adf8363
185,154,3,SO-P0154-R03,1,1,1,1,1,1,1,1,1,1,921213175f2b15646520632e0d394c3c933ee7489e7c87d81d3bbe6a34ee3fd5
185,154,4,SO-P0154-R04,1,1,1,1,1,1,1,1,1,1,d7bb8400c794d5829087ebeefd9ffba95bf23cfdd8602696322474ea3d7b42d3
185,154,5,SO-P0154-R05,1,1,1,1,1,1,1,1,1,1,81887c5bd0e95fa99c5f6eeef0ca51b51cf3f3a89655bb8a731e07d6df2bf505
186,155,1,SO-P0155-R01,1,1,1,1,1,1,1,1,1,1,30e58249ec2f3de61e0cc609c50e27a73e7a285c4f0c058fca77049b3c4f3332
186,155,2,SO-P0155-R02,1,1,1,1,1,1,1,1,1,1,5959d314cb4fa509f0189979aef49794594988dc1598c7199ed01be90c577838
186,155,3,SO-P0155-R03,1,1,1,1,1,1,1,1,1,1,68c7e9c6e08b05856abfc5361194e937f775a4179947687478242b94e91c9763
186,155,4,SO-P0155-R04,1,1,1,1,1,1,1,1,1,1,605b9d03cdf84940ffffe5fec3bf9bfd812ca52739142c683eeb2c421bc640be
186,155,5,SO-P0155-R05,1,1,1,1,1,1,1,1,1,1,3f43ed4a747bc8680924641fafb92989de92d2be68e408a44088ccebe940509d
187,156,1,SO-P0156-R01,1,1,1,1,1,1,1,1,1,1,40c756a3bdcf8dff10bb938c6c830dd076736b463d83a84e63b3a521cec9bfdb
187,156,2,SO-P0156-R02,1,1,1,1,1,1,1,1,1,1,b7f4a3f4fb913aab4f500f62f6b8dfc78877cc349896b98fe637858d9849105c
187,156,3,SO-P0156-R03,1,1,1,1,1,1,1,1,1,1,999d72792f5133609b7b05b071337ed2628f5fdcb4a8245813fbf6af9cd7d5f4
187,156,4,SO-P0156-R04,1,1,1,1,1,1,1,1,1,1,dca9d28b311355dd08280efe17e451c029c3f098e840a9c801a9f4e03a43a2f5
187,156,5,SO-P0156-R05,1,1,1,1,1,1,1,1,1,1,8dc5a86853fa7b425c91e4f97afa8b024aca8e3b2dfd453be622eabf587c502f
188,157,1,SO-P0157-R01,1,1,1,1,1,1,1,1,1,1,bb27c1bcf0c0360038ba942b17465c06a55591ca70b9b06f77f645380108ee94
188,157,2,SO-P0157-R02,1,1,1,1,1,1,1,1,1,1,4f68cb452da2f94d79f8ca90db4cf6b828f7deba4dfa46db634bca73630a4a3e
188,157,3,SO-P0157-R03,1,1,1,1,1,1,1,1,1,1,020552687521a871e8ea1e00e44e0bfaafeb723220b9a1369cc008731656f406
188,157,4,SO-P0157-R04,1,1,1,1,1,1,1,1,1,1,a2efb67f7bfdbb237b5c3b86fed8418fa239db782e5f17598f46dcdf4412e385
188,157,5,SO-P0157-R05,1,1,1,1,1,1,1,1,1,1,f74abe6f5cb795896ca1a0f02ec3b410fe16c2c725e2ca7b10deb8c7b7facec1
189,158,1,SO-P0158-R01,1,1,1,1,1,1,1,1,1,1,07dd3162ba56a4cdeab2775eef456163100ccb9cabedc853a5b81a846071dd59
189,158,2,SO-P0158-R02,1,1,1,1,1,1,1,1,1,1,b5b2e8c52a2bf0834f2dbfb300f4e474cb737becf42d26070b108843fe6847b1
189,158,3,SO-P0158-R03,1,1,1,1,1,1,1,1,1,1,981cbd3ece96afe313f80a98e6635afef5d925115fcd1eb1b0bffa1b511fa665
189,158,4,SO-P0158-R04,1,1,1,1,1,1,1,1,1,1,4a1308cb66c0784b3e9b240256e82081301ffd13ac760d299753fbd4995b36f9
189,158,5,SO-P0158-R05,1,1,1,1,1,1,1,1,1,1,1e92c3b167aef7b9b77801104f2f69ede8cd636d18024672e68f03232ce78ab8
191,159,1,SO-P0159-R01,1,1,1,1,1,1,1,1,1,1,e1aeec93973eb3cba90e8a396d75bad414bc44ea475f85871a06b821fa6743aa
191,159,2,SO-P0159-R02,1,1,1,1,1,1,1,1,1,1,7a4439456022b4dc918d5c007b96354e55de54a21eed51a7e3048bf911c3f6ff
191,159,3,SO-P0159-R03,1,1,1,1,1,1,1,1,1,1,e80a729cac918b7d1af2e0240fa5d66de5f50e6be9bb95ea39d8fcebb0bf7b31
191,159,4,SO-P0159-R04,1,1,1,1,1,1,1,1,1,1,f3fbc19906dfa6e921c41bffe4e851091254d81cd29783cf5663a3fdfc776f97
191,159,5,SO-P0159-R05,1,1,1,1,1,1,1,1,1,1,bb6106f4db317b58287a3cab31c9c448530be3cd646453090ae4a2f270268f73
192,160,1,SO-P0160-R01,1,1,1,1,1,1,1,1,1,1,82c4fda03fd372e98de729c1e5bb166387c8b24ac51697a9a6abba68594016ee
192,160,2,SO-P0160-R02,1,1,1,1,1,1,1,1,1,1,4b33572801032b8f8e3adcaf3080c123be146ed0317d2d158b2460b817339cfa
192,160,3,SO-P0160-R03,1,1,1,1,1,1,1,1,1,1,8cdc8051756c658a1fee3787b71c90e0e0d05a2f09c5f74578f2bbbda7c38d28
192,160,4,SO-P0160-R04,1,1,1,1,1,1,1,1,1,1,347440691f1f95704d0dea617a227425b921bb977c970b5a8bda138d7baebbd2
192,160,5,SO-P0160-R05,1,1,1,1,1,1,1,1,1,1,b3f56a09365792e54d7beaad5b7ca4c647849112f2ba4e1097a2ce420d8e2314
193,161,1,SO-P0161-R01,1,1,1,1,1,1,1,1,1,1,aeeda02ad37e5d0c2b1cf6249cbc6d5c4fbbe0be553c3b7e75e5745248b2926d
193,161,2,SO-P0161-R02,1,1,1,1,1,1,1,1,1,1,8548c44439d2c4d2f21058b1afa5d97c7c2c55b419cf6e8c3c683bdf76997bd7
193,161,3,SO-P0161-R03,1,1,1,1,1,1,1,1,1,1,7ceb19ae5ada7e015ad2d0e7a64c576c831b68e882fc6561cf2409ffead014f6
193,161,4,SO-P0161-R04,1,1,1,1,1,1,1,1,1,1,bc730195ae354e97d7b5d69499d15c3bf60142d8ff1f13f3d553a704cd2e78fa
193,161,5,SO-P0161-R05,1,1,1,1,1,1,1,1,1,1,59f1201ae79ba5405bc869c553c37fe028870054a4506d5b7bbad870be72a1f1
194,162,1,SO-P0162-R01,1,1,1,1,1,1,1,1,1,1,5fd605d4868ce0439922f57d02f483fba6752bb826e1fc8cef2e282862b0e399
194,162,2,SO-P0162-R02,1,1,1,1,1,1,1,1,1,1,5f722e259a68ce3d5c38c3dd3ca8862b8852c020edd38006be12e1bff2462ac0
194,162,3,SO-P0162-R03,1,1,1,1,1,1,1,1,1,1,076973e4d843cafaa9ef6b343b0e9e293aad26fc8e271bff8b5bcbaf2dfbe647
194,162,4,SO-P0162-R04,1,1,1,1,1,1,1,1,1,1,be09885d7fd4622554eb364bee6285b5a1dece9e5325f9e0aac63121bbb8f055
194,162,5,SO-P0162-R05,1,1,1,1,1,1,1,1,1,1,ada49a4f2bf999dff7b7fbb1830581bfcc3ab83aa655569d4a28fc714f4f1d5f
198,163,1,SO-P0163-R01,1,1,1,1,1,1,1,1,1,1,29b6904b5ffb6d8a528e4b1fa7241a298a11fd838c4b491074157ac2b2fec30c
198,163,2,SO-P0163-R02,1,1,1,1,1,1,1,1,1,1,89ed8beee2495e8efcb6d209569b30990d9aeff56e00f0142f272a6d45170844
198,163,3,SO-P0163-R03,1,1,1,1,1,1,1,1,1,1,f73ea9c043d2de0babd951e9c47c4e175887fc3601775f87c96e582144001864
198,163,4,SO-P0163-R04,1,1,1,1,1,1,1,1,1,1,24ac4823f219d7e5700753ef0543fcb2f83d11b753fe4627a410226b72fb7eef
198,163,5,SO-P0163-R05,1,1,1,1,1,1,1,1,1,1,3a70b762d7b918613f83d480ee0314a07bea267ca8ef8b0e2991a01e14175a07
199,164,1,SO-P0164-R01,1,1,1,1,1,1,1,1,1,1,5a74afd6d55968ad435d107c8269c9db7463d63486a8956cc0c58f232fe246ed
199,164,2,SO-P0164-R02,1,1,1,1,1,1,1,1,1,1,44f32c81485ef7ad77aa5dd2f236a4f7f034fc7012a4b375416cb168e1ca54ab
199,164,3,SO-P0164-R03,1,1,1,1,1,1,1,1,1,1,fd259ac8bd1e3ef608f5845e8b250607a723144a16f8c37ee9f062da63e9f6fd
199,164,4,SO-P0164-R04,1,1,1,1,1,1,1,1,1,1,8c1b12fcd7cb3604de63899feb136b386407493e525f7a18de7e3c64d39b228f
199,164,5,SO-P0164-R05,1,1,1,1,1,1,1,1,1,1,3b1abac7e460003dea6868cfa42d970c8fde57c001b4da388d84466fe810987a
200,165,1,SO-P0165-R01,1,1,1,1,1,1,1,1,1,1,469022d20483f9196d288eafa18eb6df87e7adae07733ced7cd144be4c5d3839
200,165,2,SO-P0165-R02,1,1,1,1,1,1,1,1,1,1,0e26a9cbd8c386a4f092586687a8db16cbd4397eaefab74380c71e7e628770ab
200,165,3,SO-P0165-R03,1,1,1,1,1,1,1,1,1,1,ab8767dbee74a26b875894c63d031c0e236208dca5732a9fe28cdb7153b8499e
200,165,4,SO-P0165-R04,1,1,1,1,1,1,1,1,1,1,f38309631c3bfb356d08733fdcc834d78e3dbfa169b72c9e565461a4060538f7
200,165,5,SO-P0165-R05,1,1,1,1,1,1,1,1,1,1,d99f8d29c1105dbab4a81feda971f6ffb4f52a7f61cdbafefbc1b5098b74271c
201,166,1,SO-P0166-R01,1,1,1,1,1,1,1,1,1,1,df5a597af4e0aabc053725b6d2def5d896fff9455d9c2ae52364d1d7cd27f0a0
201,166,2,SO-P0166-R02,1,1,1,1,1,1,1,1,1,1,b5caeddb2114431e18746ce3653f7d90cce4605606c33fe9607098b586689caf
201,166,3,SO-P0166-R03,1,1,1,1,1,1,1,1,1,1,b7b0aca89436999ec64d7c78aa748c61c51a9ae011b8bcd72b5a43975f2bd025
201,166,4,SO-P0166-R04,1,1,1,1,1,1,1,1,1,1,bda357cc5e58e181bea1fb993af010ffbb8535dfc921a1ff7fff839e222e5a9b
201,166,5,SO-P0166-R05,1,1,1,1,1,1,1,1,1,1,662b902a61deab3026d2a70b0158b870de1a1fd1e52eb075c6670f296a4b0510
202,167,1,SO-P0167-R01,1,1,1,1,1,1,1,1,1,1,f07495a429dbfec1711ae85cc91852920f9b8b9b51a866592800c76ca2d0c480
202,167,2,SO-P0167-R02,1,1,1,1,1,1,1,1,1,1,1a06dbcd14a2378b7d31982d1ccf2687e650ddaf906cb01329638d6d6b7832b5
202,167,3,SO-P0167-R03,1,1,1,1,1,1,1,1,1,1,518aeaa66f7a68334b8c97366eeeb296858c1074feb016aa5bf3db6b41af86be
202,167,4,SO-P0167-R04,1,1,1,1,1,1,1,1,1,1,de22f96ab6ca952dfd43401a1e1facd01ad8a6ea6ed7901fd125e8123fdc8a89
202,167,5,SO-P0167-R05,1,1,1,1,1,1,1,1,1,1,2eb633c13c92854dde4ca48352b1a55bd1ae906c9ba6e6d0e4db8d5fa07dd577
203,168,1,SO-P0168-R01,1,1,1,1,1,1,1,1,1,1,dd5505fa9925dea95e756e525df477756932f153adf9bd482660a3b0f6f50f5d
203,168,2,SO-P0168-R02,1,1,1,1,1,1,1,1,1,1,79cc3c3b43ddf3d9d0b1de1d99c2eddc6cd54ccf5409afa7b660a44d9623ea9f
203,168,3,SO-P0168-R03,1,1,1,1,1,1,1,1,1,1,3ed6145b4c0b8c6dc92b7904410213f5b3a93dddc1f14c79d4a0295db243e9f8
203,168,4,SO-P0168-R04,1,1,1,1,1,1,1,1,1,1,5a39da95e6d773e087ba8c56c61c11c89a57e7577279c3bd5ba92b03b75ec752
203,168,5,SO-P0168-R05,1,1,1,1,1,1,1,1,1,1,ad11c56b5e03cb8c58c5e03f1d4ce5118a27471dab52ec575fb72c1ed251843a
204,169,1,SO-P0169-R01,1,1,1,1,1,1,1,1,1,1,7d0f67b1327b16d34a8c86edd253b6ff1a0040bc62e57baf995641f5e24bfc66
204,169,2,SO-P0169-R02,1,1,1,1,1,1,1,1,1,1,bf16a050573b84439b131b13c04b6db366cf5d33a27dfbb5b66eb392a25d58f4
204,169,3,SO-P0169-R03,1,1,1,1,1,1,1,1,1,1,2b7c99577cd0828f1d8147b08d2373e12c513f3fcf45c37c5254019e1ddfa076
204,169,4,SO-P0169-R04,1,1,1,1,1,1,1,1,1,1,a499c5b3206bcd84ce34403b57479c6822ff72fddc9eeec27a3cacd6a6702b8a
204,169,5,SO-P0169-R05,1,1,1,1,1,1,1,1,1,1,7ac497d7ab5c4b32ebe67896878eaf8397c2ec44a0dd3c13f384daa5a97ef2b7
205,170,1,SO-P0170-R01,1,1,1,1,1,1,1,1,1,1,1d44096430d42529ad39a00cdae201468a3f6dffb48af6541fd8d4dcdaf7ca72
205,170,2,SO-P0170-R02,1,1,1,1,1,1,1,1,1,1,c0637696ddbb9d715a049b5fe214d9282e055496cd6c93ffbbbe78af7b07e715
205,170,3,SO-P0170-R03,1,1,1,1,1,1,1,1,1,1,bdf648349e4046b12cdc65bde4a22cfbde52f2a519a7c3668b292ae473bd3fa5
205,170,4,SO-P0170-R04,1,1,1,1,1,1,1,1,1,1,bd8270c770f910f2ce88b997a2f428c110ed897e61b9d84deea7ac3dbfe2f54f
205,170,5,SO-P0170-R05,1,1,1,1,1,1,1,1,1,1,3b3acd7e1d40e7e516c29037f363e4ef85d340cf88fc07cbed7a3d028a861a05
206,171,1,SO-P0171-R01,1,1,1,1,1,1,1,1,1,1,b12ebb8d5fef8ea5a33bb311f4f227f10e6c354ba310db4d465dd9d199e3e86c
206,171,2,SO-P0171-R02,1,1,1,1,1,1,1,1,1,1,aaa1375853ac5b03a623d1d8e8468fa00303c24b63af2b636034d9820de65e60
206,171,3,SO-P0171-R03,1,1,1,1,1,1,1,1,1,1,6a9163d55ff95d32ed6cee96fe4d0d250fc013e7a4d655aedaa97fcb8ca08183
206,171,4,SO-P0171-R04,1,1,1,1,1,1,1,1,1,1,44ddec735e081bb411cfd7cbe338c0be90dbc865142f4a1b0be9b85fd79873a2
206,171,5,SO-P0171-R05,1,1,1,1,1,1,1,1,1,1,5071e7dae44e60e23f967758ab3fac350222cd3b4b2a4b7620e7e3da5e81e27e
207,172,1,SO-P0172-R01,1,1,1,1,1,1,1,1,1,1,a856d1c9416838ea0ef96632ea908feb8ca06f80033da8fc60cbcdc9ad3fcdc9
207,172,2,SO-P0172-R02,1,1,1,1,1,1,1,1,1,1,69becea6c0471312ff98a0bffc63385a1c0e84c784ba6ba8e97e13c9d8315903
207,172,3,SO-P0172-R03,1,1,1,1,1,1,1,1,1,1,808fcc71847c56daf77c49045b92095d91b84abae075a1c9c41759606c88ec41
207,172,4,SO-P0172-R04,1,1,1,1,1,1,1,1,1,1,642bd8a2d4de66fb7acb69188865d34ea1a45b76de21feef2553535eb46c7430
207,172,5,SO-P0172-R05,1,1,1,1,1,1,1,1,1,1,393ee36b95f7c44e507048a7f38c469008d09e9fca4c503f12ec73f3a2d81f04
208,173,1,SO-P0173-R01,1,1,1,1,1,1,1,1,1,1,3e0311153e9775a638eccef726afc8603017a1026e8bfe83b108540e574f4ac8
208,173,2,SO-P0173-R02,1,1,1,1,1,1,1,1,1,1,ff79a4ef3fab8009e18d172f07701a76ee7329571d01df1d5fd8061fddd5634d
208,173,3,SO-P0173-R03,1,1,1,1,1,1,1,1,1,1,8f6dba6e6b918068ec0237a5186889d3d3f22bd434eb9c90e583cacdebc7f5a1
208,173,4,SO-P0173-R04,1,1,1,1,1,1,1,1,1,1,9c445fb9594679e05871000042d20d663de09cf60ec0e81c2ab153a0c4897cc2
208,173,5,SO-P0173-R05,1,1,1,1,1,1,1,1,1,1,af86689f5f6b58e520e4f0db28432c22a9d8deb363222562a97a9a2539a0cc2e
209,174,1,SO-P0174-R01,1,1,1,1,1,1,1,1,1,1,8a55f2be5d31d5a3108c6e669476f844d7a458cac81be828d44ba474b108d561
209,174,2,SO-P0174-R02,1,1,1,1,1,1,1,1,1,1,b158095e67ce55099d934f64c7aa5d6e77c3f8b4d1ec8d4da426057dcb99fc4e
209,174,3,SO-P0174-R03,1,1,1,1,1,1,1,1,1,1,d19c63146d33ab2637a3d5de8e89587e9da3b0f2d596960137bf42545efff1ff
209,174,4,SO-P0174-R04,1,1,1,1,1,1,1,1,1,1,4213ce796d4951151abac4be57958f55c0c28d34760b9e5fe0483ede902da706
209,174,5,SO-P0174-R05,1,1,1,1,1,1,1,1,1,1,177632ae9e3ee6070f69967007ddb8609701d288acc52ccfcd5ce7c8b80b509d
210,175,1,SO-P0175-R01,1,1,1,1,1,1,1,1,1,1,4d37b7c97e3ee6581c224eab2a1f4db073929b5e779f05d82b6043ab4f4e5763
210,175,2,SO-P0175-R02,1,1,1,1,1,1,1,1,1,1,1ce3f58e480c1055ce938c469ce38886af1805090d9d9e8c664b820db6cbd3ce
210,175,3,SO-P0175-R03,1,1,1,1,1,1,1,1,1,1,579e0847ea89c7db407fff535565ca95a6f05629eeaf76dd1756e2b8d1402df1
210,175,4,SO-P0175-R04,1,1,1,1,1,1,1,1,1,1,46071b70b669ea5bf4bbf95d7867772afc69117c93f48e48108c1a07842fdb1c
210,175,5,SO-P0175-R05,1,1,1,1,1,1,1,1,1,1,2116f4d8df6d791092f5722bf06acd8f79d6755ce3df91f5ccd2f3e19238d051
211,176,1,SO-P0176-R01,1,1,1,1,1,1,1,1,1,1,796f6634d2dd243a1eab8c42bbbdb49b0e2afada6c32991b4e64753adf6af96e
211,176,2,SO-P0176-R02,1,1,1,1,1,1,1,1,1,1,bb1ce31babcc7abaa2f6f1e2b07b70a901a711bb14a8e5777d3010951dd1a70b
211,176,3,SO-P0176-R03,1,1,1,1,1,1,1,1,1,1,24d586fc387a02e9c3417715ba0edbd396db4903ea16aada2d27d01fb1d376bd
211,176,4,SO-P0176-R04,1,1,1,1,1,1,1,1,1,1,815840bb67e2a97be3e1e28a58f7657c60d764aaf50bbd81302b8c2a7f4c58e3
211,176,5,SO-P0176-R05,1,1,1,1,1,1,1,1,1,1,f5ed5e8b724c7e0c2341f3b43f6da5b52a5933525cc56aebe9b7dde93bebbaad
212,177,1,SO-P0177-R01,1,1,1,1,1,1,1,1,1,1,82eaebb2bf514722421e173ae7740f5575fdd6e1ea5d36aeedeed9ca7badb58d
212,177,2,SO-P0177-R02,1,1,1,1,1,1,1,1,1,1,e2c36ba331bb459f485abc73d0f561ba4dba57bbad1f025a1c260e813bcf283e
212,177,3,SO-P0177-R03,1,1,1,1,1,1,1,1,1,1,058b179b3bc292196f3ed957e0d9287842e85b0ec15b5f85cf7cd0b1a5982cb6
212,177,4,SO-P0177-R04,1,1,1,1,1,1,1,1,1,1,89efa991017350b53987630dea05f1e8075b86d086aba185dc663ae86f575889
212,177,5,SO-P0177-R05,1,1,1,1,1,1,1,1,1,1,f76ceb15f44cc78d280c911a474cbb8a36931d50f136703b2743cf9272169140
213,178,1,SO-P0178-R01,1,1,1,1,1,1,1,1,1,1,b4f31b56940009ef576ee44db029635700dc3404b0263416370cd8260038d06c
213,178,2,SO-P0178-R02,1,1,1,1,1,1,1,1,1,1,5649e5b997b59956d86bc51deaee965d56a306ff6a31cee11595e0f73ad0d074
213,178,3,SO-P0178-R03,1,1,1,1,1,1,1,1,1,1,869883f59acdfb46383a29aa45594ec2500de395f9ce07687035474a03833d46
213,178,4,SO-P0178-R04,1,1,1,1,1,1,1,1,1,1,55182731420e69a33d2d598934ae2d601c54a65e9ed5d72ee1dc7d241dbf88c9
213,178,5,SO-P0178-R05,1,1,1,1,1,1,1,1,1,1,1b95d057758860e5085b5888c34c1fd53f7151898a853aa0567bf3f05566b31a
214,179,1,SO-P0179-R01,1,1,1,1,1,1,1,1,1,1,461c8b789f1288a6f6d95a7110254d97bfa36361d2cb9809ada39905d832febe
214,179,2,SO-P0179-R02,1,1,1,1,1,1,1,1,1,1,3139b144d1353cabba863a9461e090e3c1bc6fddbf8403867d58fab03b5e53fb
214,179,3,SO-P0179-R03,1,1,1,1,1,1,1,1,1,1,c257c980d4272dd727aa72820a3a808faf7bccb0a29ad4a859824270df9ccf4e
214,179,4,SO-P0179-R04,1,1,1,1,1,1,1,1,1,1,a10d3d37756cb1a08f189c071d916c9028f7f135762e5f412cacc775ed1cf10d
214,179,5,SO-P0179-R05,1,1,1,1,1,1,1,1,1,1,b435e6adb73d92d7eb0225e7a5ac92fd6e4c638b7ac927c7d85b50d4bffc57cd
215,180,1,SO-P0180-R01,1,1,1,1,1,1,1,1,1,1,b905648d4e57db6aa22dcca522f78eed19b8d1071f6817d7dfcbce2a739897f8
215,180,2,SO-P0180-R02,1,1,1,1,1,1,1,1,1,1,9e80679f9c49abc36deb181c4904409b0af3b24fed25021ce17d4b45112cd1f6
215,180,3,SO-P0180-R03,1,1,1,1,1,1,1,1,1,1,ec3002f30d09f346cb5ad9f9347f1951d937a28e842f8d17f55542fb3b638294
215,180,4,SO-P0180-R04,1,1,1,1,1,1,1,1,1,1,19d13dd1ae37afae93c51e21aa5142c28ad0565882d843dec039a010ff3fd62a
215,180,5,SO-P0180-R05,1,1,1,1,1,1,1,1,1,1,417ff1decbe1d7541e0ce8cabe3bdd7cadb1d63c9751db740963ef51f468e792
216,181,1,SO-P0181-R01,1,1,1,1,1,1,1,1,1,1,5bb169eebbea2e5f41c41cc0f221c0d4beeb2d296c4323f3dd89d135fb56d0f5
216,181,2,SO-P0181-R02,1,1,1,1,1,1,1,1,1,1,73cf042f6908e22e0048a8178730a47498bfc5e802b3867e2524d1d2e6d4cbd7
216,181,3,SO-P0181-R03,1,1,1,1,1,1,1,1,1,1,1de9699bb3fc5bc79c9d8d63b52d0beb15bab98cf57bc06de721d554b1e0e9b9
216,181,4,SO-P0181-R04,1,1,1,1,1,1,1,1,1,1,eff9311e81b9235e4e8c7de3f3a4a354b2ab19c885dec77d1afee73d12c5af6a
216,181,5,SO-P0181-R05,1,1,1,1,1,1,1,1,1,1,a77567dfe4fcc4075a7e2e034a0e4811ed128f784414883133b1ab1f884f8c0a
217,182,1,SO-P0182-R01,1,1,1,1,1,1,1,1,1,1,477bea6a888ac8ca885207ba13e04189f45871c459df6448dcb6f62f7d148a98
217,182,2,SO-P0182-R02,1,1,1,1,1,1,1,1,1,1,5c9cc0bb5b3a45293fd33b014c6307d2b19e9cb239732a8347325d60cfdaf23d
217,182,3,SO-P0182-R03,1,1,1,1,1,1,1,1,1,1,64da6bfff07a2e20ddc083370cf46e18e821a59884996b0a98117a81cd0d4fc6
217,182,4,SO-P0182-R04,1,1,1,1,1,1,1,1,1,1,b71fe15c12a4c34b1c02670e097328058839e4dc32472ff5501cff27ca3258d9
217,182,5,SO-P0182-R05,1,1,1,1,1,1,1,1,1,1,492cf4fa7719786f3fa3e35b7bbff3078d25fac102b50d8284c14822588d6da4
218,183,1,SO-P0183-R01,1,1,1,1,1,1,1,1,1,1,2ff41302e5d72eded3005c7a8360fc6ae257655210a572df1b6d1d310bf191af
218,183,2,SO-P0183-R02,1,1,1,1,1,1,1,1,1,1,7728478c9e34622822b112881739f77038f37a21f00cd4671b83e66e30bf367a
218,183,3,SO-P0183-R03,1,1,1,1,1,1,1,1,1,1,b46fe70cd39540bd9a3a7ec5a4c7d3bc56bbdc3dbccf7940ec71a17f6fadd775
218,183,4,SO-P0183-R04,1,1,1,1,1,1,1,1,1,1,29e3fd54f7c92cd98ced7872a71c3f842c0b16cae31f3bd6500407922e6e58e5
218,183,5,SO-P0183-R05,1,1,1,1,1,1,1,1,1,1,93fddf0455ca4a47aa46c8afb1b5230f87f6dca3e0b4f8c49817c8e0c25221de
219,184,1,SO-P0184-R01,1,1,1,1,1,1,1,1,1,1,65107fda9d74ff5ca5e116c3c7ca3a3ed9e2f6f13410abb2d397204daeda2b9e
219,184,2,SO-P0184-R02,1,1,1,1,1,1,1,1,1,1,0e247faeecc56f406ac5ee09e2e310dce9172bfd8f23046be909ee647cb50384
219,184,3,SO-P0184-R03,1,1,1,1,1,1,1,1,1,1,229c6bfa7bc8e1f001518cf543a3c3ed86fc37ca4469d8ecd65ce7b3bc759ef9
219,184,4,SO-P0184-R04,1,1,1,1,1,1,1,1,1,1,0bc2684f41749d0b202e49b6040498f7206866c25767d7166d63bf77e1471a1b
219,184,5,SO-P0184-R05,1,1,1,1,1,1,1,1,1,1,8c8e1374db31696f2e3cf73c8fdb7609dc745111bf455898b783650a381f5d0b
220,185,1,SO-P0185-R01,1,1,1,1,1,1,1,1,1,1,0582c82cd97660b0b5c700eac6705fc27cf1ed7885a5ca9b841abc3ef9974f3a
220,185,2,SO-P0185-R02,1,1,1,1,1,1,1,1,1,1,ce446c6a8c8e02014c4e02438bae6d4400a17a02ef383be441a39a38056a8f56
220,185,3,SO-P0185-R03,1,1,1,1,1,1,1,1,1,1,0c355e8a1e4cd2cb47cb3bfedc7bd1ef305beba5448b517e435dbb9d9230cbe7
220,185,4,SO-P0185-R04,1,1,1,1,1,1,1,1,1,1,e98c5906bab3b8e5412e301e5373629c2a0cc3659f32b9b4887e7e80bcb83c9f
220,185,5,SO-P0185-R05,1,1,1,1,1,1,1,1,1,1,f52853f62f30a10feb9c7872eb4b0b250e082788453250a4dd4ef7f8b9ff3f34
221,186,1,SO-P0186-R01,1,1,1,1,1,1,1,1,1,1,8eea08b2fb80f8a779f6aa160bde5edd205f3e4158739fc1b0988f58e11b2876
221,186,2,SO-P0186-R02,1,1,1,1,1,1,1,1,1,1,971102911f4e7ddfdb0375d97a91fbed3ab93de73817f6dc3fd6f259c834ad44
221,186,3,SO-P0186-R03,1,1,1,1,1,1,1,1,1,1,72f791c9e5efe8d607e7a0cc6424eaf8e20db0fc7165c9a9a9d9f4f98c390cae
221,186,4,SO-P0186-R04,1,1,1,1,1,1,1,1,1,1,a55897d6cb6f8b79d9ad75e563b16c1c0f7016397df3e0e0806de1b3c739f9a4
221,186,5,SO-P0186-R05,1,1,1,1,1,1,1,1,1,1,dd913a92cdb506310dc8696278bffcaa958d9985a58c7aa3371ae8bf8b7c847c
222,187,1,SO-P0187-R01,1,1,1,1,1,1,1,1,1,1,26c1135eaf9961a069017a64635982edba13673a41af04ca7e643a28e6395f5a
222,187,2,SO-P0187-R02,1,1,1,1,1,1,1,1,1,1,07443a638ee8334ef4290f68303fb367b6c5b2c5f54d7a07d0231907704f680e
222,187,3,SO-P0187-R03,1,1,1,1,1,1,1,1,1,1,997ac45af45c720c83b3b9a16aec20c936f65fa15918e59375c0c6e4e59afe5f
222,187,4,SO-P0187-R04,1,1,1,1,1,1,1,1,1,1,377bbed18bacaff89022ddbc70b840175a40f3abe3e4886eb4f4c12e57b0a5bc
222,187,5,SO-P0187-R05,1,1,1,1,1,1,1,1,1,1,2104d747d061adf4399774f8135eb872d5b7fa3d6bb3550d9580169c9218661b
223,188,1,SO-P0188-R01,1,1,1,1,1,1,1,1,1,1,b1d142a6f89eedfedf1e63318eec35acc79cc4430580bbd69e3a9e992ef02002
223,188,2,SO-P0188-R02,1,1,1,1,1,1,1,1,1,1,0488fda3dbb33cda299eee3fcff023461cd4abdc1fe2fab59bf8cdc50a6aa783
223,188,3,SO-P0188-R03,1,1,1,1,1,1,1,1,1,1,6c5572d63eab426f76162c2d627b08115d78018be5ed0cc46f0543fd9f798b3e
223,188,4,SO-P0188-R04,1,1,1,1,1,1,1,1,1,1,a72c3e111ad5e60087918a388135fd8cfdf350329dd8a397afa85f4bd0479f2a
223,188,5,SO-P0188-R05,1,1,1,1,1,1,1,1,1,1,9d9f27842e71fee37b7ceac5842310d548a2e2a05c5274961b56452954d6256e
224,189,1,SO-P0189-R01,1,1,1,1,1,1,1,1,1,1,732b93b6fbb97974d57ab5c847fc98722e6602b1d7605b0209ce0d39fe6f237e
224,189,2,SO-P0189-R02,1,1,1,1,1,1,1,1,1,1,dbcbc43a99d6b4f742c08e74a7cc3a3c23a907760c07b926878e1cddd5c4361c
224,189,3,SO-P0189-R03,1,1,1,1,1,1,1,1,1,1,9f129f1b4f785498c5daf6c5266e459ff6c968896c6475985f328a5c674e5549
224,189,4,SO-P0189-R04,1,1,1,1,1,1,1,1,1,1,b6a90293f2a7b24221d34ee1de751ae537d18460cc43f7cce6d24f5cd78d73f6
224,189,5,SO-P0189-R05,1,1,1,1,1,1,1,1,1,1,3656f194aa0da9416db75997e85d30833cbcb6576ed3b64f813bfa0dddc7ae1f
225,190,1,SO-P0190-R01,1,1,1,1,1,1,1,1,1,1,088275848a346d6035eb2861fd8470322deac92fdfe484bdeac393b4e758ecac
225,190,2,SO-P0190-R02,1,1,1,1,1,1,1,1,1,1,d4f500bb3a6424e81e697d942d2f2f4c849eb816437c5109e7f73f131dc79e6a
225,190,3,SO-P0190-R03,1,1,1,1,1,1,1,1,1,1,321a7ca82e34d421b2ea5e06d92c38ca6b76fdfed672a13e3f230c1af39dc661
225,190,4,SO-P0190-R04,1,1,1,1,1,1,1,1,1,1,e0aadbf5243fdd54c1d88c1b8abe94966103e4f35be28de2f3b11c392fe31eb9
225,190,5,SO-P0190-R05,1,1,1,1,1,1,1,1,1,1,498e691871be40af86537db6488ded07e2d80bbc7587f7e24902fb0f83c25afc
226,191,1,SO-P0191-R01,1,1,1,1,1,1,1,1,1,1,673b5948e8e9070461efb19bae94e5c50f98957731ae491f65f6631eec895ffd
226,191,2,SO-P0191-R02,1,1,1,1,1,1,1,1,1,1,eb6056c7a49c85b0505ec8ec2805f5dd73bdf81c49dacf0103206806d7aa960e
226,191,3,SO-P0191-R03,1,1,1,1,1,1,1,1,1,1,f742249bf26ac558a9e91e527659773a18a6ccdabc15c6928aa1bb681e154746
226,191,4,SO-P0191-R04,1,1,1,1,1,1,1,1,1,1,06913e34631df9102540a7d6adb2631a12122bf30a6d1a58df64754082fab306
226,191,5,SO-P0191-R05,1,1,1,1,1,1,1,1,1,1,0afa13464ca40a6dc1b20b58c936cf8a88fc5194855582568a64e4c5f817d07a
227,192,1,SO-P0192-R01,1,1,1,1,1,1,1,1,1,1,3b3829dcf8fcb98ed39a4a839b0f034424e56d2ae400cff050ff0757369b714d
227,192,2,SO-P0192-R02,1,1,1,1,1,1,1,1,1,1,9304e6c5c36639fa22be985ac6e21370e392c4087ac6fb91679ea0030c0e22ae
227,192,3,SO-P0192-R03,1,1,1,1,1,1,1,1,1,1,53262e8ba9b9956b9adc319ee5f6064247d4974d86b7de2882d6edbf818707d7
227,192,4,SO-P0192-R04,1,1,1,1,1,1,1,1,1,1,a9cd4c24a1338c778d6fccf921129d9ec39eccdefb27842e26b4d8d14600c0e8
227,192,5,SO-P0192-R05,1,1,1,1,1,1,1,1,1,1,6d9d5c376e55ac78d42dbe79da12a7931a1d584a930910880137d56b9105ebd7
228,193,1,SO-P0193-R01,1,1,1,1,1,1,1,1,1,1,ffd45c7b8a3e4d402118dcc9de7d3b1c23c490d7c4926154ceee245a3e9c3b3c
228,193,2,SO-P0193-R02,1,1,1,1,1,1,1,1,1,1,7ab9ab774e891b818ec30a09ffc3604d0e8973da9e3b2d60e0709165c90fdc7f
228,193,3,SO-P0193-R03,1,1,1,1,1,1,1,1,1,1,3905a8c22f4f69f25a380c601900e6aca40c1db6b939277f6b6da8f721c45db4
228,193,4,SO-P0193-R04,1,1,1,1,1,1,1,1,1,1,b2448d5f88fde055a6f0dc95910befa2932ea6662f95a9380c28e6cf54e66413
228,193,5,SO-P0193-R05,1,1,1,1,1,1,1,1,1,1,ae44c29c7d955c34326c88f6fa55876711fe9c19b9d6480e71dad5b599bcc583
229,194,1,SO-P0194-R01,1,1,1,1,1,1,1,1,1,1,5f041ab25ecfe002692b8e32da2ead6ba92da4bb59bde7417ec5ce9b703f70a8
229,194,2,SO-P0194-R02,1,1,1,1,1,1,1,1,1,1,244f33ca9483df228ae279528e8d78cfdafb58e7e5e6876715680bd6dd4b288f
229,194,3,SO-P0194-R03,1,1,1,1,1,1,1,1,1,1,74dada2bb72fa786dcdef968873c5d096f882d91d214fb1057664620cbe8f127
229,194,4,SO-P0194-R04,1,1,1,1,1,1,1,1,1,1,67be2436230412a450f0e53fc4fab35bdc25d1e67d7fb107d032c72b10312918
229,194,5,SO-P0194-R05,1,1,1,1,1,1,1,1,1,1,f961997ee1eaac084769000b5e06fd53d9bbe0c43ea1579aad89d6fdc126ccb9
240,195,1,SO-P0195-R01,1,1,1,1,1,1,1,1,1,1,143f4e2f6d98a407bf57caf7b597fc6bee03fb7f785833e299fbfd3fe8c523de
240,195,2,SO-P0195-R02,1,1,1,1,1,1,1,1,1,1,653d9b3059cf1e883fb6b27e7b19af57959801d349d41f994debd4a1318b9628
240,195,3,SO-P0195-R03,1,1,1,1,1,1,1,1,1,1,87eb331c0ab51a215a0bf628fad4fb52e25fe674188ab4475294638b2ea71cd1
240,195,4,SO-P0195-R04,1,1,1,1,1,1,1,1,1,1,3ea17f55c3f20079ea6ead6ecbc96a27f00344fbc21158598e1c65cc8c46e74e
240,195,5,SO-P0195-R05,1,1,1,1,1,1,1,1,1,1,c1e277853678f9925a21530ba11206be7bd1e8d4023605bc105289a21a4f2d1e
241,196,1,SO-P0196-R01,1,1,1,1,1,1,1,1,1,1,51a012cd82b6881b6e9683d9ec8d75e8e7ee5a2098ddd01971bd3838448dcd18
241,196,2,SO-P0196-R02,1,1,1,1,1,1,1,1,1,1,0ba3872836c60e3ce18c6145a9ed3a67c982d669c1294b0a23066fdeeaa38798
241,196,3,SO-P0196-R03,1,1,1,1,1,1,1,1,1,1,e60400a37f0cd34197e223ee3823816250dea9febd0d0234726f01c4f84e3990
241,196,4,SO-P0196-R04,1,1,1,1,1,1,1,1,1,1,cfd3e6de3b05852fc253f82eb305942e1cbe66f7d4b62184cb3c1655139fb6ee
241,196,5,SO-P0196-R05,1,1,1,1,1,1,1,1,1,1,9471d4c6dfd68d817ea6093b10d3f7683e8010644698af6daba7cc2189f1b18d
242,197,1,SO-P0197-R01,1,1,1,1,1,1,1,1,1,1,8c565cb282425d950a3c015d7a99a3727d2e8b3e6a690168baff62c296806509
242,197,2,SO-P0197-R02,1,1,1,1,1,1,1,1,1,1,963238644b5dfa4e9d7f0337968fb18251c4d1be07ee43839bd8f3afbd88c974
242,197,3,SO-P0197-R03,1,1,1,1,1,1,1,1,1,1,ba576f00a2b90b2547766b0ed19ad5462880296d2fc6dca5120832a89a7b9188
242,197,4,SO-P0197-R04,1,1,1,1,1,1,1,1,1,1,dc6370cc5b7b8c010d6e9272ca432de63abeaf17d325cc239c0c125bb0a09915
242,197,5,SO-P0197-R05,1,1,1,1,1,1,1,1,1,1,182ba9466a98c1ca09b486b38012b1e698e23bad92a05735a156cfdcc4370e66
243,198,1,SO-P0198-R01,1,1,1,1,1,1,1,1,1,1,8774477574fb0b6d3e4add99b64dc013878b59fd4327e2a6a59a63078bedd16f
243,198,2,SO-P0198-R02,1,1,1,1,1,1,1,1,1,1,3b0adfb32b67ccc317bf77077711d7e7e9b27bfba502055e01d7e3e9bbcbec77
243,198,3,SO-P0198-R03,1,1,1,1,1,1,1,1,1,1,2e546eb71b201738a6e155590b8506541facfcd42d175bc5be3ef6c4c5526b34
243,198,4,SO-P0198-R04,1,1,1,1,1,1,1,1,1,1,84ec3a03ee5d90b5d189dba1fa9ff36000997bfcfdbdf566a6478ab68486d7ed
243,198,5,SO-P0198-R05,1,1,1,1,1,1,1,1,1,1,d1bb91a24e3e7f92bda5e5afb6c62e465ede3333ffec968f8cc06311411fa9ec
244,199,1,SO-P0199-R01,1,1,1,1,1,1,1,1,1,1,be22cdcbd87c8d87b0a4ca18b877ea32d9ad5e393ea69635f14932dffb3ab9c9
244,199,2,SO-P0199-R02,1,1,1,1,1,1,1,1,1,1,35d46bdeee9fefea9f4631ead3b1dabb3f3b1c6753fc02a39459c2a2e2e1cce0
244,199,3,SO-P0199-R03,1,1,1,1,1,1,1,1,1,1,9340b6f946da813fc43be0c2079d302d9514fdcb06bb785d67e39b682997debb
244,199,4,SO-P0199-R04,1,1,1,1,1,1,1,1,1,1,ec30cf62729462944041d620c7d224a1166fba9fb6b8f9748fd8f286da78e3da
244,199,5,SO-P0199-R05,1,1,1,1,1,1,1,1,1,1,4c1dfa66342185ded0104ff5573ea3d03dffdc4bd39f5549d153030eb4cfb0b1
245,200,1,SO-P0200-R01,1,1,1,1,1,1,1,1,1,1,a55036a327dc92223769075617deb96bf8a1201718a2b0a229325e934729d3f8
245,200,2,SO-P0200-R02,1,1,1,1,1,1,1,1,1,1,97c3687a153a69dcc6d386b72bdcdfebe3ff18b5935f3db780739d42f9221ccd
245,200,3,SO-P0200-R03,1,1,1,1,1,1,1,1,1,1,1036f6b1e0b5afd4476cb0c2b9ca5dec10ede35e3f19e93bd084d31fd44a41d5
245,200,4,SO-P0200-R04,1,1,1,1,1,1,1,1,1,1,9299c263cbf3d5e3bbf3b380ef1f2041564b37b4bb0f51ba288361f042fc2537
245,200,5,SO-P0200-R05,1,1,1,1,1,1,1,1,1,1,513f5e1673c60332343e9edd31dea58df7320a567bf55c008e65eb09f8746200
246,201,1,SO-P0201-R01,1,1,1,1,1,1,1,1,1,1,815ea620e3e6f45ea1f7da1b5e7053b1b8bda5f41876c073e720c1143d5cbf2c
246,201,2,SO-P0201-R02,1,1,1,1,1,1,1,1,1,1,88e35b7cbdc70d7fe0a368aafd729e5329dd3df91bf862b5da52c802e79f5750
246,201,3,SO-P0201-R03,1,1,1,1,1,1,1,1,1,1,a711aa9703545a93399f0bf238dbd0783f9d7190bfecf55a4869eb161a87e0f5
246,201,4,SO-P0201-R04,1,1,1,1,1,1,1,1,1,1,6dc0c04183978aa58cced34ff4ce77177a1fb175d4482972fbb0a648dc36740b
246,201,5,SO-P0201-R05,1,1,1,1,1,1,1,1,1,1,a2fadaaa58b849e22cdb3751072cd11dec807dea8b7b2171fb89ae9a8847caef
247,202,1,SO-P0202-R01,1,1,1,1,1,1,1,1,1,1,f073cf283d5efb4b709b7f424d39cf6b15cb87e02e329c4360359be6cdac7804
247,202,2,SO-P0202-R02,1,1,1,1,1,1,1,1,1,1,96477763f3de26555bc83b99ef0704262555e2424fadd7e2d7e307dbae1f0c94
247,202,3,SO-P0202-R03,1,1,1,1,1,1,1,1,1,1,f2e50a258643b4b35f996839dbdbc6219ce0531d908de67f04bba30770fd2bac
247,202,4,SO-P0202-R04,1,1,1,1,1,1,1,1,1,1,391e52c76ad2e32377a3ab8d3b16136eade573b6d6b63a62154b61a25b5ff70b
247,202,5,SO-P0202-R05,1,1,1,1,1,1,1,1,1,1,4e93a1660e5b2f8afed9d56cf05f19c5ab0f4a83e1ed2fe4aeccaa6427436f1d
248,203,1,SO-P0203-R01,1,1,1,1,1,1,1,1,1,1,e74de72eb89f2592188dd7dcd8fc8fa0ffd1f0662d07c92efb60a1462db298ab
248,203,2,SO-P0203-R02,1,1,1,1,1,1,1,1,1,1,cab3ae5769a7c59fd8615cddb7e58690edb68f470d6dad3c2bb06d51764ec95b
248,203,3,SO-P0203-R03,1,1,1,1,1,1,1,1,1,1,9e3b937eaaf972395b1d500fffce360961ad758c67e14f7972306bff4cbab0b8
248,203,4,SO-P0203-R04,1,1,1,1,1,1,1,1,1,1,1c784bfd96beb1ca5bc51bb7e8d8ea37b76b89989150400aa32252813dac0678
248,203,5,SO-P0203-R05,1,1,1,1,1,1,1,1,1,1,d551e3d812985bf65e7c83980f040416ca323bc5515a35e8419524364fe509cf
249,204,1,SO-P0204-R01,1,1,1,1,1,1,1,1,1,1,77cce9c839053ee44a45a1d631ffd8c6d06060a195b40fd56029b874bdb34d55
249,204,2,SO-P0204-R02,1,1,1,1,1,1,1,1,1,1,675e081ebaa580de80d4ca1b54be2c867e9241045be9460e6d32faffc3de556a
249,204,3,SO-P0204-R03,1,1,1,1,1,1,1,1,1,1,2acccd2b77f1ca6118d42489b860264cebdeb3dea0a53bbba1f5bd9c92d0dc22
249,204,4,SO-P0204-R04,1,1,1,1,1,1,1,1,1,1,194be6e6038033289d2bead544122a243e6ebebd56c3d29fa3eee276c31d643e
249,204,5,SO-P0204-R05,1,1,1,1,1,1,1,1,1,1,df8fca64b8d6f136d8559632a3d990f989d2c8f783db049b655bf5cf94f042d3
250,205,1,SO-P0205-R01,1,1,1,1,1,1,1,1,1,1,c3edede5656b916efef25f06cfe92e9e84f70b2ed04af03b9c551140ccd00aeb
250,205,2,SO-P0205-R02,1,1,1,1,1,1,1,1,1,1,3df8a342d23a3dd95b9d6a76f192ce98db7e2a0ebc0575e78af351ed172d1a02
250,205,3,SO-P0205-R03,1,1,1,1,1,1,1,1,1,1,18f14cdd9f58a37e681f903946dc6d2f7db4890869deac927f3b307d85b69b75
250,205,4,SO-P0205-R04,1,1,1,1,1,1,1,1,1,1,b3ee68d4c4faf73f1a1f6a27e9cf1d13f31469b5d554e2a36af2530731458fe3
250,205,5,SO-P0205-R05,1,1,1,1,1,1,1,1,1,1,eec16eba6335f05c323f342d445b0f2f4ac119a5318ad3c3591a17cec5fe7a07
252,206,1,SO-P0206-R01,1,1,1,1,1,1,1,1,1,1,45732598cec1c373acf48d415d8ca815176de6560c3bff05bb24baafa4eddcfe
252,206,2,SO-P0206-R02,1,1,1,1,1,1,1,1,1,1,6ad130e62f464551f9b60c7013067067556c71b9160618b15fafbabffca90e6b
252,206,3,SO-P0206-R03,1,1,1,1,1,1,1,1,1,1,d61f6da8cbca38beb52e7745a23baaec2b9d6b43fd117c3adb1242d2a7a35304
252,206,4,SO-P0206-R04,1,1,1,1,1,1,1,1,1,1,a84bff65823d67d78b6a0ff3c837035f4e5383ec23102ccd54501f203cd8dce0
252,206,5,SO-P0206-R05,1,1,1,1,1,1,1,1,1,1,0c3e904a66697b4b0906b42ec34cdf24359ff9ed49bcedbb5a72f5f08dbad95a
253,207,1,SO-P0207-R01,1,1,1,1,1,1,1,1,1,1,2349f371af54b88c329152d119edb7bd1c3ef8678820f561be965416ccd2c02e
253,207,2,SO-P0207-R02,1,1,1,1,1,1,1,1,1,1,3ed010b5bf26ccd9784a6eb0735e162e859cb53328c3aa17cb418c6ce0d32b50
253,207,3,SO-P0207-R03,1,1,1,1,1,1,1,1,1,1,580a3d0565fea3fdb05d46ad2a5774ce807200f32d1438491b44ca9aa601934e
253,207,4,SO-P0207-R04,1,1,1,1,1,1,1,1,1,1,e784de1d362879129fa6c57730f9a150416f2633170a5cf73230347a827ca38c
253,207,5,SO-P0207-R05,1,1,1,1,1,1,1,1,1,1,eb5ce443dccbf5138bb40d95617a681518d30b0cdd6bdca1a739bfa8f51ce6f7
254,208,1,SO-P0208-R01,1,1,1,1,1,1,1,1,1,1,de1bbc2d6e69b3a4088cbcc06f067b6e7e9821f25b70d5ef2c06fae5238024c1
254,208,2,SO-P0208-R02,1,1,1,1,1,1,1,1,1,1,483766a8c278f75335613ab5cf185a4a28b06e756ff98bb61f7a41b822669d69
254,208,3,SO-P0208-R03,1,1,1,1,1,1,1,1,1,1,bd6482b04c8ad34f118101e74a23c77ac5c16a0bf4c72650a77e3ee9b19fcd13
254,208,4,SO-P0208-R04,1,1,1,1,1,1,1,1,1,1,94520cd4e9e40aa0f6380f6a1939e394dafb47bf78178c4eed9ac8a812dca9e3
254,208,5,SO-P0208-R05,1,1,1,1,1,1,1,1,1,1,d92998064232c811e787927bdf8595b8785a5935c83b72ec8d20d4695184cedc
255,209,1,SO-P0209-R01,1,1,1,1,1,1,1,1,1,1,2d3b26f3f9e9adace978adfb09ddca939a7aac1af42f715405014551e9fffed9
255,209,2,SO-P0209-R02,1,1,1,1,1,1,1,1,1,1,9849b9b1bc1f65d67537b091993c54c8e5ebb87e7ecd694bea77d7c3da35cd1d
255,209,3,SO-P0209-R03,1,1,1,1,1,1,1,1,1,1,6cacb0c6265af352334dee74a60b0b8239b6d75f16735974f34d227d72f768f6
255,209,4,SO-P0209-R04,1,1,1,1,1,1,1,1,1,1,0a640a22f5ebf93dbc15dd2435440dc5024c2a74ddada24cb515cd3cb50df6d4
255,209,5,SO-P0209-R05,1,1,1,1,1,1,1,1,1,1,b7e285ad4b6ba6b5981a24fb4c571e772fb6c792e1689c0e63707bdcf6da4732
256,210,1,SO-P0210-R01,1,1,1,1,1,1,1,1,1,1,156d9c22a7574a817183c13effdce3e8a7803f13333074ac66db2053120b3a29
256,210,2,SO-P0210-R02,1,1,1,1,1,1,1,1,1,1,bac404be7ebf1dc27839352f1b246af01f471556161609db854256a9842ee3ce
256,210,3,SO-P0210-R03,1,1,1,1,1,1,1,1,1,1,51590d4b45a16396559de8244383b4672bb74cfd1b2d4ebebefd152ac9a77a0b
256,210,4,SO-P0210-R04,1,1,1,1,1,1,1,1,1,1,1aa0dde52dafd1e433a7f07501a43eaa9ec141192c5665457e5bfce9378076a2
256,210,5,SO-P0210-R05,1,1,1,1,1,1,1,1,1,1,aa4a1952a0e30a6d5c36da7369e1712ee7e0be3adb2e7a80e56888bfbec4cedc
257,211,1,SO-P0211-R01,1,1,1,1,1,1,1,1,1,1,e780a51fbcc0a61b36d213e60d4b2fb3d941a3b19d9b8dd3e477233e4171b346
257,211,2,SO-P0211-R02,1,1,1,1,1,1,1,1,1,1,e21f1a6cc3a998d646f791d98b3ba9b0e635aa69f34df43044594656c1fb4af3
257,211,3,SO-P0211-R03,1,1,1,1,1,1,1,1,1,1,ba29f63133b9bcc97fdbbfd378c24c4e4475f7c095a835a33634f4650c465a9c
257,211,4,SO-P0211-R04,1,1,1,1,1,1,1,1,1,1,dead18db6c35a9fd58711034ecc3f6aa236008ceedb1f747f1dc9fe7c126cbf1
257,211,5,SO-P0211-R05,1,1,1,1,1,1,1,1,1,1,674df705452c9d88b4fac798e3a2688d5a44c2a0616ad24d8ecb66bc8fe59061
258,212,1,SO-P0212-R01,1,1,1,1,1,1,1,1,1,1,78c12c851a2ce0778e96d525fc4555f384dac54350b857d1b9577bb9b9b0359f
258,212,2,SO-P0212-R02,1,1,1,1,1,1,1,1,1,1,ba7885d599c51082b72f416673e8fa4635e099db1625951b6712eba30ec77adf
258,212,3,SO-P0212-R03,1,1,1,1,1,1,1,1,1,1,8c4c318229921fa899e88226ad68db4b47e017fff897e1831633c139e725328a
258,212,4,SO-P0212-R04,1,1,1,1,1,1,1,1,1,1,4e88d6938168da8896b044e5c27e9d6551fef0d9bcf21874f1a5c58d28a7ad05
258,212,5,SO-P0212-R05,1,1,1,1,1,1,1,1,1,1,6186201f8045fd6299c0137e4b436fe5641fff316b407b9bed6d886f74e245c7
259,213,1,SO-P0213-R01,1,1,1,1,1,1,1,1,1,1,a864ad78ec04a9c804dd2e7171682ae182f8c160ea473aef12d80a4159d04ff5
259,213,2,SO-P0213-R02,1,1,1,1,1,1,1,1,1,1,722d5232bd430166d34c64365c4c1fc1e621b117eb3f238d006141b9352b571f
259,213,3,SO-P0213-R03,1,1,1,1,1,1,1,1,1,1,4d2160d5b5ab44602690ec8f11107557e7088db07b57e891d80a0eae11a42dd0
259,213,4,SO-P0213-R04,1,1,1,1,1,1,1,1,1,1,fd2d53f935b7b62f64a06d8acfecc2dcd32fc2da0600b1ab42c8cbdf5ea530fd
259,213,5,SO-P0213-R05,1,1,1,1,1,1,1,1,1,1,80cd7a9fb8fec1873339bf684bb277749d4139f00e0c67efb3873e141540b7d4
260,214,1,SO-P0214-R01,1,1,1,1,1,1,1,1,1,1,e499a58aca6c966a949e6106fbfc9183acb0ef87666f3c2604d933b476ec201f
260,214,2,SO-P0214-R02,1,1,1,1,1,1,1,1,1,1,aa58783e5d1a5db373d42f4f0944937eb13414d6889fcc0214ff7e261711272b
260,214,3,SO-P0214-R03,1,1,1,1,1,1,1,1,1,1,1bcf7c8c1d9dd8a4e9ed3e313892e1d6e76298c72597807b3646e57fbb24b953
260,214,4,SO-P0214-R04,1,1,1,1,1,1,1,1,1,1,34175134817b7b5e8bcff6bb202e222c0704bc393cfa2ed3858d612728199d0d
260,214,5,SO-P0214-R05,1,1,1,1,1,1,1,1,1,1,2be083d970873062f2dd05870b42867de9b44375b8585927efcae16ca3e16a23
261,215,1,SO-P0215-R01,1,1,1,1,1,1,1,1,1,1,65d91746bd5887c1eb16ecbe04dd24c5a8e64d863e3cf9c675f6b3c428b83d00
261,215,2,SO-P0215-R02,1,1,1,1,1,1,1,1,1,1,5881a1d930a4fbc4dbb5886430935abc6862f3856f67d9f8c534cb3a7b93c422
261,215,3,SO-P0215-R03,1,1,1,1,1,1,1,1,1,1,f5c18abf7677973de580d3b7c7279e031cf1c456554af05fecfecf6c031a997d
261,215,4,SO-P0215-R04,1,1,1,1,1,1,1,1,1,1,a1f7c1461f5b5859ca644240b2e24527968b6bf839a54c87bf3ae79a764b2416
261,215,5,SO-P0215-R05,1,1,1,1,1,1,1,1,1,1,a940195c6de8068413ffab44e558d6800919ae6fa15548dbe2ff7c763df69f7b
262,216,1,SO-P0216-R01,1,1,1,1,1,1,1,1,1,1,32d7333d76d80482dbd63f2cad08791129518d9000f6e6fbb5a246fde63c224b
262,216,2,SO-P0216-R02,1,1,1,1,1,1,1,1,1,1,692d316b1b2ec3dc690107923d0aa78ee9bfaded5de1764b11992e1a62d10718
262,216,3,SO-P0216-R03,1,1,1,1,1,1,1,1,1,1,838279784c0157eb79fbb5daa5347bbeeacc823ec9b4dea8ee124ca94fab85e8
262,216,4,SO-P0216-R04,1,1,1,1,1,1,1,1,1,1,94f7a5c6ebd0444a2ab151ef9512beb3b75b8031a449dd953e7fb97cedbabc58
262,216,5,SO-P0216-R05,1,1,1,1,1,1,1,1,1,1,293cd65ba93cda72bb52908d2d82ef3d5439d9175c61940af5734533c6fe77f7
263,217,1,SO-P0217-R01,1,1,1,1,1,1,1,1,1,1,613372f5a8e4a896f2ac842770475183eec5b7ef1d40a799304610e29c5059f0
263,217,2,SO-P0217-R02,1,1,1,1,1,1,1,1,1,1,7cb28a56a91cb109d3e18103584c1e09b49890cec07fd0e1cfa12a932951c29e
263,217,3,SO-P0217-R03,1,1,1,1,1,1,1,1,1,1,c5c334f0a281eeb2ed597bc455b28d7531b909ddac802294fcf65a41b6390338
263,217,4,SO-P0217-R04,1,1,1,1,1,1,1,1,1,1,5bc3920b11519706dd7316cac59b6d02aa8af3a15b6248af45ae856c99213b76
263,217,5,SO-P0217-R05,1,1,1,1,1,1,1,1,1,1,607e3931f057f3a8b1b88fba48bc47ce2a6a76c06ae267dff5604fc803609b35
264,218,1,SO-P0218-R01,1,1,1,1,1,1,1,1,1,1,fee21ee0c2e77c25a5038f4ed6275d51b0bd74e1cf5b7dbbf1943589adee2f91
264,218,2,SO-P0218-R02,1,1,1,1,1,1,1,1,1,1,78df349258b0c7cffc36e8adc1ca5cdae63855561af461b2f6fdb3c68b8c5022
264,218,3,SO-P0218-R03,1,1,1,1,1,1,1,1,1,1,0dd67ed06275a3d543801f64e848da489dce7985b2472ec3faf9e0aaa15f1ead
264,218,4,SO-P0218-R04,1,1,1,1,1,1,1,1,1,1,143d348c186f6593479e689d0c14f13659ecaec1e2cc7ac527ef650abc3b3d88
264,218,5,SO-P0218-R05,1,1,1,1,1,1,1,1,1,1,f31c8e9bcad8802bab65274f8a126c59675ea33776f607c6b55fcabe22c755a9
265,219,1,SO-P0219-R01,1,1,1,1,1,1,1,1,1,1,a5f96ed9fd319cf560debd10002404c53caa568b6b5db6ecd75ef126b39269be
265,219,2,SO-P0219-R02,1,1,1,1,1,1,1,1,1,1,905ea2df31bd21b1dc53c8787cde3a6be897cf5dc88a3a169ba3b16466baaccc
265,219,3,SO-P0219-R03,1,1,1,1,1,1,1,1,1,1,0cc3482c4d05fc6b78396f94dbdaee5a41f2aac24195909185ea1715c58b980b
265,219,4,SO-P0219-R04,1,1,1,1,1,1,1,1,1,1,a776dc43033d3aba80d7d0c6370e474a65c5838bf858d9febb8032524f83883c
265,219,5,SO-P0219-R05,1,1,1,1,1,1,1,1,1,1,c2dc9afb51b530d5d1b7e318c7b5f58f789b1afade4e76cca1e18ef065da34ab
266,220,1,SO-P0220-R01,1,1,1,1,1,1,1,1,1,1,f201ab6b14e7c497bd810f811060756cf4541af9a1eb9c86544b1db790c88648
266,220,2,SO-P0220-R02,1,1,1,1,1,1,1,1,1,1,9555afaa743a33e7a0a2edf4c28c1ba279452ba70e857be78df0c55d4830e47b
266,220,3,SO-P0220-R03,1,1,1,1,1,1,1,1,1,1,9fe8ca8ef3af9d965c564b1990299501e6774cbe452fe1771b02777a5a87e073
266,220,4,SO-P0220-R04,1,1,1,1,1,1,1,1,1,1,bd6d89d546b3bdc1a1023a53fcddfa2e80e90bcf793d03358d2d7a2926ac101e
266,220,5,SO-P0220-R05,1,1,1,1,1,1,1,1,1,1,84bcb57217ac4d7b191ba730608012a137961fc6076e307acde50eb2234c8b34
267,221,1,SO-P0221-R01,1,1,1,1,1,1,1,1,1,1,70007ed0b25e7675fae328f61974d77d3b33eb3f05dbdd78f5e79ab7a2e4a0b0
267,221,2,SO-P0221-R02,1,1,1,1,1,1,1,1,1,1,d19cb381d34da8ff5bc440d1dd097935904a3f9cbedcd8971eb3d23ba5d50bc1
267,221,3,SO-P0221-R03,1,1,1,1,1,1,1,1,1,1,381e799794175dd7ca5becfb7434287bc7c3bef4c05698da42c8a2e7ebbcae83
267,221,4,SO-P0221-R04,1,1,1,1,1,1,1,1,1,1,c2bd4aa81f1f7d68e1d09d1e73edfc4e82bb55535226d12f4463a4b3f2f7c93e
267,221,5,SO-P0221-R05,1,1,1,1,1,1,1,1,1,1,9661e2540a227e04e0e7ca8259d99952ac966598f9061ec3a77a55b92d34e83a
268,222,1,SO-P0222-R01,1,1,1,1,1,1,1,1,1,1,69d98a16570c1e1b5da46bed6f5f7ac9bb7769ef83c220e8bcb108a3799aaa28
268,222,2,SO-P0222-R02,1,1,1,1,1,1,1,1,1,1,9e0cc5e944b87309b957706d6382838358c1e76617688f316ee470a4a15e32ae
268,222,3,SO-P0222-R03,1,1,1,1,1,1,1,1,1,1,1293f59939d1129436422d801b1adc975d75e17d1ab5ae3618c46576047d974d
268,222,4,SO-P0222-R04,1,1,1,1,1,1,1,1,1,1,452044facb1049819c9b39ddd086b13e5ce70f5e61b7e766e4a39f8b2d42e478
268,222,5,SO-P0222-R05,1,1,1,1,1,1,1,1,1,1,31e5c409dc7042c8efc93dfc4fe81c8aa36127fc560b9bfcc10d9bcf95e1a1b3
275,223,1,SO-P0223-R01,1,1,1,1,1,1,1,1,1,1,46fa12f42623b68e76cda195b8f3fd82623018202e1d98ce857abbf03b5f692b
275,223,2,SO-P0223-R02,1,1,1,1,1,1,1,1,1,1,9f4172954d361d104197302d9c1a09637e8f1946daf391cae53b80dd1db31a1e
275,223,3,SO-P0223-R03,1,1,1,1,1,1,1,1,1,1,c65a693c4533b64fbc86c2ccfaf708fcfd30824b8000563c3d5ead195afcc36c
275,223,4,SO-P0223-R04,1,1,1,1,1,1,1,1,1,1,a5eea535ce8537d4a9705f3296da687b50cf0e0388d770d19b6b1940903f58b0
275,223,5,SO-P0223-R05,1,1,1,1,1,1,1,1,1,1,bcee0cae20e5f1537c3c59f536af1d5ea07f92c002575679185bda9b9ee06f9f
276,224,1,SO-P0224-R01,1,1,1,1,1,1,1,1,1,1,92a4fb3a4210350e7938bbe07073032b351d2f8d9357302dccf0804d023be941
276,224,2,SO-P0224-R02,1,1,1,1,1,1,1,1,1,1,6ea2db2dfeb91857e763b4a0f8f1ad559609e583a33b34a83d656592c421d9c9
276,224,3,SO-P0224-R03,1,1,1,1,1,1,1,1,1,1,6bfaf3f05cbd5f9f2e305d8b2935f60a4cb78250b47075d6e5e13cd3183a6a2e
276,224,4,SO-P0224-R04,1,1,1,1,1,1,1,1,1,1,60a61ba27087e3a67369de384f33ce04cf7b786d0079da487764524ef3da34c7
276,224,5,SO-P0224-R05,1,1,1,1,1,1,1,1,1,1,a1e6ca62673777e06c26dcfc3555cde539d72ed2ff8a0d44a63c4ba68d11df9a
277,225,1,SO-P0225-R01,1,1,1,1,1,1,1,1,1,1,e32be3f3879ad814a42ff56cb9685925e9126b14070cfc608f51c85a1f822360
277,225,2,SO-P0225-R02,1,1,1,1,1,1,1,1,1,1,be0ace2e6b28c6fc5667baa28674ad60163f301180a16c01c76da55b8ba9f504
277,225,3,SO-P0225-R03,1,1,1,1,1,1,1,1,1,1,e8ca6a5f7d436b0f8dfa4db74177d344eaf979454610e133babdddf342448162
277,225,4,SO-P0225-R04,1,1,1,1,1,1,1,1,1,1,1d56753671635e451c8f94cab6082b6054d963442b248605adbf692e91716531
277,225,5,SO-P0225-R05,1,1,1,1,1,1,1,1,1,1,717c621e15692b0d7519dcffd5c15c2f7c7c328320058bc58aabf5dc126978a2
278,226,1,SO-P0226-R01,1,1,1,1,1,1,1,1,1,1,5da7d2db00c428696d01de603dbfd3820be0ec60db6ed6ee38bec762fcc18e6b
278,226,2,SO-P0226-R02,1,1,1,1,1,1,1,1,1,1,fbc1c402bc4d840abc38f67df15318c310f95f68f48b1460e33ed68612824a25
278,226,3,SO-P0226-R03,1,1,1,1,1,1,1,1,1,1,c584806b882741c1cb3f733b435567e662b1e1eb39f9d6dba5b48917e8241508
278,226,4,SO-P0226-R04,1,1,1,1,1,1,1,1,1,1,84c0e55427a441fdf567182ae9f95a418f1d4385ffee61d1b343da6e72e6f8a3
278,226,5,SO-P0226-R05,1,1,1,1,1,1,1,1,1,1,6dbd07ceb2233fc78d53210f95c7ef6abbb4d6b47c208476eeb2b62e65e7e0e1
281,227,1,SO-P0227-R01,1,1,1,1,1,1,1,1,1,1,d0b80b9c33a9a276423314938075c42cb150074507dc4df13a6fae46170dc48d
281,227,2,SO-P0227-R02,1,1,1,1,1,1,1,1,1,1,86dc5e895c30f90b39d029bf837d512c64c66c5a73879e32015c8cde740b2b12
281,227,3,SO-P0227-R03,1,1,1,1,1,1,1,1,1,1,7d89d0232472f1ab4cab980ca03b85ad4229a659ddaa16056132b3972349c6e5
281,227,4,SO-P0227-R04,1,1,1,1,1,1,1,1,1,1,2f34e179b595beefc1de6f4df89669ccfb80534bb06840a85481f823ea890ab7
281,227,5,SO-P0227-R05,1,1,1,1,1,1,1,1,1,1,9a0918bd3f6159300f2515f3c8a6e0e8ec5688ce3383d5b11521ecc74b34d6f5
282,228,1,SO-P0228-R01,1,1,1,1,1,1,1,1,1,1,e97783075e0f4cae161c4d7e0f86a62fff2f612f8dd69b07e9f1efe5f49a61e7
282,228,2,SO-P0228-R02,1,1,1,1,1,1,1,1,1,1,1d8deb50b531dbe0e568756723b47e9ea83d62300b2522061e7331b8e8d68d53
282,228,3,SO-P0228-R03,1,1,1,1,1,1,1,1,1,1,1fcd01c5ae416b91ca891d015b09c0554a12cff6adb754c957f637a6ee844eb0
282,228,4,SO-P0228-R04,1,1,1,1,1,1,1,1,1,1,731cc2760f9c1e9ef37ccf6ab5294260b759d5e8182970dd87963606d0703428
282,228,5,SO-P0228-R05,1,1,1,1,1,1,1,1,1,1,66bb10ced98cab4027dcdc7fb68e6e7f22f2004668c3cadd99f69df4fce764c8
283,229,1,SO-P0229-R01,1,1,1,1,1,1,1,1,1,1,7e8647b121c6347abbdb14edcc25c0dd4734f28ec4ca47289df15651c79fa026
283,229,2,SO-P0229-R02,1,1,1,1,1,1,1,1,1,1,d98218631a0171ced56791fe82a0159929ffa57b06bc7aa22cbd655dfa71dd9c
283,229,3,SO-P0229-R03,1,1,1,1,1,1,1,1,1,1,41a337f23d9ad41259703c13f29865b5aa6b8c46b98decebcd9b885d29a26e8e
283,229,4,SO-P0229-R04,1,1,1,1,1,1,1,1,1,1,b4a294e5950227441911257f1852a3eaa8095dc1e89b09a1474b872d381cb145
283,229,5,SO-P0229-R05,1,1,1,1,1,1,1,1,1,1,6c2877a24c8be71779b5e4f4cdfe1d13454fa67b260b7f231863e59e801369d5
284,230,1,SO-P0230-R01,1,1,1,1,1,1,1,1,1,1,8a8d2df6cef01da060a3452071a76bf62c91db0fc37910bd0019312ed9577b4b
284,230,2,SO-P0230-R02,1,1,1,1,1,1,1,1,1,1,207af4a4fbc3f3e6031dac405b828932e272257daf154e7e3696179e9e1b352b
284,230,3,SO-P0230-R03,1,1,1,1,1,1,1,1,1,1,d735c2a897b50509a4c3a6f9123e9ac48f2984f876c1f52c72f442b73a4fc824
284,230,4,SO-P0230-R04,1,1,1,1,1,1,1,1,1,1,f4f3d3227998732f7deac815a708104e86fdbe8c6d7d27daaafc29adda528699
284,230,5,SO-P0230-R05,1,1,1,1,1,1,1,1,1,1,6f929f44fbb8d8d537461abd0ede42ec65061822f94085743348fe98f84ccb90
285,231,1,SO-P0231-R01,1,1,1,1,1,1,1,1,1,1,73baf4b6215c5b9281043018a63108ea7b80df4cae10aeef5767ccc40376906a
285,231,2,SO-P0231-R02,1,1,1,1,1,1,1,1,1,1,b403bd41505694cd75a4a03694a0042a0b43ed71c7e3c67b9dee763c4c16b490
285,231,3,SO-P0231-R03,1,1,1,1,1,1,1,1,1,1,9f0cac9094324a23c270b1c98693b4e02c695ac01648e7f922ce345fc8f4b174
285,231,4,SO-P0231-R04,1,1,1,1,1,1,1,1,1,1,d0f591f1e490ac87490f3b372584aa8795ce04e2300e2d05da11629f9b784d77
285,231,5,SO-P0231-R05,1,1,1,1,1,1,1,1,1,1,781f7449bfcd3b5d357735814a2d8bbe3274720d14ec3e3354af599529763fd2
286,232,1,SO-P0232-R01,1,1,1,1,1,1,1,1,1,1,eb16b4df3b66c4410ca541842eb74166c89e3aa0bd7852d3ad5a0d8b7cac3e53
286,232,2,SO-P0232-R02,1,1,1,1,1,1,1,1,1,1,ed65288b6d10bebcfdef15e1ba149326bedee9c692e14142ca898997e432b7af
286,232,3,SO-P0232-R03,1,1,1,1,1,1,1,1,1,1,6b09d3acab795e2820702fed7dd32b4ee60ed42954c1b184d9dc8777b577228e
286,232,4,SO-P0232-R04,1,1,1,1,1,1,1,1,1,1,af9ea981dc1fb70a4709c2cec9b2fa61244d0ea3b502abfaeae2cf90c7e44df2
286,232,5,SO-P0232-R05,1,1,1,1,1,1,1,1,1,1,b1e18a9666bfbd828dfb66b881aefdbc02034950b1f6bbfe717bbd918f573338
287,233,1,SO-P0233-R01,1,1,1,1,1,1,1,1,1,1,a790092d679b700de53b380f2320136effc62914d435de03cea1002d53fb7f3a
287,233,2,SO-P0233-R02,1,1,1,1,1,1,1,1,1,1,d64fe08cea2ba95797fcd0c44c44b1ee34f5d01c4203fe1af968f11fa6497acd
287,233,3,SO-P0233-R03,1,1,1,1,1,1,1,1,1,1,92ad24f3f817bf7aa085be60c96daf78f1b22ab0db692a13fd167aa07e33f70a
287,233,4,SO-P0233-R04,1,1,1,1,1,1,1,1,1,1,ed3ee39b05bfa0904dd81fc4b0ca5ddca93d32c0439b50ae49aeb806bdd0ce66
287,233,5,SO-P0233-R05,1,1,1,1,1,1,1,1,1,1,9c650f647860599a7b0c92c5761a7a00a32138ce85be85e1b6beb69d9b9ab244
288,234,1,SO-P0234-R01,1,1,1,1,1,1,1,1,1,1,08b2474419f6f5ebd0e4dcc2f6780555fa5f38bdeeaa3c76482fc1a303dc75fb
288,234,2,SO-P0234-R02,1,1,1,1,1,1,1,1,1,1,798e6a0a3ff98326e6c7c278065bb4e9a5309977487449e46693cd1a83654452
288,234,3,SO-P0234-R03,1,1,1,1,1,1,1,1,1,1,432eb1327af1535786f81d8e3d1cd1603f2b267e3659427f598c098735e30dbb
288,234,4,SO-P0234-R04,1,1,1,1,1,1,1,1,1,1,7defa902ec6dcd12e860fef3c9ce9d01555513978ec38e375707a539be52a5aa
288,234,5,SO-P0234-R05,1,1,1,1,1,1,1,1,1,1,ed575e0c875d7b0c3690cb3b2ab8cb7cdf8c0d02e793acd384b4d64fe44bad87
289,235,1,SO-P0235-R01,1,1,1,1,1,1,1,1,1,1,535e6d7616f5c0611c44a7e749fc6a75a958c149401759d80ff71c47914be256
289,235,2,SO-P0235-R02,1,1,1,1,1,1,1,1,1,1,f28cb2599ba2a082506dd8ba1a3823f004477b158ec57f6d439a10cede8a14c9
289,235,3,SO-P0235-R03,1,1,1,1,1,1,1,1,1,1,e28403c9ab9350509e55273797d4c8c009f8694c0bf7e25292b656df6666203b
289,235,4,SO-P0235-R04,1,1,1,1,1,1,1,1,1,1,0916380d4154e3a0b1fad5eaf62e10c57910d9618c95cbe893371c93fae75c36
289,235,5,SO-P0235-R05,1,1,1,1,1,1,1,1,1,1,839dbe572320c68d270b7135f716089e81022f8b2967302bc08a92935abbe423
290,236,1,SO-P0236-R01,1,1,1,1,1,1,1,1,1,1,4d6fb3b9371656b1eed49ece39a29d15a3c384757ec19488b7c86557e6ba12ab
290,236,2,SO-P0236-R02,1,1,1,1,1,1,1,1,1,1,568d3c3e2bac56d641d55e2ab62f5761dc4c29872ae0a6d8fe3d062e91f40433
290,236,3,SO-P0236-R03,1,1,1,1,1,1,1,1,1,1,f9e51883557b9ca31a49374a3ee24e2a165ce4c673ae000e60e8bda8dad7af63
290,236,4,SO-P0236-R04,1,1,1,1,1,1,1,1,1,1,f7e384f0cd7d1edde283417cd6d3bdf679c616cac34d25080cc684c3686b7350
290,236,5,SO-P0236-R05,1,1,1,1,1,1,1,1,1,1,22089ae9482721cc7f1d945fab95bce340bad5f6239385043f35f03466559b5b
291,237,1,SO-P0237-R01,1,1,1,1,1,1,1,1,1,1,5f69848b373d19a631d52b840faf7092c0742b4a30795f5be196141d465f4910
291,237,2,SO-P0237-R02,1,1,1,1,1,1,1,1,1,1,ac123aff707149614f31cfb42351aed1d0cc9458a66b85ed6cbf86d03d7ae85c
291,237,3,SO-P0237-R03,1,1,1,1,1,1,1,1,1,1,27186c240ad42d54842f6357021f73140b6198df87a1f4d9669becdd8153bc72
291,237,4,SO-P0237-R04,1,1,1,1,1,1,1,1,1,1,7beb8867f7384479419a62226490c443521373ed9a0eb3650e8fb141a078e53f
291,237,5,SO-P0237-R05,1,1,1,1,1,1,1,1,1,1,7602c7938908c6b5fcb6f091f63515d75b4bc14831fdac221f554a4a799552ed
292,238,1,SO-P0238-R01,1,1,1,1,1,1,1,1,1,1,47957c35dc711eb30899b46ff63ea9a9e854fddf3cd7af1081e2d4f9591726d1
292,238,2,SO-P0238-R02,1,1,1,1,1,1,1,1,1,1,377cb0461aac31653ce830f494ac67f6e15a0fe8011855bca6e61b4af1731bb3
292,238,3,SO-P0238-R03,1,1,1,1,1,1,1,1,1,1,f73cd0ce9816e7e417ee71d3306c5af92ad41554892580bfb31cfee0862a7c99
292,238,4,SO-P0238-R04,1,1,1,1,1,1,1,1,1,1,615052ebd39e9d862b2a451ce07596c2bd32a6ea68499ff750fd32c05fc6f85a
292,238,5,SO-P0238-R05,1,1,1,1,1,1,1,1,1,1,cf9a6161147829faeb13de0e54941e09675d1bb04a9d4fcdc728a9b027d27172
293,239,1,SO-P0239-R01,1,1,1,1,1,1,1,1,1,1,1deba5c127946e715cd106cda9f5a25d21a60a079bf6da3bd4a67df1933f2e3d
293,239,2,SO-P0239-R02,1,1,1,1,1,1,1,1,1,1,4bebcfbe68a8da00fd150c3e173475aca5625a55501657955cc1015339e0dad8
293,239,3,SO-P0239-R03,1,1,1,1,1,1,1,1,1,1,405925f63dc02af30dd74b7229e9f341ff29d519e9f9833c8da5b11010e66a15
293,239,4,SO-P0239-R04,1,1,1,1,1,1,1,1,1,1,b9a043b26819aa5d692fda15cf92e77d439d524b570152cffa9e3d7849b9b334
293,239,5,SO-P0239-R05,1,1,1,1,1,1,1,1,1,1,38439c5ebbf0703319a75b3d5763db50a1f76bfd970d1df404b02a79f83426b6
294,240,1,SO-P0240-R01,1,1,1,1,1,1,1,1,1,1,bca7eb56221052ba38f8b16279bf54aeefd5456157470b181a8b3bea7708c526
294,240,2,SO-P0240-R02,1,1,1,1,1,1,1,1,1,1,041b603067d390fd5ad66ee80cc0e0bb776ac7e2ebb5b1a2a4f85a398789c889
294,240,3,SO-P0240-R03,1,1,1,1,1,1,1,1,1,1,ebbc16a2fbd28188837c170da37d2da622ec87579a1ff708773fcfb9893d0b39
294,240,4,SO-P0240-R04,1,1,1,1,1,1,1,1,1,1,666cd48e8ede4ad9b19a26cff500635002b0636eeac1aeb1bc2f3ee4523c4b9a
294,240,5,SO-P0240-R05,1,1,1,1,1,1,1,1,1,1,50801b69f754dfbe9d630f9229c0ba150c2cdb3782547a0cc60d50386bd61601
295,241,1,SO-P0241-R01,1,1,1,1,1,1,1,1,1,1,e526403b4c924879a5bdff48158c133f5527cbf98373312e90c787a5d9cc90a6
295,241,2,SO-P0241-R02,1,1,1,1,1,1,1,1,1,1,cbb64b87a93b57d9f8ea03dab57b5e2d3326817d31d080fd7bea9963a0d19ac8
295,241,3,SO-P0241-R03,1,1,1,1,1,1,1,1,1,1,952bebdb89720df7596873779506ad6e259caa7e57d9d5adfca163b918a7a379
295,241,4,SO-P0241-R04,1,1,1,1,1,1,1,1,1,1,475eab22be3dc53bba72dd512d723f5379bb4bdcaf26a8ed69dedd64eba4e2e5
295,241,5,SO-P0241-R05,1,1,1,1,1,1,1,1,1,1,b577f3540876639fe3d2277f7074ed12ef77ec9378a790bbb9ffb608aa9e37a7
296,242,1,SO-P0242-R01,1,1,1,1,1,1,1,1,1,1,51dd29cec3fbbb2cdc15c84e34ddc4b35b1f6e5ca9f61a1845948550177361e8
296,242,2,SO-P0242-R02,1,1,1,1,1,1,1,1,1,1,5650c505509647ee68f41d58a5a0a8b6ee2351384190ec9342f9ac7523171974
296,242,3,SO-P0242-R03,1,1,1,1,1,1,1,1,1,1,295428f04df6d0410ab7c633ce72d886735af62cd834f36f5856464a774dc093
296,242,4,SO-P0242-R04,1,1,1,1,1,1,1,1,1,1,6c467f532c11423083d659ef6b8d55f267063d864c00e853b300ea3ccc673919
296,242,5,SO-P0242-R05,1,1,1,1,1,1,1,1,1,1,571147c52b1fa3894589ca4307fbc4d3beda97c19da5a4c5f6b8ec8d0c4c94fa
297,243,1,SO-P0243-R01,1,1,1,1,1,1,1,1,1,1,2a7decf617d7f129f2a48b5d616ff3e1e1325ba4989a95eb5e6529cbcf48b894
297,243,2,SO-P0243-R02,1,1,1,1,1,1,1,1,1,1,657775cbffd0c802864093a856bc105eb7017d2bf6412dba0f4bad3ecdc7f21a
297,243,3,SO-P0243-R03,1,1,1,1,1,1,1,1,1,1,b50ae0c8d121dc04e180a27d93b3c78776380b1ed1b7ca2e09a93c40fff94ac1
297,243,4,SO-P0243-R04,1,1,1,1,1,1,1,1,1,1,f8a2eb38c93c16cf2cd9406446641b30de13a02f9b81a94ef38af053c1b22537
297,243,5,SO-P0243-R05,1,1,1,1,1,1,1,1,1,1,07ed7a0cd415198434166891a1745e2cf56cc4768213e74c4f954d250b737498
298,244,1,SO-P0244-R01,1,1,1,1,1,1,1,1,1,1,1c73c9f5801c3609819b5981327caa5aed9b45e13d039b54b2b689ac25e9e8e9
298,244,2,SO-P0244-R02,1,1,1,1,1,1,1,1,1,1,77d0e6e4223adbdfb52713878e1935ff2f58d2a14f915be419ec76ee36efc707
298,244,3,SO-P0244-R03,1,1,1,1,1,1,1,1,1,1,836a439a5581020f1878cfe730fa42eb34e7301ee1ee0a484e955af5c8b2f168
298,244,4,SO-P0244-R04,1,1,1,1,1,1,1,1,1,1,028bc56fdb185c976bd7be640183ffafb19f805bd8044d49f1a041fe851c4666
298,244,5,SO-P0244-R05,1,1,1,1,1,1,1,1,1,1,2e75d4fa518366c8531d74dc4313ac10c7684e193867af849f7ed532df562fcd
299,245,1,SO-P0245-R01,1,1,1,1,1,1,1,1,1,1,ccf0b7c19c248e527501feb241005e6b884c783c57184837a98d0cfc49ec9698
299,245,2,SO-P0245-R02,1,1,1,1,1,1,1,1,1,1,93776f68043ccf9eabeb4ab2a851c132fbd5b6d3d1b3c67f6cf133d3a1dd7ddc
299,245,3,SO-P0245-R03,1,1,1,1,1,1,1,1,1,1,a6cc57eb637200c3b85c6bbf0e4f186a6c8a45928a22bba4050fb906cb2eba22
299,245,4,SO-P0245-R04,1,1,1,1,1,1,1,1,1,1,8f7ba4808cf8f55702136b34432d5f2e9748caf61338fa68f6f86b5f8a3e85cf
299,245,5,SO-P0245-R05,1,1,1,1,1,1,1,1,1,1,07581029d57d0f7550925ff27d57597bf19c0187fff64c88aa1b1449fa86c478
300,246,1,SO-P0246-R01,1,1,1,1,1,1,1,1,1,1,f806c011e5200e67062a0acc0e3bdb85db5ff13c3b2550c44ca760e208709026
300,246,2,SO-P0246-R02,1,1,1,1,1,1,1,1,1,1,4ba504e8ec73cbe13a755c1f59a3df6a0dc23a1a3db0816506b91322998e21e9
300,246,3,SO-P0246-R03,1,1,1,1,1,1,1,1,1,1,17d3a9c25b7fc62d6bf9b955024fd42aa8206e38b413b0535147567d2e134cfe
300,246,4,SO-P0246-R04,1,1,1,1,1,1,1,1,1,1,e7ec8b6072ef24973e255acfbc3481bc2707b2b9be0d5ba6ae89eb9b9c61152e
300,246,5,SO-P0246-R05,1,1,1,1,1,1,1,1,1,1,1712d7fd34946ff8d3792f306ac04f300acf151f54eaabee8e3b70f07214388b
301,247,1,SO-P0247-R01,1,1,1,1,1,1,1,1,1,1,8661cf0a45b7b466a47b6570eb9f9144ddcb12640498356980343473786457de
301,247,2,SO-P0247-R02,1,1,1,1,1,1,1,1,1,1,9a0653cb8105a2dce4f5274a8e71af2754cd62022f4a4e48365ebf89e139adbc
301,247,3,SO-P0247-R03,1,1,1,1,1,1,1,1,1,1,7a296116e7a744284fe0e342ffc20e48d897d39970e7c8f86f82130bf958bc71
301,247,4,SO-P0247-R04,1,1,1,1,1,1,1,1,1,1,e172407b9e0cd8b4172067535395998df3188f505b33d868db2ebc511d8d31a0
301,247,5,SO-P0247-R05,1,1,1,1,1,1,1,1,1,1,43c66ef0aa0752c87af0d86df2b314437324b2bf4fadee202ebec4e0b0582643
302,248,1,SO-P0248-R01,1,1,1,1,1,1,1,1,1,1,e87341b10dbc340c3f1f7b07b88700ba3ef0de5c8ed2ad13c72c09218e1f117d
302,248,2,SO-P0248-R02,1,1,1,1,1,1,1,1,1,1,a3c0615e6584186dcd90774c184530419180f7b0c9d3f136254c01cdbfd5339a
302,248,3,SO-P0248-R03,1,1,1,1,1,1,1,1,1,1,5b160b8317727bed843f6b7c469fe0666eac42fa0b59d5df3b84fa134bb1f230
302,248,4,SO-P0248-R04,1,1,1,1,1,1,1,1,1,1,064328651a22a29c884f85fb965601881f2478e08e8eb0478d70a473e0a0293e
302,248,5,SO-P0248-R05,1,1,1,1,1,1,1,1,1,1,a85b57f9a817bdce9566a7c91baedbec76b7bc3816b961c12b4d7af5b028cd56
303,249,1,SO-P0249-R01,1,1,1,1,1,1,1,1,1,1,5aac73daea1adb284555fc8bb95500284d40291e9483a0959da2a38aa5991484
303,249,2,SO-P0249-R02,1,1,1,1,1,1,1,1,1,1,5eacb3e2ac1eec5fd310af33bb45d082ba379da1df547e6901a4716501e2b507
303,249,3,SO-P0249-R03,1,1,1,1,1,1,1,1,1,1,9accaa632f17169884f6545096d936c19467046d81eaa9465736f58e3e8856bd
303,249,4,SO-P0249-R04,1,1,1,1,1,1,1,1,1,1,9c14f2063c6f1bb553cd8c54613daa8614e6a57cf2bc77a5a2b7ed9722246ba5
303,249,5,SO-P0249-R05,1,1,1,1,1,1,1,1,1,1,af7659d6da65946152b2e7e2d6dc54eb242640082a7a9e255a06cd48b689017a
304,250,1,SO-P0250-R01,1,1,1,1,1,1,1,1,1,1,a02e08657f1fd78b1021332f1961b44f3cca89555fa7d80a5ca04bb739c7616f
304,250,2,SO-P0250-R02,1,1,1,1,1,1,1,1,1,1,2c4550bfbe2d36ac9622c2009e1f73e5a939303ada0df9a8f36268605e18052d
304,250,3,SO-P0250-R03,1,1,1,1,1,1,1,1,1,1,1da9387e0daea7241a17f0e8a8c31fb277c3d544a0fa3e2150c6d643915ceaf3
304,250,4,SO-P0250-R04,1,1,1,1,1,1,1,1,1,1,715dcebf44912d4ed373c00adc6da8546b007c64f6da0cfdde525638ab346616
304,250,5,SO-P0250-R05,1,1,1,1,1,1,1,1,1,1,fc51474e0c60ff59665dfd420032336c85c5edb3d68dfb3ebc8323391e13149a
308,251,1,SO-P0251-R01,1,1,1,1,1,1,1,1,1,1,8c3a17398fc7625848546d539d3dbc011e0ae797089ccce813ef61d8be3542e7
308,251,2,SO-P0251-R02,1,1,1,1,1,1,1,1,1,1,103dd75ea3f30d56684546578aa6585dd01333573ca94afe2d99ba011fb545e4
308,251,3,SO-P0251-R03,1,1,1,1,1,1,1,1,1,1,b37a1c395a7073f7f97a1469d51715afe9cdb778fb717ad3ab1f8dacf0b1b395
308,251,4,SO-P0251-R04,1,1,1,1,1,1,1,1,1,1,9d3e1c328b9bb88c6f477401b65780a07c4b8b28dacb36927c277f116d4775f5
308,251,5,SO-P0251-R05,1,1,1,1,1,1,1,1,1,1,2ca017e2ac01e8057df77948120e0a44dcca7ce2ccb487016a99694e0240562e
309,252,1,SO-P0252-R01,1,1,1,1,1,1,1,1,1,1,910083ac9cbc47df9d444b5632725ca4ff764a6951e7f1d9e93c1b31908ab886
309,252,2,SO-P0252-R02,1,1,1,1,1,1,1,1,1,1,928830bc9984e2b5eca81fe967e7109f9dda039dd7a78d7c597f7f6c921ee5a8
309,252,3,SO-P0252-R03,1,1,1,1,1,1,1,1,1,1,a948818847447a3d196ae3af921ad7700cdea36bb636542c69a5becdf0cdcac2
309,252,4,SO-P0252-R04,1,1,1,1,1,1,1,1,1,1,f61eb828293900c73e8763d417db4f7936bc373f64c987b6dbea49b4b7299213
309,252,5,SO-P0252-R05,1,1,1,1,1,1,1,1,1,1,391568caa89933737ca56117fe0fd80c4c2f9632a88f2b998ab47e2823de71dc
310,253,1,SO-P0253-R01,1,1,1,1,1,1,1,1,1,1,fa3c9551017d78ce6b629951da784d941bf4a552bd4f27f4b9a2976a6e63c23c
310,253,2,SO-P0253-R02,1,1,1,1,1,1,1,1,1,1,518ff2b251c2db19d52696f1247229fa6f175703be7dd7528d478d77dbcf40c0
310,253,3,SO-P0253-R03,1,1,1,1,1,1,1,1,1,1,59a3b7c6cedfa1b922bd23746b9c8513d37ef99d85a1baf4c049372e4629c248
310,253,4,SO-P0253-R04,1,1,1,1,1,1,1,1,1,1,d619d146ed15a6ccc90ecbc9224557b04877750a69844de8e1c4f44804b37bfb
310,253,5,SO-P0253-R05,1,1,1,1,1,1,1,1,1,1,d99dc8f98dee171286ffb8baa1a193af95f18eee3bc7bcd41c5d16614776ad10
311,254,1,SO-P0254-R01,1,1,1,1,1,1,1,1,1,1,24e5b62a0e6668a30ca7992cc6b507afd03dcf374a149ed021d8a4bb663cf4d7
311,254,2,SO-P0254-R02,1,1,1,1,1,1,1,1,1,1,f09bff4aa78141c3d3116e5574b59eb80c969961c56a79aaf181d1415458ff69
311,254,3,SO-P0254-R03,1,1,1,1,1,1,1,1,1,1,48206e4dbba476a27f7ba3c6327691ee552faf199361eaa4b5f8340e3b44e812
311,254,4,SO-P0254-R04,1,1,1,1,1,1,1,1,1,1,1093eb982f558fe381b43d6987ba276a93231e8c30f0d432a1c547eca3adeab1
311,254,5,SO-P0254-R05,1,1,1,1,1,1,1,1,1,1,de448179a2a62c41cbd054a8f252753af80f96b861b0775da1cd8a9749ebd258
312,255,1,SO-P0255-R01,1,1,1,1,1,1,1,1,1,1,c87e889e36611e614c366851a1b739ae540068c00430246f12750984638085a7
312,255,2,SO-P0255-R02,1,1,1,1,1,1,1,1,1,1,ebf6a9e6b877a99c91eb5281b1534e89ca02df44c3a59492e19c41b83038fcc9
312,255,3,SO-P0255-R03,1,1,1,1,1,1,1,1,1,1,8eb71eb0ed9f2d900c2cc4fe70d08655777f2f84f99ea5cb0dc0cb5ed582dea4
312,255,4,SO-P0255-R04,1,1,1,1,1,1,1,1,1,1,ad414b895cf4dddac0e578d55b06431226d674362eac8cd3a46731a28f37f078
312,255,5,SO-P0255-R05,1,1,1,1,1,1,1,1,1,1,7e5f958f55dfb3036c7dfacca41282f7fcf34c592972281e9bfbc1b3a0bdb1a1
314,256,1,SO-P0256-R01,1,1,1,1,1,1,1,1,1,1,6627178da2609fc90b30f4a51b17b46554801906506c303659c4858252e42d60
314,256,2,SO-P0256-R02,1,1,1,1,1,1,1,1,1,1,3dfc995377117cf4bc739b5387182a98db1f3c2e04646c4e42326b7279869154
314,256,3,SO-P0256-R03,1,1,1,1,1,1,1,1,1,1,5762e69ab8f7d4cee4b497d9d6543fc2a8d3a7648d69b61eb158556f62044b5e
314,256,4,SO-P0256-R04,1,1,1,1,1,1,1,1,1,1,1ffda3bed1704c4f4eed728b96b1482100cc6f7b631b39d9bdfba62fc9a6dc9c
314,256,5,SO-P0256-R05,1,1,1,1,1,1,1,1,1,1,f249da24f844be67d4926faf28950489cfea4e5907477c421c9586d0b608438c
316,257,1,SO-P0257-R01,1,1,1,1,1,1,1,1,1,1,09f6c6509e45d361256eb196d76d198916a0027741ab788cd4d7c8247f560f49
316,257,2,SO-P0257-R02,1,1,1,1,1,1,1,1,1,1,121d121b475056daf290ab505deecb41438fc55a7bee2612d2e435a39676ad6e
316,257,3,SO-P0257-R03,1,1,1,1,1,1,1,1,1,1,0713f7b0eb90cd105e73723695996ea4efb51ee5a499e0a224b27ceb8020f95c
316,257,4,SO-P0257-R04,1,1,1,1,1,1,1,1,1,1,c69102e1e930f10f2209341add7220d450d3782099449b8fba71fb8878830ae3
316,257,5,SO-P0257-R05,1,1,1,1,1,1,1,1,1,1,0fd303534b816a9550391c03589a6ffa7c82ec3714769baae9612e05063ae705
317,258,1,SO-P0258-R01,1,1,1,1,1,1,1,1,1,1,46c4a558a49a56769b7218e73037dc6f66cd647b6ce06e18e21707bf84eb55fc
317,258,2,SO-P0258-R02,1,1,1,1,1,1,1,1,1,1,cf9db6a001aad733802d463881a5411dd94e754a49d196456cfb06326b0ca8b1
317,258,3,SO-P0258-R03,1,1,1,1,1,1,1,1,1,1,44d1b098af46fa474d09bef35660df82632988d847b08bbac2de4b353d096206
317,258,4,SO-P0258-R04,1,1,1,1,1,1,1,1,1,1,450fab686e884b72b0f05285715ba239dff12e19c6c24dff86b5fae704032cee
317,258,5,SO-P0258-R05,1,1,1,1,1,1,1,1,1,1,cc3ea0499c236c4c3e2d3037d185039b90e1d02064c54aeb48f9e607ef3d191c
318,259,1,SO-P0259-R01,1,1,1,1,1,1,1,1,1,1,ef96b80f52f87864554400a54a7b62b3e01c86a184d04cd762476849fdd48d44
318,259,2,SO-P0259-R02,1,1,1,1,1,1,1,1,1,1,cac0d17ed729fb5b8fcc009b9c48d84b4c2bdbd9964cff89793099daa8fb743a
318,259,3,SO-P0259-R03,1,1,1,1,1,1,1,1,1,1,b07f7d31e5b79c4bd47e23c21674189bf6dd17cc2ce51b1da4b1fcee629b3581
318,259,4,SO-P0259-R04,1,1,1,1,1,1,1,1,1,1,6521d361859bef28bfa2cb6941bd7e4bddacb262eada07135cf28b311a5ece69
318,259,5,SO-P0259-R05,1,1,1,1,1,1,1,1,1,1,d9b8ffe7bc2e9f89b2ec2ba0e3c8b6a1b0ac9d08e90a145ecd57652169cca29d
319,260,1,SO-P0260-R01,1,1,1,1,1,1,1,1,1,1,1f0924856cf2006b6da78e770d40ea507626a940460aba2fbd378f8bf449453c
319,260,2,SO-P0260-R02,1,1,1,1,1,1,1,1,1,1,a1f7eb3ec3c9c8bb216a4498c6932a1ee1f83dce3e336e1ecc8d20cb12c7c4b5
319,260,3,SO-P0260-R03,1,1,1,1,1,1,1,1,1,1,799f069ff68d207d073c8957742a3652b2d03f540a835b6b38282e80fa0889dd
319,260,4,SO-P0260-R04,1,1,1,1,1,1,1,1,1,1,4e1c6fad4f6f9b57cae5b5ceccfbff32a0ab4dabc2fc1bbb6c488fc311a9743c
319,260,5,SO-P0260-R05,1,1,1,1,1,1,1,1,1,1,c97507d93be4593d3903701bd86441fea3b9605c38f9bdc5cd65c44723deb293
320,261,1,SO-P0261-R01,1,1,1,1,1,1,1,1,1,1,974a93c5559eb330f180e408a47b33b91db0827936eb2be254d868fb543cc15f
320,261,2,SO-P0261-R02,1,1,1,1,1,1,1,1,1,1,2454b2aed5a8404673ab57b728dfad105eadd7126c8d8ea90ab011b82122094b
320,261,3,SO-P0261-R03,1,1,1,1,1,1,1,1,1,1,0cb30c5dcf9d2eef139366abcd4230da87de162ccd479c3202b98f0569d0e72c
320,261,4,SO-P0261-R04,1,1,1,1,1,1,1,1,1,1,7e75d472118447b7f59856c292800099b3f5c13adae2a2154cc09dd2437cfa46
320,261,5,SO-P0261-R05,1,1,1,1,1,1,1,1,1,1,a5f7717998e91205506879d86587381848645ff38bbe810282c54776205a2fe5
321,262,1,SO-P0262-R01,1,1,1,1,1,1,1,1,1,1,e95ffa011124f093e089d92cf35e598e1c7d4937808ad9eb523dd4289fc0cc5d
321,262,2,SO-P0262-R02,1,1,1,1,1,1,1,1,1,1,9137b37e0b7c9a9980854ac1c21beefe334ccfaa4ab2495ba933950fa9d69f35
321,262,3,SO-P0262-R03,1,1,1,1,1,1,1,1,1,1,9ebf1e9da743d8c0e6449dbd04ee5adfcd446ff647ef5a617f391cbec0493701
321,262,4,SO-P0262-R04,1,1,1,1,1,1,1,1,1,1,ba301dce7009147312da2dd177b82a1f5d28c54c4d0437c2d41e5c8de2d61e0a
321,262,5,SO-P0262-R05,1,1,1,1,1,1,1,1,1,1,052a55f05938f052c14d441688643a9a329e7e631a3f442142a0be08fdbcc07a
322,263,1,SO-P0263-R01,1,1,1,1,1,1,1,1,1,1,fb4ca3e2073cad805630c627274cf255aad361ab3beb73f2419b81da8696ed6b
322,263,2,SO-P0263-R02,1,1,1,1,1,1,1,1,1,1,0c1d2339e77e18bba3e2a2800e1ef4b25130aa654a59c65942f87f20e6a5ecd1
322,263,3,SO-P0263-R03,1,1,1,1,1,1,1,1,1,1,55ab81fad4060677c07eb53b666ad6cfe8d24161086445731781b3ebc8f42f1c
322,263,4,SO-P0263-R04,1,1,1,1,1,1,1,1,1,1,a0f9b3cc5ccba035e75dddc7e9477b59251cf0fbafdd83af41163f1f5aa0b8a0
322,263,5,SO-P0263-R05,1,1,1,1,1,1,1,1,1,1,7f51b6179a54bfa897865761751cf24d43c31ee12f1714b3db915569c6ea684d
325,264,1,SO-P0264-R01,1,1,1,1,1,1,1,1,1,1,e7e1169e4928c856db350b323112b91cea2709113a7bd5b1316ca2c1dd1b3990
325,264,2,SO-P0264-R02,1,1,1,1,1,1,1,1,1,1,6f16c0e3f8e6266d342ae13af0c07dfbfd62d2c39e6c758caa0777c02515f413
325,264,3,SO-P0264-R03,1,1,1,1,1,1,1,1,1,1,ba4c6815412acb70f8d7ca99dc9c9817e61a36bad8c6324199cee67d15abcadf
325,264,4,SO-P0264-R04,1,1,1,1,1,1,1,1,1,1,10b6ef7d3213071c680e01303b8fd2880d4ff72532be0317288c290eb1b6be49
325,264,5,SO-P0264-R05,1,1,1,1,1,1,1,1,1,1,48a02308eab7e63bfa4e85c3c78c8aecc6813e80069b7f0f661f9c66a9306a7b
326,265,1,SO-P0265-R01,1,1,1,1,1,1,1,1,1,1,c391a703e45d6b57a3138aaeeb3b5f9ceb8690ad506569470a768ceec0efba81
326,265,2,SO-P0265-R02,1,1,1,1,1,1,1,1,1,1,d65dda5126a97f3e514e591e9924755c6ff80759b8475ed3e01648073490abaf
326,265,3,SO-P0265-R03,1,1,1,1,1,1,1,1,1,1,2edd91f8caa0a9f77eef90ce2d229703f112357d3d6d8ab849804beb7ee2eeb0
326,265,4,SO-P0265-R04,1,1,1,1,1,1,1,1,1,1,8908e240624310135a021cbbf15922bcc88012f41686846c25d4ea7285a63774
326,265,5,SO-P0265-R05,1,1,1,1,1,1,1,1,1,1,43f609f9a6ae80382bc372697704ada93fa4eece8f1911f35a2502f393704332
327,266,1,SO-P0266-R01,1,1,1,1,1,1,1,1,1,1,c1553b1e7c22dc5af7d1a8fe6227e6032f851dd6f14b47be4f6a7c4ac5f61cfb
327,266,2,SO-P0266-R02,1,1,1,1,1,1,1,1,1,1,68b49ae6313f35b9de43257fb38055c2652353c434dd56c089c41e1d0f4511a6
327,266,3,SO-P0266-R03,1,1,1,1,1,1,1,1,1,1,0d6332d54726fff3389c909c1fdbe79e39d0146e4de6442687e06850762ebd62
327,266,4,SO-P0266-R04,1,1,1,1,1,1,1,1,1,1,ddf0e4e9355edf9b964d7f23793535e9d8f19a067add36d50c693121d9d95d2a
327,266,5,SO-P0266-R05,1,1,1,1,1,1,1,1,1,1,7623b13d88cdae3d7078d51e43cec53b92c3dbdce32deb6706098e05ff38bf16
328,267,1,SO-P0267-R01,1,1,1,1,1,1,1,1,1,1,e48460b8f952ccc5c526dbc1318946533a90bcebb05acc9c44f93d07e1541441
328,267,2,SO-P0267-R02,1,1,1,1,1,1,1,1,1,1,de600737701ee4d9bec84f419ad691e8ff4e0232d8ad79613e8a0efed34f6337
328,267,3,SO-P0267-R03,1,1,1,1,1,1,1,1,1,1,bd2ce61abba60e288fa19011f03e9e91c7ae459556d2a670f11959c37fa3a7f7
328,267,4,SO-P0267-R04,1,1,1,1,1,1,1,1,1,1,78f065e32a09845430706139511aa80160cb1d2dd5b45d89337ae5f0c56d96b7
328,267,5,SO-P0267-R05,1,1,1,1,1,1,1,1,1,1,6db3eba559f66228a03cdbf797c88fd3aeeaac82131d22bc0ee449bbe4360f13
329,268,1,SO-P0268-R01,1,1,1,1,1,1,1,1,1,1,730786a4cf8571a370b84527187a656b0315ceb7aa0b3c5b68946bbac78b5b51
329,268,2,SO-P0268-R02,1,1,1,1,1,1,1,1,1,1,aae49a7d63e2e1a084c13794f7f3c5496df3b370ce44f3bcefaabc811105e6f7
329,268,3,SO-P0268-R03,1,1,1,1,1,1,1,1,1,1,fdd249890afcd77ef47ccbc98edbfaaeb2fd438d6cca203cbfff0ff9c483d8f9
329,268,4,SO-P0268-R04,1,1,1,1,1,1,1,1,1,1,c9e4029198f7e1cfc57bccc1e5e49e8314c5d1a963ed8675d61faf86209af813
329,268,5,SO-P0268-R05,1,1,1,1,1,1,1,1,1,1,a906444c90b82619d5d05f304804eea4c04bad3c7cad184791fd4805028fdb11
330,269,1,SO-P0269-R01,1,1,1,1,1,1,1,1,1,1,d25984a2c51340c15741eec8accff246d6ddf617b8d312e7ff98e78bc3c176ba
330,269,2,SO-P0269-R02,1,1,1,1,1,1,1,1,1,1,14db8cc1c8eaf4f6f431377710848a18728e1c18a938d4a6271b5464954056ad
330,269,3,SO-P0269-R03,1,1,1,1,1,1,1,1,1,1,20b78471040ce5f813103ca24bb017e26baae962c58b336be8392dc808224716
330,269,4,SO-P0269-R04,1,1,1,1,1,1,1,1,1,1,33b99da6bfb134aca735b4c6b7f96301b32cf79e958317edbb3a976db2b7fdb8
330,269,5,SO-P0269-R05,1,1,1,1,1,1,1,1,1,1,51e6607ee0aad950d135dbada787ecbc389793d62acb0ac2960dd4470e4ee833
331,270,1,SO-P0270-R01,1,1,1,1,1,1,1,1,1,1,716e0ec0c0ee38820694d8b40de032433425568d65972f33ec52155fa0d6badf
331,270,2,SO-P0270-R02,1,1,1,1,1,1,1,1,1,1,7653663d99de0eb0da169b88cea921b92bb92baec5fe341d0a1be2f2a4adf365
331,270,3,SO-P0270-R03,1,1,1,1,1,1,1,1,1,1,42b1a0dd7998d43904c76dd6a858ff2be26a01deeac578881c98ddeaf1cf9451
331,270,4,SO-P0270-R04,1,1,1,1,1,1,1,1,1,1,02e221121168d008d10b0f92c3b62468086f5b0dbd90f813efee0ea3158f6c17
331,270,5,SO-P0270-R05,1,1,1,1,1,1,1,1,1,1,e8dd6d759e8cf8a9add9dace8bf1ac3eae04a2e5b106587029deb1f436d2b8d1
332,271,1,SO-P0271-R01,1,1,1,1,1,1,1,1,1,1,2c57d9d03d94cdd0d987b4eaa22d710079706fd65f84cc6f16e506506c3e4cec
332,271,2,SO-P0271-R02,1,1,1,1,1,1,1,1,1,1,90cf2782fc89dc5fac94805e535a89c6ba38b67562214920d8086842c34a33ec
332,271,3,SO-P0271-R03,1,1,1,1,1,1,1,1,1,1,f0106dfcdbff718237adf75cbf78476ff3d7714104d733b4072ca39e1495dec9
332,271,4,SO-P0271-R04,1,1,1,1,1,1,1,1,1,1,cbe4a38b76b858934b4fba74257ad198c3bd57142311067f669eb99a851feb2d
332,271,5,SO-P0271-R05,1,1,1,1,1,1,1,1,1,1,46879d68bdcb51a4fae867cc5e6bc61037f6f9ce215a6141aa5a4be7840d44ad
333,272,1,SO-P0272-R01,1,1,1,1,1,1,1,1,1,1,615e7124ca90647ae4d50889e09c0ca68936f07a8f7b7ee2397f2db4b6731e01
333,272,2,SO-P0272-R02,1,1,1,1,1,1,1,1,1,1,05252cebbdb5542f9d07b75c0df03b3c6a5efa991ce8a834e26b3e1443bafcd8
333,272,3,SO-P0272-R03,1,1,1,1,1,1,1,1,1,1,8ecb7b4569fed5b035890805f5d065230e0799cc12d042623771163c3c9c6635
333,272,4,SO-P0272-R04,1,1,1,1,1,1,1,1,1,1,a151d2eebc97c64382ee383d5b2a119569e2a48693c86067e57cf84e099cf6e7
333,272,5,SO-P0272-R05,1,1,1,1,1,1,1,1,1,1,15a771acc82d86d03d48e7c1d3e57e424b09ff51729ffe2d1ae2eab20ffb92b9
334,273,1,SO-P0273-R01,1,1,1,1,1,1,1,1,1,1,eda5c616731eb40ff077b547df880f2b9270b185a9d25f11d8483300b3d1952d
334,273,2,SO-P0273-R02,1,1,1,1,1,1,1,1,1,1,bc86343e7237532b567d7adc116f23ec0de52655366373eb8021dfd939f666ca
334,273,3,SO-P0273-R03,1,1,1,1,1,1,1,1,1,1,6ed0c8fdda142fab436614a1855803dce4a74a3e197cc0d997af15b27d78b636
334,273,4,SO-P0273-R04,1,1,1,1,1,1,1,1,1,1,9010014f7ac4c745ada2f916bf322200e623b845d64367131862e3fcfe7c9de0
334,273,5,SO-P0273-R05,1,1,1,1,1,1,1,1,1,1,c95058166a746d7caf9d2d21813318fe1f6c4f2586c4f236f70563d5b01052f0
335,274,1,SO-P0274-R01,1,1,1,1,1,1,1,1,1,1,42398ba1064e0e5ddf6266a8dac9f1d3b4941a53f288a1211cc1d70d1434a346
335,274,2,SO-P0274-R02,1,1,1,1,1,1,1,1,1,1,3382da06b8d1d969c419672ceeb837b421144651a0686b72fb1f116c644213b5
335,274,3,SO-P0274-R03,1,1,1,1,1,1,1,1,1,1,dd1680b96a7ec93331d776903f16373043389a94e710e1e582f4a4fdf3cf0d8c
335,274,4,SO-P0274-R04,1,1,1,1,1,1,1,1,1,1,c4c5b88233d2d0c4388acad000ed8b198cfe1a143668acc0c6ab48dfe144c459
335,274,5,SO-P0274-R05,1,1,1,1,1,1,1,1,1,1,f844aad0f799a146a2c51a257e875b59cee65b5bdaff9db5c4e39f93aa1b470b
336,275,1,SO-P0275-R01,1,1,1,1,1,1,1,1,1,1,4fa0f94b33fdff08732efe3ce836cb01065581d9679f811e6ca22c05e5eaa10e
336,275,2,SO-P0275-R02,1,1,1,1,1,1,1,1,1,1,f74776b26591785e5146db09f4d1e8820b7b031d7a032e44b8ade0bd872eac43
336,275,3,SO-P0275-R03,1,1,1,1,1,1,1,1,1,1,a4de0eed24fc12cf1cb4fc247d49ba519e5fd709f0e05f8f355c11282d9c212a
336,275,4,SO-P0275-R04,1,1,1,1,1,1,1,1,1,1,fdb7889484fa4d8879eb1978d4f5df278a7762373c054b867526e4a9764563ba
336,275,5,SO-P0275-R05,1,1,1,1,1,1,1,1,1,1,dcb237fc48666fddcb843827dd328b428e6f0e37fe748da3f6410b5ddc8e21df
340,276,1,SO-P0276-R01,1,1,1,1,1,1,1,1,1,1,f4a82e0caccf8ee17320222435f3b407738de758b43169470caf01fe3ec0e132
340,276,2,SO-P0276-R02,1,1,1,1,1,1,1,1,1,1,d99e45cb52c13c45f92f3562cbaeffe9e11744ccfa8c2923ab868930bf227850
340,276,3,SO-P0276-R03,1,1,1,1,1,1,1,1,1,1,d827f999303cbd066edf0e401a2303f038e259ad46b8ca656198958bd5985545
340,276,4,SO-P0276-R04,1,1,1,1,1,1,1,1,1,1,355f80a14593e043786066d30ce7f6b9432a9ec172e007d5c302b7ca148786fc
340,276,5,SO-P0276-R05,1,1,1,1,1,1,1,1,1,1,4f4bf5dd83db27124f5f67bb8fe14f80534cfd38587b9ed7f4e1de58eb461fa3
341,277,1,SO-P0277-R01,1,1,1,1,1,1,1,1,1,1,b1e59d8fb218ed9c51ec82c3ed584e8a01a5c6be7ae757ad551959ceab4e2a92
341,277,2,SO-P0277-R02,1,1,1,1,1,1,1,1,1,1,1b129c9fc832dbe84087761516e97ff4260740dcb73cc39d825382607b22a9b7
341,277,3,SO-P0277-R03,1,1,1,1,1,1,1,1,1,1,cad4d00efbc281a6c5f770e36fe8d32913332673f3bb7680dc7bffab672afdfc
341,277,4,SO-P0277-R04,1,1,1,1,1,1,1,1,1,1,779b1e1e9950a5d593c42a395d2aad5b8a0ac467b27af872d8418057c3c213de
341,277,5,SO-P0277-R05,1,1,1,1,1,1,1,1,1,1,1a61f5f097abec02f143d03d4a538613058bcedb53439aa68da6b9a6abb9dc45
342,278,1,SO-P0278-R01,1,1,1,1,1,1,1,1,1,1,39327b82d6290f03d7265ee5d7c6844d1a47875762a03a04442a812dd7d98f2d
342,278,2,SO-P0278-R02,1,1,1,1,1,1,1,1,1,1,bddc54f7323008ee743db1690a7da0c57fc584fc727a21c414450dc23936686d
342,278,3,SO-P0278-R03,1,1,1,1,1,1,1,1,1,1,0ba09a8f9d36cea437cc15b74af8eeb2edfd8010f4503638a89b0dbf205d20f4
342,278,4,SO-P0278-R04,1,1,1,1,1,1,1,1,1,1,78b08f1223ac1dbe90a5350bda3d995626d07076f37de39277025db639f2f8ca
342,278,5,SO-P0278-R05,1,1,1,1,1,1,1,1,1,1,5449a887e85ad55a839b89327e0e428677b6c48beeb5bfa135ac31b4fce8d7c6
343,279,1,SO-P0279-R01,1,1,1,1,1,1,1,1,1,1,48531279196b1e14ea04f986b044da6edb4aafaf5e80511a3477488a0f4745df
343,279,2,SO-P0279-R02,1,1,1,1,1,1,1,1,1,1,1c33e7e0cb01950b6bc08659687cf4555c0a1b4cdbbd8459466706c155e360a9
343,279,3,SO-P0279-R03,1,1,1,1,1,1,1,1,1,1,46e6308a0720762b5caf880eee9d435dbf644c48da4bb62f7ed1ed190ea7ce6d
343,279,4,SO-P0279-R04,1,1,1,1,1,1,1,1,1,1,558c833a53d70479eab5edd3a0c204c47919d94b01d69d616b35700f100a56c2
343,279,5,SO-P0279-R05,1,1,1,1,1,1,1,1,1,1,d911262e15953969c8e36ac2924af49e77cb83552823d08cf7ccdf1ab128f9f8
344,280,1,SO-P0280-R01,1,1,1,1,1,1,1,1,1,1,ed1acbcbcd84ba15e7bda7654c2b2754c482ec23ac10cad2554bf5ca95ee30f6
344,280,2,SO-P0280-R02,1,1,1,1,1,1,1,1,1,1,ac733836d4f8d4c378c64baea498c58cc32d29787776fda6851e9728739ef24f
344,280,3,SO-P0280-R03,1,1,1,1,1,1,1,1,1,1,da984bcc61844b5b2e751f3d5353f74d4c44d86065885a6b94cc0e96d3885fd8
344,280,4,SO-P0280-R04,1,1,1,1,1,1,1,1,1,1,ddd3bc5a7d8c72533d9c7b692a2425ff19dab74dabdb5aa154575fe35a055409
344,280,5,SO-P0280-R05,1,1,1,1,1,1,1,1,1,1,4df655695b65d3c442dd4a8da60837cc4d5d49a30bcba3a68a101cbfc5d350ee
345,281,1,SO-P0281-R01,1,1,1,1,1,1,1,1,1,1,9623726532e7fe576c57cd338d6d6d941c529f357161724010902513ba739b8d
345,281,2,SO-P0281-R02,1,1,1,1,1,1,1,1,1,1,b8531c52ffd05dc5029496196a9881bebd87a212622209b45b3fc23440b686d9
345,281,3,SO-P0281-R03,1,1,1,1,1,1,1,1,1,1,daeb56568c40c29455b2b7f8d4abd08e5132944225ae1d787f4da4a9f0516465
345,281,4,SO-P0281-R04,1,1,1,1,1,1,1,1,1,1,8cd9e2c84187017ffde63feee9bd1ac6a00e38579794a50b0a2b010a80c8dd7f
345,281,5,SO-P0281-R05,1,1,1,1,1,1,1,1,1,1,3b0101eccb2429281937fafcdacb1eddf9803737dc0b4d686ca53064e3119af9
346,282,1,SO-P0282-R01,1,1,1,1,1,1,1,1,1,1,f83bd0edf25df25c2c682f89920adbd0d315968a00079e1dafed9e20217130e7
346,282,2,SO-P0282-R02,1,1,1,1,1,1,1,1,1,1,fc6d3d6d9880822c7d151e89c21e0bdf5b3e4457285ad9ee5b08621572452744
346,282,3,SO-P0282-R03,1,1,1,1,1,1,1,1,1,1,ff381884e0e2dc7f3b9f5c32bbadcdb913df51a0251ee2816f1ade163e197252
346,282,4,SO-P0282-R04,1,1,1,1,1,1,1,1,1,1,db8f09bb818c59e0f249b3df5bcc133515b4ac2b13421552bb98c79ccffe3e5c
346,282,5,SO-P0282-R05,1,1,1,1,1,1,1,1,1,1,8960b3245fcffabac0b6b3b914964251d21fbcccb6ea2013e5316e1781d11395
347,283,1,SO-P0283-R01,1,1,1,1,1,1,1,1,1,1,f9c7bb79175b4ae852bab71ef345d54e3a90e53a4c7e637dbcdcf84120c54852
347,283,2,SO-P0283-R02,1,1,1,1,1,1,1,1,1,1,ab6fc80a0a2c551d9e4ffdccb71147b264b5044beb5767452e6dc6f45f4319ff
347,283,3,SO-P0283-R03,1,1,1,1,1,1,1,1,1,1,af9846dd63595a706de9178f9e9f1b33dcc430db38bfe4941750c28f493f5fb7
347,283,4,SO-P0283-R04,1,1,1,1,1,1,1,1,1,1,1739b68cfd3c8aacf3c6eb68d42057183ffe4c6232e09018c4c9a126fb7b96b3
347,283,5,SO-P0283-R05,1,1,1,1,1,1,1,1,1,1,2efa4928ba9da3bfebe737c66cf1a1376d672a165d13a72c310703f36f9ebff8
348,284,1,SO-P0284-R01,1,1,1,1,1,1,1,1,1,1,3a71a02b145360b3ff983488678525756831192f1d0c13d0316770bec356cecd
348,284,2,SO-P0284-R02,1,1,1,1,1,1,1,1,1,1,0b040d2273e63efc3124e46300dea727df267e56c2cdee023414619839d50bfc
348,284,3,SO-P0284-R03,1,1,1,1,1,1,1,1,1,1,f21099070890dc047b36e33b9aaba4b73b0b0bd567e58132e9b99deefa08daf1
348,284,4,SO-P0284-R04,1,1,1,1,1,1,1,1,1,1,440ed790742964ac9245a3604a2a70214a5bd20c3858e8c947e3f0a8c6540cce
348,284,5,SO-P0284-R05,1,1,1,1,1,1,1,1,1,1,2f9e239038273c39635ab9a0f081c53eafb0a3bea8b00193c8955855f7c3045c
349,285,1,SO-P0285-R01,1,1,1,1,1,1,1,1,1,1,813630d7b972b049b93577768c556a91fdfad8c0272502a9d296387ae68242da
349,285,2,SO-P0285-R02,1,1,1,1,1,1,1,1,1,1,4858dd71bc78c646914f418560da426c4d85992b0db08537cac6868456bdfcbb
349,285,3,SO-P0285-R03,1,1,1,1,1,1,1,1,1,1,d58d3174b34dd2575fcc9e41d1af7aab510da95c116ef27c15475f8d56e44312
349,285,4,SO-P0285-R04,1,1,1,1,1,1,1,1,1,1,a3db9853fef816e41ffe3f76c3fa5d47ee82ce1aff161f353a9c5182c770bf0a
349,285,5,SO-P0285-R05,1,1,1,1,1,1,1,1,1,1,20ac9a04ca631046a363b6e150b7d025d0c9ecd420fb83dd59ab4ced2b5f8ed7
350,286,1,SO-P0286-R01,1,1,1,1,1,1,1,1,1,1,794edde0516949d769d413e309a548cbbd3a47611c14610033f90dae6a445cf9
350,286,2,SO-P0286-R02,1,1,1,1,1,1,1,1,1,1,1f5b09dcd172e50af488c76935116fad17a44336606326c656fc27dd39039f94
350,286,3,SO-P0286-R03,1,1,1,1,1,1,1,1,1,1,3a7c72bc9f5a8f408f2ed8fbe38366b48077cbe4f9154e82afcbefd114588046
350,286,4,SO-P0286-R04,1,1,1,1,1,1,1,1,1,1,8f7ded7293762e7a89d3673a7856746ad9fdc0e3e7a43d51bc00e93e2ae60ee1
350,286,5,SO-P0286-R05,1,1,1,1,1,1,1,1,1,1,fcc42bd8c5fa033ae468a848d887da9bed23e7e7e3b342d858cb4185eabb42ca
351,287,1,SO-P0287-R01,1,1,1,1,1,1,1,1,1,1,f935f011aeee024e5af1cb7817cfe4924571037873706839d6d6e06bf79c4a85
351,287,2,SO-P0287-R02,1,1,1,1,1,1,1,1,1,1,1ed77e7fe077a6690cb9cc6a99964bcb8d5972953d2ec38f6aa611490f65ab5a
351,287,3,SO-P0287-R03,1,1,1,1,1,1,1,1,1,1,3baebdbace008446ab48cda5c6180c73a4303defb185e96e2898f5fdd23fbc24
351,287,4,SO-P0287-R04,1,1,1,1,1,1,1,1,1,1,c645fe11f665f6c5f177190f3054fa788a3985929ec5ba467e213fedc059be63
351,287,5,SO-P0287-R05,1,1,1,1,1,1,1,1,1,1,aff26545896dd44856d8a1db02f0947c896686e7dd045318ae460de06826d932
352,288,1,SO-P0288-R01,1,1,1,1,1,1,1,1,1,1,aa793968d50ca4c1c6932dfa92e4cb4664c4cfaa7154120c02034b8297678d6f
352,288,2,SO-P0288-R02,1,1,1,1,1,1,1,1,1,1,4689c992d3ddb1001cb2955cce31993d3ffcecc6af9138166f39e046199e4847
352,288,3,SO-P0288-R03,1,1,1,1,1,1,1,1,1,1,43860256a5658adf70023c2e8e492f68213cfc5f75cb37be3637d684e4caffc8
352,288,4,SO-P0288-R04,1,1,1,1,1,1,1,1,1,1,881d8b34b9c9a8cd2e05b1693f22627d40bc7a5bc7bd81622b8987041268ced9
352,288,5,SO-P0288-R05,1,1,1,1,1,1,1,1,1,1,f05545738c35825b888135dde977a2395e6602d7a00c22f1f6b141a3824b8828
353,289,1,SO-P0289-R01,1,1,1,1,1,1,1,1,1,1,7790434d96d1a2332af99371de8fcbc1fe51de4ef5f88d4d453bdc69e0e153e1
353,289,2,SO-P0289-R02,1,1,1,1,1,1,1,1,1,1,2e6bfaefb5d0080e48330eac453f251ed4b51166f670b93a1776148cdb28e5bf
353,289,3,SO-P0289-R03,1,1,1,1,1,1,1,1,1,1,db5be642f658d13e41b6dd373a9f0b79c731dbbf333477494f5781c51530de44
353,289,4,SO-P0289-R04,1,1,1,1,1,1,1,1,1,1,918831a8bf7dd7a36333367aa0b198786704c46d8e0db27bf36c16fe3e1c47a1
353,289,5,SO-P0289-R05,1,1,1,1,1,1,1,1,1,1,bcf7e0941a7bb34fb823f4fab847f976d1de15c470436f1b4e0a4bb8f96b25b2
354,290,1,SO-P0290-R01,1,1,1,1,1,1,1,1,1,1,e6953914648c7c93c7bb76168854f1a3a822c11e9a70482e529225efb0cd2f12
354,290,2,SO-P0290-R02,1,1,1,1,1,1,1,1,1,1,63cfaf1369bbc4813a2070761a121a69ed912a8913221a223cb2097b48dd993f
354,290,3,SO-P0290-R03,1,1,1,1,1,1,1,1,1,1,2be1c34a893b2f6e9ab451a24c27bc258af44a1c4e3e26b54253fb2115d57c2b
354,290,4,SO-P0290-R04,1,1,1,1,1,1,1,1,1,1,f24797b50d8444b3381e02c66532e152a378bc0d6cf3a305beef85554d228636
354,290,5,SO-P0290-R05,1,1,1,1,1,1,1,1,1,1,33406db330656e645012889c62637561e62b48f9094b54a261dc42a319cf75e2
355,291,1,SO-P0291-R01,1,1,1,1,1,1,1,1,1,1,6820ebc117ce11b9a786f5eb103c3451623fc0496a60b56d8c71a39a88e54d35
355,291,2,SO-P0291-R02,1,1,1,1,1,1,1,1,1,1,db4bf5eb67778c0d635ed332fb4ae55381536c9bc6a4b61849c073a1c9b500ea
355,291,3,SO-P0291-R03,1,1,1,1,1,1,1,1,1,1,1788db967fa881b9e1c8f91f33cc8d85bd816d8bac125434d451d98e5649233e
355,291,4,SO-P0291-R04,1,1,1,1,1,1,1,1,1,1,345f35d422e90fb86cab487f96d3e0d7b93947523b935cf761b2273c3b96a12b
355,291,5,SO-P0291-R05,1,1,1,1,1,1,1,1,1,1,db79a144a5d36a34d2ace75f5cffc3633246046bbcdee82792108bfcd7d313dc
356,292,1,SO-P0292-R01,1,1,1,1,1,1,1,1,1,1,e1012224d70a602c06f8c951f57cbb8afeb5f0687eabe2d89ece22b4a302d349
356,292,2,SO-P0292-R02,1,1,1,1,1,1,1,1,1,1,926864c762a565f964053f245fa09980b6bf9980e36445143caab082c019527a
356,292,3,SO-P0292-R03,1,1,1,1,1,1,1,1,1,1,adc274af894cc645d5dfcebe23cd337743afd831cda1d12f4b8c39fe04bceee3
356,292,4,SO-P0292-R04,1,1,1,1,1,1,1,1,1,1,cc1734bd59abd2f5b368b179ca0b9f8b1a7f320434852455ea8e65e22e3abf4a
356,292,5,SO-P0292-R05,1,1,1,1,1,1,1,1,1,1,f52328657b0c50c0e8e0590d4be5144e8a4439d476584b94a1ba27b500ab8705
358,293,1,SO-P0293-R01,1,1,1,1,1,1,1,1,1,1,97264ef6df347fb60f1b2664af10d0bd5a1058d4766b9f8286abf53507b95736
358,293,2,SO-P0293-R02,1,1,1,1,1,1,1,1,1,1,6f6a90ac8f5699d2ebe373643f1c01327dc79aa24d5c6de745aca49ad08ad24f
358,293,3,SO-P0293-R03,1,1,1,1,1,1,1,1,1,1,baf36bf8e4b77601b46e55807ed8c426525c505257cc196475a17a315da01fe7
358,293,4,SO-P0293-R04,1,1,1,1,1,1,1,1,1,1,c03cba525ce3789c1651df80d4233692df38328df5ea28b9442c5a2c754e42a4
358,293,5,SO-P0293-R05,1,1,1,1,1,1,1,1,1,1,60994db18e81402f5a68177c94fd16fde793a4fbbc0cdd4cbf3252c00b0da1d1
359,294,1,SO-P0294-R01,1,1,1,1,1,1,1,1,1,1,d47dd54d3f0fc0ec8e7a44968723cbf13d7dc5831453f7f6b0f03925fa4d925c
359,294,2,SO-P0294-R02,1,1,1,1,1,1,1,1,1,1,eb839fe4449dd880e5b3d6aa503407e3191f5dfd1a6ee3a7c14676ffb50eec8f
359,294,3,SO-P0294-R03,1,1,1,1,1,1,1,1,1,1,6c92ba4c31d5b492f23e52ce2e839a1740b14cb63cddf8f1df97ae5ad7bb4aec
359,294,4,SO-P0294-R04,1,1,1,1,1,1,1,1,1,1,69f58624a0a7fc543336efc281c5972428de8a6b89169ffc7e6dade00f1c7b05
359,294,5,SO-P0294-R05,1,1,1,1,1,1,1,1,1,1,805d066da446056cd48521a5e84cb98609dd0f2689e103ab6d651b8b66f4cf38
368,295,1,SO-P0295-R01,1,1,1,1,1,1,1,1,1,1,3f02e1e34f664d4bad34ba6f382eebfcd2afde23a9b47229005046c0d74b1eb6
368,295,2,SO-P0295-R02,1,1,1,1,1,1,1,1,1,1,4ff9f0b632e1d9c814427ab9f43a1adf984a1ebb553cc2a1cd31d456a43f83b9
368,295,3,SO-P0295-R03,1,1,1,1,1,1,1,1,1,1,345c33c9fd8742d39979b715975c815a2f55101d05692cfb9b68012598b3e67a
368,295,4,SO-P0295-R04,1,1,1,1,1,1,1,1,1,1,397e6f6b9a7685df753e6ee86adb6f424d1110e8118d7de2c66eb3d218c2cee9
368,295,5,SO-P0295-R05,1,1,1,1,1,1,1,1,1,1,75f6aa8a08e0ec5f3f871c79c4578baf454819eeef7647116531fdb65a164bf9
369,296,1,SO-P0296-R01,1,1,1,1,1,1,1,1,1,1,534bcfd652e12d323b325b79883b7635a7612361b0196059b3fc7c4c07e6bb59
369,296,2,SO-P0296-R02,1,1,1,1,1,1,1,1,1,1,2b1a02c36268cbdde4dc617d5d0d6746301bed0fc5102af0e233cb322a76514d
369,296,3,SO-P0296-R03,1,1,1,1,1,1,1,1,1,1,d9c2bca2fde11835578ad1124b507b3a44bf0088a031b3cc2babc432b657d52e
369,296,4,SO-P0296-R04,1,1,1,1,1,1,1,1,1,1,42ef564d03de16688fe826e82a24e72e37b36451467be0ee09d030d4b9198897
369,296,5,SO-P0296-R05,1,1,1,1,1,1,1,1,1,1,21b73dfebaef0a19348911abf25750c91677864606018c47f0c343ae819e1a55
370,297,1,SO-P0297-R01,1,1,1,1,1,1,1,1,1,1,59722eaa05bae4ce65b68817f175b56cfb6045b670dfd0fc5a845e40fb129cd7
370,297,2,SO-P0297-R02,1,1,1,1,1,1,1,1,1,1,b97a788c7487703b1a78d26e5a3369faf4be89ef9eb173fd8a204b4c88329882
370,297,3,SO-P0297-R03,1,1,1,1,1,1,1,1,1,1,c5416c12ec76dae8af1b98dbbcf8c4fec093b0f7b4037e2a7edab695bf188fd0
370,297,4,SO-P0297-R04,1,1,1,1,1,1,1,1,1,1,c12982445df92b2de6c86bffbd37d86aabb68949d73702df7ce290c43c3da92a
370,297,5,SO-P0297-R05,1,1,1,1,1,1,1,1,1,1,44058c8d99d9d8811158c1dad2234ce9f2425622ace9c4daf77f63989709ba91
371,298,1,SO-P0298-R01,1,1,1,1,1,1,1,1,1,1,752883abfc88ee680e488d9a39748791e150c62e08309f3f34eee5b5347425b7
371,298,2,SO-P0298-R02,1,1,1,1,1,1,1,1,1,1,95b81474f5a5002c98cc11182511b149a4de8e20b5f8276f353be60aded24120
371,298,3,SO-P0298-R03,1,1,1,1,1,1,1,1,1,1,ed4a8449a29de601f3b6a6fbe2333664d91ee1f4463817fece43a915ea5026c3
371,298,4,SO-P0298-R04,1,1,1,1,1,1,1,1,1,1,f6503ae9392f9d54132f4a793d1fc88f77391ba404153b982ce7c06e45422894
371,298,5,SO-P0298-R05,1,1,1,1,1,1,1,1,1,1,8c010d83e99f1a89e2041d1d8d7e35a843a0b95e3c53a264a8bfc8c1387b098c
372,299,1,SO-P0299-R01,1,1,1,1,1,1,1,1,1,1,534e3d935e48b0dab02a6f8d835d48a376b8c221ebac5e074d30c68077c425c9
372,299,2,SO-P0299-R02,1,1,1,1,1,1,1,1,1,1,6fd7143688bc8bdf3504c1ef3cd090c622b5d5377c074746ff355439390752ef
372,299,3,SO-P0299-R03,1,1,1,1,1,1,1,1,1,1,9788af317eab6886139050e8abad96910f321252599df012bde8b96299863b35
372,299,4,SO-P0299-R04,1,1,1,1,1,1,1,1,1,1,41e628bdd4eeb600e7ca117908a0b91652f3dd0d2b14942911fb494527c44f7f
372,299,5,SO-P0299-R05,1,1,1,1,1,1,1,1,1,1,9e2055974668feebc49147ea112a5717f23816be9463038232965d4c9b7a6c9e
373,300,1,SO-P0300-R01,1,1,1,1,1,1,1,1,1,1,f9be3b998d28eb684fb0bf9e9155b1f3076c694b5b49a350e199086f9a463612
373,300,2,SO-P0300-R02,1,1,1,1,1,1,1,1,1,1,b25e4b100a8942ddee4bd613aa6b5ac6bbedfc4eea6b0221f269ac0c122e8bb2
373,300,3,SO-P0300-R03,1,1,1,1,1,1,1,1,1,1,62dd2ace82b8a0f2f51187553c7bcc53e2fcc85066a0ae1cf8107fea8e97c63d
373,300,4,SO-P0300-R04,1,1,1,1,1,1,1,1,1,1,158b6d661bdc9ab6b1503e26f4d0662c88c81c5c0b28b9b780751e12b1ae94e5
373,300,5,SO-P0300-R05,1,1,1,1,1,1,1,1,1,1,b21b9e54cc0c2abf275c333e2f8d0c0f5fe070910f8db9145b84598034afd1f7
374,301,1,SO-P0301-R01,1,1,1,1,1,1,1,1,1,1,91949a6543d3ed7d99fba40df6bd1a8f80eef2cade0418b49bbcae766238d8d9
374,301,2,SO-P0301-R02,1,1,1,1,1,1,1,1,1,1,10e20be5509966a90d86daa8b5e0097edf63b3c42dbb661c9034d23c1a4af126
374,301,3,SO-P0301-R03,1,1,1,1,1,1,1,1,1,1,c889a5583be475cb84180b66e50581ca55cb8cfb50d62f21e286041e822e066f
374,301,4,SO-P0301-R04,1,1,1,1,1,1,1,1,1,1,c9c632cd1793e3fadee4c26146a3235dc2769f9d91b7dead3da58a110fa23ab8
374,301,5,SO-P0301-R05,1,1,1,1,1,1,1,1,1,1,fe5a497b6368d2d53960b6ae1d8c125bf1e4de93050712353641b9911d19cf52
375,302,1,SO-P0302-R01,1,1,1,1,1,1,1,1,1,1,e13a109625f3f6acdc969e159d9475d193e5c217171c4a416045cca21b5d0446
375,302,2,SO-P0302-R02,1,1,1,1,1,1,1,1,1,1,7e6d21f4613ee1cb7af620be85531db751d7c8cec713d13fc654dd8986eeaff0
375,302,3,SO-P0302-R03,1,1,1,1,1,1,1,1,1,1,124f120f21ae1c9fd3c78f91004bdad74c3931541f91bec3eb1e9af5ae08f5c3
375,302,4,SO-P0302-R04,1,1,1,1,1,1,1,1,1,1,1ce4816891d158dcf8a5fac8c9fa129c16c245933828e512eacfe312fd85f1d7
375,302,5,SO-P0302-R05,1,1,1,1,1,1,1,1,1,1,58d8ff4e1a2132d2040d08b888cf6092b407ade99d0c8988d13f248559f55729
376,303,1,SO-P0303-R01,1,1,1,1,1,1,1,1,1,1,03323800c3a80926b4b581cd836f40b8ce56b2c8e3f88d6cd9245af6aec70643
376,303,2,SO-P0303-R02,1,1,1,1,1,1,1,1,1,1,cefc12419c34d3f1ec90ecef30842e050574f52b4acb8d1dc15c2ff34fee728e
376,303,3,SO-P0303-R03,1,1,1,1,1,1,1,1,1,1,8caf61fd9ea268f1335dce63f7bc8de487a0a4f5d1490bc5312b81c958994687
376,303,4,SO-P0303-R04,1,1,1,1,1,1,1,1,1,1,3ae0cae2f6f54212af1de9ec02ce399998bed952bf9b80fd79a9b171307f03bd
376,303,5,SO-P0303-R05,1,1,1,1,1,1,1,1,1,1,26b063626071700298bc8d72eef93863cc4fc5943d2541130c8b2b3cf67caefd
377,304,1,SO-P0304-R01,1,1,1,1,1,1,1,1,1,1,4fdea7c149dd7a544143b2bb1075a56d04c82759f9f3fe30cbcb782183571dce
377,304,2,SO-P0304-R02,1,1,1,1,1,1,1,1,1,1,668783a11540c0f6ca5165b3b60cfe4c01c535819a72826dd2b1e8c0874cff26
377,304,3,SO-P0304-R03,1,1,1,1,1,1,1,1,1,1,9ee24c3e1181c6432aa0f0a659e213eb9a6e28f9d6b8505402ca9a393d575eff
377,304,4,SO-P0304-R04,1,1,1,1,1,1,1,1,1,1,c4a3a00583c789be726560a0da32a39b53b15cbc4fe8249221f84fd11c42b86a
377,304,5,SO-P0304-R05,1,1,1,1,1,1,1,1,1,1,20f5421f6386a61819f9df5d94588669f4bc0e4699782514fbebc45f0f1d7d38
378,305,1,SO-P0305-R01,1,1,1,1,1,1,1,1,1,1,bbb60bc65cd2eef21a309b10151483d2a2e52b39af9010defa3456ad4ea8b5be
378,305,2,SO-P0305-R02,1,1,1,1,1,1,1,1,1,1,006878f936c47b6c40c4b63ac9dea0dc50af32b3f19bc4e862bf950d306b65e8
378,305,3,SO-P0305-R03,1,1,1,1,1,1,1,1,1,1,a6bafbcf9f7fb7dbd2a6197c9eda6cdb7825c4088cc63605fec0e09913f8d606
378,305,4,SO-P0305-R04,1,1,1,1,1,1,1,1,1,1,130962cc78d04d8f2ed47c0029737652d3c3c40a0741b3aa7696a03e24f2e699
378,305,5,SO-P0305-R05,1,1,1,1,1,1,1,1,1,1,f6626dba031ce621ac2c27dea9340a22418ecc35834f08a566df254bdb22d9d7
379,306,1,SO-P0306-R01,1,1,1,1,1,1,1,1,1,1,2ad1055c3f0a4332935ead65dac4495538960adcf3a90eb2f84e558a6af78f7c
379,306,2,SO-P0306-R02,1,1,1,1,1,1,1,1,1,1,311caf903321e83b8cddbacc8d6de6c4e655c0aa74931ffd57902f8cf3cef64e
379,306,3,SO-P0306-R03,1,1,1,1,1,1,1,1,1,1,564fe8ceca0052cb0eebe56e77c7203d9dd2e82b5aff0dc474f70c93b3f47f80
379,306,4,SO-P0306-R04,1,1,1,1,1,1,1,1,1,1,bb4569c34727ea2f898627ed805107edb87defae25630dcd4f4401124c0dff58
379,306,5,SO-P0306-R05,1,1,1,1,1,1,1,1,1,1,c2d758c34e1c09dc4e0c9db013522ea87d9009c5f8292eeaef9c2afbe0573eea
380,307,1,SO-P0307-R01,1,1,1,1,1,1,1,1,1,1,5d89e7d41daf1b7d151893df3d021f0c9dff93bd17b77c290e506fe259136024
380,307,2,SO-P0307-R02,1,1,1,1,1,1,1,1,1,1,5b5b1f463c95b7969d7f8970eccea548ab09db295f424ae090d3ac4a84f8fbf5
380,307,3,SO-P0307-R03,1,1,1,1,1,1,1,1,1,1,6bad1b5edc946bf4c1ed8fdc4a646ab58ebc5f8a8e85164d6e56e60d816bfb07
380,307,4,SO-P0307-R04,1,1,1,1,1,1,1,1,1,1,a9a3a9a9c2b909390d43acff0226c0588058a96920585a793882f1cb43e60896
380,307,5,SO-P0307-R05,1,1,1,1,1,1,1,1,1,1,b8bce2f327077e64a4ef1d2adea1fcf1a7904543fe15c4e5df2ff8972c4850a6
382,308,1,SO-P0308-R01,1,1,1,1,1,1,1,1,1,1,c9e98906982bb001ae9876c8fce433d3f4549271c465cbf577611c4b7d407695
382,308,2,SO-P0308-R02,1,1,1,1,1,1,1,1,1,1,2dd80b784d5192c0c48e5c2d35a1102f1404498a612dd8f20af798bf261bf811
382,308,3,SO-P0308-R03,1,1,1,1,1,1,1,1,1,1,04c73551ebe648b2ed7d1a35c9f850380d367893fbacacb9cf8a9f0a7fad6c30
382,308,4,SO-P0308-R04,1,1,1,1,1,1,1,1,1,1,28c90065391d170a1a57a4c6b459f7848467d57bf8cff905b00aa399ef0323c2
382,308,5,SO-P0308-R05,1,1,1,1,1,1,1,1,1,1,8c5711c4ca345d43899f1525feeaf1f802b237802dc53134d9f13a734b354a0a
385,309,1,SO-P0309-R01,1,1,1,1,1,1,1,1,1,1,59a4515a3fcd3b54d84011fe84a7308bf1c8987382969f11d84e68f57b9e889e
385,309,2,SO-P0309-R02,1,1,1,1,1,1,1,1,1,1,e607abe41015a569f8812828d40d2fda576c4cbf96f73b220c25c2392e64c21f
385,309,3,SO-P0309-R03,1,1,1,1,1,1,1,1,1,1,880c20318d39cd4c7f4a0d50b95f24540a148cba02099625740ecabca393a2d2
385,309,4,SO-P0309-R04,1,1,1,1,1,1,1,1,1,1,2595642e531d177392d176ae5f998b357055d475d1f2b073fc5062c8e908712d
385,309,5,SO-P0309-R05,1,1,1,1,1,1,1,1,1,1,1a9c8aed9537d9ccc0729f9afa74f9b770e5b79448525f2eae783b4a8302cf8a
386,310,1,SO-P0310-R01,1,1,1,1,1,1,1,1,1,1,4d5ba3f5de97cdc13e8366276ac474b86d7412dd00ba6413b66d36c7abfd769e
386,310,2,SO-P0310-R02,1,1,1,1,1,1,1,1,1,1,a74ee4454fb1b353832c080af27abf27ad9af416f274d3b73541138401b548af
386,310,3,SO-P0310-R03,1,1,1,1,1,1,1,1,1,1,97cdea683a81f5b0d993833879082c2d0776a306554fa11423f3a926cb3360a8
386,310,4,SO-P0310-R04,1,1,1,1,1,1,1,1,1,1,608dfa9e87995aaac90c8442e130e14cd78bef55bd97eb484c540cf73ceb0c1d
386,310,5,SO-P0310-R05,1,1,1,1,1,1,1,1,1,1,ae0154762d3edf3adfaea5a55d4c7548de3ca232cd3d2c98d2551b623ff2fca6
387,311,1,SO-P0311-R01,1,1,1,1,1,1,1,1,1,1,116b039a779cd690638b5fee4356f45987b3f9d55b384d09b088398bd8918b3f
387,311,2,SO-P0311-R02,1,1,1,1,1,1,1,1,1,1,8fc30363561af9637f16d3f95d5964cc379afe8a575cdb6d64be4b677d27a789
387,311,3,SO-P0311-R03,1,1,1,1,1,1,1,1,1,1,668c3d82b42c359ccbb4933f1c96d71f35d5687faa7f82b93d80592030897016
387,311,4,SO-P0311-R04,1,1,1,1,1,1,1,1,1,1,805197f3047d1b8a29fbde3ebc5669ac518d865c531f7067b13f47f9498a9d7e
387,311,5,SO-P0311-R05,1,1,1,1,1,1,1,1,1,1,41490f18dc728b825bcb23a3839153a7346565d48c1f7b5092bf64d0f52c989f
388,312,1,SO-P0312-R01,1,1,1,1,1,1,1,1,1,1,75897be1f82a66583dd2b9843e7c3ccbe603e70bace08562c2ae8e6457c69f49
388,312,2,SO-P0312-R02,1,1,1,1,1,1,1,1,1,1,b58bb83aebe9ecfa0e9e317dd544700565fbb8afc45d56488f733db70a21c5d6
388,312,3,SO-P0312-R03,1,1,1,1,1,1,1,1,1,1,697ddc0a0821bcbf98c496e86bb34dff4be4c5cb7b3eb8116380275e2af0cf3b
388,312,4,SO-P0312-R04,1,1,1,1,1,1,1,1,1,1,df3233613d3c74fe7e32c19b86c9e7db8ab34b3c7a13b4c32e3edcc583ec32c6
388,312,5,SO-P0312-R05,1,1,1,1,1,1,1,1,1,1,1637f21f5200fe4e9cd9a360af10033c99d067d2266fbdb8ad97c02ba9c47f68
389,313,1,SO-P0313-R01,1,1,1,1,1,1,1,1,1,1,8d00447aa53a9d30d0050cac3eb55e8f6a1b59b25b5db5d65250386f63cd7e50
389,313,2,SO-P0313-R02,1,1,1,1,1,1,1,1,1,1,f0573e35ffbb920e824cad6ab43f35e6b44a4a48c502c6490d056edca4e5539f
389,313,3,SO-P0313-R03,1,1,1,1,1,1,1,1,1,1,5be3181691956bcf93f29e5415bfe1a8b9aa90e37f3b2c788941851b6ecde7d2
389,313,4,SO-P0313-R04,1,1,1,1,1,1,1,1,1,1,70100fe83a4a49956ebcf7f59f5762fa14d34dabd76d2b2e3da09d3a32fa85b8
389,313,5,SO-P0313-R05,1,1,1,1,1,1,1,1,1,1,43dcc2d3b794dbb69690150f16f8458a7943ad7fb76cd33a3929b470dc11c34f
390,314,1,SO-P0314-R01,1,1,1,1,1,1,1,1,1,1,c0997cc406eb1361d5a9d4c405aea82db11a95d618e120ee360f86d954a7aff3
390,314,2,SO-P0314-R02,1,1,1,1,1,1,1,1,1,1,1f171e92722698d4a92a369900b89abed2c15ea4fb63d4a6e3ea2b72983325d0
390,314,3,SO-P0314-R03,1,1,1,1,1,1,1,1,1,1,23cc9324cb0640fd3e43817be8f7a80aca8c4cd08c74d5c7e405d35c267174bd
390,314,4,SO-P0314-R04,1,1,1,1,1,1,1,1,1,1,2ab0fa9a0bf43a03403d4a803fb541ebecf9ba4425dd138922ba36dc778c2b55
390,314,5,SO-P0314-R05,1,1,1,1,1,1,1,1,1,1,7ad8eef71de6827e50a90582a6abc4797b6e9ea6cae0a62937d0372a0ceb52bb
391,315,1,SO-P0315-R01,1,1,1,1,1,1,1,1,1,1,6709436b290ec4e12771b4d1d63e82ca162a6065b054351fdf3655c434129d7b
391,315,2,SO-P0315-R02,1,1,1,1,1,1,1,1,1,1,8e2e4de8d00130305189e87c8857922eae6a931683f28c495b4bf6ceda692243
391,315,3,SO-P0315-R03,1,1,1,1,1,1,1,1,1,1,56d3cf63ac237f914ef3dd8665514591d88c65808764e7a763f807278bf6630d
391,315,4,SO-P0315-R04,1,1,1,1,1,1,1,1,1,1,79d4d1cdd0be9d0fa79fc4432182791d9dfa1830ae23f18e00149b432cd7d4e1
391,315,5,SO-P0315-R05,1,1,1,1,1,1,1,1,1,1,3391cf8c8fdfbe13633f10338c3bc60f11cebb6a4cb6841466ac7f2cb6a1ff0e
392,316,1,SO-P0316-R01,1,1,1,1,1,1,1,1,1,1,a17a866af3593a48dd3b29b0b2287b704102b3119c7789c7bdfe3c3f67e1a9eb
392,316,2,SO-P0316-R02,1,1,1,1,1,1,1,1,1,1,34398393983bcd5737594197028345cc4066129a80d1d2ebf61718df84124aca
392,316,3,SO-P0316-R03,1,1,1,1,1,1,1,1,1,1,f87c9bbdf8c444ce9868b9dade8bcdbd749c0f894e2a8a9b90f4a31e99b61102
392,316,4,SO-P0316-R04,1,1,1,1,1,1,1,1,1,1,6f4c2291393a54aa04e68acdb0af2c7755884b480ba6b80125945f2ab261232d
392,316,5,SO-P0316-R05,1,1,1,1,1,1,1,1,1,1,57277222cfd4581f2056022aa5b35f6fe4c4e87e11930d9034a64c59c9944e75
393,317,1,SO-P0317-R01,1,1,1,1,1,1,1,1,1,1,2c3807b94172d0a4614fbf684ac876159580a2a2245e937c24f1a087cfdf8aeb
393,317,2,SO-P0317-R02,1,1,1,1,1,1,1,1,1,1,f9c3b9af33a7facfe7ab41a618bc749ca2965e146ed050ea3bab2b9f76217b8e
393,317,3,SO-P0317-R03,1,1,1,1,1,1,1,1,1,1,8cc2f02254c4e556e59c3068b0dd925a0ea58a7b2891aac6b6d7a09ee23fd66b
393,317,4,SO-P0317-R04,1,1,1,1,1,1,1,1,1,1,9a83c8a6abb59f81dc66f171c76c65fb0edae6ce18fef143a8d2d630a0682bb1
393,317,5,SO-P0317-R05,1,1,1,1,1,1,1,1,1,1,a45e69074b5813e0ce12e41c8c3c009d42f3c6bb0d8f3e026bda676b346e64f0
394,318,1,SO-P0318-R01,1,1,1,1,1,1,1,1,1,1,7ef0037831f268c3fb888ddcd5c65841c3e85145115f3521072f66065224da9a
394,318,2,SO-P0318-R02,1,1,1,1,1,1,1,1,1,1,8ae0c21ca7181b11df8e7e11680138b8c1ceca0427676246e5944a54aa111a55
394,318,3,SO-P0318-R03,1,1,1,1,1,1,1,1,1,1,92a9a562a2b214f8e7689e3b9d353a0eae1ec9cfbb5186e2117932fcf926e57c
394,318,4,SO-P0318-R04,1,1,1,1,1,1,1,1,1,1,a89a3e56b902186765c98d905f988e5d88220b7cbb0acbc48fc85ca324ae9e12
394,318,5,SO-P0318-R05,1,1,1,1,1,1,1,1,1,1,d5637c327c30cfbf0305c06d70294008969a52c9e99e7c102b8bd2a546915493
395,319,1,SO-P0319-R01,1,1,1,1,1,1,1,1,1,1,5e7bb2397d3ca0b00746d0fba1f314caab52653b9192aba376a827c97616a34e
395,319,2,SO-P0319-R02,1,1,1,1,1,1,1,1,1,1,274c83b0c6d48699bb78d4579165f43276f9f7823c2e9b537ff3bebfefebc420
395,319,3,SO-P0319-R03,1,1,1,1,1,1,1,1,1,1,e3c6fdade11b0ad32142339e65805b8ecc64dbb8bd1413bdf40ccc344679c4c3
395,319,4,SO-P0319-R04,1,1,1,1,1,1,1,1,1,1,83312866ddd5635da9ede160c5929cdccf5dc6801e4ad957b14d325c79afee2a
395,319,5,SO-P0319-R05,1,1,1,1,1,1,1,1,1,1,20552806fb55930c7d7ac69db0e97e112a7a2e7f5eb3366711ac1ad7ac66a468
396,320,1,SO-P0320-R01,1,1,1,1,1,1,1,1,1,1,ed0b75d2ac11a5116d2356808858a06d6b5304fccbd8df1ea4f3a762f8086cf5
396,320,2,SO-P0320-R02,1,1,1,1,1,1,1,1,1,1,f803846aab8c93f7c9b71f958767b6a6c313157d881d7a01ea396a70d966ebff
396,320,3,SO-P0320-R03,1,1,1,1,1,1,1,1,1,1,1a69a88b8fc01c1660441ba8497670b2c1588d1f445f3dd1d34e39f40ed372a1
396,320,4,SO-P0320-R04,1,1,1,1,1,1,1,1,1,1,3546eb5c465b55194dba2821d3bde7d0facaaccb0091410bd0994d14dc55a1cc
396,320,5,SO-P0320-R05,1,1,1,1,1,1,1,1,1,1,7dfe9d37520c43f76a63312758ffe8631199900d425cd4afa4920b6909a6d421
397,321,1,SO-P0321-R01,1,1,1,1,1,1,1,1,1,1,31dabc53023f4946c04d627fe7e28cd865e140786f110b40f81420cd4f78e7ee
397,321,2,SO-P0321-R02,1,1,1,1,1,1,1,1,1,1,b03ad75d4885c57b745289c8eb0086683a198ffd2e4ddd2f36a0afe9efa1b661
397,321,3,SO-P0321-R03,1,1,1,1,1,1,1,1,1,1,3e8cad327935ca2b8f0331ba05221238a6344e2d9e906da1b60e7bbf059c162b
397,321,4,SO-P0321-R04,1,1,1,1,1,1,1,1,1,1,7c6c8035d19e801545428f181ecfa66882edf36c95189cd3f7099ae64a460236
397,321,5,SO-P0321-R05,1,1,1,1,1,1,1,1,1,1,29e800a516222c1aa8f420a128ab09396153914e21c24f0f117d1e3c294f6b5e
398,322,1,SO-P0322-R01,1,1,1,1,1,1,1,1,1,1,558325e9001fdfa9d76c99aedecfc99754415904e14c57b7e6fcdd3142add9f9
398,322,2,SO-P0322-R02,1,1,1,1,1,1,1,1,1,1,9f878dbe0d498c4894cc4e22ffc4c61637bad04d2bb5b5d01dfda4b78f9621c4
398,322,3,SO-P0322-R03,1,1,1,1,1,1,1,1,1,1,c1522a77646b5114ce582e5072c31ede177620e82b85560e661ee715731a0b43
398,322,4,SO-P0322-R04,1,1,1,1,1,1,1,1,1,1,9c1bade9f05873b5480cae7e2047f3a9cec1f86f031d9ad754fc99758ba0316b
398,322,5,SO-P0322-R05,1,1,1,1,1,1,1,1,1,1,731e3432ce611bb619a6683682354795e5fb1c00800e8d47563f20c2dc3318cf
399,323,1,SO-P0323-R01,1,1,1,1,1,1,1,1,1,1,8dcf98fca12da3991aab9c93a81d23f1e545478a39fc007c46d839c47f69659c
399,323,2,SO-P0323-R02,1,1,1,1,1,1,1,1,1,1,49a15c6e2cca2805e4a4a200dbece535a2ecdf13b6db9b4512c0df19684e2237
399,323,3,SO-P0323-R03,1,1,1,1,1,1,1,1,1,1,518891f482aaaafe39c3717223a4ee24d96456f913f1b53a3bf5e3c5cc72b410
399,323,4,SO-P0323-R04,1,1,1,1,1,1,1,1,1,1,d835f8483c25b1dceac0995bfc094c57c98f0b945db29277d2254974fc7f596f
399,323,5,SO-P0323-R05,1,1,1,1,1,1,1,1,1,1,6a465aa4a90f85dc5cfd82a837685eaecaae72c8f4c64a2f973fb1af2113e5ad
400,324,1,SO-P0324-R01,1,1,1,1,1,1,1,1,1,1,f6b974d4e710682471c9885664e10cef417a22041a9df1f196bd2080ce912d2b
400,324,2,SO-P0324-R02,1,1,1,1,1,1,1,1,1,1,fb47635a7fcc4b83c1faea6ac9a8390da0b82bc9fcee50b911f47acfb5f64dc2
400,324,3,SO-P0324-R03,1,1,1,1,1,1,1,1,1,1,aa9640009c667c79176519531349f45cb6779228ffa2848fb0b6b69c239594b2
400,324,4,SO-P0324-R04,1,1,1,1,1,1,1,1,1,1,ee08230cb9ad00764d511b9ac7e889a17ddb8207606c76faa43a590e948889ec
400,324,5,SO-P0324-R05,1,1,1,1,1,1,1,1,1,1,1a1739428b43c911473d0361de037f41136a394d06c84b18492c953b5416b1e0
404,325,1,SO-P0325-R01,1,1,1,1,1,1,1,1,1,1,ce09dd47f8c7e14c0aeb36b089daaab0b8a9c40fbd33b4b9abe01b30c7bb2cf2
404,325,2,SO-P0325-R02,1,1,1,1,1,1,1,1,1,1,e653cd5d3c5ef0dfd9035a675102f349147fec236b01afcf0a5efc999bfd90ed
404,325,3,SO-P0325-R03,1,1,1,1,1,1,1,1,1,1,a36a3867862b5b312da0a770dcdf4186623f5cdaf45eebab4dedba3f2ad4d6d6
404,325,4,SO-P0325-R04,1,1,1,1,1,1,1,1,1,1,af2d651efcd5b05e686fe4d50c9e935aebb82db0066bd2f5703df91224de1d8c
404,325,5,SO-P0325-R05,1,1,1,1,1,1,1,1,1,1,c0e4c57f742d73af4f1df6be6a22d2df164f1b5e53d584d7c177f380df2e2976
405,326,1,SO-P0326-R01,1,1,1,1,1,1,1,1,1,1,839bfb145076c8e8a37c46642af339626ac3e6c0bf9435dac4ce491ab879a22b
405,326,2,SO-P0326-R02,1,1,1,1,1,1,1,1,1,1,55641f33bb89586cf22bc0894d6b0a00120631d18d40660cfebebe0f3bff9396
405,326,3,SO-P0326-R03,1,1,1,1,1,1,1,1,1,1,a7d7c74d3dc8c0fb30ac932169ece973ce97abccac2c0943338e1f648dbf40bf
405,326,4,SO-P0326-R04,1,1,1,1,1,1,1,1,1,1,9b654f93b7dab08ed13872d77b09b1402dafca79181739638da2b0479f3c05cf
405,326,5,SO-P0326-R05,1,1,1,1,1,1,1,1,1,1,c854a061c90446c9ba9d6b26b999dcb8c9f9b7152d9e42b4e89c7ccfc124c56d
406,327,1,SO-P0327-R01,1,1,1,1,1,1,1,1,1,1,0d9b158be263b7b54f58efaf5f2801401ae085a92b5773c79d02f91d75bbbc8d
406,327,2,SO-P0327-R02,1,1,1,1,1,1,1,1,1,1,42e47b4ebae8e036afe4b69812f71341704826a5f9933eb5392ad4b61b4714d3
406,327,3,SO-P0327-R03,1,1,1,1,1,1,1,1,1,1,dba70739adbc097254253e816a7451d451f1811db11a80cf821780020d2d1f2c
406,327,4,SO-P0327-R04,1,1,1,1,1,1,1,1,1,1,a9872461caebafc484772efa7a1044add155b9f22da5f75f759b3ee258a879b4
406,327,5,SO-P0327-R05,1,1,1,1,1,1,1,1,1,1,132b10bfd2dc9f337aff96df1cd3101c2b04e7855a701f2345e6e1766e7ae203
407,328,1,SO-P0328-R01,1,1,1,1,1,1,1,1,1,1,ac62d3f348d85559e5f0427d176894c22c7565ce9e1d1bec47efc5cd7752b22f
407,328,2,SO-P0328-R02,1,1,1,1,1,1,1,1,1,1,7a8699271309de6e68a541ddae2c3abc6e07dfb94e3ec815d8012f5a42c0a1ff
407,328,3,SO-P0328-R03,1,1,1,1,1,1,1,1,1,1,fe83dab1c8a4ad72dc26be1c8c0bd89af487963e9fc05a191a63f54d0f393d7f
407,328,4,SO-P0328-R04,1,1,1,1,1,1,1,1,1,1,4fb605bd69b1891e5b1582893d882b65b3c9ae9cbee2d35a909685420bba00dc
407,328,5,SO-P0328-R05,1,1,1,1,1,1,1,1,1,1,27eb5433e5a3de9ff40356bba437fa5069dffdf8b16a4758ce538300ea75c04a
408,329,1,SO-P0329-R01,1,1,1,1,1,1,1,1,1,1,7805ccc6e5067cba937e9c3bb7ec8ca502b3d0fcce800c8cf3ef4a1a76a353ba
408,329,2,SO-P0329-R02,1,1,1,1,1,1,1,1,1,1,74089a10b452ca7866a38cf780f47421cde7e37b2be1f584765dcf60fcf93335
408,329,3,SO-P0329-R03,1,1,1,1,1,1,1,1,1,1,77b27bf08f197824f0ee977c52d486e20858ea1d099a04ac3d3051e522ece93f
408,329,4,SO-P0329-R04,1,1,1,1,1,1,1,1,1,1,0eb27917cc823186499981e148dc719eb8bb39b99d8d37ff9c9aa36ce578a3d3
408,329,5,SO-P0329-R05,1,1,1,1,1,1,1,1,1,1,2180b2eaebc479088b514bca04385b07bddb257c14b74950dd537f0532e79e2c
409,330,1,SO-P0330-R01,1,1,1,1,1,1,1,1,1,1,27a948dd0a209ad9efe448c7eebeb0bd74fab9a32f4bdbef1ab372159c6a80d2
409,330,2,SO-P0330-R02,1,1,1,1,1,1,1,1,1,1,de8609f2268b4df1ed33f97484dfde9bb8de678032637bbb17e2016832c6e08f
409,330,3,SO-P0330-R03,1,1,1,1,1,1,1,1,1,1,2b380b98ebc9b5bc5ce562fc775f19a0a2039a9500fa60ef1dab4cc912c2885c
409,330,4,SO-P0330-R04,1,1,1,1,1,1,1,1,1,1,ebc4aa7b7b48b4e2b3235fac7c6fb20a3bf6c14aeb7d2f4bc8ba790114a9917b
409,330,5,SO-P0330-R05,1,1,1,1,1,1,1,1,1,1,8aa3187c73e5b9f7d924f74e09790fef0bd06dd9679198edb69d0c76f9aecd31
410,331,1,SO-P0331-R01,1,1,1,1,1,1,1,1,1,1,45b2650cc63d133db052e22353ae62064b2b7bb337451b933ceb0780d58bc6f6
410,331,2,SO-P0331-R02,1,1,1,1,1,1,1,1,1,1,b55bef71a82d4ae6abe82720d99af801bc6cd0c5d905a95056fd65d0f3c6ad54
410,331,3,SO-P0331-R03,1,1,1,1,1,1,1,1,1,1,fa83410bede5da7adf66751f44e508be0ff428748deffbfc5b8428816c2eec09
410,331,4,SO-P0331-R04,1,1,1,1,1,1,1,1,1,1,73006702d51ca5a2fa4db70c4859f38c8b5ad94995c1ea9c2d386f28acf85b73
410,331,5,SO-P0331-R05,1,1,1,1,1,1,1,1,1,1,423260d404de17a6096c7e4959c54accabdf77dccbc900c50b7b401ff538f668
411,332,1,SO-P0332-R01,1,1,1,1,1,1,1,1,1,1,91db1038a24fccfd20b3219e97c4a6856bc25361ff160e6f501271e3ab9518c7
411,332,2,SO-P0332-R02,1,1,1,1,1,1,1,1,1,1,45a720b2390a91c3f04d4e5f4332e8b824ae65673db9804c11b521769ffe2887
411,332,3,SO-P0332-R03,1,1,1,1,1,1,1,1,1,1,684751498e0ef244c76b744e812d3ba7cff29686c126ddeff0482ffcfa59aa59
411,332,4,SO-P0332-R04,1,1,1,1,1,1,1,1,1,1,b7470ca0b782b75d9ec645df86af5ed549a58bb83ee97e1a9bae1df74d6125a8
411,332,5,SO-P0332-R05,1,1,1,1,1,1,1,1,1,1,8fc7608fde0b4a87dd9d9365e9d2569a0e4903a06884589c3b6fde78f16910b0
412,333,1,SO-P0333-R01,1,1,1,1,1,1,1,1,1,1,5e1c76998b8957ec62e9c87245f17c0fe0ea7cbeda3fe6ae4ea49779550297f1
412,333,2,SO-P0333-R02,1,1,1,1,1,1,1,1,1,1,45478c10c6b3f322bb99404aefe92722cff2b3699d0708eed32e41e1e02e3dcf
412,333,3,SO-P0333-R03,1,1,1,1,1,1,1,1,1,1,fc310d628091cada68d31175552f25def4369a6677b1cadddb2f6af88c5aa343
412,333,4,SO-P0333-R04,1,1,1,1,1,1,1,1,1,1,c580e0ea6092b1ccfcaf9d3c5b3c4c8cd7812b1b7dd50a60798ee2b03b064cee
412,333,5,SO-P0333-R05,1,1,1,1,1,1,1,1,1,1,530b1379de23db0573a4bf87fdd54b958d623dacdfb0712574ce66d5337868c6
413,334,1,SO-P0334-R01,1,1,1,1,1,1,1,1,1,1,e658987133d65ec80a3cc723455952decb782c40fe836d3750e002dc86c152d1
413,334,2,SO-P0334-R02,1,1,1,1,1,1,1,1,1,1,f58f18b417fe877d8193d5328aaa83fad8530a6f86fb8088a1ba0be6850c5b6c
413,334,3,SO-P0334-R03,1,1,1,1,1,1,1,1,1,1,88a7ec21ffe54d95e2ce7e9017aea6d8ca3af6c375aa80ef76d11b9c6b04775c
413,334,4,SO-P0334-R04,1,1,1,1,1,1,1,1,1,1,e7dd4b35f58bdf7d8cbf7fb943f1e05b86d321b0b49aa95c3d904784cf35dc8b
413,334,5,SO-P0334-R05,1,1,1,1,1,1,1,1,1,1,c91a193927561d7946494d1ac8a224dc6ce17a7d4ba2a92164374df9707b5238
414,335,1,SO-P0335-R01,1,1,1,1,1,1,1,1,1,1,632fd86730c42d41bc29e98c3d586eab8d31973b1b98bad7ec3345863e6d84c0
414,335,2,SO-P0335-R02,1,1,1,1,1,1,1,1,1,1,ea10883dd0cb4009909487ea062abdbf2ce053359aeeda66bd06b4207b1fecab
414,335,3,SO-P0335-R03,1,1,1,1,1,1,1,1,1,1,a6cbbf904b3dcdb6346331b6f7bd6bde82a27d624a9a20644d8fd52360ba1fd1
414,335,4,SO-P0335-R04,1,1,1,1,1,1,1,1,1,1,24daec8afeb1fcea2ec5bcacec292104596928f95f662a2c972ee52c55c7d0c4
414,335,5,SO-P0335-R05,1,1,1,1,1,1,1,1,1,1,dd0b03748561c7f80eb113263274ee5d01d44221cb5871ce0790dad78cd2aadf
415,336,1,SO-P0336-R01,1,1,1,1,1,1,1,1,1,1,2ffba19ee12f7e93df9a1764409197efb6bb8e1e6eccfa5cd0a5ab981a83380a
415,336,2,SO-P0336-R02,1,1,1,1,1,1,1,1,1,1,823f4166981411c92e9b06d213c1ebcf5490d36918640af8a1e89bd37a994e62
415,336,3,SO-P0336-R03,1,1,1,1,1,1,1,1,1,1,cb4a218dc854dfc3c3b89f1cbb1daa09c71a4929d0e0d329b34ba15330616518
415,336,4,SO-P0336-R04,1,1,1,1,1,1,1,1,1,1,614bf94c18a1388adac2336d77a02bba78152d1549f8144ac1ea99ae72e571ba
415,336,5,SO-P0336-R05,1,1,1,1,1,1,1,1,1,1,c857d3f3fec6ecc1bf8e35e3c8f35806bffd97043c4cd53266c54b62f4138145
416,337,1,SO-P0337-R01,1,1,1,1,1,1,1,1,1,1,de4c7a8bd542ba254bdc4f0f9e2e77d51526d6a326c4ba16a754edb9af6de3e1
416,337,2,SO-P0337-R02,1,1,1,1,1,1,1,1,1,1,599ea61c324f228be2511e0295b730fdef24dc9b37bbd62d1112df2b16458c99
416,337,3,SO-P0337-R03,1,1,1,1,1,1,1,1,1,1,f74968d9a0635e3f61d2920cbe5886a3f955676e83516cb315b24a205f89748d
416,337,4,SO-P0337-R04,1,1,1,1,1,1,1,1,1,1,96cd17f2f17f482887b389419c6e033442b628959f24f118c8d1e1a7fa850ae5
416,337,5,SO-P0337-R05,1,1,1,1,1,1,1,1,1,1,e6ce8c39f5ab49902dec27a722765bddc7997367024fdc6f93c6e29d9ac19968
417,338,1,SO-P0338-R01,1,1,1,1,1,1,1,1,1,1,64f1d6beb0767e4d483868b2c4e5e2c65f2cec62051c07143ed490536e3a5cb4
417,338,2,SO-P0338-R02,1,1,1,1,1,1,1,1,1,1,a24755b2599704137ea76b0500ae40e7ce7cc5351b81a46215da898a6118fc5a
417,338,3,SO-P0338-R03,1,1,1,1,1,1,1,1,1,1,7be8969f9aae82ce13125f8813567258ab727d3f56734df73292dd68956fb938
417,338,4,SO-P0338-R04,1,1,1,1,1,1,1,1,1,1,014e042bf21de9a5f96b6578276949bef064c87a803c9a14cfe043754432edf6
417,338,5,SO-P0338-R05,1,1,1,1,1,1,1,1,1,1,fa98a7d9357fc438425f75bb89fe6cebcad77ea0ff3c9e32e66f184819d85bba
418,339,1,SO-P0339-R01,1,1,1,1,1,1,1,1,1,1,6b2a84eae489ba4afee49fc3fabe85b3e5a0310594dcf2aad3b7d1c6e1243bb7
418,339,2,SO-P0339-R02,1,1,1,1,1,1,1,1,1,1,9a0089bcf22caedce76f77209917c2e1d10930fc2762c5a22d9af2b7a236c6fd
418,339,3,SO-P0339-R03,1,1,1,1,1,1,1,1,1,1,d8712e0c8e38675259f1554f7942d1b7897961644db0c6cf1818c4f8f3f2cc91
418,339,4,SO-P0339-R04,1,1,1,1,1,1,1,1,1,1,bb63e0822d9ec84cfcfef7c32ebfe785e9fca43dedec063115be487fb128b262
418,339,5,SO-P0339-R05,1,1,1,1,1,1,1,1,1,1,1c6d5be4d9d0864f1c105b2c1088393c534b56d0cff86e2b2199ed58caf79b2f
419,340,1,SO-P0340-R01,1,1,1,1,1,1,1,1,1,1,b83dbf3e16196787c26d47b9224919e9eb49d07876a75ef18a01afbcd965d544
419,340,2,SO-P0340-R02,1,1,1,1,1,1,1,1,1,1,7abd3cae9b37818e45e975e9ebb909e5709061d976b720bea57281b4343770a6
419,340,3,SO-P0340-R03,1,1,1,1,1,1,1,1,1,1,a9b5f4daeb2bfb31929a5fdb5f6d12e598b85cc0e8ca659f8b60a9803704e9e4
419,340,4,SO-P0340-R04,1,1,1,1,1,1,1,1,1,1,477b98aa5e8e9cd765bb4fcda5cb17ddd0e1fc2b69911a2c2e212dd87ad9bad0
419,340,5,SO-P0340-R05,1,1,1,1,1,1,1,1,1,1,4659bf613405b32c4106a4c402c567c4c8bbdc403fdc20f6d6ba7fb0bb1593c3
420,341,1,SO-P0341-R01,1,1,1,1,1,1,1,1,1,1,d4e0c12612d9d6f86a8c65c69f1fcd161dd7328f304dab782bf2837f5aa62561
420,341,2,SO-P0341-R02,1,1,1,1,1,1,1,1,1,1,3a17f392501d9ef48669414a06e5f5eadccf2cbeb0afbde0b082cf4b56df9580
420,341,3,SO-P0341-R03,1,1,1,1,1,1,1,1,1,1,f8537cc33f3a56eb17a46bea3bd88286da2628a32f3896802a29666fa11fc0bc
420,341,4,SO-P0341-R04,1,1,1,1,1,1,1,1,1,1,9aa903b9adfe8606ee04a32bb245f2a55542ff6096e9112180d6f3f51905b643
420,341,5,SO-P0341-R05,1,1,1,1,1,1,1,1,1,1,b59084bd44e0c538bf3db96691d7a7e9f5101c2a0cff3e29666edc3c8222ebae
421,342,1,SO-P0342-R01,1,1,1,1,1,1,1,1,1,1,a62fe57dce65d88001b6ee71d092dc23502064434149801bb17671f63e79b8dd
421,342,2,SO-P0342-R02,1,1,1,1,1,1,1,1,1,1,686bfd93e1b038e34e32b73b4a1f1159ff3fbd658fa6d6e58bdfc7ec52194b3d
421,342,3,SO-P0342-R03,1,1,1,1,1,1,1,1,1,1,9a36ee233253c2d4cef5f33ce5949de71a12780b3a86bbfb79a65c6bb9a673a1
421,342,4,SO-P0342-R04,1,1,1,1,1,1,1,1,1,1,92615f30c8b8f65a65057cf9b58da05e6000c9a284afc14a1868850f4a3200e1
421,342,5,SO-P0342-R05,1,1,1,1,1,1,1,1,1,1,e704b1cec9dfdccb2d203519b03aef4f7ad2ef446ddf71e7e3882bc41f62a64b
422,343,1,SO-P0343-R01,1,1,1,1,1,1,1,1,1,1,a05558e65c9dd51772b1a42f5154a705dfa669da2e6a40716d586b003a26760c
422,343,2,SO-P0343-R02,1,1,1,1,1,1,1,1,1,1,d0316c107fcbd4299c99aa889c66ef0292c0f5e36931296cd76c63245c0ca554
422,343,3,SO-P0343-R03,1,1,1,1,1,1,1,1,1,1,d0a29d4a7084319e8ff6b99d8e1722609aadc9a14a79c531e302ee2f75f94e4e
422,343,4,SO-P0343-R04,1,1,1,1,1,1,1,1,1,1,124ec6259b5836a0bccd14786b8235eae8486e60caa6de1a09936b657cdf2e2c
422,343,5,SO-P0343-R05,1,1,1,1,1,1,1,1,1,1,bcc30d8ce6aae605d9baa554a75ab4fc947f678deecc11f042f8c980a8a665ed
423,344,1,SO-P0344-R01,1,1,1,1,1,1,1,1,1,1,f2bf59140787b8104171ecb14044a5b83c4579c91af08dd31d35ceeffda6427b
423,344,2,SO-P0344-R02,1,1,1,1,1,1,1,1,1,1,99b3bef1bcd282d21be174b708a5bf7e4716a3f4da2b23cfe145ddde9eaa849d
423,344,3,SO-P0344-R03,1,1,1,1,1,1,1,1,1,1,0675c63b066a28db6c501f5bf082b512ab1e1b596b5a854d805eb79948e03861
423,344,4,SO-P0344-R04,1,1,1,1,1,1,1,1,1,1,fdb8cc2b62a07366d41b33cd75cd1e7159abb87db87d81689f693c690b0ac657
423,344,5,SO-P0344-R05,1,1,1,1,1,1,1,1,1,1,f1aa97e6f8997a81f67077da323960b014c8af300f46a964a37cb3e2a8ba1c85
424,345,1,SO-P0345-R01,1,1,1,1,1,1,1,1,1,1,d971ea8ed7b33489ea1114bf624bf8f4cbf8883c32f6326a4c7cff23de26cfa3
424,345,2,SO-P0345-R02,1,1,1,1,1,1,1,1,1,1,94ef1391dcfd2389d6801e1d01fb092dfd9cb65f1145e55e4e190354fb28c60f
424,345,3,SO-P0345-R03,1,1,1,1,1,1,1,1,1,1,ea10754cc32a90d15bca9413e8753eebfa487a0c8504aa5fe037a31a09338935
424,345,4,SO-P0345-R04,1,1,1,1,1,1,1,1,1,1,5b99f50196a55370b383863dfc0e19bfac39d88434d529a80415ba0e019aa215
424,345,5,SO-P0345-R05,1,1,1,1,1,1,1,1,1,1,07d6e0106fe79dc999de35e6298b0404f996b56c8f5dbea7b6d55f54d426854a
425,346,1,SO-P0346-R01,1,1,1,1,1,1,1,1,1,1,241bc9e3eb5b9b8479c268957ec76b60a44029028bccd62c73734eab66997044
425,346,2,SO-P0346-R02,1,1,1,1,1,1,1,1,1,1,8372e54645588a6f6ae5a71b23df6c17dfa9ed163ba8322cf8a56518fc236729
425,346,3,SO-P0346-R03,1,1,1,1,1,1,1,1,1,1,895014b36678e4581d65169300d4143102c241d6984c9e98d37a53815665380b
425,346,4,SO-P0346-R04,1,1,1,1,1,1,1,1,1,1,e081ab66a0c4b0d922db5fe8b837bf6f78205c837fa14436d009d550c9b07d68
425,346,5,SO-P0346-R05,1,1,1,1,1,1,1,1,1,1,2ba88b0de79f47b58b18344ea13d1820ddc6d23d182553cdcbd09f0bb2bc9030
426,347,1,SO-P0347-R01,1,1,1,1,1,1,1,1,1,1,397b577f4459c095ec7ac6097910f6f5564b7c88a8aa7e1b330ee45828f64391
426,347,2,SO-P0347-R02,1,1,1,1,1,1,1,1,1,1,a31c493a12cd00742ea3f0785857c7c22260fe8c738df233007fced88bcbfb85
426,347,3,SO-P0347-R03,1,1,1,1,1,1,1,1,1,1,0640d839b1c75be6b0d487e84da05422f5ba3bf7d4ad77686d3018ce34da81fe
426,347,4,SO-P0347-R04,1,1,1,1,1,1,1,1,1,1,99ffc46f3117c0d902d98bf505458249c6481fa9e6decd855ad4b481dbf8bd10
426,347,5,SO-P0347-R05,1,1,1,1,1,1,1,1,1,1,a1ba8e2fe2527367c1559463f09bfe1224d3a7c8335196e560d746da8d57fa4b
427,348,1,SO-P0348-R01,1,1,1,1,1,1,1,1,1,1,e3ff69eff537b931a8c4480d3f6340120599c7864c220b1a7241f3a3f455fc1d
427,348,2,SO-P0348-R02,1,1,1,1,1,1,1,1,1,1,b5c8949c769c5017b4093db7c3ed9017b42b65f3f905237d2c0efd97da630123
427,348,3,SO-P0348-R03,1,1,1,1,1,1,1,1,1,1,b50c6e4c7549745c2908cdee3ed5c08e3c9981fe221536ba5a8c03df2668fadd
427,348,4,SO-P0348-R04,1,1,1,1,1,1,1,1,1,1,ac527c5b22e513033af0daed4c507f8d512531662884bad688ce61f43d82381f
427,348,5,SO-P0348-R05,1,1,1,1,1,1,1,1,1,1,24a191d77e4e730882f7f535478ab0ab3cc107ead9d93cfb95dd01941192dcf1
428,349,1,SO-P0349-R01,1,1,1,1,1,1,1,1,1,1,52f4175af3ce80d8898e5144705b4c35f7181cb89a185ea16d8ee921e210acfd
428,349,2,SO-P0349-R02,1,1,1,1,1,1,1,1,1,1,da8f5f1ad7ac1fa809cdf6c9bb96b8b08c60d4da12db77055ca953ebc1f69650
428,349,3,SO-P0349-R03,1,1,1,1,1,1,1,1,1,1,360dce39108190310e12e2fdc185a53ef0da05320ce67341d7a1b434e9b84e20
428,349,4,SO-P0349-R04,1,1,1,1,1,1,1,1,1,1,d049dcd49b487e83f417c9d931b962a73551176b3ae60e30fc0dbcc310b65f8d
428,349,5,SO-P0349-R05,1,1,1,1,1,1,1,1,1,1,9089524c0bb310e84492d7139d660651491b1fdcb6f5eed83363e82b6c5c729a
429,350,1,SO-P0350-R01,1,1,1,1,1,1,1,1,1,1,19689eaa4a4c5515ddd2f7622ec64a3c96bb3593f780c616aaea7983c9d93a9f
429,350,2,SO-P0350-R02,1,1,1,1,1,1,1,1,1,1,f42bd14698b6f6c3b4e8db2bb10341a1ebd35f626c6fc82d546371919e9277a0
429,350,3,SO-P0350-R03,1,1,1,1,1,1,1,1,1,1,6126573bcf33f292362547079f68d28f74aa7e3c81adb8bf13ba29ad4bcbb347
429,350,4,SO-P0350-R04,1,1,1,1,1,1,1,1,1,1,badb66411919ec8f9dadbe959b2219de3b27462638767f51cf0fb0709e69db19
429,350,5,SO-P0350-R05,1,1,1,1,1,1,1,1,1,1,ff670ee16c813a03c79d18528579744c87e879cbc122302baadf09673d14033d
430,351,1,SO-P0351-R01,1,1,1,1,1,1,1,1,1,1,4f6cee8fc77994612cc3dbcd972e3d323d4734bf3e506b97e678e0125249832c
430,351,2,SO-P0351-R02,1,1,1,1,1,1,1,1,1,1,1d325baeb771ad6bd1cd0e96bb2552006c3d2c9474d1fb047e036dd9320a3779
430,351,3,SO-P0351-R03,1,1,1,1,1,1,1,1,1,1,6a1a3bcc0cb16be53f3a151384ea55292fb5e8b635b54a80b125f410e456b415
430,351,4,SO-P0351-R04,1,1,1,1,1,1,1,1,1,1,188c7f1c4f4365df86b6a60b87a50d93ea4494905ecbb7a62837a0471109a9d4
430,351,5,SO-P0351-R05,1,1,1,1,1,1,1,1,1,1,55158ad4cb479b617302c8b3606f702ebc1745e5c747e518567f2a7c3772ef55
431,352,1,SO-P0352-R01,1,1,1,1,1,1,1,1,1,1,aa253dbfa72710e0b5c2841003828becf62e93b103158ab65626aee9bb86f813
431,352,2,SO-P0352-R02,1,1,1,1,1,1,1,1,1,1,eb2558b6b147d2268c61a14bd700b129fe9bc575b8e169bc7c9120a0c8138495
431,352,3,SO-P0352-R03,1,1,1,1,1,1,1,1,1,1,832804a6e617bfc7ab7ed6c632a06b7c9ac674ba0d2cef25a0cf3f0a03b333da
431,352,4,SO-P0352-R04,1,1,1,1,1,1,1,1,1,1,b3606243cf403e27a9406bc822270846968fa47c29fae4ed019e46ee62c7e2ce
431,352,5,SO-P0352-R05,1,1,1,1,1,1,1,1,1,1,b235c4814a5f60fe3f211e2314df2c85cdbce3cc483dc402b745ffd5f356783a
433,353,1,SO-P0353-R01,1,1,1,1,1,1,1,1,1,1,46e3b6e0531114488d0f9e61eec57d7e1518b6999f1ad9b5dfa6a5db5b2dec0a
433,353,2,SO-P0353-R02,1,1,1,1,1,1,1,1,1,1,ec0957071e1a7c67b2b1339f5c0a724aa2951e15b634fd8106a07f117da71f22
433,353,3,SO-P0353-R03,1,1,1,1,1,1,1,1,1,1,16a43d67ab88392c99be2d508286e61e737ba1c6584c1170dfbfade0d4f281bb
433,353,4,SO-P0353-R04,1,1,1,1,1,1,1,1,1,1,8bf754eee9131927264ed606721cd58f2db771cfc447beb7e9de656f5d818bf2
433,353,5,SO-P0353-R05,1,1,1,1,1,1,1,1,1,1,47f7a165b4ac18584266987a718e17ab0a2712a0de6347282acab92f2cb2b47e
434,354,1,SO-P0354-R01,1,1,1,1,1,1,1,1,1,1,b00fa9efde484146fb217da68005a40b0b5101d90b5f935566f7481d6def4838
434,354,2,SO-P0354-R02,1,1,1,1,1,1,1,1,1,1,179248e0aab5186345c2573158c62e8db56e86b3be368b2b3fdf0ec97c47e7c3
434,354,3,SO-P0354-R03,1,1,1,1,1,1,1,1,1,1,449b5b8a565fd66725499507556a18db31c32fcedab627c5d1316180f784ec3a
434,354,4,SO-P0354-R04,1,1,1,1,1,1,1,1,1,1,35fe3e4e408b019f347aed421720db2705b28a2a7473f44036f822d8e880bc0e
434,354,5,SO-P0354-R05,1,1,1,1,1,1,1,1,1,1,878ea157e30902bb6e04b3501b0b405221f1a8119653f11a59ef48bbcf73892a
435,355,1,SO-P0355-R01,1,1,1,1,1,1,1,1,1,1,4051aac58ed57e39d3cdf56d1e12910324ba24db9e037fca51a50e0ec33480d1
435,355,2,SO-P0355-R02,1,1,1,1,1,1,1,1,1,1,a4ff2e5e67f71b1a8d7dfd0e22f04f89664fd59586b5adf966a7524ceb128603
435,355,3,SO-P0355-R03,1,1,1,1,1,1,1,1,1,1,bc15d5b171a816e71e5614364b137b5bde0f3119bfd438127bd93af1589a22c7
435,355,4,SO-P0355-R04,1,1,1,1,1,1,1,1,1,1,2c59b5aaff0c8b5ed82da0b8d7b9685c632011364a100334d4d69b08e32f5d6c
435,355,5,SO-P0355-R05,1,1,1,1,1,1,1,1,1,1,d09ca7ddbbc845f1dafc4a3c4f22a8248f91d33769e2b69cc11aaa91d7f354c5
436,356,1,SO-P0356-R01,1,1,1,1,1,1,1,1,1,1,4b8939e9d0111efefe473c12b7cb95dd1168a752c8673afc2eefb58d4c83f54d
436,356,2,SO-P0356-R02,1,1,1,1,1,1,1,1,1,1,e4a2d9391b0d2aaa2e90ab7fac46bdc94ccdd23e4ae5dcd902a8f4faec168b5e
436,356,3,SO-P0356-R03,1,1,1,1,1,1,1,1,1,1,f8389bf93a7b491ea98a44b2fa7bbb728e0344ba523a8fa6b3c83fd387b6c5ac
436,356,4,SO-P0356-R04,1,1,1,1,1,1,1,1,1,1,9ef1f1fcfe61201673535855d2523b9ab89b975f127d1a1dc5dfd24a6989d5bf
436,356,5,SO-P0356-R05,1,1,1,1,1,1,1,1,1,1,cab7d7a70207779f317c21c2f119413cadccb4a0575f7e074c4ece7a8f6917d7
437,357,1,SO-P0357-R01,1,1,1,1,1,1,1,1,1,1,ccaa254399025d25ac3b2f9ca603e40db76a9fc0a41899711dc55c999c384ae6
437,357,2,SO-P0357-R02,1,1,1,1,1,1,1,1,1,1,7034e9d446142bfb937a3019d09bd93dd958df474fa694b2072d464358c6a390
437,357,3,SO-P0357-R03,1,1,1,1,1,1,1,1,1,1,bd150b750346d35913fb858dbff775195f8cd13691d98d8fa72b7f5a682d6fe1
437,357,4,SO-P0357-R04,1,1,1,1,1,1,1,1,1,1,b367fd39ef2aaae7a756084f64a2b708d18a8af3f500c6a5500fb940420c161f
437,357,5,SO-P0357-R05,1,1,1,1,1,1,1,1,1,1,9f6db77e96aa75ecd2a6a128911d9e55dd46fab7ab31d7885a7c8ade641b8fc4
438,358,1,SO-P0358-R01,1,1,1,1,1,1,1,1,1,1,e765dc05db093e0198ab14b1d82ce1bf2304e33f0ee2ccc3b5acef56b83f183b
438,358,2,SO-P0358-R02,1,1,1,1,1,1,1,1,1,1,9d8bc84ca2117fd79fcce3af0eceb0947b832fb0cdf8cc8053a098bf1b65f136
438,358,3,SO-P0358-R03,1,1,1,1,1,1,1,1,1,1,bcb8beb74ffde21ddee45d6617d20ecea05dbcf0a45e4ca6c66a83014983b308
438,358,4,SO-P0358-R04,1,1,1,1,1,1,1,1,1,1,1dc575d7d90c56d5f459035e815a09f6f63b2033fd70ff1ca046605c3cc2b7e4
438,358,5,SO-P0358-R05,1,1,1,1,1,1,1,1,1,1,6943a079e9617a355476bb79d8238706ff4eec5ff8f2d7bf96dbe3b98d4b1151
439,359,1,SO-P0359-R01,1,1,1,1,1,1,1,1,1,1,e40623e1b0414227ad1d3ef44d03f371587479f2f6c2b0dc02d4e59ef3a8993b
439,359,2,SO-P0359-R02,1,1,1,1,1,1,1,1,1,1,5b8f817181faff5c2d08db2dda923a341d5c2b7d32f87f0b805b0d1af402cf94
439,359,3,SO-P0359-R03,1,1,1,1,1,1,1,1,1,1,1ba088c230317d7b84541cb9ff7d04cc8ea206514bb7b67f8574c885f1093a21
439,359,4,SO-P0359-R04,1,1,1,1,1,1,1,1,1,1,95d0dd6d77029ec79ffbdd0b3a4af3210f66ea77a336f585e386c609a95bb465
439,359,5,SO-P0359-R05,1,1,1,1,1,1,1,1,1,1,ab2b987a8e88c36e1e20c0fd313a61b6c0ffb30fbaea3ad110ee54849e838c33
440,360,1,SO-P0360-R01,1,1,1,1,1,1,1,1,1,1,9068820a513ef0b445d12463ed935d0cb28723a6145821bf5a8f41bdec671acd
440,360,2,SO-P0360-R02,1,1,1,1,1,1,1,1,1,1,32adc2be3ca1c1783f2081551877de2ef6c248b6242c50f9a4d424d024bc0feb
440,360,3,SO-P0360-R03,1,1,1,1,1,1,1,1,1,1,a3d0bedc36561614a8eff5f9472c3137dd0a978b13757a2e2f437499b41c5e82
440,360,4,SO-P0360-R04,1,1,1,1,1,1,1,1,1,1,8ff7d14ce106921213ca00921a3b774053937398c644fddf86ac619d4e4bd55b
440,360,5,SO-P0360-R05,1,1,1,1,1,1,1,1,1,1,9f41c1cbff9c2ccc27beb2fecd8cd89e3f6cdbee3137a4cb8c26cc98fa72c3f2
441,361,1,SO-P0361-R01,1,1,1,1,1,1,1,1,1,1,58c8824de1df39c6809bce4a0b400128a74b6a33714082a22872d6cd47df9668
441,361,2,SO-P0361-R02,1,1,1,1,1,1,1,1,1,1,d8ca1ec05c827075d74fd3164237df922bc601dacf627067a531410c512b7beb
441,361,3,SO-P0361-R03,1,1,1,1,1,1,1,1,1,1,cf6d25139d6a9aed5d12a29d1989fd211af3121337409d85b288c4e399b90cbb
441,361,4,SO-P0361-R04,1,1,1,1,1,1,1,1,1,1,375b2d65f77d9d340a747d477a945be1a947f1bc2fe7308c8a285648101bd94c
441,361,5,SO-P0361-R05,1,1,1,1,1,1,1,1,1,1,b44470f9e6e21f102b234e4700b842d8e334b0b701bf36433cd6547b8e4433a1
445,362,1,SO-P0362-R01,1,1,1,1,1,1,1,1,1,1,73e26340e82743d1e0b662790698095916afd4fa262dc85709fda229c3b6cb88
445,362,2,SO-P0362-R02,1,1,1,1,1,1,1,1,1,1,504e36531480ad405d17afaf49647b5c4683cbd01da7209d9ad4603c4728118d
445,362,3,SO-P0362-R03,1,1,1,1,1,1,1,1,1,1,67139f844fff9d341f31fbe16c789bbe4b25772573fef2d5ef3a03d23104e460
445,362,4,SO-P0362-R04,1,1,1,1,1,1,1,1,1,1,e84753df4cd18269a8c2a87f3330f5ebc0e20b087c730195695e4a9ae82d9c30
445,362,5,SO-P0362-R05,1,1,1,1,1,1,1,1,1,1,3075b5fb18ae1cb218521e9bd626319b91d1f257d8f8d9811b042f25ebe713c4
446,363,1,SO-P0363-R01,1,1,1,1,1,1,1,1,1,1,bc27a2fd6678484f781f5c210e51db3a306b90963f0ea77c5d317ca826c0b099
446,363,2,SO-P0363-R02,1,1,1,1,1,1,1,1,1,1,c73a12d94376db15455cbd4a816575200049fa251bb454fdae263c8a44a2fb7d
446,363,3,SO-P0363-R03,1,1,1,1,1,1,1,1,1,1,49fc3690a694dda633f8278f0deed70472f86de4f1caee437242daf9a862e562
446,363,4,SO-P0363-R04,1,1,1,1,1,1,1,1,1,1,fb903bd4f76b2e203006b49317c2cd24f258e5f9f92a12a63220f874631e09b4
446,363,5,SO-P0363-R05,1,1,1,1,1,1,1,1,1,1,ccbce10af275acb6a9fa99a84dafa6178855571f599a61a3941b6b0d38845882
447,364,1,SO-P0364-R01,1,1,1,1,1,1,1,1,1,1,80bd473b96b2f0afd7a82fcb89ed2c913fade61cee8b575237d2a8a36baed7a2
447,364,2,SO-P0364-R02,1,1,1,1,1,1,1,1,1,1,51625fb289f36f74edadb39589d799c5dc692f577e758337dd6adce53118b9b7
447,364,3,SO-P0364-R03,1,1,1,1,1,1,1,1,1,1,4837fe48fce7dfd6d260bf4d08fdba843ee8563ee13f1349739c674430f0fdbe
447,364,4,SO-P0364-R04,1,1,1,1,1,1,1,1,1,1,325d7575ed40c69d26228ed9b6f4062fdbbefd19ebc94ba33356ac00f28b469b
447,364,5,SO-P0364-R05,1,1,1,1,1,1,1,1,1,1,a449062b8c9bae01f7d9e170773b3bb03583c43d9e5f50674de19bf515d05a89
448,365,1,SO-P0365-R01,1,1,1,1,1,1,1,1,1,1,dce4f41fb3c65c4ed1ca47b0022e9859bcff6a6c98f98489efab63d07cb7663f
448,365,2,SO-P0365-R02,1,1,1,1,1,1,1,1,1,1,0975f46597c8bc28ab39c6b80f9559066257fc6c94b7dd84e94b982aeb22aad5
448,365,3,SO-P0365-R03,1,1,1,1,1,1,1,1,1,1,8821909f9e62212c30fb3348c058fc9f28a0bb0d5b97b69913cb05b38c5bfc6f
448,365,4,SO-P0365-R04,1,1,1,1,1,1,1,1,1,1,f477e60bb8cb623219f1241e9fb4c48a7538177438055dce6fb60020dab7572f
448,365,5,SO-P0365-R05,1,1,1,1,1,1,1,1,1,1,04795658c3e3c8374f632f8bd71f459f8f58163b0835c4595df6907baed131f9
449,366,1,SO-P0366-R01,1,1,1,1,1,1,1,1,1,1,77a3cebd9c8a2f369a819fc0714e85df4534cd2413fc4b3d158bfc946daf699e
449,366,2,SO-P0366-R02,1,1,1,1,1,1,1,1,1,1,aeb6f81e2e974b58d2f731aa4ce9aed4592e1ae5717ebeb10c6b84f6ee30800e
449,366,3,SO-P0366-R03,1,1,1,1,1,1,1,1,1,1,226caf9c9e042e2d72788c042b29bc4184f39d0380cd785c5f790794ea31ce09
449,366,4,SO-P0366-R04,1,1,1,1,1,1,1,1,1,1,801fea5d29fca2a411d9d18f2ed30c0c8444a7a74635c50186caf4273cd55df1
449,366,5,SO-P0366-R05,1,1,1,1,1,1,1,1,1,1,29d31a853a02d5cd8aee55c4ea30bc20e327bc0933f9105789b9a44e2d3aafe2
450,367,1,SO-P0367-R01,1,1,1,1,1,1,1,1,1,1,c560c4d1ed908694d923fc783db4c2899f33a8c44c1e661b9e0621310ff0865b
450,367,2,SO-P0367-R02,1,1,1,1,1,1,1,1,1,1,e241d7b8ef7c1236de733ab45e32e5209f3c6d1d8743797992ab1644d007a718
450,367,3,SO-P0367-R03,1,1,1,1,1,1,1,1,1,1,411255745775b51dfee676b27a4fb82511f54cc5a527a25b95cb8a5cee6cfb3c
450,367,4,SO-P0367-R04,1,1,1,1,1,1,1,1,1,1,e93fc0a20ad9ff5fc5e13e16edd63920c61232aa3829921515d495f4edff8eb0
450,367,5,SO-P0367-R05,1,1,1,1,1,1,1,1,1,1,7c4930b5d60641b131076795c909e79b4e457ab1588051352b81d179eb2bbfad
451,368,1,SO-P0368-R01,1,1,1,1,1,1,1,1,1,1,7d462673f6f9ce7d3bf3356746090adf8e9368f682edf31d278b88d96c9d7f81
451,368,2,SO-P0368-R02,1,1,1,1,1,1,1,1,1,1,a1e9021341a1704a4773b90c06cfe0b63bcb61afed12b6b2518a133bdca9ee00
451,368,3,SO-P0368-R03,1,1,1,1,1,1,1,1,1,1,92ec932c9c5f04de748ce228ae04601c79a2f793c4ccf0bb7169c33eace33f1d
451,368,4,SO-P0368-R04,1,1,1,1,1,1,1,1,1,1,e2d8161a45d621127cd854a74d24dee4c498a444ea5ce8db635a184706916a9e
451,368,5,SO-P0368-R05,1,1,1,1,1,1,1,1,1,1,e083aca014ccf1b8617fec3eac2df22e47f41701aebf21d69f25c6c49f56c445
452,369,1,SO-P0369-R01,1,1,1,1,1,1,1,1,1,1,788a782329c6f1ec0008a512b264a914d55e48eafc1c76cb739d2a8114cdf281
452,369,2,SO-P0369-R02,1,1,1,1,1,1,1,1,1,1,645cafcf44eaaca843b6345ebabc1d6902c32fbd4af4da511a5f7beaa8a0e7fe
452,369,3,SO-P0369-R03,1,1,1,1,1,1,1,1,1,1,920694acb1ae315c5806b4c3a793545553628ec0e4cd257b891c7c3d6a987617
452,369,4,SO-P0369-R04,1,1,1,1,1,1,1,1,1,1,6109c11fad4ba45517fa7399fb5249d53b08940269713d866646f412b80eefb7
452,369,5,SO-P0369-R05,1,1,1,1,1,1,1,1,1,1,3d26b8d0ec170d1346da78ff00c66bb15dd4156bfbacc65c14cb3bce3fa51a1f
453,370,1,SO-P0370-R01,1,1,1,1,1,1,1,1,1,1,f71206fa92de72c15577283c9a467cbb4d44c0f26b3e6c0dabb77ce3ecb05288
453,370,2,SO-P0370-R02,1,1,1,1,1,1,1,1,1,1,2f7311180d9af269a8fbb9a6781c538da319aa82ec72b1e0e07a60ef6b533b63
453,370,3,SO-P0370-R03,1,1,1,1,1,1,1,1,1,1,2537d2c193cec7e03b1a66b726851fdffc2be4405c6f21fb5a0acbfecb360bdf
453,370,4,SO-P0370-R04,1,1,1,1,1,1,1,1,1,1,bf7bf2d1c6a49b83e65cd8aa978459e573c39241e809e3fa1a5af8e5725b27f7
453,370,5,SO-P0370-R05,1,1,1,1,1,1,1,1,1,1,fc8226aa753a689bb148b7da56e3d4f800454cb1b96b2fb5f1863e149554de2a
454,371,1,SO-P0371-R01,1,1,1,1,1,1,1,1,1,1,f728d5f1101bba1a449a09006fe5450539ec7ef9e6ec27b0b06c1c72ad128197
454,371,2,SO-P0371-R02,1,1,1,1,1,1,1,1,1,1,7f673fa3f16fd861cc3fee9c7b7bc82732b5852ae6a787ca9aab3fe4451b4edb
454,371,3,SO-P0371-R03,1,1,1,1,1,1,1,1,1,1,5b14f4519bc6f0aa44a782e5647bef366fb084de8fce1cb6a35f9ffdaf2ad269
454,371,4,SO-P0371-R04,1,1,1,1,1,1,1,1,1,1,7c23b670b39dda2d963af9d1025fcc34248a2d6334132b9cc660e67636eea1e1
454,371,5,SO-P0371-R05,1,1,1,1,1,1,1,1,1,1,61f8a2cfc8f60747349f9b415ae9e82aa523416019bf3d82aa66c944b06e85c7
455,372,1,SO-P0372-R01,1,1,1,1,1,1,1,1,1,1,0eb660078f616af27a4fea0fb122fa1d2de609606ed73643b65dddd8b3967698
455,372,2,SO-P0372-R02,1,1,1,1,1,1,1,1,1,1,b6d5a47853ca271725b10dc52c44aab43c06abe43b0afeca557a9dad2d86efc5
455,372,3,SO-P0372-R03,1,1,1,1,1,1,1,1,1,1,4252d2fc7ae2c9cc297fb422ec7f86862164965c89882146f2fbd66c3eb9e90f
455,372,4,SO-P0372-R04,1,1,1,1,1,1,1,1,1,1,2a78a32261deae95a44db456260f843fa744aa3783ebfe7b3e22a1cb3cbcd427
455,372,5,SO-P0372-R05,1,1,1,1,1,1,1,1,1,1,d3358031ad45407919c3b2bc4eed71e230229ca5514b473e22e7392a871fb23a
456,373,1,SO-P0373-R01,1,1,1,1,1,1,1,1,1,1,02a4c662b010f5d8aa5928fc4876b7c3e8e6d3a7562d23c6d85ba3d333ecf0e2
456,373,2,SO-P0373-R02,1,1,1,1,1,1,1,1,1,1,ff3fdedd4225832e8fd8792f303f6cc9fe385b85841366ed28d4461966b0ad37
456,373,3,SO-P0373-R03,1,1,1,1,1,1,1,1,1,1,583f395cfb1734760898c358be87ac847e4aba25d832ac85b90f5a0476189f7e
456,373,4,SO-P0373-R04,1,1,1,1,1,1,1,1,1,1,d2c10af354d75481d65375adc0887d6572845987dd462a6ffc3aa525456c579b
456,373,5,SO-P0373-R05,1,1,1,1,1,1,1,1,1,1,de77abc43d5f133f822353ee7817151d92c5358a6b349ee69b23f2d9a633c5ff
457,374,1,SO-P0374-R01,1,1,1,1,1,1,1,1,1,1,77756009cfdfa999dad1ed97a60417e5be2dc92796a979844eeae21bd4842c4d
457,374,2,SO-P0374-R02,1,1,1,1,1,1,1,1,1,1,386f425d782122dfff27ca87732fec92f141bac166c8e94342bb21a58f828b58
457,374,3,SO-P0374-R03,1,1,1,1,1,1,1,1,1,1,601d51cf26609147ce1da6a114f53b0b30e174c8fc050e13e1e74ef2f5c4ca7c
457,374,4,SO-P0374-R04,1,1,1,1,1,1,1,1,1,1,cfc084712ab029c8ac4d991752dc22811b9d16433ae62c0f04c9bf3269638856
457,374,5,SO-P0374-R05,1,1,1,1,1,1,1,1,1,1,d32e3e56774d4f107ff0a9695946adec4e8067dbdf3a46a4d047d0faf6319032
458,375,1,SO-P0375-R01,1,1,1,1,1,1,1,1,1,1,e77fd391543f7812294145f1753573c70543f9f408bf81b0165657cee2da2dba
458,375,2,SO-P0375-R02,1,1,1,1,1,1,1,1,1,1,40d32ef6f250265e470f519cd644fedd22b5f98beaac6ec74f36c349e3e975b8
458,375,3,SO-P0375-R03,1,1,1,1,1,1,1,1,1,1,159fd48a4d42161eb19f286b7c1da81412109036f5b082dcaac56cdd011dbe47
458,375,4,SO-P0375-R04,1,1,1,1,1,1,1,1,1,1,c9dae354850cc87827cf9336d5034e1bc9d7ef2bee52596cf5315bf486dd47a4
458,375,5,SO-P0375-R05,1,1,1,1,1,1,1,1,1,1,012ca214e25b7593883cfb3e20c507faea12617a384ae588eef724454e99c266
459,376,1,SO-P0376-R01,1,1,1,1,1,1,1,1,1,1,e9f2bcf74a112f4a25faef8fe20628ca716115ef5ec7753db72773058f40c44b
459,376,2,SO-P0376-R02,1,1,1,1,1,1,1,1,1,1,968afb8dd682ea705bd6b96a9654fa9205c3cfc94bc0fe511408c18413d1bd5e
459,376,3,SO-P0376-R03,1,1,1,1,1,1,1,1,1,1,f308d08acad5273bae69498bbad7e9c5a0776eaaf2a7ea00605ce2b1a8e559ad
459,376,4,SO-P0376-R04,1,1,1,1,1,1,1,1,1,1,e9eda66b77535b09826caee104213374ee39508d3a087809ff3aaaec3e3e4598
459,376,5,SO-P0376-R05,1,1,1,1,1,1,1,1,1,1,377ff6b9470b267273a902251529b479633a1f1323e68f72728f395b385a9512
460,377,1,SO-P0377-R01,1,1,1,1,1,1,1,1,1,1,90e6e8811294aaa6d8aa389c6ee66d40a0469ff8d4757ae2b5df80a0c32dbba4
460,377,2,SO-P0377-R02,1,1,1,1,1,1,1,1,1,1,545d32e4d36b4d7071c2e126e7e3a4b27bad351d68ae8f2e6d21e7ff3cb50050
460,377,3,SO-P0377-R03,1,1,1,1,1,1,1,1,1,1,6b22e1eee478f3545bf3c01040ed18f5e8da969b5cade8482d5c642f970d7f52
460,377,4,SO-P0377-R04,1,1,1,1,1,1,1,1,1,1,5b9b64a5f4f5a90229be95c9a6dd370f52caca778aeb64fd03d157953adac268
460,377,5,SO-P0377-R05,1,1,1,1,1,1,1,1,1,1,f02c222d1a220b958d6fa2aebc1671dc627d2ff4e97125b3acadf639732c126e
461,378,1,SO-P0378-R01,1,1,1,1,1,1,1,1,1,1,5d8b3901263be440c3b3597714be838119b5ff2d7337bee78755325945b6cff6
461,378,2,SO-P0378-R02,1,1,1,1,1,1,1,1,1,1,e152b30fad4e44f79607425bf74a10155cab0f007974ff3423d8392bea4808a4
461,378,3,SO-P0378-R03,1,1,1,1,1,1,1,1,1,1,33aa10bff7137c055b7eec15c28d3a51f4049328822ee847f87650aac6d73345
461,378,4,SO-P0378-R04,1,1,1,1,1,1,1,1,1,1,89f2c9e119ddaf948dd997acbb859f7dfd40c088c8c85beb1738dcffb1f76fed
461,378,5,SO-P0378-R05,1,1,1,1,1,1,1,1,1,1,c2cfd4c1a2d55d84982ef6c187175f01c5c5d6ad890ad3f50afd7b3573c1d481
462,379,1,SO-P0379-R01,1,1,1,1,1,1,1,1,1,1,ec4e248cbb6e40be509655284fdcabedd66d1708d831f95fc209e5b4122018f0
462,379,2,SO-P0379-R02,1,1,1,1,1,1,1,1,1,1,0659f8fd1ce2de78cb1f33a14464c8083fadc717cda5e25b9b0d142ab72202ba
462,379,3,SO-P0379-R03,1,1,1,1,1,1,1,1,1,1,9eec6aa07a48f67ab29c9a43beae16e0548b2b5e7aa437166363658bdefd0825
462,379,4,SO-P0379-R04,1,1,1,1,1,1,1,1,1,1,45b1a86a210ffc12d89922f81179e36b339308a3b8ba7306f15c32d016335412
462,379,5,SO-P0379-R05,1,1,1,1,1,1,1,1,1,1,6f9df71a58be12fbe0f2040691607c10f7c60eaa07a978c7f0df4d49d733e430
463,380,1,SO-P0380-R01,1,1,1,1,1,1,1,1,1,1,56fda87b8a912aa57f1d0922842a0c36a33f83ee822d0afa360ec1dbd382a819
463,380,2,SO-P0380-R02,1,1,1,1,1,1,1,1,1,1,ff6e8fc0cd4e8d23fea20276274b60253c1113c0b8e4386dfab029870a5be12d
463,380,3,SO-P0380-R03,1,1,1,1,1,1,1,1,1,1,54f338c2fbc5d73b5960fe73e6a3ad3ad54c03cbb553120bc16d962e3db2fb5f
463,380,4,SO-P0380-R04,1,1,1,1,1,1,1,1,1,1,e339ec0264556673525a0605021e9618f7d17080210012669f97725e97451837
463,380,5,SO-P0380-R05,1,1,1,1,1,1,1,1,1,1,72c1fa2ffddf54fbfd120c637b5185aa8fb40bebe762ecf03f8e71e9681d24c8
464,381,1,SO-P0381-R01,1,1,1,1,1,1,1,1,1,1,fddf3d5bca0d686d05490995d7606c007b5113087640d98530e5ea80efcfaf13
464,381,2,SO-P0381-R02,1,1,1,1,1,1,1,1,1,1,1d0352501264b0cca8accf98b9c348c44bf03a600a302c6ceb54f171ec4d89aa
464,381,3,SO-P0381-R03,1,1,1,1,1,1,1,1,1,1,ce14bb39e0fb0c064f58b7e5572064932bb6f8a1fff7b05e989d7f698fcbb312
464,381,4,SO-P0381-R04,1,1,1,1,1,1,1,1,1,1,d37dac50f47626282f84ed21ffe8b1046e021946860ec5444136cf3bac015466
464,381,5,SO-P0381-R05,1,1,1,1,1,1,1,1,1,1,b8da2fe6c2e8977d1a2e6ad6af606dddea8e841b18bb6224ed7a66694a9aad14
465,382,1,SO-P0382-R01,1,1,1,1,1,1,1,1,1,1,5700d07ca2bff7686fe3774f065348503bd44e0d9e450531bb60412bbb427949
465,382,2,SO-P0382-R02,1,1,1,1,1,1,1,1,1,1,a451165909fc71184d9a1cd899256807304ca196eaa102a940e78df119b080e4
465,382,3,SO-P0382-R03,1,1,1,1,1,1,1,1,1,1,036d4b45e5b7d43589850dc04ee18ec537d00b922b4475257674f09d29495c77
465,382,4,SO-P0382-R04,1,1,1,1,1,1,1,1,1,1,4ce8a7f8cbf7a27d571994a47ee8b494679b37fd2f3edc082a3ed906eb9ce3e7
465,382,5,SO-P0382-R05,1,1,1,1,1,1,1,1,1,1,f4b4ea9dab731d807173143a950873a820cede7b133f3deab4f6e4140ffb6148
466,383,1,SO-P0383-R01,1,1,1,1,1,1,1,1,1,1,305f54f44fa9372bc818e9953bf106c1570cf2eee4a2f65508de5a8f1bf3c8ff
466,383,2,SO-P0383-R02,1,1,1,1,1,1,1,1,1,1,f1bd21e81f83ce1749f906debb8a140be23e8688f8e761cc20f3901ffc343ddf
466,383,3,SO-P0383-R03,1,1,1,1,1,1,1,1,1,1,15972cd8e7d14d6c827f7dca427bc739f5e20f0f063c18cd25c4e4707278ccb1
466,383,4,SO-P0383-R04,1,1,1,1,1,1,1,1,1,1,4fe4124f94012ec7a85c280c8d6985b6d2ab2cd6f649098c194215148480dfcd
466,383,5,SO-P0383-R05,1,1,1,1,1,1,1,1,1,1,928be86e9a96b6c77397d19ccc55eee99ef0f3bc706e534022250ac6788bb972
467,384,1,SO-P0384-R01,1,1,1,1,1,1,1,1,1,1,b9dc3080d49a17b1da8baa37d6174a465bc3c81a22429668686eb0ee57ae2cb5
467,384,2,SO-P0384-R02,1,1,1,1,1,1,1,1,1,1,72a4ac3325c56e819e69bffe98e82685c574577e1652057323ead2acf7b2f893
467,384,3,SO-P0384-R03,1,1,1,1,1,1,1,1,1,1,b7857438e51c94b40e0ea2f27fed69e87622d41e10921940dba72d57b3fb5e73
467,384,4,SO-P0384-R04,1,1,1,1,1,1,1,1,1,1,791fdc6bf7704aab0bc9431a6886763e2436e1ec2ca72fd7bf307599ee7bb174
467,384,5,SO-P0384-R05,1,1,1,1,1,1,1,1,1,1,0e0d6b4caef7b46b9db43a485583f071b8b48654c9485b48c58c9052adac3fab
469,385,1,SO-P0385-R01,1,1,1,1,1,1,1,1,1,1,bccd91d1a050362b493a0a555bbca65e36930eec75470f3976de0b8c02f99c91
469,385,2,SO-P0385-R02,1,1,1,1,1,1,1,1,1,1,766cf193e36badd6c0b084aa7288c8e7da2a4472693233a871f3ce48f14921a9
469,385,3,SO-P0385-R03,1,1,1,1,1,1,1,1,1,1,7adfd84848d2530845dbe9bc90822c42570e8f6a812019f3d6765e435a0c81ca
469,385,4,SO-P0385-R04,1,1,1,1,1,1,1,1,1,1,7591a33ce1f16c4c72bc98e6c85ffaffd59a7460d9c95c2b95704baf9d9f57dc
469,385,5,SO-P0385-R05,1,1,1,1,1,1,1,1,1,1,1633c0727406e6865228b6e928e22ad52593f2ec6b3a91940d7461324548afe5
470,386,1,SO-P0386-R01,1,1,1,1,1,1,1,1,1,1,0cbaf9cd34b054cc01887686c47277c8dd648f7e1fda9591056a8c154934fa6e
470,386,2,SO-P0386-R02,1,1,1,1,1,1,1,1,1,1,bace423def612f6c6f28cee5c97657ed2c86d8f8c14e8b94468f6a12aa1ba836
470,386,3,SO-P0386-R03,1,1,1,1,1,1,1,1,1,1,e5964dc082cd4316bc4bf0403774068f4c9bbc8cf6b74d8badfa2e66d99d55c5
470,386,4,SO-P0386-R04,1,1,1,1,1,1,1,1,1,1,c6d981fb6b8529de96ea035df08fd6ca8e734ebff4ea993153b87868d0d1d472
470,386,5,SO-P0386-R05,1,1,1,1,1,1,1,1,1,1,ef9157c76a5e2b1855c82e3bb2f8b8b4db41ad20f2026c36e101eb747ef8f9aa
471,387,1,SO-P0387-R01,1,1,1,1,1,1,1,1,1,1,576eac4dcc02c0cb02a3ce3e1c366696bf400b1adbf18297ab34e94f86171dec
471,387,2,SO-P0387-R02,1,1,1,1,1,1,1,1,1,1,39bbe31b7be480942974c0ec5f1988e62179d37a649a0ab7f322975d50a70ab6
471,387,3,SO-P0387-R03,1,1,1,1,1,1,1,1,1,1,a1ded80fc8ab2d9d6f480412851f60bb3c4edb5434dd43704073ba2834abf45c
471,387,4,SO-P0387-R04,1,1,1,1,1,1,1,1,1,1,40d5862726b8297d0275b91cbfffe59a212e3d36701b986673e78caa5128108e
471,387,5,SO-P0387-R05,1,1,1,1,1,1,1,1,1,1,d884e889c1db9ee03c9264126effe3fae8877a66e9c1d85c5d012cf749131098
472,388,1,SO-P0388-R01,1,1,1,1,1,1,1,1,1,1,bfffee7a02cc30a20d2498ba486891dbb329945c24292c609825a7fcdc700a55
472,388,2,SO-P0388-R02,1,1,1,1,1,1,1,1,1,1,d381ed7600bebcdc03ac23a6eea070323424d6e43112e9ef97698c4e592915d2
472,388,3,SO-P0388-R03,1,1,1,1,1,1,1,1,1,1,a69abff38a5d301d2a8058d83e15b022037d65ddd0a7b3c87b41f4f5aaf16e31
472,388,4,SO-P0388-R04,1,1,1,1,1,1,1,1,1,1,659e3c92e2ddc570d272401bba6276654d4e74029b0dafe181e23a0be90acedf
472,388,5,SO-P0388-R05,1,1,1,1,1,1,1,1,1,1,f3f7da4bce5ef00b9d6ae36a57782c9471e6bec94ef2185db9f0ecae0aefc6ef
479,389,1,SO-P0389-R01,1,1,1,1,1,1,1,1,1,1,bbab8e05f5964027b52ca1dd79c08dab37513a50394700db424c67a86153072d
479,389,2,SO-P0389-R02,1,1,1,1,1,1,1,1,1,1,0a9ed87e0f399da843f2dd85cf6850ba21a8931f65b8222134b4f6c6acaac73f
479,389,3,SO-P0389-R03,1,1,1,1,1,1,1,1,1,1,c8891f66a690e97de5a1d46d218a1249f8f9d33d6c6df266c91a3e2ece3a8b72
479,389,4,SO-P0389-R04,1,1,1,1,1,1,1,1,1,1,eb9066687d22bc236065563749c60c45025e9781c4b61a5b27b690268a481f23
479,389,5,SO-P0389-R05,1,1,1,1,1,1,1,1,1,1,e7c30f3eeb12de6dc18abad9bfa9bda8dd6a30a945c3a9608c0c71fb6708b160
480,390,1,SO-P0390-R01,1,1,1,1,1,1,1,1,1,1,c9caa7114c09984781707df752ab1d7b47baca5b6a2cae1883d1e08d3063f338
480,390,2,SO-P0390-R02,1,1,1,1,1,1,1,1,1,1,6c9a2dcb7f50475267f872def17680951e50cdf0c48a6476070419e43526c02c
480,390,3,SO-P0390-R03,1,1,1,1,1,1,1,1,1,1,96662bc65a358437ef8f76f34915a8e464ac9d45f126a9ddbd3e3a9e997a6988
480,390,4,SO-P0390-R04,1,1,1,1,1,1,1,1,1,1,cc1bf4cc601ca94430ca2bcfbf35cdfb9c6a9391d6494f878d8d006486af598a
480,390,5,SO-P0390-R05,1,1,1,1,1,1,1,1,1,1,3c20ff78d9fedc85020ecb892b2f2524f9042e99cc07f5b9593faedc1015036c
481,391,1,SO-P0391-R01,1,1,1,1,1,1,1,1,1,1,8192497c57106f6e36d43a6a3dc8e010628ee34565ef9b7bd3adfdabddf16a23
481,391,2,SO-P0391-R02,1,1,1,1,1,1,1,1,1,1,0d5abd18bf8f518f5ee83fe3fc609102659f51e560d2ce13a448bb233c73751b
481,391,3,SO-P0391-R03,1,1,1,1,1,1,1,1,1,1,69cca9a17beb9536ee67ed2ff521d521b2bddc0ede5360dfcd8cbde7c7f13579
481,391,4,SO-P0391-R04,1,1,1,1,1,1,1,1,1,1,7633ae6919769fe19815fe83b7581ef761722127c9a74a272e1f8bb4f6ef5ec9
481,391,5,SO-P0391-R05,1,1,1,1,1,1,1,1,1,1,f19b23e3b3fd0a25dab04003b983552e9cb64a7d7ffa2b0f0eebd14b8c435adf
482,392,1,SO-P0392-R01,1,1,1,1,1,1,1,1,1,1,846d44132dac75295c4c29aaddd4a51a7556668356ac604d135a2d1bb417039a
482,392,2,SO-P0392-R02,1,1,1,1,1,1,1,1,1,1,a7c43e32b606813a42892f2339077fcfd643cc83ca1be88f226c13e4097085c1
482,392,3,SO-P0392-R03,1,1,1,1,1,1,1,1,1,1,f60d96c3451bce4dd2d56bf5e903e354606d0d454396ddc9b3ae38e08073dd1a
482,392,4,SO-P0392-R04,1,1,1,1,1,1,1,1,1,1,641ab7b28e5befd2e79d5fa70411cc94520f117114eef10f3e819f464195c81e
482,392,5,SO-P0392-R05,1,1,1,1,1,1,1,1,1,1,53c0e39184f7cab01d77a4125e1a3453822a1af0ae8a2ccb2aeeeb6970cb80ea
483,393,1,SO-P0393-R01,1,1,1,1,1,1,1,1,1,1,e965a912994885139e68dd4c8586a7498996999886ea12c5ce4cfaa1f98f90f2
483,393,2,SO-P0393-R02,1,1,1,1,1,1,1,1,1,1,01dca8535ddadc275159f94da2245d9c6a0aa39663c9569a33e4d5690d82e8e8
483,393,3,SO-P0393-R03,1,1,1,1,1,1,1,1,1,1,a975869f755c0f9e1abc28df43e6df89038677fa138f321fbc3bd2451b5c8b7b
483,393,4,SO-P0393-R04,1,1,1,1,1,1,1,1,1,1,c2aeb0e8841a371b3f7d8da94d842eb18885e85279ec196d46ca550a1a811e69
483,393,5,SO-P0393-R05,1,1,1,1,1,1,1,1,1,1,0c1dab661ba79b40b5e648a27db4cc2f2274cb5bdaebc8bb53a5f645b36ac641
485,394,1,SO-P0394-R01,1,1,1,1,1,1,1,1,1,1,fe095d9bb6051de4f45d7cd3b96a8b6c194a8ceb12e0f20d597aae1306f4d50d
485,394,2,SO-P0394-R02,1,1,1,1,1,1,1,1,1,1,d8b3b235a632d3bf8c541f9edbe863fb6ac3b2abba42d0d168b49d982ff8ab98
485,394,3,SO-P0394-R03,1,1,1,1,1,1,1,1,1,1,055f0932068507d33f6263c35314237e30c36c05fd87a75f051254bad4d9f217
485,394,4,SO-P0394-R04,1,1,1,1,1,1,1,1,1,1,ee9c4c91382e6287b3a952eb0005a3ecd8590b7875678f27e96d5e62ca92223d
485,394,5,SO-P0394-R05,1,1,1,1,1,1,1,1,1,1,f924a9177143362bf42adb874c2fa503947987f32b708d848c13921b39fc6b56
487,395,1,SO-P0395-R01,1,1,1,1,1,1,1,1,1,1,4b3d48e5c89e2e48add0bcb26f6d9506dcfad98f2dc05bbac31322dd249c5bb7
487,395,2,SO-P0395-R02,1,1,1,1,1,1,1,1,1,1,e8fcb65fc21d1416f02a436a81c9a8dfaf7c953dd6365702961763fd0f50d65e
487,395,3,SO-P0395-R03,1,1,1,1,1,1,1,1,1,1,e89e502df336da5ad2ed5e2175c9f98c0d596827310a3c810471124931117e7f
487,395,4,SO-P0395-R04,1,1,1,1,1,1,1,1,1,1,d2b8a5bbb3a5b99e97b86519a443a9972133555994db060815aa9c5adce9893a
487,395,5,SO-P0395-R05,1,1,1,1,1,1,1,1,1,1,945eefd0b27ff6ce1e77b8de75b78db8a323b3924675c6669593b2231cf80c4b
488,396,1,SO-P0396-R01,1,1,1,1,1,1,1,1,1,1,143032fc37010fa0484737c78f2f5d72eb88dbbea71b611f5aa9b58561d3ef6d
488,396,2,SO-P0396-R02,1,1,1,1,1,1,1,1,1,1,e8c8c0c2b316ceb10e344cf7ba2ce8ea73ecca45bf2922d650a2866d16306d28
488,396,3,SO-P0396-R03,1,1,1,1,1,1,1,1,1,1,32441492f8a133c94bac9bb999e8ae743561a29b79f901edcfbdcc6918f99bcd
488,396,4,SO-P0396-R04,1,1,1,1,1,1,1,1,1,1,f286aa0b5d868e5f1b38f53e43bee64ac2175a8543ae86851ad1baf579b683e8
488,396,5,SO-P0396-R05,1,1,1,1,1,1,1,1,1,1,6005d68384670602e3c13393155a63791790b1a2f2b08b05c937e686e6cf5175
489,397,1,SO-P0397-R01,1,1,1,1,1,1,1,1,1,1,60e8b9cd50e9b2afc23b1649488d3451c78bff13f6e691462d881064d554d6e8
489,397,2,SO-P0397-R02,1,1,1,1,1,1,1,1,1,1,b3fb22a3f998eaff892fe8178f3895aeeacfbca41bf9267bfd80f829d1a9bc8c
489,397,3,SO-P0397-R03,1,1,1,1,1,1,1,1,1,1,80937e89f312bf5563e18fa4820031db300a490622f689d20013e988008a8f39
489,397,4,SO-P0397-R04,1,1,1,1,1,1,1,1,1,1,d4499f78ffc951f1fadf1b583b49accd9330d79bdb6109d043a9a76dcb44cb20
489,397,5,SO-P0397-R05,1,1,1,1,1,1,1,1,1,1,5a2717199874e782ea21da883094dbb738f785c251eada6319becf52e377ed05
490,398,1,SO-P0398-R01,1,1,1,1,1,1,1,1,1,1,3e5114dadacb3e4f40e15b7a246e2f7a150fefc81b8d542ec078c162dea8d702
490,398,2,SO-P0398-R02,1,1,1,1,1,1,1,1,1,1,c9db4bf510ca66cdee20382f5f41b9e23012eecd5e85927be72c2b42bd6fc93d
490,398,3,SO-P0398-R03,1,1,1,1,1,1,1,1,1,1,76cf344e85d4354deecdccfa2619aa1cce81974bcd7f5a4a7ebe505694c11f5f
490,398,4,SO-P0398-R04,1,1,1,1,1,1,1,1,1,1,f8e06b3ccb995777fc897cb052f12e1a428ca461d4addc10bac5f7a72034cd83
490,398,5,SO-P0398-R05,1,1,1,1,1,1,1,1,1,1,76bf0a4191f885aa15d75bd9290d1bf4429d252762746306548d4cac68b5ec9a
491,399,1,SO-P0399-R01,1,1,1,1,1,1,1,1,1,1,2d8dc60d232841b869f8ee2611df55e281b78efd31f917c68b409cfc74019399
491,399,2,SO-P0399-R02,1,1,1,1,1,1,1,1,1,1,0fdc2317ed0c97b5ad788b754c5ce045c9fac31c484309f523126deaa9e0c60a
491,399,3,SO-P0399-R03,1,1,1,1,1,1,1,1,1,1,73e29bef3114c468e9d877d65405aeb44d76107403c61a7e2e41466f3c8bbfd9
491,399,4,SO-P0399-R04,1,1,1,1,1,1,1,1,1,1,62852187e4a4f98b4aa51b5bd160d4ec8031bb484123387dbff893d89217ce5d
491,399,5,SO-P0399-R05,1,1,1,1,1,1,1,1,1,1,80044fc898a57a84e7697e6cd604cfdb651aaafa8b11f440b510f5aa67e541c9
492,400,1,SO-P0400-R01,1,1,1,1,1,1,1,1,1,1,2bc3eda83f9d0669f383c150c1b5cb2b19ff0485dc38c533f7a69ffa1cd6c333
492,400,2,SO-P0400-R02,1,1,1,1,1,1,1,1,1,1,ca2caed068bb27d8cd9db7907248fac09bc5c265a81f970288cc016d5a874279
492,400,3,SO-P0400-R03,1,1,1,1,1,1,1,1,1,1,b1a07396eae79c50bf07d75fc83b247bde92f30e3ccc5024e06434371764afa7
492,400,4,SO-P0400-R04,1,1,1,1,1,1,1,1,1,1,ec29776ef14fe057c9ec02ac0902a6eba0df2c484326ef1c1bd4a7b79c3b68bb
492,400,5,SO-P0400-R05,1,1,1,1,1,1,1,1,1,1,489954815adacb5ed937ebe5a1c72810d4c7ebbc56db1d401f9ef2eb70a0c8c8
493,401,1,SO-P0401-R01,1,1,1,1,1,1,1,1,1,1,bd3dac568e42fe63d1f8b8a630773b38c6ae5d88aedd94109bf7dd458b9b5261
493,401,2,SO-P0401-R02,1,1,1,1,1,1,1,1,1,1,181fef20a55433cbf5a969545b8ec9a2f74ae25eff5692dd24c5b84144b77ad1
493,401,3,SO-P0401-R03,1,1,1,1,1,1,1,1,1,1,5619a5b73e077cacf2b471d11687704e4b0798dac405edee2835eb43cf443810
493,401,4,SO-P0401-R04,1,1,1,1,1,1,1,1,1,1,a8c6939efd3858b52d46cc3b9455395cf512a3c38f29dbb67eaa61a97bbab532
493,401,5,SO-P0401-R05,1,1,1,1,1,1,1,1,1,1,cdfd1398ed031e0af7e9d01787a90f19409908a878583b719665fc474e838f88
494,402,1,SO-P0402-R01,1,1,1,1,1,1,1,1,1,1,28ba9c97d20f9ff45e075356114489bfc18e378b89d656596e60e558712068d4
494,402,2,SO-P0402-R02,1,1,1,1,1,1,1,1,1,1,26270c7d6572cde3dcef5887fb7dbd14fdb5a36d1254e98a4537cf3bd75f0227
494,402,3,SO-P0402-R03,1,1,1,1,1,1,1,1,1,1,f646c98c1803a42052698e2fd7485b97b7ccc5fb4b6222d7de1bf268648065d0
494,402,4,SO-P0402-R04,1,1,1,1,1,1,1,1,1,1,b1422f76a790a3897a5bbffd6d649e4f91eeaada57c3401b78b4e2fcbfe6fad8
494,402,5,SO-P0402-R05,1,1,1,1,1,1,1,1,1,1,9e4cf01737616098d0c7dde7baf73d8b1987f4cda2e0cb2b3927c498511f0f86
495,403,1,SO-P0403-R01,1,1,1,1,1,1,1,1,1,1,e94e96a158f0b25a6e6a3c3d4ede21af23149f8b6e94c08fe28c032879a856a4
495,403,2,SO-P0403-R02,1,1,1,1,1,1,1,1,1,1,23f27c3f58fe1d0cff4dcab798231d9ad9823b30e05b7bd4a234db9a9c7853bf
495,403,3,SO-P0403-R03,1,1,1,1,1,1,1,1,1,1,4e00fc995d69d91451558d316d08f46a7ed1423e3a82ef4f51618d778048414c
495,403,4,SO-P0403-R04,1,1,1,1,1,1,1,1,1,1,68758556f983c9a598209fa6aa664868c40a06f66eef7c3e4bf1bb34d6d107d1
495,403,5,SO-P0403-R05,1,1,1,1,1,1,1,1,1,1,f4b6b6910f59835c38d3b616b4801266a6a7987e28152ca4cdcad136e1936e66
496,404,1,SO-P0404-R01,1,1,1,1,1,1,1,1,1,1,7b60630eb865e6411c0a0cb4d061867136d7e042e8cc32ea9d7ea5cf7cbe5d5b
496,404,2,SO-P0404-R02,1,1,1,1,1,1,1,1,1,1,32b3e73e95b31e67731765202fc2b0c4e37627dff12446d18df15d5449a27aca
496,404,3,SO-P0404-R03,1,1,1,1,1,1,1,1,1,1,89c458399df55c30ec5f7ecc71b6428a4417fe0f225ac6e91e3ce09f4bf9617f
496,404,4,SO-P0404-R04,1,1,1,1,1,1,1,1,1,1,240341fbc508e878bfda05cf4469e0d6bcf8f7696836ed0293466c7dc3cc4b6f
496,404,5,SO-P0404-R05,1,1,1,1,1,1,1,1,1,1,d79f9b2ed7f450a878af7d49bc4f5d74b3c0e8a817e2bf24d804223a3bc6514d
497,405,1,SO-P0405-R01,1,1,1,1,1,1,1,1,1,1,1d132b40e402275622790539529c717c7ec31e54ea4e0a38f68dcccad4e4514b
497,405,2,SO-P0405-R02,1,1,1,1,1,1,1,1,1,1,8b7e3201e8c36a6080231d7bb3ab3eeeadfc1588df6b8c15d3584ca12e6aee1e
497,405,3,SO-P0405-R03,1,1,1,1,1,1,1,1,1,1,e50cca33db69b0ce0f327e8cc60155801a905617eaeb4ccfdaed47536b610f0e
497,405,4,SO-P0405-R04,1,1,1,1,1,1,1,1,1,1,0b166978ca9e59016ec30b59066ee3e1d68e701cc350a436a171f593bd35011d
497,405,5,SO-P0405-R05,1,1,1,1,1,1,1,1,1,1,7bcd26fde5caa192e7dbb3ba7949da68edae36512884653517f3aa65a3c11c54
498,406,1,SO-P0406-R01,1,1,1,1,1,1,1,1,1,1,9c226da7d8ec6d0384fc66a2bbc0b0e80bde0b8f996e64bfe84a14e2ab69233e
498,406,2,SO-P0406-R02,1,1,1,1,1,1,1,1,1,1,e4b63563efde453319c4b8c21305ff3d1165892ee49c185235aea0295c0a9544
498,406,3,SO-P0406-R03,1,1,1,1,1,1,1,1,1,1,c6a78af264766366c210a8b92299c123ae5caf76d71814dc484202de650ac23e
498,406,4,SO-P0406-R04,1,1,1,1,1,1,1,1,1,1,5d6dea108ec21d87d729daead257e610b29a3b331b9b8597273fb2147ed42df6
498,406,5,SO-P0406-R05,1,1,1,1,1,1,1,1,1,1,b5f8ad3da2925feb697dc5d29ded2f2c676b51a08d61610e762e5b1c60fa344e
499,407,1,SO-P0407-R01,1,1,1,1,1,1,1,1,1,1,77cd958533af99768ecc3ced5cda0b99f6b157d82420dd524507c4301489f7f3
499,407,2,SO-P0407-R02,1,1,1,1,1,1,1,1,1,1,8f9e65629eef66cd916b4806a8206c21753b9a8f77f98953ad2929d7a9c5549b
499,407,3,SO-P0407-R03,1,1,1,1,1,1,1,1,1,1,596388edff733ecd526cfc106726a6fee7781f1816a0c1637dd4c62652d79fa2
499,407,4,SO-P0407-R04,1,1,1,1,1,1,1,1,1,1,1a7399fd95b05fd757c019305ac1c3e28b52fba74c261a85def6fb686325e8e0
499,407,5,SO-P0407-R05,1,1,1,1,1,1,1,1,1,1,8590a714e9959bd85037cdee360d6f2423a0fd7f01222f09698c78b24d6d77c9
500,408,1,SO-P0408-R01,1,1,1,1,1,1,1,1,1,1,71566216f460a436726f0ebfac1a0000b817927cae7173c3c026761a83a865e6
500,408,2,SO-P0408-R02,1,1,1,1,1,1,1,1,1,1,1aa56f274e1f1b85e8b0804bf09529e76c940d4e40323aa24179dc953ab2e29c
500,408,3,SO-P0408-R03,1,1,1,1,1,1,1,1,1,1,e9b1c91e922dbbacf6a289e0412d9e2176822eba2682442d6a25b1a70d145745
500,408,4,SO-P0408-R04,1,1,1,1,1,1,1,1,1,1,229f2f7bb5a7d675d8e507bc10e99c64ecf18581cfbfba2ecc5628494d5178ea
500,408,5,SO-P0408-R05,1,1,1,1,1,1,1,1,1,1,ee862c3bdc55e19806f526ea3486483b3aed103f0cbe822f68b409544d6167a0
501,409,1,SO-P0409-R01,1,1,1,1,1,1,1,1,1,1,d80bd73ee29c70c3323b92f67fe83bf22c29ebbcfb83696f145a10b30ca31fb4
501,409,2,SO-P0409-R02,1,1,1,1,1,1,1,1,1,1,d1ce544174eeec5b5e30ed4b1db1d945f0b1db1d738b40ead0b2fca6d09ce583
501,409,3,SO-P0409-R03,1,1,1,1,1,1,1,1,1,1,f4d6d16f4a827229265dc3c3a636427b1d870888fc1d543e7a0d5e137ec5b1c4
501,409,4,SO-P0409-R04,1,1,1,1,1,1,1,1,1,1,d69b422b9f6bbfe912c932f3f5e11e418945bbb7ec1040834f73a925caa9f914
501,409,5,SO-P0409-R05,1,1,1,1,1,1,1,1,1,1,7592b6f728d09dc06b3707b10febc24b374ac1214e947a43cd06d40964b29dd9
502,410,1,SO-P0410-R01,1,1,1,1,1,1,1,1,1,1,3025665321a9d914c66ee412ef641ca242dbc1ef9df1d9d111892bd143317c29
502,410,2,SO-P0410-R02,1,1,1,1,1,1,1,1,1,1,a3f9bd7f957be65db6a26ebf4c23720808be2aab856b7329966b30d81461c550
502,410,3,SO-P0410-R03,1,1,1,1,1,1,1,1,1,1,ad1710d0f55ff8e70e6e38eefec9f091749fc5437e7d188ce204bb60fabf4b9f
502,410,4,SO-P0410-R04,1,1,1,1,1,1,1,1,1,1,1c085f051038888a479f5e0cbbe729a393f78b821b4d944c91c9b407aab47be5
502,410,5,SO-P0410-R05,1,1,1,1,1,1,1,1,1,1,054e8b34028daaf5ed3730dac12637865ab3e037f43c040f5750239445fb62cb
511,411,1,SO-P0411-R01,1,1,1,1,1,1,1,1,1,1,3c25d3be7da1ee2304bb374bb0b942ff43d50ba763c5caa7ca12f659cbd8e162
511,411,2,SO-P0411-R02,1,1,1,1,1,1,1,1,1,1,7e4b0f7f042dffba25f35056dd803c342364aa0997aec78b4be031cefe2614f2
511,411,3,SO-P0411-R03,1,1,1,1,1,1,1,1,1,1,8864df0420b96693df1b1b41542c61bac3c6b107c25cc3c25cc27343f4b1e320
511,411,4,SO-P0411-R04,1,1,1,1,1,1,1,1,1,1,944b1a107c21fc563ae8daa66d6422b0a5a42629e8e546b35525eec0c0f897e8
511,411,5,SO-P0411-R05,1,1,1,1,1,1,1,1,1,1,76a661e66bc9f701a858d1bccd9a5083a4866d4f9b494fb68227a8ed17e35133
512,412,1,SO-P0412-R01,1,1,1,1,1,1,1,1,1,1,1ed1ae9704d9c22c25108835255c5ebbe0ec71595abd0df0fcad35304272bb1e
512,412,2,SO-P0412-R02,1,1,1,1,1,1,1,1,1,1,159ccfcd1736f569b28b083ab86c65279014f60906bb876e2d51542aa92a719b
512,412,3,SO-P0412-R03,1,1,1,1,1,1,1,1,1,1,641cfaa8a703603eb2194ce21bd24d44e246af5e6be77200283f94788303b871
512,412,4,SO-P0412-R04,1,1,1,1,1,1,1,1,1,1,88e45c0899260d6834f8dd76c79de35a095743738427c3412d78c06cc1865be9
512,412,5,SO-P0412-R05,1,1,1,1,1,1,1,1,1,1,5b8cbd316a8bc5b821b1e6dd50a4191be1586a0fd24d3ae9c9613336f3421405
513,413,1,SO-P0413-R01,1,1,1,1,1,1,1,1,1,1,59234c2627bd6d53ab744e977940e973f236700807ae3d049b29267aca7cfdb0
513,413,2,SO-P0413-R02,1,1,1,1,1,1,1,1,1,1,b8de02ec3ecf71e39519049409982f739061ed40544e4393307294aee8b18407
513,413,3,SO-P0413-R03,1,1,1,1,1,1,1,1,1,1,19846d4aa71a7da1c92c7ef530c78273dfa67d63a21cdb25c81837d70a19d2bb
513,413,4,SO-P0413-R04,1,1,1,1,1,1,1,1,1,1,9dace992a0b5dc776fca3c66efd35735bfd4aef909ce4a87f6ea888063e1fcde
513,413,5,SO-P0413-R05,1,1,1,1,1,1,1,1,1,1,9ab76ac886a6a495300431c2a49c14813ce365dd77a4f74bca3c98655a8e39b3
514,414,1,SO-P0414-R01,1,1,1,1,1,1,1,1,1,1,42dd147199a6701911cd1d136fef454e70366366b6eb1981bad6192b58612599
514,414,2,SO-P0414-R02,1,1,1,1,1,1,1,1,1,1,df30306bd93904193dda6b3602220e682b8598ec91778bf518b74d21fb92b19a
514,414,3,SO-P0414-R03,1,1,1,1,1,1,1,1,1,1,956dc8bda47fc1b476c3b8f7697361e0f5d3cfd92e0e8c4a4705c9babc8b6af4
514,414,4,SO-P0414-R04,1,1,1,1,1,1,1,1,1,1,0555d9ad0b906089fd1efb45669bd4f2122e58d04844c5a0b0968403b3e302c5
514,414,5,SO-P0414-R05,1,1,1,1,1,1,1,1,1,1,3739b5387a56dd8fdd2096a12b26423080c51f0274a51b1ca5a0be4f4092fd64
515,415,1,SO-P0415-R01,1,1,1,1,1,1,1,1,1,1,b52c9ba7926c8bea3c926eeeafaa198e30ac396f933cae14622a1443d2b4da7b
515,415,2,SO-P0415-R02,1,1,1,1,1,1,1,1,1,1,a2d55c1cea42d4c04f749267016b2b3f4154ec7eb4f6bd18f4bf2ea7fd96865a
515,415,3,SO-P0415-R03,1,1,1,1,1,1,1,1,1,1,bed87d9352b483ab0f1c8efe99ac371e80736b93cf589c958510134f4f364304
515,415,4,SO-P0415-R04,1,1,1,1,1,1,1,1,1,1,9e9fad6496a9e8eebe535b5ded723f11c0a556f0f069a6a7d542009695a41d20
515,415,5,SO-P0415-R05,1,1,1,1,1,1,1,1,1,1,c21b4a7737f19bf090c870bfb1782981edb8352762f0779d8472fb2e6b685f82
516,416,1,SO-P0416-R01,1,1,1,1,1,1,1,1,1,1,42e7f653380bd80c74baa849d13dc20d46b9bc82859ca4e647ee9510582f23c5
516,416,2,SO-P0416-R02,1,1,1,1,1,1,1,1,1,1,c7b196e2467c6326ee1f86b4633d83b73350e32c5e6eb4fa595d02e33c01a5b6
516,416,3,SO-P0416-R03,1,1,1,1,1,1,1,1,1,1,91962fa77eebb7405b4dcb2b5ea653f16432a84ec55c7199aecbe578eb310fcb
516,416,4,SO-P0416-R04,1,1,1,1,1,1,1,1,1,1,52222a01bf4478bb62d81e3fd9aceefd06eb50910f996edf31be27a826c12e71
516,416,5,SO-P0416-R05,1,1,1,1,1,1,1,1,1,1,5936de3b34c53a0dc9ef964b031cc5e381cabfdd20e44b31986bae1bcab381ad
519,417,1,SO-P0417-R01,1,1,1,1,1,1,1,1,1,1,0629a8ff4b7705181f8ee4a622f8dc078f20a69f2986320d67e518cb7782a30e
519,417,2,SO-P0417-R02,1,1,1,1,1,1,1,1,1,1,80bc83b6ccfb54d7004ceea1caa9adc4d0e2de7f4edcdce1135b24889e7be6fd
519,417,3,SO-P0417-R03,1,1,1,1,1,1,1,1,1,1,a01e9edc77a2476aa1e7fe55ee1f061e79bb50cc3ef605296a37027605b8ac3b
519,417,4,SO-P0417-R04,1,1,1,1,1,1,1,1,1,1,6ad0d314a30880a481e1d41812246a1c21bb87f2bf434554cd05b83059f8a232
519,417,5,SO-P0417-R05,1,1,1,1,1,1,1,1,1,1,ac58a0d48f2249e92b721f22429db2e5d69330118705f43f6d580bf48c21cd1d
520,418,1,SO-P0418-R01,1,1,1,1,1,1,1,1,1,1,00e474e55aec8c7e31bb2ea03958a31fb01b61384f0acef1fbf03d79f7517b29
520,418,2,SO-P0418-R02,1,1,1,1,1,1,1,1,1,1,5b6d7f3b97ccfacef740ff8695cba10944fe94e7fdfa1d0b0d3c5cfdb504e836
520,418,3,SO-P0418-R03,1,1,1,1,1,1,1,1,1,1,1840b2b9128224150f8b7dec8cba55ca5a2d6528f4ee6d32d09f1797874f9f29
520,418,4,SO-P0418-R04,1,1,1,1,1,1,1,1,1,1,a52cda2d58fff4e1833ce5bc3436cfa38f301e5e333615a455e78f00eb655f2d
520,418,5,SO-P0418-R05,1,1,1,1,1,1,1,1,1,1,72d161dbeb44936329092ab293ade566bdfac07cb522bb8c29f8f1a94f38749a
521,419,1,SO-P0419-R01,1,1,1,1,1,1,1,1,1,1,4be5b2d8cb2b1f69b9a70f10f9951d0ac78bf6e210f6696182e420f331cd3cd2
521,419,2,SO-P0419-R02,1,1,1,1,1,1,1,1,1,1,27cc39243b30619a7e2d238d9503b0180594022a6967fdc33e288cd13d74d891
521,419,3,SO-P0419-R03,1,1,1,1,1,1,1,1,1,1,517378f8df5e763ce99ef5de87cf59828f188c3c2e707490060f8a8a0fe82ee6
521,419,4,SO-P0419-R04,1,1,1,1,1,1,1,1,1,1,0dc50997c55ed7b37c96e29541cc7ee6811752555504dc3e69d718b85b989326
521,419,5,SO-P0419-R05,1,1,1,1,1,1,1,1,1,1,4f2061b27b796cb34368f082d595fc998d83f5986e03b2f6c55812ebf16e80d3
522,420,1,SO-P0420-R01,1,1,1,1,1,1,1,1,1,1,29b36b0b3e9610b2feab556abc6f75765c3b057a7d458aeb6add42176cc64ce4
522,420,2,SO-P0420-R02,1,1,1,1,1,1,1,1,1,1,0849a24fc11591fce1c208449b33a6a94cdfe625a19d372cd149404470ace087
522,420,3,SO-P0420-R03,1,1,1,1,1,1,1,1,1,1,04aeb500054359b6262b3188d10829664729150f6a4c868c14b39e61629d9874
522,420,4,SO-P0420-R04,1,1,1,1,1,1,1,1,1,1,dce304d0ea16b6b13be5af4b21a7b60e9de8f0a6c397dcbaa7f1c72faf86ead0
522,420,5,SO-P0420-R05,1,1,1,1,1,1,1,1,1,1,77cc209ade85e83b3cfe1d0e505fa56fc879a11932f4ee771eb1325af4f5352f
523,421,1,SO-P0421-R01,1,1,1,1,1,1,1,1,1,1,15fbb4ef8f8ebc052c05fff5e2b944212a705d2d96de5957d774a122ed79f6ee
523,421,2,SO-P0421-R02,1,1,1,1,1,1,1,1,1,1,ba1e60829a2c20b22b321acefc5955af819ca85950f19d16871771de198a0737
523,421,3,SO-P0421-R03,1,1,1,1,1,1,1,1,1,1,4d0be61234836f4426940df2f3a3b46abd9873504e49d5a294e6dabecec48b51
523,421,4,SO-P0421-R04,1,1,1,1,1,1,1,1,1,1,96a8448ba62653ab360618d08ca190e62f0874e155667eb7888af52e311ab8a7
523,421,5,SO-P0421-R05,1,1,1,1,1,1,1,1,1,1,4ba080aa5313487eb03025d0a60c833329dd2f2e7ec60907eb4ee802b63415da
524,422,1,SO-P0422-R01,1,1,1,1,1,1,1,1,1,1,d874667182724fc1b207b20de01a8fc8dfb2ece9f240b0a2a10e64d1d47003b3
524,422,2,SO-P0422-R02,1,1,1,1,1,1,1,1,1,1,9206989b67793afcf6b12bd881e79404df4d1ed8fae79ae70dcb708390eab57f
524,422,3,SO-P0422-R03,1,1,1,1,1,1,1,1,1,1,877e92c052158fa30a5b1dc52224952df39136bcf549e96109021d5c80494a14
524,422,4,SO-P0422-R04,1,1,1,1,1,1,1,1,1,1,3132e29baed82f249ebf4f54c811aed5fe0e767ab0372bad3f81dadbf1f0baee
524,422,5,SO-P0422-R05,1,1,1,1,1,1,1,1,1,1,7b5cc2fae354181d4fa5d9f59992ffad9e10dedb933f483efc546d69f5cbfd3c
525,423,1,SO-P0423-R01,1,1,1,1,1,1,1,1,1,1,01a9c3b66d3f61fb97ce8ad96412e942103793a7dacaa84be2fe2f5209a64e65
525,423,2,SO-P0423-R02,1,1,1,1,1,1,1,1,1,1,711d597183d710d296dbb607d626b49a8035ca441cf900e93b059c45ff05ef77
525,423,3,SO-P0423-R03,1,1,1,1,1,1,1,1,1,1,3417cef03683260cfc83eb5acdc1f7dad8b4613749da140ea0aa43fc489f481b
525,423,4,SO-P0423-R04,1,1,1,1,1,1,1,1,1,1,7716d9c194dabe90de3becd3f664b5fead572b385188657c926e0df448d63ce2
525,423,5,SO-P0423-R05,1,1,1,1,1,1,1,1,1,1,6d0065057fc385e5a56783d546591de5d6696e93b51e62e271e57a07debfef08
528,424,1,SO-P0424-R01,1,1,1,1,1,1,1,1,1,1,c2a4dfffa2e24da89fcb3a5508af1c5ad62ebee1464baa171ad4e6c13027ef01
528,424,2,SO-P0424-R02,1,1,1,1,1,1,1,1,1,1,cda1fc3a736f525b496c9cb61b3d50f533246601ae67a13f4ac2e1e2fe3325ca
528,424,3,SO-P0424-R03,1,1,1,1,1,1,1,1,1,1,ce9e867fa30260ee25118816c878081bfda0b25c69fb57969ae861978a8e6a84
528,424,4,SO-P0424-R04,1,1,1,1,1,1,1,1,1,1,7393a956d5f11785c35cf94aaee87bf6e460ae5bf05a2a33f6a4d283eecb4907
528,424,5,SO-P0424-R05,1,1,1,1,1,1,1,1,1,1,e9921767964aa42aa877d8bdb9f75e28ad3cd94b2d36736025aa559cedd9df2c
529,425,1,SO-P0425-R01,1,1,1,1,1,1,1,1,1,1,9bfc52572531fd104b432b72971267acf2d480de316464ec624aa0b29e5115d4
529,425,2,SO-P0425-R02,1,1,1,1,1,1,1,1,1,1,e5ed0601a4ef5f609666664343660d42636057c0a5b67e16515bd6386f5cefc5
529,425,3,SO-P0425-R03,1,1,1,1,1,1,1,1,1,1,be56797732d848655a403598ff195e50c42a02b564e0ee77478a92f3acdb6b2c
529,425,4,SO-P0425-R04,1,1,1,1,1,1,1,1,1,1,c5c4b8f2d041640ee6f9c2d81b93b54a9d07cf4320697a0621554d82a13bd20c
529,425,5,SO-P0425-R05,1,1,1,1,1,1,1,1,1,1,ace2ccb099045c282a834ec23a726eb3b34e549c216a7e0873059c72517df6e0
530,426,1,SO-P0426-R01,1,1,1,1,1,1,1,1,1,1,3e013c419299687efa59bc3c69dd5d64faa0fb9a3e128011f616a3ac1cdc3941
530,426,2,SO-P0426-R02,1,1,1,1,1,1,1,1,1,1,bfc0170c3ee31239e50c0cc8de34367f7c09eb87590b58c5be661b3d1c869c48
530,426,3,SO-P0426-R03,1,1,1,1,1,1,1,1,1,1,0f78e2afc8a989c6647d37652350a5557b5d5619d8dd0c8e6059ffce629c3b2f
530,426,4,SO-P0426-R04,1,1,1,1,1,1,1,1,1,1,68d299b8dd8dcd4456befaac2514a8b964392ef36e247774052c1eb6dee8d38e
530,426,5,SO-P0426-R05,1,1,1,1,1,1,1,1,1,1,46d2512e893d6e822c9858de9952b0f651dacb250f939329170a1f6640806e50
531,427,1,SO-P0427-R01,1,1,1,1,1,1,1,1,1,1,e6f4092a7b6c4a00b468add50a05934b2cf04f07fd134cca7007925590a040a1
531,427,2,SO-P0427-R02,1,1,1,1,1,1,1,1,1,1,edb8fc082e767fc94b84fbeba4e69626513723b503377fa9ae7d569732571ce2
531,427,3,SO-P0427-R03,1,1,1,1,1,1,1,1,1,1,105cdfe52e67bc25b2885da53a9fc37cdb64a2aa939682159467e29a35a15ba4
531,427,4,SO-P0427-R04,1,1,1,1,1,1,1,1,1,1,eed807781a68cff0fa095d068939fab331b576f7d98c5dbe29f0b5ca48525160
531,427,5,SO-P0427-R05,1,1,1,1,1,1,1,1,1,1,5956003714f42b6295a21ba1c41850207543e99c38feda454618e8e042a0a8a1
532,428,1,SO-P0428-R01,1,1,1,1,1,1,1,1,1,1,6432c65cea5cc7e6a8abf8a317547be3555c025e5136910f4286d70ad63e836e
532,428,2,SO-P0428-R02,1,1,1,1,1,1,1,1,1,1,38cea43893d96e8e121f7efac5a8374555eaf68ca69c92cc84d8f7f5ab9f73ee
532,428,3,SO-P0428-R03,1,1,1,1,1,1,1,1,1,1,824831d45b7670bef61a732b916bf373f3e17fd55ec43b2189aefcd8f06192d8
532,428,4,SO-P0428-R04,1,1,1,1,1,1,1,1,1,1,17487108651738bfac8be935563805634beb76add10a4ff6745c14f7719f39a2
532,428,5,SO-P0428-R05,1,1,1,1,1,1,1,1,1,1,7e54bcf47ee30c56f0839bbb325140e0148a15295ff340d3844b3d29b4a16550
533,429,1,SO-P0429-R01,1,1,1,1,1,1,1,1,1,1,cbeb237c04277106c0301e71a3e74514a38eb7134afe7ec49ad9f62585cdc427
533,429,2,SO-P0429-R02,1,1,1,1,1,1,1,1,1,1,319f982813438e3de7d4ec74224b425ad59bc77f4a7a241dd7e490ad14fb3b30
533,429,3,SO-P0429-R03,1,1,1,1,1,1,1,1,1,1,05be751cad35a3c1c7111f1e8b45b7331f956003afc447aa2e4d2e21a2a81431
533,429,4,SO-P0429-R04,1,1,1,1,1,1,1,1,1,1,67093e5012ff85ba6bd469aa362d39044f3cf909e4b2391fd50f629b93dd1d8b
533,429,5,SO-P0429-R05,1,1,1,1,1,1,1,1,1,1,26c7c984d81cc571f21a115160fd1678616ebea6bc8625637b573a7efb0b7ef0
534,430,1,SO-P0430-R01,1,1,1,1,1,1,1,1,1,1,f61620738f5a2d528324bf8d46c2ca27fea05711787c47d5be2a857eb49f2879
534,430,2,SO-P0430-R02,1,1,1,1,1,1,1,1,1,1,a6b75d96ba1557a0079a4310e13bacc2f47940726da3cfa52ab310809518abe1
534,430,3,SO-P0430-R03,1,1,1,1,1,1,1,1,1,1,bac172956bda9108affdef4c19b3c9ed35c204dd9953cc043667c165e78a8946
534,430,4,SO-P0430-R04,1,1,1,1,1,1,1,1,1,1,4d07ff4af11e6ea4876bc545069d4bf03aac0a183d3da5f1e0eac1a184803d83
534,430,5,SO-P0430-R05,1,1,1,1,1,1,1,1,1,1,685970000299e1c96a7b4c51f3833ba83d658b172c616b52728230dbccf63be8
535,431,1,SO-P0431-R01,1,1,1,1,1,1,1,1,1,1,8ea6eae6712479ce865020faf4ba1c4af7a20865221043faa3bd723b8d9eb740
535,431,2,SO-P0431-R02,1,1,1,1,1,1,1,1,1,1,2a68c4158cd6c16c75f0775bf1f2993cc2ba766d77c5a2e9059fe4b1ec443850
535,431,3,SO-P0431-R03,1,1,1,1,1,1,1,1,1,1,76890abeca23c0257f28a8c3fe192c0c7a5eae4f13a017d0daab485b6e65c882
535,431,4,SO-P0431-R04,1,1,1,1,1,1,1,1,1,1,2d94ce3897e573a0f681000da0b0613cc2a11c69e9ee3c0217683106fe5b54bc
535,431,5,SO-P0431-R05,1,1,1,1,1,1,1,1,1,1,6d15711bad124d3abda447ea71522ba8806aa6a10532480596b5af9b383c0f5d
536,432,1,SO-P0432-R01,1,1,1,1,1,1,1,1,1,1,dd32bc6d57abc4fde4e153701f789acd0179ffb97dfda1bc919c3e026d79ab00
536,432,2,SO-P0432-R02,1,1,1,1,1,1,1,1,1,1,753a8c5a09ff5b407ef97ae8c58332f45b259f413eb34bc0dd75f1626a7f156d
536,432,3,SO-P0432-R03,1,1,1,1,1,1,1,1,1,1,7a2a15bde216dff761e4da21fe91b88f3a7c267548c77041ac1c68798e3110af
536,432,4,SO-P0432-R04,1,1,1,1,1,1,1,1,1,1,49e7cc8411aec3249df7f92c4e51759ce41f35f057592d019d0df1a649249b6f
536,432,5,SO-P0432-R05,1,1,1,1,1,1,1,1,1,1,5864a9071d8ce9817f2a2efeb039947bd08cb7005235bedc50d6dde4bc57222c
537,433,1,SO-P0433-R01,1,1,1,1,1,1,1,1,1,1,3618ebfc4226ba9cf1f78b5f083f8b409742772164788037e50314f699cf3e1a
537,433,2,SO-P0433-R02,1,1,1,1,1,1,1,1,1,1,50221e64ab69e1ee5ad7acd682675cec2a1447a61420c46a44ea0f1637f3df70
537,433,3,SO-P0433-R03,1,1,1,1,1,1,1,1,1,1,72bc815a5fb6735cc531e25a585a1fa6b6634aa547724594c0f7b4c9fa5a2e52
537,433,4,SO-P0433-R04,1,1,1,1,1,1,1,1,1,1,b1f74dbe1e3c2fcf7180bf61d06f7cfcc1fd76c956b75d94eb21f7b17cc7d621
537,433,5,SO-P0433-R05,1,1,1,1,1,1,1,1,1,1,54aeffe4f03ae1b3b8cb1ac8ef7630f18a3834da82fc69a965fbf59010c03e84
538,434,1,SO-P0434-R01,1,1,1,1,1,1,1,1,1,1,22e7796d16406b18a1a56f57658ee164f65882ebb2e95586fc08b2f73aca3f6c
538,434,2,SO-P0434-R02,1,1,1,1,1,1,1,1,1,1,57244380195a093eba7e8642b869001ae0e4dad61d72abd7a5d6e66b5c15362c
538,434,3,SO-P0434-R03,1,1,1,1,1,1,1,1,1,1,a96a9aefb409ee1679048a8d1ce369b22f626cdd18aa971e23029ffdd8948b37
538,434,4,SO-P0434-R04,1,1,1,1,1,1,1,1,1,1,a87099c27e0943b578a30d0a789f1c075b5d1b3117f202de243477226f90fedc
538,434,5,SO-P0434-R05,1,1,1,1,1,1,1,1,1,1,9fcda15de5a6af3c617ccf6125bc8fe601e6e4946691e57b6dd721fdaa3ded67
539,435,1,SO-P0435-R01,1,1,1,1,1,1,1,1,1,1,b18bc76d7b20d9e1c4e1d749cc7e7a42f934cf79c51f0e93012fb17e3c1fddcd
539,435,2,SO-P0435-R02,1,1,1,1,1,1,1,1,1,1,b073f7e7beb2a73c1f79dfdf80e50069e3e4bb3e4fea205dcbd06947bc0c8320
539,435,3,SO-P0435-R03,1,1,1,1,1,1,1,1,1,1,d4e49154b8983f19ec0c5d3fa0ff44a8d6284188cfc81c7da84460ec42593925
539,435,4,SO-P0435-R04,1,1,1,1,1,1,1,1,1,1,55f4f134c6998ab26b0d5b0471e7fce293e590dd528f9503b0b9b7043f237c8b
539,435,5,SO-P0435-R05,1,1,1,1,1,1,1,1,1,1,1a9cf554bd75a6716848a2a7864dafba1bc13135f4f615fc31fa257c99f7434d
540,436,1,SO-P0436-R01,1,1,1,1,1,1,1,1,1,1,b95248bd02d369fa0b505e040e5b9af3a3c7df3b6a023ce5c5308928ede8d1e8
540,436,2,SO-P0436-R02,1,1,1,1,1,1,1,1,1,1,2894126d34cee39925e305a1dc176bce531d4473b0015fb3e57e4f452185ce5b
540,436,3,SO-P0436-R03,1,1,1,1,1,1,1,1,1,1,600805289f17758df15f5f1bbe5b16f392fe583ffeef696a946f5d879927258b
540,436,4,SO-P0436-R04,1,1,1,1,1,1,1,1,1,1,990ee1798c2de0a05bb623268f28ec359104695c58bddef9b0d7f263cbe2f938
540,436,5,SO-P0436-R05,1,1,1,1,1,1,1,1,1,1,61f9f0db4d6e09696f6f7813c724e7165df76fe416340f4732b6d076618474c6
541,437,1,SO-P0437-R01,1,1,1,1,1,1,1,1,1,1,c26423a56c3d7d6aa42d0db8b0cba4e833b98aa22221bae01b91fa5f76b4fe5d
541,437,2,SO-P0437-R02,1,1,1,1,1,1,1,1,1,1,11315cfec3963100271d2a2ac3fbf9637130889a0d7a337b119e20192c722a28
541,437,3,SO-P0437-R03,1,1,1,1,1,1,1,1,1,1,eae129f3086bc6192ce0511d5960746e431dd1c3e1bd084452aa4ab623cbbe08
541,437,4,SO-P0437-R04,1,1,1,1,1,1,1,1,1,1,58eea718dbca2d40daa4a2dce5c8ba885c26c10aafbb4c7a89160def6cb8ebce
541,437,5,SO-P0437-R05,1,1,1,1,1,1,1,1,1,1,66eb503ec7a5485c62601cacde2f6bc038393b75b191471342a2466a67a193aa
542,438,1,SO-P0438-R01,1,1,1,1,1,1,1,1,1,1,69d335a4c40e0a8bfd502b6e3c1d89dcb349ff2d5fa547d71bbf9eb534a16cff
542,438,2,SO-P0438-R02,1,1,1,1,1,1,1,1,1,1,c135cb4b8e8887be787f2eb85f052e10e44fee9b93478d3981d9c8c3fca61bbf
542,438,3,SO-P0438-R03,1,1,1,1,1,1,1,1,1,1,8c70d70a928d05404f188c80e6194b28a4f76dec69b477b858e840cb6a0b6c47
542,438,4,SO-P0438-R04,1,1,1,1,1,1,1,1,1,1,7b8118ca3da37ea9978f58a4c81760f6acd4de83f23a321514ed4e30174f08c9
542,438,5,SO-P0438-R05,1,1,1,1,1,1,1,1,1,1,dfc8fa456aa995df60dfd6253b62c357d99c5570544fc74864739db6b506a843
543,439,1,SO-P0439-R01,1,1,1,1,1,1,1,1,1,1,ca479f598e740d49f4cccb64f0cf25d6101ceabe7fd946474da4afb2f0d44122
543,439,2,SO-P0439-R02,1,1,1,1,1,1,1,1,1,1,5e2f0b62e9fe00b6215727ad11658d2f909e297d4743846e3d82bee1f196a919
543,439,3,SO-P0439-R03,1,1,1,1,1,1,1,1,1,1,8abdc1eb2b4055a2d4ecef3383fc37e16107abf3ef82aed182f989f6167e9835
543,439,4,SO-P0439-R04,1,1,1,1,1,1,1,1,1,1,7c5efdcf5985fc38960dac47641f25a4e4bc5563581cd29546d2f1e339926067
543,439,5,SO-P0439-R05,1,1,1,1,1,1,1,1,1,1,39d0bb3fb9281259569c64fe4719df72a6be4a47d032e9e55cd665c48b3e9bf7
544,440,1,SO-P0440-R01,1,1,1,1,1,1,1,1,1,1,28bf25e9914aa6940f2f531b69bdb593f105903187f69f359989732d660c0bf1
544,440,2,SO-P0440-R02,1,1,1,1,1,1,1,1,1,1,e0dc294d9e7f5bc64136cc8d234daea90dc3dded38ef85d09a1b345fdbca8a2f
544,440,3,SO-P0440-R03,1,1,1,1,1,1,1,1,1,1,5ab678664320aa54e77a37a7367c22b5162f9376ca470f816c27e04c9f4428d7
544,440,4,SO-P0440-R04,1,1,1,1,1,1,1,1,1,1,9e9fb6f55c89de3a5b5792539f428f21915cd9591a9ff3a3b6828478ea54f920
544,440,5,SO-P0440-R05,1,1,1,1,1,1,1,1,1,1,2402aaf9e1172ff0c3ab459be6dab3ef7dd865c503e8370f51c98695382365b6
545,441,1,SO-P0441-R01,1,1,1,1,1,1,1,1,1,1,fa2629e21f9a207b4a1a4e790221a6dc96c65b655cace65ece82a755ba75982f
545,441,2,SO-P0441-R02,1,1,1,1,1,1,1,1,1,1,a8b8452cf07a6f7d23a26ebcf2bbcd3f5715383ffd9e60a41ec48d9784770101
545,441,3,SO-P0441-R03,1,1,1,1,1,1,1,1,1,1,54a6c9d4b2d8e78d2ad0329fe038c1d722f251a177e03a3380f7ce751becbf4a
545,441,4,SO-P0441-R04,1,1,1,1,1,1,1,1,1,1,00c14494e8a0aae7394e3b6a0c1bb16f14deb9444ffc17f3d07eeb38cd13a583
545,441,5,SO-P0441-R05,1,1,1,1,1,1,1,1,1,1,1fa8bfdf1c6c3d7bb9ff9d5301472e15e7b326635cc5759f7eb6d961f3ed8098
546,442,1,SO-P0442-R01,1,1,1,1,1,1,1,1,1,1,a89e9fd1fa8bdfaab350b1d426549b7fa9592e8bee9ad3e7dff1fb586e1fb3dd
546,442,2,SO-P0442-R02,1,1,1,1,1,1,1,1,1,1,3ae86f7a516a1c8cd9c793e612399ff3e76a0a518d97247f2afec78560b298bf
546,442,3,SO-P0442-R03,1,1,1,1,1,1,1,1,1,1,691527a734682b67bf81d5c36504582c3fd921345e94b9fd19328bb1fd2fd7e4
546,442,4,SO-P0442-R04,1,1,1,1,1,1,1,1,1,1,c79ac597d3df429618a26aa4125814cae52588dba1f64b7a30a11f4e1dae0614
546,442,5,SO-P0442-R05,1,1,1,1,1,1,1,1,1,1,87e62f6ddf7665e5017673dbfab60b6876096476b0ae7e9d0b61ac7d6da4717b
550,443,1,SO-P0443-R01,1,1,1,1,1,1,1,1,1,1,0e0e8f3df4f7ed6acb1ba6bd9a42467c5ba5801fede54259eeca9217f9205a34
550,443,2,SO-P0443-R02,1,1,1,1,1,1,1,1,1,1,6e196e4b307a4019f0d07b12942a642a292ee5478d7c416453dda77c45de64ee
550,443,3,SO-P0443-R03,1,1,1,1,1,1,1,1,1,1,627187ebca549f58b9e19385f1ada8bcdf43dd29b914442c16e40b9fbe7d43ba
550,443,4,SO-P0443-R04,1,1,1,1,1,1,1,1,1,1,1bb4b24494aa3dfd02f0ab904438b107965b24d8c15dae617059a6c7d433dba1
550,443,5,SO-P0443-R05,1,1,1,1,1,1,1,1,1,1,4f14ff7b88b19f38db52c24dfbbc6d190fa9a7be8835534131efd4470b2a20ba
551,444,1,SO-P0444-R01,1,1,1,1,1,1,1,1,1,1,029fea8b900d5018f7094e411453d59c24cfa3c4922ed835fdc2a31f75bd7eb9
551,444,2,SO-P0444-R02,1,1,1,1,1,1,1,1,1,1,c2aacc0b7f806046be5c9f60091a532ed768ff31766565e64d3680dba765b4f9
551,444,3,SO-P0444-R03,1,1,1,1,1,1,1,1,1,1,66d8a6f6e8996e2c053fcc017838d7f6ac69a9c0ae64e89b8839a7d32053b265
551,444,4,SO-P0444-R04,1,1,1,1,1,1,1,1,1,1,0d356221d4bd22b768406f7f3c6809246f222dfe52ac3b65515ed95f41eed1ef
551,444,5,SO-P0444-R05,1,1,1,1,1,1,1,1,1,1,cfa946c63b321ec48b1e46c1ede6399ef4d4b9fcbcb2019151ac9c02f944024d
553,445,1,SO-P0445-R01,1,1,1,1,1,1,1,1,1,1,40ee24d1fe5731a23769e602158b8b28f29a6553a92f038fcc39b0c18113eed6
553,445,2,SO-P0445-R02,1,1,1,1,1,1,1,1,1,1,206c6682d58c8257cc4136147f0d1b7833e0ba9296b6571c5b2faed2254ad544
553,445,3,SO-P0445-R03,1,1,1,1,1,1,1,1,1,1,0dde1b6b98c0e484a6f05349e7389b9b76dbf64e9d9d6b6342a9906f0ce7dfd9
553,445,4,SO-P0445-R04,1,1,1,1,1,1,1,1,1,1,ccdbb07cad124d00543aecfebee93ed75b1f9a4920aee246a17b95891cd7409c
553,445,5,SO-P0445-R05,1,1,1,1,1,1,1,1,1,1,f2c0fdd2d37d8786235d97c5e7c578069006867500b36a569795b83fa36a0133
554,446,1,SO-P0446-R01,1,1,1,1,1,1,1,1,1,1,d0cbd9e0dc3ef7027beaecf796113304924523794092f0c68ca4f170933ab6a6
554,446,2,SO-P0446-R02,1,1,1,1,1,1,1,1,1,1,40e91ab722c0b873ba68b520ed3d963ce41abd34269203664103c2b0940f00b5
554,446,3,SO-P0446-R03,1,1,1,1,1,1,1,1,1,1,ee9a24c34d51a5ef8e6f7dd380c215fa860b20a4a6573b945344011ce031e0e2
554,446,4,SO-P0446-R04,1,1,1,1,1,1,1,1,1,1,e3c377eb2bc7df6e0c96aabdf644700f16ea3c5da85675a8abfacf0156fe6ca7
554,446,5,SO-P0446-R05,1,1,1,1,1,1,1,1,1,1,5550d11d7f70514e5753c59e158466d827c4427cf745d76572d2fc60727c3624
555,447,1,SO-P0447-R01,1,1,1,1,1,1,1,1,1,1,8138c39517a6ee6f00e71a42b494bbbdd3016db3584d1f7528262736fb9d5513
555,447,2,SO-P0447-R02,1,1,1,1,1,1,1,1,1,1,bc3c43ff04126420c5642a128ac4fe6dc7f7f05993aa2d5ee09ab0568fe83d26
555,447,3,SO-P0447-R03,1,1,1,1,1,1,1,1,1,1,ec4cf12e52b5bae1b2a542aea6b548b6dc017c00faa064000e49ced5df5d7e91
555,447,4,SO-P0447-R04,1,1,1,1,1,1,1,1,1,1,6d82f3ffdd101b323b66a8af75a5d0a984954288f642bcbf96456d9a78638f96
555,447,5,SO-P0447-R05,1,1,1,1,1,1,1,1,1,1,17be2722ecc0f78eff7ccae49beb1e597be7c3924e2a113f80e59a4b553f7d24
556,448,1,SO-P0448-R01,1,1,1,1,1,1,1,1,1,1,909610a041532eed389789b79c9f70c53f72f99766a39f6f057946fa21f64a53
556,448,2,SO-P0448-R02,1,1,1,1,1,1,1,1,1,1,bf0b515e68227ccb21830806efe0b052e27959211a31558bb254c0a3cd005d74
556,448,3,SO-P0448-R03,1,1,1,1,1,1,1,1,1,1,bc929e972a354716e564a2592165743ff47d1c26d7916f6b22928d4504b53dc8
556,448,4,SO-P0448-R04,1,1,1,1,1,1,1,1,1,1,94ea1fde654a9f18f245d3f1691598ddbca5cbdd074fdde57c9f05f59e2d4b86
556,448,5,SO-P0448-R05,1,1,1,1,1,1,1,1,1,1,3e0f239d28fd01dc4c721777445324d950bbca63f2bee390ca60692116004892
557,449,1,SO-P0449-R01,1,1,1,1,1,1,1,1,1,1,fdd34adb4afee73b34f6df25609ab825caf6a5d22824e42906aa1107bc396d5c
557,449,2,SO-P0449-R02,1,1,1,1,1,1,1,1,1,1,d2add57d3dda29ebf94f064859c0285ec9deba3e7f978f9fdf352424dc9cc6f4
557,449,3,SO-P0449-R03,1,1,1,1,1,1,1,1,1,1,521f1fe3e8f86043ded4039c8e1dc9eec9abc08246d9d3a184d8b99e53fb655e
557,449,4,SO-P0449-R04,1,1,1,1,1,1,1,1,1,1,508e008d170f5ac5e10620b35950368d8622ccb22a0f22b33fe765023d3207e5
557,449,5,SO-P0449-R05,1,1,1,1,1,1,1,1,1,1,95657a2f7199f41ec94bf8d799d004cd71d7091e4dda0ade2c9edfdc2d27dbfd
558,450,1,SO-P0450-R01,1,1,1,1,1,1,1,1,1,1,e84141f5cada6fe2c8f977f6afeff4e02d8c7ed6a6f93ca8d60f43d747c6e0a5
558,450,2,SO-P0450-R02,1,1,1,1,1,1,1,1,1,1,615399a994adfff177acf4d30e63586a95e49700e469e7f4993c5b9c02ed8186
558,450,3,SO-P0450-R03,1,1,1,1,1,1,1,1,1,1,1b2eebde79175d0dcdb38dfc7b9ae48e5ff106e9308bf371c657e6722c8fb04c
558,450,4,SO-P0450-R04,1,1,1,1,1,1,1,1,1,1,bf3dbb1a4bc8e4a014007b1d6ae13a732b61750dce7791d23477c3706bd9fc87
558,450,5,SO-P0450-R05,1,1,1,1,1,1,1,1,1,1,032adfe9f2d593e2b88ab0853beb4e0caf3ff8c55106cebe6264a22017cf8622
559,451,1,SO-P0451-R01,1,1,1,1,1,1,1,1,1,1,d6ff0cb52d9e52e35f7a86759f840c2a627e1755d3e501860b0ed3f4a12fb8a0
559,451,2,SO-P0451-R02,1,1,1,1,1,1,1,1,1,1,293e7ec9889e69b5fe7622a63d0f9cf2d1af4df63ca82a8db8c63aee2dfe63bf
559,451,3,SO-P0451-R03,1,1,1,1,1,1,1,1,1,1,5802571afa69930cde6e209ae2e22a38622f2215d1dc7f0917c1d842ec1d7650
559,451,4,SO-P0451-R04,1,1,1,1,1,1,1,1,1,1,40ce896a7f6ccb3fe08b270c997b7e586246fd1577de8ebfa3443cc2779414f3
559,451,5,SO-P0451-R05,1,1,1,1,1,1,1,1,1,1,795731fc60792e55ca29e86afb9c4a8c2df60f102a3fd351e11276724b9c8f4b
561,452,1,SO-P0452-R01,1,1,1,1,1,1,1,1,1,1,11d188aae08903b50975fe4bdacffc1743b3270472fcc08475a1fd0f0ca8d34d
561,452,2,SO-P0452-R02,1,1,1,1,1,1,1,1,1,1,58c3e48bd7a0db7a3d884a1b3d35a4ef251d893c7bcfcad71f96091974237a81
561,452,3,SO-P0452-R03,1,1,1,1,1,1,1,1,1,1,ba03ab6cb15b5550a6cefe2cf980094009d36f08d2e94252b3692683dd3e4bc9
561,452,4,SO-P0452-R04,1,1,1,1,1,1,1,1,1,1,eb47dc0ad20a5aa9dfc9d0f08e312a47660e304e444253537e00f547f7f54a1b
561,452,5,SO-P0452-R05,1,1,1,1,1,1,1,1,1,1,9a0a74c45dcefe75e77a784b7d3806c8557f64c44100d704a555471ca9bc55e8
563,453,1,SO-P0453-R01,1,1,1,1,1,1,1,1,1,1,57910800d128e985a733303a919116239aa67c81264e0f66ca1993aa8bd91bd0
563,453,2,SO-P0453-R02,1,1,1,1,1,1,1,1,1,1,b1443887f1772eceb876a27543607dee08f98e59a5531a73a727602645b0206e
563,453,3,SO-P0453-R03,1,1,1,1,1,1,1,1,1,1,27498bc53326203496f909f2ac5149ef2e1cfbc17cd361009ef615b5be9c4189
563,453,4,SO-P0453-R04,1,1,1,1,1,1,1,1,1,1,5b579734d711ee76e25a27add8e64dc4201e91cd2f913d0836885ed79dc13303
563,453,5,SO-P0453-R05,1,1,1,1,1,1,1,1,1,1,4028be3b17bd950f7f5765c2be8f57c64dd247721d12b1cad2c99c1d05e4e8ba
564,454,1,SO-P0454-R01,1,1,1,1,1,1,1,1,1,1,dba882e296cad57fb1b3deddb64917ad1e8f84f2e53e76c3646eee732684e898
564,454,2,SO-P0454-R02,1,1,1,1,1,1,1,1,1,1,3e06674d443a9426a1d959fc953da6c4cafd19a64141331f8322b5940547333c
564,454,3,SO-P0454-R03,1,1,1,1,1,1,1,1,1,1,84142560fec319b9b3cdd953086595f20f0df8ef4c5a2055c8673a29511feb6b
564,454,4,SO-P0454-R04,1,1,1,1,1,1,1,1,1,1,230788582095ea3c7d7549d2efe2d4595538c937e89268698b2f4e4914383355
564,454,5,SO-P0454-R05,1,1,1,1,1,1,1,1,1,1,87af09da53ed62dacacfc3f9fda7fa5feaa6c217e6897f48f42e5481c64f7d38
567,455,1,SO-P0455-R01,1,1,1,1,1,1,1,1,1,1,5bdcd55fc4eb928a7ccd928528152bab6195b61836b01921e81914dcf50278e7
567,455,2,SO-P0455-R02,1,1,1,1,1,1,1,1,1,1,509d4de930d5367e1dd52397ff3da14db975e0ed674acc56b78f067c983c2c3e
567,455,3,SO-P0455-R03,1,1,1,1,1,1,1,1,1,1,8b64e6501aceb42e4eff0988995e5e53aa02c0b1705a53d6ab8c6870990001ac
567,455,4,SO-P0455-R04,1,1,1,1,1,1,1,1,1,1,86267a014475a6095f13f1cf231d48d98112044ca892b330b8d4e911e75ea7ca
567,455,5,SO-P0455-R05,1,1,1,1,1,1,1,1,1,1,5983f794267a52747e56a423d9274cb4ad538c37c9996753ac80b197fe56b58d
568,456,1,SO-P0456-R01,1,1,1,1,1,1,1,1,1,1,a071e70bbeec1c8b582448b9e29db79744dee27a3e53bb47776ac6a68a0698c2
568,456,2,SO-P0456-R02,1,1,1,1,1,1,1,1,1,1,0841dccfa5cb326ce9d1c654f6a89d9b7f3335aa0fb7446af2f3d317578bb79c
568,456,3,SO-P0456-R03,1,1,1,1,1,1,1,1,1,1,4860af3374a21cd3445f98651909043ed468c93cbf712ca567d79e6f33455b97
568,456,4,SO-P0456-R04,1,1,1,1,1,1,1,1,1,1,2c385cc327edf2cdf3a045020873bc7951f99b1ca53c84a3c85470749911f9ea
568,456,5,SO-P0456-R05,1,1,1,1,1,1,1,1,1,1,648abb43f8b3402462a07fd46135e9e90bf254dafac4ea921572c56fccb6f916
569,457,1,SO-P0457-R01,1,1,1,1,1,1,1,1,1,1,90e4ffc995ff236f18356681283abb05c11239908b3a5aa2ead46fdfa1abf324
569,457,2,SO-P0457-R02,1,1,1,1,1,1,1,1,1,1,730fc7e4b6cd2f2204a494be559a19307f5a1059bb7d00237df62a2860f4d9cf
569,457,3,SO-P0457-R03,1,1,1,1,1,1,1,1,1,1,5600ba84d948ce4552cb3743b0d7c35f16f4959ccce0bed06b99d79a42a53313
569,457,4,SO-P0457-R04,1,1,1,1,1,1,1,1,1,1,3f23a253701815e9cceb3698badec138edc83cdbaf043c37d9f5dd519c49a624
569,457,5,SO-P0457-R05,1,1,1,1,1,1,1,1,1,1,310a9bf3654bb40b2a9a4b2bd1c2486c30afada8d5297f6316714ae65f4d3e09
570,458,1,SO-P0458-R01,1,1,1,1,1,1,1,1,1,1,06a49a57fea48ee2a7ff209bff3e93402cc6550458728db4cdeb1fa217dd9946
570,458,2,SO-P0458-R02,1,1,1,1,1,1,1,1,1,1,d3e62252656517bbd062413b00839219d0215f4b0574a956ab2ccabb77f6ae19
570,458,3,SO-P0458-R03,1,1,1,1,1,1,1,1,1,1,4047afc48b6060a4799ad82173873ded1cdb18544efd48933902a3f462ba2aa2
570,458,4,SO-P0458-R04,1,1,1,1,1,1,1,1,1,1,7583dd9f0eec95877b862ad022400dd7b05aba33d6593d500dc691ab0fef0698
570,458,5,SO-P0458-R05,1,1,1,1,1,1,1,1,1,1,f949ef91de8273cd8d05a9e3cf14416ffa569af52abce1b16db34c6f320e49fc
571,459,1,SO-P0459-R01,1,1,1,1,1,1,1,1,1,1,8e3b1faee602010c1b8fbf8a2a2e53bef262354874f080194a339dc14b2d93c4
571,459,2,SO-P0459-R02,1,1,1,1,1,1,1,1,1,1,ba6bb6a7081959d1788eebba74182ee66cd9150447beba708e6c3599803ea2b5
571,459,3,SO-P0459-R03,1,1,1,1,1,1,1,1,1,1,8e852628bac826c3f2abb39233bb6021ec36796c00fffb2f34e28064f490d8d9
571,459,4,SO-P0459-R04,1,1,1,1,1,1,1,1,1,1,bb2513213301329c9d9f278b1bcd057b3ddbe8d8f53033be3b3d761919875c00
571,459,5,SO-P0459-R05,1,1,1,1,1,1,1,1,1,1,6d2bf6bd38e739c5d433ebc2b09d3c7d216ab9bf045138bf75b372ebc7f41ee9
572,460,1,SO-P0460-R01,1,1,1,1,1,1,1,1,1,1,190b8d134ae3cde63df0c6dfd6c7459d10e1f60044eed545884ff10ac660ff40
572,460,2,SO-P0460-R02,1,1,1,1,1,1,1,1,1,1,4805d75346564f7315fb980a98227c23df5843157cf3f237e2ec8ad00eb7f6c6
572,460,3,SO-P0460-R03,1,1,1,1,1,1,1,1,1,1,ba29d34f3b26e40b43fa43e69a6019e7dbeebee92c3fb83f6670cf1ab69e32ad
572,460,4,SO-P0460-R04,1,1,1,1,1,1,1,1,1,1,17ee182ce9f0fd48fb6ac0c7aeba6d77aaa1cfee60bc289216f0374be323e99a
572,460,5,SO-P0460-R05,1,1,1,1,1,1,1,1,1,1,f83094b68212e703ecacf65ae669135559d5a3546e441f088b26e63ec71b5e86
577,461,1,SO-P0461-R01,1,1,1,1,1,1,1,1,1,1,a79908dd8575a4c68f967222835990b2c5e9520598cc1fdf22009d16ac839b47
577,461,2,SO-P0461-R02,1,1,1,1,1,1,1,1,1,1,ff41608af64884afe1f0d256876d3ffe8df4d36736e4aa6171b17427718c7b27
577,461,3,SO-P0461-R03,1,1,1,1,1,1,1,1,1,1,2238026bcbd327a3139c01d6be0ec09e4cbd552ba54de1cafe5f8d67d529231f
577,461,4,SO-P0461-R04,1,1,1,1,1,1,1,1,1,1,98e68fa9920609a2134df614ee007f8be0974fc6099b57e4480c93fdd99b00db
577,461,5,SO-P0461-R05,1,1,1,1,1,1,1,1,1,1,f1cdfc6b3f024aca2e4cf8400d4a7e75a8254df5a3a2fdf082feead8bbc52f72
578,462,1,SO-P0462-R01,1,1,1,1,1,1,1,1,1,1,709c47cb1c31c1d78468527a5c0c5251118f6d2438a54d9f516f799877f0f88a
578,462,2,SO-P0462-R02,1,1,1,1,1,1,1,1,1,1,2b980732a7642f5e49985c23c4a5a5d395e27cb275de1d7a7fbb28052200f800
578,462,3,SO-P0462-R03,1,1,1,1,1,1,1,1,1,1,238a2d7b64528eef0c9634e3c1f695d53f15dbded9a6fd29a87883b882cb2d62
578,462,4,SO-P0462-R04,1,1,1,1,1,1,1,1,1,1,6cd00587366c0e8cacd6ed24dc238095b0230ea9c0a43c5437fc1248db5a836b
578,462,5,SO-P0462-R05,1,1,1,1,1,1,1,1,1,1,44c04348997716533bb578ce84006bd17d854d84b29fbe3280ce898f8a8a43e7
579,463,1,SO-P0463-R01,1,1,1,1,1,1,1,1,1,1,b1416eca165fb70163f1716d4228f5adfa581282f67615bbe5fc8046b372554e
579,463,2,SO-P0463-R02,1,1,1,1,1,1,1,1,1,1,1652669e0c21d56f0b05d69e5451729c231025f026b196fdde0ec3edfc5d048a
579,463,3,SO-P0463-R03,1,1,1,1,1,1,1,1,1,1,a8591dfb4459ce7e2bfacaeab3c32a64a240243b7dccfc503693cc2d1683d29a
579,463,4,SO-P0463-R04,1,1,1,1,1,1,1,1,1,1,8ffc57517e4ecb6ac6458fb39af37ec90a7f5022b0dfb5ae1a1dbfabc3de9bb4
579,463,5,SO-P0463-R05,1,1,1,1,1,1,1,1,1,1,34603f8c53ec9366886b065f8ac2daf81991e60f65bf2927f62e19d353080a7c
580,464,1,SO-P0464-R01,1,1,1,1,1,1,1,1,1,1,cc704b1a4c8775f1b74a08f5c36a8789558126a0cbc13e40ff9fbb0b1195d78f
580,464,2,SO-P0464-R02,1,1,1,1,1,1,1,1,1,1,b29123381113697870227f08f404d29c0de80d013fea86b03f91cc5858208016
580,464,3,SO-P0464-R03,1,1,1,1,1,1,1,1,1,1,9c035e954977609c23fc617a5d2f4713f09f94ad17e68e5865a6d36f3eb4b780
580,464,4,SO-P0464-R04,1,1,1,1,1,1,1,1,1,1,0c85bb30373392f9ee12dd9e59c32720bcf43d181fe63536ae720e628100a35d
580,464,5,SO-P0464-R05,1,1,1,1,1,1,1,1,1,1,07ce9306dd68fa9f3eb734a74def44062b11bf895983d6b064be0c317088a975
581,465,1,SO-P0465-R01,1,1,1,1,1,1,1,1,1,1,8bfa06449dc3970eabb1513fdf91ec51eac6c4b8a8ae5be5e1bafe6979cd450e
581,465,2,SO-P0465-R02,1,1,1,1,1,1,1,1,1,1,88ce4f694d9e89f9997205fd1277d89957f2f0476f49b4b5a471abc980f2bd62
581,465,3,SO-P0465-R03,1,1,1,1,1,1,1,1,1,1,f262e55a5b1e5d3be0c28e751d69e9ce1b4afd6342e80a3c3aff36387fea6ab1
581,465,4,SO-P0465-R04,1,1,1,1,1,1,1,1,1,1,54ae891996314af42f6b1818b17e0e7f53f763dc09e4b0c5a95480403d7bbb21
581,465,5,SO-P0465-R05,1,1,1,1,1,1,1,1,1,1,e5c69493c2ec0bafb8917cfa31a213d7f12d49bdb20ec152c80b6fa47f06091f
583,466,1,SO-P0466-R01,1,1,1,1,1,1,1,1,1,1,0d9cb6159ac590cdbc02bfa5bbcf53bd9a1e41decda203508b85820b969e2d51
583,466,2,SO-P0466-R02,1,1,1,1,1,1,1,1,1,1,f828746fe35bf57d17c7b96e4ff3179961052e70cfdeb7937d4b6033b040b713
583,466,3,SO-P0466-R03,1,1,1,1,1,1,1,1,1,1,68dc1cc1684cd449972831d84920cc65cbfd8310b69703b658bbc2510491309c
583,466,4,SO-P0466-R04,1,1,1,1,1,1,1,1,1,1,1ca961fc448599ed322c124611a5030bf7e67dd080fb90770c94c0bd1177e865
583,466,5,SO-P0466-R05,1,1,1,1,1,1,1,1,1,1,f6e7aa1551e0a70008e594f9580f0d381525ee4ca5177db4665d7e8f25e33ca6
584,467,1,SO-P0467-R01,1,1,1,1,1,1,1,1,1,1,13b120967fee256fe03002f0b626c95d4acc7f7b885c8f65119f03a9000ace38
584,467,2,SO-P0467-R02,1,1,1,1,1,1,1,1,1,1,b0df510d4cbbff39c07f77c723f27ea871c66e7b484860f0ee82354ecd8dd725
584,467,3,SO-P0467-R03,1,1,1,1,1,1,1,1,1,1,94ef0b29a3390b5c3f13edfb1e00ceee9ae63a0605e9d4cf2dcc40a2f920c332
584,467,4,SO-P0467-R04,1,1,1,1,1,1,1,1,1,1,6f7a38804cce2c05a7726c31c409c908e64154f36a03071a2142ba34822e5988
584,467,5,SO-P0467-R05,1,1,1,1,1,1,1,1,1,1,edee6af3d3eeba6b341bfd60820186e9ca742de743e9612541e118a6ab6625bf
585,468,1,SO-P0468-R01,1,1,1,1,1,1,1,1,1,1,ef3ca8106489d4f1a016f564d15e757fa951ecb8a73e81aa588968bfa546a86c
585,468,2,SO-P0468-R02,1,1,1,1,1,1,1,1,1,1,8733200f6bb9fdfabce1b62637ce97c39d528d3267243b4ab69159072b78e814
585,468,3,SO-P0468-R03,1,1,1,1,1,1,1,1,1,1,8cada6a61e299277ce6a9094cc1c97b37d542c596854a1ed08b32bdf3b458384
585,468,4,SO-P0468-R04,1,1,1,1,1,1,1,1,1,1,47f9669084501b1bf959533fc3444bfd76ed05633afd73293fd0bbd89bcec8c0
585,468,5,SO-P0468-R05,1,1,1,1,1,1,1,1,1,1,b75e0c77b5b0c085ecc846290a27008054f0cd3aff86e6dc3ee5f8b1d7abc327
586,469,1,SO-P0469-R01,1,1,1,1,1,1,1,1,1,1,50e47780ecffe1415e6ece5baed2be823a96918e910e3c07cc2b61a43b19cad3
586,469,2,SO-P0469-R02,1,1,1,1,1,1,1,1,1,1,eda7e79fcf0d643ae613d7351a5d115f05846c74f44f537e10f560fb71fe7031
586,469,3,SO-P0469-R03,1,1,1,1,1,1,1,1,1,1,9c5c8b1d1df46261f48a01f0c9ce5a674e93eb2b95cd54e826647492d38ff7a8
586,469,4,SO-P0469-R04,1,1,1,1,1,1,1,1,1,1,05fde30f251fa051c4666d7d8df556b34ed2f45d718fe18fc6ad95f0f1198b0a
586,469,5,SO-P0469-R05,1,1,1,1,1,1,1,1,1,1,a860f3159be27879cea3f500212b2f277e3dd696b3aff38c53d4602cee8bea58
593,470,1,SO-P0470-R01,1,1,1,1,1,1,1,1,1,1,1a2c49dc3f629ed4a3b3d1d11c09e603b8dfd2da2742bc8218fa28498484bd76
593,470,2,SO-P0470-R02,1,1,1,1,1,1,1,1,1,1,487f146d39808205ff5a4004fd8eea1dc8c8ffde6abc04ffe826b62de0c2f3cf
593,470,3,SO-P0470-R03,1,1,1,1,1,1,1,1,1,1,3f11cb8bbfc648d4d8e1acecc4b62bacc47158fc28258c2df627fa5a6c701268
593,470,4,SO-P0470-R04,1,1,1,1,1,1,1,1,1,1,f735119ca7be829da330d9e52fa76c3a3edec38154a0998c8e285daf84c8eb3b
593,470,5,SO-P0470-R05,1,1,1,1,1,1,1,1,1,1,8286fc6725f32d09d5f7f851e2eed4139aa9115fbb5221201f2a271d21a25d6c
594,471,1,SO-P0471-R01,1,1,1,1,1,1,1,1,1,1,0819787a19e3842a36374e598759d0736aa060eff81b25084cb2447a9d10267e
594,471,2,SO-P0471-R02,1,1,1,1,1,1,1,1,1,1,5e3cb386d667c78f133d2d0fa8f7d81f05298566f4f1dfd310c1a676621ee175
594,471,3,SO-P0471-R03,1,1,1,1,1,1,1,1,1,1,ec858f4b0999fad7b964beacda50edf07c3045b88abe1461914ffe16f09ce4a4
594,471,4,SO-P0471-R04,1,1,1,1,1,1,1,1,1,1,4c90ae13dc29fae699364ef7d68b3257672c2dd952f5d7f4f85ea4d71e0ae4e6
594,471,5,SO-P0471-R05,1,1,1,1,1,1,1,1,1,1,4bb1dfbdcd83835c41e5d1a5823ffcd4700cb819587a741e4a1d1bd559c1dfd3
595,472,1,SO-P0472-R01,1,1,1,1,1,1,1,1,1,1,09f04f0ae3687fc7c18ece1fd680efaa92c05c1a05ee4f279284e2d73767576d
595,472,2,SO-P0472-R02,1,1,1,1,1,1,1,1,1,1,788036f690b0368cf8e2a8e770bcf6b454fe23826c71ff8e0b8ada39e7e2223b
595,472,3,SO-P0472-R03,1,1,1,1,1,1,1,1,1,1,cfc128c8c03d1545081f75b7ec7d3437bceaf1307badce24518eb36d174b5ff7
595,472,4,SO-P0472-R04,1,1,1,1,1,1,1,1,1,1,312d4724f647bb0f1f8271bcdc69ed5ea453c9af83272766d3fadeb296d75cd4
595,472,5,SO-P0472-R05,1,1,1,1,1,1,1,1,1,1,bc7490fffff4bfcfb1e35804e01e225ee90012779d6d602c751ba4f013e837bd
599,473,1,SO-P0473-R01,1,1,1,1,1,1,1,1,1,1,eba32295ea004fd8fd31af541aea03978b3d88b7f862a23ec11781713d0a1b00
599,473,2,SO-P0473-R02,1,1,1,1,1,1,1,1,1,1,92c3b999637d10ab92848107e90a6da91b67688e6e67f5dc41da820bee08b051
599,473,3,SO-P0473-R03,1,1,1,1,1,1,1,1,1,1,a516870711536d4dd975287c42c5498c9907645002067c903896f0c2e9b9f59d
599,473,4,SO-P0473-R04,1,1,1,1,1,1,1,1,1,1,e015c79c725ef7a878b02ceba1e22534b8f38576bd2e3514539dd5aa89e486ff
599,473,5,SO-P0473-R05,1,1,1,1,1,1,1,1,1,1,d3824019e6609637c0e9c0bdd5f1c7345dde6a26efaa7b5cc9f9aabecd1adcd2
600,474,1,SO-P0474-R01,1,1,1,1,1,1,1,1,1,1,6551c3b480c6191f6e06f21255d37e366fdbc0b6f12f930af3a402d459a95cac
600,474,2,SO-P0474-R02,1,1,1,1,1,1,1,1,1,1,1ac9d0781cea63f19451cfc8c2482f538ccf7758d2a9fd6f20f29c2ee75e0138
600,474,3,SO-P0474-R03,1,1,1,1,1,1,1,1,1,1,85223fbdd958d38d80e7b9e977e20bc8e78f0996fe43ac835645a9e283db8c39
600,474,4,SO-P0474-R04,1,1,1,1,1,1,1,1,1,1,7d3bf313eec4008eb29624de3ab67191e824f54c96af43ef84e1bf89a5af391c
600,474,5,SO-P0474-R05,1,1,1,1,1,1,1,1,1,1,bdc45a9c869476a517cfaa29e726a193869b5d2fbde6f52a8e0058bba25a3a75
601,475,1,SO-P0475-R01,1,1,1,1,1,1,1,1,1,1,dd8f76bb3fda71914de973bf25a30923e3e711272938a9070f35f64d399775a7
601,475,2,SO-P0475-R02,1,1,1,1,1,1,1,1,1,1,218ce96c3480cacffc715d2d7f4c991fae72e8bee9d46a8dfdfc99106cb3764b
601,475,3,SO-P0475-R03,1,1,1,1,1,1,1,1,1,1,bbf49b310bb1e3718e8b3bf21ee7deca4dfea726b8c5daf10cf59bb4150fc1f5
601,475,4,SO-P0475-R04,1,1,1,1,1,1,1,1,1,1,948ea16e3943c347dcdbed33ba02730d41474bf48c1b2b2e998bde3c799924ab
601,475,5,SO-P0475-R05,1,1,1,1,1,1,1,1,1,1,124d91fe77f8d0d7a692705643f8e2958f56f9775a6dc245691843254a077295
602,476,1,SO-P0476-R01,1,1,1,1,1,1,1,1,1,1,a3a28e34e12c279a21b77bc9c867941bc41b8a1dfac53c233995b3d5cdfdda38
602,476,2,SO-P0476-R02,1,1,1,1,1,1,1,1,1,1,00dd984a30070c068d86f38b94ccb65455fac346e61dc888b7d511a57de11bc8
602,476,3,SO-P0476-R03,1,1,1,1,1,1,1,1,1,1,3a56bdd143d85e0108ffa4888d10494750841cba353163ae27d5515971382def
602,476,4,SO-P0476-R04,1,1,1,1,1,1,1,1,1,1,70730ddb3716a3f3036a6ad390dfc0fa0a6d3f59169ecad242872d44f28ec8e3
602,476,5,SO-P0476-R05,1,1,1,1,1,1,1,1,1,1,9efbf018e296e4d273ed638dc332e764f3144e2de5bc6f1bddc788e9618de0da
603,477,1,SO-P0477-R01,1,1,1,1,1,1,1,1,1,1,55c08dd6d753d9d5f2dea9fd421de9c75c16d091fc360934cb21b12a468b6f02
603,477,2,SO-P0477-R02,1,1,1,1,1,1,1,1,1,1,ffe013d5d9213a6a1cc78eddf992724d4fe3cf0909f37132d70d0c003a7d4639
603,477,3,SO-P0477-R03,1,1,1,1,1,1,1,1,1,1,0f84cbc62744be1418aa04a26240a2930afcefcb73c433e83c14655c8fc04348
603,477,4,SO-P0477-R04,1,1,1,1,1,1,1,1,1,1,ec3baebf11f5101d58592155cd74022302572b7edb1ca8da2a2ddda5602580ae
603,477,5,SO-P0477-R05,1,1,1,1,1,1,1,1,1,1,c327ff2cf8f737871e6d49c49e96efaf620fa91cb22bb1c2eb55c957b3332471
604,478,1,SO-P0478-R01,1,1,1,1,1,1,1,1,1,1,ff6465c963439dc90995ecf8c9ab3a33abe80865738e59047ffe283a7b7a958f
604,478,2,SO-P0478-R02,1,1,1,1,1,1,1,1,1,1,a167dd3b0540bd93a6301b52bacf4b03c47e4b998096cfbed635ca8d816b3fb7
604,478,3,SO-P0478-R03,1,1,1,1,1,1,1,1,1,1,aef82ed10c2c77c621d0d8a309b75114d81fc0b69e284a6ab83034c0a7c1dfb5
604,478,4,SO-P0478-R04,1,1,1,1,1,1,1,1,1,1,cfaa6a0852cc6347aaca5a06976bf3b936c609b4dce423d8260f7018dcd49526
604,478,5,SO-P0478-R05,1,1,1,1,1,1,1,1,1,1,dec03e0eb978a1fa5e53eafcd4e00e9efc1afe3faed2e7d87ceea2cfd7a956a6
605,479,1,SO-P0479-R01,1,1,1,1,1,1,1,1,1,1,a669949689223857199dd51471407126d13672b52f7db61f86830abe5323a785
605,479,2,SO-P0479-R02,1,1,1,1,1,1,1,1,1,1,641cf8944a7b148a727f5d5a947984c7facb7fccf23dd7edd0260379868cc447
605,479,3,SO-P0479-R03,1,1,1,1,1,1,1,1,1,1,87f351780391c56715103d0d7d6120cf6bd6c8fb54c096e195ffb0b5f1775ac3
605,479,4,SO-P0479-R04,1,1,1,1,1,1,1,1,1,1,563b2e47852992c9b8a2c7824f399d3703b09bfe80afe217afc94b4f27e4d5b1
605,479,5,SO-P0479-R05,1,1,1,1,1,1,1,1,1,1,5901925a44001484cc261eeb42ed9985a2757798f0eadf8036bc12aa19751347
607,480,1,SO-P0480-R01,1,1,1,1,1,1,1,1,1,1,ab567f7d6623ef383c52e7f34cf9b536fb497207e38249bbd9f171428115a756
607,480,2,SO-P0480-R02,1,1,1,1,1,1,1,1,1,1,5131ddca7c45c5158f0d8d56b9874878cd3743d2ab39548bf3625281759fe3b3
607,480,3,SO-P0480-R03,1,1,1,1,1,1,1,1,1,1,fc9092245f5aacb6daaf2425446b3785cf84a53b3b11de85fb572f3bb842c3c5
607,480,4,SO-P0480-R04,1,1,1,1,1,1,1,1,1,1,8e7fb2c45a78ef12573a5e2e1cc8a335e5b2abed26a53e5e0d36ddf70644bc62
607,480,5,SO-P0480-R05,1,1,1,1,1,1,1,1,1,1,52c9207cceebc8ee7b03e55db5282d284133157a925a06bcee0de15af159f970
608,481,1,SO-P0481-R01,1,1,1,1,1,1,1,1,1,1,f65ed186607cbbfdb9498c42192f1cbf8335e54d878f5859465b715549c0caa5
608,481,2,SO-P0481-R02,1,1,1,1,1,1,1,1,1,1,f27440bec2e6220c6d0aba0b10b1d797656d3849cea095329fcce34cd216dabc
608,481,3,SO-P0481-R03,1,1,1,1,1,1,1,1,1,1,573520da680be9d707065587c610cb64baa9a4f3bfad4be5eef60b3730cdffbf
608,481,4,SO-P0481-R04,1,1,1,1,1,1,1,1,1,1,253e90936874639e9cecea0ffeab267ed70e3a2c14aa5781d6f4ea175f31d166
608,481,5,SO-P0481-R05,1,1,1,1,1,1,1,1,1,1,b36e2f049b1611996ed27a30861e9d7b0e81fa3e5b431bdee90806ab7465baca
609,482,1,SO-P0482-R01,1,1,1,1,1,1,1,1,1,1,7efc903c43c7c5c1a16825c7ca147f42e74323970bf6ffd181216ec864da9423
609,482,2,SO-P0482-R02,1,1,1,1,1,1,1,1,1,1,83623dbef79320aad1df270d30a5da8f8dbd3a25d7ed22a6763d601602f2c4c2
609,482,3,SO-P0482-R03,1,1,1,1,1,1,1,1,1,1,a2056aa3143712103c969e5a0a670263535ff28aa3cfc9dbdbab891bb616947e
609,482,4,SO-P0482-R04,1,1,1,1,1,1,1,1,1,1,42e6c197d728c8230f0bd20414b243daeadcbe6881ac9f69318181ddb7a3e1a5
609,482,5,SO-P0482-R05,1,1,1,1,1,1,1,1,1,1,19dc1e13244f91d1d62d0a2f9a5f703d43ce2414e257045d692bfe3febd7701b
610,483,1,SO-P0483-R01,1,1,1,1,1,1,1,1,1,1,3679a333699d62b7c531026a61acf92a9bda1bcb5749617cbba66e80d4489c92
610,483,2,SO-P0483-R02,1,1,1,1,1,1,1,1,1,1,06675f7a0dff322c2f8c4ee8010fe0060dcaf34e8fae7758500c054b3c829d66
610,483,3,SO-P0483-R03,1,1,1,1,1,1,1,1,1,1,461224fe81094db64ec1f80d86faf4d277b029284f04591d054e871d794b4b89
610,483,4,SO-P0483-R04,1,1,1,1,1,1,1,1,1,1,bf3f072ab6844020532235af6d4714a74a828b66425bbbed1c637ec85b9a4a4a
610,483,5,SO-P0483-R05,1,1,1,1,1,1,1,1,1,1,8c223a1e7112b2042193d05adcc5777c47b04b566aa50703175b1cf539f2e37a
611,484,1,SO-P0484-R01,1,1,1,1,1,1,1,1,1,1,621764cebe39c2ae6c3e360e4d3647e1de8768645885fe2f2dfc66147e48a36b
611,484,2,SO-P0484-R02,1,1,1,1,1,1,1,1,1,1,d063440e11dc4e40d7f8e94044c434c58e61efa31177544d524ae092b4b25282
611,484,3,SO-P0484-R03,1,1,1,1,1,1,1,1,1,1,33ec1a663d2ea6d10e6ebcefbf9d5f21b50cf94020da7f955d9d60da1e0fb098
611,484,4,SO-P0484-R04,1,1,1,1,1,1,1,1,1,1,e7e43791f12e38162d500c877fe84586c212e6a72f5c4d41dce1973868bdee5a
611,484,5,SO-P0484-R05,1,1,1,1,1,1,1,1,1,1,fd5203d935e26c8a969cbaddb90bd847f9ab4510b30ed05aef592bdabf325872
612,485,1,SO-P0485-R01,1,1,1,1,1,1,1,1,1,1,8cc650b4592e587a7ab133b1aea4e7ff6118ce66a5436d3f9ec800f276ea1ce3
612,485,2,SO-P0485-R02,1,1,1,1,1,1,1,1,1,1,0d76760b7d2a9c076b50c40c5b04d44f60e49ce4e9f169a759b95d5fdf4888f2
612,485,3,SO-P0485-R03,1,1,1,1,1,1,1,1,1,1,aa2c4a14d895a796f7a3b6ff0f1ed1a3d5ce9dbc0be50c5a26a07dfc73746947
612,485,4,SO-P0485-R04,1,1,1,1,1,1,1,1,1,1,21eb98410ffc4f3f64c894541cc8c763cea8f53f83eba83b5bd2b753946935e3
612,485,5,SO-P0485-R05,1,1,1,1,1,1,1,1,1,1,75868857162669a74f5fa62773ba33bf5c3c23d2651b651d136cdac8b7e4bd97
614,486,1,SO-P0486-R01,1,1,1,1,1,1,1,1,1,1,42badc4b8955f8007646feb98d156d6ac44be057d468bdd45a7a9f9c0113fb2e
614,486,2,SO-P0486-R02,1,1,1,1,1,1,1,1,1,1,112e0974fce60af7a6558c80acf23a8a6b649c3929df98d5ccdf517496f95b94
614,486,3,SO-P0486-R03,1,1,1,1,1,1,1,1,1,1,b732f482f8ded439a4a4664f3fe3c23b359b35ff50c46f7cbb42acc14a8fa385
614,486,4,SO-P0486-R04,1,1,1,1,1,1,1,1,1,1,b4e9bd678b186272024b6ca85290590829491be297ee76aea7fb547879376391
614,486,5,SO-P0486-R05,1,1,1,1,1,1,1,1,1,1,5d377138c222ad486bfead91468b116acd8633a07bb243433faeb0153c2988f5
615,487,1,SO-P0487-R01,1,1,1,1,1,1,1,1,1,1,26c17d5df48ad8fb131902f267fb8a8b4f8c290525b3edf43824bd10bfbbc6e3
615,487,2,SO-P0487-R02,1,1,1,1,1,1,1,1,1,1,dba20f6b53e3960fc81df38885ea11916ef9636c903a74d7163ea4da618e7c2c
615,487,3,SO-P0487-R03,1,1,1,1,1,1,1,1,1,1,630a8784ac50dd2d8c625eb0009d8b468f89aba8ab80ab9a86a61c104a7ca44c
615,487,4,SO-P0487-R04,1,1,1,1,1,1,1,1,1,1,77d2bdb689b4008765874dc783223d2016dc18a5d715ad7afe66d8da4622e4f2
615,487,5,SO-P0487-R05,1,1,1,1,1,1,1,1,1,1,20270a53e4f481e77ccbb5ba975ba779825f874a401c110af158cbd2153a6e4f
616,488,1,SO-P0488-R01,1,1,1,1,1,1,1,1,1,1,744c4450f5a85541127f3cda1f3fb44e8be9f320d778d2b0be1ddd61fc24c0cf
616,488,2,SO-P0488-R02,1,1,1,1,1,1,1,1,1,1,0f3ca23567c321a2f5da61d13ccf78d4d5fe796459b66675c24a4ad8876cf84e
616,488,3,SO-P0488-R03,1,1,1,1,1,1,1,1,1,1,33384947a9c88ac49a597d4e93e25d1759df228efb285c52e31ed739503aab71
616,488,4,SO-P0488-R04,1,1,1,1,1,1,1,1,1,1,b861ffbbd4ce4f8f7885e1b1366ee90e519e373fce8eeab29da2753831ffff57
616,488,5,SO-P0488-R05,1,1,1,1,1,1,1,1,1,1,bac4491b4116dd890b09fec70f1246090cadb4bfa22bbaf09faacd5df9bc7a3c
617,489,1,SO-P0489-R01,1,1,1,1,1,1,1,1,1,1,0aa6eb60148308e6a30f50300e41cf187f8e0005316e66f16b16f566a3acc4aa
617,489,2,SO-P0489-R02,1,1,1,1,1,1,1,1,1,1,97f156d7c08c224e904dac675bff15b256c04e6453360c4dd9268223cf937e9a
617,489,3,SO-P0489-R03,1,1,1,1,1,1,1,1,1,1,a611c39a0ca2fb1850a9d9fa56314fa70b9d699de1908d0e7149de060711202d
617,489,4,SO-P0489-R04,1,1,1,1,1,1,1,1,1,1,bcd75bfe21cb5dd4182511f52e379676b80eaadabff615e3fe0400e539216c19
617,489,5,SO-P0489-R05,1,1,1,1,1,1,1,1,1,1,aa3cd021043af1913231b5f2889b28429193e68a87090f9b3f679117f46a01ed
618,490,1,SO-P0490-R01,1,1,1,1,1,1,1,1,1,1,6b5a52c89f4c85cfd33f315adc63d2b106b62612781cc670f6aa5f5d27833b50
618,490,2,SO-P0490-R02,1,1,1,1,1,1,1,1,1,1,b26c705df699619b10959a67930ac183142abcbcc98f38d42f053849b9bd7011
618,490,3,SO-P0490-R03,1,1,1,1,1,1,1,1,1,1,a8d4441a0e037f9c0ee7e5212286f94e1187179525a56bdba1db14d2b05fe0f9
618,490,4,SO-P0490-R04,1,1,1,1,1,1,1,1,1,1,66595a92519fab5c181215916b6ff1837c3afc880ccdb442341bdff6bbd2fca8
618,490,5,SO-P0490-R05,1,1,1,1,1,1,1,1,1,1,18fc2669a7c7d62c78ae7d03c1ca01dfadabf35356315f7fd60500bac00055a8
619,491,1,SO-P0491-R01,1,1,1,1,1,1,1,1,1,1,461401ca65952cbe1b4c33facc9e2b4271b42ac6ec911265c633e290d3b653ba
619,491,2,SO-P0491-R02,1,1,1,1,1,1,1,1,1,1,b60ec7af6f4f5d54164e6f6beda8278f646c5d8ad253c0c632cf5b8f40118342
619,491,3,SO-P0491-R03,1,1,1,1,1,1,1,1,1,1,402d173731a60c9db6b7339a647105ee6e3e493a24285904c15b598ebbb318a9
619,491,4,SO-P0491-R04,1,1,1,1,1,1,1,1,1,1,c9f21146dafcd058617b1ac5d93ce48e7c8ffef6e85624c024059fa37ccfff8c
619,491,5,SO-P0491-R05,1,1,1,1,1,1,1,1,1,1,8ebff9619e1e9240ca0bed89391869d094d09d40f8965e1fac6a27dadf9c472d
620,492,1,SO-P0492-R01,1,1,1,1,1,1,1,1,1,1,05b921daf868a52655c303fac54dd8810c5a4dec0398aff239029ccbd0ca38d5
620,492,2,SO-P0492-R02,1,1,1,1,1,1,1,1,1,1,04ecc53973bc8220693a84a80b359b7db28f52c683e6949c8d27dbf73805816a
620,492,3,SO-P0492-R03,1,1,1,1,1,1,1,1,1,1,7ba619c0a1c0dc3e8c93b98f1a5681f2eed06a1b1819f086d0bb7ffded7569ad
620,492,4,SO-P0492-R04,1,1,1,1,1,1,1,1,1,1,7c7cfb7aa769d7c7787795da3d5c744d145bdb8813e978abc3c9f8cf9018a1d2
620,492,5,SO-P0492-R05,1,1,1,1,1,1,1,1,1,1,63ab11306519f14535e8ba3ea5c645dc0ba04afa082fc400ef356663118d61d0
621,493,1,SO-P0493-R01,1,1,1,1,1,1,1,1,1,1,5ad8e9c73853fd8967a01fcd787a78f31e64c547af75946510113f2d2ca718ff
621,493,2,SO-P0493-R02,1,1,1,1,1,1,1,1,1,1,e34af4766ac96f04988a30b136e56632f4a6e3ff5516f08c0728addd9c230003
621,493,3,SO-P0493-R03,1,1,1,1,1,1,1,1,1,1,4fd908e712e4aea420643cb510e74b8084800c5790368dcebafbeae358668ae7
621,493,4,SO-P0493-R04,1,1,1,1,1,1,1,1,1,1,89c1831a5ab368cb5079084a42325b656b6ae18e9cc8e16610fffca2a1c12e79
621,493,5,SO-P0493-R05,1,1,1,1,1,1,1,1,1,1,f18189cc08c19e4cd54d935d3b2bf77855995eda8f97cbead61af0df4fcf889c
622,494,1,SO-P0494-R01,1,1,1,1,1,1,1,1,1,1,a699ba07d99abfea1f7a789b982227db0bb90a4a5c25a4b1eae90a1e8f1202eb
622,494,2,SO-P0494-R02,1,1,1,1,1,1,1,1,1,1,2574b7efc263f5e88b471e4543b516b190ed9aa1f7d46a0421302c7055ca6ff4
622,494,3,SO-P0494-R03,1,1,1,1,1,1,1,1,1,1,011ae2f57ea5f461f4f3d3b43a45349e0accad6a63a65aa444f42317a92caf50
622,494,4,SO-P0494-R04,1,1,1,1,1,1,1,1,1,1,5e82d4f1d360d7f3fdfd693b48b64a1ff4f20bc7db5a92aa23e7bd3d09bffca2
622,494,5,SO-P0494-R05,1,1,1,1,1,1,1,1,1,1,fbbe131959ac8e9146f5f87706f5a3710743c4376713ef754017a2d0fdaf057a
623,495,1,SO-P0495-R01,1,1,1,1,1,1,1,1,1,1,69665fc7ea68fe7f576a663b8bd3c42a16ec5cb91249c73d1c0923b4bc8e6adc
623,495,2,SO-P0495-R02,1,1,1,1,1,1,1,1,1,1,b9998ffa9f20542e715c086164ea587d62be9c4aca334e7af60e8b8150416a0a
623,495,3,SO-P0495-R03,1,1,1,1,1,1,1,1,1,1,3c3b5f547089e70f482baefa0727c193537c6c6536abce89454c03c7ddfb597b
623,495,4,SO-P0495-R04,1,1,1,1,1,1,1,1,1,1,ff9273e55ac6280c27f31accefc1e25ad05ffb82b1c5646336c1d446c02c7bfc
623,495,5,SO-P0495-R05,1,1,1,1,1,1,1,1,1,1,151f5547c2bb573e11afb2a56146a2040c8048ad3ac2c72f21233dab605f5022
624,496,1,SO-P0496-R01,1,1,1,1,1,1,1,1,1,1,cf43aadaa2c99860fae2ac1f2cb3f2194678ccb41a8b66c9d676426a0bc7d0c7
624,496,2,SO-P0496-R02,1,1,1,1,1,1,1,1,1,1,f3758a37537e2fd0c9207454ffb5728e5da1b039c66881eb1d9db66bef0bb80d
624,496,3,SO-P0496-R03,1,1,1,1,1,1,1,1,1,1,223d6dc69481a51f17d54c11ae210012fe48e7fcda40dfeebbc43a97af162dfb
624,496,4,SO-P0496-R04,1,1,1,1,1,1,1,1,1,1,4aafc8a66bdd46c623b6fd5f2c2102837517d2b0b51b4c0410de7f94d3394350
624,496,5,SO-P0496-R05,1,1,1,1,1,1,1,1,1,1,f95ee3761dfc50455f7ad9a90a84784956e80373c74ab1a172eb6576a8a5e44f
625,497,1,SO-P0497-R01,1,1,1,1,1,1,1,1,1,1,f695020609989c8057106a6a8c93b6c243292abbe1f85b94bbb8b6cc3e15d375
625,497,2,SO-P0497-R02,1,1,1,1,1,1,1,1,1,1,096b0a59cf9fa6dc8536f7ceaa15b9ad34958d5f6ba838b0c611c6e57022cab2
625,497,3,SO-P0497-R03,1,1,1,1,1,1,1,1,1,1,8b88c3855e4c62d907a67ac47d794e8b39dc459f5a7dc761c0a00558f1358227
625,497,4,SO-P0497-R04,1,1,1,1,1,1,1,1,1,1,a0656a0e0e8a8fbf45a87576095e3a99105cbbf15b1d1b2f17d690b3561279bd
625,497,5,SO-P0497-R05,1,1,1,1,1,1,1,1,1,1,05bf75fb63dc752252da67f68b9f166e6eef77468c15426f4b4860b077d41d78
627,498,1,SO-P0498-R01,1,1,1,1,1,1,1,1,1,1,1a1390482455194b3acb99a121fa771ccf3d999400d528672d50b46ea61160d5
627,498,2,SO-P0498-R02,1,1,1,1,1,1,1,1,1,1,65aaf0d61f0441bbc101fdaf0e644c80d8ee0fd2c63f1edc3a795243dd1877b6
627,498,3,SO-P0498-R03,1,1,1,1,1,1,1,1,1,1,71a35a36b715683458ff84e4d845bdf9e3a3277f0b052d9b0a85f6f5b4da4ddf
627,498,4,SO-P0498-R04,1,1,1,1,1,1,1,1,1,1,59eb42e5e19e38236f449e2f9374bc0ad2b53f6bafa6e104d3d97a65b9dad91b
627,498,5,SO-P0498-R05,1,1,1,1,1,1,1,1,1,1,c96818572d6e7ee22ec4a9d01c038442b71e2a48c106fee5ee2f7613a549662c
628,499,1,SO-P0499-R01,1,1,1,1,1,1,1,1,1,1,582eb876ee79f859a751a08eac572e7c94320db3d438bb9ac92e1cd491aeb15a
628,499,2,SO-P0499-R02,1,1,1,1,1,1,1,1,1,1,dff73a4de91d2d2f029999607a8d38643746094877b7a147550e09de5209f504
628,499,3,SO-P0499-R03,1,1,1,1,1,1,1,1,1,1,f144295d20e42610122ea35f8c7066792ac1adb9e34d525fc5012026f6a7589b
628,499,4,SO-P0499-R04,1,1,1,1,1,1,1,1,1,1,5a8f8cac0db36b87fa0633977c64b9f8866c1ae9834b72a4650aed7a03452879
628,499,5,SO-P0499-R05,1,1,1,1,1,1,1,1,1,1,28d71ebe0b1be89ee9d0f3752ebc6595e98487f5ecc245ece7b33ac15d748fa9
630,500,1,SO-P0500-R01,1,1,1,1,1,1,1,1,1,1,c00d600f9b1ae44272e4d4a26f2641a5fbf29982c12fd49d4e0777c8a30c46a4
630,500,2,SO-P0500-R02,1,1,1,1,1,1,1,1,1,1,463272c72ea2b920d3b2d87b6181af938e15cf561d53b91ee55995566a242d98
630,500,3,SO-P0500-R03,1,1,1,1,1,1,1,1,1,1,31092e56c94c7de27eff7528a9ed980f290839ba01504a2c5460a32a8397b356
630,500,4,SO-P0500-R04,1,1,1,1,1,1,1,1,1,1,952999c586dca8dd811e333f84358dacc59c34c3a194d8cc36c29c488ff86181
630,500,5,SO-P0500-R05,1,1,1,1,1,1,1,1,1,1,44bb8493a64f6370db59100c8fa0dbe945cd1a6f5a5f1b8fa7765e3747d10e82
634,501,1,SO-P0501-R01,1,1,1,1,1,1,1,1,1,1,cba17f9637d0f7dadde8985c67a8dafb26954c6dcbb7c4a70428d374e0368c6c
634,501,2,SO-P0501-R02,1,1,1,1,1,1,1,1,1,1,1399213f18b62eaf4b93ebb0056001767700dafcd53b9d6a357b0104304a68df
634,501,3,SO-P0501-R03,1,1,1,1,1,1,1,1,1,1,3641eccf47efd03c0683a6ef95ad5ee43258b46396ef98b0334ec7eb89df458e
634,501,4,SO-P0501-R04,1,1,1,1,1,1,1,1,1,1,9776e2fa1c355b531eb5570057406952f77387310aba29c66e839309e2e12cf9
634,501,5,SO-P0501-R05,1,1,1,1,1,1,1,1,1,1,12ae175849480a52b2dcb952245021ad6ef482ce12d36f0c80a720854139c5e7
635,502,1,SO-P0502-R01,1,1,1,1,1,1,1,1,1,1,7f3200f4880d64a4173e2b026d40d8411fb8934caed1a577ba39111ab5636ec1
635,502,2,SO-P0502-R02,1,1,1,1,1,1,1,1,1,1,d398d15c665a816772d853c682e6c8e675be74dff8a5fd1e9f45e23a871c15ed
635,502,3,SO-P0502-R03,1,1,1,1,1,1,1,1,1,1,7234f839baf43be5cf4802ea5ed48fdb998067d6781ddd969c57ac223f8b989d
635,502,4,SO-P0502-R04,1,1,1,1,1,1,1,1,1,1,96e775535f05e210faa81d8865871ee1b265e553cb41aa8ea2c9a20878fda93a
635,502,5,SO-P0502-R05,1,1,1,1,1,1,1,1,1,1,a19b5aab2e503ccea2604a60142c5a7392337c034e72eae39e933e81c99ece48
636,503,1,SO-P0503-R01,1,1,1,1,1,1,1,1,1,1,3ed819f689c57dc80449d03e9719c0b8adbbb1013f73b1bc0e9b8f25ba66d2c0
636,503,2,SO-P0503-R02,1,1,1,1,1,1,1,1,1,1,7f4f4745de9f25aeeeebbe8cafaf33a858dd8936af0834a03fc75c250a726d82
636,503,3,SO-P0503-R03,1,1,1,1,1,1,1,1,1,1,2e627d965537119f321e2a129a1c5abb6936905f107be73508cb7a345a4e4b09
636,503,4,SO-P0503-R04,1,1,1,1,1,1,1,1,1,1,8cc5e3fc72ed84352c4ccd9d3475ec8590092ad3e9f2cfdc1e3d4828ff2c6078
636,503,5,SO-P0503-R05,1,1,1,1,1,1,1,1,1,1,016e7e95aeb4d9fa755334553073087c141d6b26ca0071c4cf94a5fb8dcb7969
637,504,1,SO-P0504-R01,1,1,1,1,1,1,1,1,1,1,a3caba88e74ffcf252cbdbea7c9d66326dfa1d39e1819a548c0b682eb48d2c53
637,504,2,SO-P0504-R02,1,1,1,1,1,1,1,1,1,1,91ba23fe06ca0fc7f4d6221c6369c5395e3e3d093fcee83b9870269fd647b19c
637,504,3,SO-P0504-R03,1,1,1,1,1,1,1,1,1,1,babb25903d988179d61ccb66d46a92308f16753ef806f4ee211eafa7d5475326
637,504,4,SO-P0504-R04,1,1,1,1,1,1,1,1,1,1,df579632e082209f0149c4cfc4cf010924d614111a7ba983ab99406baba592a7
637,504,5,SO-P0504-R05,1,1,1,1,1,1,1,1,1,1,a037fe6f7ba004352313535f971541457e67925acd21ecbb4509392e50ada680
638,505,1,SO-P0505-R01,1,1,1,1,1,1,1,1,1,1,7f8b5e7767ef7d85be11e408d8a5503447828f3bf9d8c30fa1e854177a441f52
638,505,2,SO-P0505-R02,1,1,1,1,1,1,1,1,1,1,79e2f5833e8b9c442b7f082a54fb9d52bd710692e2b699eb26673df799033275
638,505,3,SO-P0505-R03,1,1,1,1,1,1,1,1,1,1,23a8f4f57faaeab52833b71ad81c37928b650c8d1d9bc21c014440f8098325fd
638,505,4,SO-P0505-R04,1,1,1,1,1,1,1,1,1,1,c36aed33bd5c3f69e574fcee72871ae781972924e33aa9643a00874ded7d9715
638,505,5,SO-P0505-R05,1,1,1,1,1,1,1,1,1,1,c52151e3d6d3a208a7095c84d7b8febd2f119ea92731d79c2eaa549dee816686
642,506,1,SO-P0506-R01,1,1,1,1,1,1,1,1,1,1,15f4159f45110b5b491e3b08aad6a810b8a3d7821feaa7fbb355a09ad8d2f219
642,506,2,SO-P0506-R02,1,1,1,1,1,1,1,1,1,1,8af62cadf208ee018b7d6e73d71a29ca91d3ea32e326b1b4085966dd4bffbd89
642,506,3,SO-P0506-R03,1,1,1,1,1,1,1,1,1,1,003dd9cdd505542c55ceac9caa6e992bfa5c2a90bd6c7847328c3c2201f8c5da
642,506,4,SO-P0506-R04,1,1,1,1,1,1,1,1,1,1,602bcbbc99b95671f78704e2dd3fa757067f8a124d989d2969095e57f44066ea
642,506,5,SO-P0506-R05,1,1,1,1,1,1,1,1,1,1,32df1aa0baa882947cfbffdd5007b7ab052236fca563f140b45bcf218321a6e7
643,507,1,SO-P0507-R01,1,1,1,1,1,1,1,1,1,1,3979e67faad065f14e0f1c9ce90aedf1f9b27d75d11c52b48865764ea56aeaea
643,507,2,SO-P0507-R02,1,1,1,1,1,1,1,1,1,1,3c3e3431dcf87ba7f0e51f718e5bd83cbeac0d97188997fe4f3d3afcae51610f
643,507,3,SO-P0507-R03,1,1,1,1,1,1,1,1,1,1,4a38db816f5f345943a7c05e41b760f423ede4467f143177519f622d4b840f93
643,507,4,SO-P0507-R04,1,1,1,1,1,1,1,1,1,1,6e4250b294a77171ee5ecb22bd5878f7d95ca1c62c30b6e3d9f5a3aeac4ee1ad
643,507,5,SO-P0507-R05,1,1,1,1,1,1,1,1,1,1,e33135b192d8a7e45bf108c7f8f4f0412081ea80d6dceb195128db8784f779de
644,508,1,SO-P0508-R01,1,1,1,1,1,1,1,1,1,1,2f89d0b70a04887e8199e5c42170d1b3a51d84adb236029106faebdb43960a78
644,508,2,SO-P0508-R02,1,1,1,1,1,1,1,1,1,1,ef9d4924ddcc86e6cf7681f4d9f3eb6ac23c9afa7b15a7bdeb30b112bd1b45e1
644,508,3,SO-P0508-R03,1,1,1,1,1,1,1,1,1,1,df9a6d3d4098f8184e9981a14d69eddac9b0075b148bfde17174fcef1b5e6bba
644,508,4,SO-P0508-R04,1,1,1,1,1,1,1,1,1,1,bfb7630ee449aa0f6c18b41f2d3b3fe389f835b99ab220c56155c340adfb2f1b
644,508,5,SO-P0508-R05,1,1,1,1,1,1,1,1,1,1,26fe52a73c91df4c5f1b43961ecda9eadf67590e4153c089c840526e3f1aeb22
645,509,1,SO-P0509-R01,1,1,1,1,1,1,1,1,1,1,3bbb0ff18c6374d48e0f4fa1cad2ea96b45218b33f3ed66e931c20ed3cb46e7e
645,509,2,SO-P0509-R02,1,1,1,1,1,1,1,1,1,1,d324af65a80d418950273adb2717f940d46a9cb49c4bfe34c5dfc3aec9016316
645,509,3,SO-P0509-R03,1,1,1,1,1,1,1,1,1,1,189d875ca2811b94be3652f68ffbdab98859e9caf52ba46b745add9c54002def
645,509,4,SO-P0509-R04,1,1,1,1,1,1,1,1,1,1,454a414cdefaf68711d13137a96abda161426f98446abd7793c2b881b48647a4
645,509,5,SO-P0509-R05,1,1,1,1,1,1,1,1,1,1,f34e657afa327915572ab9aa4ea793bdabfce27d5a5390ccac31275ed9f3e49b
646,510,1,SO-P0510-R01,1,1,1,1,1,1,1,1,1,1,b2c5d26c9d2b98b74daf9ccb51785dfd9db56d87bf9aa51430954d3fd229ce12
646,510,2,SO-P0510-R02,1,1,1,1,1,1,1,1,1,1,a541b6e5836e1a7fcbb2606b5ed2db366bf91a4cdc500391a4cbfca4e279de89
646,510,3,SO-P0510-R03,1,1,1,1,1,1,1,1,1,1,638a0a6e437680a8c36c20b847ad1389a306b84ac78498cefc0f149b07784235
646,510,4,SO-P0510-R04,1,1,1,1,1,1,1,1,1,1,9ef868de9f2a70408b24afd51c1ab36db213db97e3176710e43850959e583d02
646,510,5,SO-P0510-R05,1,1,1,1,1,1,1,1,1,1,a2e70506c4c4f6de42dc8613a02f36b69ada3dfadf7e9038b1d631f1c130cd15
647,511,1,SO-P0511-R01,1,1,1,1,1,1,1,1,1,1,f0c1e2b8daff0dc810e1cacd6a213d7732baa74a5f0c93d3c23e91ad3bd32982
647,511,2,SO-P0511-R02,1,1,1,1,1,1,1,1,1,1,91862697487471d5696a1e5b1d8eea3074794164bf5ad6ce4356810b7f57e11a
647,511,3,SO-P0511-R03,1,1,1,1,1,1,1,1,1,1,6fc040399d418b68183c1bf4cb471d6b500b632e948a0ba2c403076dc19941ce
647,511,4,SO-P0511-R04,1,1,1,1,1,1,1,1,1,1,2d9be6e7f0ed0ef91b8eba40ec23bd861cab51800e5cd29999b8c9697044cf1d
647,511,5,SO-P0511-R05,1,1,1,1,1,1,1,1,1,1,960107624b3c5d3f8a46fc0ec734175a7dffa9fd227d89800f5875f105f3507e
648,512,1,SO-P0512-R01,1,1,1,1,1,1,1,1,1,1,f2d69c73fb76afa4b54ff45a56ec6ccde6c51b2f1e2595a55e19ba9c28b5950a
648,512,2,SO-P0512-R02,1,1,1,1,1,1,1,1,1,1,27b138e2b19c1ba722d6e6a0bbc8d41d0c1d78421102646e48ab4640736edb1f
648,512,3,SO-P0512-R03,1,1,1,1,1,1,1,1,1,1,388c37b6ec887b8937d2792cc72540fccf7a523cf25317422b177967ee4eab25
648,512,4,SO-P0512-R04,1,1,1,1,1,1,1,1,1,1,868e6d7daac9b5a41673507af0513dec251e4b0174cfd90ee4b7c36b707a8c1d
648,512,5,SO-P0512-R05,1,1,1,1,1,1,1,1,1,1,7d3c73d14db38b389800fb7ea4d81de7c93818c72c4619b57be4c1d25afdf04a
649,513,1,SO-P0513-R01,1,1,1,1,1,1,1,1,1,1,a13198a5e1a6c6990ca4301252fcd29ea20ff93fa25b09546c607e734a37da33
649,513,2,SO-P0513-R02,1,1,1,1,1,1,1,1,1,1,aa33498adf6d34825ef9421a4a7a3fa38cde1cd3a8bdafbd2ed5f8592b7d8290
649,513,3,SO-P0513-R03,1,1,1,1,1,1,1,1,1,1,bca65e9b3a1cc540cda5117e94aba14341591f6ddb9946e21e908cc44905bd98
649,513,4,SO-P0513-R04,1,1,1,1,1,1,1,1,1,1,62b698b02556a8921e21208663ef0cfcdb4ab2f98b3b8d9412f3bf9c5c63d5c5
649,513,5,SO-P0513-R05,1,1,1,1,1,1,1,1,1,1,78e7fc8373041d4079d4b374ad1d6ebf783c14ac98a926070561e79a1dc4ca66
650,514,1,SO-P0514-R01,1,1,1,1,1,1,1,1,1,1,b0a16da14e0044151e2dc8f248ea3c0ae2e1f90714f5c3451aa2571648b5f805
650,514,2,SO-P0514-R02,1,1,1,1,1,1,1,1,1,1,0bc1b9b51241c4aed7a35202c5bd385572abdf77295cc89fad3316311a429f10
650,514,3,SO-P0514-R03,1,1,1,1,1,1,1,1,1,1,d706785ee8568785fa451b468f8deb6b976eaad161af1a5ff3a8a2b4a411888f
650,514,4,SO-P0514-R04,1,1,1,1,1,1,1,1,1,1,ffed4c933975ed52c57a4c9911c3166357e4eb6dc921dd36b6cc70839fe1ebe4
650,514,5,SO-P0514-R05,1,1,1,1,1,1,1,1,1,1,bf2ce6260629162ed16c16bbc5400158f960258f0970bddc17ff24fdda24779a
651,515,1,SO-P0515-R01,1,1,1,1,1,1,1,1,1,1,afc5da3c62f755cd880422581368a6f2b1d2318b5144d8bad2d1aeb029eae62c
651,515,2,SO-P0515-R02,1,1,1,1,1,1,1,1,1,1,07f082fab5b26e5256b515b15885628a4d034b294c1520f6a00d39f4d3ec2c46
651,515,3,SO-P0515-R03,1,1,1,1,1,1,1,1,1,1,3c16f91c60dd057043ad90a903d62b196aa59e6a0dac35d161a5de153a2a9eb3
651,515,4,SO-P0515-R04,1,1,1,1,1,1,1,1,1,1,86387a973beb4dac82d0529fc8977a554edf0bd4d7038a3551529e64e199fbae
651,515,5,SO-P0515-R05,1,1,1,1,1,1,1,1,1,1,512d24637948fd28f463e32cafd53ec59d90c3a6c641f4756aa5b60105987dc1
652,516,1,SO-P0516-R01,1,1,1,1,1,1,1,1,1,1,749728be3ed1fd577e6ee787eb70b5d9f1215230f81319b0c2a19bf1edb245e4
652,516,2,SO-P0516-R02,1,1,1,1,1,1,1,1,1,1,c64f1b678efe8d156642ae7bde8ac3207af77802e03d2a8e1e9896de4cfd72ff
652,516,3,SO-P0516-R03,1,1,1,1,1,1,1,1,1,1,c5323ebe4a2d845bc00411fc116fb52f8a77ec82f481d260e70fe880ebeb6fbf
652,516,4,SO-P0516-R04,1,1,1,1,1,1,1,1,1,1,c14b8f7ac08c8d1861d9257bcbd92ec8f2b3c1c0c7cb73bb03e5a91d5900afc4
652,516,5,SO-P0516-R05,1,1,1,1,1,1,1,1,1,1,c777305268e407043318156c6b457bea3e5e7991be9699cd2d2745fac6bd277d
653,517,1,SO-P0517-R01,1,1,1,1,1,1,1,1,1,1,92d2ffa3c43e78f047cb59aba53a5ce11e74dc491832a2bc9cb3a82f8bc93bb7
653,517,2,SO-P0517-R02,1,1,1,1,1,1,1,1,1,1,9b4b9eb9fde46b791f2aceacf2af8c86b27cad0989a4dd86a835bc6c34b1d7b6
653,517,3,SO-P0517-R03,1,1,1,1,1,1,1,1,1,1,695ad0fe287309b5b614f4e8645546713ddf5b5d99cad0faf172e455e28d7ade
653,517,4,SO-P0517-R04,1,1,1,1,1,1,1,1,1,1,25b45c378257f72942b23ebff531c28184066fc0995aba1c08d0db87d6f9044e
653,517,5,SO-P0517-R05,1,1,1,1,1,1,1,1,1,1,47e0b7dcf888be32e1872471065250f0a65025958c6dececb869fb00ee187b60
654,518,1,SO-P0518-R01,1,1,1,1,1,1,1,1,1,1,ec0d31bb54043a2d7076e28938b26ba5b5d7c855a44e23812e6f4cbab0133eae
654,518,2,SO-P0518-R02,1,1,1,1,1,1,1,1,1,1,57386754f360161a998129dc4c24735ed95124c3cc662cfa3262eaad348b1328
654,518,3,SO-P0518-R03,1,1,1,1,1,1,1,1,1,1,14476eb355a1f4088335d9ead8571baaebfef52cacf0c0ef760a63dd2c6fca6c
654,518,4,SO-P0518-R04,1,1,1,1,1,1,1,1,1,1,78bbe15c33112869657a948f29e171b9f344b7fff00b571196dc8f8bcca10069
654,518,5,SO-P0518-R05,1,1,1,1,1,1,1,1,1,1,8f1d22547719ce1e36dd33a8f81d3a7a69436d55eb9b5c1c3c2b68563ffebec7
655,519,1,SO-P0519-R01,1,1,1,1,1,1,1,1,1,1,a8df0c7e8a198f00fd42644aaa744b7176608b337d7965b707ba0cb4a95b8fbf
655,519,2,SO-P0519-R02,1,1,1,1,1,1,1,1,1,1,92983a006360e28751f498b700d1a30e75d1cbdaf37a8d541ac90f54079042e4
655,519,3,SO-P0519-R03,1,1,1,1,1,1,1,1,1,1,b1f0aa009abf74726621278830ed708f80215ef9a5a53a87cb1a326099a90429
655,519,4,SO-P0519-R04,1,1,1,1,1,1,1,1,1,1,eced5e7fe27e683e47a2645f87c5dfae2051b06b9d63f861114f3753a17d29e5
655,519,5,SO-P0519-R05,1,1,1,1,1,1,1,1,1,1,012607b63234c2563d653135bbd386d2891f6e3db6f5836c6a4c8df55ec5ced9
656,520,1,SO-P0520-R01,1,1,1,1,1,1,1,1,1,1,e5ac63781e1c4ba7b409b68cc4163018354a0fb2531bb8e5ce8ce317430d8659
656,520,2,SO-P0520-R02,1,1,1,1,1,1,1,1,1,1,98223c3995133fddc6e6bde5f4820ac10e8d3f4c48749c37f3d6cf533cc84e1a
656,520,3,SO-P0520-R03,1,1,1,1,1,1,1,1,1,1,fec40efed7b8fa64ae8b2ff36db4449b07704358913f3c1f88bbff6cf481db66
656,520,4,SO-P0520-R04,1,1,1,1,1,1,1,1,1,1,9dee54695ce4801e705208140da8ef7b771d3dca71d09a8a73692fb1348ac207
656,520,5,SO-P0520-R05,1,1,1,1,1,1,1,1,1,1,21d03f2ccee9b4e0df4c71123d3dbafbfbdf65df3d13636b22ec9bfc4c6638b9
658,521,1,SO-P0521-R01,1,1,1,1,1,1,1,1,1,1,b6dc6ba6126383a030a8cf65ea0e59b53eaede17abcc8bc0294eb12d7860957f
658,521,2,SO-P0521-R02,1,1,1,1,1,1,1,1,1,1,acaa519dba7441682b74448c2d07d8ae3ef32463bfec9641e95f95e4eee5322e
658,521,3,SO-P0521-R03,1,1,1,1,1,1,1,1,1,1,dde8f1dc7e3f4461fc6f1cb028da4829561aa7b4f20161420cd2863d604cf39f
658,521,4,SO-P0521-R04,1,1,1,1,1,1,1,1,1,1,77af8a8c6ac72569ca92b56445dbb5f65c89a68ff2e903e68d7136264af3bd0d
658,521,5,SO-P0521-R05,1,1,1,1,1,1,1,1,1,1,7cd5b1e2f274faf8aed2e59835f7ee8f447a86b019409e95c53d9bea5850f859
659,522,1,SO-P0522-R01,1,1,1,1,1,1,1,1,1,1,b502e5a5f99226207616ab938ae8aee84cdc0b0189560fcc3ab26b1f17612b3f
659,522,2,SO-P0522-R02,1,1,1,1,1,1,1,1,1,1,1fcf434026ee24f29e048cd4f8caec441e5f1c98adfccb2b2cde041d48447788
659,522,3,SO-P0522-R03,1,1,1,1,1,1,1,1,1,1,ce4b222136da3f5a9dcb71ab422ae9729aabe6afda22cb36adc00a193a760c80
659,522,4,SO-P0522-R04,1,1,1,1,1,1,1,1,1,1,2d93ad9ab8a4010122854481c9dfc6bb5f8303ff106ba72db7abc44e9e5a89ce
659,522,5,SO-P0522-R05,1,1,1,1,1,1,1,1,1,1,80ffa932f2df3e30eb9f87484be9844b91dfc7c89c024b251e69643ae1185a6b
660,523,1,SO-P0523-R01,1,1,1,1,1,1,1,1,1,1,92ae36368752a3239b19d3d0f5604cb588320af8e806d65b8af0a32bfff1c936
660,523,2,SO-P0523-R02,1,1,1,1,1,1,1,1,1,1,2795a9b29f2fd46c301165d282f63917bfa80a3e8c5dbc0d94d8e65844913181
660,523,3,SO-P0523-R03,1,1,1,1,1,1,1,1,1,1,ba5fe55d7e743b5d732105e7e42b636b700cc46bf9b88bc963fd3c582a7b4f99
660,523,4,SO-P0523-R04,1,1,1,1,1,1,1,1,1,1,f0136404b9b6343ef622795776f00de03233542e22721aeda9c14f4d71f75f77
660,523,5,SO-P0523-R05,1,1,1,1,1,1,1,1,1,1,2968d76be1d6758978bfdcab43f16d983fa24cfaca76d108e9022643ea1fa732
661,524,1,SO-P0524-R01,1,1,1,1,1,1,1,1,1,1,14c0df77a9645a68ef46e923abff088b016d134841b77ad0af0b023268a45d55
661,524,2,SO-P0524-R02,1,1,1,1,1,1,1,1,1,1,f7b0f87351c36027e7746b20837d2acf2b16a86011b2bfc0e6a0e69f82a38d0a
661,524,3,SO-P0524-R03,1,1,1,1,1,1,1,1,1,1,2ca12fe340227bd72d05605ded84d03316e036e9262d71a8037d129ec2e0b6df
661,524,4,SO-P0524-R04,1,1,1,1,1,1,1,1,1,1,cc6d4b0f1da80eebb2175369b738ef9d542190aa8216da8df062511cad2512b2
661,524,5,SO-P0524-R05,1,1,1,1,1,1,1,1,1,1,efbd0c6832b53a17963dd8a5b4cee679bb6a8c2d3785b16361d198b7210e766e
665,525,1,SO-P0525-R01,1,1,1,1,1,1,1,1,1,1,c826bd69229a6985e93a3100138d97ef322a7d93509f4f479dd0999b3f5ce271
665,525,2,SO-P0525-R02,1,1,1,1,1,1,1,1,1,1,4978d5a7ba22944fa801fda25ca7c814ed9aaa17649fdcae3db2caa5b47f0db5
665,525,3,SO-P0525-R03,1,1,1,1,1,1,1,1,1,1,edea7614353b6427872f7fca12860c2aad2de99c3d7f7f113ba08e2eb8ac00b4
665,525,4,SO-P0525-R04,1,1,1,1,1,1,1,1,1,1,0634f47f6189b7312c68acc1b353742c12522dbf9e26161eff8dd999f32c98cb
665,525,5,SO-P0525-R05,1,1,1,1,1,1,1,1,1,1,5c2bf0f1bf71047d28bd2870ec6cf70d3e336a5c511e6ef740232e11a1385f6b
671,526,1,SO-P0526-R01,1,1,1,1,1,1,1,1,1,1,a20f0c3172af61f965780b48e741b0f77a02bdcc9eb2b4d58b0bf4a034038737
671,526,2,SO-P0526-R02,1,1,1,1,1,1,1,1,1,1,80acb2ab1176efdf94549c027e1f61dae9b2a4222cde4f87ea9f1cc1f38e88a7
671,526,3,SO-P0526-R03,1,1,1,1,1,1,1,1,1,1,b7ef5631d1e5b9042108359368c9a9292d713e9ce5042bd8037f35436156c0a4
671,526,4,SO-P0526-R04,1,1,1,1,1,1,1,1,1,1,896cf9d661eececf32b9f0b0ef2ef9bdbefec8943b692d56605c2ef297c47a99
671,526,5,SO-P0526-R05,1,1,1,1,1,1,1,1,1,1,e18e87ca41cd7405baa594064efec00cf51d4677abf15f80454f1f158d5c2d97
672,527,1,SO-P0527-R01,1,1,1,1,1,1,1,1,1,1,056c5297521ab12dfd597b302355705cfdbb66da7d130c0aff38bd769291fcec
672,527,2,SO-P0527-R02,1,1,1,1,1,1,1,1,1,1,974a73b226365b27a41b00d32c20aefc4c13746eb64597c815d68ae39cb45795
672,527,3,SO-P0527-R03,1,1,1,1,1,1,1,1,1,1,f3f2eb31af63464e4e72b9f4f413ba7c5b51f2ad425bb8ccfc06eb24d4fda284
672,527,4,SO-P0527-R04,1,1,1,1,1,1,1,1,1,1,029ac0c11aecaf585f1740a2c4e0563b32079c50e4eba0d89b96afbe639e15ad
672,527,5,SO-P0527-R05,1,1,1,1,1,1,1,1,1,1,1f0609ad9d651616cc2a532714ba3aac0717279ab962b38a2011b9994f632759
673,528,1,SO-P0528-R01,1,1,1,1,1,1,1,1,1,1,56dbbbebdb5b0acfc0746e09ce2240914902ab5756ff7463146f0c135f851601
673,528,2,SO-P0528-R02,1,1,1,1,1,1,1,1,1,1,5bc38972db629f54fbdae18bf90be1cb267038b632e2a84102007f6068553605
673,528,3,SO-P0528-R03,1,1,1,1,1,1,1,1,1,1,7e24f604452a66842b4849c63b35880ef66fc2e519f505f279fd916721cc89a1
673,528,4,SO-P0528-R04,1,1,1,1,1,1,1,1,1,1,ee3dee2836b1039b696e4eb7b672aacabe09ddd6b9ff60e461d9f06c66882dbc
673,528,5,SO-P0528-R05,1,1,1,1,1,1,1,1,1,1,ff79e5c803e843c040cd06ef85811ecf74d5993a78abf732778d89ddab9c2232
674,529,1,SO-P0529-R01,1,1,1,1,1,1,1,1,1,1,6e6069ebf2f9e30d1a115821f85f03681e4af91de0c06522f789b9d25f2ed471
674,529,2,SO-P0529-R02,1,1,1,1,1,1,1,1,1,1,11f969baff1f6db46e5b5f2e0c4509ebd410a94ea7cdd8c5e2397d6a6bfe8eb1
674,529,3,SO-P0529-R03,1,1,1,1,1,1,1,1,1,1,f20c0bf665f54947f089fbf1fbbb62b7e42e95d14771ecef0448967511b5992d
674,529,4,SO-P0529-R04,1,1,1,1,1,1,1,1,1,1,1f7d6cadc5c59d557a8adb725f930a56c85426c4c9b45279194f62326386ca7f
674,529,5,SO-P0529-R05,1,1,1,1,1,1,1,1,1,1,e2cbd143ce4f073c82e12de28feda4561af68b9bd9934f26157fc463f5681333
675,530,1,SO-P0530-R01,1,1,1,1,1,1,1,1,1,1,d0fef7d6cf8a0509767a4d465bcb857972f73a8ce93ee2e8dd62c6f536b635c3
675,530,2,SO-P0530-R02,1,1,1,1,1,1,1,1,1,1,81567cf097517d577653d4f1cc091ea887fcae4cab569def4fdd8271cdbbebc7
675,530,3,SO-P0530-R03,1,1,1,1,1,1,1,1,1,1,1c338e5eb5ca7cdd46b6520c8e5bb429094d977ce369f599a10b50e859da7547
675,530,4,SO-P0530-R04,1,1,1,1,1,1,1,1,1,1,5e5fd712f841ae3f8066f3bd3e6823480652b77b2c1e51178a612712d9d39cd9
675,530,5,SO-P0530-R05,1,1,1,1,1,1,1,1,1,1,7039a2068d95883caf5353195894b1de56df5bf7cb432681a94229e15cfea1cb
676,531,1,SO-P0531-R01,1,1,1,1,1,1,1,1,1,1,aac46cbbf95d56d38828cdf02992018465f9ca7e785b2019a68fa0a0cc851420
676,531,2,SO-P0531-R02,1,1,1,1,1,1,1,1,1,1,576e872bdcea80420890f080638723739ed8412dfaa3460125edfe9befedf952
676,531,3,SO-P0531-R03,1,1,1,1,1,1,1,1,1,1,330a1267d2db6ee783abd10505c96b5d4cddde16f897afba9a8af2ba82c92bae
676,531,4,SO-P0531-R04,1,1,1,1,1,1,1,1,1,1,38c8a3a6748ce98c9bcde7742ac2dc5b13029e88e64ae18155eb31264338e744
676,531,5,SO-P0531-R05,1,1,1,1,1,1,1,1,1,1,d740ae14b629bdbaf6dcfe1291cd90490c5e53cdc3e2a3c9f9ea0b08070edbdb
677,532,1,SO-P0532-R01,1,1,1,1,1,1,1,1,1,1,3b69d008f9398346cb11ea41dc66612f6304a173e6f7333f9061ee7e1ac9564b
677,532,2,SO-P0532-R02,1,1,1,1,1,1,1,1,1,1,9c05787c7dafcea0b8dd3e1c7788fe2224bf02251db7b9d2e84e933f6a4970a5
677,532,3,SO-P0532-R03,1,1,1,1,1,1,1,1,1,1,ccb655c5987d6333dad58a3f721f5a3589f098a175305735f8caf75e0954cfaf
677,532,4,SO-P0532-R04,1,1,1,1,1,1,1,1,1,1,1f2500f090d3d09a1ee1750ab47862906086c72c61941ee93edb3df97317a83d
677,532,5,SO-P0532-R05,1,1,1,1,1,1,1,1,1,1,d518bb63c4f77d4aaab362ec8e4698bd3e70c052303da86054142e010cb7aaa2
678,533,1,SO-P0533-R01,1,1,1,1,1,1,1,1,1,1,b4dedf4f57a0bcf98908d223f3beda410a146af0e5640aaaebca7bc2b138001f
678,533,2,SO-P0533-R02,1,1,1,1,1,1,1,1,1,1,5124768d39ad57a96e322848d531d5595f91edd5d8f64d121a120688c22b5324
678,533,3,SO-P0533-R03,1,1,1,1,1,1,1,1,1,1,2630d82124fa5f37189e2138cf7afeae896e661c85c90b7b2534430d4b87da2c
678,533,4,SO-P0533-R04,1,1,1,1,1,1,1,1,1,1,8b740b2c9d9bf1e1ba098ec263615f1d0f167efa79987b3024e0783793212852
678,533,5,SO-P0533-R05,1,1,1,1,1,1,1,1,1,1,1e8d6109a3d8b25089fc545126484e765f486b35915cd759538b5345122a95a6
679,534,1,SO-P0534-R01,1,1,1,1,1,1,1,1,1,1,0244cad1aebddc554799d85e76d338e9acce8090feeeef31c8773e6679ee86a4
679,534,2,SO-P0534-R02,1,1,1,1,1,1,1,1,1,1,3cdaae60ba92102a42e716b73e1ff5f8ae4ba7b078177e561780350260a58505
679,534,3,SO-P0534-R03,1,1,1,1,1,1,1,1,1,1,b782961e354d100936b4e51e7625ca1771f707351c443f77b48d8cbae6cf3c69
679,534,4,SO-P0534-R04,1,1,1,1,1,1,1,1,1,1,3ad3559274652a68898e8884b3acf0beac74a8d734b74a570f46b69a3d6f93b0
679,534,5,SO-P0534-R05,1,1,1,1,1,1,1,1,1,1,0a4180d82919674b8fc6b372a2fcf3cf9cae8e52386793f1032dca8fc965a3ad
680,535,1,SO-P0535-R01,1,1,1,1,1,1,1,1,1,1,c2fbb010f06363f8c3db5d1a983854fa84c56bd5d33ef25a23e670c318a31f26
680,535,2,SO-P0535-R02,1,1,1,1,1,1,1,1,1,1,376c8270b126e3878b42423a838bd02da97fe41ef19afca845b919e860ab87df
680,535,3,SO-P0535-R03,1,1,1,1,1,1,1,1,1,1,b643af6c7c75c361e8e18ac015954560b59e2415cbaf7aad0dcf4625520c7196
680,535,4,SO-P0535-R04,1,1,1,1,1,1,1,1,1,1,b55662ada9a7270599133dd47a8c46f62fc4d60e082267416ccdc3df9babbe56
680,535,5,SO-P0535-R05,1,1,1,1,1,1,1,1,1,1,7df616b7422e91b34bc11a927f57979dc68eba051162641220396d63bd6b2e84
681,536,1,SO-P0536-R01,1,1,1,1,1,1,1,1,1,1,f1ced0694466bac47fb0af6d55f9cc5d3ca34250ec57ccbd125d608c23409ace
681,536,2,SO-P0536-R02,1,1,1,1,1,1,1,1,1,1,c247bde870ae38121bdde2dcaaccf10852c53145ff37e3d65c172e9044068678
681,536,3,SO-P0536-R03,1,1,1,1,1,1,1,1,1,1,42c6260017b6e524cd7ee8bf16b9ceaffe4207b0b90cac6ffc267a70330b230d
681,536,4,SO-P0536-R04,1,1,1,1,1,1,1,1,1,1,d66c71520bd12b13cf17f0c01970d0bbb4d2359ef3bb0b7b8b497e5d7e466fac
681,536,5,SO-P0536-R05,1,1,1,1,1,1,1,1,1,1,c1de3a10e8713b1e0dc1ff733b5f16987bc94059885957be78e3123ce91b26bc
682,537,1,SO-P0537-R01,1,1,1,1,1,1,1,1,1,1,e2ff6b7814012bba9f9265b753ffe54e9930f34af3e12f4c7689254ff6b3e3b7
682,537,2,SO-P0537-R02,1,1,1,1,1,1,1,1,1,1,65fc05642e614c334d71bdf97b297564f12634e49d6fc115dc9d90821b194477
682,537,3,SO-P0537-R03,1,1,1,1,1,1,1,1,1,1,466e0fc2c205279c6d3f01d73399d24aa2a0d57b8e85be96ba82bc70fbecf721
682,537,4,SO-P0537-R04,1,1,1,1,1,1,1,1,1,1,61e896b8f805dfe4d45fb32f92355e7a137a63c5ec182a6e24a44a43ff3cd698
682,537,5,SO-P0537-R05,1,1,1,1,1,1,1,1,1,1,94ad162fd6093c45d15133c1d06ba6f8d70202d01b1cedf72bf81eb06b6430e2
683,538,1,SO-P0538-R01,1,1,1,1,1,1,1,1,1,1,e17465ae5630277be30ceb2aab71357e4e41d7905666927145b470e3c397d97d
683,538,2,SO-P0538-R02,1,1,1,1,1,1,1,1,1,1,d8bda596bf0c04930357f20ae53e805533850b81aaae2a0c312c77253547ee90
683,538,3,SO-P0538-R03,1,1,1,1,1,1,1,1,1,1,72188e51d23c7a21ca674a26b410af5c53e94db3e4916296b54aadd0d8780517
683,538,4,SO-P0538-R04,1,1,1,1,1,1,1,1,1,1,1f440226dda2ce9d27e6a7facbd75e6fa71160a7f630eb81eef3349aeff3657d
683,538,5,SO-P0538-R05,1,1,1,1,1,1,1,1,1,1,d791c8dd21b88a3db35f6768cbb685cab243b225610063a5a404fe1630702b69
684,539,1,SO-P0539-R01,1,1,1,1,1,1,1,1,1,1,adb8c14150984d747a41a78b22020366f7ff9bdd5d85cbaeb1c77793a75c79ea
684,539,2,SO-P0539-R02,1,1,1,1,1,1,1,1,1,1,a397329d544f861382e15abc3db20381928e63ef063809899535b0054eaa9c7d
684,539,3,SO-P0539-R03,1,1,1,1,1,1,1,1,1,1,a54899bcbd9924ed06a6e2b11403d03a9ea2bd39dc0aa1d0d8399f48875ac88b
684,539,4,SO-P0539-R04,1,1,1,1,1,1,1,1,1,1,97a787e90d2232a50f6462ab11f1366380db435ab99ed6d768eacfc26c96724c
684,539,5,SO-P0539-R05,1,1,1,1,1,1,1,1,1,1,ddddcc6532ab62f17ed2f20ca13128376a8b9a677c27cd81fc5c29e09895953f
685,540,1,SO-P0540-R01,1,1,1,1,1,1,1,1,1,1,39ce26e1a361f19d35b1b4c678d4933197ce7e109c6f0f7799a2f40a54894f86
685,540,2,SO-P0540-R02,1,1,1,1,1,1,1,1,1,1,28621d63dc9ac3e4c667a65753c2431f3ccff42061348282e0eac1997e4b4a2d
685,540,3,SO-P0540-R03,1,1,1,1,1,1,1,1,1,1,929797398deb4dac3bcfb93b8e915f0d34f4d80ea9d42ab696624b7848f8cb1a
685,540,4,SO-P0540-R04,1,1,1,1,1,1,1,1,1,1,914b94f43b3bf65e26175f52aede470cbe63fa36a1a079b85cfff394714359cc
685,540,5,SO-P0540-R05,1,1,1,1,1,1,1,1,1,1,c81ac6e0d3e7819f736aad3812fd2d91dba849e19a261b596aa7e0c8eb761030
686,541,1,SO-P0541-R01,1,1,1,1,1,1,1,1,1,1,1ef7910adf3f0815d3386e3e2893b0de2fc0258864c8abc9cd8ebd4d40b221ad
686,541,2,SO-P0541-R02,1,1,1,1,1,1,1,1,1,1,f6785f4f8e631a1eb81b22d9bf4452bc3a8f6066609c51fe453109f50e724429
686,541,3,SO-P0541-R03,1,1,1,1,1,1,1,1,1,1,4654e42fa1c23e466e31749f8264f09294835104b7080a82dcde2d1f673e4759
686,541,4,SO-P0541-R04,1,1,1,1,1,1,1,1,1,1,d01a469c63aa4f9c7016f69a580248feb3ab54f3d46b0bade443a71517842c91
686,541,5,SO-P0541-R05,1,1,1,1,1,1,1,1,1,1,ad1d597203efae4e015b4ca68ef84ef1b1e415674a9d4b912a6381493927d131
687,542,1,SO-P0542-R01,1,1,1,1,1,1,1,1,1,1,48d876e8dffaf73ff81c80ef3da872c2b36a17378b28be18bb8fe7ce39858619
687,542,2,SO-P0542-R02,1,1,1,1,1,1,1,1,1,1,1eada668036cce013f2ce7e48ece1c710d0164a0f49070121fdceb8f9d8f0103
687,542,3,SO-P0542-R03,1,1,1,1,1,1,1,1,1,1,31650a9af325e95d08c96da0af7b0db01a06eb1055b8a74e18eb7f9d0c36db94
687,542,4,SO-P0542-R04,1,1,1,1,1,1,1,1,1,1,cb0b3612abc8708fb70851048d474b229419e468cca251256677505e151d0814
687,542,5,SO-P0542-R05,1,1,1,1,1,1,1,1,1,1,641a34db72356bfd953347d5f15dbff5418441af609c0b49ef1adcdfe840f2ab
688,543,1,SO-P0543-R01,1,1,1,1,1,1,1,1,1,1,f6e8f3f8ac8519fcf3ef382adf58db708988a5c434a34b6dbd4441568c296428
688,543,2,SO-P0543-R02,1,1,1,1,1,1,1,1,1,1,3f98b687842e1df5558c238cc1961a2cba171c966778d903ce7020bc4cb50506
688,543,3,SO-P0543-R03,1,1,1,1,1,1,1,1,1,1,ae833ccc7dfc71927dc2406cc1665fbb77fe8216f2d0ad5c7c9e517bf0940b76
688,543,4,SO-P0543-R04,1,1,1,1,1,1,1,1,1,1,bf28bdd6073669ac5c119f0c0ba089eab404c9e0a47076852047a9ec68044349
688,543,5,SO-P0543-R05,1,1,1,1,1,1,1,1,1,1,20b5443629eb345072bf36adf5e4d923f6321d8b8f8da2f930ed99c76df703fe
689,544,1,SO-P0544-R01,1,1,1,1,1,1,1,1,1,1,c1a7a773bc42ee5a784998163ba0d083fb43c83f2312018cdec5f7d826288d37
689,544,2,SO-P0544-R02,1,1,1,1,1,1,1,1,1,1,a29a6cb44ed96d6495b5ce1cf527029ad238ff7499de0923a75ca799082d44d6
689,544,3,SO-P0544-R03,1,1,1,1,1,1,1,1,1,1,06a01b158b42d219e048e013b67e70226fb500bd9b88cb62d3200a6aa517b119
689,544,4,SO-P0544-R04,1,1,1,1,1,1,1,1,1,1,58a141190982fa9829afe7b55dba10145acade8eed31fadb07d0b491091056fc
689,544,5,SO-P0544-R05,1,1,1,1,1,1,1,1,1,1,07e0aea36d99f12c613aa2c61eec2e25744e49b07b674202baa747523eed982e
691,545,1,SO-P0545-R01,1,1,1,1,1,1,1,1,1,1,bfc28000451183f13e311f9e05feff9ba6c7216ccd8078f429ae40abd3ad18b5
691,545,2,SO-P0545-R02,1,1,1,1,1,1,1,1,1,1,cff85b73da1e0de58ffb58e33793346cbd6d2d91770345d9640177e753dd4c93
691,545,3,SO-P0545-R03,1,1,1,1,1,1,1,1,1,1,6642a527e5b62b2d0446a4e71121c4eede316695db1b3b7630756149c07864f7
691,545,4,SO-P0545-R04,1,1,1,1,1,1,1,1,1,1,7eb653236ee9f0d7e9aeacb7328ace543c6f0cdd8b9b71e5a0f65c556ae57cbd
691,545,5,SO-P0545-R05,1,1,1,1,1,1,1,1,1,1,996d701e30b5830da5f274b14a265a36ffbf7767c01e44f7178083262b22bee3
692,546,1,SO-P0546-R01,1,1,1,1,1,1,1,1,1,1,4e64a1198ccd50704c2059f49fdfe741623b454ebb4eaae028635d2ba7c5409d
692,546,2,SO-P0546-R02,1,1,1,1,1,1,1,1,1,1,45be5dcf6c3c8b7ea6cefe80b3d33f5cb408657d9c2519df2c893dffc3ac084a
692,546,3,SO-P0546-R03,1,1,1,1,1,1,1,1,1,1,5c377e290560c67607bef401f28606d0ee4500509482b5f42acc538627ece714
692,546,4,SO-P0546-R04,1,1,1,1,1,1,1,1,1,1,4b57113858eaccac454ee0140e419e56ef1eeac16ae02c5a4e4cea265dce4c8b
692,546,5,SO-P0546-R05,1,1,1,1,1,1,1,1,1,1,f3f4a3073383ef1e1375ce662cefc881cc0268e5de14128cc579b64045e8b1e2
693,547,1,SO-P0547-R01,1,1,1,1,1,1,1,1,1,1,93289058f8d270a4c9f0c0966794bbcf594a4a068c1241db67900df019dd370c
693,547,2,SO-P0547-R02,1,1,1,1,1,1,1,1,1,1,5a88706b543f40f44677c6c94f52f23702b0c437d2f4fed47022fd9bd6774587
693,547,3,SO-P0547-R03,1,1,1,1,1,1,1,1,1,1,2c2b7257b9e4652fbdee9b3fd11b2527a4dad69511d9a91e4c351b74136498b8
693,547,4,SO-P0547-R04,1,1,1,1,1,1,1,1,1,1,f00106c64c514dd62b9a0dd313b57533219f49f367ccf230fe1ab26d4020d68e
693,547,5,SO-P0547-R05,1,1,1,1,1,1,1,1,1,1,0dafbc913d2ff2928269ff27da7a9514743ec99ec2bc50f9627a397aadb7b1ce
702,548,1,SO-P0548-R01,1,1,1,1,1,1,1,1,1,1,aa51bf4269241cf7425e9afb37b7ae84d89cda5470bd762a5700c342bc1e7227
702,548,2,SO-P0548-R02,1,1,1,1,1,1,1,1,1,1,c3614b1a5691e91b7612d0a10d62ba533ee1d71f8ae6d300e76fa69d4274aeb6
702,548,3,SO-P0548-R03,1,1,1,1,1,1,1,1,1,1,98e9a47dfc1e7b2953b8e1f275cb4740e5bc81a256dd11d72bb3b1850312071a
702,548,4,SO-P0548-R04,1,1,1,1,1,1,1,1,1,1,982def776137e58b48bcc1054d38445e9e4f249062d99059c2014bf2481bd20a
702,548,5,SO-P0548-R05,1,1,1,1,1,1,1,1,1,1,d831d5c5973ff2e480944801f550e2169d56d4cdc95879dd6dc7f9e0076ef61c
703,549,1,SO-P0549-R01,1,1,1,1,1,1,1,1,1,1,c294465c3d8b6c5fbef59f6a48e00d6ddcc217145fe6fb3f86161a7309e98fe6
703,549,2,SO-P0549-R02,1,1,1,1,1,1,1,1,1,1,cf13a329d8e87aa0bae6cc3f726f2e6ea826d862a8c45ea1e6096f2abaa06059
703,549,3,SO-P0549-R03,1,1,1,1,1,1,1,1,1,1,5ad36fa1e84a68814f661ca2b616fe817548c3fdb6de2501ccb01db305d4049a
703,549,4,SO-P0549-R04,1,1,1,1,1,1,1,1,1,1,fcdd590545eaf12b082160cb7c2255e705bde898aa528dc5a3b846985dcece7c
703,549,5,SO-P0549-R05,1,1,1,1,1,1,1,1,1,1,51e4cdb1c63b9c8d0af21db2ba5e908b6d71b8808dbe31c51296e98755e48396
704,550,1,SO-P0550-R01,1,1,1,1,1,1,1,1,1,1,7aa69d04c670712d7780522ee9ad2ea040e0b04db5eff0a43f791a702befad21
704,550,2,SO-P0550-R02,1,1,1,1,1,1,1,1,1,1,88ee9d213a586520be4a81f6f123dad377ad8c452e94d3d5a0963dc01a349e87
704,550,3,SO-P0550-R03,1,1,1,1,1,1,1,1,1,1,69a3ed794773eda6993bfe4bc46d81c67089418a80ae5ee02fc1ed936ab4ee52
704,550,4,SO-P0550-R04,1,1,1,1,1,1,1,1,1,1,7c8a59c24a54d94ea52745788e8986dc7270c8e6a44739d9a52a7b5a87de16b7
704,550,5,SO-P0550-R05,1,1,1,1,1,1,1,1,1,1,5c456a4c339acac40fdb71582ec745c0272adf899774a250f64a057c4f52f48c
705,551,1,SO-P0551-R01,1,1,1,1,1,1,1,1,1,1,6581669da7b0cc3db2101e8e6c8038fc1b6140af91ab7a00012ed6b40b0e8c1d
705,551,2,SO-P0551-R02,1,1,1,1,1,1,1,1,1,1,1fbe4065c7953785d1019f72b64ac777841320709deef9cc67e72271cad44d1f
705,551,3,SO-P0551-R03,1,1,1,1,1,1,1,1,1,1,9d56ca092c06b9afd70e23e62ff41da2b94e2b8e5cbcfd10efa0cad291624023
705,551,4,SO-P0551-R04,1,1,1,1,1,1,1,1,1,1,cb908c58ada783f7e348c4c720f9457c96067563c7494e6a7e87055b54bd8ec5
705,551,5,SO-P0551-R05,1,1,1,1,1,1,1,1,1,1,631b0c62fa4b3384c44c8dba1fe41346d9daa396702521e40c9c126e534d5943
706,552,1,SO-P0552-R01,1,1,1,1,1,1,1,1,1,1,926d4b6282fd242590f3676e860ef4e37c204c32e0ad0a4910386ca30d919cbc
706,552,2,SO-P0552-R02,1,1,1,1,1,1,1,1,1,1,8743ee8d75ce4913470f5c7b5b6c2749ce4c25779c2c7b6d9d6111919cf8f7e7
706,552,3,SO-P0552-R03,1,1,1,1,1,1,1,1,1,1,bafbe6fbfc9f5695033c45e0afedfd44bd7fa0339a2b93e79be0b070c5e86c7c
706,552,4,SO-P0552-R04,1,1,1,1,1,1,1,1,1,1,39e14fd3f5d1e03da4e95bb535881c08b9b2c4ef9acaaa5330e7feff1d3273fa
706,552,5,SO-P0552-R05,1,1,1,1,1,1,1,1,1,1,c3073b41c7e1131bb870b1503485bd149fdd3680a73d46ec3451fe31efcc9c96
707,553,1,SO-P0553-R01,1,1,1,1,1,1,1,1,1,1,5b972a60a6fa93c8d0ecb10747d01903c2bbb3b804857e50dd8ac7ff98789518
707,553,2,SO-P0553-R02,1,1,1,1,1,1,1,1,1,1,6e5787893d5025303b468e13c9ddc15109a5255d9bec8c50df8738d98c2f1649
707,553,3,SO-P0553-R03,1,1,1,1,1,1,1,1,1,1,4cd144488f3b744b5f10032466330dedbd3f7e333d098a12daedae01b87fc92f
707,553,4,SO-P0553-R04,1,1,1,1,1,1,1,1,1,1,abf6d1f73c3cd2e653f8d2474de10d0461d3e86869a075a43322b3dab908eb7c
707,553,5,SO-P0553-R05,1,1,1,1,1,1,1,1,1,1,23e5e280fc6600968f59bc85395af101c018969fd3e521a5a598a59d9719e6c8
710,554,1,SO-P0554-R01,1,1,1,1,1,1,1,1,1,1,718a8a0f858557e224d77b9db1c696bb756dd885d970219d91d5349224216155
710,554,2,SO-P0554-R02,1,1,1,1,1,1,1,1,1,1,93ebdeae69a66558b61be0d5e92ea65fc70b5773c7fbdfb2ba713d559456dd7d
710,554,3,SO-P0554-R03,1,1,1,1,1,1,1,1,1,1,ed6cab360d4c57226a80f405f039ef6119d2d1f483c6fb8e6b798a9399dfb43f
710,554,4,SO-P0554-R04,1,1,1,1,1,1,1,1,1,1,3f43b87a7e6b43ca84681d4001a805ad7105c69475c2adfc16e52fc5c91b7826
710,554,5,SO-P0554-R05,1,1,1,1,1,1,1,1,1,1,a2fb379207073bc3b7ab665012dc0b257f0abef97a2e85a1b7a36d53770afc6d
712,555,1,SO-P0555-R01,1,1,1,1,1,1,1,1,1,1,834a6925691f4f74c89a71744df346c179780f714a7529f47a435d5f5bf62e6c
712,555,2,SO-P0555-R02,1,1,1,1,1,1,1,1,1,1,76a02e88ed64c15149afb16313b3259f7815b17dbf1bfd17d1f7ca83034f8c41
712,555,3,SO-P0555-R03,1,1,1,1,1,1,1,1,1,1,006d4119256d4a66dad58d25d732ccc792aeb58ee4401641ccf1c7766d9f7e48
712,555,4,SO-P0555-R04,1,1,1,1,1,1,1,1,1,1,23b7a40f06dede25b02e1ea932311bbd99dd8b777761aeeb7ea29279886a3959
712,555,5,SO-P0555-R05,1,1,1,1,1,1,1,1,1,1,e1f995a60a1e8e61b16e22fa1beeb3f006788fb8d5a6a391c85ad3f311d85576
713,556,1,SO-P0556-R01,1,1,1,1,1,1,1,1,1,1,10905688bf487b10ead96ba2cf59346c51c54f49172d64801f92ac800245d66b
713,556,2,SO-P0556-R02,1,1,1,1,1,1,1,1,1,1,14f2fc93fa694c9d080d44193b5cd22b61146ce536d2e7e74240ec1abd78fa37
713,556,3,SO-P0556-R03,1,1,1,1,1,1,1,1,1,1,09896a973d600a32c3d980cfd23627965b1eec5ae3c59341393ecbde94718266
713,556,4,SO-P0556-R04,1,1,1,1,1,1,1,1,1,1,f47f87963613135f18c164c994daa639bf74aa6ba622258260faed75a7e0befb
713,556,5,SO-P0556-R05,1,1,1,1,1,1,1,1,1,1,48fcec09d63fbf86b664b96e212f96d104a3cdf98bc3621297c8c8af773725e6
714,557,1,SO-P0557-R01,1,1,1,1,1,1,1,1,1,1,3d7f2d8a044bb46cfd40095d42f4a4dfcdf11cb37f2a68fd6c04d7427d664bfd
714,557,2,SO-P0557-R02,1,1,1,1,1,1,1,1,1,1,0174783e591d3df2e967cd42d53e8404af0cc1b57fc6ca0e43f52841d3de7b59
714,557,3,SO-P0557-R03,1,1,1,1,1,1,1,1,1,1,b960a328c74cc5746fd55010d6687ff2fb32c40cb27c22d54f4c19117b4cfd6b
714,557,4,SO-P0557-R04,1,1,1,1,1,1,1,1,1,1,91a03cd18c2b9d3b8aceedc76427b8d51a34e784dfb3cbfd551dc5026bf2fac2
714,557,5,SO-P0557-R05,1,1,1,1,1,1,1,1,1,1,88bedac2e6df439c45fd6643beae5796507e2d6d4b93dccd619b06dce19728d5
715,558,1,SO-P0558-R01,1,1,1,1,1,1,1,1,1,1,675fe633592b789a8483638b9ef9f768ffce1540f4fc2040023ac92e9fb3dfd2
715,558,2,SO-P0558-R02,1,1,1,1,1,1,1,1,1,1,3b6117953f9654a94eba07fc6ad3ecbce893d2253a4d584e8d745f9e3080dd9d
715,558,3,SO-P0558-R03,1,1,1,1,1,1,1,1,1,1,7b89b4a2bd10b19a19380e01c5a032e4fee2c58a463616a9e300b8fd5211ee9b
715,558,4,SO-P0558-R04,1,1,1,1,1,1,1,1,1,1,88fa19d3b227f2b9b235134f09780449136e4ae30e32c83b4516fcf53eb0fa95
715,558,5,SO-P0558-R05,1,1,1,1,1,1,1,1,1,1,f2fe7ff377d922525dee94edd0015c6b8ec012e298599965cd1542be209bfca6
716,559,1,SO-P0559-R01,1,1,1,1,1,1,1,1,1,1,67f1c6b060045f4a7d360a5ffb8301275b5ac73b112e3ba1316660ae602cca9f
716,559,2,SO-P0559-R02,1,1,1,1,1,1,1,1,1,1,ddafb174e9a4e5614a2714857f492558b19a35b4ed1353930c6c7e1949e282a8
716,559,3,SO-P0559-R03,1,1,1,1,1,1,1,1,1,1,ee5a7eb32b68c6a64ab0705d99d7b86ae1f7471b74e91355acf4deb716089404
716,559,4,SO-P0559-R04,1,1,1,1,1,1,1,1,1,1,5a0fa557980080571b8bed0859d8693d513095f5e0be1ef84418b1ff670f169f
716,559,5,SO-P0559-R05,1,1,1,1,1,1,1,1,1,1,146af8588effd7dfa53072b9f2826aafb2b87071b3e0cd6fdd2e349a3c97ac55
717,560,1,SO-P0560-R01,1,1,1,1,1,1,1,1,1,1,3b8c6d713250c0803c4f404d1f3a991f4b21d10bded7f8c4bc5eab7bef3177b0
717,560,2,SO-P0560-R02,1,1,1,1,1,1,1,1,1,1,bfe361912315284542b3115ccfdcf6c3bb136d0f800f3aa3880336669395fac5
717,560,3,SO-P0560-R03,1,1,1,1,1,1,1,1,1,1,6ccf65ceebf7040fcbb4f66019a6667a841ecafeb66d8432ea190c3fe1cf96f0
717,560,4,SO-P0560-R04,1,1,1,1,1,1,1,1,1,1,82b990c5593427bd2dd85c769d58d2f2f458ace0ec67a9143bc60b7238e00b57
717,560,5,SO-P0560-R05,1,1,1,1,1,1,1,1,1,1,ddac734440bd85450c0abdf50c4f3c6702a06a0f386cfe9bb0c6e25b06b52b31
718,561,1,SO-P0561-R01,1,1,1,1,1,1,1,1,1,1,c910c9447835a5e83da3c6dcc33acb2946d105cb3f3a6bf50c60e73cdd2d9352
718,561,2,SO-P0561-R02,1,1,1,1,1,1,1,1,1,1,c9017589fa11188b1d91baa8936bb46385c327e9f1e282ffced26b19253c3442
718,561,3,SO-P0561-R03,1,1,1,1,1,1,1,1,1,1,4703da4ed18691358d6a7aeac2e2ef8d282ba0c7ec265b271c51088c6ca0bcda
718,561,4,SO-P0561-R04,1,1,1,1,1,1,1,1,1,1,092078f5d2cf59e081eec7491decc009071ac431645e7f5387bb2c96f1cbcd70
718,561,5,SO-P0561-R05,1,1,1,1,1,1,1,1,1,1,a8e2491a0dbc3256755ce20ec0a1f5487ff795562f6a97eb6ce6b83710336b83
719,562,1,SO-P0562-R01,1,1,1,1,1,1,1,1,1,1,ea7620f1da72e3eed67d937afcca8941ca9d2db01c65fba7eb5f03110e32463d
719,562,2,SO-P0562-R02,1,1,1,1,1,1,1,1,1,1,f73567cd1a67cc0abc16ee216483a7c64f78df908ecf98bde56a8b2818f5ed7c
719,562,3,SO-P0562-R03,1,1,1,1,1,1,1,1,1,1,8b4e8411f0293bc20d5debe2e0e90431a477566a0fdfdfdc5337612ca7345cf5
719,562,4,SO-P0562-R04,1,1,1,1,1,1,1,1,1,1,a80c8e33e7f6fd91aac43968630db6fdbde2db6995045a6de8bfd9d2256e4624
719,562,5,SO-P0562-R05,1,1,1,1,1,1,1,1,1,1,9e1b21589dac763097eafd4911acf3d66b2722caa463095830e9a987468a389e
720,563,1,SO-P0563-R01,1,1,1,1,1,1,1,1,1,1,d08810202e35e59b79b3ff8dff63814d8b44e8f7117a5b1ae94e2538a86419fc
720,563,2,SO-P0563-R02,1,1,1,1,1,1,1,1,1,1,745e751afce98d573906f0e3e48be0e6eb0964d83016e27939f86597c0e392f4
720,563,3,SO-P0563-R03,1,1,1,1,1,1,1,1,1,1,e818e0a2c2526929ecb07778b55872839bde3311a8e20efdccfee5ef301d6b55
720,563,4,SO-P0563-R04,1,1,1,1,1,1,1,1,1,1,a15dc9e6104f8801e3c9dfbb0837bd7d941259bef91c39fed48af66a03b038de
720,563,5,SO-P0563-R05,1,1,1,1,1,1,1,1,1,1,caa2740710954206f6a9bebdffa54773b9bc9d3977657974649179a6892a8879
721,564,1,SO-P0564-R01,1,1,1,1,1,1,1,1,1,1,f7118ea549d4c6530792c699b1168d0bdc551dde4db0da04501d0200b7fe7706
721,564,2,SO-P0564-R02,1,1,1,1,1,1,1,1,1,1,21f3e03b2d45a66488fe6f5990f66de4bcbeeed3b30ae3d3123262a0091c7eba
721,564,3,SO-P0564-R03,1,1,1,1,1,1,1,1,1,1,6961971f6bb9577874167dc522798ad32648cf05af71e18cd910058e1de56394
721,564,4,SO-P0564-R04,1,1,1,1,1,1,1,1,1,1,362a89e0b71ac91b20f1550f746ad7275756ca991d2ae73b51ba84e5a69a5003
721,564,5,SO-P0564-R05,1,1,1,1,1,1,1,1,1,1,c19858c32a3546de6e55ef204bf9ef55f556f3aa506e70e14474b20c8a426acc
722,565,1,SO-P0565-R01,1,1,1,1,1,1,1,1,1,1,33c6d6e240f6a364c248009666a484052dd8696f1d0ff01486d5559f9f326459
722,565,2,SO-P0565-R02,1,1,1,1,1,1,1,1,1,1,5bbc2b6882734d3e9570e72679bac3596c97fffd658f5cdd6c82ce6a87efd6ec
722,565,3,SO-P0565-R03,1,1,1,1,1,1,1,1,1,1,8e3a61f6ac815329546c3aaab09a64719a494af132cf60fed00b17a49763b44e
722,565,4,SO-P0565-R04,1,1,1,1,1,1,1,1,1,1,5ff58b85aad13b25bd31f2b0429bb4b4f07fb9ae5cbd368f76a49fe20806e2b4
722,565,5,SO-P0565-R05,1,1,1,1,1,1,1,1,1,1,c2559fcd38383463c53ba453618b911a436bbc0f0ad2423820171f611f3b3325
723,566,1,SO-P0566-R01,1,1,1,1,1,1,1,1,1,1,e67f7afbd756f0d7c288ac470b6030098e69e01e59f2753c04eb40653f6b84d4
723,566,2,SO-P0566-R02,1,1,1,1,1,1,1,1,1,1,8e5e55cf19e5ef1e877c2e7c2a028b7dd940592f7bd1f04e863770b1e3a42c2e
723,566,3,SO-P0566-R03,1,1,1,1,1,1,1,1,1,1,b18446af174455770976a37f141ccda48c7534276786ab99dbd64a760139240d
723,566,4,SO-P0566-R04,1,1,1,1,1,1,1,1,1,1,bc2103392fe83e275f07882ce2267bab41e981bae04c7378b9f6f1cfa1725d32
723,566,5,SO-P0566-R05,1,1,1,1,1,1,1,1,1,1,f82e8cf43aa70af541c75606b4e54575d0c55135f3f000986e47fedbf60189e6
724,567,1,SO-P0567-R01,1,1,1,1,1,1,1,1,1,1,d86d1fffd8864fd2248d4f52a08ec5c4e82ee07837fbd9c152be60d82c095c06
724,567,2,SO-P0567-R02,1,1,1,1,1,1,1,1,1,1,9a8604a83deb01960334843175fbc6393e89a454877db44fc38069acbabcd961
724,567,3,SO-P0567-R03,1,1,1,1,1,1,1,1,1,1,1f70588c9e8aa20a09378f7f5cb28817f3a5ab16b99a7acceeb5898b8e0745a6
724,567,4,SO-P0567-R04,1,1,1,1,1,1,1,1,1,1,1d4676a5203a6aea15a8d1b7fc097bc4b620700eec68811b9c3e355c82049649
724,567,5,SO-P0567-R05,1,1,1,1,1,1,1,1,1,1,a0bf472f81cdf2b8706bab24f1ce4f5dfee29c296f722d6536975cfdfb1c8849
725,568,1,SO-P0568-R01,1,1,1,1,1,1,1,1,1,1,94bfaf7e66d7f436c42caa37d682e484ecc87185ad751d7ee9fc129d429cad96
725,568,2,SO-P0568-R02,1,1,1,1,1,1,1,1,1,1,fb584e65862f1c3ceb5332ee1b23d57b64f673e859834d8a5d512462c13ee606
725,568,3,SO-P0568-R03,1,1,1,1,1,1,1,1,1,1,920edd37cfae3ea465fbf061d9dbfdec0f949fced9039f362618ae00133bc8ae
725,568,4,SO-P0568-R04,1,1,1,1,1,1,1,1,1,1,bcab1aaa617fec28caa28efaa15f1cb86c1e800c387e49ea48c90a653dcd8035
725,568,5,SO-P0568-R05,1,1,1,1,1,1,1,1,1,1,4e8863d99c49ec2deb9f52cfb7cab670b524e273b5c9f7b9a8db863243a7a08a
726,569,1,SO-P0569-R01,1,1,1,1,1,1,1,1,1,1,e7ee95227a41b98bffbc3c0625e23fcbc8c8179cbe2607d4d24377c525e70fd2
726,569,2,SO-P0569-R02,1,1,1,1,1,1,1,1,1,1,c60f666d12c195124784e9309653dbd5e1b8126b575548684c8f005b56a2569c
726,569,3,SO-P0569-R03,1,1,1,1,1,1,1,1,1,1,747c4a844d6087f54a44cc49a1c3c0bbd85b15846148aa26bb51696ecc038d9e
726,569,4,SO-P0569-R04,1,1,1,1,1,1,1,1,1,1,fca6058e8c931a8a921145432b97990a95b40c0a911f860be4263094c220cafa
726,569,5,SO-P0569-R05,1,1,1,1,1,1,1,1,1,1,f1c29b52ed21360245c1f63246076e3a17ec98db7842de2ae5873e146400fde6
727,570,1,SO-P0570-R01,1,1,1,1,1,1,1,1,1,1,fcdd95bb94193c825654b9e178cd1b459e49f4efa798692c3ad0b591b04abd0b
727,570,2,SO-P0570-R02,1,1,1,1,1,1,1,1,1,1,484dfd11088faa5759dbb91bb799347cfdfe2280130edf3252033859c8b20564
727,570,3,SO-P0570-R03,1,1,1,1,1,1,1,1,1,1,6248be9ed885a34ff8308def2d92dd954f144ea1c0ff197b39ff191f53dc75dd
727,570,4,SO-P0570-R04,1,1,1,1,1,1,1,1,1,1,48213512af53c4d0de7ccaaf69d9521ac50cbb20208feb799e331d292675caf4
727,570,5,SO-P0570-R05,1,1,1,1,1,1,1,1,1,1,9295578c0d2643cd443f66e6c244ef36bbd439ec9fdb6c1d6cd86effd74f1612
733,571,1,SO-P0571-R01,1,1,1,1,1,1,1,1,1,1,09f7bd387f4c235266e7caeb7207cc2c0ff6c59bcdc34199e784395dce5b6435
733,571,2,SO-P0571-R02,1,1,1,1,1,1,1,1,1,1,fbce504758b5962abe4aa1f7d8b517d2e27e145eecc38ee1e616a831c5ace36c
733,571,3,SO-P0571-R03,1,1,1,1,1,1,1,1,1,1,ee104b34ac4ffd53b6beebb488ba8878b61567f04ee45e82045b54dd52af58aa
733,571,4,SO-P0571-R04,1,1,1,1,1,1,1,1,1,1,5817265f97c297a4033ac382733b06084125f46c531b4d9b2cb1eb975c5bdeda
733,571,5,SO-P0571-R05,1,1,1,1,1,1,1,1,1,1,b366a4c2ac2c1c379035220442afca554f92b26894febcda04b6f20723dfe1fd
734,572,1,SO-P0572-R01,1,1,1,1,1,1,1,1,1,1,da85377ef878ca27e2995f6eb1de40bcfcb73dc1ad7611a34f8e96660dbcef9d
734,572,2,SO-P0572-R02,1,1,1,1,1,1,1,1,1,1,1a05fbc02a34cf1f1c04e1e48b1707a3bdb4bb0af7267f361184491a4faf1f27
734,572,3,SO-P0572-R03,1,1,1,1,1,1,1,1,1,1,3dc4a81a41b628aa9aad4c338c12eca3d4b6553748107cc063b9fbd10a809f7b
734,572,4,SO-P0572-R04,1,1,1,1,1,1,1,1,1,1,53ea90338c9ad43078efba341e70042c04411ab4ff9ad28dfb32b935e5624634
734,572,5,SO-P0572-R05,1,1,1,1,1,1,1,1,1,1,49ae6254b5b838fc5226a98859f42316af4e2cd15af8503bb6fb3b714810f9e1
735,573,1,SO-P0573-R01,1,1,1,1,1,1,1,1,1,1,75b9415f23aaad4fefdfa955eebd46fcaddb6b4d35a0070ead84e9dc1288edba
735,573,2,SO-P0573-R02,1,1,1,1,1,1,1,1,1,1,7be77626890c12c49e32bce5d0b0ca3b0b00f491e817b79bfcefe80a78f3e32f
735,573,3,SO-P0573-R03,1,1,1,1,1,1,1,1,1,1,3e08748b07d13635e1304acf721f76590769b9bfea2941cd8401e41e52b66628
735,573,4,SO-P0573-R04,1,1,1,1,1,1,1,1,1,1,3fd8cc4fad2e3396de16016aaf51a70f420eaf148d0c8a622de8cd5daade6b27
735,573,5,SO-P0573-R05,1,1,1,1,1,1,1,1,1,1,540cea1c09e52ee6a0afb0b08735132743308a51f7c9c55ed5d1c2516dc5e62a
736,574,1,SO-P0574-R01,1,1,1,1,1,1,1,1,1,1,8ea1c93d850834b6aa987630eca5b0a4a457a53961f19267e2314b2355fd4c98
736,574,2,SO-P0574-R02,1,1,1,1,1,1,1,1,1,1,eceaa46ecf10da9ef17f8b3702afaf83cd4bbf2059319692761c6ca5816f4e1f
736,574,3,SO-P0574-R03,1,1,1,1,1,1,1,1,1,1,80ee42590e8a01587b8546aaac3b1ee4edc7832030d479850cd460d2eeb7f149
736,574,4,SO-P0574-R04,1,1,1,1,1,1,1,1,1,1,962401de2a3bc1e1512fa82a747c6e5c714af08557faae4f0ede5374156db404
736,574,5,SO-P0574-R05,1,1,1,1,1,1,1,1,1,1,c11b07cbd02b4bc98f6e7f376c009f21baa44a30ae9db6c06394c91a6e58d528
737,575,1,SO-P0575-R01,1,1,1,1,1,1,1,1,1,1,e2b8121fd19898e1fd56c33bc7766134568b5950c95a50d5a554747dd71b7681
737,575,2,SO-P0575-R02,1,1,1,1,1,1,1,1,1,1,545715a656c3f950264f5bf93f6226721a02cdca4d5129f5857de570f7b7c5d8
737,575,3,SO-P0575-R03,1,1,1,1,1,1,1,1,1,1,9cf125fda51391b8856155938b8a170d8749fb321ea080ef3b798645f22c817e
737,575,4,SO-P0575-R04,1,1,1,1,1,1,1,1,1,1,d5023ee7db1b9553b161ffd1df86253388c015da8a4e94f5bdb0eedcc797806d
737,575,5,SO-P0575-R05,1,1,1,1,1,1,1,1,1,1,70a9b37b4c9c612d961c312643f6a9b01dbf4a078b61fc720edd3a406bb7e3d8
739,576,1,SO-P0576-R01,1,1,1,1,1,1,1,1,1,1,fa5a25782f032a0f0ce3a48fdde8d559e033226b7c130f6f9af56ed34bfed323
739,576,2,SO-P0576-R02,1,1,1,1,1,1,1,1,1,1,9bc8d840aa97dae605208b9a27eb36ec40dc9813f6ee6dd05848b739ecb8f575
739,576,3,SO-P0576-R03,1,1,1,1,1,1,1,1,1,1,0b22d4bd3b2b10a5cbc92c32b01d17652969e2722635f2a12a6e72a22f2ac3d5
739,576,4,SO-P0576-R04,1,1,1,1,1,1,1,1,1,1,364db70b9bf2fec8c6d0624082a8fbc198ff94bb1205ad58d35b1aac1eb70b3a
739,576,5,SO-P0576-R05,1,1,1,1,1,1,1,1,1,1,c30886edb576f74ef8dcbdf2c41f1bffcfd54cfc489c7dac77a4ce5fddb52b76
744,577,1,SO-P0577-R01,1,1,1,1,1,1,1,1,1,1,71f971208fcf2e08e3c1c6c4a128eaf0d26b315c0cae0fcd87af61df9024782f
744,577,2,SO-P0577-R02,1,1,1,1,1,1,1,1,1,1,a0cd3cfc7a165add1e32de69da3b2ebcf21c5a24d599a8565c8f55c0076ef869
744,577,3,SO-P0577-R03,1,1,1,1,1,1,1,1,1,1,df79f3be1ffdcd167e85b3524aa3a7b6e7a237f967d07a6d73ec7cba185339f4
744,577,4,SO-P0577-R04,1,1,1,1,1,1,1,1,1,1,ed1ec14e697b5a2525eb5931b2390272cf196c57de8e170dee8f8c99c7700bad
744,577,5,SO-P0577-R05,1,1,1,1,1,1,1,1,1,1,2a1d8becc79f5ab85b6bf88b152761bb003ea8c531396a2b5ab363a2da70ddee
745,578,1,SO-P0578-R01,1,1,1,1,1,1,1,1,1,1,24fb4b58481e2b0e2ebe6a9495c9db05c920c7c9ec475456b50e7b41c7b91877
745,578,2,SO-P0578-R02,1,1,1,1,1,1,1,1,1,1,6ce2164c8cd71e75989c1cd7a0dcbbbaa1884968b8d5802000dd35b55efde920
745,578,3,SO-P0578-R03,1,1,1,1,1,1,1,1,1,1,8cf84be434c1fc0433ce80384667ce6dc4555dc660f8bf9138f881c4932d9547
745,578,4,SO-P0578-R04,1,1,1,1,1,1,1,1,1,1,fbdae4270ccef872aec4aa756731fb342afb93516f266af117d15b92b1673a16
745,578,5,SO-P0578-R05,1,1,1,1,1,1,1,1,1,1,146e1b7cae7b0abfdb4b0b69e642b76cbe57135c277aa20642323f1180720c11
746,579,1,SO-P0579-R01,1,1,1,1,1,1,1,1,1,1,c0682674eb31c150a8da6357bc074d6db993f1acbd6b33134819f69fcd233e8f
746,579,2,SO-P0579-R02,1,1,1,1,1,1,1,1,1,1,3e7a1b99b5762ebd59be76ba5f454072be4bd74e619462bc9e99fc3d9998d7ee
746,579,3,SO-P0579-R03,1,1,1,1,1,1,1,1,1,1,e66361e46312962ef5513d217a7b92e0df49d7150853dfb888b6627f9f0e24dc
746,579,4,SO-P0579-R04,1,1,1,1,1,1,1,1,1,1,13139314b0281ffe2780f195ac57c384495055facf306d3337c4e10d8feff873
746,579,5,SO-P0579-R05,1,1,1,1,1,1,1,1,1,1,d09eed62e384ad8e73845c8765a3702f1c1d9572958d46c967c9e2dd24dd01e9
747,580,1,SO-P0580-R01,1,1,1,1,1,1,1,1,1,1,8c5b78beeff2fb1c5919789dbb05f1733ebd31045f08800087ed1f3db909c95d
747,580,2,SO-P0580-R02,1,1,1,1,1,1,1,1,1,1,4198571dfe4455026b7a19cb8611804cce44328b9d8e1a7c774e84e10d89c31d
747,580,3,SO-P0580-R03,1,1,1,1,1,1,1,1,1,1,dfd7fa84ec28216fe6b49d1d2141db44b99b7348ad645a335955f3b9bee57a1b
747,580,4,SO-P0580-R04,1,1,1,1,1,1,1,1,1,1,18f32c1ff9e824e01591877dfa5cbec47df5deb4becad74ba2c9b68b15006711
747,580,5,SO-P0580-R05,1,1,1,1,1,1,1,1,1,1,d55ba2239972ba516a2af4dfb10306b18aa698aadcd1317b333b562af9bce92b
748,581,1,SO-P0581-R01,1,1,1,1,1,1,1,1,1,1,fb541dbf6ed2ef76ec0773e85f75321e3ec21d068aba8df4757578ff5a638a35
748,581,2,SO-P0581-R02,1,1,1,1,1,1,1,1,1,1,992a6e46efd267a4ce2802a46762ed6e4bda831383efbbac3c105e1b03eb6ec6
748,581,3,SO-P0581-R03,1,1,1,1,1,1,1,1,1,1,4430d62bfffddd904a3788bd41feeb1ba2f1af75617076e09bab918b96c0e987
748,581,4,SO-P0581-R04,1,1,1,1,1,1,1,1,1,1,f2d38204d22193fc537efb3e63bfd9b8fa481ae154aec59fb52ab1c9f7644852
748,581,5,SO-P0581-R05,1,1,1,1,1,1,1,1,1,1,75045883cbc35b3d1d62a8dd10c23f8cf1e4fe1f623f73590d3e381fe29b1ade
749,582,1,SO-P0582-R01,1,1,1,1,1,1,1,1,1,1,be94ba61811672ed2e33eca59ebabc701f87cd14800da6e451a30fc5ba163279
749,582,2,SO-P0582-R02,1,1,1,1,1,1,1,1,1,1,514642d9c59ac2ec257a0eb9da40ec9bec88541b09541b8d81d6597adaaac06b
749,582,3,SO-P0582-R03,1,1,1,1,1,1,1,1,1,1,5b17d29c021032f6e0fd3312e116d859031a89fd16dc17a24b349b0c2a74a61f
749,582,4,SO-P0582-R04,1,1,1,1,1,1,1,1,1,1,2c8b627382c4139381973b8929bb1c86fc982c79d6d8e586594c9c5491773132
749,582,5,SO-P0582-R05,1,1,1,1,1,1,1,1,1,1,0849dc87d5f8655ac38e2e40f0a0c1923125117ed832d88cfde355684f3e6f14
750,583,1,SO-P0583-R01,1,1,1,1,1,1,1,1,1,1,3ea4f41efc18019d50dad12a55b899964a9630bb04ddc35c5742782ebe14b696
750,583,2,SO-P0583-R02,1,1,1,1,1,1,1,1,1,1,b8e640ce487b8f8b71eb4e7c148294ae487c362997d382073badccd9a3c55b83
750,583,3,SO-P0583-R03,1,1,1,1,1,1,1,1,1,1,a809ea8d65667f4366a4858f3515cde9c609fb786c85703a9c5076ba3cbb5e23
750,583,4,SO-P0583-R04,1,1,1,1,1,1,1,1,1,1,98bc3082cb682f6c7900ba907823ede8bb8d183a456d0ea771f323946281044c
750,583,5,SO-P0583-R05,1,1,1,1,1,1,1,1,1,1,7b57f1e5394b60507c313adae53d536cb3a0ca8500b3886b64ad709259877be3
751,584,1,SO-P0584-R01,1,1,1,1,1,1,1,1,1,1,43ad2b6fa83d74d4906ae1f860ca6357fc1346e0e0ae765bc33992750c12be8a
751,584,2,SO-P0584-R02,1,1,1,1,1,1,1,1,1,1,21502ad9cf1762a609050171ca5f2da615831d7e12a02ed833b0015818f89ce1
751,584,3,SO-P0584-R03,1,1,1,1,1,1,1,1,1,1,8e2768b27b186acccf0c74e395ba1681223e91a5d827fb46071ba28ac1d52c6d
751,584,4,SO-P0584-R04,1,1,1,1,1,1,1,1,1,1,b4f6f1b0cda2ab4ae59851a92f1af1f12ad3d725e612c2143eb66f5bb4d93d2d
751,584,5,SO-P0584-R05,1,1,1,1,1,1,1,1,1,1,a86b236863f8850f4bbfb7b9b2cdf44021a81449108d9f0d9b89a39c5ca5835f
752,585,1,SO-P0585-R01,1,1,1,1,1,1,1,1,1,1,24d8f162be3dac7f34114756b1f5e4cbf428f7bac7b736184e870dcc8fac43a4
752,585,2,SO-P0585-R02,1,1,1,1,1,1,1,1,1,1,95e540a288498c193e05575924b731e3afba0d7d70b79e691ae6fa1e29a8963b
752,585,3,SO-P0585-R03,1,1,1,1,1,1,1,1,1,1,6423085541f670ac2217df325d34505bd4cf1d1009a5b605a37030fb251deb11
752,585,4,SO-P0585-R04,1,1,1,1,1,1,1,1,1,1,a428bb0a408ae409895e87a406345dc2da9fd8e35ec0d815a095e26327009381
752,585,5,SO-P0585-R05,1,1,1,1,1,1,1,1,1,1,4f10e555563c207138704ddaf3221058c51fc49ee1bcdfbbecf113c6b049f48a
753,586,1,SO-P0586-R01,1,1,1,1,1,1,1,1,1,1,44003cb4de736269b3113600008f5d41f80b46b74a653dc21031eb6401f8986b
753,586,2,SO-P0586-R02,1,1,1,1,1,1,1,1,1,1,d4e797778724fbb349eb43939099241e78f065d930b56e0b1f7f2fb6e3d62290
753,586,3,SO-P0586-R03,1,1,1,1,1,1,1,1,1,1,d4aacd3891af1cacba06b5334010e919f10f86cc2f433b7085f8eac0d6544005
753,586,4,SO-P0586-R04,1,1,1,1,1,1,1,1,1,1,aea3ecfaa06ac1cf0cea3fd845707b8ebb5634041a6c96ec6ba023670bc9c980
753,586,5,SO-P0586-R05,1,1,1,1,1,1,1,1,1,1,12773e20d325b465b59168151935d36c749d78eb169cb8dacfa142e6fa47519c
754,587,1,SO-P0587-R01,1,1,1,1,1,1,1,1,1,1,e1bb34d45769ff73ef5d0cd81b9916112e7ae8fff40362d5e31cc64f4e656aa7
754,587,2,SO-P0587-R02,1,1,1,1,1,1,1,1,1,1,86002f0bb11ae6f60fa246a9bff06a1e58cb20e290d690f65e7f481ac9223e14
754,587,3,SO-P0587-R03,1,1,1,1,1,1,1,1,1,1,98c330bd6db6016f736c168204d7cbb57c8f062bbc142464ce5dde42f05df256
754,587,4,SO-P0587-R04,1,1,1,1,1,1,1,1,1,1,4851709610e3266d4327d7e23347bd6aa0cf949565b45c812517e62f0d535d6f
754,587,5,SO-P0587-R05,1,1,1,1,1,1,1,1,1,1,357a158f83ab1dbad9d831e05a12761214388822188518b03e3a4fbb30a3b10f
755,588,1,SO-P0588-R01,1,1,1,1,1,1,1,1,1,1,464fb240480f26e2d866972cf1411ed2d20c8166d029c596dd0d64d60665fe02
755,588,2,SO-P0588-R02,1,1,1,1,1,1,1,1,1,1,629c33f49a340b478661d0f9fec6e8849eb248e12a915435ab782690c50cc040
755,588,3,SO-P0588-R03,1,1,1,1,1,1,1,1,1,1,b58f032134664f1b1bb122b7b0c0a016402c1b6761c963e974109ce4b485c1f1
755,588,4,SO-P0588-R04,1,1,1,1,1,1,1,1,1,1,c03d2a04ab935e1ee5a131b8f07a48f583311076ff35d76b1f415379daabf26a
755,588,5,SO-P0588-R05,1,1,1,1,1,1,1,1,1,1,80a74f7b6c176958c38512c47fe58f83bbb8e8e5a2cf7054787c78b21efb96a5
756,589,1,SO-P0589-R01,1,1,1,1,1,1,1,1,1,1,3fe04cad648c1c3ed2345148554f4c872362b6bd8562b7d7aebc1b5905ef40f8
756,589,2,SO-P0589-R02,1,1,1,1,1,1,1,1,1,1,c760ca3ccd2352bf0f82650d049f162f22a5b03c2e7ac6827e4a938e380d1f46
756,589,3,SO-P0589-R03,1,1,1,1,1,1,1,1,1,1,c20afa226a8a55a89e7bf3ebaed90b48efc9df14800789223617296781ba117e
756,589,4,SO-P0589-R04,1,1,1,1,1,1,1,1,1,1,3d4d1713ffc96ce0a961cf791ea0f135908bb337a2dd5007682ae67b139f861e
756,589,5,SO-P0589-R05,1,1,1,1,1,1,1,1,1,1,0538b1d6198dcabd1341c9abf2d81d962aea273906b33329ee292a8619855a6b
757,590,1,SO-P0590-R01,1,1,1,1,1,1,1,1,1,1,402b785fa73ac502c4958ba1e00d7a9f6e301d096415ba00a9c286b905a91bfe
757,590,2,SO-P0590-R02,1,1,1,1,1,1,1,1,1,1,75efd9a2038a9fff1b9cace0402a170b95027688c676d1aad3bb54f8b0747c57
757,590,3,SO-P0590-R03,1,1,1,1,1,1,1,1,1,1,0c5411610ccbf15141d30ed20e2f2aa06f66e41e12b80a9a084fbbca3f638ddc
757,590,4,SO-P0590-R04,1,1,1,1,1,1,1,1,1,1,42a1721e025d3123f19af09a51fa80819622832324d83c0534abc517f3301ee5
757,590,5,SO-P0590-R05,1,1,1,1,1,1,1,1,1,1,478e3d529389e4afea7a76826a7a0617951f54cbfeea3e55deaa33338942f364
758,591,1,SO-P0591-R01,1,1,1,1,1,1,1,1,1,1,9cb49996a3b48c0297c725cc500c613cdcddbf59e3e064fe8da84b36d4831db1
758,591,2,SO-P0591-R02,1,1,1,1,1,1,1,1,1,1,680111ca8e85ec1d1b39ad788d906c06e3f7d1137cb3128ac223dc333b8395b4
758,591,3,SO-P0591-R03,1,1,1,1,1,1,1,1,1,1,e88fc3fe6889dcb68b2539a5415f585b531eb81355edeff6383d37d43f512452
758,591,4,SO-P0591-R04,1,1,1,1,1,1,1,1,1,1,e321f6ec8b620450ccffb10f86a73ce75e55f09cdc0514fc03289f2a3e26fa56
758,591,5,SO-P0591-R05,1,1,1,1,1,1,1,1,1,1,eecdb572aa976691ecf6449be24c22cec6dd7fe83d7f6139d03b22682f4d770b
759,592,1,SO-P0592-R01,1,1,1,1,1,1,1,1,1,1,6d1ddd48057fb6d2215582d0990d26b914cb6171c4d67ce47cd7c0bc1569965e
759,592,2,SO-P0592-R02,1,1,1,1,1,1,1,1,1,1,7a4c625ab2cb61823cea6767ad4544595d26f3295e19fe8998366d324f8de1fd
759,592,3,SO-P0592-R03,1,1,1,1,1,1,1,1,1,1,17ec6e6aa2cb76869755f147bd0fa27c04b882e4a414fdbfea2afc88561d8e4b
759,592,4,SO-P0592-R04,1,1,1,1,1,1,1,1,1,1,351288eed9f1e64101c2020d1ac543146f1380e4ec530847f56941fd731bb96c
759,592,5,SO-P0592-R05,1,1,1,1,1,1,1,1,1,1,f8476596a183422ba96dc520f6cc54a1253444a14d38b66ac548a02a2cb7a330
760,593,1,SO-P0593-R01,1,1,1,1,1,1,1,1,1,1,483705cba9e7c2d3e406a5064213401383d22de2d82b73ae951dd192bd2ad820
760,593,2,SO-P0593-R02,1,1,1,1,1,1,1,1,1,1,d895ed1b3c72efe7a743e777f0c0477ef13a8241e5bc50edfa17d053363628d4
760,593,3,SO-P0593-R03,1,1,1,1,1,1,1,1,1,1,0bbd9497758508a63d5650297409dca50ca00ce3dc10e475d2b6a4da9088b992
760,593,4,SO-P0593-R04,1,1,1,1,1,1,1,1,1,1,a09314f62943f9660358f9e78769b0de2a4845e85c19312b91b70e428d4df896
760,593,5,SO-P0593-R05,1,1,1,1,1,1,1,1,1,1,c18277bef77359162775ccf728e7e559a5f87f029496f2a6d3fada43e9d45462
761,594,1,SO-P0594-R01,1,1,1,1,1,1,1,1,1,1,6a657d47991df4b13f5ee65863ffea36801cb85cbc216736fce7d42424a9f2c7
761,594,2,SO-P0594-R02,1,1,1,1,1,1,1,1,1,1,e87d8a4556a8f88e5207245272ac639c48395dd358de629ed36eec34ccea72dd
761,594,3,SO-P0594-R03,1,1,1,1,1,1,1,1,1,1,f2fdf223e25d24ea946a7cd60f862450731fedd090ca4986489ba3fc2084b657
761,594,4,SO-P0594-R04,1,1,1,1,1,1,1,1,1,1,db170d26d26097a528f65c9ae56c8cf90a4b508f5491ec461ffed3db049d443f
761,594,5,SO-P0594-R05,1,1,1,1,1,1,1,1,1,1,839f6c0b8492a5aa4c6e1b4c1ab55e402053b4fe8cda6e14cdb99d573ea79012
762,595,1,SO-P0595-R01,1,1,1,1,1,1,1,1,1,1,7d51ad762568e8e2c328a4db8bc2ed9416f03bd0567273661925dab545bbbfd9
762,595,2,SO-P0595-R02,1,1,1,1,1,1,1,1,1,1,3a71bc219caf5edaf6dda4f3cd8f07ffe90654ac67fdea67edf4ad7c2ae714f8
762,595,3,SO-P0595-R03,1,1,1,1,1,1,1,1,1,1,059a770c81684fc3d2fb5d468d2cc9379bf4cc06f846923304e9bb6637bb84dc
762,595,4,SO-P0595-R04,1,1,1,1,1,1,1,1,1,1,66619045a9f01f00acda7905de768abdb0d1cfbc5d5c6d61c3a68afc1ea57031
762,595,5,SO-P0595-R05,1,1,1,1,1,1,1,1,1,1,66a7981edbc0bacc13465b4c230921a1c4607c24bc74ff2f028c8b71dd9699dc
763,596,1,SO-P0596-R01,1,1,1,1,1,1,1,1,1,1,81557611d273e036cc6b01f3a2716fd8ba751daba862a6a686e8b2e8793de86b
763,596,2,SO-P0596-R02,1,1,1,1,1,1,1,1,1,1,c0936aba765df69405698ac6023e07a78dadeae7cf201afe967b5dd59b5aabe9
763,596,3,SO-P0596-R03,1,1,1,1,1,1,1,1,1,1,3966cde7aacb146475da8ec43aa3384da45332170d7545b6514f81597d047e2a
763,596,4,SO-P0596-R04,1,1,1,1,1,1,1,1,1,1,85ff58c65b6cd041f08393411a61727379d1931d3deec3eb8b724024cfe6ae33
763,596,5,SO-P0596-R05,1,1,1,1,1,1,1,1,1,1,aa2293642b976c164672a5a1ef514f3a43ffc7e78e56adf2017662c65749e736
764,597,1,SO-P0597-R01,1,1,1,1,1,1,1,1,1,1,0620c1f036f8864e1a34963e04ee568d585634689575aa004c658787157d737a
764,597,2,SO-P0597-R02,1,1,1,1,1,1,1,1,1,1,96ac2305d8e15ebb71bc15c4df9e857752166f515a9cb16e2e4729494196b954
764,597,3,SO-P0597-R03,1,1,1,1,1,1,1,1,1,1,f84bc722599b4f87506949b1d9aa6a70a25be1aeaa0dfc040be63889c4d16b2d
764,597,4,SO-P0597-R04,1,1,1,1,1,1,1,1,1,1,ffe17cccdb3733093bd1888113796c9f97ca1906021558d24118423d7bf31de9
764,597,5,SO-P0597-R05,1,1,1,1,1,1,1,1,1,1,8af4adecb7886aa08ef0d95a35e5867a2016237cd060374b62f9dd265945ede6
765,598,1,SO-P0598-R01,1,1,1,1,1,1,1,1,1,1,285bcc058b8ecef55b4a44c988e073bc13db6e01f79132b1b762b1a45e999f92
765,598,2,SO-P0598-R02,1,1,1,1,1,1,1,1,1,1,9319355b2b774a8cbe7c457877c520cbac6a36e89fa8b2783dda1a725929e55a
765,598,3,SO-P0598-R03,1,1,1,1,1,1,1,1,1,1,65311eb2be9a3cb7ff7bbdc7d92cae94c712420936a223d74fdaea1983661b6d
765,598,4,SO-P0598-R04,1,1,1,1,1,1,1,1,1,1,a0754156c00bf7509cdf6dbb2e38f974a59b08235deda68c69432d364eb6c0e9
765,598,5,SO-P0598-R05,1,1,1,1,1,1,1,1,1,1,6f761feafb0e2e343c71867152e6ac432b603c9138f4fcb1d282e6729f8eff87
766,599,1,SO-P0599-R01,1,1,1,1,1,1,1,1,1,1,f53292a98553bc20e49011a8ebd048e903371af86a53747fc4132df3939e225a
766,599,2,SO-P0599-R02,1,1,1,1,1,1,1,1,1,1,4b100422d25f49d6cdab8bfa2364db27251bfae5e7b580d936f5dd050b296d1e
766,599,3,SO-P0599-R03,1,1,1,1,1,1,1,1,1,1,d5dbb0ca15f47697a74336ade43f79ad959b96e67d8088778f2fed2c516b5a25
766,599,4,SO-P0599-R04,1,1,1,1,1,1,1,1,1,1,f0d1b2829a1202f1ff94344fc9e544e412658d465b2b3e679f9f9dbcf385e415
766,599,5,SO-P0599-R05,1,1,1,1,1,1,1,1,1,1,1f994614e2869cd00df703e0824a2f0e36758d0d6b63bc8d9641b26d9ca2ca1f
775,600,1,SO-P0600-R01,1,1,1,1,1,1,1,1,1,1,73573ba70bc284b7eb568ebcec1afb0a3e44f9cf46a3800479097f3b9c8b59dd
775,600,2,SO-P0600-R02,1,1,1,1,1,1,1,1,1,1,6bef89390f74a8bf586eb09fa569afdf08e11248593053b4e9880640b6d33f0d
775,600,3,SO-P0600-R03,1,1,1,1,1,1,1,1,1,1,6c524f03d69a2fc409952d67684e6d312e94cc3b5038a0c7dee94c20e4370b7b
775,600,4,SO-P0600-R04,1,1,1,1,1,1,1,1,1,1,848ef382abe9f94501a0813564406f3bc94ac312d95a450d7f2aa7a9c42c03f7
775,600,5,SO-P0600-R05,1,1,1,1,1,1,1,1,1,1,4c4e79ae0a6f29f5054ccfec08b2a831a265366b63d77cac1d3edaaed1821567
776,601,1,SO-P0601-R01,1,1,1,1,1,1,1,1,1,1,7c80c7f57a0f43060827d9f9112087a019d996d564a1190793a93189c5bfc388
776,601,2,SO-P0601-R02,1,1,1,1,1,1,1,1,1,1,51a08e1387f377bb15b74dabc3d70569a172498b29f2c67504d056fdb63a12ab
776,601,3,SO-P0601-R03,1,1,1,1,1,1,1,1,1,1,7c54e7182dd6e3b104e9e2c2ee4cbb2836dddce9ab41064cca060266bba79b21
776,601,4,SO-P0601-R04,1,1,1,1,1,1,1,1,1,1,7b236bf19f0b6004cd97c36b07965717da018005b297d0416f4f5ba14018ff8f
776,601,5,SO-P0601-R05,1,1,1,1,1,1,1,1,1,1,5b498fcc8101cefd9056b78aa73a2b6de4c5075f0c8c74aea1296e181d412a01
777,602,1,SO-P0602-R01,1,1,1,1,1,1,1,1,1,1,ddc67abae1da21ba47d20a202fe9c3dee40b0edf1cba7599efe01e0d7207b039
777,602,2,SO-P0602-R02,1,1,1,1,1,1,1,1,1,1,defd81b75c695898f808b51de64f5a1fbc72d05ddd3b19327be5d5df7ed1314a
777,602,3,SO-P0602-R03,1,1,1,1,1,1,1,1,1,1,ba4797d79ae10aafb60d9a2fb0fde8718c8a87e8266fab5d32f0da85b8fcd5de
777,602,4,SO-P0602-R04,1,1,1,1,1,1,1,1,1,1,945dae7740f09792e974056537ad6d74afc25db65427983c214947ea4d446a9b
777,602,5,SO-P0602-R05,1,1,1,1,1,1,1,1,1,1,d73df927ac366e5f8a5d2c2678b5ed813f20c33b4fb87bb99377363f65910dd8
778,603,1,SO-P0603-R01,1,1,1,1,1,1,1,1,1,1,8250ad863084da0b50b2dbf0ac0fadd78b841f6caec3d0317c36c078fa439784
778,603,2,SO-P0603-R02,1,1,1,1,1,1,1,1,1,1,9d1503828808b95f66fe58af3b9c5cedbdee02f6dad67f203e3f9191717e3fbd
778,603,3,SO-P0603-R03,1,1,1,1,1,1,1,1,1,1,3c8db0629891357fbb66525bbc5fd2a9c544f6047143f8c8abac963493e7d4ed
778,603,4,SO-P0603-R04,1,1,1,1,1,1,1,1,1,1,905a636e1313400c0bf5f8a2d489daa639270dba890ab5fdd2f4e2f4e585da24
778,603,5,SO-P0603-R05,1,1,1,1,1,1,1,1,1,1,015acff586687678958ce36e5bdbbfad72e95a0cc047407ce1c7aa38a7c60300
779,604,1,SO-P0604-R01,1,1,1,1,1,1,1,1,1,1,13ffb7b09479acd346a097e9223ba3dd9e9a42ae8f45cf00981e24bbbd4805f6
779,604,2,SO-P0604-R02,1,1,1,1,1,1,1,1,1,1,d321d74b7ddb048436a32501711c18008ee2b53d276412890e118a26df798b15
779,604,3,SO-P0604-R03,1,1,1,1,1,1,1,1,1,1,a7e2f79f8361ccc0c306dcfec2e3f5bc5bad98357bd612802132c7a9a215a6a3
779,604,4,SO-P0604-R04,1,1,1,1,1,1,1,1,1,1,056026dd264cf9eaa90fb07b46d30e190183d247249c411669c54adcfbad7e9a
779,604,5,SO-P0604-R05,1,1,1,1,1,1,1,1,1,1,b72a96faf65a80168dab471340e7bb08831565a2ccad482c042085d9b72c83c2
780,605,1,SO-P0605-R01,1,1,1,1,1,1,1,1,1,1,e26324d234e7a8690d75faa06a662d953bb94b945ab08dc5825025d42afbdc11
780,605,2,SO-P0605-R02,1,1,1,1,1,1,1,1,1,1,5fb66e3671e97f423544ac513d56a466beaa47efa69f53d25948bcac7e1d8823
780,605,3,SO-P0605-R03,1,1,1,1,1,1,1,1,1,1,50e36c494582fc54e7311db2060c845b81f7ac56ae9d3eb3a99fd9d30c1c5815
780,605,4,SO-P0605-R04,1,1,1,1,1,1,1,1,1,1,85dd9f4cdc6d39d3fb98fe4cf302247f695d052fad633190d9c841af44dd1332
780,605,5,SO-P0605-R05,1,1,1,1,1,1,1,1,1,1,a33340f703c4b5fab8115983268f3c9d199b824f93cc825ff2fbe196b12f828e
781,606,1,SO-P0606-R01,1,1,1,1,1,1,1,1,1,1,3c25919fefdfdc0400e2ef1ff127897a5ec000661da3cd93f5a0f5da55c4acae
781,606,2,SO-P0606-R02,1,1,1,1,1,1,1,1,1,1,f5a468276e3cd89284d49242d10564610ea26b58a2bb26c9c21333b3da2eeb19
781,606,3,SO-P0606-R03,1,1,1,1,1,1,1,1,1,1,1f5c5be4d1d711c89bcd2ad2652eb233bfca5efe5d295d1dbb230ff0a196c658
781,606,4,SO-P0606-R04,1,1,1,1,1,1,1,1,1,1,649393041a1bd57adbcbd8ff41d7349515a21174f5f02a7178b86fe1c9defd21
781,606,5,SO-P0606-R05,1,1,1,1,1,1,1,1,1,1,b0f5833665d9feeb7714aae60dc61731d72f0d7e2122c3b40503342950183972
782,607,1,SO-P0607-R01,1,1,1,1,1,1,1,1,1,1,ad4db4d55a569788fece0bf0b52a8d8461ef8dbe84fdd715aed7d11f107e0c64
782,607,2,SO-P0607-R02,1,1,1,1,1,1,1,1,1,1,e6de2acf05b150b93a0235e6fb4aee2f774787a55bc9e9837d25facaf4ba3795
782,607,3,SO-P0607-R03,1,1,1,1,1,1,1,1,1,1,932d7b4dc5b25f4ad4a82bd25c212ed7cb0b7297a7eb22a65a104c0616363656
782,607,4,SO-P0607-R04,1,1,1,1,1,1,1,1,1,1,8f3555150d68dbb6437040495e4b31fb15bc8f19365a592bff6df46258c65dc9
782,607,5,SO-P0607-R05,1,1,1,1,1,1,1,1,1,1,fc86dec22990bda1de79a79f4c83e8bb6cd0232bb278d4b84c52bfe3f8e8bcab
783,608,1,SO-P0608-R01,1,1,1,1,1,1,1,1,1,1,80494b7e7385fde511961ab57c4cef072480c6c7c6a54971c928b81c556c197c
783,608,2,SO-P0608-R02,1,1,1,1,1,1,1,1,1,1,29fcdb165d4ca30f4164e96e0db2f22e637091ec3bde2bea840ff6f350efb335
783,608,3,SO-P0608-R03,1,1,1,1,1,1,1,1,1,1,6d9859728375ef2af9e04c9cb0a18bd01fe813df4928ddfc4e459e4823bfe4fb
783,608,4,SO-P0608-R04,1,1,1,1,1,1,1,1,1,1,2c57f532bc98aaa644db23fceb61e5dbce35ad1468e2c3f6ab8800db482acdd7
783,608,5,SO-P0608-R05,1,1,1,1,1,1,1,1,1,1,f8d0e3a37548dbdf6bca8df6fa9e69f9056f63f1a23b7130fe44f23f58ea118b
784,609,1,SO-P0609-R01,1,1,1,1,1,1,1,1,1,1,616797b39841d9312faa26ab4b1840d3f6d77fd6440eeb6d8b76a238547397c1
784,609,2,SO-P0609-R02,1,1,1,1,1,1,1,1,1,1,c30a01ab2d8c851f700a8cd9d77220019eddc728f9248d1759b6e4704ac1f39a
784,609,3,SO-P0609-R03,1,1,1,1,1,1,1,1,1,1,0878489c5fb722329032e511a3376871c7fa0b73c8c2f9eb5f717a659704f0ed
784,609,4,SO-P0609-R04,1,1,1,1,1,1,1,1,1,1,35b5bbb74915cc8d6cf7eda7b260666e2cdc0a92ccc5a120afac00b6f1dba068
784,609,5,SO-P0609-R05,1,1,1,1,1,1,1,1,1,1,957de46ad6a2ef8c991bf7f679a8ab5ac0b907d7d090e455d2282bf1fb1584d9
790,610,1,SO-P0610-R01,1,1,1,1,1,1,1,1,1,1,8d1bea4ad1888a72e99786a1d3e022e2f7668af8dc9d42dae3718ca35ca29946
790,610,2,SO-P0610-R02,1,1,1,1,1,1,1,1,1,1,820a8e9499956575a252ab5609f64eda7d91533ca37093f0876778f6bcf50e06
790,610,3,SO-P0610-R03,1,1,1,1,1,1,1,1,1,1,52196193719e450b1c52ff8f61467a55f0e96b1a86a8a77976955d7f344d7d9b
790,610,4,SO-P0610-R04,1,1,1,1,1,1,1,1,1,1,1731453c6ef577ec83e0912b078325bab3602f74e1231c5b4cb876578613a9fa
790,610,5,SO-P0610-R05,1,1,1,1,1,1,1,1,1,1,d949e4f96018b903617ad54c0717787b0194087f19aa34521af3a05bdde82624
792,611,1,SO-P0611-R01,1,1,1,1,1,1,1,1,1,1,dfc8945c7c391ae11733de5b647d45ed19959c37b8559a41054482083a588861
792,611,2,SO-P0611-R02,1,1,1,1,1,1,1,1,1,1,792b5b36813dba45be8b0fedc2996b4535766866ca19633c0848ca3f53fa53c5
792,611,3,SO-P0611-R03,1,1,1,1,1,1,1,1,1,1,8fd9d06474a738c7da0a2d3d5ce6099b9189e9202581eca269f1f7ea0b6bc869
792,611,4,SO-P0611-R04,1,1,1,1,1,1,1,1,1,1,eeb9acff35937975836dc55caedba4c2b2b807d544991c9ee91ac9e1d3f4f168
792,611,5,SO-P0611-R05,1,1,1,1,1,1,1,1,1,1,4094b16ad38ed94ad10c90e4ac1f15a24751feddf1d5c88e26a5282cba4fa7f1
793,612,1,SO-P0612-R01,1,1,1,1,1,1,1,1,1,1,f3031990486d9f4082c74ab0a76361c48ade1a6e47fb83135ef587caec4225e1
793,612,2,SO-P0612-R02,1,1,1,1,1,1,1,1,1,1,3f0b9c4fe1e8964853728190de472bf535a48bb82e1680862e6c1d0d935cbae1
793,612,3,SO-P0612-R03,1,1,1,1,1,1,1,1,1,1,0c851e92267bf22188995f7a46f0bc8cd684d5ec019b36e916d54f6675dc1c2d
793,612,4,SO-P0612-R04,1,1,1,1,1,1,1,1,1,1,0e0ba3ce4957674921775216948b4ed1a70767c30aa6d1276d597d1b16fd7246
793,612,5,SO-P0612-R05,1,1,1,1,1,1,1,1,1,1,030368678f130f2d095d91ead463092b3976fee2125baeb241c2652ec9d4702a
794,613,1,SO-P0613-R01,1,1,1,1,1,1,1,1,1,1,8552a4b67ef9714bbeadbc4b46cea6735b8ba4bd54ad3e6ef6cba9605c6deb1b
794,613,2,SO-P0613-R02,1,1,1,1,1,1,1,1,1,1,6c404a9135343af150fef65ceac93f41d28d8bfe77ca3cd4d5dca4655e3fadb0
794,613,3,SO-P0613-R03,1,1,1,1,1,1,1,1,1,1,b6af316648d1d7e593da34fb5a4e0403db77c09d2aca1272e68bec910c9ba269
794,613,4,SO-P0613-R04,1,1,1,1,1,1,1,1,1,1,210a8b58e4e781afa72f20d0667332ef712bc019c591c1abafbf039f1560f46d
794,613,5,SO-P0613-R05,1,1,1,1,1,1,1,1,1,1,4d1359ced26bd2dbdf90ff4840f26e484ea146897b093c7e1657fb1c0f49002a
799,614,1,SO-P0614-R01,1,1,1,1,1,1,1,1,1,1,26f40c8dfbaa7af63183f38e85e967f957ae9ff03e1f00a319ea893f5a288463
799,614,2,SO-P0614-R02,1,1,1,1,1,1,1,1,1,1,a7e1d1f69df45201b8bb03c50a78e49efe5f34aa5d2030014cc3a3fba1744ca6
799,614,3,SO-P0614-R03,1,1,1,1,1,1,1,1,1,1,14cf7f4a659bbc0beda64149c19fd9eb5ce3b42f51c5904b5905370c0f2266b3
799,614,4,SO-P0614-R04,1,1,1,1,1,1,1,1,1,1,247bb55edcb85d51df02120f2b0a591461a310ccd3425642d3b274be03902f12
799,614,5,SO-P0614-R05,1,1,1,1,1,1,1,1,1,1,acb4e25ca75477ed38586d2e51c96614e3a731b444465a7cf0eca1c5e462192e
800,615,1,SO-P0615-R01,1,1,1,1,1,1,1,1,1,1,65ed0130ce2c2d95c743ab66bdc757a88f94411547d5c7f7f22979e590876c83
800,615,2,SO-P0615-R02,1,1,1,1,1,1,1,1,1,1,553fd46e6b31f8f36061eb5b84c247dc529c7dccd2595ddc63bb130fadf7331d
800,615,3,SO-P0615-R03,1,1,1,1,1,1,1,1,1,1,c9ee5e15dee4a689593b6c41ca5d19930258dbc4c4d1fc6f4f0c2c9929e6f989
800,615,4,SO-P0615-R04,1,1,1,1,1,1,1,1,1,1,85c44613e889d91ac6f157cbf7f2c991e5403eaf41b6c5016237f7e1b249b43a
800,615,5,SO-P0615-R05,1,1,1,1,1,1,1,1,1,1,9111d0d05cebc6d3bb3fc8f50b50c0433d638e7903b202246374fb64b7d5a552
801,616,1,SO-P0616-R01,1,1,1,1,1,1,1,1,1,1,e65540b0f082e186247746fc02ca09225e2501312526a0bd8ca7d863890ab332
801,616,2,SO-P0616-R02,1,1,1,1,1,1,1,1,1,1,a18aa79e65e0dca9f2ae8cecdff1cb1eee80548a96bec409d211675b1034e75b
801,616,3,SO-P0616-R03,1,1,1,1,1,1,1,1,1,1,1e55a3ceafe84093ef3b0ef847b2992b6e12f27c6e45de31ed02279af22d52b5
801,616,4,SO-P0616-R04,1,1,1,1,1,1,1,1,1,1,47573556ec3a02c9e04ccd2f821915e97640121955c0cd058296494d03dc25d3
801,616,5,SO-P0616-R05,1,1,1,1,1,1,1,1,1,1,7249d2c26891e84f4b0541ebd0f96f96f7c478e0585573fd2560c62e912221f4
802,617,1,SO-P0617-R01,1,1,1,1,1,1,1,1,1,1,7a10e7d70020e3b2611eadcc02c03cfc2500228af4b45e1886945b6b62a90aac
802,617,2,SO-P0617-R02,1,1,1,1,1,1,1,1,1,1,b69adc0a48249d2b5b0be80a4232fede099f3eb096ad21cfd6f58255e5633427
802,617,3,SO-P0617-R03,1,1,1,1,1,1,1,1,1,1,7d630e48bcdec3ecfa846c0b934c07ba00b2fe514c99ae7910ce9495b556dc30
802,617,4,SO-P0617-R04,1,1,1,1,1,1,1,1,1,1,c07fb5a2fa2f0cffdfe3254cc33bb0fde70427cea05ab8389a360fbca355e5c9
802,617,5,SO-P0617-R05,1,1,1,1,1,1,1,1,1,1,071f3dff38c3535946d01c7d6f4655bc5f11ddccac7ee6d44eb087058779f38a
803,618,1,SO-P0618-R01,1,1,1,1,1,1,1,1,1,1,e77729198243d1e78bbbfe26a13861b622680fb3357e467e1ab1994b54ac44b9
803,618,2,SO-P0618-R02,1,1,1,1,1,1,1,1,1,1,0c58b64cce9faff75956304399ebdb1d572271ebc85aa9388f211393101a0375
803,618,3,SO-P0618-R03,1,1,1,1,1,1,1,1,1,1,a097bb08a1409039bf0ca2684f29e2e31dc856a99ce77d8b011046bd7592615c
803,618,4,SO-P0618-R04,1,1,1,1,1,1,1,1,1,1,42d52ddffb0a1f0fe84626991086ca01a53d6005f72299ee3b383c588404f35d
803,618,5,SO-P0618-R05,1,1,1,1,1,1,1,1,1,1,ef4d0c92f1eaae62c66e0a89bafc4985df54544704acf2b8dcaf2e62ace03b56
804,619,1,SO-P0619-R01,1,1,1,1,1,1,1,1,1,1,ae0bdce38ec9de3eb4b0a51825178331f6f890998abd252d2d318f586557add5
804,619,2,SO-P0619-R02,1,1,1,1,1,1,1,1,1,1,da45d27544a9d079e5f45eadab76f3e139f5c64111897d87fecea3a5902485fd
804,619,3,SO-P0619-R03,1,1,1,1,1,1,1,1,1,1,2ec60f635ea9c8b828ca842679730ca869234dba58952da77832adc0866e1d62
804,619,4,SO-P0619-R04,1,1,1,1,1,1,1,1,1,1,619fbfc898152d73695d69a1604c1bc342591df1e9eacf0056be28ef5106e466
804,619,5,SO-P0619-R05,1,1,1,1,1,1,1,1,1,1,9f4b6aacea30cd3d7edaf62951dfc62acd583f9819bed9be5cb9ff7f1b90bfd8
805,620,1,SO-P0620-R01,1,1,1,1,1,1,1,1,1,1,1540224068c53355ddeeefdc21c2e52935162a7c67907ca727deab86e4da37e0
805,620,2,SO-P0620-R02,1,1,1,1,1,1,1,1,1,1,0db648c2e9408e0bffeeef32ba3ba227b167c8e41068d08755702ba7db76ce2e
805,620,3,SO-P0620-R03,1,1,1,1,1,1,1,1,1,1,4d8ab8a34337a54fdb12d2a63410a1804c23fbd769a337cfe2e38cb3ed6ecebe
805,620,4,SO-P0620-R04,1,1,1,1,1,1,1,1,1,1,8fac3d8585c488819a0bdcd6da3da2b7a2df93c40aaf052529f007a6da0a2f92
805,620,5,SO-P0620-R05,1,1,1,1,1,1,1,1,1,1,fc04fdf7a38703371c0738d129f54567f2999aa14676047d4dde717b08b6d595
806,621,1,SO-P0621-R01,1,1,1,1,1,1,1,1,1,1,ed0ded08dfca5fdf61808d84fa16e7039e655c699381ba332cbd8b604a43e1d0
806,621,2,SO-P0621-R02,1,1,1,1,1,1,1,1,1,1,6f6923b4145cb78c6f5b30ea841d6ac55062af41b74fefc82741f55ce30cf75b
806,621,3,SO-P0621-R03,1,1,1,1,1,1,1,1,1,1,24ed8890205d162182f19e127e250b53a2b2c637d0d4b1e62624d9a75060c3ea
806,621,4,SO-P0621-R04,1,1,1,1,1,1,1,1,1,1,1ba59409538dd1b64d5e67d966abd258f9adb7682befa6e5b24cde11bda938f9
806,621,5,SO-P0621-R05,1,1,1,1,1,1,1,1,1,1,68402c35df9f2037b036a9402a6c346e593a94d360baeafc2a5e655485b640d1
807,622,1,SO-P0622-R01,1,1,1,1,1,1,1,1,1,1,264c278c2d96b05ab33f8aab6454686903c8654bcc99c69ea10dad111c24b867
807,622,2,SO-P0622-R02,1,1,1,1,1,1,1,1,1,1,042b1e6032bc374a097122ccb4e699fc580e385abac3d03e43c858d5bea5e7c2
807,622,3,SO-P0622-R03,1,1,1,1,1,1,1,1,1,1,bd4db92dda82145720e6268ab0abb3d88ca5855ff266279e14b98de3ee1c8729
807,622,4,SO-P0622-R04,1,1,1,1,1,1,1,1,1,1,f413067da70c84095e980d8ee38eb3be757c22581cb14ad27e0007fb4b094c28
807,622,5,SO-P0622-R05,1,1,1,1,1,1,1,1,1,1,0d67feb90e39c708a819edd05eafbaa1e218f5fa4768c9b776b09105dacc0697
815,623,1,SO-P0623-R01,1,1,1,1,1,1,1,1,1,1,4838cf93d70588496566d3917b044c38d752e73bf12e1c63b109e3b03f17a3d8
815,623,2,SO-P0623-R02,1,1,1,1,1,1,1,1,1,1,b65b2c5df28dd1f8e9d0329b6c523585cae3452a728308f9b96e55298cbde0ab
815,623,3,SO-P0623-R03,1,1,1,1,1,1,1,1,1,1,db6d687c3f33c87ec06f25ff33f98a325b154834ac25f30e1857f80aeaaa8615
815,623,4,SO-P0623-R04,1,1,1,1,1,1,1,1,1,1,5f3136cc2ccb84e2152c34d55cc95dd6712b99874aa39821b5093a88bb96df0a
815,623,5,SO-P0623-R05,1,1,1,1,1,1,1,1,1,1,9d99cfb83fd2543931863292d4d6b714a00e95a039a4d42611bbc1ea621b4a6f
816,624,1,SO-P0624-R01,1,1,1,1,1,1,1,1,1,1,5126b5a9b618e5c3aa2cb18e0944cb548e03c903d2ef8f2d8890242880537e3d
816,624,2,SO-P0624-R02,1,1,1,1,1,1,1,1,1,1,1c1b05f9b8e7367b203a1c17995fb8c413f9adbd0904f30e8e961ef6eac24ac0
816,624,3,SO-P0624-R03,1,1,1,1,1,1,1,1,1,1,cae8660561f46727ef5207391eea1336c8737cea1d3504e9f2345fe52efdb25e
816,624,4,SO-P0624-R04,1,1,1,1,1,1,1,1,1,1,25a9aa3e7517d14129a09450011b1bed3604905a0e63b24d2b24928dc797f88d
816,624,5,SO-P0624-R05,1,1,1,1,1,1,1,1,1,1,64b33d4803e4dcbf9f95080e9f5e18429529bff6ddd8083aebafe6fe46552067
817,625,1,SO-P0625-R01,1,1,1,1,1,1,1,1,1,1,587dc86b2cbf4d2bf1d183ac3ef8cdbd956a40e9ee6298cacf78cc46f56de8f9
817,625,2,SO-P0625-R02,1,1,1,1,1,1,1,1,1,1,1114a5f633c6a0a5af90b7ead011880c51a9be22307ec6de98ba451389bb8e93
817,625,3,SO-P0625-R03,1,1,1,1,1,1,1,1,1,1,39041e3d615fd29e845565e29a7fb5239936cb317b98f5115c7b9dc994957052
817,625,4,SO-P0625-R04,1,1,1,1,1,1,1,1,1,1,11a6059cba3e3bb075e7d3af93634f89a329b1c4e065506a379bbdcde08e8f58
817,625,5,SO-P0625-R05,1,1,1,1,1,1,1,1,1,1,50ca20043f1ab8e24c47bc1a0b93aa2f6f770c1beaf9e23c0fe46508f214a4cf
818,626,1,SO-P0626-R01,1,1,1,1,1,1,1,1,1,1,d1f166a90937639f161b0dcbed7260048e9926d09c8d80edc3b1a06484ffe2e4
818,626,2,SO-P0626-R02,1,1,1,1,1,1,1,1,1,1,0f103c51ec7d3c0402b50d7da6778a41eb23c4e8d366cd25654087a97f7863c8
818,626,3,SO-P0626-R03,1,1,1,1,1,1,1,1,1,1,afbeaa358529cc03256cead39227af3871690863eaa2252513722c3e1df1196b
818,626,4,SO-P0626-R04,1,1,1,1,1,1,1,1,1,1,dcde3733273acf49e9afb61d6d1a5cc73a17b4ab2c80a2d3efe0445161d8bfd8
818,626,5,SO-P0626-R05,1,1,1,1,1,1,1,1,1,1,71eb301769a354c6f5c1ed5a613225bbea104d2e4e37a1ec229262255770a199
819,627,1,SO-P0627-R01,1,1,1,1,1,1,1,1,1,1,35081679ec23c76865cd55ad2258ed1e521be8cb6cf254882f7bfaebd2d682e0
819,627,2,SO-P0627-R02,1,1,1,1,1,1,1,1,1,1,2e6058d9bd0cd26cd7b3a2abe717a07f08c49b1646232495a9c26ef17b1d97a7
819,627,3,SO-P0627-R03,1,1,1,1,1,1,1,1,1,1,2081310aa80b0af10d9eea5b709a8b7231b9ba0bdd8b619d133f15a1c0e3d5fe
819,627,4,SO-P0627-R04,1,1,1,1,1,1,1,1,1,1,9ed32724e466a88178fca313835172091c41ccde5b0da933153f1e032ccb40ce
819,627,5,SO-P0627-R05,1,1,1,1,1,1,1,1,1,1,09c2956dbf9d82a789ae29b51af29c1265e9f2efb35251279c318806b2c83f7b
820,628,1,SO-P0628-R01,1,1,1,1,1,1,1,1,1,1,486c674b7380b374d7c05bc9e393562c65f1da8523d09b8c9b1fc01d1446cfb8
820,628,2,SO-P0628-R02,1,1,1,1,1,1,1,1,1,1,afdac64b7aecd40d379a0c5b47146be77eb5484461dcc7c23064a3a82a542815
820,628,3,SO-P0628-R03,1,1,1,1,1,1,1,1,1,1,eee71838159f7a3c2d5c8de4927ad106814bed0a019848ae88b3dfb98ba94b79
820,628,4,SO-P0628-R04,1,1,1,1,1,1,1,1,1,1,0da79236ec1850666a5bf430705f4983669e9b42200ae5ad4a7f879f22afb4c1
820,628,5,SO-P0628-R05,1,1,1,1,1,1,1,1,1,1,df34e2f846fc2c9ca57d65ddf2c42543aee717076af49830f34b5baf22072915
823,629,1,SO-P0629-R01,1,1,1,1,1,1,1,1,1,1,1ae05b7e3c84c680c7fcbef58d83119b0d4a306fd976bba7ec45261fd9d95439
823,629,2,SO-P0629-R02,1,1,1,1,1,1,1,1,1,1,209a35ce858c411cd7362e5bece958c2377dcde91ef3fd4b5f230545ff613c99
823,629,3,SO-P0629-R03,1,1,1,1,1,1,1,1,1,1,4f5cf9672e90f912a13628b3722fc1eafaaa5e1c97823fb36b9bd3f06cb4f281
823,629,4,SO-P0629-R04,1,1,1,1,1,1,1,1,1,1,0ac45d45480795a88b9b90e4f82552a258f7fa33c74b146df4952dcd9bb316c4
823,629,5,SO-P0629-R05,1,1,1,1,1,1,1,1,1,1,7a872965beef55733692b92c0edcb2750de2da6245dbeab9fc5b6f2889485748
824,630,1,SO-P0630-R01,1,1,1,1,1,1,1,1,1,1,0bf326342a49b7b26433cf5c784a10e29c46e2c736563be9dc045b6805edd0e9
824,630,2,SO-P0630-R02,1,1,1,1,1,1,1,1,1,1,5edbdd84e7d0fe75352f20f3e85b8c171a8f2be55839e3d5f39d7ccb68f54a0e
824,630,3,SO-P0630-R03,1,1,1,1,1,1,1,1,1,1,a771bd5a3b081e30e471c98a83a554699c1b1fee2ae8725a6589815be7af3e0d
824,630,4,SO-P0630-R04,1,1,1,1,1,1,1,1,1,1,6364c46b7c83fc375495f85648a55ed42d5d6b8507e6006839847ad6bddd8526
824,630,5,SO-P0630-R05,1,1,1,1,1,1,1,1,1,1,d2583406acf67dfc32d726e5f2dc6833e340019b2e77645a6bc4f5f7f4b5a5cf
825,631,1,SO-P0631-R01,1,1,1,1,1,1,1,1,1,1,4a3f8ff683c1690427eff2bbbc0f22e45278cb3b5f20bd71c217724774b7c3c6
825,631,2,SO-P0631-R02,1,1,1,1,1,1,1,1,1,1,90b7829921ce0964c367d75f2d0592b79ba5f699bf79bc37daef1a4df2610b0c
825,631,3,SO-P0631-R03,1,1,1,1,1,1,1,1,1,1,a250bb5f744bab9744c63771db11150722945a228172b271b79bf7fb657aa610
825,631,4,SO-P0631-R04,1,1,1,1,1,1,1,1,1,1,44e07833bd9c73ccfcf9cb70aee82db763ba7827e0ed64dd408c59a933af8a51
825,631,5,SO-P0631-R05,1,1,1,1,1,1,1,1,1,1,23355d5a49d3fcd4185a2a7aad84e5f7c86785596fa001547ccd80f097305dcf
826,632,1,SO-P0632-R01,1,1,1,1,1,1,1,1,1,1,c347d836ddfb134de6e8ecb2c0b66c502a7a0928ba888ed39ca3294aaa0072e4
826,632,2,SO-P0632-R02,1,1,1,1,1,1,1,1,1,1,5bc0d0345e7bc49ce9fbedb2112920e4c25fd2f57c103c3fd162bf0d872687d3
826,632,3,SO-P0632-R03,1,1,1,1,1,1,1,1,1,1,7b2c8d359070423c295b5d87680c0f9cd151485e9dfd5978e75308b61ab3ce13
826,632,4,SO-P0632-R04,1,1,1,1,1,1,1,1,1,1,0e4d21146563f4edd0f07e34a6fb5f2076b399deb34127825fb1d56ce17a3da0
826,632,5,SO-P0632-R05,1,1,1,1,1,1,1,1,1,1,686824d58c4162797c92b876272932e31d24c8e32b82dea2fcdc9f09c61dcc47
827,633,1,SO-P0633-R01,1,1,1,1,1,1,1,1,1,1,6ff9ded7e8ee90507e7b37a45cb80bcfcdb383b9465d0542da9b6d70a5693191
827,633,2,SO-P0633-R02,1,1,1,1,1,1,1,1,1,1,0fbc329b78197adb3a8403ced4ef5e0d07cc5de77d1fdbc4d4c4a535429c86d6
827,633,3,SO-P0633-R03,1,1,1,1,1,1,1,1,1,1,16f04006ac32cd99407f7078720c7b2fcfff39e1585e69ff679c7cd157575adf
827,633,4,SO-P0633-R04,1,1,1,1,1,1,1,1,1,1,a11e302582b28c1eacd359cd6424140444c6585fa6c6e513fa6c71e61163bf38
827,633,5,SO-P0633-R05,1,1,1,1,1,1,1,1,1,1,92e539b369cc1b848a45c036b5dcc444970bc32ebb5685796b76181c347d181c
828,634,1,SO-P0634-R01,1,1,1,1,1,1,1,1,1,1,9e48669225febda0814a7c783482c7542483aceef9699c2367a794c9d9df2f74
828,634,2,SO-P0634-R02,1,1,1,1,1,1,1,1,1,1,4d78d9dc00e4df65f80b579da6c447340266945223cef16b1115c839817ee0be
828,634,3,SO-P0634-R03,1,1,1,1,1,1,1,1,1,1,9cebd21e6c248a37eee70b1e13f08be5a6e59f66a9591b4c7231e62e4a78c914
828,634,4,SO-P0634-R04,1,1,1,1,1,1,1,1,1,1,46fa1d9f0927087a1e87f8856d5dd28e65c573753d032be252db185c7a135af2
828,634,5,SO-P0634-R05,1,1,1,1,1,1,1,1,1,1,dc6ef6a88e6b32f527637032944626441ce9816a3bb3e2e4523d1102c656a974
829,635,1,SO-P0635-R01,1,1,1,1,1,1,1,1,1,1,831fd7367a847e92ca474a0043eb0ab43619b7f6d4024040d741d3128c26b0ec
829,635,2,SO-P0635-R02,1,1,1,1,1,1,1,1,1,1,712b973ed28119d32290b33dd1d4bc94ca4302a2cf96970c159fab98eeecf2b1
829,635,3,SO-P0635-R03,1,1,1,1,1,1,1,1,1,1,a49f460303e948271f200b361254089611a08c128c6675a0c10557823d625d8e
829,635,4,SO-P0635-R04,1,1,1,1,1,1,1,1,1,1,1c297f6037e463abb75a3d69352e298362ca5db699f70abeb24961810c7823df
829,635,5,SO-P0635-R05,1,1,1,1,1,1,1,1,1,1,6d23abf69696c7549413008c680acb89ea5ef76d93d1bb6b3356e487c2eccd95
830,636,1,SO-P0636-R01,1,1,1,1,1,1,1,1,1,1,fff3c122764be4450a765da1cd00253e9e1815bd2333768e027320302b3c841d
830,636,2,SO-P0636-R02,1,1,1,1,1,1,1,1,1,1,af581c49281d31aca9c12a7b31b8f0a92f848f7a7f8e78be907d41b0dbfdc1c6
830,636,3,SO-P0636-R03,1,1,1,1,1,1,1,1,1,1,cec564189d1b1022834ede00a6432d6660d10d452d32c2c2ca3e4372e642a9e2
830,636,4,SO-P0636-R04,1,1,1,1,1,1,1,1,1,1,3e9de4a27fda97f849e709d94a1cc7c9e2f805bcfde3b4a46abddefcfb3a2f0b
830,636,5,SO-P0636-R05,1,1,1,1,1,1,1,1,1,1,65461915598fff09550fbb1e26b3912b0abc2f30e1e1936dd95adb63375dfb95
831,637,1,SO-P0637-R01,1,1,1,1,1,1,1,1,1,1,be3d260afcae57d80d2671feed95a8fbb4430c68417ba90bcc82f689f591badd
831,637,2,SO-P0637-R02,1,1,1,1,1,1,1,1,1,1,abc9790e9bad27d304e75106b8de714a8f92438938df793de466a9ca1e943d18
831,637,3,SO-P0637-R03,1,1,1,1,1,1,1,1,1,1,559b2705f7838b9370b5dfc01c5dd034bb483c43c062a2c7bbd2d62d55672712
831,637,4,SO-P0637-R04,1,1,1,1,1,1,1,1,1,1,079ad643d5b7b7351a8907eb56d14f0209276d6b351af73b42414a54af23d41e
831,637,5,SO-P0637-R05,1,1,1,1,1,1,1,1,1,1,40b6a73ccb4112b09bac1c126fbb09ab01c0dd2d71c61940b36a0ed7cb5cfe9f
832,638,1,SO-P0638-R01,1,1,1,1,1,1,1,1,1,1,257bf7e9a1d71fbd2776e5ae69d83cef716f7a976d84ba46ebc98dc0e2736158
832,638,2,SO-P0638-R02,1,1,1,1,1,1,1,1,1,1,e0f2f633fa4ca2542eaebbb330ecbcd6302877fb97e5056cedb634b1980fabfb
832,638,3,SO-P0638-R03,1,1,1,1,1,1,1,1,1,1,a32e22f0dc5d5f25f5b49b3e719a0857bd73f909691cd9e306ee7ed8872278ef
832,638,4,SO-P0638-R04,1,1,1,1,1,1,1,1,1,1,daa61c25c0936a21f24947da8af68ac5752c3eeec7418614e8ff87e2674fb557
832,638,5,SO-P0638-R05,1,1,1,1,1,1,1,1,1,1,6f44b9c6688e349081a769199d316baeb5644be88dbd29046389eb65d2956890
833,639,1,SO-P0639-R01,1,1,1,1,1,1,1,1,1,1,a5a6f4f4a6ae91e45073d87904dfc14264ed3f105ff0b494be199a1147a24e49
833,639,2,SO-P0639-R02,1,1,1,1,1,1,1,1,1,1,691b614f8b0e7c3bf732a08dfb04a7e5639c586914c1327d1754192c11c0b40c
833,639,3,SO-P0639-R03,1,1,1,1,1,1,1,1,1,1,f8411251768139af9236054374e192ed00a5ccbcc9801f328b2702ccb0b30e32
833,639,4,SO-P0639-R04,1,1,1,1,1,1,1,1,1,1,792655b54cebac8917dffb5da3ef532d129450c8f1350348999c441884cc1237
833,639,5,SO-P0639-R05,1,1,1,1,1,1,1,1,1,1,48a90343420ad8acdbfb16390c63d3c4311245f29332bf5daf578b329099cebb
834,640,1,SO-P0640-R01,1,1,1,1,1,1,1,1,1,1,7567b7bf8e6652670a9e7a7864f6bbba8fe13dbe4fc9e4a03076eef0f6a1cf6f
834,640,2,SO-P0640-R02,1,1,1,1,1,1,1,1,1,1,86883b7868852fdfd6b89af7591094ee58c99fb405b08aca3cc23e39af8ed336
834,640,3,SO-P0640-R03,1,1,1,1,1,1,1,1,1,1,84f64a09b743536b05670daa9765e3ad108954167383ceebcdde5eec95d875b6
834,640,4,SO-P0640-R04,1,1,1,1,1,1,1,1,1,1,6b11dfea328f26d81e5ea015e372036da4ea2ca6d63a521cb9e2c34c1fd7c9ec
834,640,5,SO-P0640-R05,1,1,1,1,1,1,1,1,1,1,7dd7c84b168ffd60292f2686d547f04ca46adcb3031d89c2f516ee7011330514
836,641,1,SO-P0641-R01,1,1,1,1,1,1,1,1,1,1,a71da3cbdac253c5357390e71a2515ef2f0aedb8b610511567093ad459d5de22
836,641,2,SO-P0641-R02,1,1,1,1,1,1,1,1,1,1,66a7ad00dc12680b9bd96da4c460efdf0c68f35268602064366a818e6d173bae
836,641,3,SO-P0641-R03,1,1,1,1,1,1,1,1,1,1,cc76d2e1bedda346092173a5dc569fe83b1bee98220c3b7340ec7d0ff6f721ba
836,641,4,SO-P0641-R04,1,1,1,1,1,1,1,1,1,1,547f74bda0b3352a48c0b21fc05fc361290a35a804ec54ff5b15553abe689979
836,641,5,SO-P0641-R05,1,1,1,1,1,1,1,1,1,1,dc2a73cef09e948c6a79b6ea84f71b91c730aad153ce51e445f9f46ec197e33c
837,642,1,SO-P0642-R01,1,1,1,1,1,1,1,1,1,1,62500b031b0def985b7ab798f539d2c5fbfaedf4a2f553d2e6ce87b216e578b1
837,642,2,SO-P0642-R02,1,1,1,1,1,1,1,1,1,1,7bf4036d9dc2623b3902f966aa3cd03ac653ff7d49c35a55ad66360fd5ffa219
837,642,3,SO-P0642-R03,1,1,1,1,1,1,1,1,1,1,c95e7516582476f7cb93b9010e5f79317b02669d8598887428cfd57e45d530f7
837,642,4,SO-P0642-R04,1,1,1,1,1,1,1,1,1,1,cca1692fdccbba09d0009449cb1a0ccd210c7d8027516a72086fa8dd1d2e8cea
837,642,5,SO-P0642-R05,1,1,1,1,1,1,1,1,1,1,1d06cf495e233ef5660220f9425d893fb0eba947ce736f7c49c57114b0132906
838,643,1,SO-P0643-R01,1,1,1,1,1,1,1,1,1,1,f882ef03e12db889840c6f32b5c309993585d0d7a0afa75302a05386c342f7ba
838,643,2,SO-P0643-R02,1,1,1,1,1,1,1,1,1,1,d978922e13b6fcc6c4290400ab62c19636ccd24b08e515838c35000bef1050f4
838,643,3,SO-P0643-R03,1,1,1,1,1,1,1,1,1,1,af30a606c866313f48718e2de06439948d021357cda8740c8c4ce864be20380d
838,643,4,SO-P0643-R04,1,1,1,1,1,1,1,1,1,1,57e0a849b4b91a6145b93039e4e85627481522d7d20f6f46fb34c392eb3aee98
838,643,5,SO-P0643-R05,1,1,1,1,1,1,1,1,1,1,4f8b173e5989b691d867a843e577b234fc1066e46ff27972ca366d8f14ea37ff
839,644,1,SO-P0644-R01,1,1,1,1,1,1,1,1,1,1,c27c1401f8ace359ccb868099197d369b2ee91acc953963cde4b5ef158cf7c46
839,644,2,SO-P0644-R02,1,1,1,1,1,1,1,1,1,1,52388edb859d86a90e536c9bd9c9a812a199186a5c33070077a37e409154ebf4
839,644,3,SO-P0644-R03,1,1,1,1,1,1,1,1,1,1,301658e5d7510251ded9d6f9e960b8de8b3f5300effab2de1098477aca6d27df
839,644,4,SO-P0644-R04,1,1,1,1,1,1,1,1,1,1,07423d9919f12dc2a9ce828d28f1dac518d3892a28fbd96813068d9b781c09b9
839,644,5,SO-P0644-R05,1,1,1,1,1,1,1,1,1,1,39cd42cc4c6b37c98668be4373fb1cb160722ffedcbf1703eb735d1591270d76
840,645,1,SO-P0645-R01,1,1,1,1,1,1,1,1,1,1,33f67264575db4aec28300b585840089982e8ea616094784dca1c2d9d6d695a8
840,645,2,SO-P0645-R02,1,1,1,1,1,1,1,1,1,1,5f34a5f4166d17cb45732052519dc5091bd3c644e745a43d293efbb38540dab7
840,645,3,SO-P0645-R03,1,1,1,1,1,1,1,1,1,1,aba9c7bf5848d023af77b5e28b95c05a3601980e065b8c84383817c362975b7f
840,645,4,SO-P0645-R04,1,1,1,1,1,1,1,1,1,1,c3535d3e9c2ff82a0f4a27a9ef9615da26516d6b06413fc2a2487f65b4cc73d8
840,645,5,SO-P0645-R05,1,1,1,1,1,1,1,1,1,1,c35a6cbea6c14b39682d27b85dbe3d527269339091268d5c299e3bbc49980d7c
841,646,1,SO-P0646-R01,1,1,1,1,1,1,1,1,1,1,c16f3e6440b45a0db5e89cfcc683a8fa266aa733482755a254bb9f36bcf31583
841,646,2,SO-P0646-R02,1,1,1,1,1,1,1,1,1,1,dc3e30fcb6d88d4da63a5448aaa4c72643386409fd240824878a1f416bc51f7e
841,646,3,SO-P0646-R03,1,1,1,1,1,1,1,1,1,1,d66051722f7cbc86ffd665c19cc2f223ad1b65f21bde42803546e5bb369e10cf
841,646,4,SO-P0646-R04,1,1,1,1,1,1,1,1,1,1,e0c7114f789d8a961910296ca345f0ae986f660d41b8e125a20a4c7702c9ec03
841,646,5,SO-P0646-R05,1,1,1,1,1,1,1,1,1,1,93270f73bd24fba77e5dc38683f36d63bb649f3d670dbc438fdeff433e78d9b0
842,647,1,SO-P0647-R01,1,1,1,1,1,1,1,1,1,1,f90e90211f95c613c7c5af81efa64530e0e09a5aca591244db1247de3e1b4d6e
842,647,2,SO-P0647-R02,1,1,1,1,1,1,1,1,1,1,5705f8b97bfec39c5612f0d6739b2883519231be5c70a6f3087147c1671394b8
842,647,3,SO-P0647-R03,1,1,1,1,1,1,1,1,1,1,7ce3d16523eff957035e1ccd1d98e0acee822907d1d00d24354c3c79e390723d
842,647,4,SO-P0647-R04,1,1,1,1,1,1,1,1,1,1,f45c79452cd399f0337a064fba4c18253ef53b7658277049085568a70e8ba115
842,647,5,SO-P0647-R05,1,1,1,1,1,1,1,1,1,1,adcfb359557b6393f2349f42750c74275f7d98fa63581dfee26d80fb95348219
843,648,1,SO-P0648-R01,1,1,1,1,1,1,1,1,1,1,55110286f798980430bf569bef93bf540d41d40597e7b555acb91815b78772ed
843,648,2,SO-P0648-R02,1,1,1,1,1,1,1,1,1,1,d97c8466555617f83f9a200388aedb5957f9cf5db8c24704d28d58da831c7c75
843,648,3,SO-P0648-R03,1,1,1,1,1,1,1,1,1,1,7956c9b44ff4d84d3d5047c6b41633a090abfbf4cf8a39fa81b5c5e6ca5a2273
843,648,4,SO-P0648-R04,1,1,1,1,1,1,1,1,1,1,9eca2bfa4a1f80d5045fc303aaee6f16d68d0fd35f17a7d59da68f57d5393af3
843,648,5,SO-P0648-R05,1,1,1,1,1,1,1,1,1,1,fe4f40105b1b3cf00f69d78c68382499e2ca193f9db217a91942fa81753ee546
847,649,1,SO-P0649-R01,1,1,1,1,1,1,1,1,1,1,8fb257d197e6d441584be253883bb5b4a31bcfa1c1231c072d2acb85ed2d53c5
847,649,2,SO-P0649-R02,1,1,1,1,1,1,1,1,1,1,11218e19c81e53099cc0302c72cc76b1c368e2ca02456ac4d47c0b55d2b5d632
847,649,3,SO-P0649-R03,1,1,1,1,1,1,1,1,1,1,41dbdcb0b12f4060f022d2a2fcb70fde51a39e00890fe07c988960b85c0fbe6a
847,649,4,SO-P0649-R04,1,1,1,1,1,1,1,1,1,1,852474cd7bb49ebba9f79920a81deecf1d41b4b3fb52b2c9e5f7753e32d1a53c
847,649,5,SO-P0649-R05,1,1,1,1,1,1,1,1,1,1,cbf9ba6220228bdab80a155da808b62b482933f9181ab15489e37c0eb070a5a7
848,650,1,SO-P0650-R01,1,1,1,1,1,1,1,1,1,1,d82f9429760341ce714c806791d3145196848b18992ac21b357d4a0a136cacfa
848,650,2,SO-P0650-R02,1,1,1,1,1,1,1,1,1,1,18826ea449b25a8c9776bce6dfd2c10cd591686c124ebecdfeeae97e50a60851
848,650,3,SO-P0650-R03,1,1,1,1,1,1,1,1,1,1,56544eb08e0bd4d2bd7449536c251990b4a08b4f3ee8819300523a15199bbcfd
848,650,4,SO-P0650-R04,1,1,1,1,1,1,1,1,1,1,7a8709f06ec9394ab5c5e45393c05d13ceab3640c8a5703175faf09d2db8c047
848,650,5,SO-P0650-R05,1,1,1,1,1,1,1,1,1,1,ff2a0000da7536196e7a47cfaa4acb3afd0991cba76f66c7097eecc5eb4fb6e2
849,651,1,SO-P0651-R01,1,1,1,1,1,1,1,1,1,1,a53de11885ad50da9cb91b88d32bc16f58b6604ce5b5047d4732815e3bc2003a
849,651,2,SO-P0651-R02,1,1,1,1,1,1,1,1,1,1,d092dad6225553b58a83fa21366ac4547150cc713ff907c511caf3e7eb61e934
849,651,3,SO-P0651-R03,1,1,1,1,1,1,1,1,1,1,e90d281ebe572b15fbc27051d3ac2354d2e0cd1b61ea8f45fa2e7b366bc282a8
849,651,4,SO-P0651-R04,1,1,1,1,1,1,1,1,1,1,de39d9f27579051879287fcc5bb1ae6c3b55bff5b22bf074a980b4189addbb4a
849,651,5,SO-P0651-R05,1,1,1,1,1,1,1,1,1,1,8d52031669b5617ad79cb017e34ad14f18013864d2af757693f59a81a89d7bfd
850,652,1,SO-P0652-R01,1,1,1,1,1,1,1,1,1,1,2796b9eb4143cd1183e138759a928b684618f9be74d550c81615909552fc69fc
850,652,2,SO-P0652-R02,1,1,1,1,1,1,1,1,1,1,1081e2cd53fcf6707714bd887621aaa703724ffba8a52a2dd9ee4001740e3360
850,652,3,SO-P0652-R03,1,1,1,1,1,1,1,1,1,1,2a8774fce12964d0bd59ae95c54cd7bf5d7403edfaf3b11f089c002a3c3d7414
850,652,4,SO-P0652-R04,1,1,1,1,1,1,1,1,1,1,d15e4c209b7ced15b4c3f4baadb6ee213027757b47d95004499775923d900fa9
850,652,5,SO-P0652-R05,1,1,1,1,1,1,1,1,1,1,64745b169a8278f6486515192e287db1d5ed75cfbccc4372da6aee9a0e98a617
851,653,1,SO-P0653-R01,1,1,1,1,1,1,1,1,1,1,8b6eb12799079fb2dab39aa82cb3071f2d09bed5725d8846637a7e6028755e8f
851,653,2,SO-P0653-R02,1,1,1,1,1,1,1,1,1,1,d17e46d6c4e778e588b771af3b35bbea1b5a76d87024cb3392d604fed834d7c5
851,653,3,SO-P0653-R03,1,1,1,1,1,1,1,1,1,1,51a6e9a6733666de8481fcc517ce266552edb4df3b11ce27e1caee3ab636be2e
851,653,4,SO-P0653-R04,1,1,1,1,1,1,1,1,1,1,5a321c7c367aff540a23d26753bd6b4e8dfc0456c3417f9247af7a64bc061a69
851,653,5,SO-P0653-R05,1,1,1,1,1,1,1,1,1,1,9bcd17631b598d584f4c6d0216699c8eed7432314588332629429c67dc53872b
853,654,1,SO-P0654-R01,1,1,1,1,1,1,1,1,1,1,9f585425e4ae23654626c130548584ee495afccb35f89e04562c5acf4cbebcd4
853,654,2,SO-P0654-R02,1,1,1,1,1,1,1,1,1,1,9a0d02e5de2889d241c5f979b6d4db314c3d57cbd8d55b71d26a0498f9e93fb2
853,654,3,SO-P0654-R03,1,1,1,1,1,1,1,1,1,1,85f5020e3b8f14f5fd958906a4546b7f90ade3173802a0a920f28ed8b7999ffa
853,654,4,SO-P0654-R04,1,1,1,1,1,1,1,1,1,1,709b48e23a0ac81d5c812c1dd03b43cf12e840b513833444999475d0d94d93f1
853,654,5,SO-P0654-R05,1,1,1,1,1,1,1,1,1,1,2f9013e0ce2069909d62553e1bf98a96fcb325b0a848e6aafb2af88366605139
854,655,1,SO-P0655-R01,1,1,1,1,1,1,1,1,1,1,a71646394d1d7ac4d2df677005b2a0006379670f47cbebc08b18559c0bc40159
854,655,2,SO-P0655-R02,1,1,1,1,1,1,1,1,1,1,bbdbd80dae3881184441e6d19be1a1e9039f978be3df17566c22384206ddcb95
854,655,3,SO-P0655-R03,1,1,1,1,1,1,1,1,1,1,64e4900f46b79335124c018705809cbe789c57c5d7480b33118580a152f251b3
854,655,4,SO-P0655-R04,1,1,1,1,1,1,1,1,1,1,e0c1d5dcab0b355bc944f7c49bfaf3a185f56ef6344b7d00ad0910bf47b0fdba
854,655,5,SO-P0655-R05,1,1,1,1,1,1,1,1,1,1,4db8ac8fa6b5aceedf312f96657da1181fba5090dcbfb268e2589d4b57a3e2cc
855,656,1,SO-P0656-R01,1,1,1,1,1,1,1,1,1,1,59569e4bfce3bfe9498d8a38e0cbaa5b3c76bd5496a0000498cf6e35358c706c
855,656,2,SO-P0656-R02,1,1,1,1,1,1,1,1,1,1,99064c2cd5387bbead1e7b02826270b6550627b819c2cb8f09fc58330a4dfae3
855,656,3,SO-P0656-R03,1,1,1,1,1,1,1,1,1,1,136fb9585592293393f967a89d81f63bbe8516dbecfa33092fd0f620828af3b4
855,656,4,SO-P0656-R04,1,1,1,1,1,1,1,1,1,1,d820727e698f853213ba91e98985e6dabd4c61121f5ee9872c0978432406737c
855,656,5,SO-P0656-R05,1,1,1,1,1,1,1,1,1,1,185b3d6b3ddf9f20a367552b0deec7cb28932f1840026129d51b48a20550b3a7
856,657,1,SO-P0657-R01,1,1,1,1,1,1,1,1,1,1,f2fc2506f22e75686290db58ab53fc6e7fe96d351e333fbb464b42be372f4c48
856,657,2,SO-P0657-R02,1,1,1,1,1,1,1,1,1,1,5e30cf544d5fd3fec1aef240741caeb319e9b2889827ee8c574cb769dfab0a76
856,657,3,SO-P0657-R03,1,1,1,1,1,1,1,1,1,1,05694f8c934a5ed010fe1fe6d9bde22a5c1345418e7969cb8b7121c96b67def9
856,657,4,SO-P0657-R04,1,1,1,1,1,1,1,1,1,1,7221d560ece0f335a7a5973a9092c810911200a56afdc4672ac42b53fc4b7a40
856,657,5,SO-P0657-R05,1,1,1,1,1,1,1,1,1,1,b61551be401ff869679dd98b97bec9b2d04db97a1a80b8cf1176a5fe015c1af7
857,658,1,SO-P0658-R01,1,1,1,1,1,1,1,1,1,1,69fd3bea7674f91035a0bae003e5b7dcd5145d858b4615764fc0866b7e35ec63
857,658,2,SO-P0658-R02,1,1,1,1,1,1,1,1,1,1,e23d1cd152d51b684c5e63c567c8e9dcc6afa65601787c7af7badf9069b643a2
857,658,3,SO-P0658-R03,1,1,1,1,1,1,1,1,1,1,e87521bd8d637287f251ef27d156a2d16d6e7950eea100dd697f28d68524ac88
857,658,4,SO-P0658-R04,1,1,1,1,1,1,1,1,1,1,f667e13ee5277c3901713a9b0a44ab69868b06ed360aa4a0648bcaa671c7da26
857,658,5,SO-P0658-R05,1,1,1,1,1,1,1,1,1,1,0e4b70fab7995b43c3af20c301003babafdfaa156f736d99df546cdcb9bdf781
858,659,1,SO-P0659-R01,1,1,1,1,1,1,1,1,1,1,df76f8c90e89091f5ec5fd5d829926703583ac8e7fa1b27174a30a4313d7d43e
858,659,2,SO-P0659-R02,1,1,1,1,1,1,1,1,1,1,ad6350d6dea2c09f640af472806c954f3659c42b96f1fe4de5e125f781059a14
858,659,3,SO-P0659-R03,1,1,1,1,1,1,1,1,1,1,58a798d1056bcf64d8ee8d8cc953c5f3c080f831ae4b9b194b9f4601c0422f34
858,659,4,SO-P0659-R04,1,1,1,1,1,1,1,1,1,1,d7d33c67ad67e885a63f5fe719f48b1e4f84aa05a098ac3286bc149b2e0e5c39
858,659,5,SO-P0659-R05,1,1,1,1,1,1,1,1,1,1,30f06d16499b6dd7917ceaae572360f335fb4bce47385c13039d7e36630cb8cd
859,660,1,SO-P0660-R01,1,1,1,1,1,1,1,1,1,1,332e1b9f2c2f761ab02687d004f5e6b57f7f4888f21cdb1108a712b7b1f9e13b
859,660,2,SO-P0660-R02,1,1,1,1,1,1,1,1,1,1,2c013aeddf187271e9ecb936a682ef8b5b6625f8b188216dbae79a8ae457c05a
859,660,3,SO-P0660-R03,1,1,1,1,1,1,1,1,1,1,e27d371f4f968ec756b2792524412ac80ebf47584f0c65702ddf5e0ae4cfc2e8
859,660,4,SO-P0660-R04,1,1,1,1,1,1,1,1,1,1,f4717c9d4406634c33ee17c00ddf078f787c9c605cb830291319db6bc1f00bef
859,660,5,SO-P0660-R05,1,1,1,1,1,1,1,1,1,1,9b2dec532c863fb9b5fd74fc2cd25949b982fece898c9fafa931032f5d56a06e
860,661,1,SO-P0661-R01,1,1,1,1,1,1,1,1,1,1,c1a2fa6d0c047b7ab07a798b461ad8e783a2fce18b0aacfd7478455f0adeb81a
860,661,2,SO-P0661-R02,1,1,1,1,1,1,1,1,1,1,518d042b698ccbba5289284649bd976bc6e0ad4adc45fec2a8208aab8392a6cd
860,661,3,SO-P0661-R03,1,1,1,1,1,1,1,1,1,1,2f96028de97040431baa2511c4062940667fa4ced70b8ea42fffef1ba8694867
860,661,4,SO-P0661-R04,1,1,1,1,1,1,1,1,1,1,7c44f97077c55eb9993655062785651f015cdac3d0a8892ea5279193c3b38c83
860,661,5,SO-P0661-R05,1,1,1,1,1,1,1,1,1,1,fe5d42352acd7872250d56e557a9d746c9ffb4f46f7e5853f917f76462ec72e8
861,662,1,SO-P0662-R01,1,1,1,1,1,1,1,1,1,1,45329d115b921806227a66933c37e692f4dca2775692943a3272b5542b45658b
861,662,2,SO-P0662-R02,1,1,1,1,1,1,1,1,1,1,14b761b7a81752fa9dbcbd8931ba5dc3630288b3d6a889966bd46116854ebdc5
861,662,3,SO-P0662-R03,1,1,1,1,1,1,1,1,1,1,bd25ec4d12f2ef21c2f41889900e4fb6b2ca5a87d497a7c4c217fea5dd263c84
861,662,4,SO-P0662-R04,1,1,1,1,1,1,1,1,1,1,5fbe618de21d6f5f39bf1623d8429c3e7a25c140f071655ca2c9c701a0d25f0b
861,662,5,SO-P0662-R05,1,1,1,1,1,1,1,1,1,1,9a093c9aac512ed480fde82e45c1da55d671561e8fad7a787efd30fb9dac873e
862,663,1,SO-P0663-R01,1,1,1,1,1,1,1,1,1,1,ce2b9319d011b2b2a8d7634fee1361a0a05b163979c124933aa20def54910f93
862,663,2,SO-P0663-R02,1,1,1,1,1,1,1,1,1,1,d252a5ce18b190ae9b906b7b097fc60b88cd9307d47038ee70033d0f53cd2b1a
862,663,3,SO-P0663-R03,1,1,1,1,1,1,1,1,1,1,f7a702899d7ca3d202a22db26f8453915a7764a7a7cdd991472e0e8be123475c
862,663,4,SO-P0663-R04,1,1,1,1,1,1,1,1,1,1,be4aa1899f387243a9b4a307fff845e8241cfc426fd437057b462fe13f5ef029
862,663,5,SO-P0663-R05,1,1,1,1,1,1,1,1,1,1,599fa6d09bf34b054cfe18aecfd3894f3b640806879aa32ddd048d8c279eec54
863,664,1,SO-P0664-R01,1,1,1,1,1,1,1,1,1,1,bf8edded199747ced24bb5fcfbeac2985552e36c7fca968fdbd17f37e1365882
863,664,2,SO-P0664-R02,1,1,1,1,1,1,1,1,1,1,4b9cd27659aeb5e633a5e866e1d1f14386c2791dd34b703d5ad503b092abc42a
863,664,3,SO-P0664-R03,1,1,1,1,1,1,1,1,1,1,c3a6a9b6570c0f839aee1939523bf16a2dd3792b155631a454009a3f0716503b
863,664,4,SO-P0664-R04,1,1,1,1,1,1,1,1,1,1,a00ad3d663f1db804d746ed9c90aeabbeab131fc3b7c7f96fe953997be4c8dd0
863,664,5,SO-P0664-R05,1,1,1,1,1,1,1,1,1,1,b7742e145c2055697ffcd06bd72abe84c44051299b44b2b3955f4d7707072061
864,665,1,SO-P0665-R01,1,1,1,1,1,1,1,1,1,1,3d9855553cac7a6f9c17bf875105f9446820c01a2edf39a16b44e45338172c52
864,665,2,SO-P0665-R02,1,1,1,1,1,1,1,1,1,1,ef28a11ba7ec39390b6e7d6346dfb718fb6c53d674f219c75639e990c5c7303f
864,665,3,SO-P0665-R03,1,1,1,1,1,1,1,1,1,1,a6fe48aa04009f10cf5729fdba2a0768b1010cd90b79dc180976ebf24602e5f5
864,665,4,SO-P0665-R04,1,1,1,1,1,1,1,1,1,1,6bfbcc95a84c307193e20039e9aa7c152cc2b2f6f2a719b5495a2f9a3e95c243
864,665,5,SO-P0665-R05,1,1,1,1,1,1,1,1,1,1,b89c6f35f6e806e5183451c498ff51c8a28272299a0fdab5007f381840ba1664
865,666,1,SO-P0666-R01,1,1,1,1,1,1,1,1,1,1,57dcc00b15120df16fb178a971f4249498ec921f879726ca839c7333dd83c444
865,666,2,SO-P0666-R02,1,1,1,1,1,1,1,1,1,1,e282e7c33baae5d3f88174e04588f486030ddc71f0e1ad73f9bdf4a207e62ca4
865,666,3,SO-P0666-R03,1,1,1,1,1,1,1,1,1,1,b719cc9ab710a880e6a015d77bea2727a576a26a71178e76836e1abea16acee6
865,666,4,SO-P0666-R04,1,1,1,1,1,1,1,1,1,1,c253b7f1d1496e8e6434c25dbacddcbbbcc788ae1e652e63978b4ee97a1c3844
865,666,5,SO-P0666-R05,1,1,1,1,1,1,1,1,1,1,62a690c2ebf138c3f38e50e6778d4748211f8f1c4130d2c75fd763f6218998e5
866,667,1,SO-P0667-R01,1,1,1,1,1,1,1,1,1,1,1903b7ed650b6d560c5f7d0d3c1ae267fa2ed45b80c50a84aeef75892c2f653a
866,667,2,SO-P0667-R02,1,1,1,1,1,1,1,1,1,1,e9aff1750aa9875b1560837a7746fe649297fe1e8db09432d64506d7f0a3586b
866,667,3,SO-P0667-R03,1,1,1,1,1,1,1,1,1,1,c4581701bb67c526780fe4f1aba89cfe2b91ea030ed8dc8b13af853397e50b64
866,667,4,SO-P0667-R04,1,1,1,1,1,1,1,1,1,1,a2820ef9c6a0d5c577889a0f481dfbbc0b33be1593d803e152466b0723c75f9e
866,667,5,SO-P0667-R05,1,1,1,1,1,1,1,1,1,1,15c9d7536beb0ebaf4863bcecb751bb89a4596a537bd711af2b188c169975b7f
869,668,1,SO-P0668-R01,1,1,1,1,1,1,1,1,1,1,9c5c8dd35aa76dc1a7e09ae4bfa4ade638de47aecf049a6cf7016f4b06dc325c
869,668,2,SO-P0668-R02,1,1,1,1,1,1,1,1,1,1,4e3a350617e5570d3e5f9c4b95cd474144355fde58c8ec5981a5f56f1b5642f8
869,668,3,SO-P0668-R03,1,1,1,1,1,1,1,1,1,1,b0f9a6da424fc357dd425a7e09cb75fb51b5671c78f7a699ccb70b18f7da05bb
869,668,4,SO-P0668-R04,1,1,1,1,1,1,1,1,1,1,c4bfa68aa8b6a7a42ed277f3cb574e408a979e9768ff34905ece87419d313eb4
869,668,5,SO-P0668-R05,1,1,1,1,1,1,1,1,1,1,c4961b2590de2b079c2d38eee9bd9f5620077e18f6719676547bc46b410459d5
870,669,1,SO-P0669-R01,1,1,1,1,1,1,1,1,1,1,baeccfb484e485e9eb1917811b3be339bdfc1e9ca0cb28b84cf30038510a0f61
870,669,2,SO-P0669-R02,1,1,1,1,1,1,1,1,1,1,25a0b6f1c43adadb209d42c102b88081ceb7bd3e069e3972f1ee5e39940cbbb1
870,669,3,SO-P0669-R03,1,1,1,1,1,1,1,1,1,1,9e84af58779b3e4cd6da8cf3fc64f7724d83281bb00238950a7dad44ccb7e979
870,669,4,SO-P0669-R04,1,1,1,1,1,1,1,1,1,1,4f3abc0d9bc42b4b51a4f6d2d0712e6b66036cc8e60ecc72217abdceca3a365d
870,669,5,SO-P0669-R05,1,1,1,1,1,1,1,1,1,1,cf6f5def6e00159d8b3c3d0332bf467e683358ab7012356592972e0c0709adc3
871,670,1,SO-P0670-R01,1,1,1,1,1,1,1,1,1,1,759f19270352221df7bf663545f7212504b963b607b25ee1e6fe5e7ada496b82
871,670,2,SO-P0670-R02,1,1,1,1,1,1,1,1,1,1,8f9c41f3484616478c0a703170064e4c872c22da70475aa498ad995b2da01edf
871,670,3,SO-P0670-R03,1,1,1,1,1,1,1,1,1,1,92161297c2f6581b3e8656dd9360977d6f8d76ef55c4ae6f08d9fa65e7cf991f
871,670,4,SO-P0670-R04,1,1,1,1,1,1,1,1,1,1,2adbde1f1b5e8df02d21f5c98e9f5960d83b2c90c0198815967fc123ffe9b2e2
871,670,5,SO-P0670-R05,1,1,1,1,1,1,1,1,1,1,e82d5f722dd0783c75a03db7a8d7ee62a7880b90b91779a756236f7bc05aaa4b
872,671,1,SO-P0671-R01,1,1,1,1,1,1,1,1,1,1,0ecfc72a38cdc44419ed28c37f53bdeb8e38f17fca3090a69b78c43d50becb23
872,671,2,SO-P0671-R02,1,1,1,1,1,1,1,1,1,1,3bcf7a915202609e73a63631d2efb96b2dc589c7871daa2cd48aeca119a44964
872,671,3,SO-P0671-R03,1,1,1,1,1,1,1,1,1,1,952c8170ed6348350ee4f999caed5f2b5712689a18894eaeb0fee995feade5ef
872,671,4,SO-P0671-R04,1,1,1,1,1,1,1,1,1,1,025029785bf31ec84906861e61cd5ffd88617ab7c84eb61dbd1e9d98e029b5ec
872,671,5,SO-P0671-R05,1,1,1,1,1,1,1,1,1,1,98bda348adb6cc8b69de339f2acc7c2fc2d0516cd27d0d6e53fd32848c90001f
875,672,1,SO-P0672-R01,1,1,1,1,1,1,1,1,1,1,8b8a965199108ea5d3e35586df81a609797bff56ac6b47ddd466e453135c80d6
875,672,2,SO-P0672-R02,1,1,1,1,1,1,1,1,1,1,4897761f9e123f4f21e5da5e9effcf5046a91adc5508ef719573d405329f42c3
875,672,3,SO-P0672-R03,1,1,1,1,1,1,1,1,1,1,e8f4cffe16647e5bafbecbf9b295ef23c55980590986483e6b222c2ddcde4d89
875,672,4,SO-P0672-R04,1,1,1,1,1,1,1,1,1,1,574cf653a5fd3a370f4604eb127afbb8bebfb423560efce3bc4c872331b80a42
875,672,5,SO-P0672-R05,1,1,1,1,1,1,1,1,1,1,7040b1971b0c9dbe1658c09bbf1cac06038190b691cc63f005437ebd04a860fa
876,673,1,SO-P0673-R01,1,1,1,1,1,1,1,1,1,1,056774e324cf67b23698489e0ca6441393de86c6c129cac6b1d637048eae4ef5
876,673,2,SO-P0673-R02,1,1,1,1,1,1,1,1,1,1,023d60b408720f816eb8ac9cc4fdb96bf947d6829cb681b92455db2a78fc372d
876,673,3,SO-P0673-R03,1,1,1,1,1,1,1,1,1,1,88d53afe7137dcf003c441617b317a8f7f0611471e250a3491d70109a5f918bc
876,673,4,SO-P0673-R04,1,1,1,1,1,1,1,1,1,1,25f58a5425d171dab092fd3c1cda6a683c266e989a6cd335bd2f74661b953c36
876,673,5,SO-P0673-R05,1,1,1,1,1,1,1,1,1,1,835ec60f08b6effb6bb0f131d8dcd07aa11dff4c0d5723197d5059e491d834e2
877,674,1,SO-P0674-R01,1,1,1,1,1,1,1,1,1,1,36d83b832e1ac70f2312f7d9d3048f978b0daa7eaa49d77f302c78352ffcd88a
877,674,2,SO-P0674-R02,1,1,1,1,1,1,1,1,1,1,622acd103782a3c698adaedcfe552508dd04b36eb94b7a18ebe65f2f03ace4d2
877,674,3,SO-P0674-R03,1,1,1,1,1,1,1,1,1,1,3ce086801550e272456aef10b0f42ef74294d73c6f68b1aa81b03246e8af7d47
877,674,4,SO-P0674-R04,1,1,1,1,1,1,1,1,1,1,7606f11f9c8d1a6214bea95991f3521acb2e004241292730fdac2596cc785522
877,674,5,SO-P0674-R05,1,1,1,1,1,1,1,1,1,1,03e508ee61c00bf76e022986a20efc1ce82cd430bf713e724f8a2a2d9de9a91e
878,675,1,SO-P0675-R01,1,1,1,1,1,1,1,1,1,1,890b36c2d69dd87c1e571b475491e02c8086c2b8cca8054866765bdea3ec6481
878,675,2,SO-P0675-R02,1,1,1,1,1,1,1,1,1,1,cd8f4fd703d8cdabefed4f4f5444325890e056740b9a29ef1f76c409b523f8e5
878,675,3,SO-P0675-R03,1,1,1,1,1,1,1,1,1,1,83dff333763d48dc7445f15a16fd1b059a2d045ce282e8b343f376d736bca643
878,675,4,SO-P0675-R04,1,1,1,1,1,1,1,1,1,1,05b6bd343c5bb88088970b3b61ad59ff6eb2d00629138d51e5f0492f5b75e1e2
878,675,5,SO-P0675-R05,1,1,1,1,1,1,1,1,1,1,82fe2e964f9a449d3d976f3ddb5aa413943055aee2dc8f79a603520f0e43caa1
879,676,1,SO-P0676-R01,1,1,1,1,1,1,1,1,1,1,c9c76eb029ec7601d6ad2c94f093539bdd2825d12df088db0450fe2e2374dcff
879,676,2,SO-P0676-R02,1,1,1,1,1,1,1,1,1,1,fda93199e2b0cbc9ba55f674027979a453dcb953c2996c38b2d45a699e3fbf2d
879,676,3,SO-P0676-R03,1,1,1,1,1,1,1,1,1,1,718db6f062da559b2b03d9db9f74abab0c9737f0c7c5f220558c398cc1c7aa1b
879,676,4,SO-P0676-R04,1,1,1,1,1,1,1,1,1,1,c0a43f63feb7c5a86661372197599810968982eedcb2cb74b8b03c60723d2fd7
879,676,5,SO-P0676-R05,1,1,1,1,1,1,1,1,1,1,fb20cf80871c33c7e97dae99564e5341b9ffea5bf7ce7cb2a8a8569c1c4d2f54
880,677,1,SO-P0677-R01,1,1,1,1,1,1,1,1,1,1,7ac582d63563cdd385d5331f19513e07c9c93be3b09086766e327735cb1fe987
880,677,2,SO-P0677-R02,1,1,1,1,1,1,1,1,1,1,c541da2e061f7c853fa3e19ce55d64a37c7788866a94f0a96710520d64b4484c
880,677,3,SO-P0677-R03,1,1,1,1,1,1,1,1,1,1,ab823cb220a2cc070ed5377b1b93ae5bc7221c6eaceff3c09c149ab854a577e0
880,677,4,SO-P0677-R04,1,1,1,1,1,1,1,1,1,1,fd73af14349d300bc04030b846326fe066bd034793277e49f6d46c5d0a47fdcd
880,677,5,SO-P0677-R05,1,1,1,1,1,1,1,1,1,1,25d30d5001b507247d463605aee331b2ff9844ec25e03f281a3d8c09d78e15a7
881,678,1,SO-P0678-R01,1,1,1,1,1,1,1,1,1,1,c355d9a11b3582560771d055b4bc8824c8d39629b3321874025d4d818c23e635
881,678,2,SO-P0678-R02,1,1,1,1,1,1,1,1,1,1,9158ad8f42b3872d39f2d349fc575daeb1ee3536a8fa20915ae95f9672c6f8fb
881,678,3,SO-P0678-R03,1,1,1,1,1,1,1,1,1,1,971a3f6b11adeb69d41a3038994ac520e14875b85ebe36edbbaa30497e20e0b3
881,678,4,SO-P0678-R04,1,1,1,1,1,1,1,1,1,1,386695458f393606c5380abe5a6a848e6e26a1fbbf01515d681c2e3e6cfa06a3
881,678,5,SO-P0678-R05,1,1,1,1,1,1,1,1,1,1,0734e72e2556675d289af0fd17819292e252b99b6478f049f8f326c7f8066e98
882,679,1,SO-P0679-R01,1,1,1,1,1,1,1,1,1,1,01e67f3f708174d82ef3f83bfe9a6f4cc9da5ff5042b09d1c61f06a8bcf78a22
882,679,2,SO-P0679-R02,1,1,1,1,1,1,1,1,1,1,cca756df0ce4ad17ff83b21ee97e99e97eb2d284ba055eea03882c6c0bf0ed46
882,679,3,SO-P0679-R03,1,1,1,1,1,1,1,1,1,1,5d05c81046ee29df6c5051f10f93a256677e5a196307ed8edb3298d30271af5d
882,679,4,SO-P0679-R04,1,1,1,1,1,1,1,1,1,1,4bfa44cbc1cf3d567057f46777eeb5466c8c9eed03c36e1c159d485f5506f190
882,679,5,SO-P0679-R05,1,1,1,1,1,1,1,1,1,1,b0925f92ef1ac78e84f7851f75592db53f3820e050cc80541af4e5f3fc650952
883,680,1,SO-P0680-R01,1,1,1,1,1,1,1,1,1,1,bcda5e54887989146729809a5a4b8935cb0a3eeebd15cd35d8dc22c81a7266fc
883,680,2,SO-P0680-R02,1,1,1,1,1,1,1,1,1,1,c2a7c1127aa0987ef6d1e5c1317b270f978f28b385bd3fe9b49563eb2aa210af
883,680,3,SO-P0680-R03,1,1,1,1,1,1,1,1,1,1,4b5380412811476e5079984ff50bacca55eb583f942a626ce7e3919675bf0cb1
883,680,4,SO-P0680-R04,1,1,1,1,1,1,1,1,1,1,ddbdef873f0da0b062045ca20d93e9294725e254dd3656e0a66f93cb64ce850b
883,680,5,SO-P0680-R05,1,1,1,1,1,1,1,1,1,1,36cb6965c98c2286b8cc62f698f56c372668264a09da73031e14c69552ac8332
884,681,1,SO-P0681-R01,1,1,1,1,1,1,1,1,1,1,e948f9545c886f8504d47a54bb8cced520892f171b1bd5fe7fcb29086e156a9f
884,681,2,SO-P0681-R02,1,1,1,1,1,1,1,1,1,1,1c36d1a130e38673723d71d9190fb0ce9ae665c5e608aacfceba6d1f2ab57c4d
884,681,3,SO-P0681-R03,1,1,1,1,1,1,1,1,1,1,635d8eb926fc4f0591a5512514b25a66613ef2eff9902a272c5e3479c07f78dc
884,681,4,SO-P0681-R04,1,1,1,1,1,1,1,1,1,1,e4d1eefb042cc46c47d53d4f96b1ed1a5e06679a2cbfe1c13d46c4943f6ceaf5
884,681,5,SO-P0681-R05,1,1,1,1,1,1,1,1,1,1,04acc962e5743cd2896f6fff72331878ac5fe951235a01009fbe55016a6e6f3b
885,682,1,SO-P0682-R01,1,1,1,1,1,1,1,1,1,1,fea620933660de5329b5db2d5274800257b3ec52966cb7a0706d8b664585842f
885,682,2,SO-P0682-R02,1,1,1,1,1,1,1,1,1,1,1ae6165b1d18dbdd8964f671fb8e2a7b886483cd8f68c017548cf95ef9acee11
885,682,3,SO-P0682-R03,1,1,1,1,1,1,1,1,1,1,88f8f3bc72e2539c13ef0bd56c92d638eb097281ada458d6cd7e580d79980dc5
885,682,4,SO-P0682-R04,1,1,1,1,1,1,1,1,1,1,7f751017506eee8a8085c0a626f56c5d39b1fff97c18de900cb72da3822c2701
885,682,5,SO-P0682-R05,1,1,1,1,1,1,1,1,1,1,3d507456a720cd5e8448d68ad1343d62d3d7c07c2869d212a713cf5783ac7787
886,683,1,SO-P0683-R01,1,1,1,1,1,1,1,1,1,1,6e02d45c0ab4ce6407dc939f575f7c9061a9b619dbba63b36afd91c3291e3797
886,683,2,SO-P0683-R02,1,1,1,1,1,1,1,1,1,1,d84a5ebca8e923f43443227b7e8d44c92494164ac1f8c636eebbf6c992f3bad2
886,683,3,SO-P0683-R03,1,1,1,1,1,1,1,1,1,1,c4907ed5daa191fa92be50f08ac32567d5c341316816ed7d842a89a10f27f8bb
886,683,4,SO-P0683-R04,1,1,1,1,1,1,1,1,1,1,345c37d5b8e63d0c3436bf550e3bd1bae54609731d19718abdbfbbc007a5f018
886,683,5,SO-P0683-R05,1,1,1,1,1,1,1,1,1,1,36b1c2551580fbc684d9c78d12af205db9d5eb51c828a7008b83032ae04369aa
887,684,1,SO-P0684-R01,1,1,1,1,1,1,1,1,1,1,39f91d8876c093769cd12ac8b58414f8b5b396a4647804039a87a7059bdd8724
887,684,2,SO-P0684-R02,1,1,1,1,1,1,1,1,1,1,173071231d6f7567b3704e77c7b36bdfc9958b740bdd64e403162e20d0dbc2f7
887,684,3,SO-P0684-R03,1,1,1,1,1,1,1,1,1,1,2ecc6f11a3e4fb4d487a3d1644799a9914e8606ec87faff2a35550f7cb912698
887,684,4,SO-P0684-R04,1,1,1,1,1,1,1,1,1,1,5d3527a1fe783b1f1e452877de437477f88858c30d31bd18f1a450785eb47428
887,684,5,SO-P0684-R05,1,1,1,1,1,1,1,1,1,1,ea489140d8b0480b6d8f2c403b107094a849300d3dee1885c95491105c21176b
888,685,1,SO-P0685-R01,1,1,1,1,1,1,1,1,1,1,cb9a3a70bb02abd69040c27de3801072ccb2e63c2bdaa4cbbc1fc1540c10b04c
888,685,2,SO-P0685-R02,1,1,1,1,1,1,1,1,1,1,2201ea86dd9be8dec57e9b617a4b53e200ce20e6e29816f4025f99f2a66477fb
888,685,3,SO-P0685-R03,1,1,1,1,1,1,1,1,1,1,54b052331c86eb3324de67a127d0d19ba6c4f27c5ef5f64a2ab05314e214e1fe
888,685,4,SO-P0685-R04,1,1,1,1,1,1,1,1,1,1,fff122acb2e101f5e7ed0baa6a14697a54249919381d84925607e5a82e46328e
888,685,5,SO-P0685-R05,1,1,1,1,1,1,1,1,1,1,d2ef0f0a7d86476bd140d92d8c0fc3b5cc129e94b1f383312840f7018a8f6a68
889,686,1,SO-P0686-R01,1,1,1,1,1,1,1,1,1,1,c446ca915225a47ea38552124aaf006b06a615f496ce47f0a7438c0f2281be81
889,686,2,SO-P0686-R02,1,1,1,1,1,1,1,1,1,1,86843c758d209fe3b0a1d6eaed684c4b7b2e6dd3a2fef8d1d66c6aa361eeda4e
889,686,3,SO-P0686-R03,1,1,1,1,1,1,1,1,1,1,a0ea0dd1574488dbc2e92f493e42f2796044c6be8394e5feb5a0f59631dd4040
889,686,4,SO-P0686-R04,1,1,1,1,1,1,1,1,1,1,fccefb9d2fc966a1b6d7a947d83de27df8f65f103def4522df13f99f486bcb32
889,686,5,SO-P0686-R05,1,1,1,1,1,1,1,1,1,1,5dc3b85823d697019bbebc330ba2ff8dc08f4a91764958aac8b39069862be5fc
890,687,1,SO-P0687-R01,1,1,1,1,1,1,1,1,1,1,00e4da7ad80321ba743148cc82d336fdb90886509184df484a27636a68513ca5
890,687,2,SO-P0687-R02,1,1,1,1,1,1,1,1,1,1,a4b00afd42665ca273c7da03cb2760e107f4e1bc6f2c8ef9dbbd4461c2a8c074
890,687,3,SO-P0687-R03,1,1,1,1,1,1,1,1,1,1,88b337b1d6259dd16051d5bf02d51cf3b7f9feec69c0b4f92acd79130272cceb
890,687,4,SO-P0687-R04,1,1,1,1,1,1,1,1,1,1,3f9b3a4918f9d229a794fbd16d272418d6306d90112ed5361677bc282e4b5433
890,687,5,SO-P0687-R05,1,1,1,1,1,1,1,1,1,1,f90f6b0ea1c0d4c7fa2de502ac2777824e014cc893ea35655f02b0c0301871d4
891,688,1,SO-P0688-R01,1,1,1,1,1,1,1,1,1,1,f62918382f6d02dcbbf50a7a5198cf999e052b21fb3ff1f02348927fee141484
891,688,2,SO-P0688-R02,1,1,1,1,1,1,1,1,1,1,21bb26f38d909742b7098981f08fdd38452aa2e2db97b240f3c2d50739ad3590
891,688,3,SO-P0688-R03,1,1,1,1,1,1,1,1,1,1,8eaa9b15ea733565ff47cc0ee2892ad052926f207fe6c359a4f8079ffc7c4085
891,688,4,SO-P0688-R04,1,1,1,1,1,1,1,1,1,1,fd50a3525b1d7ea7c58e1c6d6065dcdea836f34a217a44c5e8fd021220f4297c
891,688,5,SO-P0688-R05,1,1,1,1,1,1,1,1,1,1,2929ae415e1c9b9536f447bb6b042745fbb72df5232ee005f95649bb50c23569
892,689,1,SO-P0689-R01,1,1,1,1,1,1,1,1,1,1,291c7b876ea40cc608971cb7ccb80bfa4b6830007d7d8f9288e73857f4b0e808
892,689,2,SO-P0689-R02,1,1,1,1,1,1,1,1,1,1,41c5a9ebf21dd64c43179021b8e5704b0be32843398be505678422bc69296b67
892,689,3,SO-P0689-R03,1,1,1,1,1,1,1,1,1,1,f30ee0f15ef8e1098f5f262587ea5a93778e7f469f55d00c50f67921e3f897ac
892,689,4,SO-P0689-R04,1,1,1,1,1,1,1,1,1,1,b6236c4ed09fa87034cc427b83dc6908e436fcb3adce2ef88d27eb2029eef01b
892,689,5,SO-P0689-R05,1,1,1,1,1,1,1,1,1,1,309830e3c983df970c45c9461f3278603cea970faed260400ba25a9de884da83
893,690,1,SO-P0690-R01,1,1,1,1,1,1,1,1,1,1,1063d2573e0cc53637f014cd0d8cf61a6e24d934299640064e1c83b142e4d02d
893,690,2,SO-P0690-R02,1,1,1,1,1,1,1,1,1,1,fb67426336d217133f958b8fc186b9e9d18ff31561df9cf58f6f192ec7f92683
893,690,3,SO-P0690-R03,1,1,1,1,1,1,1,1,1,1,9c272ce796887c9aaacf1b14422bae7f75809d21d1a3a8e85ececcab3ce2a187
893,690,4,SO-P0690-R04,1,1,1,1,1,1,1,1,1,1,7ba70a343e57d77c4ad39e1d0295452452cf9e51f4a240a49766f6a8ae68f481
893,690,5,SO-P0690-R05,1,1,1,1,1,1,1,1,1,1,47b3ed23a3b9344097366029b2921407c5d64eff78793524ca7b36d374debe9e
897,691,1,SO-P0691-R01,1,1,1,1,1,1,1,1,1,1,39f7daa9ba8cd5cdb21a7bd20f78261d155709a519c5faa9f9ee6411fcbe3e5e
897,691,2,SO-P0691-R02,1,1,1,1,1,1,1,1,1,1,ba6b456d88635c7ac1bf23d0677538cb8efc3f3fe6e488f2d300c8554a41663d
897,691,3,SO-P0691-R03,1,1,1,1,1,1,1,1,1,1,5cd9cdc6325df699fbf28cc18e1c04fcc498122556a9d3b5e1f87aa5412a246b
897,691,4,SO-P0691-R04,1,1,1,1,1,1,1,1,1,1,d13edd8ba9927ec6b89fdd646559aa0e03e655f6028c5ace0ff946f87949f7a2
897,691,5,SO-P0691-R05,1,1,1,1,1,1,1,1,1,1,adc2ef9aad0fe070307a6c38c756ea8216f8e28786b05f10881b8c811679e8bd
899,692,1,SO-P0692-R01,1,1,1,1,1,1,1,1,1,1,bd022ed3e4f17a7414e43db00623fcf6c7a6e1342f980a91d0072ad44573a164
899,692,2,SO-P0692-R02,1,1,1,1,1,1,1,1,1,1,6956121fe17f28b596cf14bd62065557ad58708a4ed52bb09b7b91fbcba999e5
899,692,3,SO-P0692-R03,1,1,1,1,1,1,1,1,1,1,87cd87d49578bab03439afd39069a2478e57ecce36b8771459fc66d23431c64d
899,692,4,SO-P0692-R04,1,1,1,1,1,1,1,1,1,1,62bc08d26acd49f112088fe3effbbe2357f062393c1ac7ba79135e39370af856
899,692,5,SO-P0692-R05,1,1,1,1,1,1,1,1,1,1,5d9231bf18ed33555cb0ee2d022e3e6fde69c74e060f31b62f654cc878d3abfc
900,693,1,SO-P0693-R01,1,1,1,1,1,1,1,1,1,1,01c26fd7337539b070aa43776557a4a015f8aff0825fded179fdadbed67b4814
900,693,2,SO-P0693-R02,1,1,1,1,1,1,1,1,1,1,691a7963ac2615e270e06bb29c9afbfedddfbc40c3627e91ed302002da3cb604
900,693,3,SO-P0693-R03,1,1,1,1,1,1,1,1,1,1,7f192e0da0ee88969fbb55be334828565b3b7d7a9b9c81c22de8ae59655471a6
900,693,4,SO-P0693-R04,1,1,1,1,1,1,1,1,1,1,5c5f279d606d64dfc10a7817e694d662599b1048c4d19dbbfe3fa50e8ef0ec07
900,693,5,SO-P0693-R05,1,1,1,1,1,1,1,1,1,1,0b0ae6c21990406ac86f16e56b274c2d5fe1699e54aee7e671f566e0283e0c26
901,694,1,SO-P0694-R01,1,1,1,1,1,1,1,1,1,1,a78eb9fc4700516dee96c1374a4c8cad61e8999abfa4b8b8cd79e84e974180d9
901,694,2,SO-P0694-R02,1,1,1,1,1,1,1,1,1,1,b2f9ad05848d9b986947b123e7ac29058c30831fa49fffcf9313dc42c1807971
901,694,3,SO-P0694-R03,1,1,1,1,1,1,1,1,1,1,011ba57fbed2977925d1fbec1fd2f11cf100b7f9227099d370f792da747d4f3c
901,694,4,SO-P0694-R04,1,1,1,1,1,1,1,1,1,1,90d2b992ba9dc3d94491eb64c4c4779290bb7dd692e29e2cf7c5d5dae4dfc263
901,694,5,SO-P0694-R05,1,1,1,1,1,1,1,1,1,1,1d76d722318b05e92557068896b93caa77c8b216c83f4747d3c6539483b30be2
902,695,1,SO-P0695-R01,1,1,1,1,1,1,1,1,1,1,fe31e7779d7a231ffad284411aa7b6cedbf75b6e39ff1bff41b3fb3b9b3cbb05
902,695,2,SO-P0695-R02,1,1,1,1,1,1,1,1,1,1,efa23fe5da0dab0946186f5abe43819a980006f6e309bef75c9ac47f8183072a
902,695,3,SO-P0695-R03,1,1,1,1,1,1,1,1,1,1,6ad5f3b29da95b1851d6d82670fd14647edcc489c3d73f126d2dccb33e77f86a
902,695,4,SO-P0695-R04,1,1,1,1,1,1,1,1,1,1,4e4d31eb512e773f5376e92df258bfa2cbc05a78041a145d719867c9ad14dde8
902,695,5,SO-P0695-R05,1,1,1,1,1,1,1,1,1,1,8df1d9e440e95c4f69d99cf7d9247f21e742ef4f4c1ee2355679d6dc7b6d1032
903,696,1,SO-P0696-R01,1,1,1,1,1,1,1,1,1,1,9d26f3cd8f9161e1f411c1a6a79d6036670034a40d9ece06ae1fec15e9bca8f2
903,696,2,SO-P0696-R02,1,1,1,1,1,1,1,1,1,1,7ffccbb9ec955743a9c2309bea3d3073ac1d6555d368cfe14e59d54a6cd08965
903,696,3,SO-P0696-R03,1,1,1,1,1,1,1,1,1,1,56d162c69d02cea70a387c244f5c0a176c39841f3192921fe1f81f307fa03013
903,696,4,SO-P0696-R04,1,1,1,1,1,1,1,1,1,1,78c43e3435a37731b04c72350f1855dec8740baa7221b1137ead741a5bc2c722
903,696,5,SO-P0696-R05,1,1,1,1,1,1,1,1,1,1,2a5cba1844863b82e77bf03fc2efc0c705616c1d47260bef38383a932091d2fe
904,697,1,SO-P0697-R01,1,1,1,1,1,1,1,1,1,1,daaf008ff5bd1fd43f1da033e590c4e4a39f6800bcef63d7492f30d7142fc549
904,697,2,SO-P0697-R02,1,1,1,1,1,1,1,1,1,1,f0b96e9c3972beaae0e55ca74319d7bea84d2c468b3790999f111b27841a9264
904,697,3,SO-P0697-R03,1,1,1,1,1,1,1,1,1,1,395d6f95e3f7b38d0f8cf794e96ea4da4f1a0e315a2470c54ffedf211c2f0cc7
904,697,4,SO-P0697-R04,1,1,1,1,1,1,1,1,1,1,332c763719ac28022551b34a1a07596e67cc96d50ea542b5fae7e40e984106da
904,697,5,SO-P0697-R05,1,1,1,1,1,1,1,1,1,1,092fe9b569056887030de40fb733094aba562593edd3e4607bba6d66b8ac1d94
905,698,1,SO-P0698-R01,1,1,1,1,1,1,1,1,1,1,2f1b0da0a188e9e86052f846c693b87ea2b2badd7898130d0604ed1e9dabfa44
905,698,2,SO-P0698-R02,1,1,1,1,1,1,1,1,1,1,72b33ff0a7009d0326460606054d4e3e38a333a2e2c52bbc8f3104ba53ac0880
905,698,3,SO-P0698-R03,1,1,1,1,1,1,1,1,1,1,2f53cc27b387a3ff57e47c113a17f7da14cf878e91145b2225e91b54d9fc1d5d
905,698,4,SO-P0698-R04,1,1,1,1,1,1,1,1,1,1,14d705462fb928878f7659e9ff5c09b7a71ecdc7820675735ddc5f1dd9b3fe5f
905,698,5,SO-P0698-R05,1,1,1,1,1,1,1,1,1,1,b8cfca10439cdf5951a511c2d293433d2a1c45480fb1f0654d1c16914d82540b
906,699,1,SO-P0699-R01,1,1,1,1,1,1,1,1,1,1,df9ecb553eec10cb9aac988c9253ce539a4b92b38aed21c339ad568a06591170
906,699,2,SO-P0699-R02,1,1,1,1,1,1,1,1,1,1,a81a52aaeea8eb6af426dedd6d4cbc80e14d72dc0697d65a76441be92db7299f
906,699,3,SO-P0699-R03,1,1,1,1,1,1,1,1,1,1,e29652735cfd82d3802813b4eda67bdf9222ff777f0e64ba5bdc27f3470c9a24
906,699,4,SO-P0699-R04,1,1,1,1,1,1,1,1,1,1,d2512c2f8ef9f6faceeafa8f94cc7050fbcd1b7fc3af1d209edd3e383ab6bd19
906,699,5,SO-P0699-R05,1,1,1,1,1,1,1,1,1,1,9d300a331be71fb3b898bb2e089961af1678281b3284899c90a332f7012ca873
907,700,1,SO-P0700-R01,1,1,1,1,1,1,1,1,1,1,84e6542cde49b3d8a7491f489a77230c10a2f501b8a71ca01672326e72ab8537
907,700,2,SO-P0700-R02,1,1,1,1,1,1,1,1,1,1,16155c681c566cc4df7925f6d478c1dab5f94bbf373771cb447bb48ce48695d1
907,700,3,SO-P0700-R03,1,1,1,1,1,1,1,1,1,1,d3afa3e8feade8146166878160109a8db22da94305dfd38d68863802b2fc2ffc
907,700,4,SO-P0700-R04,1,1,1,1,1,1,1,1,1,1,51e7e8129deb520dd19f2f769570ec27991f8e3c872676d72be5c1adb01c4520
907,700,5,SO-P0700-R05,1,1,1,1,1,1,1,1,1,1,c7aecd0f52b31181805f256e666e0dc4f0145a476dba3e4a23f9593444c23330
908,701,1,SO-P0701-R01,1,1,1,1,1,1,1,1,1,1,f18b544f45896b447778b99ff036e469f7af3a0fe076f9135878995f6dca579c
908,701,2,SO-P0701-R02,1,1,1,1,1,1,1,1,1,1,624798cc66c7e74daaf3ab6b03e4e0bc2e2f5d224cacbe8eea4459781f22f35e
908,701,3,SO-P0701-R03,1,1,1,1,1,1,1,1,1,1,307533785a858d5225d323d22e1cd6207327ea1e003cae774e9ce72d59f4530c
908,701,4,SO-P0701-R04,1,1,1,1,1,1,1,1,1,1,3c6e29741aac48fdede895b96017aee008642416d858b1b32a8c8adc2eeccfec
908,701,5,SO-P0701-R05,1,1,1,1,1,1,1,1,1,1,06e65baecc00c49f6040eb1727b07c7dd7cb48924de1b61249405e1c250d56e6
909,702,1,SO-P0702-R01,1,1,1,1,1,1,1,1,1,1,f2b2533ae1f0bc1063dcbebad510048a3fb851f9d4acdf9fe8e11baeb4859793
909,702,2,SO-P0702-R02,1,1,1,1,1,1,1,1,1,1,df1d16316de1d528f1297c00733edfb943a237deb60a874fbf94d400e2f9c234
909,702,3,SO-P0702-R03,1,1,1,1,1,1,1,1,1,1,78b6c65713ce12b5964e5ebedd0564972b13ea8f0586650f5bc3b0390cd8e65c
909,702,4,SO-P0702-R04,1,1,1,1,1,1,1,1,1,1,f44cc5da28a138ec83f74f9cec51a22937ffed5fc4943d8307eae06b83dd62a6
909,702,5,SO-P0702-R05,1,1,1,1,1,1,1,1,1,1,06cff4caa15eb601ad71dad3eb54c572323f722484970151dc0671e9e434cb69
911,703,1,SO-P0703-R01,1,1,1,1,1,1,1,1,1,1,68e67a4600b9e885a920cfe54fb5a247a5ad01f01c9a58f395b8ede3b930e17c
911,703,2,SO-P0703-R02,1,1,1,1,1,1,1,1,1,1,7186605a63a2ccf6d7147a3b1c13ff657e466dcd08b4c87d06b9c76222af0d20
911,703,3,SO-P0703-R03,1,1,1,1,1,1,1,1,1,1,e4b7a96f3af0ba0452c1d4a4b672683bca4235680a684b474d19213fbd15d1e0
911,703,4,SO-P0703-R04,1,1,1,1,1,1,1,1,1,1,fb94f4299c27b5ea229ab6a01d40c11d1d704dc7b30b529d1f9d3d4e5965f334
911,703,5,SO-P0703-R05,1,1,1,1,1,1,1,1,1,1,9fc8cc4efbb6e088c6ad1c870e3f5fa943de4f67fe31637d5cd976356a9c38f9
913,704,1,SO-P0704-R01,1,1,1,1,1,1,1,1,1,1,7ff53df8cd7a3f9eebe00af0f7261de5ea9e6ac7b6b3e830699b5d25d62b93d0
913,704,2,SO-P0704-R02,1,1,1,1,1,1,1,1,1,1,42a81ea56f41c6eafe3f4481d47314c8298249c3218a84d1e084b83cf5101c00
913,704,3,SO-P0704-R03,1,1,1,1,1,1,1,1,1,1,d748776badaf9772ba6483b3932647def9c3cb9d7c1a2c41da6e46a4eb07926b
913,704,4,SO-P0704-R04,1,1,1,1,1,1,1,1,1,1,4381ae2564bfd6c2d9dbdf5d80a727c4c494b24f06b2d71b019b07c41c986539
913,704,5,SO-P0704-R05,1,1,1,1,1,1,1,1,1,1,1d4dc9f087330e77c49a0cd0967e2f274391fa38d891f1a1c98a85687a891d8c
919,705,1,SO-P0705-R01,1,1,1,1,1,1,1,1,1,1,db5f6769d0a397bc4a3be2a8bbb4729d48ac1cead73972de7d2b9417c48aafd1
919,705,2,SO-P0705-R02,1,1,1,1,1,1,1,1,1,1,82c4d0bd7f5c5b93700e5593da3b430a4ed3d00f648fdb9e21604be75a9841a9
919,705,3,SO-P0705-R03,1,1,1,1,1,1,1,1,1,1,be3343cc3e93176a5064f15b19114c836670eee0fd6ad8e38e1e60fd433ee1a7
919,705,4,SO-P0705-R04,1,1,1,1,1,1,1,1,1,1,9fa4c9a4befdee6ee9d1e5487fa416768d99ae99142299f104abbd853851fea9
919,705,5,SO-P0705-R05,1,1,1,1,1,1,1,1,1,1,6a2ea8cae92b0817895e42352f320b2a8f70f448de8ebc76f58edf275548fcdd
920,706,1,SO-P0706-R01,1,1,1,1,1,1,1,1,1,1,6a060efa5dbc833d16d6391db5010325ad7b445a01d4fec4fe9b3c908ed99eef
920,706,2,SO-P0706-R02,1,1,1,1,1,1,1,1,1,1,fc4a76d73dbfbc61ccbf13e0967b7c54f4d67d2ebb1e78dea6d57ed9652d7c7a
920,706,3,SO-P0706-R03,1,1,1,1,1,1,1,1,1,1,853b6693e2bb96031cb7fb3bead694e3c17402742b2bae328be2847bf8a081ad
920,706,4,SO-P0706-R04,1,1,1,1,1,1,1,1,1,1,7d56a1cffb29ce24096b3fc5a8429224051fa894d8eefd5483adc46549d6b7f2
920,706,5,SO-P0706-R05,1,1,1,1,1,1,1,1,1,1,bb0e54c78abcb452f4ba26dd85f0eb521b62d4adfc43d06e5a6139e8b51a556d
921,707,1,SO-P0707-R01,1,1,1,1,1,1,1,1,1,1,c7070d67ae29581a1b1b23245f3314200faba4a5cdc9e162a3a623df2c5c5abe
921,707,2,SO-P0707-R02,1,1,1,1,1,1,1,1,1,1,57f8e215bfd6ee415182bece44415c79765bef74809bfe5dbcceb8b10efb308d
921,707,3,SO-P0707-R03,1,1,1,1,1,1,1,1,1,1,ed1e065c247fdd7a2a1534c919adb5bd4b16013b707f451188a3a579ee75270e
921,707,4,SO-P0707-R04,1,1,1,1,1,1,1,1,1,1,2ae53c886fa616b8d11e6039753ab5508bc4569e003d6c012582b64b36cbae20
921,707,5,SO-P0707-R05,1,1,1,1,1,1,1,1,1,1,7ae18c884cf9310086b363e8172aabfc2609a67f7f3c72543b81796cdd97183d
922,708,1,SO-P0708-R01,1,1,1,1,1,1,1,1,1,1,757bc13fd882faaae432c9991ee397cc5523aae9da169ab40fe322c1abc88fc4
922,708,2,SO-P0708-R02,1,1,1,1,1,1,1,1,1,1,ebf96741e148bffd68802b333b4c666fa709f7a45d6deee0e677461b9751dade
922,708,3,SO-P0708-R03,1,1,1,1,1,1,1,1,1,1,72d9787cfecb18d05348d60ecf369abfd201a6c8ab1f540905fb7bbecdc8c302
922,708,4,SO-P0708-R04,1,1,1,1,1,1,1,1,1,1,19a17ab1fc0ceaa00bb7e282d39dcccb1f8b3743df9aec762176d7731d8ee1e0
922,708,5,SO-P0708-R05,1,1,1,1,1,1,1,1,1,1,1720bcfb9b4e120e96537815632ca25a70eede97a4f4faa66033e50c8c1915eb
923,709,1,SO-P0709-R01,1,1,1,1,1,1,1,1,1,1,e70f00761a9c91e5db995275d739c920b2ae618133b9ce0c9213c4fca568f67c
923,709,2,SO-P0709-R02,1,1,1,1,1,1,1,1,1,1,c63fc521245ca10206cb291c20ad04e17d71427198d1860e69cc889bc1b4271a
923,709,3,SO-P0709-R03,1,1,1,1,1,1,1,1,1,1,86188938e2fe63257c59d82e4c81d64be592880aceb477df8f442fa350936fcc
923,709,4,SO-P0709-R04,1,1,1,1,1,1,1,1,1,1,426c50a6c0508f8879d7c127cfbade098ad03b88e3c5d1c6cfc6b432c261ea4d
923,709,5,SO-P0709-R05,1,1,1,1,1,1,1,1,1,1,f0af31b93b0bf78ef58616524a06e52faf6667ac5812bcb9e650a9c40df2ee9e
924,710,1,SO-P0710-R01,1,1,1,1,1,1,1,1,1,1,54eadf086db97457e54adab242f12367d08d90cba8ad1b4518561b576233398b
924,710,2,SO-P0710-R02,1,1,1,1,1,1,1,1,1,1,e9c5d02b26180f176613082c363c4526761e9885469bdb330b2123d6af1138e8
924,710,3,SO-P0710-R03,1,1,1,1,1,1,1,1,1,1,c8c9c636eedcaadc699132c8b53bae401f332960f02863ad68607c72340ddc21
924,710,4,SO-P0710-R04,1,1,1,1,1,1,1,1,1,1,25171d52ad4c180855a66f8736b44adffe43415927113eba99ed0913edd5aaca
924,710,5,SO-P0710-R05,1,1,1,1,1,1,1,1,1,1,5fcd40db8b342f8fa3e009c6e35449c2d8de2fefba77f82ca50917118c4fa05a
925,711,1,SO-P0711-R01,1,1,1,1,1,1,1,1,1,1,41f2055a68efc1d68e2df98b0dbe8ec5969ebe2fb3a19b8ac3a920c0afdfa26e
925,711,2,SO-P0711-R02,1,1,1,1,1,1,1,1,1,1,91e2f8e6c590fc6da2157a3dd161a98f5f8f033280f95592b8fcb6daaa03d3db
925,711,3,SO-P0711-R03,1,1,1,1,1,1,1,1,1,1,8d4a5f08630e4b897fff5d72981eff48c466209ff18b4da27d835e5a9d61c796
925,711,4,SO-P0711-R04,1,1,1,1,1,1,1,1,1,1,41d425537828a6880790c3c1c7a666754795a21a5a28f2af45fc712f74dd04f5
925,711,5,SO-P0711-R05,1,1,1,1,1,1,1,1,1,1,120c9eaf94c554fa076dff7551cd0136dbe64c976fa615ad1ba99ade463956a1
926,712,1,SO-P0712-R01,1,1,1,1,1,1,1,1,1,1,1cf784c5f2ad1b89d8f89248724c9d3a1e72455efbcef8084aa1424b75f4645f
926,712,2,SO-P0712-R02,1,1,1,1,1,1,1,1,1,1,edbd1e4397062a047122b62e3ee27622b036a47ad256d7e52594bd5ba75c8b04
926,712,3,SO-P0712-R03,1,1,1,1,1,1,1,1,1,1,9c47526ef6715f359efa3c69d452c87c1972483abab810a89538550279771369
926,712,4,SO-P0712-R04,1,1,1,1,1,1,1,1,1,1,3378497e669f25f68403047940d0129f672b3ff584fc98fe5322780d4859ef4b
926,712,5,SO-P0712-R05,1,1,1,1,1,1,1,1,1,1,0c6323591a309cd42fe60fca7f836a1d09f259fb516e5d7232387e2486445167
927,713,1,SO-P0713-R01,1,1,1,1,1,1,1,1,1,1,09fcaceae6bdb43dedb4188812222d237afb17c81885d7ee5c5382ce6e307b49
927,713,2,SO-P0713-R02,1,1,1,1,1,1,1,1,1,1,7255fcd9f06cde076f431f9b4fb4e82a8c203400f8bd3dec99b4fb8eecb7ad7c
927,713,3,SO-P0713-R03,1,1,1,1,1,1,1,1,1,1,bcd7ce70d69b5d3a88557bb2f86fe9f85ce719a88e314e8cdf404842c7e58b4e
927,713,4,SO-P0713-R04,1,1,1,1,1,1,1,1,1,1,d3322a4eaa9e8f72d90b7e592e9a71e830493466c050524ed827ab8413790f4c
927,713,5,SO-P0713-R05,1,1,1,1,1,1,1,1,1,1,b1d08b8b74d9563d13c0407f61c6e892051871015174bfc78c44cbb3e6b781be
928,714,1,SO-P0714-R01,1,1,1,1,1,1,1,1,1,1,0c191c32b60aa0ec5b83d091b60c2f24662a06686b4cd37e1beb472eaa24dd2f
928,714,2,SO-P0714-R02,1,1,1,1,1,1,1,1,1,1,0934961f203e01f8fcd5b1f1890ef095ad948a5bb37c2b00e12ec0a83e19a444
928,714,3,SO-P0714-R03,1,1,1,1,1,1,1,1,1,1,1546223c6f08475bdccd291a8b3e8820c6645e0790c3dc18ccfedb0d43fe4f10
928,714,4,SO-P0714-R04,1,1,1,1,1,1,1,1,1,1,b8baa944852179adbc9b5b8263291ecc411c6871dd26b05321ac699999d7085a
928,714,5,SO-P0714-R05,1,1,1,1,1,1,1,1,1,1,44fc358866b4836cf9cd521bcce8edc2c5e9f275a9b71ee96ab9c133e6e56510
931,715,1,SO-P0715-R01,1,1,1,1,1,1,1,1,1,1,29978a9144bd7ee66cf7308e6a36ad42c7df002c4438aad6c5649ef4e7b051f7
931,715,2,SO-P0715-R02,1,1,1,1,1,1,1,1,1,1,3cdff344774c140a7ee2e4c7d58e4ca92f7c6370503c123efb67b4410c28b065
931,715,3,SO-P0715-R03,1,1,1,1,1,1,1,1,1,1,58d06ed45470a112098eee37d62c6e68900e083ca95ab81026559d8f05af7f16
931,715,4,SO-P0715-R04,1,1,1,1,1,1,1,1,1,1,3401fc2b1002bf16e25afcaf15af54b317dec81b5463ca46577e34d21c79cb94
931,715,5,SO-P0715-R05,1,1,1,1,1,1,1,1,1,1,01b886a634ddcf483288145284c14eadbdf20626fbd78d7a49cf25d54998e18c
932,716,1,SO-P0716-R01,1,1,1,1,1,1,1,1,1,1,eaf0f0599fed8175e94db7cc13817cac7bc09327915588c4dddce59418646417
932,716,2,SO-P0716-R02,1,1,1,1,1,1,1,1,1,1,399d56f39eb512c3df428e99d33203312f43eded061c0d3fa3762870bcf2fc98
932,716,3,SO-P0716-R03,1,1,1,1,1,1,1,1,1,1,a8cf676d4b9959c8f247318dab2df5f49826b243031e67935cf58074d7170b04
932,716,4,SO-P0716-R04,1,1,1,1,1,1,1,1,1,1,97cd15db334d28947141ee45da82634f0dc0648e88e737d9dc80b282a614d3bb
932,716,5,SO-P0716-R05,1,1,1,1,1,1,1,1,1,1,d6781c2a7245e2fd4b9301e91da651d73abe12e0f2b524bce4d236cc47a82b90
933,717,1,SO-P0717-R01,1,1,1,1,1,1,1,1,1,1,beb4015d498f3390e05169eede3d2f62cd3a3c81d8c960f310503e2f270174f0
933,717,2,SO-P0717-R02,1,1,1,1,1,1,1,1,1,1,395aff793b8987e5ab12ecc1a82e67aa35c58bc34d18b1b02e3089d2692c3c95
933,717,3,SO-P0717-R03,1,1,1,1,1,1,1,1,1,1,d226622bb4800dffb2efaab396d75fde554d3bab06900eb93a8f68cad5025b6e
933,717,4,SO-P0717-R04,1,1,1,1,1,1,1,1,1,1,c7edb592dda8079e911b420ac25360a2a25408008e36cf13dc06fb64a88cec8f
933,717,5,SO-P0717-R05,1,1,1,1,1,1,1,1,1,1,be0abc3b28c4c9786f22df55eeafb5fd1ed9518fc3837ee5b518c2aee2c79de2
934,718,1,SO-P0718-R01,1,1,1,1,1,1,1,1,1,1,07eb15b28a785d9e60776a58f18cf13aa78f9b05b0b8fdde3d59c6c317e75021
934,718,2,SO-P0718-R02,1,1,1,1,1,1,1,1,1,1,0671e9149cb2daef27e4e5fdacb30da0e2f4f269a40e1bb16e7da4ef3dc0c34c
934,718,3,SO-P0718-R03,1,1,1,1,1,1,1,1,1,1,ae1204c3bc1e18729337ccf68477c58e7063094be1af40b626adfe61ba280258
934,718,4,SO-P0718-R04,1,1,1,1,1,1,1,1,1,1,23db3fc2393fd8260a51d3941ea48a55a2d65de5949ed28afe4843e3793214ee
934,718,5,SO-P0718-R05,1,1,1,1,1,1,1,1,1,1,865e85299d594e2ee7b79b6497eae86937e918c608c9d649424aaf0b896047bc
935,719,1,SO-P0719-R01,1,1,1,1,1,1,1,1,1,1,1e94220995caf4ddc35a3c14bb3b3eed417dc2f24ab241930fa3607902d87f15
935,719,2,SO-P0719-R02,1,1,1,1,1,1,1,1,1,1,89bf7fafad1ab8e503100859f4f1ebb7f6541d2c70fb312f6eff9f8275d29f6f
935,719,3,SO-P0719-R03,1,1,1,1,1,1,1,1,1,1,9dac688b50047c024a0618038d4c1c78ad56c3631371951b1d3f188b34b8c883
935,719,4,SO-P0719-R04,1,1,1,1,1,1,1,1,1,1,17b437b46ac2eefbc666378b32226d058b8303dfc67e54d2ecf29f53003c465d
935,719,5,SO-P0719-R05,1,1,1,1,1,1,1,1,1,1,3afc75018fb3ec25238349415021b5af3807ede3376cff3ffd919a7b5922ceb3
937,720,1,SO-P0720-R01,1,1,1,1,1,1,1,1,1,1,e6659bcace1760d2c1fda56cde40e009e3f7a2c02f6182c667e441e18160c548
937,720,2,SO-P0720-R02,1,1,1,1,1,1,1,1,1,1,dfba32bb669c5bd2e6ab96ec526def94f3fb667f755f8580ca526f347f6d6f12
937,720,3,SO-P0720-R03,1,1,1,1,1,1,1,1,1,1,afd55e8d6a7ea71a337940d11d4cf4e0e1ebbc4f9d9e886f64eca5b3277cff40
937,720,4,SO-P0720-R04,1,1,1,1,1,1,1,1,1,1,bd7f194bbabc4d984d2a0414611350dab8fb192e912f78e5826d228e0bb21957
937,720,5,SO-P0720-R05,1,1,1,1,1,1,1,1,1,1,ad230ce725fb885fc1d1aeecfa6830ad005842006fcb3f6296cd7ef63ef9342e
938,721,1,SO-P0721-R01,1,1,1,1,1,1,1,1,1,1,a4f2c45f9c400f023f065a3ede2215e616bbbf25d1e009103c0e8cf458840bda
938,721,2,SO-P0721-R02,1,1,1,1,1,1,1,1,1,1,571f3a84a838425b12e62c0d7f9e16a917e2377c2ce8c5e0a98057eaa7e06f9f
938,721,3,SO-P0721-R03,1,1,1,1,1,1,1,1,1,1,1f4e265c8316cd9df027e2b29bcb936728b3be4f055296a33d2fe647f23c52ad
938,721,4,SO-P0721-R04,1,1,1,1,1,1,1,1,1,1,ec81a77f9fd09db9a080c02d366cf7cb92c551c668c989e155139291d3f758ac
938,721,5,SO-P0721-R05,1,1,1,1,1,1,1,1,1,1,b557012fc74525dbeea657226a7fbe759fe40ee85b7dfc44725c37ef7824e645
939,722,1,SO-P0722-R01,1,1,1,1,1,1,1,1,1,1,7f359fe271a33af45c8eea0ae66050c3a1b26ef36f15ccc49a97f9e37759c099
939,722,2,SO-P0722-R02,1,1,1,1,1,1,1,1,1,1,4228ad0a5807cbda49121458d591d4951d5d3827ac58ff455951c89f000fb8c4
939,722,3,SO-P0722-R03,1,1,1,1,1,1,1,1,1,1,49fb3cb69e3a65eab5f514baa09be93786a0bcbc3ea7f75da085d80456e9144d
939,722,4,SO-P0722-R04,1,1,1,1,1,1,1,1,1,1,3d9ce1611983254933a616f04e3eb8064eff447af08ced6d0072a31364e302e8
939,722,5,SO-P0722-R05,1,1,1,1,1,1,1,1,1,1,c9d61b528542108e8e66d9d1ccec36f22f29a30abe68e2ddd2b5b13f214c8314
941,723,1,SO-P0723-R01,1,1,1,1,1,1,1,1,1,1,80801a57a1f82e660240ff69566271b8d97d83b905961794c353d66e110cefea
941,723,2,SO-P0723-R02,1,1,1,1,1,1,1,1,1,1,b97f533112d3c6c747459970d052ff4f461fcd16af65ed8b61ffd294132830b0
941,723,3,SO-P0723-R03,1,1,1,1,1,1,1,1,1,1,aebc65721f3fa5445e0d9cc10c95e6a7c8970814865f4922c5192a6e40492181
941,723,4,SO-P0723-R04,1,1,1,1,1,1,1,1,1,1,84676e0ef2b8947c0cba3b3befb30ef5f1399dc0de9bd5af81c91c98366d56c1
941,723,5,SO-P0723-R05,1,1,1,1,1,1,1,1,1,1,3426a21c7ed4d44ae27a4943c1ba167efeb79240631c0d5ebc0995bc6f9ae79f
942,724,1,SO-P0724-R01,1,1,1,1,1,1,1,1,1,1,e491b559817736da620a467d2204233dc39c8c121e8b97a0da9ddc7cc0714b42
942,724,2,SO-P0724-R02,1,1,1,1,1,1,1,1,1,1,45431d3c4f1e927662fc25f1929d9ee32f5645fbf7376195cf4606d3c4b6cdde
942,724,3,SO-P0724-R03,1,1,1,1,1,1,1,1,1,1,0ec83c73726fe3864bf474160e31622f71774cd0d2b7e26bcb0d132b9b7a22fc
942,724,4,SO-P0724-R04,1,1,1,1,1,1,1,1,1,1,94afa3108fd95732bcd468f856cbfd0b11344822971f8a81daabf3d39b1a28d3
942,724,5,SO-P0724-R05,1,1,1,1,1,1,1,1,1,1,95d7b645045a81930ff815cbfda0551e9843a91b67252830ee74d1748bb5f0ca
943,725,1,SO-P0725-R01,1,1,1,1,1,1,1,1,1,1,d2f4ae1daa062f1adddd99a09e5b8d0700fd1073cb8b87f28f9d59187917c0dc
943,725,2,SO-P0725-R02,1,1,1,1,1,1,1,1,1,1,52c88ce6e3a6913f0cfe2bac1052de227d6c1643411c25f42742b061f2e75863
943,725,3,SO-P0725-R03,1,1,1,1,1,1,1,1,1,1,b5114cef29f68e454c71882473f95f9152cbe4ba4c45545991a1ab05567464c8
943,725,4,SO-P0725-R04,1,1,1,1,1,1,1,1,1,1,b4e9448ea4760f71e003917df05512ba224603ff5111f3ede642af9f84163811
943,725,5,SO-P0725-R05,1,1,1,1,1,1,1,1,1,1,69b41200a9355b9e858af64db4caeb7a298313530122fcdb9f61752c8984abe3
944,726,1,SO-P0726-R01,1,1,1,1,1,1,1,1,1,1,5d5a8c641da3414f7b480050def6eaf1b5ac80ba64ccb5029bcfdce7dfca81ef
944,726,2,SO-P0726-R02,1,1,1,1,1,1,1,1,1,1,a97eddbf6a28764b89e4f05b05050537b95c38005d3e1af33306abd753a05b4a
944,726,3,SO-P0726-R03,1,1,1,1,1,1,1,1,1,1,d69250ba95153cb999b5bec3bf16d8643cec87ee2f8534e75ffb389829d9f77f
944,726,4,SO-P0726-R04,1,1,1,1,1,1,1,1,1,1,db788f7f948ce1873a82714f96bf8eac0f6053aaddf443ee2712004e4ef0a5f3
944,726,5,SO-P0726-R05,1,1,1,1,1,1,1,1,1,1,e5ceee5808c989760038e12a2f4c6d9fe3ecd7c20c7e7e2cfc5bc0632eafec2b
948,727,1,SO-P0727-R01,1,1,1,1,1,1,1,1,1,1,06bda45cfabbe17b4c9f0de0044d7a81976bc8cab717dc48bcb503bc4fe3577d
948,727,2,SO-P0727-R02,1,1,1,1,1,1,1,1,1,1,a39c23f9d0ada3c2df7528c6b791380c4fcc1f0624e101cacf69c6e96cc58e2d
948,727,3,SO-P0727-R03,1,1,1,1,1,1,1,1,1,1,e932ff4fea1847c6eaab4a31860cc8c0d4e58a6b656c8723299eeb0d17da870a
948,727,4,SO-P0727-R04,1,1,1,1,1,1,1,1,1,1,cfd3368a875b3c2a4f797739ffef6ad7b868ecc8baa35e33b48f52c50dac697e
948,727,5,SO-P0727-R05,1,1,1,1,1,1,1,1,1,1,3545272ad89fadba4c6ecf921112ea65e71710a623f0827c23692c9ad974015d
949,728,1,SO-P0728-R01,1,1,1,1,1,1,1,1,1,1,e9eebcecd369fe9a1cdc2214395f4d40b3fa9c50f004aa6704f3ed0967f61171
949,728,2,SO-P0728-R02,1,1,1,1,1,1,1,1,1,1,53f873d3b0054d76cc77344f828ebb857421d4ce38c81ba86478315784d0873a
949,728,3,SO-P0728-R03,1,1,1,1,1,1,1,1,1,1,e2179db259e4e8baf43ce06bebc2fc88e481dcfc6ab8d68bc42ffb644bb5908c
949,728,4,SO-P0728-R04,1,1,1,1,1,1,1,1,1,1,1973bb8f1269a15536e2d28f99886cf115411d2efcbdf02b419fe91de059a4c0
949,728,5,SO-P0728-R05,1,1,1,1,1,1,1,1,1,1,09df14e3f09d497d59dc34b8f865cdab75062ea5a3ac857f8521654f8dba9536
950,729,1,SO-P0729-R01,1,1,1,1,1,1,1,1,1,1,63763f2ff5db4e2458d5c0caceed697789c048a4fcafe73a886d2515d0d33bf4
950,729,2,SO-P0729-R02,1,1,1,1,1,1,1,1,1,1,1f75c682d2edd5b94386ae25e0a295c709f3633de19b40eaab257471a08d1737
950,729,3,SO-P0729-R03,1,1,1,1,1,1,1,1,1,1,5a8da7a30e6f2bf49f47fbcb63c0f6be447891e456f7a203b594e1fcbb666d4c
950,729,4,SO-P0729-R04,1,1,1,1,1,1,1,1,1,1,11533441f74af7fcd0f3a022e244b5bae2db649459d4ba9f276dd573730b66ee
950,729,5,SO-P0729-R05,1,1,1,1,1,1,1,1,1,1,765bf38c831fa8c2b7d2f9c65466a6ead189aad6d91fbc9d424b4b9e396a0575
951,730,1,SO-P0730-R01,1,1,1,1,1,1,1,1,1,1,784106b1b16f893783998538401cc9c29214a5271197b8789052b96e706c99da
951,730,2,SO-P0730-R02,1,1,1,1,1,1,1,1,1,1,0ddbc911d78633c0d688b80e93f3462b0caaff02369ed409801c3c0fe14dc128
951,730,3,SO-P0730-R03,1,1,1,1,1,1,1,1,1,1,da94125d10dd77b2df394404c85e25742c93ff590cfd626ef4f77db38e6ed1b7
951,730,4,SO-P0730-R04,1,1,1,1,1,1,1,1,1,1,21c7b96ab438c25e9697cd117b6c0fc60aa23370222d376ad3d0eebc155e8b9e
951,730,5,SO-P0730-R05,1,1,1,1,1,1,1,1,1,1,8bb31c7fed1866de640b86174c909af1017c24140481dc075d55bea899cb83ec
952,731,1,SO-P0731-R01,1,1,1,1,1,1,1,1,1,1,e01599d8bdff8b8606bc367f13f57d23c6e3ad3ebd45c9559cd0f34b1440425d
952,731,2,SO-P0731-R02,1,1,1,1,1,1,1,1,1,1,2301e6e2a280eb4b318d0b8d172d9f65f6967c7fd7bbbeed1ce7eb93e3228413
952,731,3,SO-P0731-R03,1,1,1,1,1,1,1,1,1,1,a8b561ac34ea81e2f0793be73259232364e854875ee98c75763caad86c89ffdf
952,731,4,SO-P0731-R04,1,1,1,1,1,1,1,1,1,1,4bac900960b015a821ae55ab613fc5f80f80b504c556f348cac403b975588175
952,731,5,SO-P0731-R05,1,1,1,1,1,1,1,1,1,1,dcbcaded86f1879aec2e85ea4af531bd6d56a32aff421a28637a122133360388
954,732,1,SO-P0732-R01,1,1,1,1,1,1,1,1,1,1,24b04e69886c87d71d0a7efec411da851f4e76c1a41d9857c5d0bc15337ed9d7
954,732,2,SO-P0732-R02,1,1,1,1,1,1,1,1,1,1,140d22264ffaa177f9d756758b3fab18342f059d31e89511add6fff79ff860e4
954,732,3,SO-P0732-R03,1,1,1,1,1,1,1,1,1,1,1017f45bb37f9d667964f64bdbd69dc1694fdc4e3205a41abd49da80c1d7cdfe
954,732,4,SO-P0732-R04,1,1,1,1,1,1,1,1,1,1,10f35228e9b57f0884f01ef647f8bf068d1f982c37f878880a90e630f3c1a5a0
954,732,5,SO-P0732-R05,1,1,1,1,1,1,1,1,1,1,f5498f7bc23422bf7b7054138c9142eb2a8c921484366ce8453fef6c1248b460
955,733,1,SO-P0733-R01,1,1,1,1,1,1,1,1,1,1,307b9851eb24fcb4c668101ae8f63717337a0959b8b0ec0c1aacf694bd5376b5
955,733,2,SO-P0733-R02,1,1,1,1,1,1,1,1,1,1,e4d7e3793df54bb327c083242d0a49afc3bf9a6cc12f81dfbb9a0a149fe28a4e
955,733,3,SO-P0733-R03,1,1,1,1,1,1,1,1,1,1,009ac1f7693f1120e6c20d1b14054852c24bdbaca35136954c97ba5958a0b2a6
955,733,4,SO-P0733-R04,1,1,1,1,1,1,1,1,1,1,128e1509e2b6ac4afe790637323b06e73b6fe76cdac77397a097d33454c97b17
955,733,5,SO-P0733-R05,1,1,1,1,1,1,1,1,1,1,741a8691e7687171d4b9e522ce8351f7fef1b551cd5a1d9185c80a5cc9c85227
956,734,1,SO-P0734-R01,1,1,1,1,1,1,1,1,1,1,893bc9ee773bca8dd4e8e585a70fbd75d53834bd40837da69f45c1749d3bd502
956,734,2,SO-P0734-R02,1,1,1,1,1,1,1,1,1,1,64915167cc182680c3506219d9bce18e0ae76272a0078f4497cc1bfa1218084c
956,734,3,SO-P0734-R03,1,1,1,1,1,1,1,1,1,1,d4269aaf5f42296224604cc530d2f9396503e1b5a72c2f355a9891cba6b94eb6
956,734,4,SO-P0734-R04,1,1,1,1,1,1,1,1,1,1,8ccd66077e0d93caac154fb51d13bfe182144a9da5eb65eecb80d68ef94a3d6f
956,734,5,SO-P0734-R05,1,1,1,1,1,1,1,1,1,1,596ad914ea9216cca576a7e0d75d41e6348988eb10e931228f14d51ebe2758d2
957,735,1,SO-P0735-R01,1,1,1,1,1,1,1,1,1,1,9edb7145a4e7696924a1393c514dd0f2687c25ceec430182afe010a7b1bd9aae
957,735,2,SO-P0735-R02,1,1,1,1,1,1,1,1,1,1,9167289cec954b9f24cc7428bf3e7e978b123ac4bf2b9c856272f2a6c744e697
957,735,3,SO-P0735-R03,1,1,1,1,1,1,1,1,1,1,bccf9a36cbd7ae204be6c5792fb4d4d48dc5721e181c0b7e98bf9fd7f0cbfe51
957,735,4,SO-P0735-R04,1,1,1,1,1,1,1,1,1,1,225ac7f80e83d5b273a0b58518f8e28a06b483ebf66c7ad16ec9bfaeca47c59a
957,735,5,SO-P0735-R05,1,1,1,1,1,1,1,1,1,1,3df10c51a4a550a022ec1b097883b57cc173c8eb646c7f426901d2936135903b
958,736,1,SO-P0736-R01,1,1,1,1,1,1,1,1,1,1,759478483927b6a702d3cf4e21cb46879abb26f8981c6812981bc56ed6ec7f7a
958,736,2,SO-P0736-R02,1,1,1,1,1,1,1,1,1,1,8d4e29ed0fad7dcedf8c1ac1b25d0521a04aa09fcf1177755c5ab2e650cecb8a
958,736,3,SO-P0736-R03,1,1,1,1,1,1,1,1,1,1,79d7fec48afe5cb875f2ac02e3728dc3bee69bc1a622701f34472ab447ebc4a5
958,736,4,SO-P0736-R04,1,1,1,1,1,1,1,1,1,1,500773ef361a71d29d04227be72d922cc751fb621cf390d432b552e5caa0f8a6
958,736,5,SO-P0736-R05,1,1,1,1,1,1,1,1,1,1,06024777df77ccf2ff14ee32b225f100c25b4670138688eee9ccd61f70d8ed94
959,737,1,SO-P0737-R01,1,1,1,1,1,1,1,1,1,1,fd192c17ef8b445e383d9e4ef8687b5d491939de16dae67f31d205da32e3f323
959,737,2,SO-P0737-R02,1,1,1,1,1,1,1,1,1,1,70e91c422ea3001e2c6a53303263702ec8276741bdf738ed1cc4ebe9b4ce32e7
959,737,3,SO-P0737-R03,1,1,1,1,1,1,1,1,1,1,003fb88fa54397be15cc466434d612805e432cb0b7e9bd0cf254e1fea1fd6b83
959,737,4,SO-P0737-R04,1,1,1,1,1,1,1,1,1,1,2b680813c43e81dd8885ac3beb3eaac7be3bda9bd3ca7f6646607d79fe3e6c0d
959,737,5,SO-P0737-R05,1,1,1,1,1,1,1,1,1,1,83e281b3b3cf17616c1324235498d02608c283ec8df26b49c97eb789ee943392
960,738,1,SO-P0738-R01,1,1,1,1,1,1,1,1,1,1,80775e3b507abcdb728bf8eb0f64b3610ffca8156af27afd90431abc66a6cd36
960,738,2,SO-P0738-R02,1,1,1,1,1,1,1,1,1,1,956014108bc73118b39e99d9ece379789c880ab9b8b1beec514920d34d07fc52
960,738,3,SO-P0738-R03,1,1,1,1,1,1,1,1,1,1,f4257eecf3b5431b7cb441562f205b4eb40996311e850d50fe93bdd06d57140a
960,738,4,SO-P0738-R04,1,1,1,1,1,1,1,1,1,1,a002104d11be4bc9629c353b55a7260d6c094498de17bf052b5976113fa7e81c
960,738,5,SO-P0738-R05,1,1,1,1,1,1,1,1,1,1,999872f174a8f8f7ac15a54ec867797f4a07a027fe434e4a8109bbdfb51f4824
961,739,1,SO-P0739-R01,1,1,1,1,1,1,1,1,1,1,16d09710986251e5aca7ba5796ad0a43ed0f034eccd3fe9af77b620ef3cf6f24
961,739,2,SO-P0739-R02,1,1,1,1,1,1,1,1,1,1,abd9403c8b033b7205fd0ba367d800e8332652f67c8932e6d65dd1209c39ab76
961,739,3,SO-P0739-R03,1,1,1,1,1,1,1,1,1,1,20616dfb5187331aeef8c06db731133b68a31c128961f82234adcc7499647042
961,739,4,SO-P0739-R04,1,1,1,1,1,1,1,1,1,1,4f8be1caf1832c65965dd49bd83f33abcca74fdcf13fac7c3691e61f43b99e9c
961,739,5,SO-P0739-R05,1,1,1,1,1,1,1,1,1,1,af83b27d1959c991641f306852ca053f8c1f86f70362b9f14a967cc468f1c1ce
962,740,1,SO-P0740-R01,1,1,1,1,1,1,1,1,1,1,7abdc9e20fbe812ea11644113564d077a6651b27b7fde5ac5a04ff7601ffce6d
962,740,2,SO-P0740-R02,1,1,1,1,1,1,1,1,1,1,6ab466a12fe7d4a1806f425c6afb758457ee8f67c03ac95a69bee69930836dea
962,740,3,SO-P0740-R03,1,1,1,1,1,1,1,1,1,1,06d8901643331abea104cb47554b201cffbf4b1739f7b595b8abbf80c8fcb917
962,740,4,SO-P0740-R04,1,1,1,1,1,1,1,1,1,1,fc59db0d07fa3f7380d3f54dec0dd51c52fa2f883d1fc3d95be491f125404d0e
962,740,5,SO-P0740-R05,1,1,1,1,1,1,1,1,1,1,b7323f5fa519727ba777a39734d92671fde5be7297b55a4f9e0594dce139a269
963,741,1,SO-P0741-R01,1,1,1,1,1,1,1,1,1,1,e4345b0a43fba2e38c9c4760949573347c776ffc540987b3a92dae6d97e3d2fe
963,741,2,SO-P0741-R02,1,1,1,1,1,1,1,1,1,1,2890bdea1a90d7444003f8de4911ea45bfb85e8a9ff009278649801e42ae2acc
963,741,3,SO-P0741-R03,1,1,1,1,1,1,1,1,1,1,f9d1f987051c924c22ea56a641e7e7ae6d5c2475785030a80fd3ab7b21ed9b68
963,741,4,SO-P0741-R04,1,1,1,1,1,1,1,1,1,1,d779d103b248fe320df5cd8baf8fdc196b6e6a93bf55e4a0cd96f828beb53bc8
963,741,5,SO-P0741-R05,1,1,1,1,1,1,1,1,1,1,4aa00088c48ff35d25b11344b7b0f27e920fd65464b3353f3bd2ae376ca80903
964,742,1,SO-P0742-R01,1,1,1,1,1,1,1,1,1,1,b699f478e9260e0aa3317d03bb5b07d7e43e61f9e7d42149de9841efa590ab45
964,742,2,SO-P0742-R02,1,1,1,1,1,1,1,1,1,1,9c2728985fdeffe218ca56f3905e3ac488130f7cdfb0d4e758b6c52e15a1b8e2
964,742,3,SO-P0742-R03,1,1,1,1,1,1,1,1,1,1,893c9929360d058e911ec6b71ab4ca4aa067c550722d4ff414cf24fda33f621d
964,742,4,SO-P0742-R04,1,1,1,1,1,1,1,1,1,1,acb08a8775ec4451a36d0d90eb377471280381518e596eff829479ed754de172
964,742,5,SO-P0742-R05,1,1,1,1,1,1,1,1,1,1,64baab2e873deea26ab44833db64a2e8a5583fc43f7d194a1f8d87916c29d346
965,743,1,SO-P0743-R01,1,1,1,1,1,1,1,1,1,1,5d258e1632218ac1bd41e0e1ab728287f8ef2d1a0dd7296a93bb2ddf3952cddd
965,743,2,SO-P0743-R02,1,1,1,1,1,1,1,1,1,1,56cc284619fa477131b2f1dc74c7ca3ba11f432666c8836c114955344ddda12f
965,743,3,SO-P0743-R03,1,1,1,1,1,1,1,1,1,1,ebcd77fc032a156010ba6999400b1adab2dda83b4d6dca49039b9d50b84751cb
965,743,4,SO-P0743-R04,1,1,1,1,1,1,1,1,1,1,511b44585e645ae3cc1d6be863642b6a9dddfbafb165872e27938165f6a3b32b
965,743,5,SO-P0743-R05,1,1,1,1,1,1,1,1,1,1,d9628deeb9f329d67621467379166ccb139329a8d3212f95c257f4c2eede8b2f
966,744,1,SO-P0744-R01,1,1,1,1,1,1,1,1,1,1,84530dbe50badc0d5ffd4e5192d4857b90417cd48f54035464a54994cd49b274
966,744,2,SO-P0744-R02,1,1,1,1,1,1,1,1,1,1,0a4b36f679f0d76e9697dc984cd903c8a9361d390e29ffb67224fdb346b7a5d3
966,744,3,SO-P0744-R03,1,1,1,1,1,1,1,1,1,1,0f8f2bb474d99169d0f7222821ae4ee84eb6a46289564d1052bc9b08cda396a7
966,744,4,SO-P0744-R04,1,1,1,1,1,1,1,1,1,1,6f1c6e2aec089f20b87af8b5f837f298ef66b582502fdee1c0bb6ee75949baae
966,744,5,SO-P0744-R05,1,1,1,1,1,1,1,1,1,1,bcba6598c97f986810f5207225b8cba131a4c5ca4910e6f27d3f4c01b35cb03a
967,745,1,SO-P0745-R01,1,1,1,1,1,1,1,1,1,1,ec6381ef2e064342d75fb1268dcfd452c4d9abed65921998fac01bafc1f1cd9d
967,745,2,SO-P0745-R02,1,1,1,1,1,1,1,1,1,1,cfdaa10c6443998c411ce08af017543bf6ca5995139addfe250743192ebf5255
967,745,3,SO-P0745-R03,1,1,1,1,1,1,1,1,1,1,03e06b7bff61ee6af99ec5972c1b4c6a83d313b8314e77569c15695a9f3642bc
967,745,4,SO-P0745-R04,1,1,1,1,1,1,1,1,1,1,c443ba32ca7b949b8c5026c44bfe7ff5a97475677e306dc5ad45dac5059db545
967,745,5,SO-P0745-R05,1,1,1,1,1,1,1,1,1,1,2f67430cc6a78e5256ed4958a90a8c5a0d9f094b7fe0a4f78238896cd4845e78
968,746,1,SO-P0746-R01,1,1,1,1,1,1,1,1,1,1,228c835dfa20946b6ad499bdc2bdd804f194b4aaa310c88f7dff45002aa17d93
968,746,2,SO-P0746-R02,1,1,1,1,1,1,1,1,1,1,c11da8fce9267514301307853f3eff325fd2203d1152cc98d7b1e24d2605c6b6
968,746,3,SO-P0746-R03,1,1,1,1,1,1,1,1,1,1,82968832afbd8346a048df338c8ff276154ef7b684f4b2d2cef86aa153e45ace
968,746,4,SO-P0746-R04,1,1,1,1,1,1,1,1,1,1,070b466dfcb5cfc6684d6599799fe8f2b13c4b2b300719d08f1affca45860bb1
968,746,5,SO-P0746-R05,1,1,1,1,1,1,1,1,1,1,977147fb7b141d6b065e2cb2b94055855d34a18a032424b856bc6754f7c6c1bc
969,747,1,SO-P0747-R01,1,1,1,1,1,1,1,1,1,1,517b78e332502e9033bda11ccc97faf318ccda3279ace27a5a61a32d875a99e2
969,747,2,SO-P0747-R02,1,1,1,1,1,1,1,1,1,1,a57ab8144a8791fc7188b33a4e9500a973fd61f0b5f1fe656d82dfc32cb41306
969,747,3,SO-P0747-R03,1,1,1,1,1,1,1,1,1,1,ffea789a685fce93274671016830c8e4a74ca4db28a308a632830030fc0a8786
969,747,4,SO-P0747-R04,1,1,1,1,1,1,1,1,1,1,aa546bce5ea72c2074b08acb9c19636873757fb9d71aa24e4b129c577b6db59a
969,747,5,SO-P0747-R05,1,1,1,1,1,1,1,1,1,1,f29c77cb93b3681b2e6c282e602c4f0a75dc7a4daa82a819a4908013d4105f46
970,748,1,SO-P0748-R01,1,1,1,1,1,1,1,1,1,1,f64bb523aee4e35c13d251916dd0d37062bdc2e1513baf28381fd6fd47755343
970,748,2,SO-P0748-R02,1,1,1,1,1,1,1,1,1,1,895645c266de4a3402ff872235487ef3f24c46903048c81d8d19dd23611c7a00
970,748,3,SO-P0748-R03,1,1,1,1,1,1,1,1,1,1,9ac00130d53d61f3060a6efa7b10cd5c08ed4a2cd6803687b114102576dec9d0
970,748,4,SO-P0748-R04,1,1,1,1,1,1,1,1,1,1,6174bbc5bbf524177f7e1fa8b44646c5f1685e9fd3e3623c818ec1a5d8538638
970,748,5,SO-P0748-R05,1,1,1,1,1,1,1,1,1,1,08b3e86ac0cb46bdd04d760f9d945b6b6cf0d795229e5c374f45bf4eb1423cbd
971,749,1,SO-P0749-R01,1,1,1,1,1,1,1,1,1,1,e5fd84d9741ec7b60f09df4eb2ff642adfb49f31ff3ace04afc486669680fb58
971,749,2,SO-P0749-R02,1,1,1,1,1,1,1,1,1,1,655d2f0b8e42e5e85026b06c9dd7ecd99be1138d072757ce8b6ff36c5096b81b
971,749,3,SO-P0749-R03,1,1,1,1,1,1,1,1,1,1,9b9d8d5b889ef26ea3b3b6fd60debb602110aede2002eca6041d377d19e16532
971,749,4,SO-P0749-R04,1,1,1,1,1,1,1,1,1,1,23b20e98d284767856af0dc1030990bc379a237b95da6ffabbff08afb4109935
971,749,5,SO-P0749-R05,1,1,1,1,1,1,1,1,1,1,ab9219f8a7b0d375459b66f00f3bccfa4a2fc4320094c5f3f74044c30e107579
972,750,1,SO-P0750-R01,1,1,1,1,1,1,1,1,1,1,459f89b7b2de9e2c696867a906bb2bbd26603fa3929765b56e3b4d05f6f47902
972,750,2,SO-P0750-R02,1,1,1,1,1,1,1,1,1,1,bf7f8b17e3db300eac0f7efb9cd2c8df2ab0acdd39c95274561dab16308e5c98
972,750,3,SO-P0750-R03,1,1,1,1,1,1,1,1,1,1,1726c4041673d965942ccc1ab981b7ffbe164321ce7779fedd65da707c6520fd
972,750,4,SO-P0750-R04,1,1,1,1,1,1,1,1,1,1,449033a4f27e4be113b3ec6fa1ef89aed70a20ebd9381fa23dbb669a1fde4d89
972,750,5,SO-P0750-R05,1,1,1,1,1,1,1,1,1,1,a722462dcb2140089efd01d6c4e4fd92d5d35e071c1d4c5925cbfd7d27390f99
973,751,1,SO-P0751-R01,1,1,1,1,1,1,1,1,1,1,915b8b8d8bee768d21dd9db05916cdee0f88246c7114e4120006c99634cc918a
973,751,2,SO-P0751-R02,1,1,1,1,1,1,1,1,1,1,865dde55db884f4962ed63a92047b668479115354b9fceefeafc181b6e44ccd8
973,751,3,SO-P0751-R03,1,1,1,1,1,1,1,1,1,1,b89186a823ad7a753b2431e59b15358cb484b88746f4e753df2e64f48aee8142
973,751,4,SO-P0751-R04,1,1,1,1,1,1,1,1,1,1,9493d8a5a5cd304a598478d43cc4c750ca5663bf068dd40ef44d7af4b47b17b6
973,751,5,SO-P0751-R05,1,1,1,1,1,1,1,1,1,1,81c28516dd5c0fbcbc70c491ac538331190bf9b3edd027e50c754ef96669c149
976,752,1,SO-P0752-R01,1,1,1,1,1,1,1,1,1,1,7c3f6ec415caa4c385c5ca74a9c14599912a502182ef19273ff3baed4422c2bd
976,752,2,SO-P0752-R02,1,1,1,1,1,1,1,1,1,1,43f05dc0d3d75a79a5417f7ca6f6df0f5f1623d88b9481b5b88c92209988ff4c
976,752,3,SO-P0752-R03,1,1,1,1,1,1,1,1,1,1,93f37e434a5ffe028be2c94bd96282052f9c314e31493ce95326775b8e3ed0c3
976,752,4,SO-P0752-R04,1,1,1,1,1,1,1,1,1,1,8b808a729f5fc7d1439ea16365a21898e1c4c0d71f750fcbeb2bebc548e4f026
976,752,5,SO-P0752-R05,1,1,1,1,1,1,1,1,1,1,ebb6a760a7750b691eca3f72bb36259df9dfd7a525cd50d1ce8f509a7f5c21fe
977,753,1,SO-P0753-R01,1,1,1,1,1,1,1,1,1,1,69e346ababe46d5cac41222d8097c9c4638d07f5eb1ce6e597938cc9a72484e7
977,753,2,SO-P0753-R02,1,1,1,1,1,1,1,1,1,1,f8d8d40caa5562d27768768b04fac2156dd538f9e3c6b4528f73da6046412bf5
977,753,3,SO-P0753-R03,1,1,1,1,1,1,1,1,1,1,4057a7025efd8cb1a359dce28aa7208b3a2b4a75018bf6269b9893a84538d374
977,753,4,SO-P0753-R04,1,1,1,1,1,1,1,1,1,1,25874cbb41ae0056544750c69d04dd8cefdad332ef714dd3f9b09771bc77a527
977,753,5,SO-P0753-R05,1,1,1,1,1,1,1,1,1,1,f0aa26d0e026cfdb5f5cbcd3d0c2f450bf9c2535c89ceb15cbddac3f66e16008
979,754,1,SO-P0754-R01,1,1,1,1,1,1,1,1,1,1,86e1df83a8a25fc1f14e1465377cca82c28d470305d551ce136eeaa6ef17aa7f
979,754,2,SO-P0754-R02,1,1,1,1,1,1,1,1,1,1,91bd7398f5973ec7466fe405d9d6a9564c8d929822dd9c3d8c359dbcaaed2e15
979,754,3,SO-P0754-R03,1,1,1,1,1,1,1,1,1,1,b6d1467b9ce47c435c4e6ee2f6f635eb79088b867f23a5af29a76d0aab95e374
979,754,4,SO-P0754-R04,1,1,1,1,1,1,1,1,1,1,9ab748e83a2d9405918078cd2d92df51030985c7a9bd71b8f6fca75bb7e9542d
979,754,5,SO-P0754-R05,1,1,1,1,1,1,1,1,1,1,d43bde5d4013b0c220e36d51622f9f72b26fd7c9a46b2cf0320a9c38a3ab85fb
980,755,1,SO-P0755-R01,1,1,1,1,1,1,1,1,1,1,fea29636a4a9364afb6cf3fddcdf7690ea948710d5e39a60a84ca11e77e77b52
980,755,2,SO-P0755-R02,1,1,1,1,1,1,1,1,1,1,0c3e775e2ae87514596ed7a6872debd5c0a14c3fc52dca8eb85d4d1b6e3e3865
980,755,3,SO-P0755-R03,1,1,1,1,1,1,1,1,1,1,962d88b8edc6f42fcafd168118c4789421b2702e68696e3b7074ebbd59c16952
980,755,4,SO-P0755-R04,1,1,1,1,1,1,1,1,1,1,2383c1b862dcd5a9d3fae0c61850feb9aeaeb477b4690e678ae2e7acdf825fa9
980,755,5,SO-P0755-R05,1,1,1,1,1,1,1,1,1,1,5db82b4dd5bfe246d9e07f1f9ac590d44981a350a4c5ad73a0fbeb98fb226a0f
981,756,1,SO-P0756-R01,1,1,1,1,1,1,1,1,1,1,e6f86112f6f82330ee0158a35c76b764e4ef5c2507c0fbef35a50e95059f2b76
981,756,2,SO-P0756-R02,1,1,1,1,1,1,1,1,1,1,d270f6a3f4e8d4652a8741773c9118718eb150c4b6203cda6c764afa3ae90788
981,756,3,SO-P0756-R03,1,1,1,1,1,1,1,1,1,1,52e9e9406bcc6a0a146ba97dda015ceb31b52bfc6cd74e0d0fc9a55920f876cf
981,756,4,SO-P0756-R04,1,1,1,1,1,1,1,1,1,1,8c3ee673c51b19db8ad71644f95cd19183ed3d4b3b9c39a881e1ecf934d28891
981,756,5,SO-P0756-R05,1,1,1,1,1,1,1,1,1,1,c1f7726c2a0d5b52ac3e8636fbe8f81320e0ff13ed90df519d499923b296d6ed
982,757,1,SO-P0757-R01,1,1,1,1,1,1,1,1,1,1,3ff1bed10cc876fa845f1669ad58df7b6c68fd0635a4260d31f96d4ffebdb0fc
982,757,2,SO-P0757-R02,1,1,1,1,1,1,1,1,1,1,b1d7b66f9cf2324aa99e6507fc0dfa276c9b40512630e910c02b384eaba1d5a3
982,757,3,SO-P0757-R03,1,1,1,1,1,1,1,1,1,1,8ff79364a46a530e80d08109ebf4ae051d4fb0671f52866b06de9bcc3e5d776e
982,757,4,SO-P0757-R04,1,1,1,1,1,1,1,1,1,1,794da0431da85ad6039927a58c945efd98db8da552661dc1f3b8aca32bcf2020
982,757,5,SO-P0757-R05,1,1,1,1,1,1,1,1,1,1,1f9dc1fde7d6b07138afb2f2022d48cc51ab933f2f4ce670ccd1a6299455211e
984,758,1,SO-P0758-R01,1,1,1,1,1,1,1,1,1,1,a4e23802c06e36445ba21cbe4f644008024b091b87b4a79e87c640787aa93e15
984,758,2,SO-P0758-R02,1,1,1,1,1,1,1,1,1,1,990946a13b28117eb6a8b52b6f270e16bc779f1a5a49bce5c3b70c56adaf8ffc
984,758,3,SO-P0758-R03,1,1,1,1,1,1,1,1,1,1,dc92d26f9819d149574ecaffcc927e1d967ebd2779196fe6c0678ff053e87d77
984,758,4,SO-P0758-R04,1,1,1,1,1,1,1,1,1,1,99e0f9761db3ce96aea5bdbcab02aa1e21a09ea5cab58206a337762a1ca4091b
984,758,5,SO-P0758-R05,1,1,1,1,1,1,1,1,1,1,306a8f7451deb05f1d2900c91eda8fae223e8505dd9aa4ec05c220574ea85090
985,759,1,SO-P0759-R01,1,1,1,1,1,1,1,1,1,1,63333593392533118c2ab0f27e2402e55fdb216f3c0837f08ab2a8e31aaa70a8
985,759,2,SO-P0759-R02,1,1,1,1,1,1,1,1,1,1,2621397ca52e53fb2457c89d832df28df6ee7bcd3f6fb6f9284cd65078af8c8c
985,759,3,SO-P0759-R03,1,1,1,1,1,1,1,1,1,1,15000bf4158a6502f511a28c8c2fe2f15c638445c55398ee7c03a374c3f95e84
985,759,4,SO-P0759-R04,1,1,1,1,1,1,1,1,1,1,19ab89ad2e8b78456921a55af5bac535e3f795ebfa13cc2ee932e9f675fe8dc2
985,759,5,SO-P0759-R05,1,1,1,1,1,1,1,1,1,1,073ef55e54e02b4bce0bb089e9e8cd26d84d745058edfaa9ca41473116ae3b90
987,760,1,SO-P0760-R01,1,1,1,1,1,1,1,1,1,1,8be118adc26f17af5b7dc8b6bee870553d7c5c96c48067ae9a92adf620f219d5
987,760,2,SO-P0760-R02,1,1,1,1,1,1,1,1,1,1,228d8f29231ede495fd3be0d61956802739121eac3ea2c25db74eba6dd3c6516
987,760,3,SO-P0760-R03,1,1,1,1,1,1,1,1,1,1,56c05e32b99cb10416f4c2ac2821fcf580ed3257d0292b80263628dcf9ee834d
987,760,4,SO-P0760-R04,1,1,1,1,1,1,1,1,1,1,0b06c1ffb671972f6a7ea95658e9629cddd844e87a74bb5b6f91e346edec93bb
987,760,5,SO-P0760-R05,1,1,1,1,1,1,1,1,1,1,a8ea68054c9b28b64e87ad44ecc12d7f541223f01910f10bbf7c653b15f0262a
988,761,1,SO-P0761-R01,1,1,1,1,1,1,1,1,1,1,07c9d3e03750248f3d99590d5ea2c147ce12bd8f3e7636d7fb2de43da9854b11
988,761,2,SO-P0761-R02,1,1,1,1,1,1,1,1,1,1,54d89c2f96be6eddc92c132063857a1748f7dcc9cba4e82c2da7238503cf1ae7
988,761,3,SO-P0761-R03,1,1,1,1,1,1,1,1,1,1,557674e2409ddebc78aaa4c98e5ac3ca0c9355cd17a7d8fb073ca4d61c6410cb
988,761,4,SO-P0761-R04,1,1,1,1,1,1,1,1,1,1,1797eb4841660aeb4ab0d77bb7d23c0258a8b4484b958cbe6f43ecea95924336
988,761,5,SO-P0761-R05,1,1,1,1,1,1,1,1,1,1,3d7b1926df2054464c7edcc3bb540b9266343534bc37ee235ef6ff916d320dad
989,762,1,SO-P0762-R01,1,1,1,1,1,1,1,1,1,1,0e8956aaf00ad294eb74414539ad6b5e4d2fabe68ac03232a281750b7efbc3ff
989,762,2,SO-P0762-R02,1,1,1,1,1,1,1,1,1,1,087c0b9e25315ab2ee43527c83de34af03137f3167f27780d71a7289d6e8e647
989,762,3,SO-P0762-R03,1,1,1,1,1,1,1,1,1,1,4d0b157c6b2b00ca065a013c554ccfdb08e3a8b215c79cf6ca187357d781e3f5
989,762,4,SO-P0762-R04,1,1,1,1,1,1,1,1,1,1,48eee288d9dd4711156831d12c4e7918fd50068830ffadeff916d07a993dc764
989,762,5,SO-P0762-R05,1,1,1,1,1,1,1,1,1,1,d5c7c64dd83b46222e80e3e96049b29eaf8029e569ca21c68e5a866574aeca58
990,763,1,SO-P0763-R01,1,1,1,1,1,1,1,1,1,1,8f5eacb8a3b1a80391bdaf9b799c72cc1aea9e4855408489b5bf741ab33e7285
990,763,2,SO-P0763-R02,1,1,1,1,1,1,1,1,1,1,488ea15f490682b95c1fd48f698191ea1c886712026ff03800062e0dbcc7b1fc
990,763,3,SO-P0763-R03,1,1,1,1,1,1,1,1,1,1,6f2350b4a501e94728e64d6ea92ae7bd29e335d865526bed0d8c0d5f19a8ca02
990,763,4,SO-P0763-R04,1,1,1,1,1,1,1,1,1,1,6a7fbc8880bd5a9e6799ddbb8157876a5f2f2087441c0a6c32f73ba61fafd843
990,763,5,SO-P0763-R05,1,1,1,1,1,1,1,1,1,1,3562eae1630f473b640dcf70245cc7f997ab56342d836ed7ce8f8ba63f4d6238
992,764,1,SO-P0764-R01,1,1,1,1,1,1,1,1,1,1,425cd2fa2d5ba6cae75c90f352b13d12e5b476e77601e2387ca5e8b2b34588a6
992,764,2,SO-P0764-R02,1,1,1,1,1,1,1,1,1,1,8df687a1bfbf1f5907d72642c36b227856c3d9afcb07aea1806120cc0a203757
992,764,3,SO-P0764-R03,1,1,1,1,1,1,1,1,1,1,1ede2b193cd8c9047c23abdc5278a32b61b64cb3a473a15041480bd9c7ac7ba2
992,764,4,SO-P0764-R04,1,1,1,1,1,1,1,1,1,1,2005d6bc6e5da661e82daee0bfdd722387146bf702339728695ef828e131e806
992,764,5,SO-P0764-R05,1,1,1,1,1,1,1,1,1,1,b1a9ac630f815687d7a75f0fdbb30525b62b83387860008f4c389a83506c4bd5
993,765,1,SO-P0765-R01,1,1,1,1,1,1,1,1,1,1,71ec5272f238d3d307031fbcbb060711d2191eb4c92de530a9600dfe79049900
993,765,2,SO-P0765-R02,1,1,1,1,1,1,1,1,1,1,6e36642057fe735cd9a0afc81fc62b55cca19d0eb1ef8293a238b92263e06756
993,765,3,SO-P0765-R03,1,1,1,1,1,1,1,1,1,1,5e3307b5d62cb3a646b14e4dea9d1d6aeb30f01f86f4632c51c975bc5bbb466c
993,765,4,SO-P0765-R04,1,1,1,1,1,1,1,1,1,1,0c6b59ee8683212e0605a077c443d230c02869d975cebd20d9d53be70d5e8bd0
993,765,5,SO-P0765-R05,1,1,1,1,1,1,1,1,1,1,05e69bd9e8b75e4ecdbafcc9e7650a3db65b71e8f0e6fae8bdad6f1f409e2cc4
994,766,1,SO-P0766-R01,1,1,1,1,1,1,1,1,1,1,984f9385aecc59a0288df654baa1a7ce5865cf6831b7d6b193bab586105c2231
994,766,2,SO-P0766-R02,1,1,1,1,1,1,1,1,1,1,c5dcdd6624bf49d330d3035361091d4c4bfd46802e96e6909b834d34533a3a13
994,766,3,SO-P0766-R03,1,1,1,1,1,1,1,1,1,1,8597d1f4ceee2b8380b9a549d3db86210d06a8e3de704afb175a789a331ff269
994,766,4,SO-P0766-R04,1,1,1,1,1,1,1,1,1,1,959cb296e1f4a7a043b0ddaa0ef8e2ff36ecb825c0dd2c93bfbbfd349211b24b
994,766,5,SO-P0766-R05,1,1,1,1,1,1,1,1,1,1,06a065cd81423e29f3d62e1c467a7ace1d8ba1104b30c54449a831c7d1a2ae0d
995,767,1,SO-P0767-R01,1,1,1,1,1,1,1,1,1,1,446f818093caa45a0c9df55e2c06c7dd00ef09b045cd4d439c232b2b1a6b774c
995,767,2,SO-P0767-R02,1,1,1,1,1,1,1,1,1,1,1e2bc5d78a4f10998d67ea9ffea8ca102b6403ffb1e02a3639b3edbda910229e
995,767,3,SO-P0767-R03,1,1,1,1,1,1,1,1,1,1,9d8aa9708b6ef12892415a6238d16b8912a2f6283cd9570e6bb1aecad77894a0
995,767,4,SO-P0767-R04,1,1,1,1,1,1,1,1,1,1,f693eb57a2536227595b16700549736a07500319d509d9b71b9427ab574d4ebf
995,767,5,SO-P0767-R05,1,1,1,1,1,1,1,1,1,1,a4e0aa38ef3bd93eab44fe74d38b6b3a79c57d46a3c1f314deb058249cd82af3
999,768,1,SO-P0768-R01,1,1,1,1,1,1,1,1,1,1,30e4a3f357e452ced9fa200f293c4252d6c9d83bba2df23a59b408a2b6392fb8
999,768,2,SO-P0768-R02,1,1,1,1,1,1,1,1,1,1,98b99d41e17833d80c79f419fa8913aa0b22beb8d2390763fa04492ee1b5435e
999,768,3,SO-P0768-R03,1,1,1,1,1,1,1,1,1,1,d060d10415569fea5a36d4aa4c6b1abd6f822de283322fdf06511d5efdda1127
999,768,4,SO-P0768-R04,1,1,1,1,1,1,1,1,1,1,95de36030e5d1b005a8d89e4c1b8d9efaddcfc1f6a6b02324b443253c223025c
999,768,5,SO-P0768-R05,1,1,1,1,1,1,1,1,1,1,499a7486b828f61ce3b3985efec119269cb3928751f732e03f725437c6c00ff0
1000,769,1,SO-P0769-R01,1,1,1,1,1,1,1,1,1,1,a7de1fd27127b67b872083698d8e3755af6d1d12a2d89f5ee3604c51a82ede88
1000,769,2,SO-P0769-R02,1,1,1,1,1,1,1,1,1,1,811f79a00b1be183cd1f4e6939591566f6ecb501e1f485348745afae461c185c
1000,769,3,SO-P0769-R03,1,1,1,1,1,1,1,1,1,1,213fe807a80185c62b1fe1d97c2e4c1a325b82a897f17ad43a3fccaf4efd0363
1000,769,4,SO-P0769-R04,1,1,1,1,1,1,1,1,1,1,f136189522d2d33aea4c8c9a3e1816a62708387fe3f33fc66dca3b4600670fb5
1000,769,5,SO-P0769-R05,1,1,1,1,1,1,1,1,1,1,54029b542d1be5abe74d8c28fe3c522642c79098af7c7f722c3e9e5996347fc8
1001,770,1,SO-P0770-R01,1,1,1,1,1,1,1,1,1,1,1110436886a9d6cd9b4e94a5b236ffcf94c64e897520326b4806fb987b432b13
1001,770,2,SO-P0770-R02,1,1,1,1,1,1,1,1,1,1,ab6f4fe6ecada9803601d94052314fc9460cab3a1c17c9210b9675223c71bc63
1001,770,3,SO-P0770-R03,1,1,1,1,1,1,1,1,1,1,30ed7b5d10bfc3def3bbebbf711179bd91ac56d208d2cf43da1727f47a713d29
1001,770,4,SO-P0770-R04,1,1,1,1,1,1,1,1,1,1,dd0c2b3049f0b0e3832f964b2ee95db1b3f5b8b67aa5fc54fa4dd2028250cdf3
1001,770,5,SO-P0770-R05,1,1,1,1,1,1,1,1,1,1,ef228e39f7e32f460c6bc29152f8b05471edb42f587eccff0fedab792c9c0eab
1002,771,1,SO-P0771-R01,1,1,1,1,1,1,1,1,1,1,360bfdc3879915661812fcf1edc3927737a12618ab1f9e8a8b82c8745fa825d0
1002,771,2,SO-P0771-R02,1,1,1,1,1,1,1,1,1,1,8f949f0b53f6ba4ede60278ad6077726417be91ba835776bece998be636a6d5c
1002,771,3,SO-P0771-R03,1,1,1,1,1,1,1,1,1,1,efeae4df072f3fabf7196c68f2ea1cdf78ccb1f5f63c39fc78a16d55d4f3d1d4
1002,771,4,SO-P0771-R04,1,1,1,1,1,1,1,1,1,1,6c369707c1d044ad94cc15d29997693369d431193a15dee9e3dff7c18767c8ac
1002,771,5,SO-P0771-R05,1,1,1,1,1,1,1,1,1,1,0a0cba4ae22a151f1932cb98a06def530087f1cac03b843061e8ece06ad357a2
1003,772,1,SO-P0772-R01,1,1,1,1,1,1,1,1,1,1,b8e7b158ee1008ca8782470b65e1165248aca422b4d8dfc96b277d3ca2d72e39
1003,772,2,SO-P0772-R02,1,1,1,1,1,1,1,1,1,1,c7478833b9e6fd2eeaa7a59728d85b97a2e4a9b851a06c9ec05770fbb0ed9500
1003,772,3,SO-P0772-R03,1,1,1,1,1,1,1,1,1,1,1e1a69f73aaf25838c34ba6e312d667a66a235c313e796334a9ad4cd3deac13a
1003,772,4,SO-P0772-R04,1,1,1,1,1,1,1,1,1,1,c00b4713a899166c8410ebddc92ef2d868ec3098bab754cc27058e4eca0456d8
1003,772,5,SO-P0772-R05,1,1,1,1,1,1,1,1,1,1,eca521a66441eaf8f9452d8b20c9752e98219c538c487124c2f13a877de9aaad
1004,773,1,SO-P0773-R01,1,1,1,1,1,1,1,1,1,1,5fce87d7aa440f420be95e76dc41c4e06b898991c2380a9a2188349cd921b7ab
1004,773,2,SO-P0773-R02,1,1,1,1,1,1,1,1,1,1,f1ced34b0111785943b3a31d0b83298eee386447c0221d46f6a441d0c0fcbe84
1004,773,3,SO-P0773-R03,1,1,1,1,1,1,1,1,1,1,489de205562de394a1594b506ecedd604b883adc3a1aef3dc5af50b04369a1c8
1004,773,4,SO-P0773-R04,1,1,1,1,1,1,1,1,1,1,9939ea75274f387ff4b698c64e01bdd70d1a57367a8aff303fd2da69c0363c75
1004,773,5,SO-P0773-R05,1,1,1,1,1,1,1,1,1,1,e6b993e24e3724613aa3423e0331c645ab6c7802ee1bdc3bba8a4492248ae604
1005,774,1,SO-P0774-R01,1,1,1,1,1,1,1,1,1,1,560bd226007f0438688c6d0a30dccd323302d2a6d880cdc756c4bb8da232de52
1005,774,2,SO-P0774-R02,1,1,1,1,1,1,1,1,1,1,2732e8c624b2710242e300cadb2bbcacfe9be7867c4e377e36c341987d6bbb52
1005,774,3,SO-P0774-R03,1,1,1,1,1,1,1,1,1,1,87a15b214164b41d1b6291677e8d14336462d2fc33407a09a0ab564444eec8b4
1005,774,4,SO-P0774-R04,1,1,1,1,1,1,1,1,1,1,ce6c874cb10f80cec4bf62e8cb6bcc644b0b3b23b98594d3959bc179493f2894
1005,774,5,SO-P0774-R05,1,1,1,1,1,1,1,1,1,1,0d93d9a5c0d22b24d403bafd78052534fb08dcdd43227424e3a481d3092178d4
1006,775,1,SO-P0775-R01,1,1,1,1,1,1,1,1,1,1,5644af429ce504a21a27c75f361af079b7364645dcaec8c201c8711ba531eb08
1006,775,2,SO-P0775-R02,1,1,1,1,1,1,1,1,1,1,3b49e64371c880f741fa7273082a1517900d418a03a15ce34f16d6f27705c86a
1006,775,3,SO-P0775-R03,1,1,1,1,1,1,1,1,1,1,542ac7f9886355fc7322396f6ffeb80c283fbf0280634feca7cefeb24adbde85
1006,775,4,SO-P0775-R04,1,1,1,1,1,1,1,1,1,1,53f5858e4486e2dc1391efc72b83afa80c3ac9341924a8fea07d62b552496b33
1006,775,5,SO-P0775-R05,1,1,1,1,1,1,1,1,1,1,086af3392f897f8fc04766b94cc17d1fb2f6300393c51c28ecb3defaaa3fb5ab
1007,776,1,SO-P0776-R01,1,1,1,1,1,1,1,1,1,1,9d0109217c7588dab14f59a8f596271973062e9a5da85b28170242fe4e3a49d1
1007,776,2,SO-P0776-R02,1,1,1,1,1,1,1,1,1,1,a009d94338a94e721cd823a26ffc3eddb99b4a53b9160b0396e78aeb692c8437
1007,776,3,SO-P0776-R03,1,1,1,1,1,1,1,1,1,1,5600e3b9da8357ba8abd834a200bbe459a794c6dc541fb0e26624fcbf3050ca2
1007,776,4,SO-P0776-R04,1,1,1,1,1,1,1,1,1,1,06d8201f51b7deafc7dd7499f93223a33ba1f0cf35fb8901cbb423a61848da5a
1007,776,5,SO-P0776-R05,1,1,1,1,1,1,1,1,1,1,107f97d9e59a0dd5c2331a095b1727c1c4bf412312e3569ce8fa430ae8807380
1014,777,1,SO-P0777-R01,1,1,1,1,1,1,1,1,1,1,d281692f0ac0dc219fbc37a675bffd390177ab34c2e10eb5726afbc12c8925e0
1014,777,2,SO-P0777-R02,1,1,1,1,1,1,1,1,1,1,a73514dbb0ef4e2cb00eb2fd3abbbac11ac7b5c191ab0eb4afcf2175538f6c7c
1014,777,3,SO-P0777-R03,1,1,1,1,1,1,1,1,1,1,fb2d2992ebf4b9db652eaf3a1ab807109f51d6fb193404afd34e2a0ca0dea981
1014,777,4,SO-P0777-R04,1,1,1,1,1,1,1,1,1,1,3bd11956cf8abef1738102e5f8147e2cb620cb7d9a861047fb1dbb04688258bd
1014,777,5,SO-P0777-R05,1,1,1,1,1,1,1,1,1,1,9ffc2029be85868043a5d14846c12b34f4fbfc049a6c1e9b9ad450a66879bb22
1015,778,1,SO-P0778-R01,1,1,1,1,1,1,1,1,1,1,02746cd2ab22d2cce3553f21c61802ee1c4827b8414d0694fa4a3d0405e9f1e9
1015,778,2,SO-P0778-R02,1,1,1,1,1,1,1,1,1,1,68bb0c96fa83bd53fd08f43443776c9fadf3caf0bf618b48ec56da274158f975
1015,778,3,SO-P0778-R03,1,1,1,1,1,1,1,1,1,1,92cb05836c9e6d6bc2c9b6e1fa04eef6ce910c00cd6bd1a161e604ce0e649fba
1015,778,4,SO-P0778-R04,1,1,1,1,1,1,1,1,1,1,dc28f12d2b07930529ad1a0f1d1b7c1ad8c76d76fd002eedbcdb6359c72ffeec
1015,778,5,SO-P0778-R05,1,1,1,1,1,1,1,1,1,1,dd70260313ac9e01d599d0294b621ec00d0179654708fd79a9d1f6baa03daf3d
1016,779,1,SO-P0779-R01,1,1,1,1,1,1,1,1,1,1,4d05053f94214bf607d70419435059fd5bb277fff956f49561336dfff3e800ae
1016,779,2,SO-P0779-R02,1,1,1,1,1,1,1,1,1,1,5e688babcba5a22fcd3068185d282997263d29e0fca82c3f1607450f9b42091b
1016,779,3,SO-P0779-R03,1,1,1,1,1,1,1,1,1,1,77357c5669b1fe39a0bf3e43ea9c3113ffc9da41b8d3d3256bc40610982b59be
1016,779,4,SO-P0779-R04,1,1,1,1,1,1,1,1,1,1,aeef91023070fce9447fce02a62afd90a2067746e6806c7f6d0b5ed1cac2451a
1016,779,5,SO-P0779-R05,1,1,1,1,1,1,1,1,1,1,aa450329e0d0e128dc2798cb246f476ece0505763f35834a217fef605c6d9635
1017,780,1,SO-P0780-R01,1,1,1,1,1,1,1,1,1,1,cc62b8bd58ea3b16d5540ceea0193d81fe4e30a82b2cdb403d627d42583a4f2e
1017,780,2,SO-P0780-R02,1,1,1,1,1,1,1,1,1,1,acf928aaa4490e0a2f24c3238e075bf39d052fa1c7c1e79fd4a73ffa1981ddf0
1017,780,3,SO-P0780-R03,1,1,1,1,1,1,1,1,1,1,eb4e368d1677cc8b7192e6650e265cd128f70f08c732610db4e3d5cb18e6a465
1017,780,4,SO-P0780-R04,1,1,1,1,1,1,1,1,1,1,5a97928b2fe7ed71e4ae67c6006d0eba10d424a02b337c7b7113fb69cc9ddfeb
1017,780,5,SO-P0780-R05,1,1,1,1,1,1,1,1,1,1,252fe5904fb06a8d000d8ff5fcec67517a8f8b8d985df81511761df7882091bc
1019,781,1,SO-P0781-R01,1,1,1,1,1,1,1,1,1,1,0fd021f161be93a955e2459ff1005dd449714a8a521aa7d605509038f2726e87
1019,781,2,SO-P0781-R02,1,1,1,1,1,1,1,1,1,1,f4a44191d82a82be1800da54e7491ba88e2a8eba8c505f5762249ced99b128ca
1019,781,3,SO-P0781-R03,1,1,1,1,1,1,1,1,1,1,19e0d1a6745826b2dbe8513525262c500b1c805592c197d524c62fd04f5d118c
1019,781,4,SO-P0781-R04,1,1,1,1,1,1,1,1,1,1,89c4796ce92e082aed5777ca49c0772f4b000c433b986802d4a10f45c099cd08
1019,781,5,SO-P0781-R05,1,1,1,1,1,1,1,1,1,1,38ee3a58595c27d7e71f0262bfabc03a94e59dc0ed4d753c1b51134987d50f02
1020,782,1,SO-P0782-R01,1,1,1,1,1,1,1,1,1,1,cf3e3bd06a0565a169a6fc15c3aa1a1549408c106835fa85fc99eb8b8b0860bb
1020,782,2,SO-P0782-R02,1,1,1,1,1,1,1,1,1,1,65b20f641e7516d1b966f7d4c0e1ab33e15c60595d0f7c0d51b7e1eab61c597a
1020,782,3,SO-P0782-R03,1,1,1,1,1,1,1,1,1,1,4002967911053cea4711ccbfb2313c9b0fe8c772efe28814918792731af33ce2
1020,782,4,SO-P0782-R04,1,1,1,1,1,1,1,1,1,1,e81e58b9e3fde6b16ad7c80a965fb6cf224328013f037ee561735a76a1aa799a
1020,782,5,SO-P0782-R05,1,1,1,1,1,1,1,1,1,1,85b030872e002c72a39e2f3649bc1e8e7d82ebf0b25f10e9438f7193d4162e6b
1021,783,1,SO-P0783-R01,1,1,1,1,1,1,1,1,1,1,d88d665b8c0c9d04f576e260d2676a4bf245ea80c0d8885661badf5253695d35
1021,783,2,SO-P0783-R02,1,1,1,1,1,1,1,1,1,1,a12f855355d17e6c00fa6eca24d3b25097b490627c9dca8d2b44e416f2ab952a
1021,783,3,SO-P0783-R03,1,1,1,1,1,1,1,1,1,1,f93859c7afbdd1b85bd5b9ded20191e60fc8c7ced2221175203a9508962333c2
1021,783,4,SO-P0783-R04,1,1,1,1,1,1,1,1,1,1,01a8304b12db82b6d5ca227cdcb4b7871c96b1b94df8028356c8212f3997405e
1021,783,5,SO-P0783-R05,1,1,1,1,1,1,1,1,1,1,e6b3cc1364b6fb5a6d8c7450a045897571ab644022b815656193529d327a8e6a
1024,784,1,SO-P0784-R01,1,1,1,1,1,1,1,1,1,1,921124653ab8346c5e3a57cefe8c3280459054333ac3f6aea8436efabe1b6ba3
1024,784,2,SO-P0784-R02,1,1,1,1,1,1,1,1,1,1,7ad329f4126dd4ecfb883547ec33ab1d289a03affd58d542125b5bd69286f51a
1024,784,3,SO-P0784-R03,1,1,1,1,1,1,1,1,1,1,a98e3bc77a8222ecb5da8a8c9010902d0b2c1f1602c69fb209299d242bac9d18
1024,784,4,SO-P0784-R04,1,1,1,1,1,1,1,1,1,1,f3446040bcba1f556e196bc0f283d95fa955e92e7f067af62a0649cb0afa6de4
1024,784,5,SO-P0784-R05,1,1,1,1,1,1,1,1,1,1,35ef4f12f37c4c36ca9f8d91bab309b4b1cf48aba70cf6570c26b3b4f1e043e8
1026,785,1,SO-P0785-R01,1,1,1,1,1,1,1,1,1,1,163ebf322d22018183efb4527c9e7b336b38f6b32feaa6cb1ce4c03a168e6cb4
1026,785,2,SO-P0785-R02,1,1,1,1,1,1,1,1,1,1,0faa5bb29ad71becea0f666d8e4503ef73409c1d4a9ffe4e5c4d4821e1293e3b
1026,785,3,SO-P0785-R03,1,1,1,1,1,1,1,1,1,1,cd9d643660b0f1551526060a74c011d26d078d622a06e59c632c985e7b051adb
1026,785,4,SO-P0785-R04,1,1,1,1,1,1,1,1,1,1,0e8f36f454118e52f2e2aff92e0800ee878ab9b69a5f11abfb367117d50eaa60
1026,785,5,SO-P0785-R05,1,1,1,1,1,1,1,1,1,1,279199a84e773e813371838d3a7642dfbb2aa21230c4ba8de7f3dff6546ff751
1027,786,1,SO-P0786-R01,1,1,1,1,1,1,1,1,1,1,10899160ae622b42cb7b5a63efac9608576160dc8296c3305c4f290ea63cd452
1027,786,2,SO-P0786-R02,1,1,1,1,1,1,1,1,1,1,db5b344d1465e577d93d55fb5afbc08e1cdd2ae1fa094e6fe159443dcfb697c2
1027,786,3,SO-P0786-R03,1,1,1,1,1,1,1,1,1,1,9a1b2f6949d4f593bccb6870b1d00ad7408474344a27dfa493b44ad09a40343e
1027,786,4,SO-P0786-R04,1,1,1,1,1,1,1,1,1,1,e8b8bace4d09830d3cc36bc4fc0e145da3376f344031153727b1c69304e892e4
1027,786,5,SO-P0786-R05,1,1,1,1,1,1,1,1,1,1,5150cb4c31d3584ff5c293cd2bf8a2e98772004f6bbc2cd274afa73cb07b679b
1029,787,1,SO-P0787-R01,1,1,1,1,1,1,1,1,1,1,eb9aea9124d74d502504740c8e496d6dea27a08a7d0a1aa22e07dd59a61da762
1029,787,2,SO-P0787-R02,1,1,1,1,1,1,1,1,1,1,cc045b66b556c339cc08972e0d254110b9510a5d8f02eab448482817e1a4ab16
1029,787,3,SO-P0787-R03,1,1,1,1,1,1,1,1,1,1,b6de6e41dac6c3b5418e17165b9d37a86707135a509338006446a747f612d9ee
1029,787,4,SO-P0787-R04,1,1,1,1,1,1,1,1,1,1,d1557b97df1a67b32322f73d29a0679f8b174a7179760b88d1d62a278a19d885
1029,787,5,SO-P0787-R05,1,1,1,1,1,1,1,1,1,1,9628697bda785b43373defe1d557eb944e93b7b88e3c7c92d598888cb44e743e
1030,788,1,SO-P0788-R01,1,1,1,1,1,1,1,1,1,1,93e72ca8b2cd7be0b7d8c71864be899b54adde22614f2afb8bea7138a573340a
1030,788,2,SO-P0788-R02,1,1,1,1,1,1,1,1,1,1,928c377999726742e9d0c70fd8a4ca2a4a8c33850fa179b66532dc4ff7a94555
1030,788,3,SO-P0788-R03,1,1,1,1,1,1,1,1,1,1,ea3f886cb134b20b0dfca90cbfe785a31f69551748c49b95341f9acec4ced063
1030,788,4,SO-P0788-R04,1,1,1,1,1,1,1,1,1,1,09277f50a605a6982fd13319dc3d209b7dd924097b41975630c975c731c28faf
1030,788,5,SO-P0788-R05,1,1,1,1,1,1,1,1,1,1,911e84ebd95579974359b0d98cd875af14ee715caace5c17ba26551b593890f3
1031,789,1,SO-P0789-R01,1,1,1,1,1,1,1,1,1,1,85fa06da63a44a29f9e002f6689a1ff20390774f597047b13283a3bf6424d791
1031,789,2,SO-P0789-R02,1,1,1,1,1,1,1,1,1,1,a31a06aad7014aeacc50146bb1247be2ffbbf3d0f5b633a80b066527a5127b07
1031,789,3,SO-P0789-R03,1,1,1,1,1,1,1,1,1,1,06d514fe8ffd11a3170b57536e7287cda092b7ce950ce00873ae7212dc9bb30f
1031,789,4,SO-P0789-R04,1,1,1,1,1,1,1,1,1,1,b0d32507be90485bf4e59d826533febe6b1709b4e8893ead357216f8cbd39df2
1031,789,5,SO-P0789-R05,1,1,1,1,1,1,1,1,1,1,cb7511bbba8fc95e278806e74d87f3319bb26340aa15a7b85af4b35a19d4958c
1032,790,1,SO-P0790-R01,1,1,1,1,1,1,1,1,1,1,e69f1ab001eebee6828e470bdcfebed5b36fa458263d3657801dd56c535b6e38
1032,790,2,SO-P0790-R02,1,1,1,1,1,1,1,1,1,1,ffea44d109aa491a3d80a02ae8dd4583b4fc978e4c1ceacc8fd601fa7019f97c
1032,790,3,SO-P0790-R03,1,1,1,1,1,1,1,1,1,1,ef8e40b896a8e05779ee2c5b469358691b1145901889d2b6c8a31000141c1821
1032,790,4,SO-P0790-R04,1,1,1,1,1,1,1,1,1,1,a4ce61c67cce9f627e6d9d584fdfc38a5fa46bb3d89bb73200146a96b58207d9
1032,790,5,SO-P0790-R05,1,1,1,1,1,1,1,1,1,1,807776133114932d0bc3220dea9ff152fc7a7d6da9185c79d87a2007c68f320a
1033,791,1,SO-P0791-R01,1,1,1,1,1,1,1,1,1,1,bd7e0cc9e298ffd4472d5f888c8eb4fe12954bef343c5f7d3cf4f7e7844aa37c
1033,791,2,SO-P0791-R02,1,1,1,1,1,1,1,1,1,1,31e808eafef38af5935fc248a0e39eac0081061cdbd26b3920d691b9ddf6236b
1033,791,3,SO-P0791-R03,1,1,1,1,1,1,1,1,1,1,2c2e9df675e5f74d61c831927915942c9188bcee9a06db61dce3ed8479205523
1033,791,4,SO-P0791-R04,1,1,1,1,1,1,1,1,1,1,896daa481c77ef33aadacb2cd3a18fc75b0f70230be92d7c0984bb9b63de6618
1033,791,5,SO-P0791-R05,1,1,1,1,1,1,1,1,1,1,7cd00f25307bee60b337a21da064bfba59f586ebaab7669e810000216444ad3d
1034,792,1,SO-P0792-R01,1,1,1,1,1,1,1,1,1,1,cb593d3589ee42c92598b9278036f977492f13d691ecf3b8e82c19b8dbfc9224
1034,792,2,SO-P0792-R02,1,1,1,1,1,1,1,1,1,1,9b47375c048db6d07e285217745b5bda8922a3110d615bfc518cf9c17e2418a2
1034,792,3,SO-P0792-R03,1,1,1,1,1,1,1,1,1,1,ffcbaa0697a6078de34071e45c75b0933603298545a9289b8ac290197a24657c
1034,792,4,SO-P0792-R04,1,1,1,1,1,1,1,1,1,1,0dee28fcde1893cdfb6984692a17823ee2e6e7946417815d11e53ac7e4b7089d
1034,792,5,SO-P0792-R05,1,1,1,1,1,1,1,1,1,1,20aec6102cdbf52fbf87c951636f1fcf0853c11232dede112643e6a6457ec4a9
1035,793,1,SO-P0793-R01,1,1,1,1,1,1,1,1,1,1,27867f56ad761c36e93ffd51b8eaa770a7b539a463fb28c62d9b401e061b1187
1035,793,2,SO-P0793-R02,1,1,1,1,1,1,1,1,1,1,c98ef4f6a7e711d97e464c154fcee39a857f32aa54ad76fc8ec150cfe7319d9a
1035,793,3,SO-P0793-R03,1,1,1,1,1,1,1,1,1,1,f48b3d19ee801e11ab810c052048953e4108787e616e05e2abc2c0a33df16a66
1035,793,4,SO-P0793-R04,1,1,1,1,1,1,1,1,1,1,74455250e01f3286aca944056aca7c7e782253ef86b50a56fc21c096b0b5f725
1035,793,5,SO-P0793-R05,1,1,1,1,1,1,1,1,1,1,37438f2bde0a2e1d37dadd7d5c65b1bbd98a37256afe6436a80f3aafbb94f2c2
1036,794,1,SO-P0794-R01,1,1,1,1,1,1,1,1,1,1,21b534551509544276247310ea5308e08f87c3c278a4fd2bccc816a5241ee6a8
1036,794,2,SO-P0794-R02,1,1,1,1,1,1,1,1,1,1,ae3fae394a699572f0fff7dcf12e69b2f50926137544ae22f94c963cb1840c7a
1036,794,3,SO-P0794-R03,1,1,1,1,1,1,1,1,1,1,b1dc95d3c6268820226988e55cc7ba09abcb6a7991e26719b0ac5efce233ef72
1036,794,4,SO-P0794-R04,1,1,1,1,1,1,1,1,1,1,c525b58a14c8a06a61798cc624cf32a70d972ea009309ba2e7a55a054ccd34e4
1036,794,5,SO-P0794-R05,1,1,1,1,1,1,1,1,1,1,8123c188b9ad61fb873d91a5db377f78b320069ff8db02791bdc6696ba6383a3
1039,795,1,SO-P0795-R01,1,1,1,1,1,1,1,1,1,1,61ea841c512af626a96bf04acf78d4f0358373efe672023edb82db16cecfc93f
1039,795,2,SO-P0795-R02,1,1,1,1,1,1,1,1,1,1,8bf4eb7cdce904d1de0ae05a3df294a3a8a76dc48b91c19857758301dcf0f5d0
1039,795,3,SO-P0795-R03,1,1,1,1,1,1,1,1,1,1,6089f3d1b22cd567ea0c4054d55f00c54b7093844e4ce302877688fe8c21d765
1039,795,4,SO-P0795-R04,1,1,1,1,1,1,1,1,1,1,117ef05d1b9df091a0fbbda7805eb47af9f100f0f1b9da5b5c73df29c0d409f1
1039,795,5,SO-P0795-R05,1,1,1,1,1,1,1,1,1,1,ef0c4e85821359d8113c840bea0c3f38972d43061c7db0b7d50db4012260fbec
1040,796,1,SO-P0796-R01,1,1,1,1,1,1,1,1,1,1,3e07e37d94d2fb3466a4b08e6a7f9bd69001dc303b1ae50cd7e80e93db2e471f
1040,796,2,SO-P0796-R02,1,1,1,1,1,1,1,1,1,1,3d75a29b361545f5d2869f90b381d70aa986f671eda2b65fd975cd5ae8b39b1b
1040,796,3,SO-P0796-R03,1,1,1,1,1,1,1,1,1,1,9ca6cc31538b834844ca017a9bdc53ec888fae98b91e81624611662211d2cd7d
1040,796,4,SO-P0796-R04,1,1,1,1,1,1,1,1,1,1,54096313bad6acf7a41c9be3db6208ede981f5b29bed33128fd761fde71ab953
1040,796,5,SO-P0796-R05,1,1,1,1,1,1,1,1,1,1,dbf2d374963468b2447996599e103fd3ffc2bb2f9071a3aee2f9b26f5aa3a5c9
1042,797,1,SO-P0797-R01,1,1,1,1,1,1,1,1,1,1,bdde3efd64e1da0aad7dec33b0da44ff7962e5ace3f7e7775783c2d00e72ac00
1042,797,2,SO-P0797-R02,1,1,1,1,1,1,1,1,1,1,5d3d185f742169be94411d71bf0b63d5be72d0c58f062f2a6448b6a9c86fc720
1042,797,3,SO-P0797-R03,1,1,1,1,1,1,1,1,1,1,e4605c29187afc7c37b7b2630e6676644aa43ba9afccc8624378caad3d9889c6
1042,797,4,SO-P0797-R04,1,1,1,1,1,1,1,1,1,1,e68aaa9f79f235e4b5a4d8c844f8558f2482dde3acdac47d04048bc84e0b5793
1042,797,5,SO-P0797-R05,1,1,1,1,1,1,1,1,1,1,b10443bde9fa6cab39a499b9594107b1dbfdbc701e2ef1e7536a2ce752c39eb9
1043,798,1,SO-P0798-R01,1,1,1,1,1,1,1,1,1,1,936ee17399233c4c9047e19678a43db51208ec094de97c91916bd5bbb30e389f
1043,798,2,SO-P0798-R02,1,1,1,1,1,1,1,1,1,1,397c25a5cb4668be7d1986a0bb7a323548c14e27bc5e09e112e00f993d52daa4
1043,798,3,SO-P0798-R03,1,1,1,1,1,1,1,1,1,1,c367036fbe4a769746c6d577385c64998ada13e9c4cc9916dff4de9680909ffc
1043,798,4,SO-P0798-R04,1,1,1,1,1,1,1,1,1,1,3b68fc4cf822e3576dee313b685a14475797e0b0c9d19cfed997d29a24c511e0
1043,798,5,SO-P0798-R05,1,1,1,1,1,1,1,1,1,1,9524684c91a6efe33b9d8c0615de077515780d25e2fe70f4730b6ff6ce97a423
1044,799,1,SO-P0799-R01,1,1,1,1,1,1,1,1,1,1,283e153a49c28ba46e23f6bbf097aaf6f0e5b81e1a5164a1c4f005a0229e6460
1044,799,2,SO-P0799-R02,1,1,1,1,1,1,1,1,1,1,0a38432bf0fa7043424fb035154dec6aafe036e498f49d7e54d217330e8b5062
1044,799,3,SO-P0799-R03,1,1,1,1,1,1,1,1,1,1,514cc8b308688c7df7f8b9c48fcbfd8d5f30cb0e3a1537fafd2b16068097ef3c
1044,799,4,SO-P0799-R04,1,1,1,1,1,1,1,1,1,1,f1a2347b0fc92e5ad23f595e65dd24d03db12cd701438b806e9ac9cb87521f22
1044,799,5,SO-P0799-R05,1,1,1,1,1,1,1,1,1,1,6b2618eac1f4d222c7c995cbf50dc7d5bcd2bebf647b48bdd013e29ef85e4fea
1045,800,1,SO-P0800-R01,1,1,1,1,1,1,1,1,1,1,a0e0d75203e1ee669cc124a75f4d8030f514fdc462b3c831522d5e53957aedf2
1045,800,2,SO-P0800-R02,1,1,1,1,1,1,1,1,1,1,d6088f73a43d1e1dc80d27226dd817d9e83d3da5faf0666ebdfc4e825c9bcaca
1045,800,3,SO-P0800-R03,1,1,1,1,1,1,1,1,1,1,80a37892e3f451ca539c8a8e4266cb4a44183c22a8d57c7094a53080a462ac11
1045,800,4,SO-P0800-R04,1,1,1,1,1,1,1,1,1,1,cc4e4d030119340dba3075be94473648cd162f9731f981592cd06146c6d77cfa
1045,800,5,SO-P0800-R05,1,1,1,1,1,1,1,1,1,1,0cfad6c8d24173d7c452bf7c54bfaeb05e74a0cb678ba779f8b2769492240901
1048,801,1,SO-P0801-R01,1,1,1,1,1,1,1,1,1,1,b9dad352015919cbdc1ece7a9b6a4532479a541e0ac077156dd42e9c7661e668
1048,801,2,SO-P0801-R02,1,1,1,1,1,1,1,1,1,1,432ce49f9cbda806780ad7a14f6172561ff5493ec5c532ffea732aef979140ed
1048,801,3,SO-P0801-R03,1,1,1,1,1,1,1,1,1,1,dbff597e472f6f675bfc7d9ec9b06c537e13f562d33483178d3f59db1986ca29
1048,801,4,SO-P0801-R04,1,1,1,1,1,1,1,1,1,1,6e57f52bce8b7909c01dc6c4ac656421f18019081563d56f6f2c60436237e155
1048,801,5,SO-P0801-R05,1,1,1,1,1,1,1,1,1,1,60f34a1b5efe3bef4b70990ece9447ccf67c35fadafef0dd15db4ba91d5edd74
1049,802,1,SO-P0802-R01,1,1,1,1,1,1,1,1,1,1,afdf45489c6a3b633768de97bf32196d7ddcfc5b2506b04bbd665a99701ea997
1049,802,2,SO-P0802-R02,1,1,1,1,1,1,1,1,1,1,cf1a1bb347783b3697f548b1b15f18258b842ccf34b992b85b304f5f5cf785f5
1049,802,3,SO-P0802-R03,1,1,1,1,1,1,1,1,1,1,e1ed1f050fee0d05adeb23105c1cc0724aa6a0c381803d75e8077472501d0ed0
1049,802,4,SO-P0802-R04,1,1,1,1,1,1,1,1,1,1,391db28703e5808ea61f6e94dd88d98c4d0d8a560ba9093b407ffef98b0ed5b7
1049,802,5,SO-P0802-R05,1,1,1,1,1,1,1,1,1,1,0e479e15d03efa1cd7516cae2cc5526dc6a97c487a2f9a82890462e1f0419a66
1050,803,1,SO-P0803-R01,1,1,1,1,1,1,1,1,1,1,300767b0f50aafd2b6cd61e5dcb4fcb3ba28d19a915c1fcad05702f434f1cfad
1050,803,2,SO-P0803-R02,1,1,1,1,1,1,1,1,1,1,cd15129a4013497d054f429b198d26dd97eea2dd839cf9d4b1f74c67237bf2b8
1050,803,3,SO-P0803-R03,1,1,1,1,1,1,1,1,1,1,433e3ca2e54886db54de6be39b3c5e002e710d13a9a9de50ed01117fd33e0dd5
1050,803,4,SO-P0803-R04,1,1,1,1,1,1,1,1,1,1,d5ed53578a3244e0f086be0cca3c14b4d1e8f587582ae55924688d6ea96d64dc
1050,803,5,SO-P0803-R05,1,1,1,1,1,1,1,1,1,1,f40aca8889de52a179932c089332b0948efb3858a09b80b4d5773e069e61b6d4
1051,804,1,SO-P0804-R01,1,1,1,1,1,1,1,1,1,1,2f001713dedcc3ab7faf5df3a3c0a8dde2d63bda3106a1f64ecf861a2de4d746
1051,804,2,SO-P0804-R02,1,1,1,1,1,1,1,1,1,1,e11f54f09278ae2797d51030b9976c13478e4969ac0220a43e57694afcec3303
1051,804,3,SO-P0804-R03,1,1,1,1,1,1,1,1,1,1,d98a489346b32fb1408ec310de9a544e94cc293428018c94a1b5a0007a2616f2
1051,804,4,SO-P0804-R04,1,1,1,1,1,1,1,1,1,1,6dcbbbdf0db2e4a072f92bef41aa38be356a627b6117979a6db94e8e5d11484a
1051,804,5,SO-P0804-R05,1,1,1,1,1,1,1,1,1,1,7db83d7d95e2bd1419174bae3f4833c1804828067c16b86c3b90c49f83c3e0fa
1052,805,1,SO-P0805-R01,1,1,1,1,1,1,1,1,1,1,ff3d09ed6c0464a9b7be991ba3ba86a89ec0346f94b5ef4089ec1cb8cbecf560
1052,805,2,SO-P0805-R02,1,1,1,1,1,1,1,1,1,1,272cbf0268313bc193af784ead8b049b30b6ad6d9f2201a985288c88fd9de295
1052,805,3,SO-P0805-R03,1,1,1,1,1,1,1,1,1,1,f5c1674a71bba4834421ecf2f33ba77946bc359e1a6a2547aef1610d2a17f1a9
1052,805,4,SO-P0805-R04,1,1,1,1,1,1,1,1,1,1,3fd2e89ff7856f1e2d773c58b6accaa35b5916fe23c1d41c5b056294767df2fb
1052,805,5,SO-P0805-R05,1,1,1,1,1,1,1,1,1,1,245a24a05078c63f01f4ff03320b455fced0856345db4ef9547b41ec9ef1011c
1053,806,1,SO-P0806-R01,1,1,1,1,1,1,1,1,1,1,a26ee51981901880398826fe910ae8badb8c8d2a695db229c22ccba2e7ac649d
1053,806,2,SO-P0806-R02,1,1,1,1,1,1,1,1,1,1,5a251db5c1e62e3213257d5e2af6808c4dfd16f3eb3fa1b6ae09b46db2631f3e
1053,806,3,SO-P0806-R03,1,1,1,1,1,1,1,1,1,1,f6980b066eed4f48c27fd215a81e4a8cd9e3f9cc291c86cbe68fa3a955a9c874
1053,806,4,SO-P0806-R04,1,1,1,1,1,1,1,1,1,1,d12e7050f5a4dde01cbc5a0010c74b0a94597e2b07a94c082ea103f3b1df663a
1053,806,5,SO-P0806-R05,1,1,1,1,1,1,1,1,1,1,6f96ebff6405412209af53ced84bddbcef0973e32a4e235fdfd89d83a1e45f7e
1054,807,1,SO-P0807-R01,1,1,1,1,1,1,1,1,1,1,b9fa22ce44905dc4297f3bcc1c6f397185e557c1d0010e17d2d521703bf5032f
1054,807,2,SO-P0807-R02,1,1,1,1,1,1,1,1,1,1,6ad06ea098438f8dfdf9fa2976f07d5edf1e2ecad0d2488896064fe326467fe0
1054,807,3,SO-P0807-R03,1,1,1,1,1,1,1,1,1,1,ceef64b46344f8a55da8869c66afff3507d691eef80958c3505f213b993f0e25
1054,807,4,SO-P0807-R04,1,1,1,1,1,1,1,1,1,1,43ae9226a1dc86e2f3438a22c2d5375ca68f7d2991548aca9f87ecb22b8bcfaa
1054,807,5,SO-P0807-R05,1,1,1,1,1,1,1,1,1,1,cc098cf48874efe73920b2e6853e40afd046aa5e7d8b05c5b3dc3aab2ac2924d
1055,808,1,SO-P0808-R01,1,1,1,1,1,1,1,1,1,1,74e68cf5862fcb4a435c890587c125da9ada61df701d2caf7ddfa46a0ac4ff2e
1055,808,2,SO-P0808-R02,1,1,1,1,1,1,1,1,1,1,178517da50892153aee152c0f14bb56f9b32672ccaf7e44897a133d894c0e788
1055,808,3,SO-P0808-R03,1,1,1,1,1,1,1,1,1,1,eeb9be08ac2a2ccf1e7d0ebd0fd1886ec69f23d8fa72dcf82b6a0dbcc2a67a28
1055,808,4,SO-P0808-R04,1,1,1,1,1,1,1,1,1,1,358024232396d6f1e2f3fc843c1d328bc7f8ae4a225a0bfaedf34ffc5a43d74e
1055,808,5,SO-P0808-R05,1,1,1,1,1,1,1,1,1,1,e8d278fa09c5670844a7f3d398671a0ce10bd637e1be8614c4ca5281d6f1b11a
1056,809,1,SO-P0809-R01,1,1,1,1,1,1,1,1,1,1,ffbab242f8e8f2d4f68ebd81a863f9c2bf153c593ef4cf8d39da530d518f892f
1056,809,2,SO-P0809-R02,1,1,1,1,1,1,1,1,1,1,c8d9d619dff2e2bb369e0b6e73057c6bfece7699a86bf699eeee592ae40ed220
1056,809,3,SO-P0809-R03,1,1,1,1,1,1,1,1,1,1,b60833cd8b6d6cf7964d6081fd91fa779f0e1b7518c88ccb17c50493528f854e
1056,809,4,SO-P0809-R04,1,1,1,1,1,1,1,1,1,1,61080352c1d4ba3a09d94690e856e26975bfe6d518916acb5899ca634273de5f
1056,809,5,SO-P0809-R05,1,1,1,1,1,1,1,1,1,1,55f9313ee6eb63200074a38b844b60508d5902d70f8f06cf6085804eeae876da
1057,810,1,SO-P0810-R01,1,1,1,1,1,1,1,1,1,1,dd85121ff000a51790636170fbe442eaacd1153178aa3c8f41d938a53438b430
1057,810,2,SO-P0810-R02,1,1,1,1,1,1,1,1,1,1,75995a823c01bbbedaecf01eb256c6d9748c4d69cc6493344a59c91846cde6db
1057,810,3,SO-P0810-R03,1,1,1,1,1,1,1,1,1,1,9c954f80002d00d403448fc4188d4f4cee826afbd5d4c3e4f48147a2164e7516
1057,810,4,SO-P0810-R04,1,1,1,1,1,1,1,1,1,1,42cf18659dfbe6ce413d8ef5e8e237cc217a68df837eee51142f6e2177c909d7
1057,810,5,SO-P0810-R05,1,1,1,1,1,1,1,1,1,1,0eb3c5fbcc3f41be90984626934f58c14b118c55df847739c2a74a36cc04d8c8
1058,811,1,SO-P0811-R01,1,1,1,1,1,1,1,1,1,1,a2d6f4d138f14fccf52c02b194337f8a117749157b5f3f3da416c285b9dc4dd9
1058,811,2,SO-P0811-R02,1,1,1,1,1,1,1,1,1,1,af68bc8b3d50d95b745d57c787042d2a2a3c5088283d12f43e15be139f5b9861
1058,811,3,SO-P0811-R03,1,1,1,1,1,1,1,1,1,1,96fc5ca20e9ac12ef8da1e427520952132d0e9de54925123a524ca3a58577a29
1058,811,4,SO-P0811-R04,1,1,1,1,1,1,1,1,1,1,df89c8ba855bf3c671b203e9b996ec7015c75299a47308f2d6e16bf011f44ad6
1058,811,5,SO-P0811-R05,1,1,1,1,1,1,1,1,1,1,04a656a01f8b2c0d2a28bbf664c5968f5e34d3fd46622dd78a8c99ce4b085cd8
1059,812,1,SO-P0812-R01,1,1,1,1,1,1,1,1,1,1,2e5c24b92332dfd34fe3616573af59c37edc0386562a69f01c4c81b7ed904156
1059,812,2,SO-P0812-R02,1,1,1,1,1,1,1,1,1,1,a6f66e5b2011eae0158ddd90c978331ab28e60d8f1b4b3cec550f9d03d84902b
1059,812,3,SO-P0812-R03,1,1,1,1,1,1,1,1,1,1,adcbe1d7be28863b92fb4dcf702dd7cd7d102b1449b1717877c85d4710ea7f7d
1059,812,4,SO-P0812-R04,1,1,1,1,1,1,1,1,1,1,810a452fe6aacf4a33126721ddbf6d48e6008ca11b7dc3677fd72da00fc2d75c
1059,812,5,SO-P0812-R05,1,1,1,1,1,1,1,1,1,1,c3b5c14d2955257f7d086f65925a3421bb4840e892e12d4ff4c6576706dfe17c
1060,813,1,SO-P0813-R01,1,1,1,1,1,1,1,1,1,1,3b0555c86448a293f77207a190870cb95c01b875f3576392a3ee20fd0015767f
1060,813,2,SO-P0813-R02,1,1,1,1,1,1,1,1,1,1,a99dd28080f37d8a64657b5c1df49fcf817c5ebe394743a1e18c52a5d14bd211
1060,813,3,SO-P0813-R03,1,1,1,1,1,1,1,1,1,1,f6b8f7f417567e5bbe92e9ed3e0ddb5461b6118acaf6f370a924a8c308626544
1060,813,4,SO-P0813-R04,1,1,1,1,1,1,1,1,1,1,17adf76878c4ccecbd8bb4f78dd0d00268d2b9dc83c60c2d78b133c06360c3ef
1060,813,5,SO-P0813-R05,1,1,1,1,1,1,1,1,1,1,66489cbdfdce2a0191025e3699d5c821a975910574b0fe5d0f9961f0b07ffd05
1061,814,1,SO-P0814-R01,1,1,1,1,1,1,1,1,1,1,76f877ee027d5c1f6cac73b85af05f86f2484e86fe3d6cff1709b4c68ca3c1e0
1061,814,2,SO-P0814-R02,1,1,1,1,1,1,1,1,1,1,d5d1f3c25c616e16873b9975f38e116a9a9d4ba2cf1908c303c96d993d651b8e
1061,814,3,SO-P0814-R03,1,1,1,1,1,1,1,1,1,1,47442a7824ccbf6534d19c99b54096f771bfcab2b3a70a36870729ea8fde9194
1061,814,4,SO-P0814-R04,1,1,1,1,1,1,1,1,1,1,1b89257f55438cdfbea2d8cfb678db93fd87ac11113fba4ecf4fbe9ec7ff2b0a
1061,814,5,SO-P0814-R05,1,1,1,1,1,1,1,1,1,1,5a7f9783b293a99903c344868d408a073888332a0c9c02f26459ded36e7a872d
1062,815,1,SO-P0815-R01,1,1,1,1,1,1,1,1,1,1,e41b29ca1c0e43f5e3817d4a44a41eb885f67a69b54706ac23a7fd5441f8cb62
1062,815,2,SO-P0815-R02,1,1,1,1,1,1,1,1,1,1,bead9cc3e1adf23a745d82d9a5789c5a75b9d3e4863ed554ba9e65a110d9f699
1062,815,3,SO-P0815-R03,1,1,1,1,1,1,1,1,1,1,751cf15656440bd2a3813b21b9daa99f1f2108393a4955026f09463a744f2d31
1062,815,4,SO-P0815-R04,1,1,1,1,1,1,1,1,1,1,ad2ff2454072b11fd377501abeaa0060221cd8a665f45f31d79daec84bb608f2
1062,815,5,SO-P0815-R05,1,1,1,1,1,1,1,1,1,1,80934c5e20f50c85d59c2a3bb237bc4876d4c03ef6ea79d39c3df041a2e6add6
1064,816,1,SO-P0816-R01,1,1,1,1,1,1,1,1,1,1,f17bc5cee5e714a1eef637b576c41d72972a2a0fc21869497eeb3ddede13a176
1064,816,2,SO-P0816-R02,1,1,1,1,1,1,1,1,1,1,900023d7b2ba161d8f2a6dc03d1dd7daca2277eeeca5c600652ab0ba44edd2ef
1064,816,3,SO-P0816-R03,1,1,1,1,1,1,1,1,1,1,33c0316bf894847ac879ec646c8ceb75b92c743641717c4214f98900da9c3726
1064,816,4,SO-P0816-R04,1,1,1,1,1,1,1,1,1,1,9bb95e0e7a16aaae7c1829f37874adf04a7eecf4955040c4a2efa6abf21568c3
1064,816,5,SO-P0816-R05,1,1,1,1,1,1,1,1,1,1,a4e6379d16053e4d0e438311f4ec0756a3445b8f4a8107629852ae5b98926deb
1065,817,1,SO-P0817-R01,1,1,1,1,1,1,1,1,1,1,667a434e37eacee242a6f956e97a9e828fabf63708918b8ceece2d2279a8f585
1065,817,2,SO-P0817-R02,1,1,1,1,1,1,1,1,1,1,ed6a06d216f056fb94363b16144c9deaff3b7ad2275d9f0c5b8633db19c64eac
1065,817,3,SO-P0817-R03,1,1,1,1,1,1,1,1,1,1,88980932e1ef8f6f09cdaa6fcdcfde9a3a7e17c4da9a2249d502df96974c0283
1065,817,4,SO-P0817-R04,1,1,1,1,1,1,1,1,1,1,52c2bf092da9f3407bd2abce26d08b485f78dfd39c87842f1731d14bde1bde42
1065,817,5,SO-P0817-R05,1,1,1,1,1,1,1,1,1,1,657e4662fe98d97289af52fade12bdc0c5f909b4304ff3a7ef97c7cdcdbd9bce
1069,818,1,SO-P0818-R01,1,1,1,1,1,1,1,1,1,1,7ce896215c5445c017109993ee8703af9e665d9c47fc0139dea8394b73c9c55b
1069,818,2,SO-P0818-R02,1,1,1,1,1,1,1,1,1,1,4f0e8bf22a5e549e687268ebf54407f3c9dce87d8af6e2adfd92228164af75d1
1069,818,3,SO-P0818-R03,1,1,1,1,1,1,1,1,1,1,1b7734be5ac9f44f8c252394e22213d9f1049eaaee52d0b2b54b8323a4ea9868
1069,818,4,SO-P0818-R04,1,1,1,1,1,1,1,1,1,1,a440e0abe7011f90bfdf5d9c921ed42a3e2f9a837aad214ab0886fef15ddf5c7
1069,818,5,SO-P0818-R05,1,1,1,1,1,1,1,1,1,1,7ced1dc324aaa92af3f2f8d57b21ce1f8bf692cb945bd94e0a6e1c18856b7164
1071,819,1,SO-P0819-R01,1,1,1,1,1,1,1,1,1,1,821a410681a69ed755f679e92a2a44567133af0c8ac89d680fff2ec5ec9ec355
1071,819,2,SO-P0819-R02,1,1,1,1,1,1,1,1,1,1,e174baa2f597729c39c28f69950579c25b1c125511e3d3535ecc70ed63153e7c
1071,819,3,SO-P0819-R03,1,1,1,1,1,1,1,1,1,1,258228e6bd10b09818153fd2c7d0ca9eb978e5543c94ee1279e4ed8db85d268b
1071,819,4,SO-P0819-R04,1,1,1,1,1,1,1,1,1,1,5e7f83d0f3fd32d4da95a4c7a67edb408db5a7053d85b67dd5aeff1d35e47805
1071,819,5,SO-P0819-R05,1,1,1,1,1,1,1,1,1,1,760d28dd1fa1e91aa483960528a6017dd968dd69c52529476c2ec2cae9114001
1072,820,1,SO-P0820-R01,1,1,1,1,1,1,1,1,1,1,b0c2b37f4b4828428db8e48f083b216fda1ec35741b2027f7c95efcb5bad9628
1072,820,2,SO-P0820-R02,1,1,1,1,1,1,1,1,1,1,945b3057d79662766660b1a65ce6df590235e0bf85cabc3d5c29bd8e4c32dddb
1072,820,3,SO-P0820-R03,1,1,1,1,1,1,1,1,1,1,8b79b13a94d2d245fbfbcd5d801fba593b8c0502478e67ffef51cc3701dfc549
1072,820,4,SO-P0820-R04,1,1,1,1,1,1,1,1,1,1,e980bf3c19523af2178b74c73dccfe622b42304ee6eb0b59bd03add332b68494
1072,820,5,SO-P0820-R05,1,1,1,1,1,1,1,1,1,1,b08cdecd5d6a40be46a9723efd79d838bce44c4f2e77ec17a29344ddcfa71b2b
1073,821,1,SO-P0821-R01,1,1,1,1,1,1,1,1,1,1,17eb92668aba03c30c4e3f604ab49462f74a87925a6dd52c5f862b8d5b446ac2
1073,821,2,SO-P0821-R02,1,1,1,1,1,1,1,1,1,1,f49a6f422b6b74fd76c6c9663cafbb6300bbb6239cbbf9195c1ce93310a67030
1073,821,3,SO-P0821-R03,1,1,1,1,1,1,1,1,1,1,4d7569e7d51d9c954fa5e8d894dabff3e09927a03b0cc041169977522ebeddfe
1073,821,4,SO-P0821-R04,1,1,1,1,1,1,1,1,1,1,93bca3e3c2d21ef8f336c11a5ebf9b3ac4cab05ffbd88fee2e6b3cbcea88f13f
1073,821,5,SO-P0821-R05,1,1,1,1,1,1,1,1,1,1,70b54d8ffb07d090e1bf33be2928510417ba5bd466c9033a93c58d9b04bc04b9
1074,822,1,SO-P0822-R01,1,1,1,1,1,1,1,1,1,1,10f712b7ab7b22e3f1df82ae7416987b3866eb62797d579043278d9ca9fc5422
1074,822,2,SO-P0822-R02,1,1,1,1,1,1,1,1,1,1,2ea61e64bd89c78aa330845c09953ba6d39473d9d2375296db4c4c00b9c2c765
1074,822,3,SO-P0822-R03,1,1,1,1,1,1,1,1,1,1,b430781258791692384d82e5588e196832fc4e75f1a21a534cb25421def59048
1074,822,4,SO-P0822-R04,1,1,1,1,1,1,1,1,1,1,4229cb5d0e987ff305b3aa310ded76a93da009316c4efa82173c131e89e532c8
1074,822,5,SO-P0822-R05,1,1,1,1,1,1,1,1,1,1,f3b46f7708b64bbe6a54cd7e1d43a442bc7f91a2b6b28723303a2f929ac454f2
1075,823,1,SO-P0823-R01,1,1,1,1,1,1,1,1,1,1,a7a0b16e22b8c2359dcfd27dbcaa1ce7b3d0aee70682cd6bab907e96610d32c3
1075,823,2,SO-P0823-R02,1,1,1,1,1,1,1,1,1,1,100878c1ee7c2b50f5522f3d7e39993d3744f435bb23b708c8669899b1f5ebd5
1075,823,3,SO-P0823-R03,1,1,1,1,1,1,1,1,1,1,6f123efd05ebc3328f8307263beb08d9f93e69faade4d4f478ebe9918ad4ae49
1075,823,4,SO-P0823-R04,1,1,1,1,1,1,1,1,1,1,105fa7086b52c8b9534160154b76e777aebf0e91301377c0bfda714c233ad15c
1075,823,5,SO-P0823-R05,1,1,1,1,1,1,1,1,1,1,71472243b58aeee1b0787cd3d465a1423766bdf8212893da2df0a93e6a8a164c
1076,824,1,SO-P0824-R01,1,1,1,1,1,1,1,1,1,1,b549509d24186fd705a8424b842d081f69e9726b83a39597af99b0b504c47c71
1076,824,2,SO-P0824-R02,1,1,1,1,1,1,1,1,1,1,1f56aa00ea537c5f274a4fdedbbc8f3d75deee9b10798cf1e2343d0f3a57358d
1076,824,3,SO-P0824-R03,1,1,1,1,1,1,1,1,1,1,19f68d7903b5f2f8d2b36cb9588291f404a03367e86026072630ef89a9835913
1076,824,4,SO-P0824-R04,1,1,1,1,1,1,1,1,1,1,3f9ef3b5e2fe7bcfb26f11db302b1bde7e194206661be3f10154655fc3906dcb
1076,824,5,SO-P0824-R05,1,1,1,1,1,1,1,1,1,1,c03c15d4e2bb3aee2d71d2bd668efc37fc7a0f2a8ceb17188e5b026f63e53d64
1077,825,1,SO-P0825-R01,1,1,1,1,1,1,1,1,1,1,41fa457af550e41379ad06473194145ae43da5b381a632856400f099f014afab
1077,825,2,SO-P0825-R02,1,1,1,1,1,1,1,1,1,1,02d83675c08cf15e1d48307642fdc2055f8390b257e3ea16635cce625bc96573
1077,825,3,SO-P0825-R03,1,1,1,1,1,1,1,1,1,1,b821ec27caed46620e4e6a34f17095b6f09b9ea3c34c0ec6322ad004f3707b31
1077,825,4,SO-P0825-R04,1,1,1,1,1,1,1,1,1,1,44918372864164103670d74b18564b3bcefb55f669bf68ef8f7584ad05a32875
1077,825,5,SO-P0825-R05,1,1,1,1,1,1,1,1,1,1,e6dfffdf4c62c12fed55b6b99da22b64776c3ae12e30b5e949ec65e1442fa9d1
1078,826,1,SO-P0826-R01,1,1,1,1,1,1,1,1,1,1,ee21fb29d451a64f3084a8d3266b5fea61fc252a0ac68619e5a92b0a7b371f4a
1078,826,2,SO-P0826-R02,1,1,1,1,1,1,1,1,1,1,763948c37293e898408527c762efcbfff9d4283a761514d4b2cef53cb94dc373
1078,826,3,SO-P0826-R03,1,1,1,1,1,1,1,1,1,1,2d82867034a1c572e6ea33107ab1b930cc0ec04eea827c2897b0fb73ed3a3ced
1078,826,4,SO-P0826-R04,1,1,1,1,1,1,1,1,1,1,5d66576cf86b605ab9457a31b3dd0e62f0b2ff3ae9bb5faa47b257e1c93b6183
1078,826,5,SO-P0826-R05,1,1,1,1,1,1,1,1,1,1,99488e6962b045635f85be867beddd524c3cf8668d25b69618f6f45e8e7ea16a
1079,827,1,SO-P0827-R01,1,1,1,1,1,1,1,1,1,1,13e6b3cebf642b670b9bbd3be091245ac06a5e9c5bd4632c906ee1249fe77ee6
1079,827,2,SO-P0827-R02,1,1,1,1,1,1,1,1,1,1,da6ac00f191a4d3224342770017014618c01f062fe0f79e61963327d141dd2b3
1079,827,3,SO-P0827-R03,1,1,1,1,1,1,1,1,1,1,c3ef5219af53e13241a0f4111efa9b1019382dc6044e184f723a19284a0c80dd
1079,827,4,SO-P0827-R04,1,1,1,1,1,1,1,1,1,1,8f1ba81b8407bb98f2c9cbc8651f286c4d1e6e6aa28e836c3557de440a236473
1079,827,5,SO-P0827-R05,1,1,1,1,1,1,1,1,1,1,7cc9dede4394cf33062697464419988a1a4b71eb8accb8cd4c955ee69d05d5c2
1080,828,1,SO-P0828-R01,1,1,1,1,1,1,1,1,1,1,185a5b3a83d8fb7f1203d074eb3104f323b3a593fd961618248dabf14a67fcd8
1080,828,2,SO-P0828-R02,1,1,1,1,1,1,1,1,1,1,6063f0ab64679c6a0c37c3c3df65ff82cbe5b1ca6f54106c54228063fb692a19
1080,828,3,SO-P0828-R03,1,1,1,1,1,1,1,1,1,1,a914d3856167426df92ee612417a3fda6430c0ac630e85b98953aec32e08cb56
1080,828,4,SO-P0828-R04,1,1,1,1,1,1,1,1,1,1,acc7d66d26792a24bb4322122f08b5400136209d3c33fcfafead76807340d4e9
1080,828,5,SO-P0828-R05,1,1,1,1,1,1,1,1,1,1,5714a60ad795f62ebb6e4a634af4804ad77f92f536fd944b0997d8547fdbd817
1084,829,1,SO-P0829-R01,1,1,1,1,1,1,1,1,1,1,a3f46e3be7d168ac71322095acf768d925e758d27026cf840e88ed9894b1903c
1084,829,2,SO-P0829-R02,1,1,1,1,1,1,1,1,1,1,1c68409cff8890a00c620fa518c8a6054fb61e4657a8b8490f43c273d1dc3a77
1084,829,3,SO-P0829-R03,1,1,1,1,1,1,1,1,1,1,559aec55f8594eb42ac19c01f89f6abf49dc4a05d2acfe439206764e0b4287ab
1084,829,4,SO-P0829-R04,1,1,1,1,1,1,1,1,1,1,69e406b4c09248cbdfde77130889541e753dad594e04f74c9fc745f1fe7e189a
1084,829,5,SO-P0829-R05,1,1,1,1,1,1,1,1,1,1,5446209d5172eb9248749e4c212936dcdee91de548731d4c41b22d8c1475209f
1085,830,1,SO-P0830-R01,1,1,1,1,1,1,1,1,1,1,2fffb328ee7a8c57954cbd80ac30cc8ef8cbb4b7034c7f251ad27530ec8a4fae
1085,830,2,SO-P0830-R02,1,1,1,1,1,1,1,1,1,1,bc247ce3f568b9d99b3acab8801b975bcd141337e0ccacc1cfd954b0c7762267
1085,830,3,SO-P0830-R03,1,1,1,1,1,1,1,1,1,1,1dfb5b28d6bd333260631b124e1e90d412b98f1256827c96524c76fcc31d425a
1085,830,4,SO-P0830-R04,1,1,1,1,1,1,1,1,1,1,287610b39ee60370d197f03db85f1ea099821f1d288fc0f37f19a0e9f16adb6e
1085,830,5,SO-P0830-R05,1,1,1,1,1,1,1,1,1,1,15381b19900b9a28bc53205fb87b7159b6679e8165ad1de98f1ff289ae69e47d
1089,831,1,SO-P0831-R01,1,1,1,1,1,1,1,1,1,1,2ac1d663dfaa7fd7ed78322766fdedd4b24fe4f12af18550943c1fe8fb999991
1089,831,2,SO-P0831-R02,1,1,1,1,1,1,1,1,1,1,5c64d0e965ab09c2723c9587f8f5920ee9272510314c6c97af10e2e2ccc03f57
1089,831,3,SO-P0831-R03,1,1,1,1,1,1,1,1,1,1,c4aaf3edb0340a67f5442c52dfc9a3fd097718e535894865c7e748308ebb8149
1089,831,4,SO-P0831-R04,1,1,1,1,1,1,1,1,1,1,eec536558b32c2389587d26c690866ec7cd50d5f6c149a8f159a98bca10c93f7
1089,831,5,SO-P0831-R05,1,1,1,1,1,1,1,1,1,1,82139350872b8bb91832c322267be03f2f439cc90f2c764f73c29e9160f5990d
1090,832,1,SO-P0832-R01,1,1,1,1,1,1,1,1,1,1,08598129a5db5e830497ab6be1967ae763e916f99faf4a093ee31bb4cca2463d
1090,832,2,SO-P0832-R02,1,1,1,1,1,1,1,1,1,1,45faeafa331a42e7726853fd6ba281cff94a6a53114b32076d2237327ebb43f5
1090,832,3,SO-P0832-R03,1,1,1,1,1,1,1,1,1,1,d7e93c53cc387b176137f3a366e4e2492b411b2f64780fc02c74e259d049a8f8
1090,832,4,SO-P0832-R04,1,1,1,1,1,1,1,1,1,1,a8c1063f14370fee7706442787002b663618a3896e4c388d3d52ee2ea9086c7e
1090,832,5,SO-P0832-R05,1,1,1,1,1,1,1,1,1,1,401c74ddb1b62ef13d9af52b953b88126e3bcaa22370f4fda03932a666abf414
1091,833,1,SO-P0833-R01,1,1,1,1,1,1,1,1,1,1,3e9f4d9c6b8571ed783d6489fc86b3115f9843684e43047ebeda81e7ac84eb08
1091,833,2,SO-P0833-R02,1,1,1,1,1,1,1,1,1,1,3bae7937f3229ba50567e51823e758374ce0abeeb607b59bc92d0bc6ef296dcd
1091,833,3,SO-P0833-R03,1,1,1,1,1,1,1,1,1,1,a6de5de81b72a4e66ce15bd77920491f0c8697ccb60ca27c355c42aa1ff2575e
1091,833,4,SO-P0833-R04,1,1,1,1,1,1,1,1,1,1,c3668c683f2f198896d36be6b2ddb26fac6ab35dde7a156a5f28218d013d2801
1091,833,5,SO-P0833-R05,1,1,1,1,1,1,1,1,1,1,7cf0702e948f867b0589811578b8e9b34d5d6cb2e6cedffbdd185cb89604a452
1092,834,1,SO-P0834-R01,1,1,1,1,1,1,1,1,1,1,e7ee7327d303f93b68039a12885b70bd86d00bdc640f4a019e52a1a27d708724
1092,834,2,SO-P0834-R02,1,1,1,1,1,1,1,1,1,1,5c5896bacc78505329776ea6f66a34de17af6ac957e1e9de9c7e9e7a0535fd04
1092,834,3,SO-P0834-R03,1,1,1,1,1,1,1,1,1,1,874518c7de94b6f5d92f6cbacc8ed1c987fa89e5a1a7e2327ea9955cf8a75c6d
1092,834,4,SO-P0834-R04,1,1,1,1,1,1,1,1,1,1,ccac6d7f08862774e87622f60e8636047c33fb30b5858743a78723d3e3e0f12d
1092,834,5,SO-P0834-R05,1,1,1,1,1,1,1,1,1,1,6ce65aa0ca61fd989fa09d0c88689182400dfa2802965b4fa9bfdbd2a126a7f1
1093,835,1,SO-P0835-R01,1,1,1,1,1,1,1,1,1,1,4e16b01da16bbd1c788a9e4fd5a0892b8384de88c5f5582e46c1f68c1ab948e0
1093,835,2,SO-P0835-R02,1,1,1,1,1,1,1,1,1,1,051bd34276f3c8fecf87b5c00215fd371d0197ed1a2a0968cf98dfd3410791b6
1093,835,3,SO-P0835-R03,1,1,1,1,1,1,1,1,1,1,064bb1bc9889349f6ba5838e327d336f9efd7b560fc42ce6ca3a68be95e748bb
1093,835,4,SO-P0835-R04,1,1,1,1,1,1,1,1,1,1,8ea4e6f1939e48554f4cb3209512c673f58f543bbfeb54b20c59ac80e08fa604
1093,835,5,SO-P0835-R05,1,1,1,1,1,1,1,1,1,1,749083aa0d681f2cd351e90e763c3074893db499aab21488f2c1e2314632c249
1094,836,1,SO-P0836-R01,1,1,1,1,1,1,1,1,1,1,f5b024f1e93b80544ff3a473455b88e952699a17a184f536add9d055434d2107
1094,836,2,SO-P0836-R02,1,1,1,1,1,1,1,1,1,1,aec426fc782fd1318983b1fbae89725790b51b36e6062ebbb5393ac054c7e590
1094,836,3,SO-P0836-R03,1,1,1,1,1,1,1,1,1,1,f786e4f423c87ce5dc0d15a1ba95d5ddafce5a164fd57d21a77cab5dbdee1f9e
1094,836,4,SO-P0836-R04,1,1,1,1,1,1,1,1,1,1,3ef181235c9ac51b8ebaa7accce59cc0220b99dcf341864d9b153f6fdba87cd4
1094,836,5,SO-P0836-R05,1,1,1,1,1,1,1,1,1,1,fcedd31673241a165b366037a4c5f03b94dcc342ddf67b49c661bbde64369a55
1095,837,1,SO-P0837-R01,1,1,1,1,1,1,1,1,1,1,79417d7643ad439b1f6daccc1e07964706c42c72bc2d544daf1f02e674ccb231
1095,837,2,SO-P0837-R02,1,1,1,1,1,1,1,1,1,1,e01fd4196f5059fcbb70b3e352f9f3dc084fabadbdf1b7dd6013cc83f3c08ed2
1095,837,3,SO-P0837-R03,1,1,1,1,1,1,1,1,1,1,0e8ecc802d1ccb2d1ead02e6f9db5822791bdaca9752c32972f7506e4245876e
1095,837,4,SO-P0837-R04,1,1,1,1,1,1,1,1,1,1,878dc8e1db7ec4173c8c24fb46ece687abdf1e9393aedbaa740f70dda0fce85d
1095,837,5,SO-P0837-R05,1,1,1,1,1,1,1,1,1,1,cbb110a21a3dd2a07773080703a3bc2198eb75004042f59ebc98cfa7e39846ca
1096,838,1,SO-P0838-R01,1,1,1,1,1,1,1,1,1,1,a08dc037dbc72733b858c8846d519a44be873a39505b793af2c2bf7b11ec1c8e
1096,838,2,SO-P0838-R02,1,1,1,1,1,1,1,1,1,1,16783e35cece9da2848fcd4b66c4b180d7eb9728aef4c0aa8b5c8feda53f318f
1096,838,3,SO-P0838-R03,1,1,1,1,1,1,1,1,1,1,5c4d36ae0f95b75fd97995dec819843198c40168ce227d9d5c67a67eb179b1b1
1096,838,4,SO-P0838-R04,1,1,1,1,1,1,1,1,1,1,94efb3b0f9609b606d457bc44e641c55060215a05c0d26dd93013bd9948e8d7d
1096,838,5,SO-P0838-R05,1,1,1,1,1,1,1,1,1,1,a4b6069220ec59b53c02a8607a50c57abe5753c5cce0dcad365acc5aad11752c
1097,839,1,SO-P0839-R01,1,1,1,1,1,1,1,1,1,1,8bef1cf5aaf7975811a8075c73c6a9cc3fc65d5556d4298d9b6b0a070f5b65cc
1097,839,2,SO-P0839-R02,1,1,1,1,1,1,1,1,1,1,7af59501ef80caacfa2cdcae43909dab0f24dc6033daad0ce9dd6357f88ca4de
1097,839,3,SO-P0839-R03,1,1,1,1,1,1,1,1,1,1,438c82fed2a5ca985a9421af4f7afa17e040f54f8ff5ddcacf0be29f15e5564e
1097,839,4,SO-P0839-R04,1,1,1,1,1,1,1,1,1,1,e9e6d558f06850da203808d344ee2926f96b618e17191ebea4a8272474729b3f
1097,839,5,SO-P0839-R05,1,1,1,1,1,1,1,1,1,1,663363c650058fa524daf1f7b18cf2d7ac489515b33e10f95b1cf8787ee7359c
1098,840,1,SO-P0840-R01,1,1,1,1,1,1,1,1,1,1,f3ad559c384654f6ccb2bd2d30a7e68d2ac3a06490ac4cf393eb10b08d8f587c
1098,840,2,SO-P0840-R02,1,1,1,1,1,1,1,1,1,1,102b784745488c5c2f86252431dabf5aa5b36508e2d3b1e35597d0f3ed85b9f9
1098,840,3,SO-P0840-R03,1,1,1,1,1,1,1,1,1,1,8f22e93811019b7367bb15a906857d24f6f94246b9b6584de90b4a905e4fe9e2
1098,840,4,SO-P0840-R04,1,1,1,1,1,1,1,1,1,1,e96045112407b05c415adb4d158ba4a18702a8b882c25521031ad502bb1b5540
1098,840,5,SO-P0840-R05,1,1,1,1,1,1,1,1,1,1,8125533ec1f776de0f2ce136bd66053b10af5d6dd5bc967660529208870e007b
1099,841,1,SO-P0841-R01,1,1,1,1,1,1,1,1,1,1,ab3466eb9ae5530d405ce356cecf58e9a8d20431517f6618956767599d68f68d
1099,841,2,SO-P0841-R02,1,1,1,1,1,1,1,1,1,1,a91addfa20a5aebbff5f9754c768d1c74523ce374addf3af4772dbe5d25e525b
1099,841,3,SO-P0841-R03,1,1,1,1,1,1,1,1,1,1,d6736e0f6655846a9023a0792fa9c3af100de0c6ebc684595ce72547d61eece4
1099,841,4,SO-P0841-R04,1,1,1,1,1,1,1,1,1,1,f8a7f0bc75f6c93b9c9a6e17538be6159dbdd21d2ab39f1c602c80df7cae73b9
1099,841,5,SO-P0841-R05,1,1,1,1,1,1,1,1,1,1,ab3e0fec3f22c7df8c5a899f08b58ad5977d441d57561d8a7aec0f4061db6b50
1100,842,1,SO-P0842-R01,1,1,1,1,1,1,1,1,1,1,520038c335e9be3fb030fcc045caa36e276cb51b4d59c8f5207b5db520c42813
1100,842,2,SO-P0842-R02,1,1,1,1,1,1,1,1,1,1,b57603d8f18c03860fcf6914c09d5832227c51e19c530d6528803a1a53a5dd89
1100,842,3,SO-P0842-R03,1,1,1,1,1,1,1,1,1,1,3a866477338eca01628146cd7cacdb47567b087d6e6d3ec138d06821721b7e25
1100,842,4,SO-P0842-R04,1,1,1,1,1,1,1,1,1,1,b39b6a6fb23ff147b8ef7e9222f4ce96c5887735a49b610459f1844786834f0f
1100,842,5,SO-P0842-R05,1,1,1,1,1,1,1,1,1,1,e9b849f652a757118763beb6fe9b8739651fc12185228d30fe9e8e643da2701b
1101,843,1,SO-P0843-R01,1,1,1,1,1,1,1,1,1,1,4c0d9c9c985cb82c1ee2690e98e8931ffb2bd633db4780d168d9f50ff5619422
1101,843,2,SO-P0843-R02,1,1,1,1,1,1,1,1,1,1,a684605f2b70f811a68d1b8e82b7f558063adcee661a4b66e22d6ea4191ee968
1101,843,3,SO-P0843-R03,1,1,1,1,1,1,1,1,1,1,a30ccb5abacb8caa547f5aa1752723974179a18801b9ff697d4172f93a86f7dd
1101,843,4,SO-P0843-R04,1,1,1,1,1,1,1,1,1,1,d5c58d249448da36d740fe261b746e066555523e1dda61235114b60a8340b017
1101,843,5,SO-P0843-R05,1,1,1,1,1,1,1,1,1,1,dcb5287f482a24da148c6daef3922d4decf67b5abcf0e3a07547a0a6faa0972c
1102,844,1,SO-P0844-R01,1,1,1,1,1,1,1,1,1,1,1370608f4a378e7ce777364d2bd112aef9663c6f6036a235d0394f7efb691f88
1102,844,2,SO-P0844-R02,1,1,1,1,1,1,1,1,1,1,b5cb6c4d97c33ab2c928a5adf646ebe2b0cdb8b9a0bb4d7fd96c30c7140be6f2
1102,844,3,SO-P0844-R03,1,1,1,1,1,1,1,1,1,1,2a38a95a5655c29307173c43676bb9d83169fee03b163f60dd992c5bdb94ed3f
1102,844,4,SO-P0844-R04,1,1,1,1,1,1,1,1,1,1,8970c6f8027eef513e00632f2e345664c3b4360b9a064ad67027b0e4bb033a3d
1102,844,5,SO-P0844-R05,1,1,1,1,1,1,1,1,1,1,eb84ff3ba549c6af6527f53479fa85b5a7463eb4d3ffa7e22462beb20139ce8c
1104,845,1,SO-P0845-R01,1,1,1,1,1,1,1,1,1,1,4d88ccb5ac58d4099cea36af0a431cdd60f3fafc761cf0f3a7eb6c9ea9a2728d
1104,845,2,SO-P0845-R02,1,1,1,1,1,1,1,1,1,1,651e4e94a4aaf113dc5ee404c09741d574f7f96d6153c8d3302ff08446f74ac2
1104,845,3,SO-P0845-R03,1,1,1,1,1,1,1,1,1,1,a5fe174d17bf8bf327c3345cffa4437ec0e9e545c7b014acc1756e67e51f3375
1104,845,4,SO-P0845-R04,1,1,1,1,1,1,1,1,1,1,143763161e2bd9d755b4ecc989cb5fb1c81ccad7a3a3dd8e7a0827feae4edefd
1104,845,5,SO-P0845-R05,1,1,1,1,1,1,1,1,1,1,d7180099e93a0fb36b36b35e892f9bb051976e2b64c119b8e33cebd727b0d500
1105,846,1,SO-P0846-R01,1,1,1,1,1,1,1,1,1,1,ef31c3a7803bdf1f4d9f07256e5fa2b2d4dcb5e32cfe0c273a30514ad17d9533
1105,846,2,SO-P0846-R02,1,1,1,1,1,1,1,1,1,1,097e87d227ee3bac55bf1b9572195c5f557e1c18e054c77821642a14b2374401
1105,846,3,SO-P0846-R03,1,1,1,1,1,1,1,1,1,1,3e22c66f96a9ee71368a54ea1fadb13cb8ad63f100f6637405e548e0b71dc17d
1105,846,4,SO-P0846-R04,1,1,1,1,1,1,1,1,1,1,db1e9fb93dab4eba994b03ef2cc913b627803510b3975baad5dba5c98a963fc1
1105,846,5,SO-P0846-R05,1,1,1,1,1,1,1,1,1,1,526e91ee76bd77b56f4528a85304346bd735c2e515486bf67f9cdf7415462d9d
1108,847,1,SO-P0847-R01,1,1,1,1,1,1,1,1,1,1,d680a7f6159da707d0a69a665cf2e66147991144cff737f909829309536535e5
1108,847,2,SO-P0847-R02,1,1,1,1,1,1,1,1,1,1,335459172e6399906c29dbe60eebb495198f1ed46c90965bdd0f8527ec7737e6
1108,847,3,SO-P0847-R03,1,1,1,1,1,1,1,1,1,1,e1ad08a1ecac75b289662d040b885ea359bf1ccb7556043ca9b4b56febe173c2
1108,847,4,SO-P0847-R04,1,1,1,1,1,1,1,1,1,1,25468f55fb229d092818d70b8ba66e7e8bfe7c31b66d46d250c85b6de14f9520
1108,847,5,SO-P0847-R05,1,1,1,1,1,1,1,1,1,1,a13104ee106f653ac445ae7781ab0172757a8a59cf5b3665a78a68ec6e9d3a09
1109,848,1,SO-P0848-R01,1,1,1,1,1,1,1,1,1,1,c708dfbdca380dfa9e17403c2578ce2d27bf4f84e33493938447f8b5accc1af4
1109,848,2,SO-P0848-R02,1,1,1,1,1,1,1,1,1,1,798d1381a696d9c073ec91640fc442f3440acdab6961b12b6149e7d4e4c8000c
1109,848,3,SO-P0848-R03,1,1,1,1,1,1,1,1,1,1,28a6681c01e5f107fbacaaa32502a6462308f1e996c4129d91e3514e6122e3ab
1109,848,4,SO-P0848-R04,1,1,1,1,1,1,1,1,1,1,6694c0d2c89bd8ab8ddfdca1acf49e9227b6f41b1b21a4944748b1fe7358dc5c
1109,848,5,SO-P0848-R05,1,1,1,1,1,1,1,1,1,1,c85e249da3d6cb4da52909127c9452fdc91d86f6d81c3a664ad1d4859935f5ce
1110,849,1,SO-P0849-R01,1,1,1,1,1,1,1,1,1,1,6a911db5ab6ef88b3a3a9168300b670ad734c88e7b426aa16f0e3b9a01bb5c4c
1110,849,2,SO-P0849-R02,1,1,1,1,1,1,1,1,1,1,72ad1a43be73a6b8abc3914e7d3f059d90834ddb9539737edad89f4b3a2c90de
1110,849,3,SO-P0849-R03,1,1,1,1,1,1,1,1,1,1,b0b11d4cbf59974b3344763c3b262029bc12ee6e897461be66c6e1ac9f0004e0
1110,849,4,SO-P0849-R04,1,1,1,1,1,1,1,1,1,1,d0bff65fa618f440c556e95369f97908931273d96d18f6b7051b3e05fdd8b20f
1110,849,5,SO-P0849-R05,1,1,1,1,1,1,1,1,1,1,a16d196a8d81f21956413d1cd60c3ddf717846eb136f45782639e97424205617
1111,850,1,SO-P0850-R01,1,1,1,1,1,1,1,1,1,1,b3dc0e8cc81815f19088fa0972f04a2d2872d56ed736f53b4686b7ac7cae3df4
1111,850,2,SO-P0850-R02,1,1,1,1,1,1,1,1,1,1,835383dd93a7c7cf3d0a6e5e6937beaaa2855ef2c2c297f047614204c12a9cc3
1111,850,3,SO-P0850-R03,1,1,1,1,1,1,1,1,1,1,41196ffb25956eb0114d52f25a64067b061ec1cb451c2da21dc7a595a2cf9885
1111,850,4,SO-P0850-R04,1,1,1,1,1,1,1,1,1,1,c6332c678d5f795bb1d9401836703d32dfea78446fbc05f964f468f8068bc206
1111,850,5,SO-P0850-R05,1,1,1,1,1,1,1,1,1,1,9e37cdcf24ba2643b031c2e85fde32c866799a5013b928d6fcb26c87bd529941
1112,851,1,SO-P0851-R01,1,1,1,1,1,1,1,1,1,1,19e1ffad123ab82d8fed8568a5e530547b4b972e94abf7a763f3757b8af8ca7d
1112,851,2,SO-P0851-R02,1,1,1,1,1,1,1,1,1,1,c87504e9e22303f54314510a5c9807ae3c7d37778c3a4e9a8db0d348d7275b5f
1112,851,3,SO-P0851-R03,1,1,1,1,1,1,1,1,1,1,5a8af06fccadb3a2a797cc14e0e7cdb58ecf0079704feb9dbf1ca7c62ee9c327
1112,851,4,SO-P0851-R04,1,1,1,1,1,1,1,1,1,1,54861ac06fac0f3f2ad3c863957212efb710b78d3faccab5920d4b8f73c2323d
1112,851,5,SO-P0851-R05,1,1,1,1,1,1,1,1,1,1,b56e2d812379e67684f0c1256842d97926293aae291c5a1d902b97e7cc3e5834
1113,852,1,SO-P0852-R01,1,1,1,1,1,1,1,1,1,1,02c4132a7f8ba58a3c0dbd85c790096d97fe6a0beb53091d5805195f7979fda2
1113,852,2,SO-P0852-R02,1,1,1,1,1,1,1,1,1,1,db64f51ccdc7bc4c970f2123235bbe359907ec341d4c1d0807f15b951437b8f9
1113,852,3,SO-P0852-R03,1,1,1,1,1,1,1,1,1,1,072872919c53326ac36a21cdb17d5de0e6063498c4536ca40e468cdaaad0d62b
1113,852,4,SO-P0852-R04,1,1,1,1,1,1,1,1,1,1,4b5eedc54a9cfd00bdd18f244dc25f6a6cf49a77aa034d10836ebc8c3fb689a4
1113,852,5,SO-P0852-R05,1,1,1,1,1,1,1,1,1,1,034f833af8e5eaae28fa12f2a646a27b335ddc28caf32be92cb84579b575b682
1114,853,1,SO-P0853-R01,1,1,1,1,1,1,1,1,1,1,61fdb74e90bae5bb97299163b79a62c34bd967d96619944fcf519517d00d09fc
1114,853,2,SO-P0853-R02,1,1,1,1,1,1,1,1,1,1,405038a49700bd1eee248076c014fbcb55da1bfd265b389399b17e305430c248
1114,853,3,SO-P0853-R03,1,1,1,1,1,1,1,1,1,1,c653087ddb2c2ddf0ef56af783e8afb119f51dc3a56db91669ece35fc57c5a23
1114,853,4,SO-P0853-R04,1,1,1,1,1,1,1,1,1,1,e35c9f979f958bbe75b5c36cba3b9d294e4548bf26630f3a26208d8b8bea5867
1114,853,5,SO-P0853-R05,1,1,1,1,1,1,1,1,1,1,e46a8294609c26b43ea5a3bb2e77bac53a0df045ea2c37dd1aebf91ec0b10be4
1115,854,1,SO-P0854-R01,1,1,1,1,1,1,1,1,1,1,05649791896a631262c93e5280bec6473cafc289e648680cdb64f0a7b27166f7
1115,854,2,SO-P0854-R02,1,1,1,1,1,1,1,1,1,1,f945842bc329a62c465be3155d4050a82028b7bc4c7c0be6db605b923c4f4de4
1115,854,3,SO-P0854-R03,1,1,1,1,1,1,1,1,1,1,086c0914eb4abef654b0dc82c6a6d4b2f36745e71f08e58f83501a476d8b67d3
1115,854,4,SO-P0854-R04,1,1,1,1,1,1,1,1,1,1,f84e4e0ac2fbc9ba6e7b8ab7975d04df95e6b3dbae7b74c70d793cf1180c0844
1115,854,5,SO-P0854-R05,1,1,1,1,1,1,1,1,1,1,899f4b10fc03d278ba495573213f7dacccd44d8e8fd88abeeaa15780cb04b807
1116,855,1,SO-P0855-R01,1,1,1,1,1,1,1,1,1,1,9cc27842909557599023d97974810d124880a6ecf1ed0cd38ac21ec17cac75b4
1116,855,2,SO-P0855-R02,1,1,1,1,1,1,1,1,1,1,b5c5339463591d63002a67453750442c7e7b0900a4fcdf174ca30acdde0a0937
1116,855,3,SO-P0855-R03,1,1,1,1,1,1,1,1,1,1,4f880555b5b71ef06da6b422e391064256b1e745d7cf6a0cd6f6cc69e30583e4
1116,855,4,SO-P0855-R04,1,1,1,1,1,1,1,1,1,1,83ca909029ffee27d8d6b502d6f514af94d213b2ad1545cb34910d594ca88792
1116,855,5,SO-P0855-R05,1,1,1,1,1,1,1,1,1,1,b023f7130f171d622e90fef5eb084561fe859f155340872dfff3d1d434acbc97
1117,856,1,SO-P0856-R01,1,1,1,1,1,1,1,1,1,1,94ef411f14aa3e61f494230abc643a392219b8497d0395cdc10f53a7b5173af7
1117,856,2,SO-P0856-R02,1,1,1,1,1,1,1,1,1,1,51d1629cd59932414faf7793a100a28aa8b34d01662a48c1ae9136eb965b6cf1
1117,856,3,SO-P0856-R03,1,1,1,1,1,1,1,1,1,1,d7f1ca05011adfff62210a7f9064a1b222ea4864bf28635756839afb8cd6e750
1117,856,4,SO-P0856-R04,1,1,1,1,1,1,1,1,1,1,a851dc28955c20b6f14ceb8437a0a7c167a0bbd7955400ba50761fe9cacf572c
1117,856,5,SO-P0856-R05,1,1,1,1,1,1,1,1,1,1,bc765c7924fbe44bfa0589a0f92521e596599ade31afaf9c2d6d9be0ac09097a
1120,857,1,SO-P0857-R01,1,1,1,1,1,1,1,1,1,1,b894693d70ffcead7d81d24f0a71963e87a8f8f579ba51fb7064672895135c02
1120,857,2,SO-P0857-R02,1,1,1,1,1,1,1,1,1,1,9a79c6229bac803f0dca7f8b8f8826c1a9a7ee487324bf8cf66d5abb62602b7c
1120,857,3,SO-P0857-R03,1,1,1,1,1,1,1,1,1,1,4ffe7ac6316dd39e5abee8b765afa4c025631aac0e061e7c85e64323329a9e9e
1120,857,4,SO-P0857-R04,1,1,1,1,1,1,1,1,1,1,d52c2d9bd8642cc17b6152a6d5fa38d450cd5fd4e07b4858d33aa00a88b1005b
1120,857,5,SO-P0857-R05,1,1,1,1,1,1,1,1,1,1,6e26adf946c1ce9238c1921bbe596f753891c4f95901d7a2647bbbb6f1139bbb
1121,858,1,SO-P0858-R01,1,1,1,1,1,1,1,1,1,1,b16990f8696eaf488e636932e2a19fd3a81b126d704d2ef72112ae685466c2c0
1121,858,2,SO-P0858-R02,1,1,1,1,1,1,1,1,1,1,a1ee53d35c75f4824ec4cdfb5155d24c4006c46136b0b26cdac2f6f515e3e166
1121,858,3,SO-P0858-R03,1,1,1,1,1,1,1,1,1,1,8641cfb421f8f062152aa67a0117eaf267698bc20e18024af73ffa1c5a3fff35
1121,858,4,SO-P0858-R04,1,1,1,1,1,1,1,1,1,1,5536229ff55b0417492bf459a8ede28857d40d3a8b11ffc267666a96f24a3494
1121,858,5,SO-P0858-R05,1,1,1,1,1,1,1,1,1,1,2b68127120714fe8d72819a7e568b2e0e5bf33a47d72a9ec367c433421691c28
