metric,M0_mean,M1_mean,mode_shift_vs_M0,absolute_mode_shift_vs_M0,step3d_N2000_p95_absolute_error,shift_exceeds_existing_error,benchmark_definition
D_mean_kg,153.849821345771,153.75850312304,-0.0913182227313598,0.0913182227313598,5.88279737064431,0,Step-03D N2000 p95 absolute error versus N15000
full_loss_probability,0.0346333333333333,0.0347666666666667,0.000133333333333339,0.000133333333333339,0.00919999999999999,0,Step-03D N2000 p95 absolute error versus N15000
A0_pair_share,0.0598384680134681,0.0599755050505051,0.000137037037037033,0.000137037037037033,0.00627693602693874,0,Step-03D N2000 p95 absolute error versus N15000
C_reachable_mean_km,20.0351871925402,20.0331561303383,-0.0020310622018691,0.0020310622018691,0.0940340462692255,0,Step-03D N2000 p95 absolute error versus N15000
W3_failed_lines_mean,4.48506666666667,4.48636666666667,0.00129999999999963,0.00129999999999963,0.230966666666667,0,Step-03D N2000 p95 absolute error versus N15000
W3_closed_roads_mean,2.32696666666667,2.33093333333333,0.0039666666666669,0.0039666666666669,0.198633333333333,0,Step-03D N2000 p95 absolute error versus N15000
