site_id,site_node,node_01,node_02,node_03,node_04,node_05,node_06,node_07,node_08,node_09,node_10,node_11,node_12,node_13,node_14,node_15,node_16,node_17,node_18,node_19,node_20,node_21,node_22,node_23,node_24,node_25,node_26,node_27,node_28,node_29,node_30,node_31,node_32,node_33
1,24,15.3005630797458,11.3005630797458,7.30056307974577,9.30056307974577,11.3005630797458,13.0746383759815,15.0746383759815,17.9030655007277,19.9030655007277,21.9030655007277,23.9030655007277,25.9030655007277,27.9030655007277,28.2276208210645,26.2276208210645,24.2276208210645,26.2276208210645,28.2276208210645,10.1980390271856,13.0264661519318,15.8548932766779,20.3270292316775,2.82842712474619,0,2.82842712474619,11.0746383759815,13.9030655007277,16.7314926254739,19.5599197502201,22.3883468749663,24.3883468749663,27.2167739997125,24.9777038767092
2,14,27.4660881403422,23.4660881403422,21.1529824450829,19.1529824450829,17.1529824450829,15.1529824450829,13.1529824450829,10.3245553203368,10,8,6,4,2,0,2,4,6,8,18.9939521853426,16.1655250605964,18.9939521853426,23.4660881403422,25.3991936963183,28.2276208210645,31.0560479458107,17.1529824450829,19.7726990347454,16.9442719099992,19.7726990347454,22.6011261594915,22.9939521853426,20.1655250605964,16.1655250605964
3,18,27.4660881403422,23.4660881403422,21.1529824450829,19.1529824450829,17.1529824450829,15.1529824450829,13.1529824450829,10.3245553203368,12.3245553203368,14.3245553203368,14,12,10,8,6,4,2,0,18.9939521853426,16.1655250605964,18.9939521853426,23.4660881403422,25.3991936963183,28.2276208210645,31.0560479458107,17.1529824450829,19.9814095698291,19.4775377654197,22.3059648901659,25.1343920149121,27.1343920149121,28.1655250605964,24.1655250605964
4,31,29.3137084989848,25.3137084989848,21.3137084989848,19.3137084989848,17.3137084989848,15.3137084989848,13.9814095698291,16.8098366945753,18.6011261594915,16.6011261594915,18.6011261594915,18.9939521853426,20.9939521853426,22.9939521853426,24.9939521853426,23.1343920149121,25.1343920149121,27.1343920149121,25.7858444539843,28.6142715787305,31.4426987034767,35.9148346584763,21.5599197502201,24.3883468749663,27.2167739997125,13.3137084989848,10.4852813742386,7.65685424949238,4.82842712474619,2,0,2.82842712474619,6.82842712474619
