site_id,site_node,x0_h2_kg,x0_loh,tank_cap_kg,tank_min_kg,el_cap_kw,el_ramp_up_kw,el_ramp_down_kw,fc_cap_kw,bess_cap_kwh,normal_h2_daily_kg,base_target_loh_if_all_nodes_impacted_kg
1,24,58.0445570448695,0.193481856816232,300,15,300,105,105,300,300,55,66.7522361870848
2,14,50.3081379386248,0.251540689693124,200,10,200,70,70,150,150,36,31.1509802886594
3,18,25.2621334423093,0.252621334423093,100,5,120,42,42,120,100,23,23.2292929686302
4,31,33.0235808462428,0.220157205641619,150,7.5,150,52.5,52.5,150,150,30,40.9927939950604
