lfw,y_coord,expected_y_coord,abs_error,pass
0,-89.9999703886,-89.9999703886,0,1
1,-49.9999703886,-49.9999703886,7.105427357601e-15,1
2,-9.9999703886,-9.9999703886,5.32907051820075e-15,1
3,30.0000296114,30.0000296114,3.5527136788005e-15,1
