path_id,stage,global_hour,relative_hour,profile_id,realized_pel4_kw,delta_p4_hostable_from_realized_kw,reconstructed_max_new_pel4_kw,S4_FULL_INCREMENT_HOSTABLE,limiting_solution_min_voltage_pu,limiting_solution_voltage_margin_pu,critical_bus,critical_branch_id,max_true_s_mva,max_octagon_utilization,voltage_limited_flag,branch_limited_flag,substation_limited_flag,p4_effective_max_kw,effective_increment_above_base_kw,effective_increment_above_base_nonnegative_kw,missing_candidate_headroom_kw,full_candidate_pmax_hostable,hourly_effective_extra_h2_kg,definition
152,2,16,-16,26,0,187.5,187.5,YES,0.926051161147,0.0260511611468,33,1,3.81596747025,0.67176969161,False,False,False,187.5,37.5,37.5,0,True,0.73125,"min(187.5, realized_PEL4 + Stage89QG_DeltaP_from_realized)"
152,3,17,-15,37,150,37.5,187.5,YES,0.91105167545,0.0110516754495,18,1,4.35433075652,0.749892361094,False,False,False,187.5,37.5,37.5,0,True,0.73125,"min(187.5, realized_PEL4 + Stage89QG_DeltaP_from_realized)"
152,3,18,-14,42,150,37.5,187.5,YES,0.911426916062,0.0114269160624,18,1,4.2650685685,0.731966110596,False,False,False,187.5,37.5,37.5,0,True,0.73125,"min(187.5, realized_PEL4 + Stage89QG_DeltaP_from_realized)"
152,3,19,-13,50,150,37.5,187.5,YES,0.905883997991,0.00588399799057,18,1,4.44553078244,0.760805100893,False,False,False,187.5,37.5,37.5,0,True,0.73125,"min(187.5, realized_PEL4 + Stage89QG_DeltaP_from_realized)"
152,3,20,-12,63,150,0,150,NO,0.9,0,18,1,4.87591690154,0.838458765362,True,False,False,150,0,0,37.5,False,0,"min(187.5, realized_PEL4 + Stage89QG_DeltaP_from_realized)"
152,3,21,-11,79,150,0,150,NO,0.9,0,18,1,4.95640698938,0.853440280584,True,False,False,150,0,0,37.5,False,0,"min(187.5, realized_PEL4 + Stage89QG_DeltaP_from_realized)"
152,3,22,-10,93,150,0,150,NO,0.9,0,18,1,4.87591690154,0.838458765362,True,False,False,150,0,0,37.5,False,0,"min(187.5, realized_PEL4 + Stage89QG_DeltaP_from_realized)"
152,3,23,-9,110,150,1.04591890704e-11,150,NO,0.9,0,18,1,4.83659842094,0.831134359092,True,False,False,150,1.04591890704e-11,1.04591890704e-11,37.5,False,2.03954186873e-13,"min(187.5, realized_PEL4 + Stage89QG_DeltaP_from_realized)"
152,3,24,-8,126,150,37.5,187.5,YES,0.902159747587,0.00215974758658,18,1,4.58872925527,0.784780191142,False,False,False,187.5,37.5,37.5,0,True,0.73125,"min(187.5, realized_PEL4 + Stage89QG_DeltaP_from_realized)"
152,4,25,-7,143,150,37.5,187.5,YES,0.911529629612,0.0115296296119,18,1,4.12988724534,0.703818310359,False,False,False,187.5,37.5,37.5,0,True,0.73125,"min(187.5, realized_PEL4 + Stage89QG_DeltaP_from_realized)"
152,4,26,-6,246,150,37.5,187.5,YES,0.915515937765,0.0155159377646,18,1,3.93339839837,0.669120361452,False,False,False,187.5,37.5,37.5,0,True,0.73125,"min(187.5, realized_PEL4 + Stage89QG_DeltaP_from_realized)"
152,4,27,-5,314,150,37.5,187.5,YES,0.916817228837,0.0168172288367,18,1,3.86909530341,0.657760776879,False,False,False,187.5,37.5,37.5,0,True,0.73125,"min(187.5, realized_PEL4 + Stage89QG_DeltaP_from_realized)"
152,4,28,-4,389,150,37.5,187.5,YES,0.918140268862,0.0181402688616,18,1,3.80363727027,0.646194793909,False,False,False,187.5,37.5,37.5,0,True,0.73125,"min(187.5, realized_PEL4 + Stage89QG_DeltaP_from_realized)"
152,4,29,-3,465,150,37.5,187.5,YES,0.918942607567,0.0189426075673,18,1,3.76390210657,0.63917264477,False,False,False,187.5,37.5,37.5,0,True,0.73125,"min(187.5, realized_PEL4 + Stage89QG_DeltaP_from_realized)"
152,4,30,-2,511,150,37.5,187.5,YES,0.920780645829,0.0207806458285,18,1,3.6727647071,0.623062827971,False,False,False,187.5,37.5,37.5,0,True,0.73125,"min(187.5, realized_PEL4 + Stage89QG_DeltaP_from_realized)"
152,4,31,-1,551,150,37.5,187.5,YES,0.922097999101,0.0220979991009,18,1,3.60735175534,0.611496845002,False,False,False,187.5,37.5,37.5,0,True,0.73125,"min(187.5, realized_PEL4 + Stage89QG_DeltaP_from_realized)"
467,2,16,-16,26,0,187.5,187.5,YES,0.926051161147,0.0260511611468,33,1,3.81596747025,0.67176969161,False,False,False,187.5,37.5,37.5,0,True,0.73125,"min(187.5, realized_PEL4 + Stage89QG_DeltaP_from_realized)"
467,3,17,-15,37,150,37.5,187.5,YES,0.91105167545,0.0110516754495,18,1,4.35433075652,0.749892361094,False,False,False,187.5,37.5,37.5,0,True,0.73125,"min(187.5, realized_PEL4 + Stage89QG_DeltaP_from_realized)"
467,3,18,-14,42,150,37.5,187.5,YES,0.911426916062,0.0114269160624,18,1,4.2650685685,0.731966110596,False,False,False,187.5,37.5,37.5,0,True,0.73125,"min(187.5, realized_PEL4 + Stage89QG_DeltaP_from_realized)"
467,3,19,-13,50,150,37.5,187.5,YES,0.905883997991,0.00588399799057,18,1,4.44553078244,0.760805100893,False,False,False,187.5,37.5,37.5,0,True,0.73125,"min(187.5, realized_PEL4 + Stage89QG_DeltaP_from_realized)"
467,3,20,-12,63,150,0,150,NO,0.9,0,18,1,4.87591690154,0.838458765362,True,False,False,150,0,0,37.5,False,0,"min(187.5, realized_PEL4 + Stage89QG_DeltaP_from_realized)"
467,3,21,-11,79,150,0,150,NO,0.9,0,18,1,4.95640698938,0.853440280584,True,False,False,150,0,0,37.5,False,0,"min(187.5, realized_PEL4 + Stage89QG_DeltaP_from_realized)"
467,3,22,-10,93,150,0,150,NO,0.9,0,18,1,4.87591690154,0.838458765362,True,False,False,150,0,0,37.5,False,0,"min(187.5, realized_PEL4 + Stage89QG_DeltaP_from_realized)"
467,3,23,-9,110,150,1.04591890704e-11,150,NO,0.9,0,18,1,4.83659842094,0.831134359092,True,False,False,150,1.04591890704e-11,1.04591890704e-11,37.5,False,2.03954186873e-13,"min(187.5, realized_PEL4 + Stage89QG_DeltaP_from_realized)"
467,3,24,-8,126,150,37.5,187.5,YES,0.902159747587,0.00215974758658,18,1,4.58872925527,0.784780191142,False,False,False,187.5,37.5,37.5,0,True,0.73125,"min(187.5, realized_PEL4 + Stage89QG_DeltaP_from_realized)"
467,4,25,-7,143,150,37.5,187.5,YES,0.911529629612,0.0115296296119,18,1,4.12988724534,0.703818310359,False,False,False,187.5,37.5,37.5,0,True,0.73125,"min(187.5, realized_PEL4 + Stage89QG_DeltaP_from_realized)"
467,4,26,-6,246,150,37.5,187.5,YES,0.915515937765,0.0155159377646,18,1,3.93339839837,0.669120361452,False,False,False,187.5,37.5,37.5,0,True,0.73125,"min(187.5, realized_PEL4 + Stage89QG_DeltaP_from_realized)"
467,4,27,-5,314,150,37.5,187.5,YES,0.916817228837,0.0168172288367,18,1,3.86909530341,0.657760776879,False,False,False,187.5,37.5,37.5,0,True,0.73125,"min(187.5, realized_PEL4 + Stage89QG_DeltaP_from_realized)"
467,4,28,-4,389,150,37.5,187.5,YES,0.918140268862,0.0181402688616,18,1,3.80363727027,0.646194793909,False,False,False,187.5,37.5,37.5,0,True,0.73125,"min(187.5, realized_PEL4 + Stage89QG_DeltaP_from_realized)"
467,4,29,-3,465,150,37.5,187.5,YES,0.918942607567,0.0189426075673,18,1,3.76390210657,0.63917264477,False,False,False,187.5,37.5,37.5,0,True,0.73125,"min(187.5, realized_PEL4 + Stage89QG_DeltaP_from_realized)"
467,4,30,-2,511,150,37.5,187.5,YES,0.920780645829,0.0207806458285,18,1,3.6727647071,0.623062827971,False,False,False,187.5,37.5,37.5,0,True,0.73125,"min(187.5, realized_PEL4 + Stage89QG_DeltaP_from_realized)"
467,4,31,-1,551,150,37.5,187.5,YES,0.922097999101,0.0220979991009,18,1,3.60735175534,0.611496845002,False,False,False,187.5,37.5,37.5,0,True,0.73125,"min(187.5, realized_PEL4 + Stage89QG_DeltaP_from_realized)"
488,2,16,-16,26,0,187.5,187.5,YES,0.926051161147,0.0260511611468,33,1,3.81596747025,0.67176969161,False,False,False,187.5,37.5,37.5,0,True,0.73125,"min(187.5, realized_PEL4 + Stage89QG_DeltaP_from_realized)"
488,3,17,-15,37,150,37.5,187.5,YES,0.91105167545,0.0110516754495,18,1,4.35433075652,0.749892361094,False,False,False,187.5,37.5,37.5,0,True,0.73125,"min(187.5, realized_PEL4 + Stage89QG_DeltaP_from_realized)"
488,3,18,-14,42,150,37.5,187.5,YES,0.911426916062,0.0114269160624,18,1,4.2650685685,0.731966110596,False,False,False,187.5,37.5,37.5,0,True,0.73125,"min(187.5, realized_PEL4 + Stage89QG_DeltaP_from_realized)"
488,3,19,-13,50,150,37.5,187.5,YES,0.905883997991,0.00588399799057,18,1,4.44553078244,0.760805100893,False,False,False,187.5,37.5,37.5,0,True,0.73125,"min(187.5, realized_PEL4 + Stage89QG_DeltaP_from_realized)"
488,3,20,-12,62,150,0,150,NO,0.9,0,18,1,4.87591690154,0.838458765362,True,False,False,150,0,0,37.5,False,0,"min(187.5, realized_PEL4 + Stage89QG_DeltaP_from_realized)"
488,3,21,-11,79,150,0,150,NO,0.9,0,18,1,4.95640698938,0.853440280584,True,False,False,150,0,0,37.5,False,0,"min(187.5, realized_PEL4 + Stage89QG_DeltaP_from_realized)"
488,3,22,-10,93,150,0,150,NO,0.9,0,18,1,4.87591690154,0.838458765362,True,False,False,150,0,0,37.5,False,0,"min(187.5, realized_PEL4 + Stage89QG_DeltaP_from_realized)"
488,3,23,-9,112,150,5.00222085975e-12,150,NO,0.9,0,18,1,4.83659842094,0.831134359092,True,False,False,150,5.00222085975e-12,5.00222085975e-12,37.5,False,9.75433067651e-14,"min(187.5, realized_PEL4 + Stage89QG_DeltaP_from_realized)"
488,3,24,-8,126,150,37.5,187.5,YES,0.902159747587,0.00215974758658,18,1,4.58872925527,0.784780191142,False,False,False,187.5,37.5,37.5,0,True,0.73125,"min(187.5, realized_PEL4 + Stage89QG_DeltaP_from_realized)"
488,4,25,-7,143,150,37.5,187.5,YES,0.911529629612,0.0115296296119,18,1,4.12988724534,0.703818310359,False,False,False,187.5,37.5,37.5,0,True,0.73125,"min(187.5, realized_PEL4 + Stage89QG_DeltaP_from_realized)"
488,4,26,-6,246,150,37.5,187.5,YES,0.915515937765,0.0155159377646,18,1,3.93339839837,0.669120361452,False,False,False,187.5,37.5,37.5,0,True,0.73125,"min(187.5, realized_PEL4 + Stage89QG_DeltaP_from_realized)"
488,4,27,-5,314,150,37.5,187.5,YES,0.916817228837,0.0168172288367,18,1,3.86909530341,0.657760776879,False,False,False,187.5,37.5,37.5,0,True,0.73125,"min(187.5, realized_PEL4 + Stage89QG_DeltaP_from_realized)"
488,4,28,-4,389,150,37.5,187.5,YES,0.918140268862,0.0181402688616,18,1,3.80363727027,0.646194793909,False,False,False,187.5,37.5,37.5,0,True,0.73125,"min(187.5, realized_PEL4 + Stage89QG_DeltaP_from_realized)"
488,4,29,-3,465,150,37.5,187.5,YES,0.918942607567,0.0189426075673,18,1,3.76390210657,0.63917264477,False,False,False,187.5,37.5,37.5,0,True,0.73125,"min(187.5, realized_PEL4 + Stage89QG_DeltaP_from_realized)"
488,4,30,-2,511,150,37.5,187.5,YES,0.920780645829,0.0207806458285,18,1,3.6727647071,0.623062827971,False,False,False,187.5,37.5,37.5,0,True,0.73125,"min(187.5, realized_PEL4 + Stage89QG_DeltaP_from_realized)"
488,4,31,-1,551,150,37.5,187.5,YES,0.922097999101,0.0220979991009,18,1,3.60735175534,0.611496845002,False,False,False,187.5,37.5,37.5,0,True,0.73125,"min(187.5, realized_PEL4 + Stage89QG_DeltaP_from_realized)"
518,2,16,-16,27,150,37.5,187.5,YES,0.911989752435,0.0119897524348,18,1,4.35223994628,0.750857600964,False,False,False,187.5,37.5,37.5,0,True,0.73125,"min(187.5, realized_PEL4 + Stage89QG_DeltaP_from_realized)"
518,3,17,-15,37,150,37.5,187.5,YES,0.91105167545,0.0110516754495,18,1,4.35433075652,0.749892361094,False,False,False,187.5,37.5,37.5,0,True,0.73125,"min(187.5, realized_PEL4 + Stage89QG_DeltaP_from_realized)"
518,3,18,-14,41,150,37.5,187.5,YES,0.920466566085,0.0204665660855,18,1,4.15855435713,0.716658773302,False,False,False,187.5,37.5,37.5,0,True,0.73125,"min(187.5, realized_PEL4 + Stage89QG_DeltaP_from_realized)"
518,3,19,-13,49,150,37.5,187.5,YES,0.914978411643,0.0149784116434,18,1,4.33852959414,0.745497763598,False,False,False,187.5,37.5,37.5,0,True,0.73125,"min(187.5, realized_PEL4 + Stage89QG_DeltaP_from_realized)"
518,3,20,-12,56,150,37.5,187.5,YES,0.912617217452,0.0126172174515,33,1,4.68502435835,0.810878207528,False,False,False,187.5,37.5,37.5,0,True,0.73125,"min(187.5, realized_PEL4 + Stage89QG_DeltaP_from_realized)"
518,3,21,-11,73,150,37.5,187.5,YES,0.910561776359,0.0105617763587,33,1,4.79072084868,0.829466339636,False,False,False,187.5,37.5,37.5,0,True,0.73125,"min(187.5, realized_PEL4 + Stage89QG_DeltaP_from_realized)"
518,3,22,-10,89,150,37.5,187.5,YES,0.903551745072,0.00355174507236,18,1,4.86152788765,0.836390436351,False,False,False,187.5,37.5,37.5,0,True,0.73125,"min(187.5, realized_PEL4 + Stage89QG_DeltaP_from_realized)"
518,3,23,-9,113,150,4.32009983342e-12,150,NO,0.9,0,18,1,4.83659842094,0.831134359092,True,False,False,150,4.32009983342e-12,4.32009983342e-12,37.5,False,8.42419467517e-14,"min(187.5, realized_PEL4 + Stage89QG_DeltaP_from_realized)"
518,3,24,-8,126,150,37.5,187.5,YES,0.902159747587,0.00215974758658,18,1,4.58872925527,0.784780191142,False,False,False,187.5,37.5,37.5,0,True,0.73125,"min(187.5, realized_PEL4 + Stage89QG_DeltaP_from_realized)"
518,4,25,-7,143,150,37.5,187.5,YES,0.911529629612,0.0115296296119,18,1,4.12988724534,0.703818310359,False,False,False,187.5,37.5,37.5,0,True,0.73125,"min(187.5, realized_PEL4 + Stage89QG_DeltaP_from_realized)"
518,4,26,-6,246,150,37.5,187.5,YES,0.915515937765,0.0155159377646,18,1,3.93339839837,0.669120361452,False,False,False,187.5,37.5,37.5,0,True,0.73125,"min(187.5, realized_PEL4 + Stage89QG_DeltaP_from_realized)"
518,4,27,-5,314,150,37.5,187.5,YES,0.916817228837,0.0168172288367,18,1,3.86909530341,0.657760776879,False,False,False,187.5,37.5,37.5,0,True,0.73125,"min(187.5, realized_PEL4 + Stage89QG_DeltaP_from_realized)"
518,4,28,-4,389,150,37.5,187.5,YES,0.918140268862,0.0181402688616,18,1,3.80363727027,0.646194793909,False,False,False,187.5,37.5,37.5,0,True,0.73125,"min(187.5, realized_PEL4 + Stage89QG_DeltaP_from_realized)"
518,4,29,-3,465,150,37.5,187.5,YES,0.918942607567,0.0189426075673,18,1,3.76390210657,0.63917264477,False,False,False,187.5,37.5,37.5,0,True,0.73125,"min(187.5, realized_PEL4 + Stage89QG_DeltaP_from_realized)"
518,4,30,-2,511,150,37.5,187.5,YES,0.920780645829,0.0207806458285,18,1,3.6727647071,0.623062827971,False,False,False,187.5,37.5,37.5,0,True,0.73125,"min(187.5, realized_PEL4 + Stage89QG_DeltaP_from_realized)"
518,4,31,-1,551,150,37.5,187.5,YES,0.922097999101,0.0220979991009,18,1,3.60735175534,0.611496845002,False,False,False,187.5,37.5,37.5,0,True,0.73125,"min(187.5, realized_PEL4 + Stage89QG_DeltaP_from_realized)"
643,2,16,-16,27,150,37.5,187.5,YES,0.911989752435,0.0119897524348,18,1,4.35223994628,0.750857600964,False,False,False,187.5,37.5,37.5,0,True,0.73125,"min(187.5, realized_PEL4 + Stage89QG_DeltaP_from_realized)"
643,3,17,-15,37,150,37.5,187.5,YES,0.91105167545,0.0110516754495,18,1,4.35433075652,0.749892361094,False,False,False,187.5,37.5,37.5,0,True,0.73125,"min(187.5, realized_PEL4 + Stage89QG_DeltaP_from_realized)"
643,3,18,-14,42,150,37.5,187.5,YES,0.911426916062,0.0114269160624,18,1,4.2650685685,0.731966110596,False,False,False,187.5,37.5,37.5,0,True,0.73125,"min(187.5, realized_PEL4 + Stage89QG_DeltaP_from_realized)"
643,3,19,-13,50,150,37.5,187.5,YES,0.905883997991,0.00588399799057,18,1,4.44553078244,0.760805100893,False,False,False,187.5,37.5,37.5,0,True,0.73125,"min(187.5, realized_PEL4 + Stage89QG_DeltaP_from_realized)"
643,3,20,-12,60,150,0,150,NO,0.9,0,18,1,4.87591690154,0.838458765362,True,False,False,150,0,0,37.5,False,0,"min(187.5, realized_PEL4 + Stage89QG_DeltaP_from_realized)"
643,3,21,-11,77,150,3.41060513165e-12,150,NO,0.9,0,18,1,4.95640698938,0.853440280584,True,False,False,150,3.41060513165e-12,3.41060513165e-12,37.5,False,6.65068000671e-14,"min(187.5, realized_PEL4 + Stage89QG_DeltaP_from_realized)"
643,3,22,-10,90,150,0,150,NO,0.9,0,18,1,4.87591690154,0.838458765362,True,False,False,150,0,0,37.5,False,0,"min(187.5, realized_PEL4 + Stage89QG_DeltaP_from_realized)"
643,3,23,-9,111,150,5.45696821064e-12,150,NO,0.9,0,18,1,4.83659842094,0.831134359092,True,False,False,150,5.45696821064e-12,5.45696821064e-12,37.5,False,1.06410880107e-13,"min(187.5, realized_PEL4 + Stage89QG_DeltaP_from_realized)"
643,3,24,-8,126,150,37.5,187.5,YES,0.902159747587,0.00215974758658,18,1,4.58872925527,0.784780191142,False,False,False,187.5,37.5,37.5,0,True,0.73125,"min(187.5, realized_PEL4 + Stage89QG_DeltaP_from_realized)"
643,4,25,-7,143,150,37.5,187.5,YES,0.911529629612,0.0115296296119,18,1,4.12988724534,0.703818310359,False,False,False,187.5,37.5,37.5,0,True,0.73125,"min(187.5, realized_PEL4 + Stage89QG_DeltaP_from_realized)"
643,4,26,-6,246,150,37.5,187.5,YES,0.915515937765,0.0155159377646,18,1,3.93339839837,0.669120361452,False,False,False,187.5,37.5,37.5,0,True,0.73125,"min(187.5, realized_PEL4 + Stage89QG_DeltaP_from_realized)"
643,4,27,-5,314,150,37.5,187.5,YES,0.916817228837,0.0168172288367,18,1,3.86909530341,0.657760776879,False,False,False,187.5,37.5,37.5,0,True,0.73125,"min(187.5, realized_PEL4 + Stage89QG_DeltaP_from_realized)"
643,4,28,-4,389,150,37.5,187.5,YES,0.918140268862,0.0181402688616,18,1,3.80363727027,0.646194793909,False,False,False,187.5,37.5,37.5,0,True,0.73125,"min(187.5, realized_PEL4 + Stage89QG_DeltaP_from_realized)"
643,4,29,-3,465,150,37.5,187.5,YES,0.918942607567,0.0189426075673,18,1,3.76390210657,0.63917264477,False,False,False,187.5,37.5,37.5,0,True,0.73125,"min(187.5, realized_PEL4 + Stage89QG_DeltaP_from_realized)"
643,4,30,-2,511,150,37.5,187.5,YES,0.920780645829,0.0207806458285,18,1,3.6727647071,0.623062827971,False,False,False,187.5,37.5,37.5,0,True,0.73125,"min(187.5, realized_PEL4 + Stage89QG_DeltaP_from_realized)"
643,4,31,-1,551,150,37.5,187.5,YES,0.922097999101,0.0220979991009,18,1,3.60735175534,0.611496845002,False,False,False,187.5,37.5,37.5,0,True,0.73125,"min(187.5, realized_PEL4 + Stage89QG_DeltaP_from_realized)"
783,3,24,-16,126,150,37.5,187.5,YES,0.902159747587,0.00215974758658,18,1,4.58872925527,0.784780191142,False,False,False,187.5,37.5,37.5,0,True,0.73125,"min(187.5, realized_PEL4 + Stage89QG_DeltaP_from_realized)"
783,4,25,-15,143,150,37.5,187.5,YES,0.911529629612,0.0115296296119,18,1,4.12988724534,0.703818310359,False,False,False,187.5,37.5,37.5,0,True,0.73125,"min(187.5, realized_PEL4 + Stage89QG_DeltaP_from_realized)"
783,4,26,-14,246,150,37.5,187.5,YES,0.915515937765,0.0155159377646,18,1,3.93339839837,0.669120361452,False,False,False,187.5,37.5,37.5,0,True,0.73125,"min(187.5, realized_PEL4 + Stage89QG_DeltaP_from_realized)"
783,4,27,-13,314,150,37.5,187.5,YES,0.916817228837,0.0168172288367,18,1,3.86909530341,0.657760776879,False,False,False,187.5,37.5,37.5,0,True,0.73125,"min(187.5, realized_PEL4 + Stage89QG_DeltaP_from_realized)"
783,4,28,-12,389,150,37.5,187.5,YES,0.918140268862,0.0181402688616,18,1,3.80363727027,0.646194793909,False,False,False,187.5,37.5,37.5,0,True,0.73125,"min(187.5, realized_PEL4 + Stage89QG_DeltaP_from_realized)"
783,4,29,-11,465,150,37.5,187.5,YES,0.918942607567,0.0189426075673,18,1,3.76390210657,0.63917264477,False,False,False,187.5,37.5,37.5,0,True,0.73125,"min(187.5, realized_PEL4 + Stage89QG_DeltaP_from_realized)"
783,4,30,-10,511,150,37.5,187.5,YES,0.920780645829,0.0207806458285,18,1,3.6727647071,0.623062827971,False,False,False,187.5,37.5,37.5,0,True,0.73125,"min(187.5, realized_PEL4 + Stage89QG_DeltaP_from_realized)"
783,4,31,-9,551,150,37.5,187.5,YES,0.922097999101,0.0220979991009,18,1,3.60735175534,0.611496845002,False,False,False,187.5,37.5,37.5,0,True,0.73125,"min(187.5, realized_PEL4 + Stage89QG_DeltaP_from_realized)"
783,4,32,-8,570,150,37.5,187.5,YES,0.918140268862,0.0181402688616,18,1,3.80363727027,0.646194793909,False,False,False,187.5,37.5,37.5,0,True,0.73125,"min(187.5, realized_PEL4 + Stage89QG_DeltaP_from_realized)"
783,5,33,-7,661,150,37.5,187.5,YES,0.910376134915,0.0103761349146,18,1,4.19751463833,0.716128640029,False,False,False,187.5,37.5,37.5,0,True,0.73125,"min(187.5, realized_PEL4 + Stage89QG_DeltaP_from_realized)"
783,5,34,-6,728,150,37.5,187.5,YES,0.911208561254,0.0112085612539,18,1,4.1772092306,0.713244227439,False,False,False,187.5,37.5,37.5,0,True,0.73125,"min(187.5, realized_PEL4 + Stage89QG_DeltaP_from_realized)"
783,5,35,-5,761,150,37.5,187.5,YES,0.908994613221,0.00899461322104,18,1,4.32397826579,0.740388819869,False,False,False,187.5,37.5,37.5,0,True,0.73125,"min(187.5, realized_PEL4 + Stage89QG_DeltaP_from_realized)"
783,5,36,-4,785,150,37.5,187.5,YES,0.90866776765,0.00866776765037,18,1,4.39857219561,0.755414734318,False,False,False,187.5,37.5,37.5,0,True,0.73125,"min(187.5, realized_PEL4 + Stage89QG_DeltaP_from_realized)"
783,5,37,-3,812,150,37.5,187.5,YES,0.908669345026,0.00866934502622,18,1,4.43203469175,0.762357187082,False,False,False,187.5,37.5,37.5,0,True,0.73125,"min(187.5, realized_PEL4 + Stage89QG_DeltaP_from_realized)"
783,5,38,-2,840,150,37.5,187.5,YES,0.909662404328,0.00966240432792,18,1,4.46895359458,0.771453343297,False,False,False,187.5,37.5,37.5,0,True,0.73125,"min(187.5, realized_PEL4 + Stage89QG_DeltaP_from_realized)"
783,5,39,-1,883,150,37.5,187.5,YES,0.913552226656,0.0135522266557,18,1,4.31473208467,0.745431762187,False,False,False,187.5,37.5,37.5,0,True,0.73125,"min(187.5, realized_PEL4 + Stage89QG_DeltaP_from_realized)"
801,2,16,-16,26,0,187.5,187.5,YES,0.926051161147,0.0260511611468,33,1,3.81596747025,0.67176969161,False,False,False,187.5,37.5,37.5,0,True,0.73125,"min(187.5, realized_PEL4 + Stage89QG_DeltaP_from_realized)"
801,3,17,-15,37,150,37.5,187.5,YES,0.91105167545,0.0110516754495,18,1,4.35433075652,0.749892361094,False,False,False,187.5,37.5,37.5,0,True,0.73125,"min(187.5, realized_PEL4 + Stage89QG_DeltaP_from_realized)"
801,3,18,-14,42,150,37.5,187.5,YES,0.911426916062,0.0114269160624,18,1,4.2650685685,0.731966110596,False,False,False,187.5,37.5,37.5,0,True,0.73125,"min(187.5, realized_PEL4 + Stage89QG_DeltaP_from_realized)"
801,3,19,-13,50,150,37.5,187.5,YES,0.905883997991,0.00588399799057,18,1,4.44553078244,0.760805100893,False,False,False,187.5,37.5,37.5,0,True,0.73125,"min(187.5, realized_PEL4 + Stage89QG_DeltaP_from_realized)"
801,3,20,-12,62,150,0,150,NO,0.9,0,18,1,4.87591690154,0.838458765362,True,False,False,150,0,0,37.5,False,0,"min(187.5, realized_PEL4 + Stage89QG_DeltaP_from_realized)"
801,3,21,-11,79,150,0,150,NO,0.9,0,18,1,4.95640698938,0.853440280584,True,False,False,150,0,0,37.5,False,0,"min(187.5, realized_PEL4 + Stage89QG_DeltaP_from_realized)"
801,3,22,-10,93,150,0,150,NO,0.9,0,18,1,4.87591690154,0.838458765362,True,False,False,150,0,0,37.5,False,0,"min(187.5, realized_PEL4 + Stage89QG_DeltaP_from_realized)"
801,3,23,-9,112,150,5.00222085975e-12,150,NO,0.9,0,18,1,4.83659842094,0.831134359092,True,False,False,150,5.00222085975e-12,5.00222085975e-12,37.5,False,9.75433067651e-14,"min(187.5, realized_PEL4 + Stage89QG_DeltaP_from_realized)"
801,3,24,-8,126,150,37.5,187.5,YES,0.902159747587,0.00215974758658,18,1,4.58872925527,0.784780191142,False,False,False,187.5,37.5,37.5,0,True,0.73125,"min(187.5, realized_PEL4 + Stage89QG_DeltaP_from_realized)"
801,4,25,-7,143,150,37.5,187.5,YES,0.911529629612,0.0115296296119,18,1,4.12988724534,0.703818310359,False,False,False,187.5,37.5,37.5,0,True,0.73125,"min(187.5, realized_PEL4 + Stage89QG_DeltaP_from_realized)"
801,4,26,-6,246,150,37.5,187.5,YES,0.915515937765,0.0155159377646,18,1,3.93339839837,0.669120361452,False,False,False,187.5,37.5,37.5,0,True,0.73125,"min(187.5, realized_PEL4 + Stage89QG_DeltaP_from_realized)"
801,4,27,-5,314,150,37.5,187.5,YES,0.916817228837,0.0168172288367,18,1,3.86909530341,0.657760776879,False,False,False,187.5,37.5,37.5,0,True,0.73125,"min(187.5, realized_PEL4 + Stage89QG_DeltaP_from_realized)"
801,4,28,-4,389,150,37.5,187.5,YES,0.918140268862,0.0181402688616,18,1,3.80363727027,0.646194793909,False,False,False,187.5,37.5,37.5,0,True,0.73125,"min(187.5, realized_PEL4 + Stage89QG_DeltaP_from_realized)"
801,4,29,-3,465,150,37.5,187.5,YES,0.918942607567,0.0189426075673,18,1,3.76390210657,0.63917264477,False,False,False,187.5,37.5,37.5,0,True,0.73125,"min(187.5, realized_PEL4 + Stage89QG_DeltaP_from_realized)"
801,4,30,-2,511,150,37.5,187.5,YES,0.920780645829,0.0207806458285,18,1,3.6727647071,0.623062827971,False,False,False,187.5,37.5,37.5,0,True,0.73125,"min(187.5, realized_PEL4 + Stage89QG_DeltaP_from_realized)"
801,4,31,-1,551,150,37.5,187.5,YES,0.922097999101,0.0220979991009,18,1,3.60735175534,0.611496845002,False,False,False,187.5,37.5,37.5,0,True,0.73125,"min(187.5, realized_PEL4 + Stage89QG_DeltaP_from_realized)"
869,2,16,-16,26,0,187.5,187.5,YES,0.926051161147,0.0260511611468,33,1,3.81596747025,0.67176969161,False,False,False,187.5,37.5,37.5,0,True,0.73125,"min(187.5, realized_PEL4 + Stage89QG_DeltaP_from_realized)"
869,3,17,-15,37,150,37.5,187.5,YES,0.91105167545,0.0110516754495,18,1,4.35433075652,0.749892361094,False,False,False,187.5,37.5,37.5,0,True,0.73125,"min(187.5, realized_PEL4 + Stage89QG_DeltaP_from_realized)"
869,3,18,-14,42,150,37.5,187.5,YES,0.911426916062,0.0114269160624,18,1,4.2650685685,0.731966110596,False,False,False,187.5,37.5,37.5,0,True,0.73125,"min(187.5, realized_PEL4 + Stage89QG_DeltaP_from_realized)"
869,3,19,-13,50,150,37.5,187.5,YES,0.905883997991,0.00588399799057,18,1,4.44553078244,0.760805100893,False,False,False,187.5,37.5,37.5,0,True,0.73125,"min(187.5, realized_PEL4 + Stage89QG_DeltaP_from_realized)"
869,3,20,-12,61,150,0,150,NO,0.9,0,18,1,4.87591690154,0.838458765362,True,False,False,150,0,0,37.5,False,0,"min(187.5, realized_PEL4 + Stage89QG_DeltaP_from_realized)"
869,3,21,-11,78,150,2.72848410532e-12,150,NO,0.9,0,18,1,4.95640698938,0.853440280584,True,False,False,150,2.72848410532e-12,2.72848410532e-12,37.5,False,5.32054400537e-14,"min(187.5, realized_PEL4 + Stage89QG_DeltaP_from_realized)"
869,3,22,-10,92,150,0,150,NO,0.9,0,18,1,4.87591690154,0.838458765362,True,False,False,150,0,0,37.5,False,0,"min(187.5, realized_PEL4 + Stage89QG_DeltaP_from_realized)"
869,3,23,-9,115,150,0,150,NO,0.9,0,18,1,4.83659842094,0.831134359092,True,False,False,150,0,0,37.5,False,0,"min(187.5, realized_PEL4 + Stage89QG_DeltaP_from_realized)"
869,3,24,-8,126,150,37.5,187.5,YES,0.902159747587,0.00215974758658,18,1,4.58872925527,0.784780191142,False,False,False,187.5,37.5,37.5,0,True,0.73125,"min(187.5, realized_PEL4 + Stage89QG_DeltaP_from_realized)"
869,4,25,-7,143,150,37.5,187.5,YES,0.911529629612,0.0115296296119,18,1,4.12988724534,0.703818310359,False,False,False,187.5,37.5,37.5,0,True,0.73125,"min(187.5, realized_PEL4 + Stage89QG_DeltaP_from_realized)"
869,4,26,-6,246,150,37.5,187.5,YES,0.915515937765,0.0155159377646,18,1,3.93339839837,0.669120361452,False,False,False,187.5,37.5,37.5,0,True,0.73125,"min(187.5, realized_PEL4 + Stage89QG_DeltaP_from_realized)"
869,4,27,-5,314,150,37.5,187.5,YES,0.916817228837,0.0168172288367,18,1,3.86909530341,0.657760776879,False,False,False,187.5,37.5,37.5,0,True,0.73125,"min(187.5, realized_PEL4 + Stage89QG_DeltaP_from_realized)"
869,4,28,-4,389,150,37.5,187.5,YES,0.918140268862,0.0181402688616,18,1,3.80363727027,0.646194793909,False,False,False,187.5,37.5,37.5,0,True,0.73125,"min(187.5, realized_PEL4 + Stage89QG_DeltaP_from_realized)"
869,4,29,-3,465,150,37.5,187.5,YES,0.918942607567,0.0189426075673,18,1,3.76390210657,0.63917264477,False,False,False,187.5,37.5,37.5,0,True,0.73125,"min(187.5, realized_PEL4 + Stage89QG_DeltaP_from_realized)"
869,4,30,-2,511,150,37.5,187.5,YES,0.920780645829,0.0207806458285,18,1,3.6727647071,0.623062827971,False,False,False,187.5,37.5,37.5,0,True,0.73125,"min(187.5, realized_PEL4 + Stage89QG_DeltaP_from_realized)"
869,4,31,-1,551,150,37.5,187.5,YES,0.922097999101,0.0220979991009,18,1,3.60735175534,0.611496845002,False,False,False,187.5,37.5,37.5,0,True,0.73125,"min(187.5, realized_PEL4 + Stage89QG_DeltaP_from_realized)"
965,3,24,-16,126,150,37.5,187.5,YES,0.902159747587,0.00215974758658,18,1,4.58872925527,0.784780191142,False,False,False,187.5,37.5,37.5,0,True,0.73125,"min(187.5, realized_PEL4 + Stage89QG_DeltaP_from_realized)"
965,4,25,-15,143,150,37.5,187.5,YES,0.911529629612,0.0115296296119,18,1,4.12988724534,0.703818310359,False,False,False,187.5,37.5,37.5,0,True,0.73125,"min(187.5, realized_PEL4 + Stage89QG_DeltaP_from_realized)"
965,4,26,-14,246,150,37.5,187.5,YES,0.915515937765,0.0155159377646,18,1,3.93339839837,0.669120361452,False,False,False,187.5,37.5,37.5,0,True,0.73125,"min(187.5, realized_PEL4 + Stage89QG_DeltaP_from_realized)"
965,4,27,-13,314,150,37.5,187.5,YES,0.916817228837,0.0168172288367,18,1,3.86909530341,0.657760776879,False,False,False,187.5,37.5,37.5,0,True,0.73125,"min(187.5, realized_PEL4 + Stage89QG_DeltaP_from_realized)"
965,4,28,-12,389,150,37.5,187.5,YES,0.918140268862,0.0181402688616,18,1,3.80363727027,0.646194793909,False,False,False,187.5,37.5,37.5,0,True,0.73125,"min(187.5, realized_PEL4 + Stage89QG_DeltaP_from_realized)"
965,4,29,-11,465,150,37.5,187.5,YES,0.918942607567,0.0189426075673,18,1,3.76390210657,0.63917264477,False,False,False,187.5,37.5,37.5,0,True,0.73125,"min(187.5, realized_PEL4 + Stage89QG_DeltaP_from_realized)"
965,4,30,-10,511,150,37.5,187.5,YES,0.920780645829,0.0207806458285,18,1,3.6727647071,0.623062827971,False,False,False,187.5,37.5,37.5,0,True,0.73125,"min(187.5, realized_PEL4 + Stage89QG_DeltaP_from_realized)"
965,4,31,-9,551,150,37.5,187.5,YES,0.922097999101,0.0220979991009,18,1,3.60735175534,0.611496845002,False,False,False,187.5,37.5,37.5,0,True,0.73125,"min(187.5, realized_PEL4 + Stage89QG_DeltaP_from_realized)"
965,4,32,-8,569,150,37.5,187.5,YES,0.927114463949,0.027114463949,18,1,3.69554546558,0.630887456615,False,False,False,187.5,37.5,37.5,0,True,0.73125,"min(187.5, realized_PEL4 + Stage89QG_DeltaP_from_realized)"
965,5,33,-7,661,150,37.5,187.5,YES,0.910376134915,0.0103761349146,18,1,4.19751463833,0.716128640029,False,False,False,187.5,37.5,37.5,0,True,0.73125,"min(187.5, realized_PEL4 + Stage89QG_DeltaP_from_realized)"
965,5,34,-6,728,150,37.5,187.5,YES,0.911208561254,0.0112085612539,18,1,4.1772092306,0.713244227439,False,False,False,187.5,37.5,37.5,0,True,0.73125,"min(187.5, realized_PEL4 + Stage89QG_DeltaP_from_realized)"
965,5,35,-5,761,150,37.5,187.5,YES,0.908994613221,0.00899461322104,18,1,4.32397826579,0.740388819869,False,False,False,187.5,37.5,37.5,0,True,0.73125,"min(187.5, realized_PEL4 + Stage89QG_DeltaP_from_realized)"
965,5,36,-4,785,150,37.5,187.5,YES,0.90866776765,0.00866776765037,18,1,4.39857219561,0.755414734318,False,False,False,187.5,37.5,37.5,0,True,0.73125,"min(187.5, realized_PEL4 + Stage89QG_DeltaP_from_realized)"
965,5,37,-3,812,150,37.5,187.5,YES,0.908669345026,0.00866934502622,18,1,4.43203469175,0.762357187082,False,False,False,187.5,37.5,37.5,0,True,0.73125,"min(187.5, realized_PEL4 + Stage89QG_DeltaP_from_realized)"
965,5,38,-2,840,150,37.5,187.5,YES,0.909662404328,0.00966240432792,18,1,4.46895359458,0.771453343297,False,False,False,187.5,37.5,37.5,0,True,0.73125,"min(187.5, realized_PEL4 + Stage89QG_DeltaP_from_realized)"
965,5,39,-1,883,150,37.5,187.5,YES,0.913552226656,0.0135522266557,18,1,4.31473208467,0.745431762187,False,False,False,187.5,37.5,37.5,0,True,0.73125,"min(187.5, realized_PEL4 + Stage89QG_DeltaP_from_realized)"
1165,2,16,-16,26,0,187.5,187.5,YES,0.926051161147,0.0260511611468,33,1,3.81596747025,0.67176969161,False,False,False,187.5,37.5,37.5,0,True,0.73125,"min(187.5, realized_PEL4 + Stage89QG_DeltaP_from_realized)"
1165,3,17,-15,28,0,187.5,187.5,YES,0.925946052931,0.0259460529306,33,1,3.81616207051,0.67080445174,False,False,False,187.5,37.5,37.5,0,True,0.73125,"min(187.5, realized_PEL4 + Stage89QG_DeltaP_from_realized)"
1165,3,18,-14,38,0,187.5,187.5,YES,0.927557827398,0.0275578273983,33,1,3.72358602307,0.652878201242,False,False,False,187.5,37.5,37.5,0,True,0.73125,"min(187.5, realized_PEL4 + Stage89QG_DeltaP_from_realized)"
1165,3,19,-13,43,0,187.5,187.5,YES,0.923975874081,0.023975874081,33,1,3.90084204105,0.681717191539,False,False,False,187.5,37.5,37.5,0,True,0.73125,"min(187.5, realized_PEL4 + Stage89QG_DeltaP_from_realized)"
1165,3,20,-12,51,0,187.5,187.5,YES,0.913816673115,0.0138166731148,33,1,4.42402000361,0.772609864292,False,False,False,187.5,37.5,37.5,0,True,0.73125,"min(187.5, realized_PEL4 + Stage89QG_DeltaP_from_realized)"
1165,3,21,-11,65,0,187.5,187.5,YES,0.911763936027,0.0117639360269,33,1,4.52984616185,0.791197996401,False,False,False,187.5,37.5,37.5,0,True,0.73125,"min(187.5, realized_PEL4 + Stage89QG_DeltaP_from_realized)"
1165,3,22,-10,80,0,187.5,187.5,YES,0.913816673115,0.0138166731148,33,1,4.42402000361,0.772609864292,False,False,False,187.5,37.5,37.5,0,True,0.73125,"min(187.5, realized_PEL4 + Stage89QG_DeltaP_from_realized)"
1165,3,23,-9,97,150,37.5,187.5,YES,0.914818572114,0.0148185721142,33,1,4.37228244749,0.763522196633,False,False,False,187.5,37.5,37.5,0,True,0.73125,"min(187.5, realized_PEL4 + Stage89QG_DeltaP_from_realized)"
1165,3,24,-8,126,150,37.5,187.5,YES,0.902159747587,0.00215974758658,18,1,4.58872925527,0.784780191142,False,False,False,187.5,37.5,37.5,0,True,0.73125,"min(187.5, realized_PEL4 + Stage89QG_DeltaP_from_realized)"
1165,4,25,-7,143,150,37.5,187.5,YES,0.911529629612,0.0115296296119,18,1,4.12988724534,0.703818310359,False,False,False,187.5,37.5,37.5,0,True,0.73125,"min(187.5, realized_PEL4 + Stage89QG_DeltaP_from_realized)"
1165,4,26,-6,246,150,37.5,187.5,YES,0.915515937765,0.0155159377646,18,1,3.93339839837,0.669120361452,False,False,False,187.5,37.5,37.5,0,True,0.73125,"min(187.5, realized_PEL4 + Stage89QG_DeltaP_from_realized)"
1165,4,27,-5,314,150,37.5,187.5,YES,0.916817228837,0.0168172288367,18,1,3.86909530341,0.657760776879,False,False,False,187.5,37.5,37.5,0,True,0.73125,"min(187.5, realized_PEL4 + Stage89QG_DeltaP_from_realized)"
1165,4,28,-4,389,150,37.5,187.5,YES,0.918140268862,0.0181402688616,18,1,3.80363727027,0.646194793909,False,False,False,187.5,37.5,37.5,0,True,0.73125,"min(187.5, realized_PEL4 + Stage89QG_DeltaP_from_realized)"
1165,4,29,-3,465,150,37.5,187.5,YES,0.918942607567,0.0189426075673,18,1,3.76390210657,0.63917264477,False,False,False,187.5,37.5,37.5,0,True,0.73125,"min(187.5, realized_PEL4 + Stage89QG_DeltaP_from_realized)"
1165,4,30,-2,511,150,37.5,187.5,YES,0.920780645829,0.0207806458285,18,1,3.6727647071,0.623062827971,False,False,False,187.5,37.5,37.5,0,True,0.73125,"min(187.5, realized_PEL4 + Stage89QG_DeltaP_from_realized)"
1165,4,31,-1,551,150,37.5,187.5,YES,0.922097999101,0.0220979991009,18,1,3.60735175534,0.611496845002,False,False,False,187.5,37.5,37.5,0,True,0.73125,"min(187.5, realized_PEL4 + Stage89QG_DeltaP_from_realized)"
1320,2,16,-16,26,0,187.5,187.5,YES,0.926051161147,0.0260511611468,33,1,3.81596747025,0.67176969161,False,False,False,187.5,37.5,37.5,0,True,0.73125,"min(187.5, realized_PEL4 + Stage89QG_DeltaP_from_realized)"
1320,3,17,-15,28,0,187.5,187.5,YES,0.925946052931,0.0259460529306,33,1,3.81616207051,0.67080445174,False,False,False,187.5,37.5,37.5,0,True,0.73125,"min(187.5, realized_PEL4 + Stage89QG_DeltaP_from_realized)"
1320,3,18,-14,38,0,187.5,187.5,YES,0.927557827398,0.0275578273983,33,1,3.72358602307,0.652878201242,False,False,False,187.5,37.5,37.5,0,True,0.73125,"min(187.5, realized_PEL4 + Stage89QG_DeltaP_from_realized)"
1320,3,19,-13,43,0,187.5,187.5,YES,0.923975874081,0.023975874081,33,1,3.90084204105,0.681717191539,False,False,False,187.5,37.5,37.5,0,True,0.73125,"min(187.5, realized_PEL4 + Stage89QG_DeltaP_from_realized)"
1320,3,20,-12,51,0,187.5,187.5,YES,0.913816673115,0.0138166731148,33,1,4.42402000361,0.772609864292,False,False,False,187.5,37.5,37.5,0,True,0.73125,"min(187.5, realized_PEL4 + Stage89QG_DeltaP_from_realized)"
1320,3,21,-11,65,0,187.5,187.5,YES,0.911763936027,0.0117639360269,33,1,4.52984616185,0.791197996401,False,False,False,187.5,37.5,37.5,0,True,0.73125,"min(187.5, realized_PEL4 + Stage89QG_DeltaP_from_realized)"
1320,3,22,-10,80,0,187.5,187.5,YES,0.913816673115,0.0138166731148,33,1,4.42402000361,0.772609864292,False,False,False,187.5,37.5,37.5,0,True,0.73125,"min(187.5, realized_PEL4 + Stage89QG_DeltaP_from_realized)"
1320,3,23,-9,96,0,187.5,187.5,YES,0.914818572114,0.0148185721142,33,1,4.37228244749,0.763522196633,False,False,False,187.5,37.5,37.5,0,True,0.73125,"min(187.5, realized_PEL4 + Stage89QG_DeltaP_from_realized)"
1320,3,24,-8,126,150,37.5,187.5,YES,0.902159747587,0.00215974758658,18,1,4.58872925527,0.784780191142,False,False,False,187.5,37.5,37.5,0,True,0.73125,"min(187.5, realized_PEL4 + Stage89QG_DeltaP_from_realized)"
1320,4,25,-7,143,150,37.5,187.5,YES,0.911529629612,0.0115296296119,18,1,4.12988724534,0.703818310359,False,False,False,187.5,37.5,37.5,0,True,0.73125,"min(187.5, realized_PEL4 + Stage89QG_DeltaP_from_realized)"
1320,4,26,-6,246,150,37.5,187.5,YES,0.915515937765,0.0155159377646,18,1,3.93339839837,0.669120361452,False,False,False,187.5,37.5,37.5,0,True,0.73125,"min(187.5, realized_PEL4 + Stage89QG_DeltaP_from_realized)"
1320,4,27,-5,314,150,37.5,187.5,YES,0.916817228837,0.0168172288367,18,1,3.86909530341,0.657760776879,False,False,False,187.5,37.5,37.5,0,True,0.73125,"min(187.5, realized_PEL4 + Stage89QG_DeltaP_from_realized)"
1320,4,28,-4,389,150,37.5,187.5,YES,0.918140268862,0.0181402688616,18,1,3.80363727027,0.646194793909,False,False,False,187.5,37.5,37.5,0,True,0.73125,"min(187.5, realized_PEL4 + Stage89QG_DeltaP_from_realized)"
1320,4,29,-3,465,150,37.5,187.5,YES,0.918942607567,0.0189426075673,18,1,3.76390210657,0.63917264477,False,False,False,187.5,37.5,37.5,0,True,0.73125,"min(187.5, realized_PEL4 + Stage89QG_DeltaP_from_realized)"
1320,4,30,-2,511,150,37.5,187.5,YES,0.920780645829,0.0207806458285,18,1,3.6727647071,0.623062827971,False,False,False,187.5,37.5,37.5,0,True,0.73125,"min(187.5, realized_PEL4 + Stage89QG_DeltaP_from_realized)"
1320,4,31,-1,551,150,37.5,187.5,YES,0.922097999101,0.0220979991009,18,1,3.60735175534,0.611496845002,False,False,False,187.5,37.5,37.5,0,True,0.73125,"min(187.5, realized_PEL4 + Stage89QG_DeltaP_from_realized)"
1432,1,8,-16,8,150,37.5,187.5,YES,0.935040296279,0.0350402962792,33,1,3.51710903473,0.605375227791,False,False,False,187.5,37.5,37.5,0,True,0.73125,"min(187.5, realized_PEL4 + Stage89QG_DeltaP_from_realized)"
1432,2,9,-15,13,150,37.5,187.5,YES,0.910376134915,0.0103761349146,18,1,4.19751463833,0.716128640029,False,False,False,187.5,37.5,37.5,0,True,0.73125,"min(187.5, realized_PEL4 + Stage89QG_DeltaP_from_realized)"
1432,2,10,-14,15,150,37.5,187.5,YES,0.911208561254,0.0112085612539,18,1,4.1772092306,0.713244227439,False,False,False,187.5,37.5,37.5,0,True,0.73125,"min(187.5, realized_PEL4 + Stage89QG_DeltaP_from_realized)"
1432,2,11,-13,17,150,37.5,187.5,YES,0.908994613221,0.00899461322104,18,1,4.32397826579,0.740388819869,False,False,False,187.5,37.5,37.5,0,True,0.73125,"min(187.5, realized_PEL4 + Stage89QG_DeltaP_from_realized)"
1432,2,12,-12,19,150,37.5,187.5,YES,0.90866776765,0.00866776765037,18,1,4.39857219561,0.755414734318,False,False,False,187.5,37.5,37.5,0,True,0.73125,"min(187.5, realized_PEL4 + Stage89QG_DeltaP_from_realized)"
1432,2,13,-11,21,150,37.5,187.5,YES,0.908669345026,0.00866934502622,18,1,4.43203469175,0.762357187082,False,False,False,187.5,37.5,37.5,0,True,0.73125,"min(187.5, realized_PEL4 + Stage89QG_DeltaP_from_realized)"
1432,2,14,-10,23,150,37.5,187.5,YES,0.909662404328,0.00966240432792,18,1,4.46895359458,0.771453343297,False,False,False,187.5,37.5,37.5,0,True,0.73125,"min(187.5, realized_PEL4 + Stage89QG_DeltaP_from_realized)"
1432,2,15,-9,25,150,37.5,187.5,YES,0.913552226656,0.0135522266557,18,1,4.31473208467,0.745431762187,False,False,False,187.5,37.5,37.5,0,True,0.73125,"min(187.5, realized_PEL4 + Stage89QG_DeltaP_from_realized)"
1432,2,16,-8,27,150,37.5,187.5,YES,0.911989752435,0.0119897524348,18,1,4.35223994628,0.750857600964,False,False,False,187.5,37.5,37.5,0,True,0.73125,"min(187.5, realized_PEL4 + Stage89QG_DeltaP_from_realized)"
1432,3,17,-7,37,150,37.5,187.5,YES,0.91105167545,0.0110516754495,18,1,4.35433075652,0.749892361094,False,False,False,187.5,37.5,37.5,0,True,0.73125,"min(187.5, realized_PEL4 + Stage89QG_DeltaP_from_realized)"
1432,3,18,-6,42,150,37.5,187.5,YES,0.911426916062,0.0114269160624,18,1,4.2650685685,0.731966110596,False,False,False,187.5,37.5,37.5,0,True,0.73125,"min(187.5, realized_PEL4 + Stage89QG_DeltaP_from_realized)"
1432,3,19,-5,50,150,37.5,187.5,YES,0.905883997991,0.00588399799057,18,1,4.44553078244,0.760805100893,False,False,False,187.5,37.5,37.5,0,True,0.73125,"min(187.5, realized_PEL4 + Stage89QG_DeltaP_from_realized)"
1432,3,20,-4,62,150,0,150,NO,0.9,0,18,1,4.87591690154,0.838458765362,True,False,False,150,0,0,37.5,False,0,"min(187.5, realized_PEL4 + Stage89QG_DeltaP_from_realized)"
1432,3,21,-3,79,150,0,150,NO,0.9,0,18,1,4.95640698938,0.853440280584,True,False,False,150,0,0,37.5,False,0,"min(187.5, realized_PEL4 + Stage89QG_DeltaP_from_realized)"
1432,3,22,-2,93,150,0,150,NO,0.9,0,18,1,4.87591690154,0.838458765362,True,False,False,150,0,0,37.5,False,0,"min(187.5, realized_PEL4 + Stage89QG_DeltaP_from_realized)"
1432,3,23,-1,112,150,5.00222085975e-12,150,NO,0.9,0,18,1,4.83659842094,0.831134359092,True,False,False,150,5.00222085975e-12,5.00222085975e-12,37.5,False,9.75433067651e-14,"min(187.5, realized_PEL4 + Stage89QG_DeltaP_from_realized)"
1580,1,8,-16,8,150,37.5,187.5,YES,0.935040296279,0.0350402962792,33,1,3.51710903473,0.605375227791,False,False,False,187.5,37.5,37.5,0,True,0.73125,"min(187.5, realized_PEL4 + Stage89QG_DeltaP_from_realized)"
1580,2,9,-15,13,150,37.5,187.5,YES,0.910376134915,0.0103761349146,18,1,4.19751463833,0.716128640029,False,False,False,187.5,37.5,37.5,0,True,0.73125,"min(187.5, realized_PEL4 + Stage89QG_DeltaP_from_realized)"
1580,2,10,-14,15,150,37.5,187.5,YES,0.911208561254,0.0112085612539,18,1,4.1772092306,0.713244227439,False,False,False,187.5,37.5,37.5,0,True,0.73125,"min(187.5, realized_PEL4 + Stage89QG_DeltaP_from_realized)"
1580,2,11,-13,17,150,37.5,187.5,YES,0.908994613221,0.00899461322104,18,1,4.32397826579,0.740388819869,False,False,False,187.5,37.5,37.5,0,True,0.73125,"min(187.5, realized_PEL4 + Stage89QG_DeltaP_from_realized)"
1580,2,12,-12,19,150,37.5,187.5,YES,0.90866776765,0.00866776765037,18,1,4.39857219561,0.755414734318,False,False,False,187.5,37.5,37.5,0,True,0.73125,"min(187.5, realized_PEL4 + Stage89QG_DeltaP_from_realized)"
1580,2,13,-11,21,150,37.5,187.5,YES,0.908669345026,0.00866934502622,18,1,4.43203469175,0.762357187082,False,False,False,187.5,37.5,37.5,0,True,0.73125,"min(187.5, realized_PEL4 + Stage89QG_DeltaP_from_realized)"
1580,2,14,-10,23,150,37.5,187.5,YES,0.909662404328,0.00966240432792,18,1,4.46895359458,0.771453343297,False,False,False,187.5,37.5,37.5,0,True,0.73125,"min(187.5, realized_PEL4 + Stage89QG_DeltaP_from_realized)"
1580,2,15,-9,25,150,37.5,187.5,YES,0.913552226656,0.0135522266557,18,1,4.31473208467,0.745431762187,False,False,False,187.5,37.5,37.5,0,True,0.73125,"min(187.5, realized_PEL4 + Stage89QG_DeltaP_from_realized)"
1580,2,16,-8,27,150,37.5,187.5,YES,0.911989752435,0.0119897524348,18,1,4.35223994628,0.750857600964,False,False,False,187.5,37.5,37.5,0,True,0.73125,"min(187.5, realized_PEL4 + Stage89QG_DeltaP_from_realized)"
1580,3,17,-7,37,150,37.5,187.5,YES,0.91105167545,0.0110516754495,18,1,4.35433075652,0.749892361094,False,False,False,187.5,37.5,37.5,0,True,0.73125,"min(187.5, realized_PEL4 + Stage89QG_DeltaP_from_realized)"
1580,3,18,-6,42,150,37.5,187.5,YES,0.911426916062,0.0114269160624,18,1,4.2650685685,0.731966110596,False,False,False,187.5,37.5,37.5,0,True,0.73125,"min(187.5, realized_PEL4 + Stage89QG_DeltaP_from_realized)"
1580,3,19,-5,50,150,37.5,187.5,YES,0.905883997991,0.00588399799057,18,1,4.44553078244,0.760805100893,False,False,False,187.5,37.5,37.5,0,True,0.73125,"min(187.5, realized_PEL4 + Stage89QG_DeltaP_from_realized)"
1580,3,20,-4,62,150,0,150,NO,0.9,0,18,1,4.87591690154,0.838458765362,True,False,False,150,0,0,37.5,False,0,"min(187.5, realized_PEL4 + Stage89QG_DeltaP_from_realized)"
1580,3,21,-3,79,150,0,150,NO,0.9,0,18,1,4.95640698938,0.853440280584,True,False,False,150,0,0,37.5,False,0,"min(187.5, realized_PEL4 + Stage89QG_DeltaP_from_realized)"
1580,3,22,-2,93,150,0,150,NO,0.9,0,18,1,4.87591690154,0.838458765362,True,False,False,150,0,0,37.5,False,0,"min(187.5, realized_PEL4 + Stage89QG_DeltaP_from_realized)"
1580,3,23,-1,112,150,5.00222085975e-12,150,NO,0.9,0,18,1,4.83659842094,0.831134359092,True,False,False,150,5.00222085975e-12,5.00222085975e-12,37.5,False,9.75433067651e-14,"min(187.5, realized_PEL4 + Stage89QG_DeltaP_from_realized)"
1666,2,16,-16,27,150,37.5,187.5,YES,0.911989752435,0.0119897524348,18,1,4.35223994628,0.750857600964,False,False,False,187.5,37.5,37.5,0,True,0.73125,"min(187.5, realized_PEL4 + Stage89QG_DeltaP_from_realized)"
1666,3,17,-15,37,150,37.5,187.5,YES,0.91105167545,0.0110516754495,18,1,4.35433075652,0.749892361094,False,False,False,187.5,37.5,37.5,0,True,0.73125,"min(187.5, realized_PEL4 + Stage89QG_DeltaP_from_realized)"
1666,3,18,-14,42,150,37.5,187.5,YES,0.911426916062,0.0114269160624,18,1,4.2650685685,0.731966110596,False,False,False,187.5,37.5,37.5,0,True,0.73125,"min(187.5, realized_PEL4 + Stage89QG_DeltaP_from_realized)"
1666,3,19,-13,50,150,37.5,187.5,YES,0.905883997991,0.00588399799057,18,1,4.44553078244,0.760805100893,False,False,False,187.5,37.5,37.5,0,True,0.73125,"min(187.5, realized_PEL4 + Stage89QG_DeltaP_from_realized)"
1666,3,20,-12,61,150,0,150,NO,0.9,0,18,1,4.87591690154,0.838458765362,True,False,False,150,0,0,37.5,False,0,"min(187.5, realized_PEL4 + Stage89QG_DeltaP_from_realized)"
1666,3,21,-11,78,150,2.72848410532e-12,150,NO,0.9,0,18,1,4.95640698938,0.853440280584,True,False,False,150,2.72848410532e-12,2.72848410532e-12,37.5,False,5.32054400537e-14,"min(187.5, realized_PEL4 + Stage89QG_DeltaP_from_realized)"
1666,3,22,-10,92,150,0,150,NO,0.9,0,18,1,4.87591690154,0.838458765362,True,False,False,150,0,0,37.5,False,0,"min(187.5, realized_PEL4 + Stage89QG_DeltaP_from_realized)"
1666,3,23,-9,115,150,0,150,NO,0.9,0,18,1,4.83659842094,0.831134359092,True,False,False,150,0,0,37.5,False,0,"min(187.5, realized_PEL4 + Stage89QG_DeltaP_from_realized)"
1666,3,24,-8,126,150,37.5,187.5,YES,0.902159747587,0.00215974758658,18,1,4.58872925527,0.784780191142,False,False,False,187.5,37.5,37.5,0,True,0.73125,"min(187.5, realized_PEL4 + Stage89QG_DeltaP_from_realized)"
1666,4,25,-7,143,150,37.5,187.5,YES,0.911529629612,0.0115296296119,18,1,4.12988724534,0.703818310359,False,False,False,187.5,37.5,37.5,0,True,0.73125,"min(187.5, realized_PEL4 + Stage89QG_DeltaP_from_realized)"
1666,4,26,-6,246,150,37.5,187.5,YES,0.915515937765,0.0155159377646,18,1,3.93339839837,0.669120361452,False,False,False,187.5,37.5,37.5,0,True,0.73125,"min(187.5, realized_PEL4 + Stage89QG_DeltaP_from_realized)"
1666,4,27,-5,314,150,37.5,187.5,YES,0.916817228837,0.0168172288367,18,1,3.86909530341,0.657760776879,False,False,False,187.5,37.5,37.5,0,True,0.73125,"min(187.5, realized_PEL4 + Stage89QG_DeltaP_from_realized)"
1666,4,28,-4,389,150,37.5,187.5,YES,0.918140268862,0.0181402688616,18,1,3.80363727027,0.646194793909,False,False,False,187.5,37.5,37.5,0,True,0.73125,"min(187.5, realized_PEL4 + Stage89QG_DeltaP_from_realized)"
1666,4,29,-3,465,150,37.5,187.5,YES,0.918942607567,0.0189426075673,18,1,3.76390210657,0.63917264477,False,False,False,187.5,37.5,37.5,0,True,0.73125,"min(187.5, realized_PEL4 + Stage89QG_DeltaP_from_realized)"
1666,4,30,-2,511,150,37.5,187.5,YES,0.920780645829,0.0207806458285,18,1,3.6727647071,0.623062827971,False,False,False,187.5,37.5,37.5,0,True,0.73125,"min(187.5, realized_PEL4 + Stage89QG_DeltaP_from_realized)"
1666,4,31,-1,551,150,37.5,187.5,YES,0.922097999101,0.0220979991009,18,1,3.60735175534,0.611496845002,False,False,False,187.5,37.5,37.5,0,True,0.73125,"min(187.5, realized_PEL4 + Stage89QG_DeltaP_from_realized)"
2000,2,16,-16,26,0,187.5,187.5,YES,0.926051161147,0.0260511611468,33,1,3.81596747025,0.67176969161,False,False,False,187.5,37.5,37.5,0,True,0.73125,"min(187.5, realized_PEL4 + Stage89QG_DeltaP_from_realized)"
2000,3,17,-15,28,0,187.5,187.5,YES,0.925946052931,0.0259460529306,33,1,3.81616207051,0.67080445174,False,False,False,187.5,37.5,37.5,0,True,0.73125,"min(187.5, realized_PEL4 + Stage89QG_DeltaP_from_realized)"
2000,3,18,-14,38,0,187.5,187.5,YES,0.927557827398,0.0275578273983,33,1,3.72358602307,0.652878201242,False,False,False,187.5,37.5,37.5,0,True,0.73125,"min(187.5, realized_PEL4 + Stage89QG_DeltaP_from_realized)"
2000,3,19,-13,43,0,187.5,187.5,YES,0.923975874081,0.023975874081,33,1,3.90084204105,0.681717191539,False,False,False,187.5,37.5,37.5,0,True,0.73125,"min(187.5, realized_PEL4 + Stage89QG_DeltaP_from_realized)"
2000,3,20,-12,51,0,187.5,187.5,YES,0.913816673115,0.0138166731148,33,1,4.42402000361,0.772609864292,False,False,False,187.5,37.5,37.5,0,True,0.73125,"min(187.5, realized_PEL4 + Stage89QG_DeltaP_from_realized)"
2000,3,21,-11,65,0,187.5,187.5,YES,0.911763936027,0.0117639360269,33,1,4.52984616185,0.791197996401,False,False,False,187.5,37.5,37.5,0,True,0.73125,"min(187.5, realized_PEL4 + Stage89QG_DeltaP_from_realized)"
2000,3,22,-10,80,0,187.5,187.5,YES,0.913816673115,0.0138166731148,33,1,4.42402000361,0.772609864292,False,False,False,187.5,37.5,37.5,0,True,0.73125,"min(187.5, realized_PEL4 + Stage89QG_DeltaP_from_realized)"
2000,3,23,-9,105,150,37.5,187.5,YES,0.913620431805,0.0136204318049,33,1,4.63335232533,0.801790539869,False,False,False,187.5,37.5,37.5,0,True,0.73125,"min(187.5, realized_PEL4 + Stage89QG_DeltaP_from_realized)"
2000,3,24,-8,125,150,37.5,187.5,YES,0.912748791787,0.0127487917865,18,1,4.41055960374,0.759267962318,False,False,False,187.5,37.5,37.5,0,True,0.73125,"min(187.5, realized_PEL4 + Stage89QG_DeltaP_from_realized)"
2000,4,25,-7,143,150,37.5,187.5,YES,0.911529629612,0.0115296296119,18,1,4.12988724534,0.703818310359,False,False,False,187.5,37.5,37.5,0,True,0.73125,"min(187.5, realized_PEL4 + Stage89QG_DeltaP_from_realized)"
2000,4,26,-6,246,150,37.5,187.5,YES,0.915515937765,0.0155159377646,18,1,3.93339839837,0.669120361452,False,False,False,187.5,37.5,37.5,0,True,0.73125,"min(187.5, realized_PEL4 + Stage89QG_DeltaP_from_realized)"
2000,4,27,-5,314,150,37.5,187.5,YES,0.916817228837,0.0168172288367,18,1,3.86909530341,0.657760776879,False,False,False,187.5,37.5,37.5,0,True,0.73125,"min(187.5, realized_PEL4 + Stage89QG_DeltaP_from_realized)"
2000,4,28,-4,389,150,37.5,187.5,YES,0.918140268862,0.0181402688616,18,1,3.80363727027,0.646194793909,False,False,False,187.5,37.5,37.5,0,True,0.73125,"min(187.5, realized_PEL4 + Stage89QG_DeltaP_from_realized)"
2000,4,29,-3,465,150,37.5,187.5,YES,0.918942607567,0.0189426075673,18,1,3.76390210657,0.63917264477,False,False,False,187.5,37.5,37.5,0,True,0.73125,"min(187.5, realized_PEL4 + Stage89QG_DeltaP_from_realized)"
2000,4,30,-2,511,150,37.5,187.5,YES,0.920780645829,0.0207806458285,18,1,3.6727647071,0.623062827971,False,False,False,187.5,37.5,37.5,0,True,0.73125,"min(187.5, realized_PEL4 + Stage89QG_DeltaP_from_realized)"
2000,4,31,-1,551,150,37.5,187.5,YES,0.922097999101,0.0220979991009,18,1,3.60735175534,0.611496845002,False,False,False,187.5,37.5,37.5,0,True,0.73125,"min(187.5, realized_PEL4 + Stage89QG_DeltaP_from_realized)"
2052,2,16,-16,27,150,37.5,187.5,YES,0.911989752435,0.0119897524348,18,1,4.35223994628,0.750857600964,False,False,False,187.5,37.5,37.5,0,True,0.73125,"min(187.5, realized_PEL4 + Stage89QG_DeltaP_from_realized)"
2052,3,17,-15,37,150,37.5,187.5,YES,0.91105167545,0.0110516754495,18,1,4.35433075652,0.749892361094,False,False,False,187.5,37.5,37.5,0,True,0.73125,"min(187.5, realized_PEL4 + Stage89QG_DeltaP_from_realized)"
2052,3,18,-14,42,150,37.5,187.5,YES,0.911426916062,0.0114269160624,18,1,4.2650685685,0.731966110596,False,False,False,187.5,37.5,37.5,0,True,0.73125,"min(187.5, realized_PEL4 + Stage89QG_DeltaP_from_realized)"
2052,3,19,-13,50,150,37.5,187.5,YES,0.905883997991,0.00588399799057,18,1,4.44553078244,0.760805100893,False,False,False,187.5,37.5,37.5,0,True,0.73125,"min(187.5, realized_PEL4 + Stage89QG_DeltaP_from_realized)"
2052,3,20,-12,63,150,0,150,NO,0.9,0,18,1,4.87591690154,0.838458765362,True,False,False,150,0,0,37.5,False,0,"min(187.5, realized_PEL4 + Stage89QG_DeltaP_from_realized)"
2052,3,21,-11,79,150,0,150,NO,0.9,0,18,1,4.95640698938,0.853440280584,True,False,False,150,0,0,37.5,False,0,"min(187.5, realized_PEL4 + Stage89QG_DeltaP_from_realized)"
2052,3,22,-10,93,150,0,150,NO,0.9,0,18,1,4.87591690154,0.838458765362,True,False,False,150,0,0,37.5,False,0,"min(187.5, realized_PEL4 + Stage89QG_DeltaP_from_realized)"
2052,3,23,-9,110,150,1.04591890704e-11,150,NO,0.9,0,18,1,4.83659842094,0.831134359092,True,False,False,150,1.04591890704e-11,1.04591890704e-11,37.5,False,2.03954186873e-13,"min(187.5, realized_PEL4 + Stage89QG_DeltaP_from_realized)"
2052,3,24,-8,126,150,37.5,187.5,YES,0.902159747587,0.00215974758658,18,1,4.58872925527,0.784780191142,False,False,False,187.5,37.5,37.5,0,True,0.73125,"min(187.5, realized_PEL4 + Stage89QG_DeltaP_from_realized)"
2052,4,25,-7,143,150,37.5,187.5,YES,0.911529629612,0.0115296296119,18,1,4.12988724534,0.703818310359,False,False,False,187.5,37.5,37.5,0,True,0.73125,"min(187.5, realized_PEL4 + Stage89QG_DeltaP_from_realized)"
2052,4,26,-6,246,150,37.5,187.5,YES,0.915515937765,0.0155159377646,18,1,3.93339839837,0.669120361452,False,False,False,187.5,37.5,37.5,0,True,0.73125,"min(187.5, realized_PEL4 + Stage89QG_DeltaP_from_realized)"
2052,4,27,-5,314,150,37.5,187.5,YES,0.916817228837,0.0168172288367,18,1,3.86909530341,0.657760776879,False,False,False,187.5,37.5,37.5,0,True,0.73125,"min(187.5, realized_PEL4 + Stage89QG_DeltaP_from_realized)"
2052,4,28,-4,389,150,37.5,187.5,YES,0.918140268862,0.0181402688616,18,1,3.80363727027,0.646194793909,False,False,False,187.5,37.5,37.5,0,True,0.73125,"min(187.5, realized_PEL4 + Stage89QG_DeltaP_from_realized)"
2052,4,29,-3,465,150,37.5,187.5,YES,0.918942607567,0.0189426075673,18,1,3.76390210657,0.63917264477,False,False,False,187.5,37.5,37.5,0,True,0.73125,"min(187.5, realized_PEL4 + Stage89QG_DeltaP_from_realized)"
2052,4,30,-2,511,150,37.5,187.5,YES,0.920780645829,0.0207806458285,18,1,3.6727647071,0.623062827971,False,False,False,187.5,37.5,37.5,0,True,0.73125,"min(187.5, realized_PEL4 + Stage89QG_DeltaP_from_realized)"
2052,4,31,-1,551,150,37.5,187.5,YES,0.922097999101,0.0220979991009,18,1,3.60735175534,0.611496845002,False,False,False,187.5,37.5,37.5,0,True,0.73125,"min(187.5, realized_PEL4 + Stage89QG_DeltaP_from_realized)"
2103,2,16,-16,27,150,37.5,187.5,YES,0.911989752435,0.0119897524348,18,1,4.35223994628,0.750857600964,False,False,False,187.5,37.5,37.5,0,True,0.73125,"min(187.5, realized_PEL4 + Stage89QG_DeltaP_from_realized)"
2103,3,17,-15,37,150,37.5,187.5,YES,0.91105167545,0.0110516754495,18,1,4.35433075652,0.749892361094,False,False,False,187.5,37.5,37.5,0,True,0.73125,"min(187.5, realized_PEL4 + Stage89QG_DeltaP_from_realized)"
2103,3,18,-14,42,150,37.5,187.5,YES,0.911426916062,0.0114269160624,18,1,4.2650685685,0.731966110596,False,False,False,187.5,37.5,37.5,0,True,0.73125,"min(187.5, realized_PEL4 + Stage89QG_DeltaP_from_realized)"
2103,3,19,-13,50,150,37.5,187.5,YES,0.905883997991,0.00588399799057,18,1,4.44553078244,0.760805100893,False,False,False,187.5,37.5,37.5,0,True,0.73125,"min(187.5, realized_PEL4 + Stage89QG_DeltaP_from_realized)"
2103,3,20,-12,62,150,0,150,NO,0.9,0,18,1,4.87591690154,0.838458765362,True,False,False,150,0,0,37.5,False,0,"min(187.5, realized_PEL4 + Stage89QG_DeltaP_from_realized)"
2103,3,21,-11,79,150,0,150,NO,0.9,0,18,1,4.95640698938,0.853440280584,True,False,False,150,0,0,37.5,False,0,"min(187.5, realized_PEL4 + Stage89QG_DeltaP_from_realized)"
2103,3,22,-10,93,150,0,150,NO,0.9,0,18,1,4.87591690154,0.838458765362,True,False,False,150,0,0,37.5,False,0,"min(187.5, realized_PEL4 + Stage89QG_DeltaP_from_realized)"
2103,3,23,-9,112,150,5.00222085975e-12,150,NO,0.9,0,18,1,4.83659842094,0.831134359092,True,False,False,150,5.00222085975e-12,5.00222085975e-12,37.5,False,9.75433067651e-14,"min(187.5, realized_PEL4 + Stage89QG_DeltaP_from_realized)"
2103,3,24,-8,126,150,37.5,187.5,YES,0.902159747587,0.00215974758658,18,1,4.58872925527,0.784780191142,False,False,False,187.5,37.5,37.5,0,True,0.73125,"min(187.5, realized_PEL4 + Stage89QG_DeltaP_from_realized)"
2103,4,25,-7,143,150,37.5,187.5,YES,0.911529629612,0.0115296296119,18,1,4.12988724534,0.703818310359,False,False,False,187.5,37.5,37.5,0,True,0.73125,"min(187.5, realized_PEL4 + Stage89QG_DeltaP_from_realized)"
2103,4,26,-6,246,150,37.5,187.5,YES,0.915515937765,0.0155159377646,18,1,3.93339839837,0.669120361452,False,False,False,187.5,37.5,37.5,0,True,0.73125,"min(187.5, realized_PEL4 + Stage89QG_DeltaP_from_realized)"
2103,4,27,-5,314,150,37.5,187.5,YES,0.916817228837,0.0168172288367,18,1,3.86909530341,0.657760776879,False,False,False,187.5,37.5,37.5,0,True,0.73125,"min(187.5, realized_PEL4 + Stage89QG_DeltaP_from_realized)"
2103,4,28,-4,389,150,37.5,187.5,YES,0.918140268862,0.0181402688616,18,1,3.80363727027,0.646194793909,False,False,False,187.5,37.5,37.5,0,True,0.73125,"min(187.5, realized_PEL4 + Stage89QG_DeltaP_from_realized)"
2103,4,29,-3,465,150,37.5,187.5,YES,0.918942607567,0.0189426075673,18,1,3.76390210657,0.63917264477,False,False,False,187.5,37.5,37.5,0,True,0.73125,"min(187.5, realized_PEL4 + Stage89QG_DeltaP_from_realized)"
2103,4,30,-2,511,150,37.5,187.5,YES,0.920780645829,0.0207806458285,18,1,3.6727647071,0.623062827971,False,False,False,187.5,37.5,37.5,0,True,0.73125,"min(187.5, realized_PEL4 + Stage89QG_DeltaP_from_realized)"
2103,4,31,-1,551,150,37.5,187.5,YES,0.922097999101,0.0220979991009,18,1,3.60735175534,0.611496845002,False,False,False,187.5,37.5,37.5,0,True,0.73125,"min(187.5, realized_PEL4 + Stage89QG_DeltaP_from_realized)"
2435,2,16,-16,27,150,37.5,187.5,YES,0.911989752435,0.0119897524348,18,1,4.35223994628,0.750857600964,False,False,False,187.5,37.5,37.5,0,True,0.73125,"min(187.5, realized_PEL4 + Stage89QG_DeltaP_from_realized)"
2435,3,17,-15,37,150,37.5,187.5,YES,0.91105167545,0.0110516754495,18,1,4.35433075652,0.749892361094,False,False,False,187.5,37.5,37.5,0,True,0.73125,"min(187.5, realized_PEL4 + Stage89QG_DeltaP_from_realized)"
2435,3,18,-14,42,150,37.5,187.5,YES,0.911426916062,0.0114269160624,18,1,4.2650685685,0.731966110596,False,False,False,187.5,37.5,37.5,0,True,0.73125,"min(187.5, realized_PEL4 + Stage89QG_DeltaP_from_realized)"
2435,3,19,-13,50,150,37.5,187.5,YES,0.905883997991,0.00588399799057,18,1,4.44553078244,0.760805100893,False,False,False,187.5,37.5,37.5,0,True,0.73125,"min(187.5, realized_PEL4 + Stage89QG_DeltaP_from_realized)"
2435,3,20,-12,61,150,0,150,NO,0.9,0,18,1,4.87591690154,0.838458765362,True,False,False,150,0,0,37.5,False,0,"min(187.5, realized_PEL4 + Stage89QG_DeltaP_from_realized)"
2435,3,21,-11,78,150,2.72848410532e-12,150,NO,0.9,0,18,1,4.95640698938,0.853440280584,True,False,False,150,2.72848410532e-12,2.72848410532e-12,37.5,False,5.32054400537e-14,"min(187.5, realized_PEL4 + Stage89QG_DeltaP_from_realized)"
2435,3,22,-10,92,150,0,150,NO,0.9,0,18,1,4.87591690154,0.838458765362,True,False,False,150,0,0,37.5,False,0,"min(187.5, realized_PEL4 + Stage89QG_DeltaP_from_realized)"
2435,3,23,-9,115,150,0,150,NO,0.9,0,18,1,4.83659842094,0.831134359092,True,False,False,150,0,0,37.5,False,0,"min(187.5, realized_PEL4 + Stage89QG_DeltaP_from_realized)"
2435,3,24,-8,126,150,37.5,187.5,YES,0.902159747587,0.00215974758658,18,1,4.58872925527,0.784780191142,False,False,False,187.5,37.5,37.5,0,True,0.73125,"min(187.5, realized_PEL4 + Stage89QG_DeltaP_from_realized)"
2435,4,25,-7,143,150,37.5,187.5,YES,0.911529629612,0.0115296296119,18,1,4.12988724534,0.703818310359,False,False,False,187.5,37.5,37.5,0,True,0.73125,"min(187.5, realized_PEL4 + Stage89QG_DeltaP_from_realized)"
2435,4,26,-6,246,150,37.5,187.5,YES,0.915515937765,0.0155159377646,18,1,3.93339839837,0.669120361452,False,False,False,187.5,37.5,37.5,0,True,0.73125,"min(187.5, realized_PEL4 + Stage89QG_DeltaP_from_realized)"
2435,4,27,-5,314,150,37.5,187.5,YES,0.916817228837,0.0168172288367,18,1,3.86909530341,0.657760776879,False,False,False,187.5,37.5,37.5,0,True,0.73125,"min(187.5, realized_PEL4 + Stage89QG_DeltaP_from_realized)"
2435,4,28,-4,389,150,37.5,187.5,YES,0.918140268862,0.0181402688616,18,1,3.80363727027,0.646194793909,False,False,False,187.5,37.5,37.5,0,True,0.73125,"min(187.5, realized_PEL4 + Stage89QG_DeltaP_from_realized)"
2435,4,29,-3,465,150,37.5,187.5,YES,0.918942607567,0.0189426075673,18,1,3.76390210657,0.63917264477,False,False,False,187.5,37.5,37.5,0,True,0.73125,"min(187.5, realized_PEL4 + Stage89QG_DeltaP_from_realized)"
2435,4,30,-2,511,150,37.5,187.5,YES,0.920780645829,0.0207806458285,18,1,3.6727647071,0.623062827971,False,False,False,187.5,37.5,37.5,0,True,0.73125,"min(187.5, realized_PEL4 + Stage89QG_DeltaP_from_realized)"
2435,4,31,-1,551,150,37.5,187.5,YES,0.922097999101,0.0220979991009,18,1,3.60735175534,0.611496845002,False,False,False,187.5,37.5,37.5,0,True,0.73125,"min(187.5, realized_PEL4 + Stage89QG_DeltaP_from_realized)"
2467,2,16,-16,27,150,37.5,187.5,YES,0.911989752435,0.0119897524348,18,1,4.35223994628,0.750857600964,False,False,False,187.5,37.5,37.5,0,True,0.73125,"min(187.5, realized_PEL4 + Stage89QG_DeltaP_from_realized)"
2467,3,17,-15,37,150,37.5,187.5,YES,0.91105167545,0.0110516754495,18,1,4.35433075652,0.749892361094,False,False,False,187.5,37.5,37.5,0,True,0.73125,"min(187.5, realized_PEL4 + Stage89QG_DeltaP_from_realized)"
2467,3,18,-14,41,150,37.5,187.5,YES,0.920466566085,0.0204665660855,18,1,4.15855435713,0.716658773302,False,False,False,187.5,37.5,37.5,0,True,0.73125,"min(187.5, realized_PEL4 + Stage89QG_DeltaP_from_realized)"
2467,3,19,-13,48,150,37.5,187.5,YES,0.922789623593,0.0227896235926,33,1,4.16177016127,0.719985534774,False,False,False,187.5,37.5,37.5,0,True,0.73125,"min(187.5, realized_PEL4 + Stage89QG_DeltaP_from_realized)"
2467,3,20,-12,56,150,37.5,187.5,YES,0.912617217452,0.0126172174515,33,1,4.68502435835,0.810878207528,False,False,False,187.5,37.5,37.5,0,True,0.73125,"min(187.5, realized_PEL4 + Stage89QG_DeltaP_from_realized)"
2467,3,21,-11,73,150,37.5,187.5,YES,0.910561776359,0.0105617763587,33,1,4.79072084868,0.829466339636,False,False,False,187.5,37.5,37.5,0,True,0.73125,"min(187.5, realized_PEL4 + Stage89QG_DeltaP_from_realized)"
2467,3,22,-10,89,150,37.5,187.5,YES,0.903551745072,0.00355174507236,18,1,4.86152788765,0.836390436351,False,False,False,187.5,37.5,37.5,0,True,0.73125,"min(187.5, realized_PEL4 + Stage89QG_DeltaP_from_realized)"
2467,3,23,-9,115,150,0,150,NO,0.9,0,18,1,4.83659842094,0.831134359092,True,False,False,150,0,0,37.5,False,0,"min(187.5, realized_PEL4 + Stage89QG_DeltaP_from_realized)"
2467,3,24,-8,126,150,37.5,187.5,YES,0.902159747587,0.00215974758658,18,1,4.58872925527,0.784780191142,False,False,False,187.5,37.5,37.5,0,True,0.73125,"min(187.5, realized_PEL4 + Stage89QG_DeltaP_from_realized)"
2467,4,25,-7,143,150,37.5,187.5,YES,0.911529629612,0.0115296296119,18,1,4.12988724534,0.703818310359,False,False,False,187.5,37.5,37.5,0,True,0.73125,"min(187.5, realized_PEL4 + Stage89QG_DeltaP_from_realized)"
2467,4,26,-6,246,150,37.5,187.5,YES,0.915515937765,0.0155159377646,18,1,3.93339839837,0.669120361452,False,False,False,187.5,37.5,37.5,0,True,0.73125,"min(187.5, realized_PEL4 + Stage89QG_DeltaP_from_realized)"
2467,4,27,-5,314,150,37.5,187.5,YES,0.916817228837,0.0168172288367,18,1,3.86909530341,0.657760776879,False,False,False,187.5,37.5,37.5,0,True,0.73125,"min(187.5, realized_PEL4 + Stage89QG_DeltaP_from_realized)"
2467,4,28,-4,389,150,37.5,187.5,YES,0.918140268862,0.0181402688616,18,1,3.80363727027,0.646194793909,False,False,False,187.5,37.5,37.5,0,True,0.73125,"min(187.5, realized_PEL4 + Stage89QG_DeltaP_from_realized)"
2467,4,29,-3,465,150,37.5,187.5,YES,0.918942607567,0.0189426075673,18,1,3.76390210657,0.63917264477,False,False,False,187.5,37.5,37.5,0,True,0.73125,"min(187.5, realized_PEL4 + Stage89QG_DeltaP_from_realized)"
2467,4,30,-2,511,150,37.5,187.5,YES,0.920780645829,0.0207806458285,18,1,3.6727647071,0.623062827971,False,False,False,187.5,37.5,37.5,0,True,0.73125,"min(187.5, realized_PEL4 + Stage89QG_DeltaP_from_realized)"
2467,4,31,-1,551,150,37.5,187.5,YES,0.922097999101,0.0220979991009,18,1,3.60735175534,0.611496845002,False,False,False,187.5,37.5,37.5,0,True,0.73125,"min(187.5, realized_PEL4 + Stage89QG_DeltaP_from_realized)"
2501,3,24,-16,126,150,37.5,187.5,YES,0.902159747587,0.00215974758658,18,1,4.58872925527,0.784780191142,False,False,False,187.5,37.5,37.5,0,True,0.73125,"min(187.5, realized_PEL4 + Stage89QG_DeltaP_from_realized)"
2501,4,25,-15,143,150,37.5,187.5,YES,0.911529629612,0.0115296296119,18,1,4.12988724534,0.703818310359,False,False,False,187.5,37.5,37.5,0,True,0.73125,"min(187.5, realized_PEL4 + Stage89QG_DeltaP_from_realized)"
2501,4,26,-14,246,150,37.5,187.5,YES,0.915515937765,0.0155159377646,18,1,3.93339839837,0.669120361452,False,False,False,187.5,37.5,37.5,0,True,0.73125,"min(187.5, realized_PEL4 + Stage89QG_DeltaP_from_realized)"
2501,4,27,-13,314,150,37.5,187.5,YES,0.916817228837,0.0168172288367,18,1,3.86909530341,0.657760776879,False,False,False,187.5,37.5,37.5,0,True,0.73125,"min(187.5, realized_PEL4 + Stage89QG_DeltaP_from_realized)"
2501,4,28,-12,389,150,37.5,187.5,YES,0.918140268862,0.0181402688616,18,1,3.80363727027,0.646194793909,False,False,False,187.5,37.5,37.5,0,True,0.73125,"min(187.5, realized_PEL4 + Stage89QG_DeltaP_from_realized)"
2501,4,29,-11,465,150,37.5,187.5,YES,0.918942607567,0.0189426075673,18,1,3.76390210657,0.63917264477,False,False,False,187.5,37.5,37.5,0,True,0.73125,"min(187.5, realized_PEL4 + Stage89QG_DeltaP_from_realized)"
2501,4,30,-10,511,150,37.5,187.5,YES,0.920780645829,0.0207806458285,18,1,3.6727647071,0.623062827971,False,False,False,187.5,37.5,37.5,0,True,0.73125,"min(187.5, realized_PEL4 + Stage89QG_DeltaP_from_realized)"
2501,4,31,-9,551,150,37.5,187.5,YES,0.922097999101,0.0220979991009,18,1,3.60735175534,0.611496845002,False,False,False,187.5,37.5,37.5,0,True,0.73125,"min(187.5, realized_PEL4 + Stage89QG_DeltaP_from_realized)"
2501,4,32,-8,570,150,37.5,187.5,YES,0.918140268862,0.0181402688616,18,1,3.80363727027,0.646194793909,False,False,False,187.5,37.5,37.5,0,True,0.73125,"min(187.5, realized_PEL4 + Stage89QG_DeltaP_from_realized)"
2501,5,33,-7,661,150,37.5,187.5,YES,0.910376134915,0.0103761349146,18,1,4.19751463833,0.716128640029,False,False,False,187.5,37.5,37.5,0,True,0.73125,"min(187.5, realized_PEL4 + Stage89QG_DeltaP_from_realized)"
2501,5,34,-6,728,150,37.5,187.5,YES,0.911208561254,0.0112085612539,18,1,4.1772092306,0.713244227439,False,False,False,187.5,37.5,37.5,0,True,0.73125,"min(187.5, realized_PEL4 + Stage89QG_DeltaP_from_realized)"
2501,5,35,-5,761,150,37.5,187.5,YES,0.908994613221,0.00899461322104,18,1,4.32397826579,0.740388819869,False,False,False,187.5,37.5,37.5,0,True,0.73125,"min(187.5, realized_PEL4 + Stage89QG_DeltaP_from_realized)"
2501,5,36,-4,785,150,37.5,187.5,YES,0.90866776765,0.00866776765037,18,1,4.39857219561,0.755414734318,False,False,False,187.5,37.5,37.5,0,True,0.73125,"min(187.5, realized_PEL4 + Stage89QG_DeltaP_from_realized)"
2501,5,37,-3,812,150,37.5,187.5,YES,0.908669345026,0.00866934502622,18,1,4.43203469175,0.762357187082,False,False,False,187.5,37.5,37.5,0,True,0.73125,"min(187.5, realized_PEL4 + Stage89QG_DeltaP_from_realized)"
2501,5,38,-2,840,150,37.5,187.5,YES,0.909662404328,0.00966240432792,18,1,4.46895359458,0.771453343297,False,False,False,187.5,37.5,37.5,0,True,0.73125,"min(187.5, realized_PEL4 + Stage89QG_DeltaP_from_realized)"
2501,5,39,-1,883,150,37.5,187.5,YES,0.913552226656,0.0135522266557,18,1,4.31473208467,0.745431762187,False,False,False,187.5,37.5,37.5,0,True,0.73125,"min(187.5, realized_PEL4 + Stage89QG_DeltaP_from_realized)"
3269,4,32,-16,570,150,37.5,187.5,YES,0.918140268862,0.0181402688616,18,1,3.80363727027,0.646194793909,False,False,False,187.5,37.5,37.5,0,True,0.73125,"min(187.5, realized_PEL4 + Stage89QG_DeltaP_from_realized)"
3269,5,33,-15,661,150,37.5,187.5,YES,0.910376134915,0.0103761349146,18,1,4.19751463833,0.716128640029,False,False,False,187.5,37.5,37.5,0,True,0.73125,"min(187.5, realized_PEL4 + Stage89QG_DeltaP_from_realized)"
3269,5,34,-14,728,150,37.5,187.5,YES,0.911208561254,0.0112085612539,18,1,4.1772092306,0.713244227439,False,False,False,187.5,37.5,37.5,0,True,0.73125,"min(187.5, realized_PEL4 + Stage89QG_DeltaP_from_realized)"
3269,5,35,-13,761,150,37.5,187.5,YES,0.908994613221,0.00899461322104,18,1,4.32397826579,0.740388819869,False,False,False,187.5,37.5,37.5,0,True,0.73125,"min(187.5, realized_PEL4 + Stage89QG_DeltaP_from_realized)"
3269,5,36,-12,785,150,37.5,187.5,YES,0.90866776765,0.00866776765037,18,1,4.39857219561,0.755414734318,False,False,False,187.5,37.5,37.5,0,True,0.73125,"min(187.5, realized_PEL4 + Stage89QG_DeltaP_from_realized)"
3269,5,37,-11,812,150,37.5,187.5,YES,0.908669345026,0.00866934502622,18,1,4.43203469175,0.762357187082,False,False,False,187.5,37.5,37.5,0,True,0.73125,"min(187.5, realized_PEL4 + Stage89QG_DeltaP_from_realized)"
3269,5,38,-10,840,150,37.5,187.5,YES,0.909662404328,0.00966240432792,18,1,4.46895359458,0.771453343297,False,False,False,187.5,37.5,37.5,0,True,0.73125,"min(187.5, realized_PEL4 + Stage89QG_DeltaP_from_realized)"
3269,5,39,-9,883,150,37.5,187.5,YES,0.913552226656,0.0135522266557,18,1,4.31473208467,0.745431762187,False,False,False,187.5,37.5,37.5,0,True,0.73125,"min(187.5, realized_PEL4 + Stage89QG_DeltaP_from_realized)"
3269,5,40,-8,957,150,37.5,187.5,YES,0.911989752435,0.0119897524348,18,1,4.35223994628,0.750857600964,False,False,False,187.5,37.5,37.5,0,True,0.73125,"min(187.5, realized_PEL4 + Stage89QG_DeltaP_from_realized)"
3269,6,41,-7,993,150,37.5,187.5,YES,0.91105167545,0.0110516754495,18,1,4.35433075652,0.749892361094,False,False,False,187.5,37.5,37.5,0,True,0.73125,"min(187.5, realized_PEL4 + Stage89QG_DeltaP_from_realized)"
3269,6,42,-6,1029,150,37.5,187.5,YES,0.911426916062,0.0114269160624,18,1,4.2650685685,0.731966110596,False,False,False,187.5,37.5,37.5,0,True,0.73125,"min(187.5, realized_PEL4 + Stage89QG_DeltaP_from_realized)"
3269,6,43,-5,1056,150,37.5,187.5,YES,0.905883997991,0.00588399799057,18,1,4.44553078244,0.760805100893,False,False,False,187.5,37.5,37.5,0,True,0.73125,"min(187.5, realized_PEL4 + Stage89QG_DeltaP_from_realized)"
3269,6,44,-4,1080,150,0,150,NO,0.9,0,18,1,4.87591690154,0.838458765362,True,False,False,150,0,0,37.5,False,0,"min(187.5, realized_PEL4 + Stage89QG_DeltaP_from_realized)"
3269,6,45,-3,1107,150,0,150,NO,0.9,0,18,1,4.95640698938,0.853440280584,True,False,False,150,0,0,37.5,False,0,"min(187.5, realized_PEL4 + Stage89QG_DeltaP_from_realized)"
3269,6,46,-2,1148,150,0,150,NO,0.9,0,18,1,4.87591690154,0.838458765362,True,False,False,150,0,0,37.5,False,0,"min(187.5, realized_PEL4 + Stage89QG_DeltaP_from_realized)"
3269,6,47,-1,1194,150,5.00222085975e-12,150,NO,0.9,0,18,1,4.83659842094,0.831134359092,True,False,False,150,5.00222085975e-12,5.00222085975e-12,37.5,False,9.75433067651e-14,"min(187.5, realized_PEL4 + Stage89QG_DeltaP_from_realized)"
3349,2,16,-16,27,150,37.5,187.5,YES,0.911989752435,0.0119897524348,18,1,4.35223994628,0.750857600964,False,False,False,187.5,37.5,37.5,0,True,0.73125,"min(187.5, realized_PEL4 + Stage89QG_DeltaP_from_realized)"
3349,3,17,-15,37,150,37.5,187.5,YES,0.91105167545,0.0110516754495,18,1,4.35433075652,0.749892361094,False,False,False,187.5,37.5,37.5,0,True,0.73125,"min(187.5, realized_PEL4 + Stage89QG_DeltaP_from_realized)"
3349,3,18,-14,42,150,37.5,187.5,YES,0.911426916062,0.0114269160624,18,1,4.2650685685,0.731966110596,False,False,False,187.5,37.5,37.5,0,True,0.73125,"min(187.5, realized_PEL4 + Stage89QG_DeltaP_from_realized)"
3349,3,19,-13,50,150,37.5,187.5,YES,0.905883997991,0.00588399799057,18,1,4.44553078244,0.760805100893,False,False,False,187.5,37.5,37.5,0,True,0.73125,"min(187.5, realized_PEL4 + Stage89QG_DeltaP_from_realized)"
3349,3,20,-12,62,150,0,150,NO,0.9,0,18,1,4.87591690154,0.838458765362,True,False,False,150,0,0,37.5,False,0,"min(187.5, realized_PEL4 + Stage89QG_DeltaP_from_realized)"
3349,3,21,-11,79,150,0,150,NO,0.9,0,18,1,4.95640698938,0.853440280584,True,False,False,150,0,0,37.5,False,0,"min(187.5, realized_PEL4 + Stage89QG_DeltaP_from_realized)"
3349,3,22,-10,93,150,0,150,NO,0.9,0,18,1,4.87591690154,0.838458765362,True,False,False,150,0,0,37.5,False,0,"min(187.5, realized_PEL4 + Stage89QG_DeltaP_from_realized)"
3349,3,23,-9,112,150,5.00222085975e-12,150,NO,0.9,0,18,1,4.83659842094,0.831134359092,True,False,False,150,5.00222085975e-12,5.00222085975e-12,37.5,False,9.75433067651e-14,"min(187.5, realized_PEL4 + Stage89QG_DeltaP_from_realized)"
3349,3,24,-8,126,150,37.5,187.5,YES,0.902159747587,0.00215974758658,18,1,4.58872925527,0.784780191142,False,False,False,187.5,37.5,37.5,0,True,0.73125,"min(187.5, realized_PEL4 + Stage89QG_DeltaP_from_realized)"
3349,4,25,-7,143,150,37.5,187.5,YES,0.911529629612,0.0115296296119,18,1,4.12988724534,0.703818310359,False,False,False,187.5,37.5,37.5,0,True,0.73125,"min(187.5, realized_PEL4 + Stage89QG_DeltaP_from_realized)"
3349,4,26,-6,246,150,37.5,187.5,YES,0.915515937765,0.0155159377646,18,1,3.93339839837,0.669120361452,False,False,False,187.5,37.5,37.5,0,True,0.73125,"min(187.5, realized_PEL4 + Stage89QG_DeltaP_from_realized)"
3349,4,27,-5,314,150,37.5,187.5,YES,0.916817228837,0.0168172288367,18,1,3.86909530341,0.657760776879,False,False,False,187.5,37.5,37.5,0,True,0.73125,"min(187.5, realized_PEL4 + Stage89QG_DeltaP_from_realized)"
3349,4,28,-4,389,150,37.5,187.5,YES,0.918140268862,0.0181402688616,18,1,3.80363727027,0.646194793909,False,False,False,187.5,37.5,37.5,0,True,0.73125,"min(187.5, realized_PEL4 + Stage89QG_DeltaP_from_realized)"
3349,4,29,-3,465,150,37.5,187.5,YES,0.918942607567,0.0189426075673,18,1,3.76390210657,0.63917264477,False,False,False,187.5,37.5,37.5,0,True,0.73125,"min(187.5, realized_PEL4 + Stage89QG_DeltaP_from_realized)"
3349,4,30,-2,511,150,37.5,187.5,YES,0.920780645829,0.0207806458285,18,1,3.6727647071,0.623062827971,False,False,False,187.5,37.5,37.5,0,True,0.73125,"min(187.5, realized_PEL4 + Stage89QG_DeltaP_from_realized)"
3349,4,31,-1,551,150,37.5,187.5,YES,0.922097999101,0.0220979991009,18,1,3.60735175534,0.611496845002,False,False,False,187.5,37.5,37.5,0,True,0.73125,"min(187.5, realized_PEL4 + Stage89QG_DeltaP_from_realized)"
3381,2,16,-16,26,0,187.5,187.5,YES,0.926051161147,0.0260511611468,33,1,3.81596747025,0.67176969161,False,False,False,187.5,37.5,37.5,0,True,0.73125,"min(187.5, realized_PEL4 + Stage89QG_DeltaP_from_realized)"
3381,3,17,-15,37,150,37.5,187.5,YES,0.91105167545,0.0110516754495,18,1,4.35433075652,0.749892361094,False,False,False,187.5,37.5,37.5,0,True,0.73125,"min(187.5, realized_PEL4 + Stage89QG_DeltaP_from_realized)"
3381,3,18,-14,42,150,37.5,187.5,YES,0.911426916062,0.0114269160624,18,1,4.2650685685,0.731966110596,False,False,False,187.5,37.5,37.5,0,True,0.73125,"min(187.5, realized_PEL4 + Stage89QG_DeltaP_from_realized)"
3381,3,19,-13,50,150,37.5,187.5,YES,0.905883997991,0.00588399799057,18,1,4.44553078244,0.760805100893,False,False,False,187.5,37.5,37.5,0,True,0.73125,"min(187.5, realized_PEL4 + Stage89QG_DeltaP_from_realized)"
3381,3,20,-12,63,150,0,150,NO,0.9,0,18,1,4.87591690154,0.838458765362,True,False,False,150,0,0,37.5,False,0,"min(187.5, realized_PEL4 + Stage89QG_DeltaP_from_realized)"
3381,3,21,-11,79,150,0,150,NO,0.9,0,18,1,4.95640698938,0.853440280584,True,False,False,150,0,0,37.5,False,0,"min(187.5, realized_PEL4 + Stage89QG_DeltaP_from_realized)"
3381,3,22,-10,93,150,0,150,NO,0.9,0,18,1,4.87591690154,0.838458765362,True,False,False,150,0,0,37.5,False,0,"min(187.5, realized_PEL4 + Stage89QG_DeltaP_from_realized)"
3381,3,23,-9,110,150,1.04591890704e-11,150,NO,0.9,0,18,1,4.83659842094,0.831134359092,True,False,False,150,1.04591890704e-11,1.04591890704e-11,37.5,False,2.03954186873e-13,"min(187.5, realized_PEL4 + Stage89QG_DeltaP_from_realized)"
3381,3,24,-8,126,150,37.5,187.5,YES,0.902159747587,0.00215974758658,18,1,4.58872925527,0.784780191142,False,False,False,187.5,37.5,37.5,0,True,0.73125,"min(187.5, realized_PEL4 + Stage89QG_DeltaP_from_realized)"
3381,4,25,-7,143,150,37.5,187.5,YES,0.911529629612,0.0115296296119,18,1,4.12988724534,0.703818310359,False,False,False,187.5,37.5,37.5,0,True,0.73125,"min(187.5, realized_PEL4 + Stage89QG_DeltaP_from_realized)"
3381,4,26,-6,246,150,37.5,187.5,YES,0.915515937765,0.0155159377646,18,1,3.93339839837,0.669120361452,False,False,False,187.5,37.5,37.5,0,True,0.73125,"min(187.5, realized_PEL4 + Stage89QG_DeltaP_from_realized)"
3381,4,27,-5,314,150,37.5,187.5,YES,0.916817228837,0.0168172288367,18,1,3.86909530341,0.657760776879,False,False,False,187.5,37.5,37.5,0,True,0.73125,"min(187.5, realized_PEL4 + Stage89QG_DeltaP_from_realized)"
3381,4,28,-4,389,150,37.5,187.5,YES,0.918140268862,0.0181402688616,18,1,3.80363727027,0.646194793909,False,False,False,187.5,37.5,37.5,0,True,0.73125,"min(187.5, realized_PEL4 + Stage89QG_DeltaP_from_realized)"
3381,4,29,-3,465,150,37.5,187.5,YES,0.918942607567,0.0189426075673,18,1,3.76390210657,0.63917264477,False,False,False,187.5,37.5,37.5,0,True,0.73125,"min(187.5, realized_PEL4 + Stage89QG_DeltaP_from_realized)"
3381,4,30,-2,511,150,37.5,187.5,YES,0.920780645829,0.0207806458285,18,1,3.6727647071,0.623062827971,False,False,False,187.5,37.5,37.5,0,True,0.73125,"min(187.5, realized_PEL4 + Stage89QG_DeltaP_from_realized)"
3381,4,31,-1,551,150,37.5,187.5,YES,0.922097999101,0.0220979991009,18,1,3.60735175534,0.611496845002,False,False,False,187.5,37.5,37.5,0,True,0.73125,"min(187.5, realized_PEL4 + Stage89QG_DeltaP_from_realized)"
3951,1,8,-16,8,150,37.5,187.5,YES,0.935040296279,0.0350402962792,33,1,3.51710903473,0.605375227791,False,False,False,187.5,37.5,37.5,0,True,0.73125,"min(187.5, realized_PEL4 + Stage89QG_DeltaP_from_realized)"
3951,2,9,-15,13,150,37.5,187.5,YES,0.910376134915,0.0103761349146,18,1,4.19751463833,0.716128640029,False,False,False,187.5,37.5,37.5,0,True,0.73125,"min(187.5, realized_PEL4 + Stage89QG_DeltaP_from_realized)"
3951,2,10,-14,15,150,37.5,187.5,YES,0.911208561254,0.0112085612539,18,1,4.1772092306,0.713244227439,False,False,False,187.5,37.5,37.5,0,True,0.73125,"min(187.5, realized_PEL4 + Stage89QG_DeltaP_from_realized)"
3951,2,11,-13,17,150,37.5,187.5,YES,0.908994613221,0.00899461322104,18,1,4.32397826579,0.740388819869,False,False,False,187.5,37.5,37.5,0,True,0.73125,"min(187.5, realized_PEL4 + Stage89QG_DeltaP_from_realized)"
3951,2,12,-12,19,150,37.5,187.5,YES,0.90866776765,0.00866776765037,18,1,4.39857219561,0.755414734318,False,False,False,187.5,37.5,37.5,0,True,0.73125,"min(187.5, realized_PEL4 + Stage89QG_DeltaP_from_realized)"
3951,2,13,-11,21,150,37.5,187.5,YES,0.908669345026,0.00866934502622,18,1,4.43203469175,0.762357187082,False,False,False,187.5,37.5,37.5,0,True,0.73125,"min(187.5, realized_PEL4 + Stage89QG_DeltaP_from_realized)"
3951,2,14,-10,23,150,37.5,187.5,YES,0.909662404328,0.00966240432792,18,1,4.46895359458,0.771453343297,False,False,False,187.5,37.5,37.5,0,True,0.73125,"min(187.5, realized_PEL4 + Stage89QG_DeltaP_from_realized)"
3951,2,15,-9,25,150,37.5,187.5,YES,0.913552226656,0.0135522266557,18,1,4.31473208467,0.745431762187,False,False,False,187.5,37.5,37.5,0,True,0.73125,"min(187.5, realized_PEL4 + Stage89QG_DeltaP_from_realized)"
3951,2,16,-8,27,150,37.5,187.5,YES,0.911989752435,0.0119897524348,18,1,4.35223994628,0.750857600964,False,False,False,187.5,37.5,37.5,0,True,0.73125,"min(187.5, realized_PEL4 + Stage89QG_DeltaP_from_realized)"
3951,3,17,-7,36,150,37.5,187.5,YES,0.920095012103,0.0200950121034,18,1,4.24842842336,0.7345850238,False,False,False,187.5,37.5,37.5,0,True,0.73125,"min(187.5, realized_PEL4 + Stage89QG_DeltaP_from_realized)"
3951,3,18,-6,41,150,37.5,187.5,YES,0.920466566085,0.0204665660855,18,1,4.15855435713,0.716658773302,False,False,False,187.5,37.5,37.5,0,True,0.73125,"min(187.5, realized_PEL4 + Stage89QG_DeltaP_from_realized)"
3951,3,19,-5,48,150,37.5,187.5,YES,0.922789623593,0.0227896235926,33,1,4.16177016127,0.719985534774,False,False,False,187.5,37.5,37.5,0,True,0.73125,"min(187.5, realized_PEL4 + Stage89QG_DeltaP_from_realized)"
3951,3,20,-4,55,0,187.5,187.5,YES,0.912617217452,0.0126172174515,33,1,4.68502435835,0.810878207528,False,False,False,187.5,37.5,37.5,0,True,0.73125,"min(187.5, realized_PEL4 + Stage89QG_DeltaP_from_realized)"
3951,3,21,-3,72,60.9344548861,126.565545114,187.5,YES,0.910561776359,0.0105617763587,33,1,4.79072084868,0.829466339636,False,False,False,187.5,37.5,37.5,0,True,0.73125,"min(187.5, realized_PEL4 + Stage89QG_DeltaP_from_realized)"
3951,3,22,-2,89,150,37.5,187.5,YES,0.903551745072,0.00355174507236,18,1,4.86152788765,0.836390436351,False,False,False,187.5,37.5,37.5,0,True,0.73125,"min(187.5, realized_PEL4 + Stage89QG_DeltaP_from_realized)"
3951,3,23,-1,110,150,1.04591890704e-11,150,NO,0.9,0,18,1,4.83659842094,0.831134359092,True,False,False,150,1.04591890704e-11,1.04591890704e-11,37.5,False,2.03954186873e-13,"min(187.5, realized_PEL4 + Stage89QG_DeltaP_from_realized)"
3997,1,8,-16,8,150,37.5,187.5,YES,0.935040296279,0.0350402962792,33,1,3.51710903473,0.605375227791,False,False,False,187.5,37.5,37.5,0,True,0.73125,"min(187.5, realized_PEL4 + Stage89QG_DeltaP_from_realized)"
3997,2,9,-15,13,150,37.5,187.5,YES,0.910376134915,0.0103761349146,18,1,4.19751463833,0.716128640029,False,False,False,187.5,37.5,37.5,0,True,0.73125,"min(187.5, realized_PEL4 + Stage89QG_DeltaP_from_realized)"
3997,2,10,-14,15,150,37.5,187.5,YES,0.911208561254,0.0112085612539,18,1,4.1772092306,0.713244227439,False,False,False,187.5,37.5,37.5,0,True,0.73125,"min(187.5, realized_PEL4 + Stage89QG_DeltaP_from_realized)"
3997,2,11,-13,17,150,37.5,187.5,YES,0.908994613221,0.00899461322104,18,1,4.32397826579,0.740388819869,False,False,False,187.5,37.5,37.5,0,True,0.73125,"min(187.5, realized_PEL4 + Stage89QG_DeltaP_from_realized)"
3997,2,12,-12,19,150,37.5,187.5,YES,0.90866776765,0.00866776765037,18,1,4.39857219561,0.755414734318,False,False,False,187.5,37.5,37.5,0,True,0.73125,"min(187.5, realized_PEL4 + Stage89QG_DeltaP_from_realized)"
3997,2,13,-11,21,150,37.5,187.5,YES,0.908669345026,0.00866934502622,18,1,4.43203469175,0.762357187082,False,False,False,187.5,37.5,37.5,0,True,0.73125,"min(187.5, realized_PEL4 + Stage89QG_DeltaP_from_realized)"
3997,2,14,-10,23,150,37.5,187.5,YES,0.909662404328,0.00966240432792,18,1,4.46895359458,0.771453343297,False,False,False,187.5,37.5,37.5,0,True,0.73125,"min(187.5, realized_PEL4 + Stage89QG_DeltaP_from_realized)"
3997,2,15,-9,25,150,37.5,187.5,YES,0.913552226656,0.0135522266557,18,1,4.31473208467,0.745431762187,False,False,False,187.5,37.5,37.5,0,True,0.73125,"min(187.5, realized_PEL4 + Stage89QG_DeltaP_from_realized)"
3997,2,16,-8,27,150,37.5,187.5,YES,0.911989752435,0.0119897524348,18,1,4.35223994628,0.750857600964,False,False,False,187.5,37.5,37.5,0,True,0.73125,"min(187.5, realized_PEL4 + Stage89QG_DeltaP_from_realized)"
3997,3,17,-7,37,150,37.5,187.5,YES,0.91105167545,0.0110516754495,18,1,4.35433075652,0.749892361094,False,False,False,187.5,37.5,37.5,0,True,0.73125,"min(187.5, realized_PEL4 + Stage89QG_DeltaP_from_realized)"
3997,3,18,-6,42,150,37.5,187.5,YES,0.911426916062,0.0114269160624,18,1,4.2650685685,0.731966110596,False,False,False,187.5,37.5,37.5,0,True,0.73125,"min(187.5, realized_PEL4 + Stage89QG_DeltaP_from_realized)"
3997,3,19,-5,50,150,37.5,187.5,YES,0.905883997991,0.00588399799057,18,1,4.44553078244,0.760805100893,False,False,False,187.5,37.5,37.5,0,True,0.73125,"min(187.5, realized_PEL4 + Stage89QG_DeltaP_from_realized)"
3997,3,20,-4,62,150,0,150,NO,0.9,0,18,1,4.87591690154,0.838458765362,True,False,False,150,0,0,37.5,False,0,"min(187.5, realized_PEL4 + Stage89QG_DeltaP_from_realized)"
3997,3,21,-3,79,150,0,150,NO,0.9,0,18,1,4.95640698938,0.853440280584,True,False,False,150,0,0,37.5,False,0,"min(187.5, realized_PEL4 + Stage89QG_DeltaP_from_realized)"
3997,3,22,-2,93,150,0,150,NO,0.9,0,18,1,4.87591690154,0.838458765362,True,False,False,150,0,0,37.5,False,0,"min(187.5, realized_PEL4 + Stage89QG_DeltaP_from_realized)"
3997,3,23,-1,112,150,5.00222085975e-12,150,NO,0.9,0,18,1,4.83659842094,0.831134359092,True,False,False,150,5.00222085975e-12,5.00222085975e-12,37.5,False,9.75433067651e-14,"min(187.5, realized_PEL4 + Stage89QG_DeltaP_from_realized)"
4007,2,16,-16,26,0,187.5,187.5,YES,0.926051161147,0.0260511611468,33,1,3.81596747025,0.67176969161,False,False,False,187.5,37.5,37.5,0,True,0.73125,"min(187.5, realized_PEL4 + Stage89QG_DeltaP_from_realized)"
4007,3,17,-15,37,150,37.5,187.5,YES,0.91105167545,0.0110516754495,18,1,4.35433075652,0.749892361094,False,False,False,187.5,37.5,37.5,0,True,0.73125,"min(187.5, realized_PEL4 + Stage89QG_DeltaP_from_realized)"
4007,3,18,-14,42,150,37.5,187.5,YES,0.911426916062,0.0114269160624,18,1,4.2650685685,0.731966110596,False,False,False,187.5,37.5,37.5,0,True,0.73125,"min(187.5, realized_PEL4 + Stage89QG_DeltaP_from_realized)"
4007,3,19,-13,50,150,37.5,187.5,YES,0.905883997991,0.00588399799057,18,1,4.44553078244,0.760805100893,False,False,False,187.5,37.5,37.5,0,True,0.73125,"min(187.5, realized_PEL4 + Stage89QG_DeltaP_from_realized)"
4007,3,20,-12,62,150,0,150,NO,0.9,0,18,1,4.87591690154,0.838458765362,True,False,False,150,0,0,37.5,False,0,"min(187.5, realized_PEL4 + Stage89QG_DeltaP_from_realized)"
4007,3,21,-11,79,150,0,150,NO,0.9,0,18,1,4.95640698938,0.853440280584,True,False,False,150,0,0,37.5,False,0,"min(187.5, realized_PEL4 + Stage89QG_DeltaP_from_realized)"
4007,3,22,-10,93,150,0,150,NO,0.9,0,18,1,4.87591690154,0.838458765362,True,False,False,150,0,0,37.5,False,0,"min(187.5, realized_PEL4 + Stage89QG_DeltaP_from_realized)"
4007,3,23,-9,112,150,5.00222085975e-12,150,NO,0.9,0,18,1,4.83659842094,0.831134359092,True,False,False,150,5.00222085975e-12,5.00222085975e-12,37.5,False,9.75433067651e-14,"min(187.5, realized_PEL4 + Stage89QG_DeltaP_from_realized)"
4007,3,24,-8,126,150,37.5,187.5,YES,0.902159747587,0.00215974758658,18,1,4.58872925527,0.784780191142,False,False,False,187.5,37.5,37.5,0,True,0.73125,"min(187.5, realized_PEL4 + Stage89QG_DeltaP_from_realized)"
4007,4,25,-7,143,150,37.5,187.5,YES,0.911529629612,0.0115296296119,18,1,4.12988724534,0.703818310359,False,False,False,187.5,37.5,37.5,0,True,0.73125,"min(187.5, realized_PEL4 + Stage89QG_DeltaP_from_realized)"
4007,4,26,-6,246,150,37.5,187.5,YES,0.915515937765,0.0155159377646,18,1,3.93339839837,0.669120361452,False,False,False,187.5,37.5,37.5,0,True,0.73125,"min(187.5, realized_PEL4 + Stage89QG_DeltaP_from_realized)"
4007,4,27,-5,314,150,37.5,187.5,YES,0.916817228837,0.0168172288367,18,1,3.86909530341,0.657760776879,False,False,False,187.5,37.5,37.5,0,True,0.73125,"min(187.5, realized_PEL4 + Stage89QG_DeltaP_from_realized)"
4007,4,28,-4,389,150,37.5,187.5,YES,0.918140268862,0.0181402688616,18,1,3.80363727027,0.646194793909,False,False,False,187.5,37.5,37.5,0,True,0.73125,"min(187.5, realized_PEL4 + Stage89QG_DeltaP_from_realized)"
4007,4,29,-3,465,150,37.5,187.5,YES,0.918942607567,0.0189426075673,18,1,3.76390210657,0.63917264477,False,False,False,187.5,37.5,37.5,0,True,0.73125,"min(187.5, realized_PEL4 + Stage89QG_DeltaP_from_realized)"
4007,4,30,-2,511,150,37.5,187.5,YES,0.920780645829,0.0207806458285,18,1,3.6727647071,0.623062827971,False,False,False,187.5,37.5,37.5,0,True,0.73125,"min(187.5, realized_PEL4 + Stage89QG_DeltaP_from_realized)"
4007,4,31,-1,551,150,37.5,187.5,YES,0.922097999101,0.0220979991009,18,1,3.60735175534,0.611496845002,False,False,False,187.5,37.5,37.5,0,True,0.73125,"min(187.5, realized_PEL4 + Stage89QG_DeltaP_from_realized)"
4711,2,16,-16,27,150,37.5,187.5,YES,0.911989752435,0.0119897524348,18,1,4.35223994628,0.750857600964,False,False,False,187.5,37.5,37.5,0,True,0.73125,"min(187.5, realized_PEL4 + Stage89QG_DeltaP_from_realized)"
4711,3,17,-15,37,150,37.5,187.5,YES,0.91105167545,0.0110516754495,18,1,4.35433075652,0.749892361094,False,False,False,187.5,37.5,37.5,0,True,0.73125,"min(187.5, realized_PEL4 + Stage89QG_DeltaP_from_realized)"
4711,3,18,-14,42,150,37.5,187.5,YES,0.911426916062,0.0114269160624,18,1,4.2650685685,0.731966110596,False,False,False,187.5,37.5,37.5,0,True,0.73125,"min(187.5, realized_PEL4 + Stage89QG_DeltaP_from_realized)"
4711,3,19,-13,50,150,37.5,187.5,YES,0.905883997991,0.00588399799057,18,1,4.44553078244,0.760805100893,False,False,False,187.5,37.5,37.5,0,True,0.73125,"min(187.5, realized_PEL4 + Stage89QG_DeltaP_from_realized)"
4711,3,20,-12,62,150,0,150,NO,0.9,0,18,1,4.87591690154,0.838458765362,True,False,False,150,0,0,37.5,False,0,"min(187.5, realized_PEL4 + Stage89QG_DeltaP_from_realized)"
4711,3,21,-11,79,150,0,150,NO,0.9,0,18,1,4.95640698938,0.853440280584,True,False,False,150,0,0,37.5,False,0,"min(187.5, realized_PEL4 + Stage89QG_DeltaP_from_realized)"
4711,3,22,-10,93,150,0,150,NO,0.9,0,18,1,4.87591690154,0.838458765362,True,False,False,150,0,0,37.5,False,0,"min(187.5, realized_PEL4 + Stage89QG_DeltaP_from_realized)"
4711,3,23,-9,112,150,5.00222085975e-12,150,NO,0.9,0,18,1,4.83659842094,0.831134359092,True,False,False,150,5.00222085975e-12,5.00222085975e-12,37.5,False,9.75433067651e-14,"min(187.5, realized_PEL4 + Stage89QG_DeltaP_from_realized)"
4711,3,24,-8,126,150,37.5,187.5,YES,0.902159747587,0.00215974758658,18,1,4.58872925527,0.784780191142,False,False,False,187.5,37.5,37.5,0,True,0.73125,"min(187.5, realized_PEL4 + Stage89QG_DeltaP_from_realized)"
4711,4,25,-7,143,150,37.5,187.5,YES,0.911529629612,0.0115296296119,18,1,4.12988724534,0.703818310359,False,False,False,187.5,37.5,37.5,0,True,0.73125,"min(187.5, realized_PEL4 + Stage89QG_DeltaP_from_realized)"
4711,4,26,-6,246,150,37.5,187.5,YES,0.915515937765,0.0155159377646,18,1,3.93339839837,0.669120361452,False,False,False,187.5,37.5,37.5,0,True,0.73125,"min(187.5, realized_PEL4 + Stage89QG_DeltaP_from_realized)"
4711,4,27,-5,314,150,37.5,187.5,YES,0.916817228837,0.0168172288367,18,1,3.86909530341,0.657760776879,False,False,False,187.5,37.5,37.5,0,True,0.73125,"min(187.5, realized_PEL4 + Stage89QG_DeltaP_from_realized)"
4711,4,28,-4,389,150,37.5,187.5,YES,0.918140268862,0.0181402688616,18,1,3.80363727027,0.646194793909,False,False,False,187.5,37.5,37.5,0,True,0.73125,"min(187.5, realized_PEL4 + Stage89QG_DeltaP_from_realized)"
4711,4,29,-3,465,150,37.5,187.5,YES,0.918942607567,0.0189426075673,18,1,3.76390210657,0.63917264477,False,False,False,187.5,37.5,37.5,0,True,0.73125,"min(187.5, realized_PEL4 + Stage89QG_DeltaP_from_realized)"
4711,4,30,-2,511,150,37.5,187.5,YES,0.920780645829,0.0207806458285,18,1,3.6727647071,0.623062827971,False,False,False,187.5,37.5,37.5,0,True,0.73125,"min(187.5, realized_PEL4 + Stage89QG_DeltaP_from_realized)"
4711,4,31,-1,551,150,37.5,187.5,YES,0.922097999101,0.0220979991009,18,1,3.60735175534,0.611496845002,False,False,False,187.5,37.5,37.5,0,True,0.73125,"min(187.5, realized_PEL4 + Stage89QG_DeltaP_from_realized)"
4723,2,16,-16,26,0,187.5,187.5,YES,0.926051161147,0.0260511611468,33,1,3.81596747025,0.67176969161,False,False,False,187.5,37.5,37.5,0,True,0.73125,"min(187.5, realized_PEL4 + Stage89QG_DeltaP_from_realized)"
4723,3,17,-15,28,0,187.5,187.5,YES,0.925946052931,0.0259460529306,33,1,3.81616207051,0.67080445174,False,False,False,187.5,37.5,37.5,0,True,0.73125,"min(187.5, realized_PEL4 + Stage89QG_DeltaP_from_realized)"
4723,3,18,-14,38,0,187.5,187.5,YES,0.927557827398,0.0275578273983,33,1,3.72358602307,0.652878201242,False,False,False,187.5,37.5,37.5,0,True,0.73125,"min(187.5, realized_PEL4 + Stage89QG_DeltaP_from_realized)"
4723,3,19,-13,43,0,187.5,187.5,YES,0.923975874081,0.023975874081,33,1,3.90084204105,0.681717191539,False,False,False,187.5,37.5,37.5,0,True,0.73125,"min(187.5, realized_PEL4 + Stage89QG_DeltaP_from_realized)"
4723,3,20,-12,51,0,187.5,187.5,YES,0.913816673115,0.0138166731148,33,1,4.42402000361,0.772609864292,False,False,False,187.5,37.5,37.5,0,True,0.73125,"min(187.5, realized_PEL4 + Stage89QG_DeltaP_from_realized)"
4723,3,21,-11,65,0,187.5,187.5,YES,0.911763936027,0.0117639360269,33,1,4.52984616185,0.791197996401,False,False,False,187.5,37.5,37.5,0,True,0.73125,"min(187.5, realized_PEL4 + Stage89QG_DeltaP_from_realized)"
4723,3,22,-10,80,0,187.5,187.5,YES,0.913816673115,0.0138166731148,33,1,4.42402000361,0.772609864292,False,False,False,187.5,37.5,37.5,0,True,0.73125,"min(187.5, realized_PEL4 + Stage89QG_DeltaP_from_realized)"
4723,3,23,-9,97,150,37.5,187.5,YES,0.914818572114,0.0148185721142,33,1,4.37228244749,0.763522196633,False,False,False,187.5,37.5,37.5,0,True,0.73125,"min(187.5, realized_PEL4 + Stage89QG_DeltaP_from_realized)"
4723,3,24,-8,126,150,37.5,187.5,YES,0.902159747587,0.00215974758658,18,1,4.58872925527,0.784780191142,False,False,False,187.5,37.5,37.5,0,True,0.73125,"min(187.5, realized_PEL4 + Stage89QG_DeltaP_from_realized)"
4723,4,25,-7,143,150,37.5,187.5,YES,0.911529629612,0.0115296296119,18,1,4.12988724534,0.703818310359,False,False,False,187.5,37.5,37.5,0,True,0.73125,"min(187.5, realized_PEL4 + Stage89QG_DeltaP_from_realized)"
4723,4,26,-6,246,150,37.5,187.5,YES,0.915515937765,0.0155159377646,18,1,3.93339839837,0.669120361452,False,False,False,187.5,37.5,37.5,0,True,0.73125,"min(187.5, realized_PEL4 + Stage89QG_DeltaP_from_realized)"
4723,4,27,-5,314,150,37.5,187.5,YES,0.916817228837,0.0168172288367,18,1,3.86909530341,0.657760776879,False,False,False,187.5,37.5,37.5,0,True,0.73125,"min(187.5, realized_PEL4 + Stage89QG_DeltaP_from_realized)"
4723,4,28,-4,389,150,37.5,187.5,YES,0.918140268862,0.0181402688616,18,1,3.80363727027,0.646194793909,False,False,False,187.5,37.5,37.5,0,True,0.73125,"min(187.5, realized_PEL4 + Stage89QG_DeltaP_from_realized)"
4723,4,29,-3,465,150,37.5,187.5,YES,0.918942607567,0.0189426075673,18,1,3.76390210657,0.63917264477,False,False,False,187.5,37.5,37.5,0,True,0.73125,"min(187.5, realized_PEL4 + Stage89QG_DeltaP_from_realized)"
4723,4,30,-2,511,150,37.5,187.5,YES,0.920780645829,0.0207806458285,18,1,3.6727647071,0.623062827971,False,False,False,187.5,37.5,37.5,0,True,0.73125,"min(187.5, realized_PEL4 + Stage89QG_DeltaP_from_realized)"
4723,4,31,-1,551,150,37.5,187.5,YES,0.922097999101,0.0220979991009,18,1,3.60735175534,0.611496845002,False,False,False,187.5,37.5,37.5,0,True,0.73125,"min(187.5, realized_PEL4 + Stage89QG_DeltaP_from_realized)"
5685,2,16,-16,26,0,187.5,187.5,YES,0.926051161147,0.0260511611468,33,1,3.81596747025,0.67176969161,False,False,False,187.5,37.5,37.5,0,True,0.73125,"min(187.5, realized_PEL4 + Stage89QG_DeltaP_from_realized)"
5685,3,17,-15,37,150,37.5,187.5,YES,0.91105167545,0.0110516754495,18,1,4.35433075652,0.749892361094,False,False,False,187.5,37.5,37.5,0,True,0.73125,"min(187.5, realized_PEL4 + Stage89QG_DeltaP_from_realized)"
5685,3,18,-14,42,150,37.5,187.5,YES,0.911426916062,0.0114269160624,18,1,4.2650685685,0.731966110596,False,False,False,187.5,37.5,37.5,0,True,0.73125,"min(187.5, realized_PEL4 + Stage89QG_DeltaP_from_realized)"
5685,3,19,-13,50,150,37.5,187.5,YES,0.905883997991,0.00588399799057,18,1,4.44553078244,0.760805100893,False,False,False,187.5,37.5,37.5,0,True,0.73125,"min(187.5, realized_PEL4 + Stage89QG_DeltaP_from_realized)"
5685,3,20,-12,62,150,0,150,NO,0.9,0,18,1,4.87591690154,0.838458765362,True,False,False,150,0,0,37.5,False,0,"min(187.5, realized_PEL4 + Stage89QG_DeltaP_from_realized)"
5685,3,21,-11,79,150,0,150,NO,0.9,0,18,1,4.95640698938,0.853440280584,True,False,False,150,0,0,37.5,False,0,"min(187.5, realized_PEL4 + Stage89QG_DeltaP_from_realized)"
5685,3,22,-10,93,150,0,150,NO,0.9,0,18,1,4.87591690154,0.838458765362,True,False,False,150,0,0,37.5,False,0,"min(187.5, realized_PEL4 + Stage89QG_DeltaP_from_realized)"
5685,3,23,-9,112,150,5.00222085975e-12,150,NO,0.9,0,18,1,4.83659842094,0.831134359092,True,False,False,150,5.00222085975e-12,5.00222085975e-12,37.5,False,9.75433067651e-14,"min(187.5, realized_PEL4 + Stage89QG_DeltaP_from_realized)"
5685,3,24,-8,126,150,37.5,187.5,YES,0.902159747587,0.00215974758658,18,1,4.58872925527,0.784780191142,False,False,False,187.5,37.5,37.5,0,True,0.73125,"min(187.5, realized_PEL4 + Stage89QG_DeltaP_from_realized)"
5685,4,25,-7,143,150,37.5,187.5,YES,0.911529629612,0.0115296296119,18,1,4.12988724534,0.703818310359,False,False,False,187.5,37.5,37.5,0,True,0.73125,"min(187.5, realized_PEL4 + Stage89QG_DeltaP_from_realized)"
5685,4,26,-6,246,150,37.5,187.5,YES,0.915515937765,0.0155159377646,18,1,3.93339839837,0.669120361452,False,False,False,187.5,37.5,37.5,0,True,0.73125,"min(187.5, realized_PEL4 + Stage89QG_DeltaP_from_realized)"
5685,4,27,-5,314,150,37.5,187.5,YES,0.916817228837,0.0168172288367,18,1,3.86909530341,0.657760776879,False,False,False,187.5,37.5,37.5,0,True,0.73125,"min(187.5, realized_PEL4 + Stage89QG_DeltaP_from_realized)"
5685,4,28,-4,389,150,37.5,187.5,YES,0.918140268862,0.0181402688616,18,1,3.80363727027,0.646194793909,False,False,False,187.5,37.5,37.5,0,True,0.73125,"min(187.5, realized_PEL4 + Stage89QG_DeltaP_from_realized)"
5685,4,29,-3,465,150,37.5,187.5,YES,0.918942607567,0.0189426075673,18,1,3.76390210657,0.63917264477,False,False,False,187.5,37.5,37.5,0,True,0.73125,"min(187.5, realized_PEL4 + Stage89QG_DeltaP_from_realized)"
5685,4,30,-2,511,150,37.5,187.5,YES,0.920780645829,0.0207806458285,18,1,3.6727647071,0.623062827971,False,False,False,187.5,37.5,37.5,0,True,0.73125,"min(187.5, realized_PEL4 + Stage89QG_DeltaP_from_realized)"
5685,4,31,-1,551,150,37.5,187.5,YES,0.922097999101,0.0220979991009,18,1,3.60735175534,0.611496845002,False,False,False,187.5,37.5,37.5,0,True,0.73125,"min(187.5, realized_PEL4 + Stage89QG_DeltaP_from_realized)"
6098,2,16,-16,27,150,37.5,187.5,YES,0.911989752435,0.0119897524348,18,1,4.35223994628,0.750857600964,False,False,False,187.5,37.5,37.5,0,True,0.73125,"min(187.5, realized_PEL4 + Stage89QG_DeltaP_from_realized)"
6098,3,17,-15,37,150,37.5,187.5,YES,0.91105167545,0.0110516754495,18,1,4.35433075652,0.749892361094,False,False,False,187.5,37.5,37.5,0,True,0.73125,"min(187.5, realized_PEL4 + Stage89QG_DeltaP_from_realized)"
6098,3,18,-14,42,150,37.5,187.5,YES,0.911426916062,0.0114269160624,18,1,4.2650685685,0.731966110596,False,False,False,187.5,37.5,37.5,0,True,0.73125,"min(187.5, realized_PEL4 + Stage89QG_DeltaP_from_realized)"
6098,3,19,-13,50,150,37.5,187.5,YES,0.905883997991,0.00588399799057,18,1,4.44553078244,0.760805100893,False,False,False,187.5,37.5,37.5,0,True,0.73125,"min(187.5, realized_PEL4 + Stage89QG_DeltaP_from_realized)"
6098,3,20,-12,62,150,0,150,NO,0.9,0,18,1,4.87591690154,0.838458765362,True,False,False,150,0,0,37.5,False,0,"min(187.5, realized_PEL4 + Stage89QG_DeltaP_from_realized)"
6098,3,21,-11,79,150,0,150,NO,0.9,0,18,1,4.95640698938,0.853440280584,True,False,False,150,0,0,37.5,False,0,"min(187.5, realized_PEL4 + Stage89QG_DeltaP_from_realized)"
6098,3,22,-10,93,150,0,150,NO,0.9,0,18,1,4.87591690154,0.838458765362,True,False,False,150,0,0,37.5,False,0,"min(187.5, realized_PEL4 + Stage89QG_DeltaP_from_realized)"
6098,3,23,-9,112,150,5.00222085975e-12,150,NO,0.9,0,18,1,4.83659842094,0.831134359092,True,False,False,150,5.00222085975e-12,5.00222085975e-12,37.5,False,9.75433067651e-14,"min(187.5, realized_PEL4 + Stage89QG_DeltaP_from_realized)"
6098,3,24,-8,126,150,37.5,187.5,YES,0.902159747587,0.00215974758658,18,1,4.58872925527,0.784780191142,False,False,False,187.5,37.5,37.5,0,True,0.73125,"min(187.5, realized_PEL4 + Stage89QG_DeltaP_from_realized)"
6098,4,25,-7,143,150,37.5,187.5,YES,0.911529629612,0.0115296296119,18,1,4.12988724534,0.703818310359,False,False,False,187.5,37.5,37.5,0,True,0.73125,"min(187.5, realized_PEL4 + Stage89QG_DeltaP_from_realized)"
6098,4,26,-6,246,150,37.5,187.5,YES,0.915515937765,0.0155159377646,18,1,3.93339839837,0.669120361452,False,False,False,187.5,37.5,37.5,0,True,0.73125,"min(187.5, realized_PEL4 + Stage89QG_DeltaP_from_realized)"
6098,4,27,-5,314,150,37.5,187.5,YES,0.916817228837,0.0168172288367,18,1,3.86909530341,0.657760776879,False,False,False,187.5,37.5,37.5,0,True,0.73125,"min(187.5, realized_PEL4 + Stage89QG_DeltaP_from_realized)"
6098,4,28,-4,389,150,37.5,187.5,YES,0.918140268862,0.0181402688616,18,1,3.80363727027,0.646194793909,False,False,False,187.5,37.5,37.5,0,True,0.73125,"min(187.5, realized_PEL4 + Stage89QG_DeltaP_from_realized)"
6098,4,29,-3,465,150,37.5,187.5,YES,0.918942607567,0.0189426075673,18,1,3.76390210657,0.63917264477,False,False,False,187.5,37.5,37.5,0,True,0.73125,"min(187.5, realized_PEL4 + Stage89QG_DeltaP_from_realized)"
6098,4,30,-2,511,150,37.5,187.5,YES,0.920780645829,0.0207806458285,18,1,3.6727647071,0.623062827971,False,False,False,187.5,37.5,37.5,0,True,0.73125,"min(187.5, realized_PEL4 + Stage89QG_DeltaP_from_realized)"
6098,4,31,-1,551,150,37.5,187.5,YES,0.922097999101,0.0220979991009,18,1,3.60735175534,0.611496845002,False,False,False,187.5,37.5,37.5,0,True,0.73125,"min(187.5, realized_PEL4 + Stage89QG_DeltaP_from_realized)"
6266,2,16,-16,27,150,37.5,187.5,YES,0.911989752435,0.0119897524348,18,1,4.35223994628,0.750857600964,False,False,False,187.5,37.5,37.5,0,True,0.73125,"min(187.5, realized_PEL4 + Stage89QG_DeltaP_from_realized)"
6266,3,17,-15,37,150,37.5,187.5,YES,0.91105167545,0.0110516754495,18,1,4.35433075652,0.749892361094,False,False,False,187.5,37.5,37.5,0,True,0.73125,"min(187.5, realized_PEL4 + Stage89QG_DeltaP_from_realized)"
6266,3,18,-14,42,150,37.5,187.5,YES,0.911426916062,0.0114269160624,18,1,4.2650685685,0.731966110596,False,False,False,187.5,37.5,37.5,0,True,0.73125,"min(187.5, realized_PEL4 + Stage89QG_DeltaP_from_realized)"
6266,3,19,-13,50,150,37.5,187.5,YES,0.905883997991,0.00588399799057,18,1,4.44553078244,0.760805100893,False,False,False,187.5,37.5,37.5,0,True,0.73125,"min(187.5, realized_PEL4 + Stage89QG_DeltaP_from_realized)"
6266,3,20,-12,62,150,0,150,NO,0.9,0,18,1,4.87591690154,0.838458765362,True,False,False,150,0,0,37.5,False,0,"min(187.5, realized_PEL4 + Stage89QG_DeltaP_from_realized)"
6266,3,21,-11,79,150,0,150,NO,0.9,0,18,1,4.95640698938,0.853440280584,True,False,False,150,0,0,37.5,False,0,"min(187.5, realized_PEL4 + Stage89QG_DeltaP_from_realized)"
6266,3,22,-10,93,150,0,150,NO,0.9,0,18,1,4.87591690154,0.838458765362,True,False,False,150,0,0,37.5,False,0,"min(187.5, realized_PEL4 + Stage89QG_DeltaP_from_realized)"
6266,3,23,-9,112,150,5.00222085975e-12,150,NO,0.9,0,18,1,4.83659842094,0.831134359092,True,False,False,150,5.00222085975e-12,5.00222085975e-12,37.5,False,9.75433067651e-14,"min(187.5, realized_PEL4 + Stage89QG_DeltaP_from_realized)"
6266,3,24,-8,126,150,37.5,187.5,YES,0.902159747587,0.00215974758658,18,1,4.58872925527,0.784780191142,False,False,False,187.5,37.5,37.5,0,True,0.73125,"min(187.5, realized_PEL4 + Stage89QG_DeltaP_from_realized)"
6266,4,25,-7,143,150,37.5,187.5,YES,0.911529629612,0.0115296296119,18,1,4.12988724534,0.703818310359,False,False,False,187.5,37.5,37.5,0,True,0.73125,"min(187.5, realized_PEL4 + Stage89QG_DeltaP_from_realized)"
6266,4,26,-6,246,150,37.5,187.5,YES,0.915515937765,0.0155159377646,18,1,3.93339839837,0.669120361452,False,False,False,187.5,37.5,37.5,0,True,0.73125,"min(187.5, realized_PEL4 + Stage89QG_DeltaP_from_realized)"
6266,4,27,-5,314,150,37.5,187.5,YES,0.916817228837,0.0168172288367,18,1,3.86909530341,0.657760776879,False,False,False,187.5,37.5,37.5,0,True,0.73125,"min(187.5, realized_PEL4 + Stage89QG_DeltaP_from_realized)"
6266,4,28,-4,389,150,37.5,187.5,YES,0.918140268862,0.0181402688616,18,1,3.80363727027,0.646194793909,False,False,False,187.5,37.5,37.5,0,True,0.73125,"min(187.5, realized_PEL4 + Stage89QG_DeltaP_from_realized)"
6266,4,29,-3,465,150,37.5,187.5,YES,0.918942607567,0.0189426075673,18,1,3.76390210657,0.63917264477,False,False,False,187.5,37.5,37.5,0,True,0.73125,"min(187.5, realized_PEL4 + Stage89QG_DeltaP_from_realized)"
6266,4,30,-2,511,150,37.5,187.5,YES,0.920780645829,0.0207806458285,18,1,3.6727647071,0.623062827971,False,False,False,187.5,37.5,37.5,0,True,0.73125,"min(187.5, realized_PEL4 + Stage89QG_DeltaP_from_realized)"
6266,4,31,-1,551,150,37.5,187.5,YES,0.922097999101,0.0220979991009,18,1,3.60735175534,0.611496845002,False,False,False,187.5,37.5,37.5,0,True,0.73125,"min(187.5, realized_PEL4 + Stage89QG_DeltaP_from_realized)"
6663,2,16,-16,27,150,37.5,187.5,YES,0.911989752435,0.0119897524348,18,1,4.35223994628,0.750857600964,False,False,False,187.5,37.5,37.5,0,True,0.73125,"min(187.5, realized_PEL4 + Stage89QG_DeltaP_from_realized)"
6663,3,17,-15,37,150,37.5,187.5,YES,0.91105167545,0.0110516754495,18,1,4.35433075652,0.749892361094,False,False,False,187.5,37.5,37.5,0,True,0.73125,"min(187.5, realized_PEL4 + Stage89QG_DeltaP_from_realized)"
6663,3,18,-14,42,150,37.5,187.5,YES,0.911426916062,0.0114269160624,18,1,4.2650685685,0.731966110596,False,False,False,187.5,37.5,37.5,0,True,0.73125,"min(187.5, realized_PEL4 + Stage89QG_DeltaP_from_realized)"
6663,3,19,-13,50,150,37.5,187.5,YES,0.905883997991,0.00588399799057,18,1,4.44553078244,0.760805100893,False,False,False,187.5,37.5,37.5,0,True,0.73125,"min(187.5, realized_PEL4 + Stage89QG_DeltaP_from_realized)"
6663,3,20,-12,62,150,0,150,NO,0.9,0,18,1,4.87591690154,0.838458765362,True,False,False,150,0,0,37.5,False,0,"min(187.5, realized_PEL4 + Stage89QG_DeltaP_from_realized)"
6663,3,21,-11,79,150,0,150,NO,0.9,0,18,1,4.95640698938,0.853440280584,True,False,False,150,0,0,37.5,False,0,"min(187.5, realized_PEL4 + Stage89QG_DeltaP_from_realized)"
6663,3,22,-10,93,150,0,150,NO,0.9,0,18,1,4.87591690154,0.838458765362,True,False,False,150,0,0,37.5,False,0,"min(187.5, realized_PEL4 + Stage89QG_DeltaP_from_realized)"
6663,3,23,-9,112,150,5.00222085975e-12,150,NO,0.9,0,18,1,4.83659842094,0.831134359092,True,False,False,150,5.00222085975e-12,5.00222085975e-12,37.5,False,9.75433067651e-14,"min(187.5, realized_PEL4 + Stage89QG_DeltaP_from_realized)"
6663,3,24,-8,126,150,37.5,187.5,YES,0.902159747587,0.00215974758658,18,1,4.58872925527,0.784780191142,False,False,False,187.5,37.5,37.5,0,True,0.73125,"min(187.5, realized_PEL4 + Stage89QG_DeltaP_from_realized)"
6663,4,25,-7,143,150,37.5,187.5,YES,0.911529629612,0.0115296296119,18,1,4.12988724534,0.703818310359,False,False,False,187.5,37.5,37.5,0,True,0.73125,"min(187.5, realized_PEL4 + Stage89QG_DeltaP_from_realized)"
6663,4,26,-6,246,150,37.5,187.5,YES,0.915515937765,0.0155159377646,18,1,3.93339839837,0.669120361452,False,False,False,187.5,37.5,37.5,0,True,0.73125,"min(187.5, realized_PEL4 + Stage89QG_DeltaP_from_realized)"
6663,4,27,-5,314,150,37.5,187.5,YES,0.916817228837,0.0168172288367,18,1,3.86909530341,0.657760776879,False,False,False,187.5,37.5,37.5,0,True,0.73125,"min(187.5, realized_PEL4 + Stage89QG_DeltaP_from_realized)"
6663,4,28,-4,389,150,37.5,187.5,YES,0.918140268862,0.0181402688616,18,1,3.80363727027,0.646194793909,False,False,False,187.5,37.5,37.5,0,True,0.73125,"min(187.5, realized_PEL4 + Stage89QG_DeltaP_from_realized)"
6663,4,29,-3,465,150,37.5,187.5,YES,0.918942607567,0.0189426075673,18,1,3.76390210657,0.63917264477,False,False,False,187.5,37.5,37.5,0,True,0.73125,"min(187.5, realized_PEL4 + Stage89QG_DeltaP_from_realized)"
6663,4,30,-2,511,150,37.5,187.5,YES,0.920780645829,0.0207806458285,18,1,3.6727647071,0.623062827971,False,False,False,187.5,37.5,37.5,0,True,0.73125,"min(187.5, realized_PEL4 + Stage89QG_DeltaP_from_realized)"
6663,4,31,-1,551,150,37.5,187.5,YES,0.922097999101,0.0220979991009,18,1,3.60735175534,0.611496845002,False,False,False,187.5,37.5,37.5,0,True,0.73125,"min(187.5, realized_PEL4 + Stage89QG_DeltaP_from_realized)"
7669,2,16,-16,27,150,37.5,187.5,YES,0.911989752435,0.0119897524348,18,1,4.35223994628,0.750857600964,False,False,False,187.5,37.5,37.5,0,True,0.73125,"min(187.5, realized_PEL4 + Stage89QG_DeltaP_from_realized)"
7669,3,17,-15,37,150,37.5,187.5,YES,0.91105167545,0.0110516754495,18,1,4.35433075652,0.749892361094,False,False,False,187.5,37.5,37.5,0,True,0.73125,"min(187.5, realized_PEL4 + Stage89QG_DeltaP_from_realized)"
7669,3,18,-14,42,150,37.5,187.5,YES,0.911426916062,0.0114269160624,18,1,4.2650685685,0.731966110596,False,False,False,187.5,37.5,37.5,0,True,0.73125,"min(187.5, realized_PEL4 + Stage89QG_DeltaP_from_realized)"
7669,3,19,-13,50,150,37.5,187.5,YES,0.905883997991,0.00588399799057,18,1,4.44553078244,0.760805100893,False,False,False,187.5,37.5,37.5,0,True,0.73125,"min(187.5, realized_PEL4 + Stage89QG_DeltaP_from_realized)"
7669,3,20,-12,62,150,0,150,NO,0.9,0,18,1,4.87591690154,0.838458765362,True,False,False,150,0,0,37.5,False,0,"min(187.5, realized_PEL4 + Stage89QG_DeltaP_from_realized)"
7669,3,21,-11,79,150,0,150,NO,0.9,0,18,1,4.95640698938,0.853440280584,True,False,False,150,0,0,37.5,False,0,"min(187.5, realized_PEL4 + Stage89QG_DeltaP_from_realized)"
7669,3,22,-10,93,150,0,150,NO,0.9,0,18,1,4.87591690154,0.838458765362,True,False,False,150,0,0,37.5,False,0,"min(187.5, realized_PEL4 + Stage89QG_DeltaP_from_realized)"
7669,3,23,-9,112,150,5.00222085975e-12,150,NO,0.9,0,18,1,4.83659842094,0.831134359092,True,False,False,150,5.00222085975e-12,5.00222085975e-12,37.5,False,9.75433067651e-14,"min(187.5, realized_PEL4 + Stage89QG_DeltaP_from_realized)"
7669,3,24,-8,126,150,37.5,187.5,YES,0.902159747587,0.00215974758658,18,1,4.58872925527,0.784780191142,False,False,False,187.5,37.5,37.5,0,True,0.73125,"min(187.5, realized_PEL4 + Stage89QG_DeltaP_from_realized)"
7669,4,25,-7,143,150,37.5,187.5,YES,0.911529629612,0.0115296296119,18,1,4.12988724534,0.703818310359,False,False,False,187.5,37.5,37.5,0,True,0.73125,"min(187.5, realized_PEL4 + Stage89QG_DeltaP_from_realized)"
7669,4,26,-6,246,150,37.5,187.5,YES,0.915515937765,0.0155159377646,18,1,3.93339839837,0.669120361452,False,False,False,187.5,37.5,37.5,0,True,0.73125,"min(187.5, realized_PEL4 + Stage89QG_DeltaP_from_realized)"
7669,4,27,-5,314,150,37.5,187.5,YES,0.916817228837,0.0168172288367,18,1,3.86909530341,0.657760776879,False,False,False,187.5,37.5,37.5,0,True,0.73125,"min(187.5, realized_PEL4 + Stage89QG_DeltaP_from_realized)"
7669,4,28,-4,389,150,37.5,187.5,YES,0.918140268862,0.0181402688616,18,1,3.80363727027,0.646194793909,False,False,False,187.5,37.5,37.5,0,True,0.73125,"min(187.5, realized_PEL4 + Stage89QG_DeltaP_from_realized)"
7669,4,29,-3,465,150,37.5,187.5,YES,0.918942607567,0.0189426075673,18,1,3.76390210657,0.63917264477,False,False,False,187.5,37.5,37.5,0,True,0.73125,"min(187.5, realized_PEL4 + Stage89QG_DeltaP_from_realized)"
7669,4,30,-2,511,150,37.5,187.5,YES,0.920780645829,0.0207806458285,18,1,3.6727647071,0.623062827971,False,False,False,187.5,37.5,37.5,0,True,0.73125,"min(187.5, realized_PEL4 + Stage89QG_DeltaP_from_realized)"
7669,4,31,-1,551,150,37.5,187.5,YES,0.922097999101,0.0220979991009,18,1,3.60735175534,0.611496845002,False,False,False,187.5,37.5,37.5,0,True,0.73125,"min(187.5, realized_PEL4 + Stage89QG_DeltaP_from_realized)"
7786,2,16,-16,27,150,37.5,187.5,YES,0.911989752435,0.0119897524348,18,1,4.35223994628,0.750857600964,False,False,False,187.5,37.5,37.5,0,True,0.73125,"min(187.5, realized_PEL4 + Stage89QG_DeltaP_from_realized)"
7786,3,17,-15,37,150,37.5,187.5,YES,0.91105167545,0.0110516754495,18,1,4.35433075652,0.749892361094,False,False,False,187.5,37.5,37.5,0,True,0.73125,"min(187.5, realized_PEL4 + Stage89QG_DeltaP_from_realized)"
7786,3,18,-14,42,150,37.5,187.5,YES,0.911426916062,0.0114269160624,18,1,4.2650685685,0.731966110596,False,False,False,187.5,37.5,37.5,0,True,0.73125,"min(187.5, realized_PEL4 + Stage89QG_DeltaP_from_realized)"
7786,3,19,-13,50,150,37.5,187.5,YES,0.905883997991,0.00588399799057,18,1,4.44553078244,0.760805100893,False,False,False,187.5,37.5,37.5,0,True,0.73125,"min(187.5, realized_PEL4 + Stage89QG_DeltaP_from_realized)"
7786,3,20,-12,60,150,0,150,NO,0.9,0,18,1,4.87591690154,0.838458765362,True,False,False,150,0,0,37.5,False,0,"min(187.5, realized_PEL4 + Stage89QG_DeltaP_from_realized)"
7786,3,21,-11,77,150,3.41060513165e-12,150,NO,0.9,0,18,1,4.95640698938,0.853440280584,True,False,False,150,3.41060513165e-12,3.41060513165e-12,37.5,False,6.65068000671e-14,"min(187.5, realized_PEL4 + Stage89QG_DeltaP_from_realized)"
7786,3,22,-10,90,150,0,150,NO,0.9,0,18,1,4.87591690154,0.838458765362,True,False,False,150,0,0,37.5,False,0,"min(187.5, realized_PEL4 + Stage89QG_DeltaP_from_realized)"
7786,3,23,-9,111,150,5.45696821064e-12,150,NO,0.9,0,18,1,4.83659842094,0.831134359092,True,False,False,150,5.45696821064e-12,5.45696821064e-12,37.5,False,1.06410880107e-13,"min(187.5, realized_PEL4 + Stage89QG_DeltaP_from_realized)"
7786,3,24,-8,126,150,37.5,187.5,YES,0.902159747587,0.00215974758658,18,1,4.58872925527,0.784780191142,False,False,False,187.5,37.5,37.5,0,True,0.73125,"min(187.5, realized_PEL4 + Stage89QG_DeltaP_from_realized)"
7786,4,25,-7,143,150,37.5,187.5,YES,0.911529629612,0.0115296296119,18,1,4.12988724534,0.703818310359,False,False,False,187.5,37.5,37.5,0,True,0.73125,"min(187.5, realized_PEL4 + Stage89QG_DeltaP_from_realized)"
7786,4,26,-6,246,150,37.5,187.5,YES,0.915515937765,0.0155159377646,18,1,3.93339839837,0.669120361452,False,False,False,187.5,37.5,37.5,0,True,0.73125,"min(187.5, realized_PEL4 + Stage89QG_DeltaP_from_realized)"
7786,4,27,-5,314,150,37.5,187.5,YES,0.916817228837,0.0168172288367,18,1,3.86909530341,0.657760776879,False,False,False,187.5,37.5,37.5,0,True,0.73125,"min(187.5, realized_PEL4 + Stage89QG_DeltaP_from_realized)"
7786,4,28,-4,389,150,37.5,187.5,YES,0.918140268862,0.0181402688616,18,1,3.80363727027,0.646194793909,False,False,False,187.5,37.5,37.5,0,True,0.73125,"min(187.5, realized_PEL4 + Stage89QG_DeltaP_from_realized)"
7786,4,29,-3,465,150,37.5,187.5,YES,0.918942607567,0.0189426075673,18,1,3.76390210657,0.63917264477,False,False,False,187.5,37.5,37.5,0,True,0.73125,"min(187.5, realized_PEL4 + Stage89QG_DeltaP_from_realized)"
7786,4,30,-2,511,150,37.5,187.5,YES,0.920780645829,0.0207806458285,18,1,3.6727647071,0.623062827971,False,False,False,187.5,37.5,37.5,0,True,0.73125,"min(187.5, realized_PEL4 + Stage89QG_DeltaP_from_realized)"
7786,4,31,-1,551,150,37.5,187.5,YES,0.922097999101,0.0220979991009,18,1,3.60735175534,0.611496845002,False,False,False,187.5,37.5,37.5,0,True,0.73125,"min(187.5, realized_PEL4 + Stage89QG_DeltaP_from_realized)"
7862,2,16,-16,26,0,187.5,187.5,YES,0.926051161147,0.0260511611468,33,1,3.81596747025,0.67176969161,False,False,False,187.5,37.5,37.5,0,True,0.73125,"min(187.5, realized_PEL4 + Stage89QG_DeltaP_from_realized)"
7862,3,17,-15,37,150,37.5,187.5,YES,0.91105167545,0.0110516754495,18,1,4.35433075652,0.749892361094,False,False,False,187.5,37.5,37.5,0,True,0.73125,"min(187.5, realized_PEL4 + Stage89QG_DeltaP_from_realized)"
7862,3,18,-14,42,150,37.5,187.5,YES,0.911426916062,0.0114269160624,18,1,4.2650685685,0.731966110596,False,False,False,187.5,37.5,37.5,0,True,0.73125,"min(187.5, realized_PEL4 + Stage89QG_DeltaP_from_realized)"
7862,3,19,-13,50,150,37.5,187.5,YES,0.905883997991,0.00588399799057,18,1,4.44553078244,0.760805100893,False,False,False,187.5,37.5,37.5,0,True,0.73125,"min(187.5, realized_PEL4 + Stage89QG_DeltaP_from_realized)"
7862,3,20,-12,62,150,0,150,NO,0.9,0,18,1,4.87591690154,0.838458765362,True,False,False,150,0,0,37.5,False,0,"min(187.5, realized_PEL4 + Stage89QG_DeltaP_from_realized)"
7862,3,21,-11,79,150,0,150,NO,0.9,0,18,1,4.95640698938,0.853440280584,True,False,False,150,0,0,37.5,False,0,"min(187.5, realized_PEL4 + Stage89QG_DeltaP_from_realized)"
7862,3,22,-10,93,150,0,150,NO,0.9,0,18,1,4.87591690154,0.838458765362,True,False,False,150,0,0,37.5,False,0,"min(187.5, realized_PEL4 + Stage89QG_DeltaP_from_realized)"
7862,3,23,-9,112,150,5.00222085975e-12,150,NO,0.9,0,18,1,4.83659842094,0.831134359092,True,False,False,150,5.00222085975e-12,5.00222085975e-12,37.5,False,9.75433067651e-14,"min(187.5, realized_PEL4 + Stage89QG_DeltaP_from_realized)"
7862,3,24,-8,126,150,37.5,187.5,YES,0.902159747587,0.00215974758658,18,1,4.58872925527,0.784780191142,False,False,False,187.5,37.5,37.5,0,True,0.73125,"min(187.5, realized_PEL4 + Stage89QG_DeltaP_from_realized)"
7862,4,25,-7,143,150,37.5,187.5,YES,0.911529629612,0.0115296296119,18,1,4.12988724534,0.703818310359,False,False,False,187.5,37.5,37.5,0,True,0.73125,"min(187.5, realized_PEL4 + Stage89QG_DeltaP_from_realized)"
7862,4,26,-6,246,150,37.5,187.5,YES,0.915515937765,0.0155159377646,18,1,3.93339839837,0.669120361452,False,False,False,187.5,37.5,37.5,0,True,0.73125,"min(187.5, realized_PEL4 + Stage89QG_DeltaP_from_realized)"
7862,4,27,-5,314,150,37.5,187.5,YES,0.916817228837,0.0168172288367,18,1,3.86909530341,0.657760776879,False,False,False,187.5,37.5,37.5,0,True,0.73125,"min(187.5, realized_PEL4 + Stage89QG_DeltaP_from_realized)"
7862,4,28,-4,389,150,37.5,187.5,YES,0.918140268862,0.0181402688616,18,1,3.80363727027,0.646194793909,False,False,False,187.5,37.5,37.5,0,True,0.73125,"min(187.5, realized_PEL4 + Stage89QG_DeltaP_from_realized)"
7862,4,29,-3,465,150,37.5,187.5,YES,0.918942607567,0.0189426075673,18,1,3.76390210657,0.63917264477,False,False,False,187.5,37.5,37.5,0,True,0.73125,"min(187.5, realized_PEL4 + Stage89QG_DeltaP_from_realized)"
7862,4,30,-2,511,150,37.5,187.5,YES,0.920780645829,0.0207806458285,18,1,3.6727647071,0.623062827971,False,False,False,187.5,37.5,37.5,0,True,0.73125,"min(187.5, realized_PEL4 + Stage89QG_DeltaP_from_realized)"
7862,4,31,-1,551,150,37.5,187.5,YES,0.922097999101,0.0220979991009,18,1,3.60735175534,0.611496845002,False,False,False,187.5,37.5,37.5,0,True,0.73125,"min(187.5, realized_PEL4 + Stage89QG_DeltaP_from_realized)"
8332,2,16,-16,26,0,187.5,187.5,YES,0.926051161147,0.0260511611468,33,1,3.81596747025,0.67176969161,False,False,False,187.5,37.5,37.5,0,True,0.73125,"min(187.5, realized_PEL4 + Stage89QG_DeltaP_from_realized)"
8332,3,17,-15,28,0,187.5,187.5,YES,0.925946052931,0.0259460529306,33,1,3.81616207051,0.67080445174,False,False,False,187.5,37.5,37.5,0,True,0.73125,"min(187.5, realized_PEL4 + Stage89QG_DeltaP_from_realized)"
8332,3,18,-14,38,0,187.5,187.5,YES,0.927557827398,0.0275578273983,33,1,3.72358602307,0.652878201242,False,False,False,187.5,37.5,37.5,0,True,0.73125,"min(187.5, realized_PEL4 + Stage89QG_DeltaP_from_realized)"
8332,3,19,-13,43,0,187.5,187.5,YES,0.923975874081,0.023975874081,33,1,3.90084204105,0.681717191539,False,False,False,187.5,37.5,37.5,0,True,0.73125,"min(187.5, realized_PEL4 + Stage89QG_DeltaP_from_realized)"
8332,3,20,-12,51,0,187.5,187.5,YES,0.913816673115,0.0138166731148,33,1,4.42402000361,0.772609864292,False,False,False,187.5,37.5,37.5,0,True,0.73125,"min(187.5, realized_PEL4 + Stage89QG_DeltaP_from_realized)"
8332,3,21,-11,65,0,187.5,187.5,YES,0.911763936027,0.0117639360269,33,1,4.52984616185,0.791197996401,False,False,False,187.5,37.5,37.5,0,True,0.73125,"min(187.5, realized_PEL4 + Stage89QG_DeltaP_from_realized)"
8332,3,22,-10,80,0,187.5,187.5,YES,0.913816673115,0.0138166731148,33,1,4.42402000361,0.772609864292,False,False,False,187.5,37.5,37.5,0,True,0.73125,"min(187.5, realized_PEL4 + Stage89QG_DeltaP_from_realized)"
8332,3,23,-9,97,150,37.5,187.5,YES,0.914818572114,0.0148185721142,33,1,4.37228244749,0.763522196633,False,False,False,187.5,37.5,37.5,0,True,0.73125,"min(187.5, realized_PEL4 + Stage89QG_DeltaP_from_realized)"
8332,3,24,-8,126,150,37.5,187.5,YES,0.902159747587,0.00215974758658,18,1,4.58872925527,0.784780191142,False,False,False,187.5,37.5,37.5,0,True,0.73125,"min(187.5, realized_PEL4 + Stage89QG_DeltaP_from_realized)"
8332,4,25,-7,143,150,37.5,187.5,YES,0.911529629612,0.0115296296119,18,1,4.12988724534,0.703818310359,False,False,False,187.5,37.5,37.5,0,True,0.73125,"min(187.5, realized_PEL4 + Stage89QG_DeltaP_from_realized)"
8332,4,26,-6,246,150,37.5,187.5,YES,0.915515937765,0.0155159377646,18,1,3.93339839837,0.669120361452,False,False,False,187.5,37.5,37.5,0,True,0.73125,"min(187.5, realized_PEL4 + Stage89QG_DeltaP_from_realized)"
8332,4,27,-5,314,150,37.5,187.5,YES,0.916817228837,0.0168172288367,18,1,3.86909530341,0.657760776879,False,False,False,187.5,37.5,37.5,0,True,0.73125,"min(187.5, realized_PEL4 + Stage89QG_DeltaP_from_realized)"
8332,4,28,-4,389,150,37.5,187.5,YES,0.918140268862,0.0181402688616,18,1,3.80363727027,0.646194793909,False,False,False,187.5,37.5,37.5,0,True,0.73125,"min(187.5, realized_PEL4 + Stage89QG_DeltaP_from_realized)"
8332,4,29,-3,465,150,37.5,187.5,YES,0.918942607567,0.0189426075673,18,1,3.76390210657,0.63917264477,False,False,False,187.5,37.5,37.5,0,True,0.73125,"min(187.5, realized_PEL4 + Stage89QG_DeltaP_from_realized)"
8332,4,30,-2,511,150,37.5,187.5,YES,0.920780645829,0.0207806458285,18,1,3.6727647071,0.623062827971,False,False,False,187.5,37.5,37.5,0,True,0.73125,"min(187.5, realized_PEL4 + Stage89QG_DeltaP_from_realized)"
8332,4,31,-1,551,150,37.5,187.5,YES,0.922097999101,0.0220979991009,18,1,3.60735175534,0.611496845002,False,False,False,187.5,37.5,37.5,0,True,0.73125,"min(187.5, realized_PEL4 + Stage89QG_DeltaP_from_realized)"
8384,1,8,-16,8,150,37.5,187.5,YES,0.935040296279,0.0350402962792,33,1,3.51710903473,0.605375227791,False,False,False,187.5,37.5,37.5,0,True,0.73125,"min(187.5, realized_PEL4 + Stage89QG_DeltaP_from_realized)"
8384,2,9,-15,13,150,37.5,187.5,YES,0.910376134915,0.0103761349146,18,1,4.19751463833,0.716128640029,False,False,False,187.5,37.5,37.5,0,True,0.73125,"min(187.5, realized_PEL4 + Stage89QG_DeltaP_from_realized)"
8384,2,10,-14,15,150,37.5,187.5,YES,0.911208561254,0.0112085612539,18,1,4.1772092306,0.713244227439,False,False,False,187.5,37.5,37.5,0,True,0.73125,"min(187.5, realized_PEL4 + Stage89QG_DeltaP_from_realized)"
8384,2,11,-13,17,150,37.5,187.5,YES,0.908994613221,0.00899461322104,18,1,4.32397826579,0.740388819869,False,False,False,187.5,37.5,37.5,0,True,0.73125,"min(187.5, realized_PEL4 + Stage89QG_DeltaP_from_realized)"
8384,2,12,-12,19,150,37.5,187.5,YES,0.90866776765,0.00866776765037,18,1,4.39857219561,0.755414734318,False,False,False,187.5,37.5,37.5,0,True,0.73125,"min(187.5, realized_PEL4 + Stage89QG_DeltaP_from_realized)"
8384,2,13,-11,21,150,37.5,187.5,YES,0.908669345026,0.00866934502622,18,1,4.43203469175,0.762357187082,False,False,False,187.5,37.5,37.5,0,True,0.73125,"min(187.5, realized_PEL4 + Stage89QG_DeltaP_from_realized)"
8384,2,14,-10,23,150,37.5,187.5,YES,0.909662404328,0.00966240432792,18,1,4.46895359458,0.771453343297,False,False,False,187.5,37.5,37.5,0,True,0.73125,"min(187.5, realized_PEL4 + Stage89QG_DeltaP_from_realized)"
8384,2,15,-9,25,150,37.5,187.5,YES,0.913552226656,0.0135522266557,18,1,4.31473208467,0.745431762187,False,False,False,187.5,37.5,37.5,0,True,0.73125,"min(187.5, realized_PEL4 + Stage89QG_DeltaP_from_realized)"
8384,2,16,-8,27,150,37.5,187.5,YES,0.911989752435,0.0119897524348,18,1,4.35223994628,0.750857600964,False,False,False,187.5,37.5,37.5,0,True,0.73125,"min(187.5, realized_PEL4 + Stage89QG_DeltaP_from_realized)"
8384,3,17,-7,37,150,37.5,187.5,YES,0.91105167545,0.0110516754495,18,1,4.35433075652,0.749892361094,False,False,False,187.5,37.5,37.5,0,True,0.73125,"min(187.5, realized_PEL4 + Stage89QG_DeltaP_from_realized)"
8384,3,18,-6,42,150,37.5,187.5,YES,0.911426916062,0.0114269160624,18,1,4.2650685685,0.731966110596,False,False,False,187.5,37.5,37.5,0,True,0.73125,"min(187.5, realized_PEL4 + Stage89QG_DeltaP_from_realized)"
8384,3,19,-5,50,150,37.5,187.5,YES,0.905883997991,0.00588399799057,18,1,4.44553078244,0.760805100893,False,False,False,187.5,37.5,37.5,0,True,0.73125,"min(187.5, realized_PEL4 + Stage89QG_DeltaP_from_realized)"
8384,3,20,-4,62,150,0,150,NO,0.9,0,18,1,4.87591690154,0.838458765362,True,False,False,150,0,0,37.5,False,0,"min(187.5, realized_PEL4 + Stage89QG_DeltaP_from_realized)"
8384,3,21,-3,79,150,0,150,NO,0.9,0,18,1,4.95640698938,0.853440280584,True,False,False,150,0,0,37.5,False,0,"min(187.5, realized_PEL4 + Stage89QG_DeltaP_from_realized)"
8384,3,22,-2,93,150,0,150,NO,0.9,0,18,1,4.87591690154,0.838458765362,True,False,False,150,0,0,37.5,False,0,"min(187.5, realized_PEL4 + Stage89QG_DeltaP_from_realized)"
8384,3,23,-1,108,150,1.93267624127e-11,150,NO,0.9,0,18,1,4.83659842094,0.831134359092,True,False,False,150,1.93267624127e-11,1.93267624127e-11,37.5,False,3.76871867047e-13,"min(187.5, realized_PEL4 + Stage89QG_DeltaP_from_realized)"
8440,1,8,-16,8,150,37.5,187.5,YES,0.935040296279,0.0350402962792,33,1,3.51710903473,0.605375227791,False,False,False,187.5,37.5,37.5,0,True,0.73125,"min(187.5, realized_PEL4 + Stage89QG_DeltaP_from_realized)"
8440,2,9,-15,13,150,37.5,187.5,YES,0.910376134915,0.0103761349146,18,1,4.19751463833,0.716128640029,False,False,False,187.5,37.5,37.5,0,True,0.73125,"min(187.5, realized_PEL4 + Stage89QG_DeltaP_from_realized)"
8440,2,10,-14,15,150,37.5,187.5,YES,0.911208561254,0.0112085612539,18,1,4.1772092306,0.713244227439,False,False,False,187.5,37.5,37.5,0,True,0.73125,"min(187.5, realized_PEL4 + Stage89QG_DeltaP_from_realized)"
8440,2,11,-13,17,150,37.5,187.5,YES,0.908994613221,0.00899461322104,18,1,4.32397826579,0.740388819869,False,False,False,187.5,37.5,37.5,0,True,0.73125,"min(187.5, realized_PEL4 + Stage89QG_DeltaP_from_realized)"
8440,2,12,-12,19,150,37.5,187.5,YES,0.90866776765,0.00866776765037,18,1,4.39857219561,0.755414734318,False,False,False,187.5,37.5,37.5,0,True,0.73125,"min(187.5, realized_PEL4 + Stage89QG_DeltaP_from_realized)"
8440,2,13,-11,21,150,37.5,187.5,YES,0.908669345026,0.00866934502622,18,1,4.43203469175,0.762357187082,False,False,False,187.5,37.5,37.5,0,True,0.73125,"min(187.5, realized_PEL4 + Stage89QG_DeltaP_from_realized)"
8440,2,14,-10,23,150,37.5,187.5,YES,0.909662404328,0.00966240432792,18,1,4.46895359458,0.771453343297,False,False,False,187.5,37.5,37.5,0,True,0.73125,"min(187.5, realized_PEL4 + Stage89QG_DeltaP_from_realized)"
8440,2,15,-9,25,150,37.5,187.5,YES,0.913552226656,0.0135522266557,18,1,4.31473208467,0.745431762187,False,False,False,187.5,37.5,37.5,0,True,0.73125,"min(187.5, realized_PEL4 + Stage89QG_DeltaP_from_realized)"
8440,2,16,-8,27,150,37.5,187.5,YES,0.911989752435,0.0119897524348,18,1,4.35223994628,0.750857600964,False,False,False,187.5,37.5,37.5,0,True,0.73125,"min(187.5, realized_PEL4 + Stage89QG_DeltaP_from_realized)"
8440,3,17,-7,37,150,37.5,187.5,YES,0.91105167545,0.0110516754495,18,1,4.35433075652,0.749892361094,False,False,False,187.5,37.5,37.5,0,True,0.73125,"min(187.5, realized_PEL4 + Stage89QG_DeltaP_from_realized)"
8440,3,18,-6,42,150,37.5,187.5,YES,0.911426916062,0.0114269160624,18,1,4.2650685685,0.731966110596,False,False,False,187.5,37.5,37.5,0,True,0.73125,"min(187.5, realized_PEL4 + Stage89QG_DeltaP_from_realized)"
8440,3,19,-5,50,150,37.5,187.5,YES,0.905883997991,0.00588399799057,18,1,4.44553078244,0.760805100893,False,False,False,187.5,37.5,37.5,0,True,0.73125,"min(187.5, realized_PEL4 + Stage89QG_DeltaP_from_realized)"
8440,3,20,-4,62,150,0,150,NO,0.9,0,18,1,4.87591690154,0.838458765362,True,False,False,150,0,0,37.5,False,0,"min(187.5, realized_PEL4 + Stage89QG_DeltaP_from_realized)"
8440,3,21,-3,79,150,0,150,NO,0.9,0,18,1,4.95640698938,0.853440280584,True,False,False,150,0,0,37.5,False,0,"min(187.5, realized_PEL4 + Stage89QG_DeltaP_from_realized)"
8440,3,22,-2,93,150,0,150,NO,0.9,0,18,1,4.87591690154,0.838458765362,True,False,False,150,0,0,37.5,False,0,"min(187.5, realized_PEL4 + Stage89QG_DeltaP_from_realized)"
8440,3,23,-1,110,150,1.04591890704e-11,150,NO,0.9,0,18,1,4.83659842094,0.831134359092,True,False,False,150,1.04591890704e-11,1.04591890704e-11,37.5,False,2.03954186873e-13,"min(187.5, realized_PEL4 + Stage89QG_DeltaP_from_realized)"
8716,2,16,-16,27,150,37.5,187.5,YES,0.911989752435,0.0119897524348,18,1,4.35223994628,0.750857600964,False,False,False,187.5,37.5,37.5,0,True,0.73125,"min(187.5, realized_PEL4 + Stage89QG_DeltaP_from_realized)"
8716,3,17,-15,37,150,37.5,187.5,YES,0.91105167545,0.0110516754495,18,1,4.35433075652,0.749892361094,False,False,False,187.5,37.5,37.5,0,True,0.73125,"min(187.5, realized_PEL4 + Stage89QG_DeltaP_from_realized)"
8716,3,18,-14,42,150,37.5,187.5,YES,0.911426916062,0.0114269160624,18,1,4.2650685685,0.731966110596,False,False,False,187.5,37.5,37.5,0,True,0.73125,"min(187.5, realized_PEL4 + Stage89QG_DeltaP_from_realized)"
8716,3,19,-13,50,150,37.5,187.5,YES,0.905883997991,0.00588399799057,18,1,4.44553078244,0.760805100893,False,False,False,187.5,37.5,37.5,0,True,0.73125,"min(187.5, realized_PEL4 + Stage89QG_DeltaP_from_realized)"
8716,3,20,-12,62,150,0,150,NO,0.9,0,18,1,4.87591690154,0.838458765362,True,False,False,150,0,0,37.5,False,0,"min(187.5, realized_PEL4 + Stage89QG_DeltaP_from_realized)"
8716,3,21,-11,79,150,0,150,NO,0.9,0,18,1,4.95640698938,0.853440280584,True,False,False,150,0,0,37.5,False,0,"min(187.5, realized_PEL4 + Stage89QG_DeltaP_from_realized)"
8716,3,22,-10,93,150,0,150,NO,0.9,0,18,1,4.87591690154,0.838458765362,True,False,False,150,0,0,37.5,False,0,"min(187.5, realized_PEL4 + Stage89QG_DeltaP_from_realized)"
8716,3,23,-9,112,150,5.00222085975e-12,150,NO,0.9,0,18,1,4.83659842094,0.831134359092,True,False,False,150,5.00222085975e-12,5.00222085975e-12,37.5,False,9.75433067651e-14,"min(187.5, realized_PEL4 + Stage89QG_DeltaP_from_realized)"
8716,3,24,-8,126,150,37.5,187.5,YES,0.902159747587,0.00215974758658,18,1,4.58872925527,0.784780191142,False,False,False,187.5,37.5,37.5,0,True,0.73125,"min(187.5, realized_PEL4 + Stage89QG_DeltaP_from_realized)"
8716,4,25,-7,143,150,37.5,187.5,YES,0.911529629612,0.0115296296119,18,1,4.12988724534,0.703818310359,False,False,False,187.5,37.5,37.5,0,True,0.73125,"min(187.5, realized_PEL4 + Stage89QG_DeltaP_from_realized)"
8716,4,26,-6,246,150,37.5,187.5,YES,0.915515937765,0.0155159377646,18,1,3.93339839837,0.669120361452,False,False,False,187.5,37.5,37.5,0,True,0.73125,"min(187.5, realized_PEL4 + Stage89QG_DeltaP_from_realized)"
8716,4,27,-5,314,150,37.5,187.5,YES,0.916817228837,0.0168172288367,18,1,3.86909530341,0.657760776879,False,False,False,187.5,37.5,37.5,0,True,0.73125,"min(187.5, realized_PEL4 + Stage89QG_DeltaP_from_realized)"
8716,4,28,-4,389,150,37.5,187.5,YES,0.918140268862,0.0181402688616,18,1,3.80363727027,0.646194793909,False,False,False,187.5,37.5,37.5,0,True,0.73125,"min(187.5, realized_PEL4 + Stage89QG_DeltaP_from_realized)"
8716,4,29,-3,465,150,37.5,187.5,YES,0.918942607567,0.0189426075673,18,1,3.76390210657,0.63917264477,False,False,False,187.5,37.5,37.5,0,True,0.73125,"min(187.5, realized_PEL4 + Stage89QG_DeltaP_from_realized)"
8716,4,30,-2,511,150,37.5,187.5,YES,0.920780645829,0.0207806458285,18,1,3.6727647071,0.623062827971,False,False,False,187.5,37.5,37.5,0,True,0.73125,"min(187.5, realized_PEL4 + Stage89QG_DeltaP_from_realized)"
8716,4,31,-1,551,150,37.5,187.5,YES,0.922097999101,0.0220979991009,18,1,3.60735175534,0.611496845002,False,False,False,187.5,37.5,37.5,0,True,0.73125,"min(187.5, realized_PEL4 + Stage89QG_DeltaP_from_realized)"
8747,2,16,-16,26,0,187.5,187.5,YES,0.926051161147,0.0260511611468,33,1,3.81596747025,0.67176969161,False,False,False,187.5,37.5,37.5,0,True,0.73125,"min(187.5, realized_PEL4 + Stage89QG_DeltaP_from_realized)"
8747,3,17,-15,37,150,37.5,187.5,YES,0.91105167545,0.0110516754495,18,1,4.35433075652,0.749892361094,False,False,False,187.5,37.5,37.5,0,True,0.73125,"min(187.5, realized_PEL4 + Stage89QG_DeltaP_from_realized)"
8747,3,18,-14,42,150,37.5,187.5,YES,0.911426916062,0.0114269160624,18,1,4.2650685685,0.731966110596,False,False,False,187.5,37.5,37.5,0,True,0.73125,"min(187.5, realized_PEL4 + Stage89QG_DeltaP_from_realized)"
8747,3,19,-13,50,150,37.5,187.5,YES,0.905883997991,0.00588399799057,18,1,4.44553078244,0.760805100893,False,False,False,187.5,37.5,37.5,0,True,0.73125,"min(187.5, realized_PEL4 + Stage89QG_DeltaP_from_realized)"
8747,3,20,-12,62,150,0,150,NO,0.9,0,18,1,4.87591690154,0.838458765362,True,False,False,150,0,0,37.5,False,0,"min(187.5, realized_PEL4 + Stage89QG_DeltaP_from_realized)"
8747,3,21,-11,79,150,0,150,NO,0.9,0,18,1,4.95640698938,0.853440280584,True,False,False,150,0,0,37.5,False,0,"min(187.5, realized_PEL4 + Stage89QG_DeltaP_from_realized)"
8747,3,22,-10,93,150,0,150,NO,0.9,0,18,1,4.87591690154,0.838458765362,True,False,False,150,0,0,37.5,False,0,"min(187.5, realized_PEL4 + Stage89QG_DeltaP_from_realized)"
8747,3,23,-9,112,150,5.00222085975e-12,150,NO,0.9,0,18,1,4.83659842094,0.831134359092,True,False,False,150,5.00222085975e-12,5.00222085975e-12,37.5,False,9.75433067651e-14,"min(187.5, realized_PEL4 + Stage89QG_DeltaP_from_realized)"
8747,3,24,-8,126,150,37.5,187.5,YES,0.902159747587,0.00215974758658,18,1,4.58872925527,0.784780191142,False,False,False,187.5,37.5,37.5,0,True,0.73125,"min(187.5, realized_PEL4 + Stage89QG_DeltaP_from_realized)"
8747,4,25,-7,143,150,37.5,187.5,YES,0.911529629612,0.0115296296119,18,1,4.12988724534,0.703818310359,False,False,False,187.5,37.5,37.5,0,True,0.73125,"min(187.5, realized_PEL4 + Stage89QG_DeltaP_from_realized)"
8747,4,26,-6,246,150,37.5,187.5,YES,0.915515937765,0.0155159377646,18,1,3.93339839837,0.669120361452,False,False,False,187.5,37.5,37.5,0,True,0.73125,"min(187.5, realized_PEL4 + Stage89QG_DeltaP_from_realized)"
8747,4,27,-5,314,150,37.5,187.5,YES,0.916817228837,0.0168172288367,18,1,3.86909530341,0.657760776879,False,False,False,187.5,37.5,37.5,0,True,0.73125,"min(187.5, realized_PEL4 + Stage89QG_DeltaP_from_realized)"
8747,4,28,-4,389,150,37.5,187.5,YES,0.918140268862,0.0181402688616,18,1,3.80363727027,0.646194793909,False,False,False,187.5,37.5,37.5,0,True,0.73125,"min(187.5, realized_PEL4 + Stage89QG_DeltaP_from_realized)"
8747,4,29,-3,465,150,37.5,187.5,YES,0.918942607567,0.0189426075673,18,1,3.76390210657,0.63917264477,False,False,False,187.5,37.5,37.5,0,True,0.73125,"min(187.5, realized_PEL4 + Stage89QG_DeltaP_from_realized)"
8747,4,30,-2,511,150,37.5,187.5,YES,0.920780645829,0.0207806458285,18,1,3.6727647071,0.623062827971,False,False,False,187.5,37.5,37.5,0,True,0.73125,"min(187.5, realized_PEL4 + Stage89QG_DeltaP_from_realized)"
8747,4,31,-1,551,150,37.5,187.5,YES,0.922097999101,0.0220979991009,18,1,3.60735175534,0.611496845002,False,False,False,187.5,37.5,37.5,0,True,0.73125,"min(187.5, realized_PEL4 + Stage89QG_DeltaP_from_realized)"
9334,2,16,-16,26,0,187.5,187.5,YES,0.926051161147,0.0260511611468,33,1,3.81596747025,0.67176969161,False,False,False,187.5,37.5,37.5,0,True,0.73125,"min(187.5, realized_PEL4 + Stage89QG_DeltaP_from_realized)"
9334,3,17,-15,37,150,37.5,187.5,YES,0.91105167545,0.0110516754495,18,1,4.35433075652,0.749892361094,False,False,False,187.5,37.5,37.5,0,True,0.73125,"min(187.5, realized_PEL4 + Stage89QG_DeltaP_from_realized)"
9334,3,18,-14,42,150,37.5,187.5,YES,0.911426916062,0.0114269160624,18,1,4.2650685685,0.731966110596,False,False,False,187.5,37.5,37.5,0,True,0.73125,"min(187.5, realized_PEL4 + Stage89QG_DeltaP_from_realized)"
9334,3,19,-13,50,150,37.5,187.5,YES,0.905883997991,0.00588399799057,18,1,4.44553078244,0.760805100893,False,False,False,187.5,37.5,37.5,0,True,0.73125,"min(187.5, realized_PEL4 + Stage89QG_DeltaP_from_realized)"
9334,3,20,-12,61,150,0,150,NO,0.9,0,18,1,4.87591690154,0.838458765362,True,False,False,150,0,0,37.5,False,0,"min(187.5, realized_PEL4 + Stage89QG_DeltaP_from_realized)"
9334,3,21,-11,78,150,2.72848410532e-12,150,NO,0.9,0,18,1,4.95640698938,0.853440280584,True,False,False,150,2.72848410532e-12,2.72848410532e-12,37.5,False,5.32054400537e-14,"min(187.5, realized_PEL4 + Stage89QG_DeltaP_from_realized)"
9334,3,22,-10,92,150,0,150,NO,0.9,0,18,1,4.87591690154,0.838458765362,True,False,False,150,0,0,37.5,False,0,"min(187.5, realized_PEL4 + Stage89QG_DeltaP_from_realized)"
9334,3,23,-9,115,150,0,150,NO,0.9,0,18,1,4.83659842094,0.831134359092,True,False,False,150,0,0,37.5,False,0,"min(187.5, realized_PEL4 + Stage89QG_DeltaP_from_realized)"
9334,3,24,-8,126,150,37.5,187.5,YES,0.902159747587,0.00215974758658,18,1,4.58872925527,0.784780191142,False,False,False,187.5,37.5,37.5,0,True,0.73125,"min(187.5, realized_PEL4 + Stage89QG_DeltaP_from_realized)"
9334,4,25,-7,143,150,37.5,187.5,YES,0.911529629612,0.0115296296119,18,1,4.12988724534,0.703818310359,False,False,False,187.5,37.5,37.5,0,True,0.73125,"min(187.5, realized_PEL4 + Stage89QG_DeltaP_from_realized)"
9334,4,26,-6,246,150,37.5,187.5,YES,0.915515937765,0.0155159377646,18,1,3.93339839837,0.669120361452,False,False,False,187.5,37.5,37.5,0,True,0.73125,"min(187.5, realized_PEL4 + Stage89QG_DeltaP_from_realized)"
9334,4,27,-5,314,150,37.5,187.5,YES,0.916817228837,0.0168172288367,18,1,3.86909530341,0.657760776879,False,False,False,187.5,37.5,37.5,0,True,0.73125,"min(187.5, realized_PEL4 + Stage89QG_DeltaP_from_realized)"
9334,4,28,-4,389,150,37.5,187.5,YES,0.918140268862,0.0181402688616,18,1,3.80363727027,0.646194793909,False,False,False,187.5,37.5,37.5,0,True,0.73125,"min(187.5, realized_PEL4 + Stage89QG_DeltaP_from_realized)"
9334,4,29,-3,465,150,37.5,187.5,YES,0.918942607567,0.0189426075673,18,1,3.76390210657,0.63917264477,False,False,False,187.5,37.5,37.5,0,True,0.73125,"min(187.5, realized_PEL4 + Stage89QG_DeltaP_from_realized)"
9334,4,30,-2,511,150,37.5,187.5,YES,0.920780645829,0.0207806458285,18,1,3.6727647071,0.623062827971,False,False,False,187.5,37.5,37.5,0,True,0.73125,"min(187.5, realized_PEL4 + Stage89QG_DeltaP_from_realized)"
9334,4,31,-1,551,150,37.5,187.5,YES,0.922097999101,0.0220979991009,18,1,3.60735175534,0.611496845002,False,False,False,187.5,37.5,37.5,0,True,0.73125,"min(187.5, realized_PEL4 + Stage89QG_DeltaP_from_realized)"
9428,2,16,-16,27,150,37.5,187.5,YES,0.911989752435,0.0119897524348,18,1,4.35223994628,0.750857600964,False,False,False,187.5,37.5,37.5,0,True,0.73125,"min(187.5, realized_PEL4 + Stage89QG_DeltaP_from_realized)"
9428,3,17,-15,37,150,37.5,187.5,YES,0.91105167545,0.0110516754495,18,1,4.35433075652,0.749892361094,False,False,False,187.5,37.5,37.5,0,True,0.73125,"min(187.5, realized_PEL4 + Stage89QG_DeltaP_from_realized)"
9428,3,18,-14,42,150,37.5,187.5,YES,0.911426916062,0.0114269160624,18,1,4.2650685685,0.731966110596,False,False,False,187.5,37.5,37.5,0,True,0.73125,"min(187.5, realized_PEL4 + Stage89QG_DeltaP_from_realized)"
9428,3,19,-13,50,150,37.5,187.5,YES,0.905883997991,0.00588399799057,18,1,4.44553078244,0.760805100893,False,False,False,187.5,37.5,37.5,0,True,0.73125,"min(187.5, realized_PEL4 + Stage89QG_DeltaP_from_realized)"
9428,3,20,-12,60,150,0,150,NO,0.9,0,18,1,4.87591690154,0.838458765362,True,False,False,150,0,0,37.5,False,0,"min(187.5, realized_PEL4 + Stage89QG_DeltaP_from_realized)"
9428,3,21,-11,77,150,3.41060513165e-12,150,NO,0.9,0,18,1,4.95640698938,0.853440280584,True,False,False,150,3.41060513165e-12,3.41060513165e-12,37.5,False,6.65068000671e-14,"min(187.5, realized_PEL4 + Stage89QG_DeltaP_from_realized)"
9428,3,22,-10,90,150,0,150,NO,0.9,0,18,1,4.87591690154,0.838458765362,True,False,False,150,0,0,37.5,False,0,"min(187.5, realized_PEL4 + Stage89QG_DeltaP_from_realized)"
9428,3,23,-9,111,150,5.45696821064e-12,150,NO,0.9,0,18,1,4.83659842094,0.831134359092,True,False,False,150,5.45696821064e-12,5.45696821064e-12,37.5,False,1.06410880107e-13,"min(187.5, realized_PEL4 + Stage89QG_DeltaP_from_realized)"
9428,3,24,-8,126,150,37.5,187.5,YES,0.902159747587,0.00215974758658,18,1,4.58872925527,0.784780191142,False,False,False,187.5,37.5,37.5,0,True,0.73125,"min(187.5, realized_PEL4 + Stage89QG_DeltaP_from_realized)"
9428,4,25,-7,143,150,37.5,187.5,YES,0.911529629612,0.0115296296119,18,1,4.12988724534,0.703818310359,False,False,False,187.5,37.5,37.5,0,True,0.73125,"min(187.5, realized_PEL4 + Stage89QG_DeltaP_from_realized)"
9428,4,26,-6,246,150,37.5,187.5,YES,0.915515937765,0.0155159377646,18,1,3.93339839837,0.669120361452,False,False,False,187.5,37.5,37.5,0,True,0.73125,"min(187.5, realized_PEL4 + Stage89QG_DeltaP_from_realized)"
9428,4,27,-5,314,150,37.5,187.5,YES,0.916817228837,0.0168172288367,18,1,3.86909530341,0.657760776879,False,False,False,187.5,37.5,37.5,0,True,0.73125,"min(187.5, realized_PEL4 + Stage89QG_DeltaP_from_realized)"
9428,4,28,-4,389,150,37.5,187.5,YES,0.918140268862,0.0181402688616,18,1,3.80363727027,0.646194793909,False,False,False,187.5,37.5,37.5,0,True,0.73125,"min(187.5, realized_PEL4 + Stage89QG_DeltaP_from_realized)"
9428,4,29,-3,465,150,37.5,187.5,YES,0.918942607567,0.0189426075673,18,1,3.76390210657,0.63917264477,False,False,False,187.5,37.5,37.5,0,True,0.73125,"min(187.5, realized_PEL4 + Stage89QG_DeltaP_from_realized)"
9428,4,30,-2,511,150,37.5,187.5,YES,0.920780645829,0.0207806458285,18,1,3.6727647071,0.623062827971,False,False,False,187.5,37.5,37.5,0,True,0.73125,"min(187.5, realized_PEL4 + Stage89QG_DeltaP_from_realized)"
9428,4,31,-1,551,150,37.5,187.5,YES,0.922097999101,0.0220979991009,18,1,3.60735175534,0.611496845002,False,False,False,187.5,37.5,37.5,0,True,0.73125,"min(187.5, realized_PEL4 + Stage89QG_DeltaP_from_realized)"
9825,2,16,-16,27,150,37.5,187.5,YES,0.911989752435,0.0119897524348,18,1,4.35223994628,0.750857600964,False,False,False,187.5,37.5,37.5,0,True,0.73125,"min(187.5, realized_PEL4 + Stage89QG_DeltaP_from_realized)"
9825,3,17,-15,37,150,37.5,187.5,YES,0.91105167545,0.0110516754495,18,1,4.35433075652,0.749892361094,False,False,False,187.5,37.5,37.5,0,True,0.73125,"min(187.5, realized_PEL4 + Stage89QG_DeltaP_from_realized)"
9825,3,18,-14,42,150,37.5,187.5,YES,0.911426916062,0.0114269160624,18,1,4.2650685685,0.731966110596,False,False,False,187.5,37.5,37.5,0,True,0.73125,"min(187.5, realized_PEL4 + Stage89QG_DeltaP_from_realized)"
9825,3,19,-13,50,150,37.5,187.5,YES,0.905883997991,0.00588399799057,18,1,4.44553078244,0.760805100893,False,False,False,187.5,37.5,37.5,0,True,0.73125,"min(187.5, realized_PEL4 + Stage89QG_DeltaP_from_realized)"
9825,3,20,-12,62,150,0,150,NO,0.9,0,18,1,4.87591690154,0.838458765362,True,False,False,150,0,0,37.5,False,0,"min(187.5, realized_PEL4 + Stage89QG_DeltaP_from_realized)"
9825,3,21,-11,79,150,0,150,NO,0.9,0,18,1,4.95640698938,0.853440280584,True,False,False,150,0,0,37.5,False,0,"min(187.5, realized_PEL4 + Stage89QG_DeltaP_from_realized)"
9825,3,22,-10,93,150,0,150,NO,0.9,0,18,1,4.87591690154,0.838458765362,True,False,False,150,0,0,37.5,False,0,"min(187.5, realized_PEL4 + Stage89QG_DeltaP_from_realized)"
9825,3,23,-9,112,150,5.00222085975e-12,150,NO,0.9,0,18,1,4.83659842094,0.831134359092,True,False,False,150,5.00222085975e-12,5.00222085975e-12,37.5,False,9.75433067651e-14,"min(187.5, realized_PEL4 + Stage89QG_DeltaP_from_realized)"
9825,3,24,-8,126,150,37.5,187.5,YES,0.902159747587,0.00215974758658,18,1,4.58872925527,0.784780191142,False,False,False,187.5,37.5,37.5,0,True,0.73125,"min(187.5, realized_PEL4 + Stage89QG_DeltaP_from_realized)"
9825,4,25,-7,143,150,37.5,187.5,YES,0.911529629612,0.0115296296119,18,1,4.12988724534,0.703818310359,False,False,False,187.5,37.5,37.5,0,True,0.73125,"min(187.5, realized_PEL4 + Stage89QG_DeltaP_from_realized)"
9825,4,26,-6,246,150,37.5,187.5,YES,0.915515937765,0.0155159377646,18,1,3.93339839837,0.669120361452,False,False,False,187.5,37.5,37.5,0,True,0.73125,"min(187.5, realized_PEL4 + Stage89QG_DeltaP_from_realized)"
9825,4,27,-5,314,150,37.5,187.5,YES,0.916817228837,0.0168172288367,18,1,3.86909530341,0.657760776879,False,False,False,187.5,37.5,37.5,0,True,0.73125,"min(187.5, realized_PEL4 + Stage89QG_DeltaP_from_realized)"
9825,4,28,-4,389,150,37.5,187.5,YES,0.918140268862,0.0181402688616,18,1,3.80363727027,0.646194793909,False,False,False,187.5,37.5,37.5,0,True,0.73125,"min(187.5, realized_PEL4 + Stage89QG_DeltaP_from_realized)"
9825,4,29,-3,465,150,37.5,187.5,YES,0.918942607567,0.0189426075673,18,1,3.76390210657,0.63917264477,False,False,False,187.5,37.5,37.5,0,True,0.73125,"min(187.5, realized_PEL4 + Stage89QG_DeltaP_from_realized)"
9825,4,30,-2,511,150,37.5,187.5,YES,0.920780645829,0.0207806458285,18,1,3.6727647071,0.623062827971,False,False,False,187.5,37.5,37.5,0,True,0.73125,"min(187.5, realized_PEL4 + Stage89QG_DeltaP_from_realized)"
9825,4,31,-1,551,150,37.5,187.5,YES,0.922097999101,0.0220979991009,18,1,3.60735175534,0.611496845002,False,False,False,187.5,37.5,37.5,0,True,0.73125,"min(187.5, realized_PEL4 + Stage89QG_DeltaP_from_realized)"
9955,3,24,-16,125,150,37.5,187.5,YES,0.912748791787,0.0127487917865,18,1,4.41055960374,0.759267962318,False,False,False,187.5,37.5,37.5,0,True,0.73125,"min(187.5, realized_PEL4 + Stage89QG_DeltaP_from_realized)"
9955,4,25,-15,143,150,37.5,187.5,YES,0.911529629612,0.0115296296119,18,1,4.12988724534,0.703818310359,False,False,False,187.5,37.5,37.5,0,True,0.73125,"min(187.5, realized_PEL4 + Stage89QG_DeltaP_from_realized)"
9955,4,26,-14,246,150,37.5,187.5,YES,0.915515937765,0.0155159377646,18,1,3.93339839837,0.669120361452,False,False,False,187.5,37.5,37.5,0,True,0.73125,"min(187.5, realized_PEL4 + Stage89QG_DeltaP_from_realized)"
9955,4,27,-13,314,150,37.5,187.5,YES,0.916817228837,0.0168172288367,18,1,3.86909530341,0.657760776879,False,False,False,187.5,37.5,37.5,0,True,0.73125,"min(187.5, realized_PEL4 + Stage89QG_DeltaP_from_realized)"
9955,4,28,-12,389,150,37.5,187.5,YES,0.918140268862,0.0181402688616,18,1,3.80363727027,0.646194793909,False,False,False,187.5,37.5,37.5,0,True,0.73125,"min(187.5, realized_PEL4 + Stage89QG_DeltaP_from_realized)"
9955,4,29,-11,459,150,37.5,187.5,YES,0.934541215879,0.0345412158793,18,1,3.54074570646,0.607467815703,False,False,False,187.5,37.5,37.5,0,True,0.73125,"min(187.5, realized_PEL4 + Stage89QG_DeltaP_from_realized)"
9955,4,30,-10,496,150,37.5,187.5,YES,0.937530717684,0.0375307176836,33,1,3.38574658782,0.582243261853,False,False,False,187.5,37.5,37.5,0,True,0.73125,"min(187.5, realized_PEL4 + Stage89QG_DeltaP_from_realized)"
9955,4,31,-9,544,150,37.5,187.5,YES,0.938773450875,0.038773450875,33,1,3.3200762028,0.570677278884,False,False,False,187.5,37.5,37.5,0,True,0.73125,"min(187.5, realized_PEL4 + Stage89QG_DeltaP_from_realized)"
9955,4,32,-8,552,0,187.5,187.5,YES,0.936211024363,0.0362110243634,33,1,3.25415971845,0.567106884555,False,False,False,187.5,37.5,37.5,0,True,0.73125,"min(187.5, realized_PEL4 + Stage89QG_DeltaP_from_realized)"
9955,5,33,-7,661,150,37.5,187.5,YES,0.910376134915,0.0103761349146,18,1,4.19751463833,0.716128640029,False,False,False,187.5,37.5,37.5,0,True,0.73125,"min(187.5, realized_PEL4 + Stage89QG_DeltaP_from_realized)"
9955,5,34,-6,728,150,37.5,187.5,YES,0.911208561254,0.0112085612539,18,1,4.1772092306,0.713244227439,False,False,False,187.5,37.5,37.5,0,True,0.73125,"min(187.5, realized_PEL4 + Stage89QG_DeltaP_from_realized)"
9955,5,35,-5,761,150,37.5,187.5,YES,0.908994613221,0.00899461322104,18,1,4.32397826579,0.740388819869,False,False,False,187.5,37.5,37.5,0,True,0.73125,"min(187.5, realized_PEL4 + Stage89QG_DeltaP_from_realized)"
9955,5,36,-4,785,150,37.5,187.5,YES,0.90866776765,0.00866776765037,18,1,4.39857219561,0.755414734318,False,False,False,187.5,37.5,37.5,0,True,0.73125,"min(187.5, realized_PEL4 + Stage89QG_DeltaP_from_realized)"
9955,5,37,-3,812,150,37.5,187.5,YES,0.908669345026,0.00866934502622,18,1,4.43203469175,0.762357187082,False,False,False,187.5,37.5,37.5,0,True,0.73125,"min(187.5, realized_PEL4 + Stage89QG_DeltaP_from_realized)"
9955,5,38,-2,840,150,37.5,187.5,YES,0.909662404328,0.00966240432792,18,1,4.46895359458,0.771453343297,False,False,False,187.5,37.5,37.5,0,True,0.73125,"min(187.5, realized_PEL4 + Stage89QG_DeltaP_from_realized)"
9955,5,39,-1,883,150,37.5,187.5,YES,0.913552226656,0.0135522266557,18,1,4.31473208467,0.745431762187,False,False,False,187.5,37.5,37.5,0,True,0.73125,"min(187.5, realized_PEL4 + Stage89QG_DeltaP_from_realized)"
