path_id,inventory_gain_rank,inventory_gain_percentile_from_top,gain_band,terminal_hit,terminal_state,terminal_state_k,high_gap_state_top7_flag,delta_final_inventory,delta_production,delta_htt,delta_ordinary_shortage,delta_operating_cost,saa_ordinary_shortage,dro_ordinary_shortage,saa_terminal_loh_target,dro_terminal_loh_target,delta_terminal_loh_target,saa_terminal_gap,dro_terminal_gap,delta_terminal_gap
3437,1,0.0001,top_1_percent,1,7.0,111.0,False,79.01864979089703,79.01864979089697,10.429671440025999,0.0,2899.412068332098,49.7931791629814,49.7931791629814,0.0,0.0,0.0,0.0,0.0,0.0
1015,2,0.0002,top_1_percent,1,2.0,71.0,False,76.72548296573098,76.72548296573103,21.0570187749227,0.0,2557.840917543399,49.7931791629814,49.7931791629814,0.0,110.465721330482,110.465721330482,0.0,0.0,0.0
9896,3,0.0003,top_1_percent,1,2.0,71.0,False,73.85385564146804,73.85385564146799,28.6086373742757,0.0,3016.2566149160994,49.7931791629814,49.7931791629814,0.0,110.465721330482,110.465721330482,0.0,0.0,0.0
1948,4,0.0004,top_1_percent,1,1.0,63.0,False,73.607391088253,73.607391088253,21.371191571365596,0.0,2884.115841409599,49.7931791629814,49.7931791629814,0.0,112.166696626405,112.166696626405,0.0,0.0,0.0
9037,5,0.0005,top_1_percent,1,7.0,111.0,False,73.44219429475197,73.44219429475203,18.7650607442988,0.0,2912.9160151443975,49.7931791629814,49.7931791629814,0.0,0.0,0.0,0.0,0.0,0.0
8295,6,0.0006,top_1_percent,1,6.0,103.0,False,71.72291036465703,71.72291036465799,3.3885786175929056,0.0,1861.1086039237016,56.538008369035,56.538008369035,0.0,0.71367875842609,0.71367875842609,0.0,0.0,0.0
2979,7,0.0007,top_1_percent,1,7.0,111.0,False,69.07922817946303,69.07922817946303,3.3885786175929056,0.0,1816.8698589127016,56.538008369035,56.538008369035,0.0,0.0,0.0,0.0,0.0,0.0
7408,8,0.0008,top_1_percent,1,7.0,111.0,False,67.24347093507401,67.24347093507401,-10.102653975253098,0.0,1988.188830617899,56.538008369035,56.538008369035,0.0,0.0,0.0,0.0,0.0,0.0
8895,9,0.0009,top_1_percent,1,1.0,63.0,False,66.99353866752398,66.99353866752404,-7.108079026504399,0.0,1832.364569480298,49.7931791629814,49.7931791629814,0.0,112.166696626405,112.166696626405,0.0,0.0,0.0
6760,10,0.001,top_1_percent,1,1.0,63.0,False,64.85491743774503,64.854917437744,-7.990521953868303,0.0,1719.7397268502973,56.538008369035,56.538008369035,0.0,112.166696626405,112.166696626405,0.0,0.0,0.0
7227,11,0.0011,top_1_percent,1,2.0,71.0,False,63.90107744821199,63.90107744821199,9.308853331876804,0.0,2064.895691555401,56.538008369035,56.538008369035,0.0,110.465721330482,110.465721330482,0.0,0.0,0.0
2383,12,0.0012,top_1_percent,1,7.0,111.0,False,63.378306358292946,63.378306358293,2.4653236111198,0.0,1616.7168456364998,56.538008369035,56.538008369035,0.0,0.0,0.0,0.0,0.0,0.0
2698,13,0.0013,top_1_percent,1,14.0,167.0,False,63.17426178608099,63.17426178608201,9.308853331876804,0.0,2049.074121451402,56.538008369035,56.538008369035,185.745847312004,299.484469224306,113.738621912302,0.0,0.0,0.0
9020,14,0.0014,top_1_percent,1,12.0,151.0,False,62.880168848013,62.880168848013,29.959201966259702,0.0,2783.554206561599,49.7931791629814,49.7931791629814,325.668930529416,382.364473540397,56.695543010981,0.0,2.95258187803694,2.95258187803694
5903,15,0.0015,top_1_percent,1,6.0,103.0,False,60.184153935399024,60.18415393539897,-8.080860413451703,0.0,773.6407047993016,22.2686838686158,22.2686838686158,0.0,0.71367875842609,0.71367875842609,0.0,0.0,0.0
6559,16,0.0016,top_1_percent,0,,,False,60.184153935399024,60.18415393539897,-8.080860413451703,0.0,799.6339096779993,22.2686838686158,22.2686838686158,,,,,,
4713,17,0.0017,top_1_percent,1,7.0,111.0,False,60.088122315431974,60.08812231543101,-5.169101609526699,0.0,1901.9248238065993,56.538008369035,56.538008369035,0.0,0.0,0.0,0.0,0.0,0.0
82,18,0.0018,top_1_percent,1,6.0,103.0,False,59.396444680881984,59.39644468088102,26.307034188949398,0.0,2329.6971244857996,0.0,0.0,0.0,0.71367875842609,0.71367875842609,0.0,0.0,0.0
148,19,0.0019,top_1_percent,1,7.0,111.0,False,59.396444680881984,59.39644468088102,26.106422253066295,0.0,2018.5277676552996,0.0,0.0,0.0,0.0,0.0,0.0,0.0,0.0
296,20,0.002,top_1_percent,1,6.0,103.0,False,59.396444680881984,59.39644468088102,26.106422253066295,0.0,2018.5277676552996,0.0,0.0,0.0,0.71367875842609,0.71367875842609,0.0,0.0,0.0
566,21,0.0021,top_1_percent,1,3.0,79.0,False,59.396444680881984,59.39644468088102,26.307034188949398,0.0,2329.6971244857996,0.0,0.0,0.0,79.4853371037635,79.4853371037635,0.0,0.0,0.0
796,22,0.0022,top_1_percent,1,5.0,95.0,False,59.396444680881984,59.39644468088102,26.106422253066295,0.0,2018.5277676552996,0.0,0.0,0.0,30.2757519474911,30.2757519474911,0.0,0.0,0.0
1113,23,0.0023,top_1_percent,0,,,False,59.396444680881984,59.39644468088102,26.307034188949398,0.0,2329.6971244857996,0.0,0.0,,,,,,
1289,24,0.0024,top_1_percent,1,7.0,111.0,False,59.396444680881984,59.39644468088102,26.307034188949398,0.0,2329.6971244857996,0.0,0.0,0.0,0.0,0.0,0.0,0.0,0.0
1588,25,0.0025,top_1_percent,1,5.0,95.0,False,59.396444680881984,59.39644468088102,26.106422253066295,0.0,2018.5277676552996,0.0,0.0,0.0,30.2757519474911,30.2757519474911,0.0,0.0,0.0
1743,26,0.0026,top_1_percent,1,3.0,79.0,False,59.396444680881984,59.39644468088102,26.307034188949398,0.0,2329.6971244857996,0.0,0.0,0.0,79.4853371037635,79.4853371037635,0.0,0.0,0.0
1748,27,0.0027,top_1_percent,1,6.0,103.0,False,59.396444680881984,59.39644468088102,26.307034188949398,0.0,2329.6971244857996,0.0,0.0,0.0,0.71367875842609,0.71367875842609,0.0,0.0,0.0
1782,28,0.0028,top_1_percent,1,7.0,111.0,False,59.396444680881984,59.39644468088102,26.307034188949498,0.0,2394.0542161048998,0.0,0.0,0.0,0.0,0.0,0.0,0.0,0.0
1962,29,0.0029,top_1_percent,1,14.0,167.0,False,59.396444680881984,59.39644468088102,26.307034188949398,0.0,2329.6971244857996,0.0,0.0,185.745847312004,299.484469224306,113.738621912302,0.0,0.0,0.0
1993,30,0.003,top_1_percent,1,6.0,103.0,False,59.396444680881984,59.39644468088102,26.106422253066295,0.0,2018.5277676552996,0.0,0.0,0.0,0.71367875842609,0.71367875842609,0.0,0.0,0.0
2458,31,0.0031,top_1_percent,1,5.0,95.0,False,59.396444680881984,59.39644468088102,26.307034188949398,0.0,2329.6971244857996,0.0,0.0,0.0,30.2757519474911,30.2757519474911,0.0,0.0,0.0
3787,32,0.0032,top_1_percent,1,13.0,159.0,False,59.396444680881984,59.39644468088102,26.307034188949398,0.0,2329.6971244857996,0.0,0.0,240.569511496604,355.126452344801,114.556940848197,0.0,0.0,0.0
4228,33,0.0033,top_1_percent,1,5.0,95.0,False,59.396444680881984,59.39644468088102,26.106422253066295,0.0,2018.5277676552996,0.0,0.0,0.0,30.2757519474911,30.2757519474911,0.0,0.0,0.0
4925,34,0.0034,top_1_percent,1,4.0,87.0,False,59.396444680881984,59.39644468088102,26.106422253066295,0.0,2018.5277676552996,0.0,0.0,0.0,67.6431305846633,67.6431305846633,0.0,0.0,0.0
5101,35,0.0035,top_1_percent,1,7.0,111.0,False,59.396444680881984,59.39644468088102,26.307034188949398,0.0,2329.6971244857996,0.0,0.0,0.0,0.0,0.0,0.0,0.0,0.0
6011,36,0.0036,top_1_percent,1,5.0,95.0,False,59.396444680881984,59.39644468088102,26.307034188949498,0.0,2394.0542161048998,0.0,0.0,0.0,30.2757519474911,30.2757519474911,0.0,0.0,0.0
6223,37,0.0037,top_1_percent,0,,,False,59.396444680881984,59.39644468088102,26.307034188949398,0.0,2329.6971244857996,0.0,0.0,,,,,,
6300,38,0.0038,top_1_percent,1,14.0,167.0,False,59.396444680881984,59.39644468088102,26.106422253066295,0.0,2018.5277676552996,0.0,0.0,185.745847312004,299.484469224306,113.738621912302,0.0,0.0,0.0
6649,39,0.0039,top_1_percent,1,6.0,103.0,False,59.396444680881984,59.39644468088102,26.307034188949398,0.0,2329.6971244857996,0.0,0.0,0.0,0.71367875842609,0.71367875842609,0.0,0.0,0.0
6700,40,0.004,top_1_percent,1,6.0,103.0,False,59.396444680881984,59.39644468088102,26.307034188949398,0.0,2329.6971244857996,0.0,0.0,0.0,0.71367875842609,0.71367875842609,0.0,0.0,0.0
6934,41,0.0041,top_1_percent,1,4.0,87.0,False,59.396444680881984,59.39644468088102,26.307034188949398,0.0,2329.6971244857996,0.0,0.0,0.0,67.6431305846633,67.6431305846633,0.0,0.0,0.0
7126,42,0.0042,top_1_percent,1,7.0,111.0,False,59.396444680881984,59.39644468088102,26.307034188949398,0.0,2329.6971244857996,0.0,0.0,0.0,0.0,0.0,0.0,0.0,0.0
7392,43,0.0043,top_1_percent,1,7.0,111.0,False,59.396444680881984,59.39644468088102,26.307034188949398,0.0,2329.6971244857996,0.0,0.0,0.0,0.0,0.0,0.0,0.0,0.0
7963,44,0.0044,top_1_percent,1,7.0,111.0,False,59.396444680881984,59.39644468088102,26.307034188949398,0.0,2329.6971244857996,0.0,0.0,0.0,0.0,0.0,0.0,0.0,0.0
8838,45,0.0045,top_1_percent,1,6.0,103.0,False,59.396444680881984,59.39644468088102,26.307034188949398,0.0,2329.6971244857996,0.0,0.0,0.0,0.71367875842609,0.71367875842609,0.0,0.0,0.0
8877,46,0.0046,top_1_percent,1,5.0,95.0,False,59.396444680881984,59.39644468088102,26.307034188949398,0.0,2329.6971244857996,0.0,0.0,0.0,30.2757519474911,30.2757519474911,0.0,0.0,0.0
9073,47,0.0047,top_1_percent,1,7.0,111.0,False,59.396444680881984,59.39644468088102,26.307034188949398,0.0,2329.6971244857996,0.0,0.0,0.0,0.0,0.0,0.0,0.0,0.0
7942,48,0.0048,top_1_percent,1,5.0,95.0,False,59.39644468088102,59.39644468088102,26.307034188949398,0.0,2570.1868526543003,0.0,0.0,0.0,30.2757519474911,30.2757519474911,0.0,0.0,0.0
8250,49,0.0049,top_1_percent,1,3.0,79.0,False,59.39644468088102,59.39644468088102,26.307034188949398,0.0,2570.1868526543003,0.0,0.0,0.0,79.4853371037635,79.4853371037635,0.0,0.0,0.0
6427,50,0.005,top_1_percent,1,7.0,111.0,False,59.20790289302602,59.20790289302602,-1.5001883313586006,0.0,1854.9150707831977,56.538008369035,56.538008369035,0.0,0.0,0.0,0.0,0.0,0.0
7449,51,0.0051,top_1_percent,1,4.0,87.0,False,58.62059962917999,58.62059962917999,-2.1644365773775007,0.0,961.9568784702024,22.2686838686158,22.2686838686158,0.0,67.6431305846633,67.6431305846633,0.0,0.0,0.0
9577,52,0.0052,top_1_percent,1,7.0,111.0,False,58.19199847134604,58.191998471345016,30.592530798387,0.0,2474.7814853779,0.0,0.0,0.0,0.0,0.0,0.0,0.0,0.0
3946,53,0.0053,top_1_percent,0,,,False,58.185831271480026,58.185831271480026,-1.111336543306308,0.0,1000.3866151447,22.2686838686158,22.2686838686158,,,,,,
8305,54,0.0054,top_1_percent,1,9.0,127.0,False,58.07404762787496,58.07404762787502,33.3208138424725,0.0,2712.1744351033994,0.0,0.0,382.129122003109,405.313274925785,23.18415292267599,12.2757423730683,14.7293363683768,2.4535939953084984
7436,55,0.0055,top_1_percent,1,7.0,111.0,False,57.781330759431,57.781330759431,22.7768298955216,0.0,2253.9168004442,49.7931791629814,49.7931791629814,0.0,0.0,0.0,0.0,0.0,0.0
61,56,0.0056,top_1_percent,1,6.0,103.0,False,57.76032163228501,57.76032163228501,46.4679265833162,0.0,3604.5189928148993,0.0,0.0,0.0,0.71367875842609,0.71367875842609,0.0,0.0,0.0
433,57,0.0057,top_1_percent,1,2.0,71.0,False,57.76032163228501,57.76032163228501,46.4679265833162,0.0,3604.5189928148993,0.0,0.0,0.0,110.465721330482,110.465721330482,0.0,0.0,0.0
3123,58,0.0058,top_1_percent,1,2.0,71.0,False,57.76032163228501,57.76032163228501,46.4679265833162,0.0,3604.5189928148993,0.0,0.0,0.0,110.465721330482,110.465721330482,0.0,0.0,0.0
4600,59,0.0059,top_1_percent,1,3.0,79.0,False,57.76032163228501,57.76032163228501,46.4679265833162,0.0,3604.5189928148993,0.0,0.0,0.0,79.4853371037635,79.4853371037635,0.0,0.0,0.0
7471,60,0.006,top_1_percent,1,3.0,79.0,False,57.76032163228501,57.76032163228501,46.4679265833162,0.0,3604.5189928148993,0.0,0.0,0.0,79.4853371037635,79.4853371037635,0.0,0.0,0.0
7618,61,0.0061,top_1_percent,0,,,False,57.76032163228501,57.76032163228501,46.4679265833162,0.0,3604.5189928148993,0.0,0.0,,,,,,
8046,62,0.0062,top_1_percent,1,7.0,111.0,False,57.76032163228501,57.76032163228501,46.4679265833162,0.0,3604.5189928148993,0.0,0.0,0.0,0.0,0.0,0.0,0.0,0.0
8996,63,0.0063,top_1_percent,1,3.0,79.0,False,57.76032163228501,57.76032163228501,46.4679265833162,0.0,3604.5189928148993,0.0,0.0,0.0,79.4853371037635,79.4853371037635,0.0,0.0,0.0
9232,64,0.0064,top_1_percent,1,4.0,87.0,False,57.76032163228501,57.76032163228501,46.4679265833162,0.0,3604.5189928148993,0.0,0.0,0.0,67.6431305846633,67.6431305846633,0.0,0.0,0.0
310,65,0.0065,top_1_percent,1,7.0,111.0,False,57.62903831686202,57.629038316861,30.592530798387,0.0,2643.2213691569996,0.0,0.0,0.0,0.0,0.0,0.0,0.0,0.0
780,66,0.0066,top_1_percent,1,4.0,87.0,False,57.62903831686202,57.629038316861,30.592530798387,0.0,2643.2213691569996,0.0,0.0,0.0,67.6431305846633,67.6431305846633,0.0,0.0,0.0
7730,67,0.0067,top_1_percent,1,1.0,63.0,False,57.32465402224801,57.324654022247955,2.577727988539799,0.0,2343.982039055303,49.7931791629814,49.7931791629814,0.0,112.166696626405,112.166696626405,0.0,0.0,0.0
87,68,0.0068,top_1_percent,1,6.0,103.0,False,57.05956116451398,57.059561164515,45.5910630640119,0.0,3576.4329656863993,0.0,0.0,0.0,0.71367875842609,0.71367875842609,0.0,0.0,0.0
1312,69,0.0069,top_1_percent,1,6.0,103.0,False,57.05956116451398,57.059561164515,45.5910630640119,0.0,3576.4329656863993,0.0,0.0,0.0,0.71367875842609,0.71367875842609,0.0,0.0,0.0
2308,70,0.007,top_1_percent,1,6.0,103.0,False,57.05956116451398,57.059561164515,45.5910630640119,0.0,3576.4329656863993,0.0,0.0,0.0,0.71367875842609,0.71367875842609,0.0,0.0,0.0
2534,71,0.0071,top_1_percent,1,3.0,79.0,False,57.05956116451398,57.059561164515,45.5910630640119,0.0,3576.4329656863993,0.0,0.0,0.0,79.4853371037635,79.4853371037635,0.0,0.0,0.0
3010,72,0.0072,top_1_percent,1,7.0,111.0,False,57.05956116451398,57.059561164515,45.5910630640119,0.0,3576.4329656863993,0.0,0.0,0.0,0.0,0.0,0.0,0.0,0.0
3132,73,0.0073,top_1_percent,1,6.0,103.0,False,57.05956116451398,57.059561164515,45.5910630640119,0.0,3576.4329656863993,0.0,0.0,0.0,0.71367875842609,0.71367875842609,0.0,0.0,0.0
3141,74,0.0074,top_1_percent,1,7.0,111.0,False,57.05956116451398,57.059561164515,45.5910630640119,0.0,3576.4329656863993,0.0,0.0,0.0,0.0,0.0,0.0,0.0,0.0
4666,75,0.0075,top_1_percent,1,3.0,79.0,False,57.05956116451398,57.059561164515,45.5910630640119,0.0,3576.4329656863993,0.0,0.0,0.0,79.4853371037635,79.4853371037635,0.0,0.0,0.0
7340,76,0.0076,top_1_percent,1,3.0,79.0,False,57.05956116451398,57.059561164515,45.5910630640119,0.0,3576.4329656863993,0.0,0.0,0.0,79.4853371037635,79.4853371037635,0.0,0.0,0.0
8125,77,0.0077,top_1_percent,1,6.0,103.0,False,57.05956116451398,57.059561164515,45.5910630640119,0.0,3576.4329656863993,0.0,0.0,0.0,0.71367875842609,0.71367875842609,0.0,0.0,0.0
492,78,0.0078,top_1_percent,1,7.0,111.0,False,56.553781487271976,56.553781487273,-6.2210970569216,0.0,1569.174682468998,56.538008369035,56.538008369035,0.0,0.0,0.0,0.0,0.0,0.0
8752,79,0.0079,top_1_percent,1,7.0,111.0,False,56.458184965844,56.458184965844,23.8237370627801,0.0,1872.2550442611027,49.7931791629814,49.7931791629814,0.0,0.0,0.0,0.0,0.0,0.0
404,80,0.008,top_1_percent,1,7.0,111.0,False,56.415067134203014,56.41506713420404,-4.2930240901809995,0.0,1607.1310850908994,56.538008369035,56.538008369035,0.0,0.0,0.0,0.0,0.0,0.0
1533,81,0.0081,top_1_percent,1,7.0,111.0,False,55.41981497682502,55.41981497682599,30.5925307983871,0.0,2367.6288299500993,0.0,0.0,0.0,0.0,0.0,0.0,0.0,0.0
4080,82,0.0082,top_1_percent,0,,,False,55.41981497682502,55.41981497682599,30.5925307983871,0.0,2367.6288299500993,0.0,0.0,,,,,,
4449,83,0.0083,top_1_percent,1,7.0,111.0,False,55.41981497682502,55.41981497682599,30.5925307983871,0.0,2367.6288299500993,0.0,0.0,0.0,0.0,0.0,0.0,0.0,0.0
7968,84,0.0084,top_1_percent,1,5.0,95.0,False,55.41981497682502,55.41981497682599,30.5925307983871,0.0,2367.6288299500993,0.0,0.0,0.0,30.2757519474911,30.2757519474911,0.0,0.0,0.0
794,85,0.0085,top_1_percent,1,3.0,79.0,False,55.12649677817598,55.12649677817603,30.047021701996798,0.0,2346.1819547738996,0.0,0.0,0.0,79.4853371037635,79.4853371037635,0.0,0.0,0.0
2574,86,0.0086,top_1_percent,1,6.0,103.0,False,55.12649677817598,55.12649677817603,30.047021701996798,0.0,2346.1819547738996,0.0,0.0,0.0,0.71367875842609,0.71367875842609,0.0,0.0,0.0
3616,87,0.0087,top_1_percent,1,14.0,167.0,False,55.12649677817598,55.12649677817603,30.047021701996798,0.0,2346.1819547738996,0.0,0.0,185.745847312004,299.484469224306,113.738621912302,0.0,0.0,0.0
4761,88,0.0088,top_1_percent,0,,,False,55.12649677817598,55.12649677817603,30.047021701996798,0.0,2346.1819547738996,0.0,0.0,,,,,,
5647,89,0.0089,top_1_percent,1,6.0,103.0,False,55.12649677817598,55.12649677817603,30.047021701996798,0.0,2346.1819547738996,0.0,0.0,0.0,0.71367875842609,0.71367875842609,0.0,0.0,0.0
5999,90,0.009,top_1_percent,1,7.0,111.0,False,55.12649677817598,55.12649677817603,30.047021701996798,0.0,2346.1819547738996,0.0,0.0,0.0,0.0,0.0,0.0,0.0,0.0
5212,91,0.0091,top_1_percent,1,1.0,63.0,False,54.44487969469401,54.44487969469503,7.8234031671573945,0.0,1153.7315355028004,106.331187532016,106.331187532016,0.0,112.166696626405,112.166696626405,0.0,0.0,0.0
947,92,0.0092,top_1_percent,1,5.0,95.0,False,54.13617205963499,54.13617205963499,5.665197467866399,0.0,1677.4545284388005,0.0,0.0,0.0,30.2757519474911,30.2757519474911,0.0,0.0,0.0
4487,93,0.0093,top_1_percent,1,1.0,63.0,False,53.61368641423104,53.613686414232006,0.40393107597400046,0.0,1724.2027384391986,56.538008369035,56.538008369035,0.0,112.166696626405,112.166696626405,0.0,0.0,0.0
3540,94,0.0094,top_1_percent,1,14.0,167.0,False,53.51189912617002,41.241493503616994,28.1558762868132,12.2704056225523,4020.1531659483007,15.3818266547642,27.6522322773165,185.745847312004,299.484469224306,113.738621912302,0.0,0.0,0.0
4662,95,0.0095,top_1_percent,1,14.0,167.0,False,53.51189912617002,41.241493503616994,28.1558762868132,12.2704056225523,4020.1531659483007,15.3818266547642,27.6522322773165,185.745847312004,299.484469224306,113.738621912302,0.0,0.0,0.0
411,96,0.0096,top_1_percent,1,3.0,79.0,False,53.234637694654964,53.23463769465502,17.605493168507603,0.0,1947.8301575703008,0.0,0.0,0.0,79.4853371037635,79.4853371037635,0.0,0.0,0.0
9086,97,0.0097,top_1_percent,1,2.0,71.0,False,53.11330515503397,53.11330515503403,41.5125978533232,0.0,3252.0223696862995,0.0,0.0,0.0,110.465721330482,110.465721330482,0.0,0.0,0.0
1858,98,0.0098,top_1_percent,1,7.0,111.0,False,52.278741508365954,52.27874150836499,9.933370341204498,0.0,1759.3161484758002,0.0,0.0,0.0,0.0,0.0,0.0,0.0,0.0
2457,99,0.0099,top_1_percent,1,7.0,111.0,False,52.278741508365954,52.27874150836499,9.933370341204498,0.0,1759.3161484758002,0.0,0.0,0.0,0.0,0.0,0.0,0.0,0.0
5166,100,0.01,top_1_percent,1,5.0,95.0,False,52.278741508365954,52.27874150836499,9.933370341204498,0.0,1759.3161484758002,0.0,0.0,0.0,30.2757519474911,30.2757519474911,0.0,0.0,0.0
5498,101,0.0101,top_1_to_5_percent,0,,,False,52.278741508365954,52.27874150836499,9.933370341204498,0.0,1759.3161484758002,0.0,0.0,,,,,,
6734,102,0.0102,top_1_to_5_percent,1,2.0,71.0,False,51.528256347146,51.528256347146,21.875282419468302,0.0,1774.9827524613975,49.7931791629814,49.7931791629814,0.0,110.465721330482,110.465721330482,0.0,0.0,0.0
1373,103,0.0103,top_1_to_5_percent,1,7.0,111.0,False,51.51813376823799,51.51813376823799,16.901962779869095,0.0,1770.9485079574006,0.0,0.0,0.0,0.0,0.0,0.0,0.0,0.0
1640,104,0.0104,top_1_to_5_percent,1,5.0,95.0,False,51.51813376823799,51.51813376823799,16.901962779869095,0.0,1770.9485079573005,0.0,0.0,0.0,30.2757519474911,30.2757519474911,0.0,0.0,0.0
1710,105,0.0105,top_1_to_5_percent,1,6.0,103.0,False,51.51813376823799,51.51813376823799,16.901962779869095,0.0,1770.9485079574006,0.0,0.0,0.0,0.71367875842609,0.71367875842609,0.0,0.0,0.0
2865,106,0.0106,top_1_to_5_percent,1,7.0,111.0,False,51.51813376823799,51.51813376823799,16.901962779869095,0.0,1770.9485079573005,0.0,0.0,0.0,0.0,0.0,0.0,0.0,0.0
3188,107,0.0107,top_1_to_5_percent,1,7.0,111.0,False,51.51813376823799,51.51813376823799,16.901962779869095,0.0,1770.9485079573005,0.0,0.0,0.0,0.0,0.0,0.0,0.0,0.0
3332,108,0.0108,top_1_to_5_percent,1,4.0,87.0,False,51.51813376823799,51.51813376823799,16.901962779869095,0.0,1770.9485079573005,0.0,0.0,0.0,67.6431305846633,67.6431305846633,0.0,0.0,0.0
3957,109,0.0109,top_1_to_5_percent,1,7.0,111.0,False,51.51813376823799,51.51813376823799,16.901962779869095,0.0,1770.9485079573005,0.0,0.0,0.0,0.0,0.0,0.0,0.0,0.0
3968,110,0.011,top_1_to_5_percent,1,12.0,151.0,False,51.51813376823799,51.51813376823799,16.901962779869095,0.0,1770.9485079573005,0.0,0.0,325.668930529416,382.364473540397,56.695543010981,7.1231992046157,23.3353137877147,16.212114583099
4015,111,0.0111,top_1_to_5_percent,1,7.0,111.0,False,51.51813376823799,51.51813376823799,16.901962779869095,0.0,1770.9485079573005,0.0,0.0,0.0,0.0,0.0,0.0,0.0,0.0
4028,112,0.0112,top_1_to_5_percent,1,12.0,151.0,False,51.51813376823799,51.51813376823799,16.901962779869095,0.0,1770.9485079573005,0.0,0.0,325.668930529416,382.364473540397,56.695543010981,7.1231992046157,23.3353137877147,16.212114583099
4920,113,0.0113,top_1_to_5_percent,1,7.0,111.0,False,51.51813376823799,51.51813376823799,16.901962779869095,0.0,1770.9485079573005,0.0,0.0,0.0,0.0,0.0,0.0,0.0,0.0
6588,114,0.0114,top_1_to_5_percent,1,5.0,95.0,False,51.51813376823799,51.51813376823799,16.901962779869095,0.0,1770.9485079573005,0.0,0.0,0.0,30.2757519474911,30.2757519474911,0.0,0.0,0.0
6721,115,0.0115,top_1_to_5_percent,1,7.0,111.0,False,51.51813376823799,51.51813376823799,16.901962779869095,0.0,1770.9485079573005,0.0,0.0,0.0,0.0,0.0,0.0,0.0,0.0
6828,116,0.0116,top_1_to_5_percent,1,5.0,95.0,False,51.51813376823799,51.51813376823799,16.901962779869095,0.0,1770.9485079573005,0.0,0.0,0.0,30.2757519474911,30.2757519474911,0.0,0.0,0.0
7754,117,0.0117,top_1_to_5_percent,1,7.0,111.0,False,51.51813376823799,51.51813376823799,16.901962779869095,0.0,1770.9485079573005,0.0,0.0,0.0,0.0,0.0,0.0,0.0,0.0
9924,118,0.0118,top_1_to_5_percent,1,7.0,111.0,False,51.51813376823799,51.51813376823799,16.901962779869095,0.0,1770.9485079573005,0.0,0.0,0.0,0.0,0.0,0.0,0.0,0.0
4397,119,0.0119,top_1_to_5_percent,1,2.0,71.0,False,51.44678926949899,51.446789269500016,27.027857757653397,0.0,2467.9197162653,0.0,0.0,0.0,110.465721330482,110.465721330482,0.0,0.0,0.0
1761,120,0.012,top_1_to_5_percent,1,6.0,103.0,False,51.277175019761955,51.277175019761046,5.649023903363997,0.0,1830.3795232226003,0.0,0.0,0.0,0.71367875842609,0.71367875842609,0.0,0.0,0.0
2190,121,0.0121,top_1_to_5_percent,1,7.0,111.0,False,51.277175019761955,51.277175019761046,5.649023903363997,0.0,1830.3795232226003,0.0,0.0,0.0,0.0,0.0,0.0,0.0,0.0
3641,122,0.0122,top_1_to_5_percent,1,7.0,111.0,False,51.277175019761955,51.277175019761046,5.649023903363997,0.0,1830.3795232226003,0.0,0.0,0.0,0.0,0.0,0.0,0.0,0.0
4539,123,0.0123,top_1_to_5_percent,1,1.0,63.0,False,51.277175019761955,51.27717501976201,11.223671427080802,0.0,2144.4233948936,0.0,0.0,0.0,112.166696626405,112.166696626405,0.0,0.0,0.0
4947,124,0.0124,top_1_to_5_percent,1,6.0,103.0,False,51.277175019761955,51.277175019761046,5.649023903363997,0.0,1830.3795232226003,0.0,0.0,0.0,0.71367875842609,0.71367875842609,0.0,0.0,0.0
5119,125,0.0125,top_1_to_5_percent,1,7.0,111.0,False,51.277175019761955,51.27717501976201,10.997373949636,0.0,2076.3573700675006,0.0,0.0,0.0,0.0,0.0,0.0,0.0,0.0
6101,126,0.0126,top_1_to_5_percent,1,7.0,111.0,False,51.277175019761955,51.27717501976201,6.129869735200401,0.0,1683.7530677747,0.0,0.0,0.0,0.0,0.0,0.0,0.0,0.0
6174,127,0.0127,top_1_to_5_percent,1,4.0,87.0,False,51.277175019761955,51.27717501976201,6.129869735200401,0.0,1683.7530677747,0.0,0.0,0.0,67.6431305846633,67.6431305846633,0.0,0.0,0.0
6500,128,0.0128,top_1_to_5_percent,1,10.0,135.0,False,51.277175019761955,51.27717501976201,6.129869735200401,0.0,1683.7530677747,0.0,0.0,372.309958268554,405.313258646956,33.003300378402,17.1835365354829,6.81930707746129,-10.364229458021612
7428,129,0.0129,top_1_to_5_percent,1,3.0,79.0,False,51.277175019761955,51.27717501976201,6.129869735200401,0.0,1683.7530677747,0.0,0.0,0.0,79.4853371037635,79.4853371037635,0.0,0.0,0.0
8727,130,0.013,top_1_to_5_percent,1,6.0,103.0,False,51.277175019761955,51.27717501976201,10.4786130341246,0.0,1947.2111625634006,0.0,0.0,0.0,0.71367875842609,0.71367875842609,0.0,0.0,0.0
9938,131,0.0131,top_1_to_5_percent,1,14.0,167.0,False,51.277175019761955,51.277175019761046,5.649023903363997,0.0,1830.3795232226003,0.0,0.0,185.745847312004,299.484469224306,113.738621912302,0.0,3.97903932025656e-13,3.97903932025656e-13
547,132,0.0132,top_1_to_5_percent,1,7.0,111.0,False,51.27717501975599,51.277175019756044,5.215520400172899,0.0,1669.3051418434006,0.0,0.0,0.0,0.0,0.0,0.0,0.0,0.0
2835,133,0.0133,top_1_to_5_percent,1,7.0,111.0,False,51.27717501975599,51.277175019756044,3.9450306577822047,0.0,1570.8004792656993,0.0,0.0,0.0,0.0,0.0,0.0,0.0,0.0
3880,134,0.0134,top_1_to_5_percent,1,4.0,87.0,False,51.27717501975599,51.277175019756044,3.443425874930803,0.0,1557.7016542514011,0.0,0.0,0.0,67.6431305846633,67.6431305846633,0.0,0.0,0.0
5197,135,0.0135,top_1_to_5_percent,1,5.0,95.0,False,51.27717501975599,51.277175019756044,6.835183314742004,0.0,1695.7228542303,0.0,0.0,0.0,30.2757519474911,30.2757519474911,0.0,0.0,0.0
9051,136,0.0136,top_1_to_5_percent,1,5.0,95.0,False,51.27717501975599,51.277175019756044,11.440153543583598,0.0,1856.0933268435,0.0,0.0,0.0,30.2757519474911,30.2757519474911,0.0,0.0,0.0
9537,137,0.0137,top_1_to_5_percent,1,4.0,87.0,False,51.27717501975599,51.277175019756044,11.440153543583598,0.0,1856.0933268435,0.0,0.0,0.0,67.6431305846633,67.6431305846633,0.0,0.0,0.0
5054,138,0.0138,top_1_to_5_percent,1,7.0,111.0,False,51.27717501975201,51.27717501975201,10.028059773577098,0.0,1881.7276685322995,0.0,0.0,0.0,0.0,0.0,0.0,0.0,0.0
6441,139,0.0139,top_1_to_5_percent,1,4.0,87.0,False,51.27717501975201,51.27717501975201,10.028059773577098,0.0,1881.7276685322995,0.0,0.0,0.0,67.6431305846633,67.6431305846633,0.0,0.0,0.0
2322,140,0.014,top_1_to_5_percent,1,6.0,103.0,False,51.277175019740014,51.27717501974098,6.715550801491904,0.0,1608.1465891496991,0.0,0.0,0.0,0.71367875842609,0.71367875842609,0.0,0.0,0.0
3104,141,0.0141,top_1_to_5_percent,1,4.0,87.0,False,51.277175019740014,51.27717501974098,6.382430694279002,0.0,1718.9339490781003,0.0,0.0,0.0,67.6431305846633,67.6431305846633,0.0,0.0,0.0
3563,142,0.0142,top_1_to_5_percent,1,7.0,111.0,False,51.277175019740014,51.27717501974098,6.382430694279002,0.0,1718.9339490781003,0.0,0.0,0.0,0.0,0.0,0.0,0.0,0.0
3854,143,0.0143,top_1_to_5_percent,1,4.0,87.0,False,51.277175019740014,51.27717501974098,6.715550801491904,0.0,1608.1465891496991,0.0,0.0,0.0,67.6431305846633,67.6431305846633,0.0,0.0,0.0
5904,144,0.0144,top_1_to_5_percent,1,5.0,95.0,False,51.277175019740014,51.27717501974098,6.715550801491904,0.0,1608.1465891496991,0.0,0.0,0.0,30.2757519474911,30.2757519474911,0.0,0.0,0.0
6420,145,0.0145,top_1_to_5_percent,1,7.0,111.0,False,51.277175019740014,51.27717501974098,6.382430694279002,0.0,1718.9339490781003,0.0,0.0,0.0,0.0,0.0,0.0,0.0,0.0
6429,146,0.0146,top_1_to_5_percent,1,7.0,111.0,False,51.277175019740014,51.27717501974098,6.382430694279002,0.0,1718.9339490781003,0.0,0.0,0.0,0.0,0.0,0.0,0.0,0.0
7191,147,0.0147,top_1_to_5_percent,0,,,False,51.277175019740014,51.27717501974098,6.715550801491904,0.0,1608.1465891496991,0.0,0.0,,,,,,
8915,148,0.0148,top_1_to_5_percent,1,7.0,111.0,False,51.277175019740014,51.27717501974098,6.382430694279002,0.0,1718.9339490781003,0.0,0.0,0.0,0.0,0.0,0.0,0.0,0.0
8629,149,0.0149,top_1_to_5_percent,1,5.0,95.0,False,51.24368256064298,51.243682560644004,-0.5693213668129999,0.0,921.8179804264983,22.2686838686158,22.2686838686158,0.0,30.2757519474911,30.2757519474911,0.0,0.0,0.0
175,150,0.015,top_1_to_5_percent,0,,,False,51.105008333037006,51.105008333037006,42.2371000441474,0.0,3202.122468547799,0.0,0.0,,,,,,
5504,151,0.0151,top_1_to_5_percent,1,6.0,103.0,False,51.07883440722799,51.07883440722901,6.182015890520802,0.0,1893.1486882349,0.0,0.0,0.0,0.71367875842609,0.71367875842609,0.0,0.0,0.0
1709,152,0.0152,top_1_to_5_percent,1,4.0,87.0,False,50.98101165809703,50.981011658096975,14.3483618903463,0.0,1838.7078798047987,0.0,0.0,0.0,67.6431305846633,67.6431305846633,0.0,0.0,0.0
3669,153,0.0153,top_1_to_5_percent,1,4.0,87.0,False,50.98101165809703,50.981011658096975,14.3483618903463,0.0,1838.7078798047987,0.0,0.0,0.0,67.6431305846633,67.6431305846633,0.0,0.0,0.0
5771,154,0.0154,top_1_to_5_percent,1,11.0,143.0,False,50.883981118127,50.883981118127,-0.3466606062369024,0.0,1589.948598781899,56.538008369035,56.538008369035,355.126421733082,396.04045228592,40.91403055283803,1.4210854715202e-14,2.50058144277164,2.500581442771626
2030,155,0.0155,top_1_to_5_percent,1,14.0,167.0,False,50.52371797566002,50.52371797565905,15.5765984560642,0.0,1740.322642896299,0.0,0.0,185.745847312004,299.484469224306,113.738621912302,0.0,0.0,0.0
1981,156,0.0156,top_1_to_5_percent,1,7.0,111.0,False,50.341947931288985,50.34194793128802,10.082087959717999,0.0,1612.3843264011011,0.0,0.0,0.0,0.0,0.0,0.0,0.0,0.0
3514,157,0.0157,top_1_to_5_percent,1,4.0,87.0,False,50.341947931288985,50.34194793128802,10.082087959717999,0.0,1612.3843264011011,0.0,0.0,0.0,67.6431305846633,67.6431305846633,0.0,0.0,0.0
3930,158,0.0158,top_1_to_5_percent,1,6.0,103.0,False,50.341947931288985,50.34194793128802,10.082087959717999,0.0,1612.3843264011011,0.0,0.0,0.0,0.71367875842609,0.71367875842609,0.0,0.0,0.0
4146,159,0.0159,top_1_to_5_percent,1,7.0,111.0,False,50.341947931288985,50.34194793128802,10.082087959717999,0.0,1612.3843264011011,0.0,0.0,0.0,0.0,0.0,0.0,0.0,0.0
4720,160,0.016,top_1_to_5_percent,1,6.0,103.0,False,50.341947931288985,50.34194793128802,10.082087959717999,0.0,1612.3843264011011,0.0,0.0,0.0,0.71367875842609,0.71367875842609,0.0,0.0,0.0
4814,161,0.0161,top_1_to_5_percent,1,14.0,167.0,False,50.341947931288985,50.34194793128802,10.082087959717999,0.0,1612.3843264011011,0.0,0.0,185.745847312004,299.484469224306,113.738621912302,0.0,0.0,0.0
5099,162,0.0162,top_1_to_5_percent,1,14.0,167.0,False,50.341947931288985,50.34194793128802,10.082087959717999,0.0,1612.3843264011011,0.0,0.0,185.745847312004,299.484469224306,113.738621912302,0.0,0.0,0.0
5500,163,0.0163,top_1_to_5_percent,1,7.0,111.0,False,50.341947931288985,50.34194793128802,10.082087959717999,0.0,1612.3843264011011,0.0,0.0,0.0,0.0,0.0,0.0,0.0,0.0
5659,164,0.0164,top_1_to_5_percent,1,7.0,111.0,False,50.341947931288985,50.34194793128802,10.082087959717999,0.0,1612.3843264011011,0.0,0.0,0.0,0.0,0.0,0.0,0.0,0.0
6761,165,0.0165,top_1_to_5_percent,1,5.0,95.0,False,50.341947931288985,50.34194793128802,10.082087959717999,0.0,1612.3843264011011,0.0,0.0,0.0,30.2757519474911,30.2757519474911,0.0,0.0,0.0
6771,166,0.0166,top_1_to_5_percent,1,7.0,111.0,False,50.341947931288985,50.34194793128802,10.082087959717999,0.0,1612.3843264011011,0.0,0.0,0.0,0.0,0.0,0.0,0.0,0.0
7409,167,0.0167,top_1_to_5_percent,1,7.0,111.0,False,50.341947931288985,50.34194793128802,10.082087959717999,0.0,1612.3843264011011,0.0,0.0,0.0,0.0,0.0,0.0,0.0,0.0
7787,168,0.0168,top_1_to_5_percent,0,,,False,50.341947931288985,50.34194793128802,10.082087959717999,0.0,1612.3843264011011,0.0,0.0,,,,,,
8215,169,0.0169,top_1_to_5_percent,1,7.0,111.0,False,50.341947931288985,50.34194793128802,10.082087959717999,0.0,1612.3843264011011,0.0,0.0,0.0,0.0,0.0,0.0,0.0,0.0
8336,170,0.017,top_1_to_5_percent,1,4.0,87.0,False,50.341947931288985,50.34194793128802,10.082087959717999,0.0,1612.3843264011011,0.0,0.0,0.0,67.6431305846633,67.6431305846633,0.0,0.0,0.0
8872,171,0.0171,top_1_to_5_percent,1,7.0,111.0,False,50.341947931288985,50.34194793128802,10.082087959717999,0.0,1612.3843264011011,0.0,0.0,0.0,0.0,0.0,0.0,0.0,0.0
9245,172,0.0172,top_1_to_5_percent,1,7.0,111.0,False,50.341947931288985,50.34194793128802,10.082087959717999,0.0,1612.3843264011011,0.0,0.0,0.0,0.0,0.0,0.0,0.0,0.0
4983,173,0.0173,top_1_to_5_percent,1,7.0,111.0,False,50.283780104230004,50.283780104230004,14.276225769238103,0.0,1935.528096861899,0.0,0.0,0.0,0.0,0.0,0.0,0.0,0.0
7634,174,0.0174,top_1_to_5_percent,1,5.0,95.0,False,50.283780104230004,50.283780104230004,14.276225769238103,0.0,1935.528096861899,0.0,0.0,0.0,30.2757519474911,30.2757519474911,0.0,0.0,0.0
8604,175,0.0175,top_1_to_5_percent,1,5.0,95.0,False,50.283780104230004,50.283780104230004,14.276225769238103,0.0,1935.528096861899,0.0,0.0,0.0,30.2757519474911,30.2757519474911,0.0,0.0,0.0
8692,176,0.0176,top_1_to_5_percent,1,7.0,111.0,False,50.283780104230004,50.283780104230004,14.276225769238103,0.0,1935.528096861899,0.0,0.0,0.0,0.0,0.0,0.0,0.0,0.0
9061,177,0.0177,top_1_to_5_percent,1,2.0,71.0,False,50.283780104230004,50.283780104230004,14.276225769238103,0.0,1935.528096861899,0.0,0.0,0.0,110.465721330482,110.465721330482,0.0,0.0,0.0
3949,178,0.0178,top_1_to_5_percent,1,7.0,111.0,False,50.10669709566696,50.10669709566798,7.0088773368660995,0.0,2080.4207136267996,0.0,0.0,0.0,0.0,0.0,0.0,0.0,0.0
7272,179,0.0179,top_1_to_5_percent,1,5.0,95.0,False,50.10669709566696,50.10669709566798,7.0088773368660995,0.0,2080.4207136267996,0.0,0.0,0.0,30.2757519474911,30.2757519474911,0.0,0.0,0.0
3966,180,0.018,top_1_to_5_percent,1,6.0,103.0,False,49.849246158863025,49.849246158862,-3.8222668509244,0.0,1625.2778906357998,49.7931791629814,49.7931791629814,0.0,0.71367875842609,0.71367875842609,0.0,0.0,0.0
6898,181,0.0181,top_1_to_5_percent,1,2.0,71.0,False,49.79858922743398,49.798589227434036,-8.080860413451703,0.0,663.9088508491986,22.2686838686158,22.2686838686158,0.0,110.465721330482,110.465721330482,0.0,0.0,0.0
3820,182,0.0182,top_1_to_5_percent,0,,,False,49.69802466218397,49.698024662184025,13.5586842135464,0.0,1577.1037560471013,0.0,0.0,,,,,,
5274,183,0.0183,top_1_to_5_percent,1,7.0,111.0,False,49.69802466218397,49.698024662184025,13.5586842135464,0.0,1577.1037560471013,0.0,0.0,0.0,0.0,0.0,0.0,0.0,0.0
9489,184,0.0184,top_1_to_5_percent,1,7.0,111.0,False,49.69802466218397,49.698024662184025,13.5586842135464,0.0,1577.1037560471013,0.0,0.0,0.0,0.0,0.0,0.0,0.0,0.0
1547,185,0.0185,top_1_to_5_percent,1,6.0,103.0,False,49.698024662182945,49.698024662183,3.6187430932278986,0.0,1486.3225979893996,0.0,0.0,0.0,0.71367875842609,0.71367875842609,0.0,0.0,0.0
2869,186,0.0186,top_1_to_5_percent,1,5.0,95.0,False,49.698024662182945,49.698024662183,10.9893175195242,0.0,1550.3849999290996,0.0,0.0,0.0,30.2757519474911,30.2757519474911,0.0,0.0,0.0
4076,187,0.0187,top_1_to_5_percent,1,6.0,103.0,False,49.698024662182945,49.698024662183,10.9893175195242,0.0,1550.3849999290996,0.0,0.0,0.0,0.71367875842609,0.71367875842609,0.0,0.0,0.0
4459,188,0.0188,top_1_to_5_percent,1,5.0,95.0,False,49.698024662182945,49.698024662183,10.9893175195242,0.0,1550.3849999290996,0.0,0.0,0.0,30.2757519474911,30.2757519474911,0.0,0.0,0.0
4616,189,0.0189,top_1_to_5_percent,1,7.0,111.0,False,49.698024662182945,49.698024662183,10.9893175195242,0.0,1550.3849999290996,0.0,0.0,0.0,0.0,0.0,0.0,0.0,0.0
6305,190,0.019,top_1_to_5_percent,1,14.0,167.0,False,49.698024662182945,49.698024662183,10.9893175195242,0.0,1550.3849999290996,0.0,0.0,185.745847312004,299.484469224306,113.738621912302,0.0,0.0,0.0
693,191,0.0191,top_1_to_5_percent,1,6.0,103.0,False,49.698024662173,49.698024662173,17.1457427955172,0.0,1610.9399361677006,0.0,0.0,0.0,0.71367875842609,0.71367875842609,0.0,0.0,0.0
843,192,0.0192,top_1_to_5_percent,1,7.0,111.0,False,49.698024662173,49.698024662173,17.1457427955172,0.0,1610.9399361677006,0.0,0.0,0.0,0.0,0.0,0.0,0.0,0.0
2941,193,0.0193,top_1_to_5_percent,1,7.0,111.0,False,49.698024662173,49.698024662173,17.1457427955172,0.0,1610.9399361677006,0.0,0.0,0.0,0.0,0.0,0.0,0.0,0.0
4546,194,0.0194,top_1_to_5_percent,1,5.0,95.0,False,49.698024662173,49.698024662173,17.1457427955172,0.0,1610.9399361677006,0.0,0.0,0.0,30.2757519474911,30.2757519474911,0.0,0.0,0.0
5357,195,0.0195,top_1_to_5_percent,1,4.0,87.0,False,49.698024662173,49.698024662173,17.1457427955172,0.0,1610.9399361677006,0.0,0.0,0.0,67.6431305846633,67.6431305846633,0.0,0.0,0.0
5452,196,0.0196,top_1_to_5_percent,1,7.0,111.0,False,49.698024662173,49.698024662173,17.1457427955172,0.0,1610.9399361677006,0.0,0.0,0.0,0.0,0.0,0.0,0.0,0.0
5844,197,0.0197,top_1_to_5_percent,1,5.0,95.0,False,49.698024662173,49.698024662173,17.1457427955172,0.0,1610.9399361677006,0.0,0.0,0.0,30.2757519474911,30.2757519474911,0.0,0.0,0.0
6358,198,0.0198,top_1_to_5_percent,1,7.0,111.0,False,49.698024662173,49.698024662173,17.1457427955172,0.0,1610.9399361677006,0.0,0.0,0.0,0.0,0.0,0.0,0.0,0.0
7345,199,0.0199,top_1_to_5_percent,1,9.0,127.0,False,49.698024662173,49.698024662173,17.1457427955172,0.0,1610.9399361677006,0.0,0.0,382.129122003109,405.313274925785,23.18415292267599,38.1856367454931,23.6728449980968,-14.5127917473963
7394,200,0.02,top_1_to_5_percent,1,7.0,111.0,False,49.698024662173,49.698024662173,17.1457427955172,0.0,1610.9399361677006,0.0,0.0,0.0,0.0,0.0,0.0,0.0,0.0
8555,201,0.0201,top_1_to_5_percent,1,14.0,167.0,False,49.698024662173,49.698024662173,17.1457427955172,0.0,1610.9399361677006,0.0,0.0,185.745847312004,299.484469224306,113.738621912302,0.0,0.0,0.0
9403,202,0.0202,top_1_to_5_percent,1,6.0,103.0,False,49.698024662173,49.698024662173,17.1457427955172,0.0,1610.9399361677006,0.0,0.0,0.0,0.71367875842609,0.71367875842609,0.0,0.0,0.0
2082,203,0.0203,top_1_to_5_percent,1,4.0,87.0,False,49.62020427021605,49.62020427021599,14.3675845691556,0.0,1700.3489144160994,0.0,0.0,0.0,67.6431305846633,67.6431305846633,0.0,0.0,0.0
3797,204,0.0204,top_1_to_5_percent,1,4.0,87.0,False,49.62020427021605,49.62020427021599,14.3675845691556,0.0,1700.3489144160994,0.0,0.0,0.0,67.6431305846633,67.6431305846633,0.0,0.0,0.0
4198,205,0.0205,top_1_to_5_percent,1,7.0,111.0,False,49.62020427021605,49.62020427021599,14.3675845691556,0.0,1700.3489144160994,0.0,0.0,0.0,0.0,0.0,0.0,0.0,0.0
4610,206,0.0206,top_1_to_5_percent,1,5.0,95.0,False,49.62020427021605,49.62020427021599,14.3675845691556,0.0,1700.3489144160994,0.0,0.0,0.0,30.2757519474911,30.2757519474911,0.0,0.0,0.0
4830,207,0.0207,top_1_to_5_percent,1,10.0,135.0,False,49.57945882077598,49.57945882077604,-7.482809623658795,0.0,622.8953119623002,22.2686838686158,22.2686838686158,372.309958268554,405.313258646956,33.003300378402,6.78568312650896e-13,2.8421709430404e-14,-6.50146603220492e-13
5096,208,0.0208,top_1_to_5_percent,1,12.0,151.0,False,49.501587762974,30.12254208094498,21.495488323427402,19.379045682028902,5239.870503268499,6.0404419428169,25.4194876248458,325.668930529416,382.364473540397,56.695543010981,0.0,0.0,0.0
1042,209,0.0209,top_1_to_5_percent,0,,,False,49.47309858629899,49.47309858630001,17.889731782392804,0.0,1726.9676831821998,0.0,0.0,,,,,,
3460,210,0.021,top_1_to_5_percent,1,14.0,167.0,False,49.47309858629899,49.47309858630001,17.889731782392804,0.0,1726.9676831821998,0.0,0.0,185.745847312004,299.484469224306,113.738621912302,0.0,0.0,0.0
3599,211,0.0211,top_1_to_5_percent,1,3.0,79.0,False,49.47309858629899,49.47309858630001,17.889731782392804,0.0,1726.9676831821998,0.0,0.0,0.0,79.4853371037635,79.4853371037635,0.0,0.0,0.0
4980,212,0.0212,top_1_to_5_percent,1,6.0,103.0,False,49.47309858629899,49.47309858630001,17.889731782392804,0.0,1726.9676831821998,0.0,0.0,0.0,0.71367875842609,0.71367875842609,0.0,0.0,0.0
7049,213,0.0213,top_1_to_5_percent,1,6.0,103.0,False,49.47309858629899,49.47309858630001,17.889731782392804,0.0,1726.9676831821998,0.0,0.0,0.0,0.71367875842609,0.71367875842609,0.0,0.0,0.0
8874,214,0.0214,top_1_to_5_percent,1,7.0,111.0,False,49.47309858629899,49.47309858630001,17.889731782392804,0.0,1726.9676831821998,0.0,0.0,0.0,0.0,0.0,0.0,0.0,0.0
9814,215,0.0215,top_1_to_5_percent,1,7.0,111.0,False,49.47309858629899,49.47309858630001,17.889731782392804,0.0,1726.9676831821998,0.0,0.0,0.0,0.0,0.0,0.0,0.0,0.0
2053,216,0.0216,top_1_to_5_percent,1,6.0,103.0,False,49.336108874882996,49.33610887488203,24.8441474155637,0.0,2226.615918741998,49.7931791629814,49.7931791629814,0.0,0.71367875842609,0.71367875842609,0.0,0.0,0.0
2675,217,0.0217,top_1_to_5_percent,1,5.0,95.0,False,49.31227017686501,49.31227017686399,12.774739265987002,0.0,2112.5448121380014,0.0,0.0,0.0,30.2757519474911,30.2757519474911,0.0,0.0,0.0
4025,218,0.0218,top_1_to_5_percent,1,7.0,111.0,False,49.31227017686501,49.31227017686399,12.774739265987002,0.0,2112.5448121380014,0.0,0.0,0.0,0.0,0.0,0.0,0.0,0.0
8056,219,0.0219,top_1_to_5_percent,1,7.0,111.0,False,49.31227017686501,49.31227017686399,12.774739265987002,0.0,2112.5448121380014,0.0,0.0,0.0,0.0,0.0,0.0,0.0,0.0
9803,220,0.022,top_1_to_5_percent,1,6.0,103.0,False,49.31227017686501,49.31227017686399,12.774739265987002,0.0,2112.5448121380014,0.0,0.0,0.0,0.71367875842609,0.71367875842609,0.0,0.0,0.0
6380,221,0.0221,top_1_to_5_percent,1,2.0,71.0,False,49.309392159617005,49.30939215961604,24.8904606477237,0.0,2104.064608078299,0.0,0.0,0.0,110.465721330482,110.465721330482,0.0,0.0,0.0
2594,222,0.0222,top_1_to_5_percent,0,,,False,49.30450428264999,49.30450428265004,24.606410361530603,0.0,2272.5474213896996,49.7931791629814,49.7931791629814,,,,,,
7539,223,0.0223,top_1_to_5_percent,1,5.0,95.0,False,49.20117534999599,49.20117534999599,-24.035214376023504,0.0,1417.7647490648997,56.538008369035,56.538008369035,0.0,30.2757519474911,30.2757519474911,0.0,0.0,0.0
7310,224,0.0224,top_1_to_5_percent,1,18.0,199.0,True,49.19257767619098,30.556045584135973,22.238001913401703,18.63653209205485,5285.671758180702,6.27982261182355,24.9163547038784,546.327360008728,571.966287503776,25.63892749504805,99.2017643527926,75.6481141716502,-23.553650181142388
1079,225,0.0225,top_1_to_5_percent,1,6.0,103.0,False,49.05268107598397,49.052681075984026,13.906667653804295,0.0,1532.5470019688,0.0,0.0,0.0,0.71367875842609,0.71367875842609,0.0,0.0,0.0
1758,226,0.0226,top_1_to_5_percent,1,4.0,87.0,False,49.05268107598397,49.052681075984026,13.906667653804295,0.0,1532.5470019688,0.0,0.0,0.0,67.6431305846633,67.6431305846633,0.0,0.0,0.0
4179,227,0.0227,top_1_to_5_percent,0,,,False,49.05268107598397,49.052681075984026,13.906667653804295,0.0,1532.5470019688,0.0,0.0,,,,,,
4945,228,0.0228,top_1_to_5_percent,1,7.0,111.0,False,49.05268107598397,49.052681075984026,13.906667653804295,0.0,1532.5470019688,0.0,0.0,0.0,0.0,0.0,0.0,0.0,0.0
6562,229,0.0229,top_1_to_5_percent,1,7.0,111.0,False,49.05268107598397,49.052681075984026,13.906667653804295,0.0,1532.5470019688,0.0,0.0,0.0,0.0,0.0,0.0,0.0,0.0
6831,230,0.023,top_1_to_5_percent,1,5.0,95.0,False,49.05268107598397,49.052681075984026,13.906667653804295,0.0,1532.5470019688,0.0,0.0,0.0,30.2757519474911,30.2757519474911,0.0,0.0,0.0
6845,231,0.0231,top_1_to_5_percent,0,,,False,49.05268107598397,49.052681075984026,13.906667653804295,0.0,1532.5470019688,0.0,0.0,,,,,,
6912,232,0.0232,top_1_to_5_percent,1,7.0,111.0,False,49.05268107598397,49.052681075984026,13.906667653804295,0.0,1532.5470019688,0.0,0.0,0.0,0.0,0.0,0.0,0.0,0.0
7015,233,0.0233,top_1_to_5_percent,1,7.0,111.0,False,49.05268107598397,49.052681075984026,13.906667653804295,0.0,1532.5470019688,0.0,0.0,0.0,0.0,0.0,0.0,0.0,0.0
8001,234,0.0234,top_1_to_5_percent,1,5.0,95.0,False,49.05268107598397,49.052681075984026,13.906667653804295,0.0,1532.5470019688,0.0,0.0,0.0,30.2757519474911,30.2757519474911,0.0,0.0,0.0
8009,235,0.0235,top_1_to_5_percent,1,7.0,111.0,False,49.05268107598397,49.052681075984026,13.906667653804295,0.0,1532.5470019688,0.0,0.0,0.0,0.0,0.0,0.0,0.0,0.0
9264,236,0.0236,top_1_to_5_percent,1,4.0,87.0,False,49.05268107598397,49.052681075984026,13.906667653804295,0.0,1532.5470019688,0.0,0.0,0.0,67.6431305846633,67.6431305846633,0.0,0.0,0.0
2834,237,0.0237,top_1_to_5_percent,1,3.0,79.0,False,48.85172698619499,48.85172698619505,8.807878727815403,0.0,1711.4478426615005,0.0,0.0,0.0,79.4853371037635,79.4853371037635,0.0,0.0,0.0
5838,238,0.0238,top_1_to_5_percent,1,7.0,111.0,False,48.85172698619499,48.85172698619402,9.140998835028501,0.0,1600.6605678321012,0.0,0.0,0.0,0.0,0.0,0.0,0.0,0.0
7874,239,0.0239,top_1_to_5_percent,1,3.0,79.0,False,48.85172698619499,48.85172698619505,8.807878727815403,0.0,1711.4478426615005,0.0,0.0,0.0,79.4853371037635,79.4853371037635,0.0,0.0,0.0
9734,240,0.024,top_1_to_5_percent,1,7.0,111.0,False,48.85172698619499,48.85172698619505,8.807878727815403,0.0,1711.4478426615005,0.0,0.0,0.0,0.0,0.0,0.0,0.0,0.0
921,241,0.0241,top_1_to_5_percent,1,7.0,111.0,False,48.74958625273899,48.749586252740016,0.19409203702520017,0.0,1427.4078008449997,0.0,0.0,0.0,0.0,0.0,0.0,0.0,0.0
3310,242,0.0242,top_1_to_5_percent,1,6.0,103.0,False,48.710426964608985,48.71042696461001,2.139476220864502,0.0,1424.9237734345988,0.0,0.0,0.0,0.71367875842609,0.71367875842609,0.0,0.0,0.0
5227,243,0.0243,top_1_to_5_percent,1,7.0,111.0,False,48.710426964608985,48.71042696461001,2.139476220864502,0.0,1424.9237734345988,0.0,0.0,0.0,0.0,0.0,0.0,0.0,0.0
9365,244,0.0244,top_1_to_5_percent,1,6.0,103.0,False,48.710426964608985,48.71042696461001,2.139476220864502,0.0,1424.9237734345988,0.0,0.0,0.0,0.71367875842609,0.71367875842609,0.0,0.0,0.0
698,245,0.0245,top_1_to_5_percent,0,,,False,48.638429034437024,48.63842903443799,17.331171897836597,0.0,1915.2841955126987,0.0,0.0,,,,,,
1078,246,0.0246,top_1_to_5_percent,0,,,False,48.638429034437024,48.63842903443799,17.331171897836597,0.0,1915.2841955126987,0.0,0.0,,,,,,
1595,247,0.0247,top_1_to_5_percent,1,12.0,151.0,False,48.638429034437024,48.63842903443799,17.331171897836597,0.0,1915.2841955126987,0.0,0.0,325.668930529416,382.364473540397,56.695543010981,4.67270358878289,23.3353137877147,18.66261019893181
2355,248,0.0248,top_1_to_5_percent,1,14.0,167.0,False,48.638429034437024,48.63842903443799,17.331171897836597,0.0,1915.2841955126987,0.0,0.0,185.745847312004,299.484469224306,113.738621912302,0.0,0.0,0.0
3078,249,0.0249,top_1_to_5_percent,1,7.0,111.0,False,48.638429034437024,48.63842903443799,17.331171897836597,0.0,1915.2841955126987,0.0,0.0,0.0,0.0,0.0,0.0,0.0,0.0
3038,250,0.025,top_1_to_5_percent,1,7.0,111.0,False,48.620154129463,48.62015412946397,12.7615164170596,0.0,1870.8932082271003,0.0,0.0,0.0,0.0,0.0,0.0,0.0,0.0
1048,251,0.0251,top_1_to_5_percent,0,,,False,48.603820206305954,48.60382020630601,24.3137287335551,0.0,1902.7146237060006,0.0,0.0,,,,,,
6797,252,0.0252,top_1_to_5_percent,1,5.0,95.0,False,48.570195100906005,48.570195100906005,13.206100982529001,0.0,1935.6210664392984,0.0,0.0,0.0,30.2757519474911,30.2757519474911,0.0,0.0,0.0
7621,253,0.0253,top_1_to_5_percent,1,4.0,87.0,False,48.570195100906005,48.570195100906005,13.206100982529001,0.0,1935.6210664392001,0.0,0.0,0.0,67.6431305846633,67.6431305846633,0.0,0.0,0.0
835,254,0.0254,top_1_to_5_percent,1,5.0,95.0,False,48.15983639431499,48.15983639431499,21.187459389306696,0.0,1816.2566063914,0.0,0.0,0.0,30.2757519474911,30.2757519474911,0.0,0.0,0.0
4260,255,0.0255,top_1_to_5_percent,1,6.0,103.0,False,48.15983639431499,48.15983639431499,21.187459389306696,0.0,1816.2566063914,0.0,0.0,0.0,0.71367875842609,0.71367875842609,0.0,0.0,0.0
7650,256,0.0256,top_1_to_5_percent,1,2.0,71.0,False,48.15983639431499,48.15983639431499,21.187459389306696,0.0,1816.2566063914,0.0,0.0,0.0,110.465721330482,110.465721330482,0.0,0.0,0.0
8369,257,0.0257,top_1_to_5_percent,1,3.0,79.0,False,48.15983639431499,48.15983639431499,21.187459389306696,0.0,1816.2566063914,0.0,0.0,0.0,79.4853371037635,79.4853371037635,0.0,0.0,0.0
9508,258,0.0258,top_1_to_5_percent,1,5.0,95.0,False,48.15983639431499,48.15983639431499,21.187459389306696,0.0,1816.2566063914,0.0,0.0,0.0,30.2757519474911,30.2757519474911,0.0,0.0,0.0
7736,259,0.0259,top_1_to_5_percent,1,7.0,111.0,False,48.15581257559097,48.155812575590005,14.1275494594597,0.0,1898.1879862328005,0.0,0.0,0.0,0.0,0.0,0.0,0.0,0.0
999,260,0.026,top_1_to_5_percent,1,13.0,159.0,False,48.15278997748396,48.152789977484986,7.153993609046701,0.0,1338.4133257434987,0.0,0.0,240.569511496604,355.126452344801,114.556940848197,0.0,0.0,0.0
1765,261,0.0261,top_1_to_5_percent,1,6.0,103.0,False,48.15278997748396,48.152789977484986,7.153993609046701,0.0,1338.4133257434987,0.0,0.0,0.0,0.71367875842609,0.71367875842609,0.0,0.0,0.0
2136,262,0.0262,top_1_to_5_percent,1,6.0,103.0,False,48.15278997748396,48.152789977484986,7.153993609046701,0.0,1338.4133257434987,0.0,0.0,0.0,0.71367875842609,0.71367875842609,0.0,0.0,0.0
3034,263,0.0263,top_1_to_5_percent,1,3.0,79.0,False,48.15278997748396,48.152789977484986,7.153993609046701,0.0,1338.4133257434987,0.0,0.0,0.0,79.4853371037635,79.4853371037635,0.0,0.0,0.0
4866,264,0.0264,top_1_to_5_percent,1,7.0,111.0,False,48.15278997748396,48.152789977484986,7.153993609046701,0.0,1338.4133257434987,0.0,0.0,0.0,0.0,0.0,0.0,0.0,0.0
6806,265,0.0265,top_1_to_5_percent,1,7.0,111.0,False,48.15278997748396,48.152789977484986,7.153993609046701,0.0,1338.4133257434987,0.0,0.0,0.0,0.0,0.0,0.0,0.0,0.0
20,266,0.0266,top_1_to_5_percent,1,7.0,111.0,False,48.08893271847501,48.08893271847501,36.7074553220523,0.0,2959.8135720825994,0.0,0.0,0.0,0.0,0.0,0.0,0.0,0.0
1674,267,0.0267,top_1_to_5_percent,1,6.0,103.0,False,48.08893271847501,48.08893271847501,36.7074553220523,0.0,2959.8135720825994,0.0,0.0,0.0,0.71367875842609,0.71367875842609,0.0,0.0,0.0
3760,268,0.0268,top_1_to_5_percent,0,,,False,48.088932718473984,48.08893271847501,36.707455059622205,0.0,2928.3471937164995,0.0,0.0,,,,,,
7957,269,0.0269,top_1_to_5_percent,1,7.0,111.0,False,48.088932718473984,48.08893271847501,36.707455059622205,0.0,2928.3471937164995,0.0,0.0,0.0,0.0,0.0,0.0,0.0,0.0
676,270,0.027,top_1_to_5_percent,1,7.0,111.0,False,48.05664180366699,48.05664180366699,16.694488397935803,0.0,1708.1678702769004,0.0,0.0,0.0,0.0,0.0,0.0,0.0,0.0
678,271,0.0271,top_1_to_5_percent,0,,,False,48.05664180366699,48.05664180366699,16.694488397935803,0.0,1708.1678702769004,0.0,0.0,,,,,,
2087,272,0.0272,top_1_to_5_percent,0,,,False,48.05664180366699,48.05664180366699,16.694488397935803,0.0,1708.1678702769004,0.0,0.0,,,,,,
3144,273,0.0273,top_1_to_5_percent,1,4.0,87.0,False,48.05664180366699,48.05664180366699,16.694488397935803,0.0,1708.1678702769004,0.0,0.0,0.0,67.6431305846633,67.6431305846633,0.0,0.0,0.0
6724,274,0.0274,top_1_to_5_percent,1,7.0,111.0,False,48.05664180366699,48.05664180366699,16.694488397935803,0.0,1708.1678702769004,0.0,0.0,0.0,0.0,0.0,0.0,0.0,0.0
8050,275,0.0275,top_1_to_5_percent,1,5.0,95.0,False,48.05664180366699,48.05664180366699,16.694488397935803,0.0,1708.1678702769004,0.0,0.0,0.0,30.2757519474911,30.2757519474911,0.0,0.0,0.0
9330,276,0.0276,top_1_to_5_percent,1,7.0,111.0,False,48.05664180366699,48.05664180366699,16.694488397935803,0.0,1708.1678702769004,0.0,0.0,0.0,0.0,0.0,0.0,0.0,0.0
13,277,0.0277,top_1_to_5_percent,1,12.0,151.0,False,47.93452886825196,47.93452886825196,21.039936593105498,0.0,1817.4559115713,0.0,0.0,325.668930529416,382.364473540397,56.695543010981,4.09597167461425,19.0498171782772,14.953845503662947
2759,278,0.0278,top_1_to_5_percent,0,,,False,47.93452886825196,47.93452886825196,21.039936593105498,0.0,1817.4559115713,0.0,0.0,,,,,,
7326,279,0.0279,top_1_to_5_percent,1,7.0,111.0,False,47.93452886825196,47.93452886825196,21.039936593105498,0.0,1817.4559115713,0.0,0.0,0.0,0.0,0.0,0.0,0.0,0.0
8374,280,0.028,top_1_to_5_percent,1,5.0,95.0,False,47.93452886825196,47.93452886825196,21.039936593105498,0.0,1817.4559115713,0.0,0.0,0.0,30.2757519474911,30.2757519474911,0.0,0.0,0.0
6896,281,0.0281,top_1_to_5_percent,1,7.0,111.0,False,47.867528862651,47.86752886265202,26.676088809178,0.0,2154.107437995601,0.0,0.0,0.0,0.0,0.0,0.0,0.0,0.0
706,282,0.0282,top_1_to_5_percent,1,4.0,87.0,False,47.814341322036,47.814341322036,21.187459389306596,0.0,1809.0122052548995,0.0,0.0,0.0,67.6431305846633,67.6431305846633,0.0,0.0,0.0
1267,283,0.0283,top_1_to_5_percent,1,1.0,63.0,False,47.814341322036,47.814341322036,21.187459389306596,0.0,1809.0122052548995,0.0,0.0,0.0,112.166696626405,112.166696626405,0.0,0.0,0.0
4177,284,0.0284,top_1_to_5_percent,1,7.0,111.0,False,47.814341322036,47.814341322036,21.187459389306596,0.0,1809.0122052548995,0.0,0.0,0.0,0.0,0.0,0.0,0.0,0.0
4517,285,0.0285,top_1_to_5_percent,1,7.0,111.0,False,47.814341322036,47.814341322036,21.187459389306596,0.0,1809.0122052548995,0.0,0.0,0.0,0.0,0.0,0.0,0.0,0.0
5600,286,0.0286,top_1_to_5_percent,1,4.0,87.0,False,47.814341322036,47.814341322036,21.187459389306596,0.0,1809.0122052548995,0.0,0.0,0.0,67.6431305846633,67.6431305846633,0.0,0.0,0.0
5925,287,0.0287,top_1_to_5_percent,1,7.0,111.0,False,47.814341322036,47.814341322036,21.187459389306596,0.0,1809.0122052548995,0.0,0.0,0.0,0.0,0.0,0.0,0.0,0.0
6708,288,0.0288,top_1_to_5_percent,1,7.0,111.0,False,47.814341322036,47.814341322036,21.187459389306596,0.0,1809.0122052548995,0.0,0.0,0.0,0.0,0.0,0.0,0.0,0.0
9077,289,0.0289,top_1_to_5_percent,1,4.0,87.0,False,47.814341322036,47.814341322036,21.187459389306596,0.0,1809.0122052548995,0.0,0.0,0.0,67.6431305846633,67.6431305846633,0.0,0.0,0.0
9918,290,0.029,top_1_to_5_percent,0,,,False,47.814341322036,47.814341322036,21.187459389306596,0.0,1809.0122052548995,0.0,0.0,,,,,,
2788,291,0.0291,top_1_to_5_percent,0,,,False,47.67182205760099,47.67182205760099,33.3041529801841,0.0,2530.89843182,0.0,0.0,,,,,,
3359,292,0.0292,top_1_to_5_percent,1,1.0,63.0,False,47.67182205760099,47.67182205760099,33.3041529801841,0.0,2530.89843182,0.0,0.0,0.0,112.166696626405,112.166696626405,0.0,0.0,0.0
3841,293,0.0293,top_1_to_5_percent,1,7.0,111.0,False,47.67182205760099,47.67182205760099,33.3041529801841,0.0,2530.89843182,0.0,0.0,0.0,0.0,0.0,0.0,0.0,0.0
2577,294,0.0294,top_1_to_5_percent,1,4.0,87.0,False,47.62928788265697,47.62928788265799,6.4249728303022025,0.0,1506.8743244859998,0.0,0.0,0.0,67.6431305846633,67.6431305846633,0.0,0.0,0.0
5474,295,0.0295,top_1_to_5_percent,1,3.0,79.0,False,47.59390490639197,47.59390490639299,36.1571718597585,0.0,2914.4359861143002,0.0,0.0,0.0,79.4853371037635,79.4853371037635,0.0,0.0,0.0
520,296,0.0296,top_1_to_5_percent,0,,,False,47.469923609372984,47.46992360937196,45.5910630640119,0.0,3197.1218190234395,0.0,0.0,,,,,,
2044,297,0.0297,top_1_to_5_percent,0,,,False,47.469923609372984,47.46992360937196,45.5910630640119,0.0,3197.1218190234395,0.0,0.0,,,,,,
4188,298,0.0298,top_1_to_5_percent,1,4.0,87.0,False,47.469923609372984,47.46992360937196,45.5910630640119,0.0,3197.1218190234395,0.0,0.0,0.0,67.6431305846633,67.6431305846633,0.0,0.0,0.0
9946,299,0.0299,top_1_to_5_percent,1,12.0,151.0,False,47.469923609372984,47.46992360937196,45.5910630640119,0.0,3197.1218190234504,0.0,0.0,325.668930529416,382.364473540397,56.695543010981,44.7345828719172,49.2060229873413,4.471440115424102
4579,300,0.03,top_1_to_5_percent,0,,,False,47.38957531133599,47.389575311336046,24.606410361530603,0.0,2128.3658399421,49.7931791629814,49.7931791629814,,,,,,
6355,301,0.0301,top_1_to_5_percent,1,2.0,71.0,False,47.38603489202802,47.38603489202802,9.401038195076197,0.0,1752.1836162321015,49.7931791629814,49.7931791629814,0.0,110.465721330482,110.465721330482,0.0,0.0,0.0
652,302,0.0302,top_1_to_5_percent,1,13.0,159.0,False,47.237250126595995,47.237250126595995,15.2877395958919,0.0,2038.3918792018994,0.0,0.0,240.569511496604,355.126452344801,114.556940848197,0.0,1.20792265079217e-12,1.20792265079217e-12
775,303,0.0303,top_1_to_5_percent,1,4.0,87.0,False,47.237250126595995,47.237250126595995,15.2877395958919,0.0,2038.3918792018994,0.0,0.0,0.0,67.6431305846633,67.6431305846633,0.0,0.0,0.0
6062,304,0.0304,top_1_to_5_percent,1,5.0,95.0,False,47.200714157113,47.200714157111975,20.1590478172674,0.0,2154.9142749941,0.0,0.0,0.0,30.2757519474911,30.2757519474911,0.0,0.0,0.0
3235,305,0.0305,top_1_to_5_percent,0,,,False,47.036564661954,47.036564661954,18.076459848388694,0.0,2093.489234249,0.0,0.0,,,,,,
280,306,0.0306,top_1_to_5_percent,0,,,False,46.92099549622901,46.920995496230034,38.005460970238,0.0,2892.808701714799,0.0,0.0,,,,,,
395,307,0.0307,top_1_to_5_percent,0,,,False,46.92099549622901,46.920995496230034,38.005460970238,0.0,2892.808701714799,0.0,0.0,,,,,,
1065,308,0.0308,top_1_to_5_percent,1,11.0,143.0,False,46.92099549622901,46.920995496230034,38.005460970238,0.0,2892.808701714799,0.0,0.0,355.126421733082,396.04045228592,40.91403055283803,29.6864353363757,24.6146696137694,-5.0717657226062975
2716,309,0.0309,top_1_to_5_percent,1,10.0,135.0,False,46.92099549622901,46.920995496230034,38.005460970238,0.0,2892.808701714799,0.0,0.0,372.309958268554,405.313258646956,33.003300378402,36.2325444927461,22.3148493749099,-13.9176951178362
2772,310,0.031,top_1_to_5_percent,1,7.0,111.0,False,46.92099549622901,46.920995496230034,38.005460970238,0.0,2892.808701714799,0.0,0.0,0.0,0.0,0.0,0.0,0.0,0.0
3896,311,0.0311,top_1_to_5_percent,1,3.0,79.0,False,46.92099549622901,46.920995496230034,38.005460970238,0.0,2892.808701714799,0.0,0.0,0.0,79.4853371037635,79.4853371037635,0.0,0.0,0.0
4026,312,0.0312,top_1_to_5_percent,1,4.0,87.0,False,46.92099549622901,46.920995496230034,38.005460970238,0.0,2892.808701714799,0.0,0.0,0.0,67.6431305846633,67.6431305846633,0.0,0.0,0.0
4122,313,0.0313,top_1_to_5_percent,1,7.0,111.0,False,46.92099549622901,46.920995496230034,38.005460970238,0.0,2892.808701714799,0.0,0.0,0.0,0.0,0.0,0.0,0.0,0.0
4547,314,0.0314,top_1_to_5_percent,1,10.0,135.0,False,46.92099549622901,46.920995496230034,38.005460970238,0.0,2892.808701714799,0.0,0.0,372.309958268554,405.313258646956,33.003300378402,36.2325444927461,22.3148493749099,-13.9176951178362
5475,315,0.0315,top_1_to_5_percent,1,1.0,63.0,False,46.92099549622901,46.920995496230034,38.005460970238,0.0,2892.808701714799,0.0,0.0,0.0,112.166696626405,112.166696626405,0.0,0.0,0.0
9261,316,0.0316,top_1_to_5_percent,1,7.0,111.0,False,46.92099549622901,46.920995496230034,38.005460970238,0.0,2892.808701714799,0.0,0.0,0.0,0.0,0.0,0.0,0.0,0.0
10000,317,0.0317,top_1_to_5_percent,1,7.0,111.0,False,46.92099549622901,46.920995496230034,38.005460970238,0.0,2892.808701714799,0.0,0.0,0.0,0.0,0.0,0.0,0.0,0.0
1376,318,0.0318,top_1_to_5_percent,1,5.0,95.0,False,46.830918204895,46.830918204895,11.930356775638998,0.0,1715.1579215119,0.0,0.0,0.0,30.2757519474911,30.2757519474911,0.0,0.0,0.0
1454,319,0.0319,top_1_to_5_percent,1,6.0,103.0,False,46.830918204895,46.830918204895,11.930356775638998,0.0,1715.1579215119,0.0,0.0,0.0,0.71367875842609,0.71367875842609,0.0,0.0,0.0
4131,320,0.032,top_1_to_5_percent,1,7.0,111.0,False,46.830918204895,46.83091820489403,9.993541177874498,0.0,1628.6414115027,0.0,0.0,0.0,0.0,0.0,0.0,0.0,0.0
6686,321,0.0321,top_1_to_5_percent,1,6.0,103.0,False,46.830918204895,46.830918204895,11.930356775638998,0.0,1715.1579215119,0.0,0.0,0.0,0.71367875842609,0.71367875842609,0.0,0.0,0.0
9328,322,0.0322,top_1_to_5_percent,0,,,False,46.830918204895,46.83091820489403,9.993541177874498,0.0,1628.6414115027,0.0,0.0,,,,,,
7782,323,0.0323,top_1_to_5_percent,1,3.0,79.0,False,46.689355697824,46.689355697824965,-1.9296001878515057,0.0,801.4426557976003,22.2686838686158,22.2686838686158,0.0,79.4853371037635,79.4853371037635,0.0,0.0,0.0
8676,324,0.0324,top_1_to_5_percent,1,6.0,103.0,False,46.63355143857797,46.63355143857797,-2.8176623553312083,0.0,678.6942077659005,22.2686838686158,22.2686838686158,0.0,0.71367875842609,0.71367875842609,0.0,0.0,0.0
6073,325,0.0325,top_1_to_5_percent,1,7.0,111.0,False,46.633551438577,46.63355143857797,-2.8176623553312083,0.0,657.6697695690018,22.2686838686158,22.2686838686158,0.0,0.0,0.0,0.0,0.0,0.0
4363,326,0.0326,top_1_to_5_percent,1,7.0,111.0,False,46.617965314012,46.617965314012,-11.606102157280802,0.0,447.150351173299,22.2686838686158,22.2686838686158,0.0,0.0,0.0,0.0,0.0,0.0
8271,327,0.0327,top_1_to_5_percent,1,1.0,63.0,False,46.617965314012,46.617965314012,-11.606102157280802,0.0,387.5623794001003,22.2686838686158,22.2686838686158,0.0,112.166696626405,112.166696626405,0.0,0.0,0.0
1631,328,0.0328,top_1_to_5_percent,1,14.0,167.0,False,46.61796531401103,46.617965314012,-11.606102157280802,0.0,402.15428110930225,22.2686838686158,22.2686838686158,185.745847312004,299.484469224306,113.738621912302,0.0,0.0,0.0
8685,329,0.0329,top_1_to_5_percent,1,13.0,159.0,False,46.587594465271025,34.317188842718,28.155876286813598,12.270405622553199,3931.9825309469015,15.3818266547643,27.6522322773175,240.569511496604,355.126452344801,114.556940848197,0.0,0.0,0.0
6087,330,0.033,top_1_to_5_percent,1,5.0,95.0,False,46.54431015340401,46.54431015340401,17.068814121901404,0.0,2013.3691806388997,0.0,0.0,0.0,30.2757519474911,30.2757519474911,0.0,0.0,0.0
7923,331,0.0331,top_1_to_5_percent,1,4.0,87.0,False,46.54431015340401,46.54431015340401,17.068814121901404,0.0,2013.3691806388997,0.0,0.0,0.0,67.6431305846633,67.6431305846633,0.0,0.0,0.0
3113,332,0.0332,top_1_to_5_percent,1,7.0,111.0,False,46.503059614487995,46.50305961448697,-6.974944801546393,0.0,569.9069395423976,22.2686838686158,22.2686838686158,0.0,0.0,0.0,0.0,0.0,0.0
816,333,0.0333,top_1_to_5_percent,1,5.0,95.0,False,46.476416509785,46.476416509785,21.269502832963603,0.0,2196.7623095340005,0.0,0.0,0.0,30.2757519474911,30.2757519474911,0.0,0.0,0.0
8569,334,0.0334,top_1_to_5_percent,0,,,False,46.476416509785,46.476416509785,21.269502832963603,0.0,2196.7623095340005,0.0,0.0,,,,,,
9689,335,0.0335,top_1_to_5_percent,1,4.0,87.0,False,46.476416509785,46.476416509785,21.269502832963603,0.0,2196.7623095340005,0.0,0.0,0.0,67.6431305846633,67.6431305846633,0.0,0.0,0.0
67,336,0.0336,top_1_to_5_percent,0,,,False,46.22229138157502,46.22229138157502,14.077642014840102,0.0,1590.0228228469005,0.0,0.0,,,,,,
160,337,0.0337,top_1_to_5_percent,1,3.0,79.0,False,46.22229138157502,46.22229138157502,14.077642014840102,0.0,1590.0228228469005,0.0,0.0,0.0,79.4853371037635,79.4853371037635,0.0,0.0,0.0
1200,338,0.0338,top_1_to_5_percent,1,7.0,111.0,False,46.22229138157502,46.22229138157502,14.077642014840102,0.0,1590.0228228469005,0.0,0.0,0.0,0.0,0.0,0.0,0.0,0.0
1544,339,0.0339,top_1_to_5_percent,0,,,False,46.22229138157502,46.22229138157502,14.077642014840102,0.0,1590.0228228469005,0.0,0.0,,,,,,
1625,340,0.034,top_1_to_5_percent,1,7.0,111.0,False,46.22229138157502,46.22229138157502,14.077642014840102,0.0,1590.0228228469005,0.0,0.0,0.0,0.0,0.0,0.0,0.0,0.0
2016,341,0.0341,top_1_to_5_percent,1,7.0,111.0,False,46.22229138157502,46.22229138157502,14.077642014840102,0.0,1590.0228228469005,0.0,0.0,0.0,0.0,0.0,0.0,0.0,0.0
2069,342,0.0342,top_1_to_5_percent,1,7.0,111.0,False,46.22229138157502,46.22229138157502,14.077642014840102,0.0,1590.0228228469005,0.0,0.0,0.0,0.0,0.0,0.0,0.0,0.0
2111,343,0.0343,top_1_to_5_percent,1,7.0,111.0,False,46.22229138157502,46.22229138157502,14.077642014840102,0.0,1590.0228228469005,0.0,0.0,0.0,0.0,0.0,0.0,0.0,0.0
2642,344,0.0344,top_1_to_5_percent,1,1.0,63.0,False,46.22229138157502,46.22229138157502,14.077642014840102,0.0,1590.0228228469005,0.0,0.0,0.0,112.166696626405,112.166696626405,0.0,0.0,0.0
2929,345,0.0345,top_1_to_5_percent,1,7.0,111.0,False,46.22229138157502,46.22229138157502,14.077642014840102,0.0,1590.0228228469005,0.0,0.0,0.0,0.0,0.0,0.0,0.0,0.0
3025,346,0.0346,top_1_to_5_percent,1,7.0,111.0,False,46.22229138157502,46.22229138157502,14.077642014840102,0.0,1590.0228228469005,0.0,0.0,0.0,0.0,0.0,0.0,0.0,0.0
3036,347,0.0347,top_1_to_5_percent,1,5.0,95.0,False,46.22229138157502,46.22229138157502,14.077642014840102,0.0,1590.0228228469005,0.0,0.0,0.0,30.2757519474911,30.2757519474911,0.0,0.0,0.0
4667,348,0.0348,top_1_to_5_percent,1,4.0,87.0,False,46.22229138157502,46.22229138157502,14.077642014840102,0.0,1590.0228228469005,0.0,0.0,0.0,67.6431305846633,67.6431305846633,0.0,0.0,0.0
4747,349,0.0349,top_1_to_5_percent,1,5.0,95.0,False,46.22229138157502,46.22229138157502,14.077642014840102,0.0,1590.0228228469005,0.0,0.0,0.0,30.2757519474911,30.2757519474911,0.0,0.0,0.0
5352,350,0.035,top_1_to_5_percent,1,7.0,111.0,False,46.22229138157502,46.22229138157502,14.077642014840102,0.0,1590.0228228469005,0.0,0.0,0.0,0.0,0.0,0.0,0.0,0.0
5370,351,0.0351,top_1_to_5_percent,1,7.0,111.0,False,46.22229138157502,46.22229138157502,14.077642014840102,0.0,1590.0228228469005,0.0,0.0,0.0,0.0,0.0,0.0,0.0,0.0
5585,352,0.0352,top_1_to_5_percent,1,6.0,103.0,False,46.22229138157502,46.22229138157502,14.077642014840102,0.0,1590.0228228469005,0.0,0.0,0.0,0.71367875842609,0.71367875842609,0.0,0.0,0.0
5689,353,0.0353,top_1_to_5_percent,1,7.0,111.0,False,46.22229138157502,46.22229138157502,14.077642014840102,0.0,1590.0228228469005,0.0,0.0,0.0,0.0,0.0,0.0,0.0,0.0
5693,354,0.0354,top_1_to_5_percent,1,14.0,167.0,False,46.22229138157502,46.22229138157502,14.077642014840102,0.0,1590.0228228469005,0.0,0.0,185.745847312004,299.484469224306,113.738621912302,0.0,0.0,0.0
6207,355,0.0355,top_1_to_5_percent,0,,,False,46.22229138157502,46.22229138157502,14.077642014840102,0.0,1590.0228228469005,0.0,0.0,,,,,,
6409,356,0.0356,top_1_to_5_percent,1,4.0,87.0,False,46.22229138157502,46.22229138157502,14.077642014840102,0.0,1590.0228228469005,0.0,0.0,0.0,67.6431305846633,67.6431305846633,0.0,0.0,0.0
6410,357,0.0357,top_1_to_5_percent,1,7.0,111.0,False,46.22229138157502,46.22229138157502,14.077642014840102,0.0,1590.0228228469005,0.0,0.0,0.0,0.0,0.0,0.0,0.0,0.0
6526,358,0.0358,top_1_to_5_percent,0,,,False,46.22229138157502,46.22229138157502,14.077642014840102,0.0,1590.0228228469005,0.0,0.0,,,,,,
6665,359,0.0359,top_1_to_5_percent,1,6.0,103.0,False,46.22229138157502,46.22229138157502,14.077642014840102,0.0,1590.0228228469005,0.0,0.0,0.0,0.71367875842609,0.71367875842609,0.0,0.0,0.0
6725,360,0.036,top_1_to_5_percent,1,12.0,151.0,False,46.22229138157502,46.22229138157502,14.077642014840102,0.0,1590.0228228469005,0.0,0.0,325.668930529416,382.364473540397,56.695543010981,9.81916373455536,26.7513327640567,16.93216902950134
6956,361,0.0361,top_1_to_5_percent,1,7.0,111.0,False,46.22229138157502,46.22229138157502,14.077642014840102,0.0,1590.0228228469005,0.0,0.0,0.0,0.0,0.0,0.0,0.0,0.0
7996,362,0.0362,top_1_to_5_percent,1,5.0,95.0,False,46.22229138157502,46.22229138157502,14.077642014840102,0.0,1590.0228228469005,0.0,0.0,0.0,30.2757519474911,30.2757519474911,0.0,0.0,0.0
8064,363,0.0363,top_1_to_5_percent,1,7.0,111.0,False,46.22229138157502,46.22229138157502,14.077642014840102,0.0,1590.0228228469005,0.0,0.0,0.0,0.0,0.0,0.0,0.0,0.0
9306,364,0.0364,top_1_to_5_percent,1,5.0,95.0,False,46.22229138157502,46.22229138157502,14.077642014840102,0.0,1590.0228228469005,0.0,0.0,0.0,30.2757519474911,30.2757519474911,0.0,0.0,0.0
4017,365,0.0365,top_1_to_5_percent,1,4.0,87.0,False,46.19155069368401,46.19155069368401,12.504523311396099,0.0,2036.3479590922998,0.0,0.0,0.0,67.6431305846633,67.6431305846633,0.0,0.0,0.0
5576,366,0.0366,top_1_to_5_percent,1,2.0,71.0,False,46.19155069368401,46.19155069368401,12.504523311396099,0.0,2036.3479590922998,0.0,0.0,0.0,110.465721330482,110.465721330482,0.0,0.0,0.0
1764,367,0.0367,top_1_to_5_percent,1,1.0,63.0,False,46.09849098089103,46.098490980890006,18.4642839260001,0.0,2072.683412949,0.0,0.0,0.0,112.166696626405,112.166696626405,0.0,0.0,0.0
1311,368,0.0368,top_1_to_5_percent,1,5.0,95.0,False,46.029525946327,46.029525946327,17.887077766450403,0.0,2019.3223057995,0.0,0.0,0.0,30.2757519474911,30.2757519474911,0.0,0.0,0.0
2499,369,0.0369,top_1_to_5_percent,1,7.0,111.0,False,45.79053312220401,45.79053312220498,10.789343693607996,0.0,1688.3594588727992,0.0,0.0,0.0,0.0,0.0,0.0,0.0,0.0
1300,370,0.037,top_1_to_5_percent,1,4.0,87.0,False,45.775061056948005,45.775061056948005,13.322786955945002,0.0,2046.2722850942991,0.0,0.0,0.0,67.6431305846633,67.6431305846633,0.0,0.0,0.0
3947,371,0.0371,top_1_to_5_percent,1,4.0,87.0,False,45.775061056948005,45.775061056948005,13.322786955945002,0.0,2046.2722850942991,0.0,0.0,0.0,67.6431305846633,67.6431305846633,0.0,0.0,0.0
6413,372,0.0372,top_1_to_5_percent,1,3.0,79.0,False,45.775061056948005,45.775061056948005,13.322786955945002,0.0,2046.2722850942991,0.0,0.0,0.0,79.4853371037635,79.4853371037635,0.0,0.0,0.0
6568,373,0.0373,top_1_to_5_percent,1,2.0,71.0,False,45.775061056948005,45.775061056948005,13.322786955945002,0.0,2046.2722850942991,0.0,0.0,0.0,110.465721330482,110.465721330482,0.0,0.0,0.0
7423,374,0.0374,top_1_to_5_percent,1,5.0,95.0,False,45.775061056948005,45.775061056948005,13.322786955945002,0.0,2046.2722850942991,0.0,0.0,0.0,30.2757519474911,30.2757519474911,0.0,0.0,0.0
35,375,0.0375,top_1_to_5_percent,1,4.0,87.0,False,45.74330680214496,45.74330680214399,16.4058362321212,0.0,2071.0951713678005,0.0,0.0,0.0,67.6431305846633,67.6431305846633,0.0,0.0,0.0
2847,376,0.0376,top_1_to_5_percent,1,5.0,95.0,False,45.74330680214496,45.74330680214399,16.4058362321212,0.0,2071.0951713678005,0.0,0.0,0.0,30.2757519474911,30.2757519474911,0.0,0.0,0.0
5645,377,0.0377,top_1_to_5_percent,1,7.0,111.0,False,45.74330680214496,45.74330680214399,16.4058362321212,0.0,2071.0951713678005,0.0,0.0,0.0,0.0,0.0,0.0,0.0,0.0
166,378,0.0378,top_1_to_5_percent,1,4.0,87.0,False,45.737569374097006,45.73756937409598,19.2787220649723,0.0,2081.6237394763994,0.0,0.0,0.0,67.6431305846633,67.6431305846633,0.0,0.0,0.0
1356,379,0.0379,top_1_to_5_percent,1,8.0,119.0,False,45.737569374097006,45.73756937409598,19.2787220649723,0.0,2081.6237394763994,0.0,0.0,371.491694624008,405.313265587416,33.82157096340802,1.13686837721616e-13,0.819705128506897,0.8197051285067833
3241,380,0.038,top_1_to_5_percent,0,,,False,45.737569374097006,45.73756937409598,19.2787220649723,0.0,2081.6237394763994,0.0,0.0,,,,,,
5971,381,0.0381,top_1_to_5_percent,1,4.0,87.0,False,45.737569374097006,45.73756937409598,19.2787220649723,0.0,2081.6237394763994,0.0,0.0,0.0,67.6431305846633,67.6431305846633,0.0,0.0,0.0
6511,382,0.0382,top_1_to_5_percent,1,1.0,63.0,False,45.737569374097006,45.73756937409598,19.2787220649723,0.0,2081.6237394763994,0.0,0.0,0.0,112.166696626405,112.166696626405,0.0,0.0,0.0
4560,383,0.0383,top_1_to_5_percent,1,7.0,111.0,False,45.60942566846796,45.60942566846796,19.305704491451998,0.0,2084.9376946108005,0.0,0.0,0.0,0.0,0.0,0.0,0.0,0.0
4519,384,0.0384,top_1_to_5_percent,1,4.0,87.0,False,45.58881926251905,45.58881926251797,18.230164822562,0.0,1890.0223917231997,0.0,0.0,0.0,67.6431305846633,67.6431305846633,0.0,0.0,0.0
435,385,0.0385,top_1_to_5_percent,1,7.0,111.0,False,45.582843213304955,45.58284321330598,22.266686906863303,0.0,1682.6474461465004,0.0,0.0,0.0,0.0,0.0,0.0,0.0,0.0
1410,386,0.0386,top_1_to_5_percent,1,7.0,111.0,False,45.582843213304955,45.58284321330598,22.266686906863303,0.0,1682.6474461465004,0.0,0.0,0.0,0.0,0.0,0.0,0.0,0.0
2054,387,0.0387,top_1_to_5_percent,1,7.0,111.0,False,45.582843213304955,45.58284321330598,22.266686906863303,0.0,1682.6474461465004,0.0,0.0,0.0,0.0,0.0,0.0,0.0,0.0
2557,388,0.0388,top_1_to_5_percent,1,7.0,111.0,False,45.582843213304955,45.58284321330598,22.266686906863303,0.0,1682.6474461465004,0.0,0.0,0.0,0.0,0.0,0.0,0.0,0.0
4963,389,0.0389,top_1_to_5_percent,1,4.0,87.0,False,45.582843213304955,45.58284321330598,22.266686906863303,0.0,1682.6474461465004,0.0,0.0,0.0,67.6431305846633,67.6431305846633,0.0,0.0,0.0
7375,390,0.039,top_1_to_5_percent,1,7.0,111.0,False,45.582843213304955,45.58284321330598,22.266686906863303,0.0,1682.6474461465004,0.0,0.0,0.0,0.0,0.0,0.0,0.0,0.0
9850,391,0.0391,top_1_to_5_percent,1,3.0,79.0,False,45.582843213304955,45.58284321330598,22.266686906863303,0.0,1682.6474461465004,0.0,0.0,0.0,79.4853371037635,79.4853371037635,0.0,0.0,0.0
3732,392,0.0392,top_1_to_5_percent,1,5.0,95.0,False,45.484891220677014,45.484891220677014,16.249245566882,0.0,1769.9143811802005,0.0,0.0,0.0,30.2757519474911,30.2757519474911,0.0,0.0,0.0
2097,393,0.0393,top_1_to_5_percent,1,5.0,95.0,False,45.22432734094099,45.22432734094002,5.720895352972306,0.0,1936.4950255318,56.538008369035,56.538008369035,0.0,30.2757519474911,30.2757519474911,0.0,0.0,0.0
8090,394,0.0394,top_1_to_5_percent,1,7.0,111.0,False,45.150164429107974,45.150164429107974,19.7956311823944,0.0,1936.4005348810006,0.0,0.0,0.0,0.0,0.0,0.0,0.0,0.0
773,395,0.0395,top_1_to_5_percent,0,,,False,45.082233520770956,45.08223352077101,20.6554405648577,0.0,1981.6011992922995,0.0,0.0,,,,,,
9758,396,0.0396,top_1_to_5_percent,1,3.0,79.0,False,44.954938399160994,44.954938399160994,21.8752824194684,0.0,1798.859854867398,49.7931791629814,49.7931791629814,0.0,79.4853371037635,79.4853371037635,0.0,0.0,0.0
8497,397,0.0397,top_1_to_5_percent,1,7.0,111.0,False,44.886078646350995,44.88607864634997,23.8237370627801,0.0,1883.1941485369025,49.7931791629814,49.7931791629814,0.0,0.0,0.0,0.0,0.0,0.0
2643,398,0.0398,top_1_to_5_percent,1,14.0,167.0,False,44.88486051589399,44.88486051589496,5.3518561113790994,0.0,1390.7508388574006,0.0,0.0,185.745847312004,299.484469224306,113.738621912302,0.0,0.0,0.0
1810,399,0.0399,top_1_to_5_percent,1,3.0,79.0,False,44.86405889267303,44.86405889267303,4.409486418744095,0.0,1844.8009945185986,49.7931791629814,49.7931791629814,0.0,79.4853371037635,79.4853371037635,0.0,0.0,0.0
3403,400,0.04,top_1_to_5_percent,1,4.0,87.0,False,44.81175620758097,44.81175620758103,-7.990521953868303,0.0,1535.0496347018998,56.538008369035,56.538008369035,0.0,67.6431305846633,67.6431305846633,0.0,0.0,0.0
3426,401,0.0401,top_1_to_5_percent,1,7.0,111.0,False,44.80218565538598,44.80218565538502,19.471850289160802,0.0,1970.6095834156004,0.0,0.0,0.0,0.0,0.0,0.0,0.0,0.0
2167,402,0.0402,top_1_to_5_percent,1,1.0,63.0,False,44.76245049286098,44.76245049286098,25.405356474483895,0.0,2401.4496528657,49.7931791629814,49.7931791629814,0.0,112.166696626405,112.166696626405,0.0,0.0,0.0
3551,403,0.0403,top_1_to_5_percent,0,,,False,44.68049264058499,44.68049264058601,-6.397317648495104,0.0,1668.6037761014995,56.538008369035,56.538008369035,,,,,,
6343,404,0.0404,top_1_to_5_percent,0,,,False,44.51803270967304,44.51803270967304,-18.3218669989148,0.0,1334.2684635316,56.538008369035,56.538008369035,,,,,,
7524,405,0.0405,top_1_to_5_percent,1,7.0,111.0,False,44.51803270967304,44.51803270967304,-18.3218669989148,0.0,1334.2684635316,56.538008369035,56.538008369035,0.0,0.0,0.0,0.0,0.0,0.0
1679,406,0.0406,top_1_to_5_percent,1,6.0,103.0,False,44.48336698618101,44.48336698618101,13.529435021335996,0.0,1648.6322100211,0.0,0.0,0.0,0.71367875842609,0.71367875842609,0.0,0.0,0.0
5507,407,0.0407,top_1_to_5_percent,1,6.0,103.0,False,44.40378516566,44.40378516566102,16.1879321913859,0.0,1817.0467190299005,0.0,0.0,0.0,0.71367875842609,0.71367875842609,0.0,0.0,0.0
9510,408,0.0408,top_1_to_5_percent,1,7.0,111.0,False,44.32476972709901,44.32476972709901,15.474108768443095,0.0,1991.4732987195002,0.0,0.0,0.0,0.0,0.0,0.0,0.0,0.0
4693,409,0.0409,top_1_to_5_percent,1,7.0,111.0,False,44.32400281868598,44.32400281868496,20.164785245314405,0.0,2106.6926962769994,0.0,0.0,0.0,0.0,0.0,0.0,0.0,0.0
5429,410,0.041,top_1_to_5_percent,1,7.0,111.0,False,44.179027064813,44.179027064813,23.8237370627801,0.0,2300.549064758299,49.7931791629814,49.7931791629814,0.0,0.0,0.0,0.0,0.0,0.0
97,411,0.0411,top_1_to_5_percent,1,1.0,63.0,False,44.174336854718035,44.174336854718035,10.2359753760458,0.0,1777.5503946784993,0.0,0.0,0.0,112.166696626405,112.166696626405,0.0,0.0,0.0
328,412,0.0412,top_1_to_5_percent,0,,,False,44.174336854718035,44.174336854718035,10.2359753760458,0.0,1777.5503946784993,0.0,0.0,,,,,,
855,413,0.0413,top_1_to_5_percent,1,1.0,63.0,False,44.174336854718035,44.174336854718035,10.2359753760458,0.0,1777.5503946784993,0.0,0.0,0.0,112.166696626405,112.166696626405,0.0,0.0,0.0
5242,414,0.0414,top_1_to_5_percent,0,,,False,44.174336854718035,44.174336854718035,10.2359753760458,0.0,1777.5503946784993,0.0,0.0,,,,,,
8610,415,0.0415,top_1_to_5_percent,1,5.0,95.0,False,44.174336854718035,44.174336854718035,10.2359753760458,0.0,1777.5503946784993,0.0,0.0,0.0,30.2757519474911,30.2757519474911,0.0,0.0,0.0
2224,416,0.0416,top_1_to_5_percent,1,7.0,111.0,False,44.094844540569,44.094844540569966,20.7354864852335,0.0,2011.8456382313016,49.7931791629814,49.7931791629814,0.0,0.0,0.0,0.0,0.0,0.0
1447,417,0.0417,top_1_to_5_percent,1,14.0,167.0,False,44.04725617508001,44.04725617508001,19.6283246632339,0.0,1955.8304395145005,0.0,0.0,185.745847312004,299.484469224306,113.738621912302,0.0,0.0,0.0
1778,418,0.0418,top_1_to_5_percent,1,1.0,63.0,False,44.04725617508001,44.04725617508001,19.6283246632339,0.0,1955.8304395145005,0.0,0.0,0.0,112.166696626405,112.166696626405,0.0,0.0,0.0
3168,419,0.0419,top_1_to_5_percent,1,5.0,95.0,False,44.04725617508001,44.04725617508001,19.6283246632339,0.0,1955.8304395145005,0.0,0.0,0.0,30.2757519474911,30.2757519474911,0.0,0.0,0.0
5434,420,0.042,top_1_to_5_percent,1,2.0,71.0,False,44.04725617508001,44.04725617508001,19.6283246632339,0.0,1955.8304395145005,0.0,0.0,0.0,110.465721330482,110.465721330482,0.0,0.0,0.0
6493,421,0.0421,top_1_to_5_percent,1,1.0,63.0,False,44.04725617508001,44.04725617508001,19.6283246632339,0.0,1955.8304395145005,0.0,0.0,0.0,112.166696626405,112.166696626405,0.0,0.0,0.0
6889,422,0.0422,top_1_to_5_percent,1,1.0,63.0,False,44.04725617508001,44.04725617508001,19.6283246632339,0.0,1955.8304395145005,0.0,0.0,0.0,112.166696626405,112.166696626405,0.0,0.0,0.0
7542,423,0.0423,top_1_to_5_percent,1,2.0,71.0,False,44.04725617508001,44.04725617508001,19.6283246632339,0.0,1955.8304395145005,0.0,0.0,0.0,110.465721330482,110.465721330482,0.0,0.0,0.0
8194,424,0.0424,top_1_to_5_percent,1,6.0,103.0,False,44.04725617508001,44.04725617508001,19.6283246632339,0.0,1955.8304395145005,0.0,0.0,0.0,0.71367875842609,0.71367875842609,0.0,0.0,0.0
8242,425,0.0425,top_1_to_5_percent,1,4.0,87.0,False,44.04725617508001,44.04725617508001,19.6283246632339,0.0,1955.8304395145005,0.0,0.0,0.0,67.6431305846633,67.6431305846633,0.0,0.0,0.0
9431,426,0.0426,top_1_to_5_percent,1,2.0,71.0,False,44.04725617508001,44.04725617508001,19.6283246632339,0.0,1955.8304395145005,0.0,0.0,0.0,110.465721330482,110.465721330482,0.0,0.0,0.0
9783,427,0.0427,top_1_to_5_percent,1,4.0,87.0,False,44.04725617508001,44.04725617508001,19.6283246632339,0.0,1955.8304395145005,0.0,0.0,0.0,67.6431305846633,67.6431305846633,0.0,0.0,0.0
9843,428,0.0428,top_1_to_5_percent,1,4.0,87.0,False,44.04725617508001,44.04725617508001,19.6283246632339,0.0,1955.8304395145005,0.0,0.0,0.0,67.6431305846633,67.6431305846633,0.0,0.0,0.0
5758,429,0.0429,top_1_to_5_percent,1,7.0,111.0,False,43.92074633708398,43.92074633708404,20.9287361718937,0.0,1901.332497138399,0.0,0.0,0.0,0.0,0.0,0.0,0.0,0.0
245,430,0.043,top_1_to_5_percent,0,,,False,43.915147980566985,43.91514798056801,19.496216468674202,0.0,1983.7169694904005,0.0,0.0,,,,,,
432,431,0.0431,top_1_to_5_percent,1,2.0,71.0,False,43.915147980566985,43.91514798056801,19.496216468674202,0.0,1983.7169694904005,0.0,0.0,0.0,110.465721330482,110.465721330482,0.0,0.0,0.0
580,432,0.0432,top_1_to_5_percent,0,,,False,43.915147980566985,43.91514798056801,19.496216468674202,0.0,1983.7169694904005,0.0,0.0,,,,,,
900,433,0.0433,top_1_to_5_percent,1,1.0,63.0,False,43.915147980566985,43.91514798056801,19.496216468674202,0.0,1983.7169694904005,0.0,0.0,0.0,112.166696626405,112.166696626405,0.0,0.0,0.0
1705,434,0.0434,top_1_to_5_percent,1,6.0,103.0,False,43.915147980566985,43.91514798056801,19.496216468674202,0.0,1983.7169694904005,0.0,0.0,0.0,0.71367875842609,0.71367875842609,0.0,0.0,0.0
1945,435,0.0435,top_1_to_5_percent,1,4.0,87.0,False,43.915147980566985,43.91514798056801,19.496216468674202,0.0,1983.7169694904005,0.0,0.0,0.0,67.6431305846633,67.6431305846633,0.0,0.0,0.0
3200,436,0.0436,top_1_to_5_percent,1,2.0,71.0,False,43.915147980566985,43.91514798056801,19.496216468674202,0.0,1983.7169694904005,0.0,0.0,0.0,110.465721330482,110.465721330482,0.0,0.0,0.0
3272,437,0.0437,top_1_to_5_percent,1,6.0,103.0,False,43.915147980566985,43.91514798056801,19.496216468674202,0.0,1983.7169694904005,0.0,0.0,0.0,0.71367875842609,0.71367875842609,0.0,0.0,0.0
3716,438,0.0438,top_1_to_5_percent,1,5.0,95.0,False,43.915147980566985,43.91514798056801,19.496216468674202,0.0,1983.7169694904005,0.0,0.0,0.0,30.2757519474911,30.2757519474911,0.0,0.0,0.0
4105,439,0.0439,top_1_to_5_percent,1,9.0,127.0,False,43.915147980566985,43.91514798056801,19.496216468674202,0.0,1983.7169694904005,0.0,0.0,382.129122003109,405.313274925785,23.18415292267599,12.316334599983,11.2560902423987,-1.060244357584299
4353,440,0.044,top_1_to_5_percent,1,4.0,87.0,False,43.915147980566985,43.91514798056801,19.496216468674202,0.0,1983.7169694904005,0.0,0.0,0.0,67.6431305846633,67.6431305846633,0.0,0.0,0.0
4927,441,0.0441,top_1_to_5_percent,1,5.0,95.0,False,43.915147980566985,43.91514798056801,19.496216468674202,0.0,1983.7169694904005,0.0,0.0,0.0,30.2757519474911,30.2757519474911,0.0,0.0,0.0
5284,442,0.0442,top_1_to_5_percent,1,6.0,103.0,False,43.915147980566985,43.91514798056801,19.496216468674202,0.0,1983.7169694904005,0.0,0.0,0.0,0.71367875842609,0.71367875842609,0.0,0.0,0.0
5760,443,0.0443,top_1_to_5_percent,1,4.0,87.0,False,43.915147980566985,43.91514798056801,19.496216468674202,0.0,1983.7169694904005,0.0,0.0,0.0,67.6431305846633,67.6431305846633,0.0,0.0,0.0
8331,444,0.0444,top_1_to_5_percent,1,5.0,95.0,False,43.915147980566985,43.91514798056801,19.496216468674202,0.0,1983.7169694904005,0.0,0.0,0.0,30.2757519474911,30.2757519474911,0.0,0.0,0.0
8885,445,0.0445,top_1_to_5_percent,1,2.0,71.0,False,43.915147980566985,43.91514798056801,19.496216468674202,0.0,1983.7169694904005,0.0,0.0,0.0,110.465721330482,110.465721330482,0.0,0.0,0.0
9271,446,0.0446,top_1_to_5_percent,1,5.0,95.0,False,43.915147980566985,43.91514798056801,19.496216468674202,0.0,1983.7169694904005,0.0,0.0,0.0,30.2757519474911,30.2757519474911,0.0,0.0,0.0
4958,447,0.0447,top_1_to_5_percent,1,2.0,71.0,False,43.890781801006995,43.89078180100603,19.471850289160802,0.0,1955.3583694300996,0.0,0.0,0.0,110.465721330482,110.465721330482,0.0,0.0,0.0
8059,448,0.0448,top_1_to_5_percent,1,1.0,63.0,False,43.890781801006995,43.89078180100603,19.471850289160802,0.0,1955.3583694300996,0.0,0.0,0.0,112.166696626405,112.166696626405,0.0,0.0,0.0
8424,449,0.0449,top_1_to_5_percent,1,2.0,71.0,False,43.890781801006995,43.89078180100603,19.471850289160802,0.0,1955.3583694300996,0.0,0.0,0.0,110.465721330482,110.465721330482,0.0,0.0,0.0
670,450,0.045,top_1_to_5_percent,1,5.0,95.0,False,43.88957422466501,43.889574224664955,2.934263794132505,0.0,1196.4401420886006,0.0,0.0,0.0,30.2757519474911,30.2757519474911,0.0,0.0,0.0
1603,451,0.0451,top_1_to_5_percent,1,5.0,95.0,False,43.88957422466501,43.889574224664955,2.934263794132505,0.0,1196.4401420886006,0.0,0.0,0.0,30.2757519474911,30.2757519474911,0.0,0.0,0.0
2968,452,0.0452,top_1_to_5_percent,1,7.0,111.0,False,43.88957422466501,43.889574224664955,2.934263794132505,0.0,1196.4401420886006,0.0,0.0,0.0,0.0,0.0,0.0,0.0,0.0
4115,453,0.0453,top_1_to_5_percent,1,6.0,103.0,False,43.88957422466501,43.889574224664955,2.934263794132505,0.0,1196.4401420886006,0.0,0.0,0.0,0.71367875842609,0.71367875842609,0.0,0.0,0.0
9100,454,0.0454,top_1_to_5_percent,1,7.0,111.0,False,43.88957422466501,43.889574224664955,2.934263794132505,0.0,1196.4401420886006,0.0,0.0,0.0,0.0,0.0,0.0,0.0,0.0
762,455,0.0455,top_1_to_5_percent,0,,,False,43.88957422466399,43.88957422466399,2.934263794132505,0.0,1339.1953566108004,0.0,0.0,,,,,,
923,456,0.0456,top_1_to_5_percent,1,7.0,111.0,False,43.88957422466399,43.88957422466399,2.934263794132505,0.0,1339.1953566108004,0.0,0.0,0.0,0.0,0.0,0.0,0.0,0.0
2695,457,0.0457,top_1_to_5_percent,1,4.0,87.0,False,43.88957422466399,43.88957422466399,2.934263794132505,0.0,1339.1953566108004,0.0,0.0,0.0,67.6431305846633,67.6431305846633,0.0,0.0,0.0
3525,458,0.0458,top_1_to_5_percent,1,7.0,111.0,False,43.88957422466399,43.88957422466399,2.934263794132505,0.0,1339.1953566108004,0.0,0.0,0.0,0.0,0.0,0.0,0.0,0.0
5315,459,0.0459,top_1_to_5_percent,1,7.0,111.0,False,43.88957422466399,43.88957422466399,2.934263794132505,0.0,1339.1953566108004,0.0,0.0,0.0,0.0,0.0,0.0,0.0,0.0
5993,460,0.046,top_1_to_5_percent,0,,,False,43.88957422466399,43.88957422466399,2.934263794132505,0.0,1339.1953566108004,0.0,0.0,,,,,,
6702,461,0.0461,top_1_to_5_percent,1,7.0,111.0,False,43.88957422466399,43.88957422466399,2.934263794132505,0.0,1339.1953566108004,0.0,0.0,0.0,0.0,0.0,0.0,0.0,0.0
8757,462,0.0462,top_1_to_5_percent,1,7.0,111.0,False,43.88957422466399,43.88957422466399,2.934263794132505,0.0,1339.1953566108004,0.0,0.0,0.0,0.0,0.0,0.0,0.0,0.0
3800,463,0.0463,top_1_to_5_percent,1,5.0,95.0,False,43.86711837051098,43.86711837051098,11.563225340059603,0.0,1541.3230694752,0.0,0.0,0.0,30.2757519474911,30.2757519474911,0.0,0.0,0.0
4301,464,0.0464,top_1_to_5_percent,1,5.0,95.0,False,43.809170961853,43.80917096185402,10.2655437306937,0.0,1775.7979292671007,0.0,0.0,0.0,30.2757519474911,30.2757519474911,0.0,0.0,0.0
4438,465,0.0465,top_1_to_5_percent,1,4.0,87.0,False,43.809170961853,43.80917096185402,10.2655437306937,0.0,1775.7979292671007,0.0,0.0,0.0,67.6431305846633,67.6431305846633,0.0,0.0,0.0
7533,466,0.0466,top_1_to_5_percent,1,2.0,71.0,False,43.809170961853,43.80917096185402,10.2655437306937,0.0,1775.7979292671007,0.0,0.0,0.0,110.465721330482,110.465721330482,0.0,0.0,0.0
55,467,0.0467,top_1_to_5_percent,1,4.0,87.0,False,43.688508502091,43.688508502091,19.269576990197802,0.0,1907.6689723476993,0.0,0.0,0.0,67.6431305846633,67.6431305846633,0.0,0.0,0.0
199,468,0.0468,top_1_to_5_percent,0,,,False,43.688508502091,43.688508502091,19.269576990197802,0.0,1907.6689723476993,0.0,0.0,,,,,,
482,469,0.0469,top_1_to_5_percent,1,1.0,63.0,False,43.688508502091,43.688508502091,19.269576990197802,0.0,1907.6689723476993,0.0,0.0,0.0,112.166696626405,112.166696626405,0.0,0.0,0.0
1112,470,0.047,top_1_to_5_percent,0,,,False,43.688508502091,43.688508502091,19.269576990197802,0.0,1907.6689723476993,0.0,0.0,,,,,,
3175,471,0.0471,top_1_to_5_percent,1,4.0,87.0,False,43.688508502091,43.688508502091,19.269576990197802,0.0,1907.6689723476993,0.0,0.0,0.0,67.6431305846633,67.6431305846633,0.0,0.0,0.0
3916,472,0.0472,top_1_to_5_percent,1,2.0,71.0,False,43.688508502091,43.688508502091,19.269576990197802,0.0,1907.6689723476993,0.0,0.0,0.0,110.465721330482,110.465721330482,0.0,0.0,0.0
8605,473,0.0473,top_1_to_5_percent,1,5.0,95.0,False,43.688508502091,43.688508502091,19.269576990197802,0.0,1907.6689723476993,0.0,0.0,0.0,30.2757519474911,30.2757519474911,0.0,0.0,0.0
9553,474,0.0474,top_1_to_5_percent,1,4.0,87.0,False,43.688508502091,43.688508502091,19.269576990197802,0.0,1907.6689723476993,0.0,0.0,0.0,67.6431305846633,67.6431305846633,0.0,0.0,0.0
9578,475,0.0475,top_1_to_5_percent,1,4.0,87.0,False,43.688508502091,43.688508502091,19.269576990197802,0.0,1907.6689723476993,0.0,0.0,0.0,67.6431305846633,67.6431305846633,0.0,0.0,0.0
513,476,0.0476,top_1_to_5_percent,1,10.0,135.0,False,43.669626489869984,43.66962648986902,16.249245566882,0.0,1739.5381755971994,0.0,0.0,372.309958268554,405.313258646956,33.003300378402,2.40537218578531,3.12368724019915,0.7183150544138397
3651,477,0.0477,top_1_to_5_percent,1,5.0,95.0,False,43.669626489869984,43.66962648986902,16.249245566882,0.0,1739.5381755971994,0.0,0.0,0.0,30.2757519474911,30.2757519474911,0.0,0.0,0.0
4373,478,0.0478,top_1_to_5_percent,1,7.0,111.0,False,43.669626489869984,43.66962648986902,16.249245566882,0.0,1739.5381755971994,0.0,0.0,0.0,0.0,0.0,0.0,0.0,0.0
5734,479,0.0479,top_1_to_5_percent,1,4.0,87.0,False,43.669626489869984,43.66962648986902,16.249245566882,0.0,1739.5381755971994,0.0,0.0,0.0,67.6431305846633,67.6431305846633,0.0,0.0,0.0
8914,480,0.048,top_1_to_5_percent,1,3.0,79.0,False,43.669626489869984,43.66962648986902,16.249245566882,0.0,1739.5381755971994,0.0,0.0,0.0,79.4853371037635,79.4853371037635,0.0,0.0,0.0
205,481,0.0481,top_1_to_5_percent,1,3.0,79.0,False,43.65955264764199,43.65955264764199,11.054239020594796,0.0,1784.1153971477997,0.0,0.0,0.0,79.4853371037635,79.4853371037635,0.0,0.0,0.0
3358,482,0.0482,top_1_to_5_percent,1,4.0,87.0,False,43.65955264764199,43.65955264764199,11.054239020594796,0.0,1784.1153971477997,0.0,0.0,0.0,67.6431305846633,67.6431305846633,0.0,0.0,0.0
1845,483,0.0483,top_1_to_5_percent,1,7.0,111.0,False,43.650154166202014,43.65015416620099,19.1059978122602,0.0,1887.703130198899,0.0,0.0,0.0,0.0,0.0,0.0,0.0,0.0
9196,484,0.0484,top_1_to_5_percent,1,7.0,111.0,False,43.650154166202014,43.65015416620099,19.1059978122602,0.0,1887.703130198899,0.0,0.0,0.0,0.0,0.0,0.0,0.0,0.0
2814,485,0.0485,top_1_to_5_percent,1,7.0,111.0,False,43.63262797027397,43.63262797027397,18.454381472462703,0.0,2079.7945772009007,0.0,0.0,0.0,0.0,0.0,0.0,0.0,0.0
9156,486,0.0486,top_1_to_5_percent,1,4.0,87.0,False,43.555684026444,43.555684026442975,18.8919423673247,0.0,1937.1917492634002,0.0,0.0,0.0,67.6431305846633,67.6431305846633,0.0,0.0,0.0
5177,487,0.0487,top_1_to_5_percent,1,11.0,143.0,False,43.51666194200601,43.51666194200601,19.056176728553698,0.0,1875.475628528,0.0,0.0,355.126421733082,396.04045228592,40.91403055283803,2.1316282072802998e-13,2.98431550483869,2.984315504838477
9782,488,0.0488,top_1_to_5_percent,1,7.0,111.0,False,43.51666194200601,43.51666194200601,19.056176728553698,0.0,1875.475628528,0.0,0.0,0.0,0.0,0.0,0.0,0.0,0.0
9632,489,0.0489,top_1_to_5_percent,1,3.0,79.0,False,43.479635469524965,43.47963546952502,15.1960088213626,0.0,1737.2299570717005,0.0,0.0,0.0,79.4853371037635,79.4853371037635,0.0,0.0,0.0
917,490,0.049,top_1_to_5_percent,0,,,False,43.33172665687397,43.33172665687499,17.7328655849795,0.0,1428.6228362414004,0.0,0.0,,,,,,
3047,491,0.0491,top_1_to_5_percent,1,2.0,71.0,False,43.33172665687397,43.33172665687499,17.7328655849795,0.0,1428.6228362414004,0.0,0.0,0.0,110.465721330482,110.465721330482,0.0,0.0,0.0
4746,492,0.0492,top_1_to_5_percent,1,13.0,159.0,False,43.33172665687397,43.33172665687499,17.7328655849795,0.0,1428.6228362414004,0.0,0.0,240.569511496604,355.126452344801,114.556940848197,0.0,0.0,0.0
5641,493,0.0493,top_1_to_5_percent,1,5.0,95.0,False,43.33172665687397,43.33172665687499,17.7328655849795,0.0,1428.6228362414004,0.0,0.0,0.0,30.2757519474911,30.2757519474911,0.0,0.0,0.0
6756,494,0.0494,top_1_to_5_percent,1,1.0,63.0,False,43.33172665687397,43.33172665687499,17.7328655849795,0.0,1428.6228362414004,0.0,0.0,0.0,112.166696626405,112.166696626405,0.0,0.0,0.0
9360,495,0.0495,top_1_to_5_percent,1,3.0,79.0,False,43.312381375504,43.31238137550497,-15.849118268018898,0.0,869.2500757966009,56.538008369035,56.538008369035,0.0,79.4853371037635,79.4853371037635,0.0,0.0,0.0
7714,496,0.0496,top_1_to_5_percent,1,2.0,71.0,False,43.29438675476297,43.294386754761945,11.083807375240998,0.0,1781.0135627929994,0.0,0.0,0.0,110.465721330482,110.465721330482,0.0,0.0,0.0
8185,497,0.0497,top_1_to_5_percent,1,4.0,87.0,False,43.29438675476297,43.294386754761945,11.083807375240998,0.0,1781.0135627929994,0.0,0.0,0.0,67.6431305846633,67.6431305846633,0.0,0.0,0.0
1568,498,0.0498,top_1_to_5_percent,1,5.0,95.0,False,43.25916666847604,43.25916666847604,-7.2976350369696945,0.0,1576.002033090499,56.538008369035,56.538008369035,0.0,30.2757519474911,30.2757519474911,0.0,0.0,0.0
1635,499,0.0499,top_1_to_5_percent,1,1.0,63.0,False,43.25845957272503,43.25845957272497,20.854765796182903,0.0,1914.2820721326989,0.0,0.0,0.0,112.166696626405,112.166696626405,0.0,0.0,0.0
5548,500,0.05,top_1_to_5_percent,1,4.0,87.0,False,43.25845957272503,43.25845957272497,20.854765796182903,0.0,1914.2820721326989,0.0,0.0,0.0,67.6431305846633,67.6431305846633,0.0,0.0,0.0
7945,501,0.0501,top_5_to_10_percent,1,5.0,95.0,False,43.25845957272503,43.25845957272497,20.854765796182903,0.0,1914.2820721326989,0.0,0.0,0.0,30.2757519474911,30.2757519474911,0.0,0.0,0.0
6150,502,0.0502,top_5_to_10_percent,1,5.0,95.0,False,43.25403374056401,43.25403374056299,18.327892427421,0.0,1851.7568081281006,0.0,0.0,0.0,30.2757519474911,30.2757519474911,0.0,0.0,0.0
7610,503,0.0503,top_5_to_10_percent,1,2.0,71.0,False,43.25403374056401,43.25403374056299,18.327892427421,0.0,1851.7568081281006,0.0,0.0,0.0,110.465721330482,110.465721330482,0.0,0.0,0.0
6910,504,0.0504,top_5_to_10_percent,1,3.0,79.0,False,43.229217927370996,43.229217927370996,13.742021850890005,0.0,1798.4578498775008,0.0,0.0,0.0,79.4853371037635,79.4853371037635,0.0,0.0,0.0
752,505,0.0505,top_5_to_10_percent,1,2.0,71.0,False,43.224297377951984,43.224297377951984,12.220013533040103,0.0,1598.9256946993992,0.0,0.0,0.0,110.465721330482,110.465721330482,0.0,0.0,0.0
3118,506,0.0506,top_5_to_10_percent,1,5.0,95.0,False,43.224297377951984,43.224297377951984,12.220013533040103,0.0,1598.9256946993992,0.0,0.0,0.0,30.2757519474911,30.2757519474911,0.0,0.0,0.0
4471,507,0.0507,top_5_to_10_percent,1,4.0,87.0,False,43.224297377951984,43.224297377951984,12.220013533040103,0.0,1598.9256946993992,0.0,0.0,0.0,67.6431305846633,67.6431305846633,0.0,0.0,0.0
4698,508,0.0508,top_5_to_10_percent,1,4.0,87.0,False,43.224297377951984,43.224297377951984,12.220013533040103,0.0,1598.9256946993992,0.0,0.0,0.0,67.6431305846633,67.6431305846633,0.0,0.0,0.0
6986,509,0.0509,top_5_to_10_percent,1,1.0,63.0,False,43.224297377951984,43.224297377951984,12.220013533040103,0.0,1598.9256946993992,0.0,0.0,0.0,112.166696626405,112.166696626405,0.0,0.0,0.0
7558,510,0.051,top_5_to_10_percent,1,4.0,87.0,False,43.224297377951984,43.224297377951984,12.220013533040103,0.0,1598.9256946993992,0.0,0.0,0.0,67.6431305846633,67.6431305846633,0.0,0.0,0.0
8288,511,0.0511,top_5_to_10_percent,0,,,False,43.224297377951984,43.224297377951984,12.220013533040103,0.0,1598.9256946993992,0.0,0.0,,,,,,
8517,512,0.0512,top_5_to_10_percent,1,2.0,71.0,False,43.224297377951984,43.224297377951984,12.220013533040103,0.0,1598.9256946993992,0.0,0.0,0.0,110.465721330482,110.465721330482,0.0,0.0,0.0
143,513,0.0513,top_5_to_10_percent,1,8.0,119.0,False,43.224139186424,43.224139186424,17.566931208358504,0.0,1659.3441120944008,0.0,0.0,371.491694624008,405.313265587416,33.82157096340802,1.27897692436818e-13,0.0,-1.27897692436818e-13
462,514,0.0514,top_5_to_10_percent,1,1.0,63.0,False,43.224139186424,43.224139186424,17.566931208358504,0.0,1659.3441120944008,0.0,0.0,0.0,112.166696626405,112.166696626405,0.0,0.0,0.0
3212,515,0.0515,top_5_to_10_percent,1,1.0,63.0,False,43.224139186424,43.224139186424,17.566931208358504,0.0,1659.3441120944008,0.0,0.0,0.0,112.166696626405,112.166696626405,0.0,0.0,0.0
3666,516,0.0516,top_5_to_10_percent,1,6.0,103.0,False,43.224139186424,43.224139186424,17.566931208358504,0.0,1659.3441120944008,0.0,0.0,0.0,0.71367875842609,0.71367875842609,0.0,0.0,0.0
4119,517,0.0517,top_5_to_10_percent,1,6.0,103.0,False,43.224139186424,43.224139186424,17.566931208358504,0.0,1659.3441120944008,0.0,0.0,0.0,0.71367875842609,0.71367875842609,0.0,0.0,0.0
4394,518,0.0518,top_5_to_10_percent,1,4.0,87.0,False,43.224139186424,43.224139186424,17.566931208358504,0.0,1659.3441120944008,0.0,0.0,0.0,67.6431305846633,67.6431305846633,0.0,0.0,0.0
6804,519,0.0519,top_5_to_10_percent,1,8.0,119.0,False,43.224139186424,43.224139186424,17.566931208358504,0.0,1659.3441120944008,0.0,0.0,371.491694624008,405.313265587416,33.82157096340802,1.27897692436818e-13,0.0,-1.27897692436818e-13
7383,520,0.052,top_5_to_10_percent,1,4.0,87.0,False,43.224139186424,43.224139186424,17.566931208358504,0.0,1659.3441120944008,0.0,0.0,0.0,67.6431305846633,67.6431305846633,0.0,0.0,0.0
8772,521,0.0521,top_5_to_10_percent,1,6.0,103.0,False,43.224139186424,43.224139186424,17.566931208358504,0.0,1659.3441120944008,0.0,0.0,0.0,0.71367875842609,0.71367875842609,0.0,0.0,0.0
9400,522,0.0522,top_5_to_10_percent,1,2.0,71.0,False,43.224139186424,43.224139186424,17.566931208358504,0.0,1659.3441120944008,0.0,0.0,0.0,110.465721330482,110.465721330482,0.0,0.0,0.0
9872,523,0.0523,top_5_to_10_percent,1,3.0,79.0,False,43.224139186424,43.224139186424,17.566931208358504,0.0,1659.3441120944008,0.0,0.0,0.0,79.4853371037635,79.4853371037635,0.0,0.0,0.0
9990,524,0.0524,top_5_to_10_percent,1,5.0,95.0,False,43.224139186424,43.224139186424,17.566931208358504,0.0,1659.3441120944008,0.0,0.0,0.0,30.2757519474911,30.2757519474911,0.0,0.0,0.0
1882,525,0.0525,top_5_to_10_percent,1,4.0,87.0,False,43.219285231773995,43.219285231773995,10.279974013167305,0.0,1719.1051437559,0.0,0.0,0.0,67.6431305846633,67.6431305846633,0.0,0.0,0.0
285,526,0.0526,top_5_to_10_percent,1,4.0,87.0,False,43.21580486085702,43.21580486085696,14.070500614341704,0.0,1686.785279485699,0.0,0.0,0.0,67.6431305846633,67.6431305846633,0.0,0.0,0.0
1457,527,0.0527,top_5_to_10_percent,1,2.0,71.0,False,43.21580486085702,43.21580486085696,14.070500614341704,0.0,1686.785279485599,0.0,0.0,0.0,110.465721330482,110.465721330482,0.0,0.0,0.0
1516,528,0.0528,top_5_to_10_percent,1,1.0,63.0,False,43.21580486085702,43.21580486085696,14.070500614341704,0.0,1686.785279485599,0.0,0.0,0.0,112.166696626405,112.166696626405,0.0,0.0,0.0
1643,529,0.0529,top_5_to_10_percent,1,2.0,71.0,False,43.21580486085702,43.21580486085696,14.070500614341704,0.0,1686.785279485599,0.0,0.0,0.0,110.465721330482,110.465721330482,0.0,0.0,0.0
3237,530,0.053,top_5_to_10_percent,1,5.0,95.0,False,43.21580486085702,43.21580486085696,14.070500614341704,0.0,1686.785279485599,0.0,0.0,0.0,30.2757519474911,30.2757519474911,0.0,0.0,0.0
4240,531,0.0531,top_5_to_10_percent,1,6.0,103.0,False,43.21580486085702,43.21580486085696,14.070500614341704,0.0,1686.785279485699,0.0,0.0,0.0,0.71367875842609,0.71367875842609,0.0,0.0,0.0
4976,532,0.0532,top_5_to_10_percent,1,2.0,71.0,False,43.21580486085702,43.21580486085696,14.070500614341704,0.0,1686.785279485699,0.0,0.0,0.0,110.465721330482,110.465721330482,0.0,0.0,0.0
5111,533,0.0533,top_5_to_10_percent,1,4.0,87.0,False,43.21580486085702,43.21580486085696,14.070500614341704,0.0,1686.785279485599,0.0,0.0,0.0,67.6431305846633,67.6431305846633,0.0,0.0,0.0
5286,534,0.0534,top_5_to_10_percent,1,2.0,71.0,False,43.21580486085702,43.21580486085696,14.070500614341704,0.0,1686.785279485599,0.0,0.0,0.0,110.465721330482,110.465721330482,0.0,0.0,0.0
6514,535,0.0535,top_5_to_10_percent,1,1.0,63.0,False,43.21580486085702,43.21580486085696,14.070500614341704,0.0,1686.785279485599,0.0,0.0,0.0,112.166696626405,112.166696626405,0.0,0.0,0.0
6535,536,0.0536,top_5_to_10_percent,1,1.0,63.0,False,43.21580486085702,43.21580486085696,14.070500614341704,0.0,1686.785279485599,0.0,0.0,0.0,112.166696626405,112.166696626405,0.0,0.0,0.0
6546,537,0.0537,top_5_to_10_percent,0,,,False,43.21580486085702,43.21580486085696,14.070500614341704,0.0,1686.785279485699,0.0,0.0,,,,,,
6587,538,0.0538,top_5_to_10_percent,1,2.0,71.0,False,43.21580486085702,43.21580486085696,14.070500614341704,0.0,1686.785279485599,0.0,0.0,0.0,110.465721330482,110.465721330482,0.0,0.0,0.0
7023,539,0.0539,top_5_to_10_percent,1,2.0,71.0,False,43.21580486085702,43.21580486085696,14.070500614341704,0.0,1686.785279485699,0.0,0.0,0.0,110.465721330482,110.465721330482,0.0,0.0,0.0
8364,540,0.054,top_5_to_10_percent,1,2.0,71.0,False,43.21580486085702,43.21580486085696,14.070500614341704,0.0,1686.785279485599,0.0,0.0,0.0,110.465721330482,110.465721330482,0.0,0.0,0.0
9005,541,0.0541,top_5_to_10_percent,1,5.0,95.0,False,43.21580486085702,43.21580486085696,14.070500614341704,0.0,1686.785279485599,0.0,0.0,0.0,30.2757519474911,30.2757519474911,0.0,0.0,0.0
9207,542,0.0542,top_5_to_10_percent,1,1.0,63.0,False,43.21580486085702,43.21580486085696,14.070500614341704,0.0,1686.785279485699,0.0,0.0,0.0,112.166696626405,112.166696626405,0.0,0.0,0.0
9378,543,0.0543,top_5_to_10_percent,0,,,False,43.21580486085702,43.21580486085696,14.070500614341704,0.0,1686.785279485599,0.0,0.0,,,,,,
9644,544,0.0544,top_5_to_10_percent,1,1.0,63.0,False,43.21580486085702,43.21580486085696,14.070500614341704,0.0,1686.785279485599,0.0,0.0,0.0,112.166696626405,112.166696626405,0.0,0.0,0.0
1599,545,0.0545,top_5_to_10_percent,0,,,False,43.157555137256,43.157555137256,20.854765796182903,0.0,1912.593561457601,0.0,0.0,,,,,,
3713,546,0.0546,top_5_to_10_percent,1,2.0,71.0,False,43.157555137256,43.157555137256,20.854765796182903,0.0,1912.593561457501,0.0,0.0,0.0,110.465721330482,110.465721330482,0.0,0.0,0.0
6569,547,0.0547,top_5_to_10_percent,1,6.0,103.0,False,43.139784475257954,43.13978447525898,13.994480228743704,0.0,1794.1713404892998,0.0,0.0,0.0,0.71367875842609,0.71367875842609,0.0,0.0,0.0
9321,548,0.0548,top_5_to_10_percent,1,4.0,87.0,False,43.139784475257954,43.13978447525898,13.994480228743704,0.0,1794.1713404892998,0.0,0.0,0.0,67.6431305846633,67.6431305846633,0.0,0.0,0.0
1628,549,0.0549,top_5_to_10_percent,1,1.0,63.0,False,43.135084588661016,43.135084588661016,18.327892427421,0.0,1849.7663414865,0.0,0.0,0.0,112.166696626405,112.166696626405,0.0,0.0,0.0
2130,550,0.055,top_5_to_10_percent,1,2.0,71.0,False,43.135084588661016,43.135084588661016,18.327892427421,0.0,1849.7663414865,0.0,0.0,0.0,110.465721330482,110.465721330482,0.0,0.0,0.0
2323,551,0.0551,top_5_to_10_percent,1,1.0,63.0,False,43.135084588661016,43.135084588661016,18.327892427421,0.0,1849.7663414865,0.0,0.0,0.0,112.166696626405,112.166696626405,0.0,0.0,0.0
2427,552,0.0552,top_5_to_10_percent,1,2.0,71.0,False,43.135084588661016,43.135084588661016,18.327892427421,0.0,1849.7663414865,0.0,0.0,0.0,110.465721330482,110.465721330482,0.0,0.0,0.0
5296,553,0.0553,top_5_to_10_percent,1,3.0,79.0,False,43.135084588661016,43.135084588661016,18.327892427421,0.0,1849.7663414865,0.0,0.0,0.0,79.4853371037635,79.4853371037635,0.0,0.0,0.0
5621,554,0.0554,top_5_to_10_percent,1,3.0,79.0,False,43.135084588661016,43.135084588661016,18.327892427421,0.0,1849.7663414865,0.0,0.0,0.0,79.4853371037635,79.4853371037635,0.0,0.0,0.0
1106,555,0.0555,top_5_to_10_percent,0,,,False,43.12331439957097,43.12331439957103,12.220013533040103,0.0,1597.2358697061009,0.0,0.0,,,,,,
4896,556,0.0556,top_5_to_10_percent,1,8.0,119.0,False,43.12331439957097,43.12331439957103,12.220013533040103,0.0,1597.2358697061009,0.0,0.0,371.491694624008,405.313265587416,33.82157096340802,9.947598300641399e-13,1.92841298485291e-11,1.828937001846496e-11
6330,557,0.0557,top_5_to_10_percent,1,4.0,87.0,False,43.12331439957097,43.12331439957103,12.220013533040103,0.0,1597.2358697061009,0.0,0.0,0.0,67.6431305846633,67.6431305846633,0.0,0.0,0.0
7583,558,0.0558,top_5_to_10_percent,1,4.0,87.0,False,43.12331439957097,43.12331439957103,12.220013533040103,0.0,1597.2358697061009,0.0,0.0,0.0,67.6431305846633,67.6431305846633,0.0,0.0,0.0
8400,559,0.0559,top_5_to_10_percent,1,4.0,87.0,False,43.12331439957097,43.12331439957103,12.220013533040103,0.0,1597.2358697061009,0.0,0.0,0.0,67.6431305846633,67.6431305846633,0.0,0.0,0.0
8574,560,0.056,top_5_to_10_percent,1,1.0,63.0,False,43.12331439957097,43.12331439957103,12.220013533040103,0.0,1597.2358697061009,0.0,0.0,0.0,112.166696626405,112.166696626405,0.0,0.0,0.0
1033,561,0.0561,top_5_to_10_percent,0,,,False,43.11728534993398,43.117285349934036,13.994480228743704,0.0,1793.7948455104997,0.0,0.0,,,,,,
1580,562,0.0562,top_5_to_10_percent,1,4.0,87.0,False,43.11728534993398,43.117285349934036,13.994480228743704,0.0,1793.7948455104997,0.0,0.0,0.0,67.6431305846633,67.6431305846633,0.0,0.0,0.0
2405,563,0.0563,top_5_to_10_percent,0,,,False,43.11728534993398,43.117285349934036,13.994480228743704,0.0,1793.7948455104997,0.0,0.0,,,,,,
2620,564,0.0564,top_5_to_10_percent,1,3.0,79.0,False,43.11728534993398,43.117285349934036,13.994480228743704,0.0,1793.7948455104997,0.0,0.0,0.0,79.4853371037635,79.4853371037635,0.0,0.0,0.0
2920,565,0.0565,top_5_to_10_percent,1,3.0,79.0,False,43.11728534993398,43.117285349934036,13.994480228743704,0.0,1793.7948455104997,0.0,0.0,0.0,79.4853371037635,79.4853371037635,0.0,0.0,0.0
4024,566,0.0566,top_5_to_10_percent,1,3.0,79.0,False,43.11728534993398,43.117285349934036,13.994480228743704,0.0,1793.7948455104997,0.0,0.0,0.0,79.4853371037635,79.4853371037635,0.0,0.0,0.0
4766,567,0.0567,top_5_to_10_percent,0,,,False,43.11728534993398,43.117285349934036,13.994480228743704,0.0,1793.7948455104997,0.0,0.0,,,,,,
5862,568,0.0568,top_5_to_10_percent,1,10.0,135.0,False,43.11728534993398,43.117285349934036,13.994480228743704,0.0,1793.7948455104997,0.0,0.0,372.309958268554,405.313258646956,33.003300378402,1.01962882581574e-12,3.48734374711057e-11,3.385380864528996e-11
5946,569,0.0569,top_5_to_10_percent,1,3.0,79.0,False,43.11728534993398,43.117285349934036,13.994480228743704,0.0,1793.7948455104997,0.0,0.0,0.0,79.4853371037635,79.4853371037635,0.0,0.0,0.0
6010,570,0.057,top_5_to_10_percent,1,1.0,63.0,False,43.11728534993398,43.117285349934036,13.994480228743704,0.0,1793.7948455104997,0.0,0.0,0.0,112.166696626405,112.166696626405,0.0,0.0,0.0
9174,571,0.0571,top_5_to_10_percent,1,2.0,71.0,False,43.11728534993398,43.117285349934036,13.994480228743704,0.0,1793.7948455104997,0.0,0.0,0.0,110.465721330482,110.465721330482,0.0,0.0,0.0
246,572,0.0572,top_5_to_10_percent,1,9.0,127.0,False,43.11528104240301,43.11528104240301,17.964984730229197,0.0,1869.3637837026,0.0,0.0,382.129122003109,405.313274925785,23.18415292267599,12.3207691036789,11.2303369222474,-1.0904321814315008
1612,573,0.0573,top_5_to_10_percent,1,3.0,79.0,False,43.11528104240301,43.11528104240301,17.964984730229197,0.0,1869.3637837026,0.0,0.0,0.0,79.4853371037635,79.4853371037635,0.0,0.0,0.0
1626,574,0.0574,top_5_to_10_percent,1,4.0,87.0,False,43.11528104240301,43.115281042402046,10.789343693607996,0.0,1643.5924308006997,0.0,0.0,0.0,67.6431305846633,67.6431305846633,0.0,0.0,0.0
1816,575,0.0575,top_5_to_10_percent,1,4.0,87.0,False,43.11528104240301,43.11528104240301,17.964984730229197,0.0,1869.3637837026,0.0,0.0,0.0,67.6431305846633,67.6431305846633,0.0,0.0,0.0
2046,576,0.0576,top_5_to_10_percent,1,4.0,87.0,False,43.11528104240301,43.11528104240301,17.964984730229197,0.0,1869.3637837026,0.0,0.0,0.0,67.6431305846633,67.6431305846633,0.0,0.0,0.0
2127,577,0.0577,top_5_to_10_percent,1,7.0,111.0,False,43.11528104240301,43.11528104240301,17.964984730229197,0.0,1869.3637837026,0.0,0.0,0.0,0.0,0.0,0.0,0.0,0.0
2132,578,0.0578,top_5_to_10_percent,1,5.0,95.0,False,43.11528104240301,43.11528104240301,17.964984730229197,0.0,1869.3637837026,0.0,0.0,0.0,30.2757519474911,30.2757519474911,0.0,0.0,0.0
2626,579,0.0579,top_5_to_10_percent,1,9.0,127.0,False,43.11528104240301,43.11528104240301,17.964984730229197,0.0,1869.3637837026,0.0,0.0,382.129122003109,405.313274925785,23.18415292267599,12.3207691036789,11.2303369222474,-1.0904321814315008
2827,580,0.058,top_5_to_10_percent,1,4.0,87.0,False,43.11528104240301,43.115281042402046,10.789343693607996,0.0,1643.5924308006997,0.0,0.0,0.0,67.6431305846633,67.6431305846633,0.0,0.0,0.0
3005,581,0.0581,top_5_to_10_percent,1,2.0,71.0,False,43.11528104240301,43.11528104240301,17.964984730229197,0.0,1869.3637837026,0.0,0.0,0.0,110.465721330482,110.465721330482,0.0,0.0,0.0
3018,582,0.0582,top_5_to_10_percent,1,3.0,79.0,False,43.11528104240301,43.11528104240301,17.964984730229197,0.0,1869.3637837026,0.0,0.0,0.0,79.4853371037635,79.4853371037635,0.0,0.0,0.0
3181,583,0.0583,top_5_to_10_percent,1,4.0,87.0,False,43.11528104240301,43.11528104240301,17.964984730229197,0.0,1869.3637837026,0.0,0.0,0.0,67.6431305846633,67.6431305846633,0.0,0.0,0.0
3555,584,0.0584,top_5_to_10_percent,1,2.0,71.0,False,43.11528104240301,43.115281042402046,10.789343693607996,0.0,1643.5924308006997,0.0,0.0,0.0,110.465721330482,110.465721330482,0.0,0.0,0.0
3751,585,0.0585,top_5_to_10_percent,1,3.0,79.0,False,43.11528104240301,43.11528104240301,17.964984730229197,0.0,1869.3637837026,0.0,0.0,0.0,79.4853371037635,79.4853371037635,0.0,0.0,0.0
4605,586,0.0586,top_5_to_10_percent,1,2.0,71.0,False,43.11528104240301,43.115281042402046,10.789343693607996,0.0,1643.5924308006997,0.0,0.0,0.0,110.465721330482,110.465721330482,0.0,0.0,0.0
5442,587,0.0587,top_5_to_10_percent,1,5.0,95.0,False,43.11528104240301,43.11528104240301,17.964984730229197,0.0,1869.3637837026,0.0,0.0,0.0,30.2757519474911,30.2757519474911,0.0,0.0,0.0
7663,588,0.0588,top_5_to_10_percent,1,3.0,79.0,False,43.11528104240301,43.11528104240301,17.964984730229197,0.0,1869.3637837026,0.0,0.0,0.0,79.4853371037635,79.4853371037635,0.0,0.0,0.0
9700,589,0.0589,top_5_to_10_percent,1,10.0,135.0,False,43.11528104240301,43.115281042402046,10.789343693607996,0.0,1643.5924308006997,0.0,0.0,372.309958268554,405.313258646956,33.003300378402,5.93303184359684e-13,3.4901859180536095e-11,3.430855599617641e-11
9954,590,0.059,top_5_to_10_percent,1,2.0,71.0,False,43.11528104240301,43.11528104240301,17.964984730229197,0.0,1869.3637837026,0.0,0.0,0.0,110.465721330482,110.465721330482,0.0,0.0,0.0
253,591,0.0591,top_5_to_10_percent,1,8.0,119.0,False,43.11482188247595,43.11482188247601,14.070500614341704,0.0,1685.0954544922006,0.0,0.0,371.491694624008,405.313265587416,33.82157096340802,0.0,1.92841298485291e-11,1.92841298485291e-11
423,592,0.0592,top_5_to_10_percent,1,3.0,79.0,False,43.11482188247595,43.11482188247601,14.070500614341704,0.0,1685.0954544922006,0.0,0.0,0.0,79.4853371037635,79.4853371037635,0.0,0.0,0.0
3417,593,0.0593,top_5_to_10_percent,1,5.0,95.0,False,43.11482188247595,43.11482188247601,14.070500614341704,0.0,1685.0954544922006,0.0,0.0,0.0,30.2757519474911,30.2757519474911,0.0,0.0,0.0
3731,594,0.0594,top_5_to_10_percent,1,3.0,79.0,False,43.11482188247595,43.11482188247601,14.070500614341704,0.0,1685.0954544922006,0.0,0.0,0.0,79.4853371037635,79.4853371037635,0.0,0.0,0.0
4090,595,0.0595,top_5_to_10_percent,1,4.0,87.0,False,43.11482188247595,43.11482188247601,14.070500614341704,0.0,1685.0954544922006,0.0,0.0,0.0,67.6431305846633,67.6431305846633,0.0,0.0,0.0
4106,596,0.0596,top_5_to_10_percent,1,3.0,79.0,False,43.11482188247595,43.11482188247601,14.070500614341704,0.0,1685.0954544922006,0.0,0.0,0.0,79.4853371037635,79.4853371037635,0.0,0.0,0.0
5879,597,0.0597,top_5_to_10_percent,1,3.0,79.0,False,43.11482188247595,43.11482188247601,14.070500614341704,0.0,1685.0954544922006,0.0,0.0,0.0,79.4853371037635,79.4853371037635,0.0,0.0,0.0
8991,598,0.0598,top_5_to_10_percent,1,3.0,79.0,False,43.11482188247595,43.11482188247601,14.070500614341704,0.0,1685.0954544922006,0.0,0.0,0.0,79.4853371037635,79.4853371037635,0.0,0.0,0.0
838,599,0.0599,top_5_to_10_percent,1,2.0,71.0,False,43.11423801456601,43.11423801456601,8.852528095843496,0.0,1557.0584670131993,0.0,0.0,0.0,110.465721330482,110.465721330482,0.0,0.0,0.0
3781,600,0.06,top_5_to_10_percent,1,1.0,63.0,False,43.11423801456601,43.11423801456601,8.852528095843496,0.0,1557.0584670131993,0.0,0.0,0.0,112.166696626405,112.166696626405,0.0,0.0,0.0
8190,601,0.0601,top_5_to_10_percent,1,1.0,63.0,False,43.11423801456601,43.11423801456601,8.852528095843496,0.0,1557.0584670131993,0.0,0.0,0.0,112.166696626405,112.166696626405,0.0,0.0,0.0
1202,602,0.0602,top_5_to_10_percent,1,3.0,79.0,False,43.10530294118996,43.10530294119002,19.6283246632339,0.0,1940.0680195231998,0.0,0.0,0.0,79.4853371037635,79.4853371037635,0.0,0.0,0.0
1528,603,0.0603,top_5_to_10_percent,1,1.0,63.0,False,43.10530294118996,43.10530294119002,19.6283246632339,0.0,1940.0680195231998,0.0,0.0,0.0,112.166696626405,112.166696626405,0.0,0.0,0.0
2388,604,0.0604,top_5_to_10_percent,1,6.0,103.0,False,43.10530294118996,43.10530294119002,19.6283246632339,0.0,1940.0680195232999,0.0,0.0,0.0,0.71367875842609,0.71367875842609,0.0,0.0,0.0
2415,605,0.0605,top_5_to_10_percent,0,,,False,43.10530294118996,43.10530294119002,19.6283246632339,0.0,1940.0680195231998,0.0,0.0,,,,,,
4648,606,0.0606,top_5_to_10_percent,1,1.0,63.0,False,43.10530294118996,43.10530294119002,19.6283246632339,0.0,1940.0680195232999,0.0,0.0,0.0,112.166696626405,112.166696626405,0.0,0.0,0.0
5810,607,0.0607,top_5_to_10_percent,1,4.0,87.0,False,43.10530294118996,43.10530294119002,19.6283246632339,0.0,1940.0680195231998,0.0,0.0,0.0,67.6431305846633,67.6431305846633,0.0,0.0,0.0
5868,608,0.0608,top_5_to_10_percent,1,3.0,79.0,False,43.10530294118996,43.10530294119002,19.6283246632339,0.0,1940.0680195231998,0.0,0.0,0.0,79.4853371037635,79.4853371037635,0.0,0.0,0.0
6663,609,0.0609,top_5_to_10_percent,1,1.0,63.0,False,43.10530294118996,43.10530294119002,19.6283246632339,0.0,1940.0680195231998,0.0,0.0,0.0,112.166696626405,112.166696626405,0.0,0.0,0.0
7149,610,0.061,top_5_to_10_percent,1,4.0,87.0,False,43.10530294118996,43.10530294119002,19.6283246632339,0.0,1940.0680195232999,0.0,0.0,0.0,67.6431305846633,67.6431305846633,0.0,0.0,0.0
153,611,0.0611,top_5_to_10_percent,1,5.0,95.0,False,43.09094013685103,43.09094013685103,20.4080473685312,0.0,2047.2825099520996,0.0,0.0,0.0,30.2757519474911,30.2757519474911,0.0,0.0,0.0
6668,612,0.0612,top_5_to_10_percent,1,5.0,95.0,False,43.08812301341999,43.08812301341999,15.841642136284698,0.0,1728.3761915864998,0.0,0.0,0.0,30.2757519474911,30.2757519474911,0.0,0.0,0.0
414,613,0.0613,top_5_to_10_percent,1,2.0,71.0,False,43.08509321856104,43.085093218560985,19.4844253512143,0.0,1969.5068759917995,0.0,0.0,0.0,110.465721330482,110.465721330482,0.0,0.0,0.0
3102,614,0.0614,top_5_to_10_percent,1,4.0,87.0,False,43.08509321856104,43.085093218560985,19.4844253512143,0.0,1969.5068759917995,0.0,0.0,0.0,67.6431305846633,67.6431305846633,0.0,0.0,0.0
3108,615,0.0615,top_5_to_10_percent,1,3.0,79.0,False,43.08509321856104,43.085093218560985,19.4844253512143,0.0,1969.5068759917995,0.0,0.0,0.0,79.4853371037635,79.4853371037635,0.0,0.0,0.0
3275,616,0.0616,top_5_to_10_percent,1,4.0,87.0,False,43.08509321856104,43.085093218560985,19.4844253512143,0.0,1969.5068759917995,0.0,0.0,0.0,67.6431305846633,67.6431305846633,0.0,0.0,0.0
4035,617,0.0617,top_5_to_10_percent,1,5.0,95.0,False,43.08509321856104,43.085093218560985,19.4844253512143,0.0,1969.5068759917995,0.0,0.0,0.0,30.2757519474911,30.2757519474911,0.0,0.0,0.0
7209,618,0.0618,top_5_to_10_percent,1,4.0,87.0,False,43.08509321856104,43.085093218560985,19.4844253512143,0.0,1969.5068759917995,0.0,0.0,0.0,67.6431305846633,67.6431305846633,0.0,0.0,0.0
7544,619,0.0619,top_5_to_10_percent,1,4.0,87.0,False,43.08509321856104,43.085093218560985,19.4844253512143,0.0,1969.5068759917995,0.0,0.0,0.0,67.6431305846633,67.6431305846633,0.0,0.0,0.0
7607,620,0.062,top_5_to_10_percent,1,1.0,63.0,False,43.08509321856104,43.085093218560985,19.4844253512143,0.0,1969.5068759917995,0.0,0.0,0.0,112.166696626405,112.166696626405,0.0,0.0,0.0
8576,621,0.0621,top_5_to_10_percent,1,3.0,79.0,False,43.08509321856104,43.085093218560985,19.4844253512143,0.0,1969.5068759917995,0.0,0.0,0.0,79.4853371037635,79.4853371037635,0.0,0.0,0.0
9254,622,0.0622,top_5_to_10_percent,1,4.0,87.0,False,43.08509321856104,43.085093218560985,19.4844253512143,0.0,1969.5068759917995,0.0,0.0,0.0,67.6431305846633,67.6431305846633,0.0,0.0,0.0
9559,623,0.0623,top_5_to_10_percent,1,7.0,111.0,False,43.060242546780955,43.06024254677999,-6.974944801546492,0.0,549.6905866433008,22.2686838686158,22.2686838686158,0.0,0.0,0.0,0.0,0.0,0.0
225,624,0.0624,top_5_to_10_percent,1,4.0,87.0,False,43.05983477872002,43.059834778718994,19.459166911372904,0.0,1902.2966958845009,0.0,0.0,0.0,67.6431305846633,67.6431305846633,0.0,0.0,0.0
2622,625,0.0625,top_5_to_10_percent,1,5.0,95.0,False,43.05983477872002,43.059834778718994,19.459166911372904,0.0,1902.2966958845009,0.0,0.0,0.0,30.2757519474911,30.2757519474911,0.0,0.0,0.0
3500,626,0.0626,top_5_to_10_percent,1,6.0,103.0,False,43.05983477872002,43.059834778718994,19.459166911372904,0.0,1902.2966958845009,0.0,0.0,0.0,0.71367875842609,0.71367875842609,0.0,0.0,0.0
3749,627,0.0627,top_5_to_10_percent,0,,,False,43.05983477872002,43.059834778718994,19.459166911372904,0.0,1902.2966958845009,0.0,0.0,,,,,,
7279,628,0.0628,top_5_to_10_percent,1,4.0,87.0,False,43.05983477872002,43.059834778718994,19.459166911372904,0.0,1902.2966958845009,0.0,0.0,0.0,67.6431305846633,67.6431305846633,0.0,0.0,0.0
8506,629,0.0629,top_5_to_10_percent,1,1.0,63.0,False,43.05983477872002,43.059834778718994,19.459166911372904,0.0,1902.2966958845009,0.0,0.0,0.0,112.166696626405,112.166696626405,0.0,0.0,0.0
9272,630,0.063,top_5_to_10_percent,1,5.0,95.0,False,43.05983477872002,43.059834778718994,19.459166911372904,0.0,1902.2966958845009,0.0,0.0,0.0,30.2757519474911,30.2757519474911,0.0,0.0,0.0
2636,631,0.0631,top_5_to_10_percent,1,4.0,87.0,False,43.057036735177974,43.057036735177974,17.964984730229197,0.0,1868.3891374043997,0.0,0.0,0.0,67.6431305846633,67.6431305846633,0.0,0.0,0.0
7296,632,0.0632,top_5_to_10_percent,1,7.0,111.0,False,43.057036735177974,43.057036735177974,17.964984730229197,0.0,1868.3891374043997,0.0,0.0,0.0,0.0,0.0,0.0,0.0,0.0
7984,633,0.0633,top_5_to_10_percent,0,,,False,43.057036735177974,43.057036735177974,17.964984730229197,0.0,1868.3891374043997,0.0,0.0,,,,,,
7797,634,0.0634,top_5_to_10_percent,1,5.0,95.0,False,43.022573308318044,43.02257330831799,19.496216468674202,0.0,1968.7808385327007,0.0,0.0,0.0,30.2757519474911,30.2757519474911,0.0,0.0,0.0
92,635,0.0635,top_5_to_10_percent,1,5.0,95.0,False,43.005206644898976,43.0052066449,10.137269192053399,0.0,1248.6193677907995,0.0,0.0,0.0,30.2757519474911,30.2757519474911,0.0,0.0,0.0
1762,636,0.0636,top_5_to_10_percent,1,7.0,111.0,False,43.005206644898976,43.0052066449,10.137269192053399,0.0,1248.6193677907995,0.0,0.0,0.0,0.0,0.0,0.0,0.0,0.0
3110,637,0.0637,top_5_to_10_percent,1,7.0,111.0,False,43.005206644898976,43.0052066449,10.137269192053399,0.0,1248.6193677907995,0.0,0.0,0.0,0.0,0.0,0.0,0.0,0.0
6882,638,0.0638,top_5_to_10_percent,1,7.0,111.0,False,43.005206644898976,43.0052066449,10.137269192053399,0.0,1248.6193677907995,0.0,0.0,0.0,0.0,0.0,0.0,0.0,0.0
7036,639,0.0639,top_5_to_10_percent,1,2.0,71.0,False,43.005206644898976,43.0052066449,10.137269192053399,0.0,1248.6193677907995,0.0,0.0,0.0,110.465721330482,110.465721330482,0.0,0.0,0.0
8491,640,0.064,top_5_to_10_percent,0,,,False,43.005206644898976,43.0052066449,10.137269192053399,0.0,1248.6193677907995,0.0,0.0,,,,,,
9011,641,0.0641,top_5_to_10_percent,1,6.0,103.0,False,43.005206644898976,43.0052066449,10.137269192053399,0.0,1248.6193677907995,0.0,0.0,0.0,0.71367875842609,0.71367875842609,0.0,0.0,0.0
1055,642,0.0642,top_5_to_10_percent,1,1.0,63.0,False,42.998327727581,42.998327727581,17.3994666556856,0.0,1512.2974397426988,0.0,0.0,0.0,112.166696626405,112.166696626405,0.0,0.0,0.0
7679,643,0.0643,top_5_to_10_percent,0,,,False,42.998327727581,42.998327727581,17.3994666556856,0.0,1512.2974397426988,0.0,0.0,,,,,,
7770,644,0.0644,top_5_to_10_percent,1,5.0,95.0,False,42.998327727581,42.998327727581,17.3994666556856,0.0,1512.2974397426988,0.0,0.0,0.0,30.2757519474911,30.2757519474911,0.0,0.0,0.0
9339,645,0.0645,top_5_to_10_percent,1,1.0,63.0,False,42.998327727581,42.998327727581,17.3994666556856,0.0,1512.2974397426988,0.0,0.0,0.0,112.166696626405,112.166696626405,0.0,0.0,0.0
9879,646,0.0646,top_5_to_10_percent,1,5.0,95.0,False,42.998327727581,42.998327727581,17.3994666556856,0.0,1512.2974397426988,0.0,0.0,0.0,30.2757519474911,30.2757519474911,0.0,0.0,0.0
7222,647,0.0647,top_5_to_10_percent,0,,,False,42.995048062120986,42.995048062120986,15.530633648619297,0.0,1786.2342920245992,0.0,0.0,,,,,,
6108,648,0.0648,top_5_to_10_percent,1,7.0,111.0,False,42.965030383197984,42.96503038319901,22.0653264517438,0.0,1635.6676670345987,0.0,0.0,0.0,0.0,0.0,0.0,0.0,0.0
4953,649,0.0649,top_5_to_10_percent,1,4.0,87.0,False,42.927513969228016,42.92751396922904,0.647089575240301,0.0,1470.1769899473002,56.538008369035,56.538008369035,0.0,67.6431305846633,67.6431305846633,0.0,0.0,0.0
8773,650,0.065,top_5_to_10_percent,0,,,False,42.927513969228016,42.92751396922904,0.647089575240301,0.0,1470.1769899473002,56.538008369035,56.538008369035,,,,,,
1098,651,0.0651,top_5_to_10_percent,1,3.0,79.0,False,42.869855529153995,42.86985552915502,19.471850289160802,0.0,1938.274433521201,0.0,0.0,0.0,79.4853371037635,79.4853371037635,0.0,0.0,0.0
2129,652,0.0652,top_5_to_10_percent,1,3.0,79.0,False,42.869855529153995,42.86985552915502,19.471850289160802,0.0,1938.274433521201,0.0,0.0,0.0,79.4853371037635,79.4853371037635,0.0,0.0,0.0
2681,653,0.0653,top_5_to_10_percent,1,2.0,71.0,False,42.869855529153995,42.86985552915502,19.471850289160802,0.0,1938.274433521201,0.0,0.0,0.0,110.465721330482,110.465721330482,0.0,0.0,0.0
5018,654,0.0654,top_5_to_10_percent,1,3.0,79.0,False,42.869855529153995,42.86985552915502,19.471850289160802,0.0,1938.274433521201,0.0,0.0,0.0,79.4853371037635,79.4853371037635,0.0,0.0,0.0
8876,655,0.0655,top_5_to_10_percent,1,5.0,95.0,False,42.869855529153995,42.86985552915502,19.471850289160802,0.0,1938.274433521201,0.0,0.0,0.0,30.2757519474911,30.2757519474911,0.0,0.0,0.0
9663,656,0.0656,top_5_to_10_percent,1,3.0,79.0,False,42.869855529153995,42.86985552915502,19.471850289160802,0.0,1938.274433521201,0.0,0.0,0.0,79.4853371037635,79.4853371037635,0.0,0.0,0.0
5557,657,0.0657,top_5_to_10_percent,1,4.0,87.0,False,42.844163431445,42.844163431445,27.010767751977497,0.0,2323.5014015707984,0.0,0.0,0.0,67.6431305846633,67.6431305846633,0.0,0.0,0.0
7656,658,0.0658,top_5_to_10_percent,1,7.0,111.0,False,42.82236703805597,42.82236703805597,4.3136768762795015,0.0,1525.406063853201,0.0,0.0,0.0,0.0,0.0,0.0,0.0,0.0
155,659,0.0659,top_5_to_10_percent,1,7.0,111.0,False,42.82236703744502,42.82236703744496,13.797463376421899,0.0,1622.6339479255003,0.0,0.0,0.0,0.0,0.0,0.0,0.0,0.0
1336,660,0.066,top_5_to_10_percent,1,5.0,95.0,False,42.82236703744502,42.82236703744496,13.797463376421899,0.0,1622.6339479255003,0.0,0.0,0.0,30.2757519474911,30.2757519474911,0.0,0.0,0.0
961,661,0.0661,top_5_to_10_percent,1,3.0,79.0,False,42.822367037443996,42.82236703744496,12.122662951729296,0.0,1593.6456533054989,0.0,0.0,0.0,79.4853371037635,79.4853371037635,0.0,0.0,0.0
1305,662,0.0662,top_5_to_10_percent,1,7.0,111.0,False,42.822367037443996,42.82236703744496,12.172347848953802,0.0,1511.3557939928996,0.0,0.0,0.0,0.0,0.0,0.0,0.0,0.0
2849,663,0.0663,top_5_to_10_percent,1,4.0,87.0,False,42.822367037443996,42.82236703744496,12.172347848953802,0.0,1511.3557939928996,0.0,0.0,0.0,67.6431305846633,67.6431305846633,0.0,0.0,0.0
5660,664,0.0664,top_5_to_10_percent,1,4.0,87.0,False,42.822367037443996,42.82236703744496,12.122662951729296,0.0,1593.6456533054989,0.0,0.0,0.0,67.6431305846633,67.6431305846633,0.0,0.0,0.0
6997,665,0.0665,top_5_to_10_percent,1,7.0,111.0,False,42.822367037443996,42.82236703744496,12.122662951729296,0.0,1593.6456533054989,0.0,0.0,0.0,0.0,0.0,0.0,0.0,0.0
383,666,0.0666,top_5_to_10_percent,1,7.0,111.0,False,42.81417589547999,42.81417589547999,19.496216468674202,0.0,2073.0601828451,0.0,0.0,0.0,0.0,0.0,0.0,0.0,0.0
1187,667,0.0667,top_5_to_10_percent,1,3.0,79.0,False,42.73413351674105,42.73413351674202,-1.6053289630676986,0.0,1510.2359794836993,56.538008369035,56.538008369035,0.0,79.4853371037635,79.4853371037635,0.0,0.0,0.0
4808,668,0.0668,top_5_to_10_percent,1,5.0,95.0,False,42.73171690648803,42.731716906489,10.730785153818502,0.0,1690.7800464693992,0.0,0.0,0.0,30.2757519474911,30.2757519474911,0.0,0.0,0.0
6742,669,0.0669,top_5_to_10_percent,0,,,False,42.73171690648803,42.731716906489,10.730785153818502,0.0,1690.7800464693992,0.0,0.0,,,,,,
6964,670,0.067,top_5_to_10_percent,1,5.0,95.0,False,42.73171690648803,42.731716906489,10.730785153818502,0.0,1690.7800464693992,0.0,0.0,0.0,30.2757519474911,30.2757519474911,0.0,0.0,0.0
3842,671,0.0671,top_5_to_10_percent,1,7.0,111.0,False,42.72133931410099,42.72133931410099,7.219760403570099,0.0,1419.6884669095998,0.0,0.0,0.0,0.0,0.0,0.0,0.0,0.0
3866,672,0.0672,top_5_to_10_percent,0,,,False,42.72133931410099,42.72133931410099,7.219760403570099,0.0,1419.6884669095998,0.0,0.0,,,,,,
4453,673,0.0673,top_5_to_10_percent,1,4.0,87.0,False,42.72133931410099,42.72133931410099,7.219760403570099,0.0,1419.6884669095998,0.0,0.0,0.0,67.6431305846633,67.6431305846633,0.0,0.0,0.0
5623,674,0.0674,top_5_to_10_percent,1,4.0,87.0,False,42.72133931410099,42.72133931410099,7.219760403570099,0.0,1276.9332523874,0.0,0.0,0.0,67.6431305846633,67.6431305846633,0.0,0.0,0.0
9394,675,0.0675,top_5_to_10_percent,1,7.0,111.0,False,42.72133931410099,42.72133931410099,7.219760403570099,0.0,1276.9332523874,0.0,0.0,0.0,0.0,0.0,0.0,0.0,0.0
4000,676,0.0676,top_5_to_10_percent,1,2.0,71.0,False,42.713248994726996,42.713248994726996,17.9276400600937,0.0,1748.6480086892007,0.0,0.0,0.0,110.465721330482,110.465721330482,0.0,0.0,0.0
5059,677,0.0677,top_5_to_10_percent,0,,,False,42.713248994726996,42.713248994726996,17.9276400600937,0.0,1748.6480086892007,0.0,0.0,,,,,,
8577,678,0.0678,top_5_to_10_percent,0,,,False,42.713248994726996,42.713248994726996,17.9276400600937,0.0,1748.6480086892007,0.0,0.0,,,,,,
1344,679,0.0679,top_5_to_10_percent,1,7.0,111.0,False,42.70326759276702,42.70326759276696,5.3518561113790994,0.0,1354.244584972399,0.0,0.0,0.0,0.0,0.0,0.0,0.0,0.0
6678,680,0.068,top_5_to_10_percent,1,7.0,111.0,False,42.70326759276702,42.70326759276696,5.3518561113790994,0.0,1354.244584972399,0.0,0.0,0.0,0.0,0.0,0.0,0.0,0.0
7218,681,0.0681,top_5_to_10_percent,1,2.0,71.0,False,42.70326759276702,42.70326759276696,5.3518561113790994,0.0,1354.244584972399,0.0,0.0,0.0,110.465721330482,110.465721330482,0.0,0.0,0.0
880,682,0.0682,top_5_to_10_percent,1,7.0,111.0,False,42.69811896590403,42.69811896590397,3.4021275754129974,0.0,1311.2664487465008,0.0,0.0,0.0,0.0,0.0,0.0,0.0,0.0
3252,683,0.0683,top_5_to_10_percent,1,7.0,111.0,False,42.69811896590403,42.69811896590397,3.4021275754129974,0.0,1311.2664487465008,0.0,0.0,0.0,0.0,0.0,0.0,0.0,0.0
4264,684,0.0684,top_5_to_10_percent,1,7.0,111.0,False,42.67691237173,42.67691237172997,25.2684105661744,0.0,2610.277939052401,49.7931791629814,49.7931791629814,0.0,0.0,0.0,0.0,0.0,0.0
1818,685,0.0685,top_5_to_10_percent,1,7.0,111.0,False,42.66304195572502,40.75636579028901,12.409313886104897,1.9066761654359965,1669.2807099518031,104.42451136658,106.331187532016,0.0,0.0,0.0,0.0,0.0,0.0
691,686,0.0686,top_5_to_10_percent,1,2.0,71.0,False,42.657101255182,42.65710125518103,19.333334683601603,0.0,1547.001346540199,0.0,0.0,0.0,110.465721330482,110.465721330482,0.0,0.0,0.0
1886,687,0.0687,top_5_to_10_percent,0,,,False,42.657101255182,42.65710125518103,19.333334683601603,0.0,1547.001346540199,0.0,0.0,,,,,,
3119,688,0.0688,top_5_to_10_percent,1,5.0,95.0,False,42.657101255182,42.65710125518103,19.333334683601603,0.0,1547.001346540199,0.0,0.0,0.0,30.2757519474911,30.2757519474911,0.0,0.0,0.0
4285,689,0.0689,top_5_to_10_percent,1,5.0,95.0,False,42.657101255182,42.65710125518103,19.333334683601603,0.0,1547.001346540199,0.0,0.0,0.0,30.2757519474911,30.2757519474911,0.0,0.0,0.0
4730,690,0.069,top_5_to_10_percent,1,5.0,95.0,False,42.657101255182,42.65710125518103,19.333334683601603,0.0,1547.001346540199,0.0,0.0,0.0,30.2757519474911,30.2757519474911,0.0,0.0,0.0
4933,691,0.0691,top_5_to_10_percent,1,2.0,71.0,False,42.657101255182,42.65710125518103,19.333334683601603,0.0,1547.001346540199,0.0,0.0,0.0,110.465721330482,110.465721330482,0.0,0.0,0.0
5238,692,0.0692,top_5_to_10_percent,1,5.0,95.0,False,42.657101255182,42.65710125518103,19.333334683601603,0.0,1547.001346540199,0.0,0.0,0.0,30.2757519474911,30.2757519474911,0.0,0.0,0.0
8680,693,0.0693,top_5_to_10_percent,1,5.0,95.0,False,42.657101255182,42.65710125518103,19.333334683601603,0.0,1547.001346540199,0.0,0.0,0.0,30.2757519474911,30.2757519474911,0.0,0.0,0.0
8909,694,0.0694,top_5_to_10_percent,1,3.0,79.0,False,42.657101255182,42.65710125518103,19.333334683601603,0.0,1547.001346540199,0.0,0.0,0.0,79.4853371037635,79.4853371037635,0.0,0.0,0.0
4241,695,0.0695,top_5_to_10_percent,1,2.0,71.0,False,42.62472894915601,42.62472894915601,16.3409972147802,0.0,1794.7992468412012,0.0,0.0,0.0,110.465721330482,110.465721330482,0.0,0.0,0.0
7938,696,0.0696,top_5_to_10_percent,1,4.0,87.0,False,42.62472894915601,42.62472894915601,16.3409972147802,0.0,1794.7992468412012,0.0,0.0,0.0,67.6431305846633,67.6431305846633,0.0,0.0,0.0
9476,697,0.0697,top_5_to_10_percent,0,,,False,42.62472894915601,42.62472894915601,16.3409972147802,0.0,1794.7992468412012,0.0,0.0,,,,,,
1585,698,0.0698,top_5_to_10_percent,1,3.0,79.0,False,42.60914803641202,42.60914803641202,25.1534321681152,0.0,2153.0119054844,0.0,0.0,0.0,79.4853371037635,79.4853371037635,0.0,0.0,0.0
4652,699,0.0699,top_5_to_10_percent,0,,,False,42.60914803641202,42.60914803641202,25.1534321681152,0.0,2153.0119054844,0.0,0.0,,,,,,
7221,700,0.07,top_5_to_10_percent,1,3.0,79.0,False,42.60914803641202,42.60914803641202,25.1534321681152,0.0,2153.0119054844,0.0,0.0,0.0,79.4853371037635,79.4853371037635,0.0,0.0,0.0
8382,701,0.0701,top_5_to_10_percent,1,2.0,71.0,False,42.603410609110995,42.60341060911202,28.026317999920998,0.0,2181.031782026501,0.0,0.0,0.0,110.465721330482,110.465721330482,0.0,0.0,0.0
8411,702,0.0702,top_5_to_10_percent,1,4.0,87.0,False,42.603410609110995,42.60341060911202,28.026317999920998,0.0,2181.031782026501,0.0,0.0,0.0,67.6431305846633,67.6431305846633,0.0,0.0,0.0
583,703,0.0703,top_5_to_10_percent,1,7.0,111.0,False,42.421779170627985,42.42177917062804,16.5430054775958,0.0,1669.4911987501,0.0,0.0,0.0,0.0,0.0,0.0,0.0,0.0
4041,704,0.0704,top_5_to_10_percent,1,7.0,111.0,False,42.421779170627985,42.42177917062804,16.5430054775958,0.0,1669.4911987501,0.0,0.0,0.0,0.0,0.0,0.0,0.0,0.0
8733,705,0.0705,top_5_to_10_percent,1,1.0,63.0,False,42.421779170627985,42.42177917062804,16.5430054775958,0.0,1669.4911987501,0.0,0.0,0.0,112.166696626405,112.166696626405,0.0,0.0,0.0
75,706,0.0706,top_5_to_10_percent,1,2.0,71.0,False,42.38391624207503,42.383916242076,17.964984730229197,0.0,1857.1253001614004,0.0,0.0,0.0,110.465721330482,110.465721330482,0.0,0.0,0.0
314,707,0.0707,top_5_to_10_percent,1,5.0,95.0,False,42.38391624207503,42.383916242076,17.964984730229197,0.0,1857.1253001614004,0.0,0.0,0.0,30.2757519474911,30.2757519474911,0.0,0.0,0.0
1343,708,0.0708,top_5_to_10_percent,1,1.0,63.0,False,42.38391624207503,42.383916242076,17.964984730229197,0.0,1857.1253001614004,0.0,0.0,0.0,112.166696626405,112.166696626405,0.0,0.0,0.0
5790,709,0.0709,top_5_to_10_percent,1,7.0,111.0,False,42.38391624207503,42.383916242076,17.964984730229197,0.0,1857.1253001614004,0.0,0.0,0.0,0.0,0.0,0.0,0.0,0.0
7052,710,0.071,top_5_to_10_percent,1,2.0,71.0,False,42.38391624207503,42.383916242076,17.964984730229197,0.0,1857.1253001614004,0.0,0.0,0.0,110.465721330482,110.465721330482,0.0,0.0,0.0
7086,711,0.0711,top_5_to_10_percent,1,4.0,87.0,False,42.38391624207503,42.383916242076,17.964984730229197,0.0,1857.1253001614004,0.0,0.0,0.0,67.6431305846633,67.6431305846633,0.0,0.0,0.0
8410,712,0.0712,top_5_to_10_percent,1,4.0,87.0,False,42.38391624207503,42.383916242076,17.964984730229197,0.0,1857.1253001614004,0.0,0.0,0.0,67.6431305846633,67.6431305846633,0.0,0.0,0.0
9103,713,0.0713,top_5_to_10_percent,1,1.0,63.0,False,42.38391624207503,42.383916242076,17.964984730229197,0.0,1857.1253001614004,0.0,0.0,0.0,112.166696626405,112.166696626405,0.0,0.0,0.0
9393,714,0.0714,top_5_to_10_percent,1,5.0,95.0,False,42.38391624207503,42.383916242076,17.964984730229197,0.0,1857.1253001614004,0.0,0.0,0.0,30.2757519474911,30.2757519474911,0.0,0.0,0.0
9599,715,0.0715,top_5_to_10_percent,1,2.0,71.0,False,42.38391624207503,42.383916242076,17.964984730229197,0.0,1857.1253001614004,0.0,0.0,0.0,110.465721330482,110.465721330482,0.0,0.0,0.0
9677,716,0.0716,top_5_to_10_percent,1,1.0,63.0,False,42.38391624207503,42.383916242076,17.964984730229197,0.0,1857.1253001614004,0.0,0.0,0.0,112.166696626405,112.166696626405,0.0,0.0,0.0
2578,717,0.0717,top_5_to_10_percent,1,3.0,79.0,False,42.267945948217005,42.267945948217005,28.148110308268,0.0,2405.7297922973994,0.0,0.0,0.0,79.4853371037635,79.4853371037635,0.0,0.0,0.0
240,718,0.0718,top_5_to_10_percent,1,7.0,111.0,False,42.23756897209603,42.23756897209603,11.481969116690195,0.0,1029.6015574650992,106.331187532016,106.331187532016,0.0,0.0,0.0,0.0,0.0,0.0
4,719,0.0719,top_5_to_10_percent,1,2.0,71.0,False,42.21738016309297,42.21738016309399,26.5947481620149,0.0,2055.737498059001,0.0,0.0,0.0,110.465721330482,110.465721330482,0.0,0.0,0.0
1352,720,0.072,top_5_to_10_percent,1,9.0,127.0,False,42.21738016309297,42.21738016309399,26.5947481620149,0.0,2055.737498059001,0.0,0.0,382.129122003109,405.313274925785,23.18415292267599,27.1225810923994,23.3783082116662,-3.744272880733199
2210,721,0.0721,top_5_to_10_percent,1,7.0,111.0,False,42.21738016309297,42.21738016309399,26.5947481620149,0.0,2055.737498059001,0.0,0.0,0.0,0.0,0.0,0.0,0.0,0.0
2340,722,0.0722,top_5_to_10_percent,1,7.0,111.0,False,42.21738016309297,42.21738016309399,26.5947481620149,0.0,2055.737498059001,0.0,0.0,0.0,0.0,0.0,0.0,0.0,0.0
3330,723,0.0723,top_5_to_10_percent,1,6.0,103.0,False,42.21738016309297,42.21738016309399,26.5947481620149,0.0,2055.737498059001,0.0,0.0,0.0,0.71367875842609,0.71367875842609,0.0,0.0,0.0
3870,724,0.0724,top_5_to_10_percent,1,4.0,87.0,False,42.21738016309297,42.21738016309399,26.5947481620149,0.0,2055.737498059001,0.0,0.0,0.0,67.6431305846633,67.6431305846633,0.0,0.0,0.0
5850,725,0.0725,top_5_to_10_percent,0,,,False,42.21738016309297,42.21738016309399,26.5947481620149,0.0,2055.737498059001,0.0,0.0,,,,,,
8307,726,0.0726,top_5_to_10_percent,1,7.0,111.0,False,42.21738016309297,42.21738016309399,26.5947481620149,0.0,2055.737498059001,0.0,0.0,0.0,0.0,0.0,0.0,0.0,0.0
9604,727,0.0727,top_5_to_10_percent,1,6.0,103.0,False,42.21738016309297,42.21738016309399,26.5947481620149,0.0,2055.737498059001,0.0,0.0,0.0,0.71367875842609,0.71367875842609,0.0,0.0,0.0
6460,728,0.0728,top_5_to_10_percent,1,6.0,103.0,False,42.16404863715201,42.16404863715297,-2.741788223748493,0.0,1453.3243930842982,56.538008369035,56.538008369035,0.0,0.71367875842609,0.71367875842609,0.0,0.0,0.0
5199,729,0.0729,top_5_to_10_percent,0,,,False,42.10144589173598,42.101445891737,13.658929961039998,0.0,1609.839270820099,0.0,0.0,,,,,,
3250,730,0.073,top_5_to_10_percent,1,4.0,87.0,False,42.024848861018995,42.024848861018995,-8.465008256980099,0.0,476.950354234501,22.2686838686158,22.2686838686158,0.0,67.6431305846633,67.6431305846633,0.0,0.0,0.0
1460,731,0.0731,top_5_to_10_percent,1,5.0,95.0,False,42.02484886098398,42.02484886098398,4.0018935069957,0.0,1389.0186890635996,49.7931791629814,49.7931791629814,0.0,30.2757519474911,30.2757519474911,0.0,0.0,0.0
9487,732,0.0732,top_5_to_10_percent,1,2.0,71.0,False,42.02484886098301,42.02484886098199,9.1088838963365,0.0,1609.2600891008988,56.538008369035,56.538008369035,0.0,110.465721330482,110.465721330482,0.0,0.0,0.0
1147,733,0.0733,top_5_to_10_percent,1,8.0,119.0,False,42.01915293793502,42.01915293793496,15.087622430873697,0.0,1407.5147608007992,0.0,0.0,371.491694624008,405.313265587416,33.82157096340802,1.27897692436818e-13,6.07043223252249,6.0704322325223625
1368,734,0.0734,top_5_to_10_percent,1,3.0,79.0,False,42.01915293793502,42.01915293793496,15.087622430873697,0.0,1407.5147608007992,0.0,0.0,0.0,79.4853371037635,79.4853371037635,0.0,0.0,0.0
4799,735,0.0735,top_5_to_10_percent,0,,,False,42.01915293793502,42.01915293793496,15.087622430873697,0.0,1407.5147608007992,0.0,0.0,,,,,,
7188,736,0.0736,top_5_to_10_percent,1,2.0,71.0,False,42.01915293793502,42.01915293793496,15.087622430873697,0.0,1407.5147608007992,0.0,0.0,0.0,110.465721330482,110.465721330482,0.0,0.0,0.0
8182,737,0.0737,top_5_to_10_percent,0,,,False,42.005856204206964,42.00585620420799,-0.976969370757196,0.0,1900.7647732543992,49.7931791629814,49.7931791629814,,,,,,
207,738,0.0738,top_5_to_10_percent,1,7.0,111.0,False,41.95969939837704,41.95969939837801,19.496216468674202,0.0,1950.9949608866991,0.0,0.0,0.0,0.0,0.0,0.0,0.0,0.0
256,739,0.0739,top_5_to_10_percent,0,,,False,41.95969939837704,41.95969939837801,19.496216468674202,0.0,1950.9949608866991,0.0,0.0,,,,,,
708,740,0.074,top_5_to_10_percent,1,7.0,111.0,False,41.95969939837704,41.95969939837801,19.496216468674202,0.0,1950.9949608866991,0.0,0.0,0.0,0.0,0.0,0.0,0.0,0.0
1613,741,0.0741,top_5_to_10_percent,1,2.0,71.0,False,41.95969939837704,41.95969939837801,19.496216468674202,0.0,1950.9949608866991,0.0,0.0,0.0,110.465721330482,110.465721330482,0.0,0.0,0.0
4541,742,0.0742,top_5_to_10_percent,1,3.0,79.0,False,41.95969939837704,41.95969939837801,19.496216468674202,0.0,1950.9949608866991,0.0,0.0,0.0,79.4853371037635,79.4853371037635,0.0,0.0,0.0
7453,743,0.0743,top_5_to_10_percent,1,6.0,103.0,False,41.95969939837704,41.95969939837801,19.496216468674202,0.0,1950.9949608866991,0.0,0.0,0.0,0.71367875842609,0.71367875842609,0.0,0.0,0.0
7916,744,0.0744,top_5_to_10_percent,0,,,False,41.95969939837704,41.95969939837801,19.496216468674202,0.0,1950.9949608866991,0.0,0.0,,,,,,
8155,745,0.0745,top_5_to_10_percent,0,,,False,41.95969939837704,41.95969939837801,19.496216468674202,0.0,1950.9949608866991,0.0,0.0,,,,,,
8508,746,0.0746,top_5_to_10_percent,1,4.0,87.0,False,41.95969939837704,41.95969939837801,19.496216468674202,0.0,1950.9949608866991,0.0,0.0,0.0,67.6431305846633,67.6431305846633,0.0,0.0,0.0
9672,747,0.0747,top_5_to_10_percent,0,,,False,41.95969939837704,41.95969939837801,19.496216468674202,0.0,1950.9949608866991,0.0,0.0,,,,,,
9815,748,0.0748,top_5_to_10_percent,0,,,False,41.95969939837704,41.95969939837801,19.496216468674202,0.0,1950.9949608866991,0.0,0.0,,,,,,
9848,749,0.0749,top_5_to_10_percent,0,,,False,41.95969939837704,41.95969939837801,19.496216468674202,0.0,1950.9949608866991,0.0,0.0,,,,,,
4134,750,0.075,top_5_to_10_percent,1,11.0,143.0,False,41.959699398374994,41.95969939837806,18.2576795441911,0.0,2040.9770178407998,49.7931791629814,49.7931791629814,355.126421733082,396.04045228592,40.91403055283803,0.0,0.0,0.0
308,751,0.0751,top_5_to_10_percent,1,7.0,111.0,False,41.89840805393999,41.89840805394101,20.364893672593197,0.0,2017.8405502393998,0.0,0.0,0.0,0.0,0.0,0.0,0.0,0.0
4886,752,0.0752,top_5_to_10_percent,1,8.0,119.0,False,41.89840805393999,41.89840805394101,20.364893672593197,0.0,2017.8405502393998,0.0,0.0,371.491694624008,405.313265587416,33.82157096340802,5.76244387914078,12.2692909479189,6.506847068778121
5355,753,0.0753,top_5_to_10_percent,1,3.0,79.0,False,41.89840805393999,41.89840805394101,20.364893672593197,0.0,2017.8405502393998,0.0,0.0,0.0,79.4853371037635,79.4853371037635,0.0,0.0,0.0
8157,754,0.0754,top_5_to_10_percent,0,,,False,41.891781112546994,41.891781112546994,16.421222984060897,0.0,1829.3285149157,0.0,0.0,,,,,,
8510,755,0.0755,top_5_to_10_percent,1,7.0,111.0,False,41.891781112546994,41.891781112546994,16.421222984060897,0.0,1829.3285149157,0.0,0.0,0.0,0.0,0.0,0.0,0.0,0.0
7123,756,0.0756,top_5_to_10_percent,1,7.0,111.0,False,41.87395980910503,41.873959809104974,14.423921440026,0.0,1580.5826768577008,0.0,0.0,0.0,0.0,0.0,0.0,0.0,0.0
7761,757,0.0757,top_5_to_10_percent,1,5.0,95.0,False,41.87395980910503,41.873959809104974,14.423921440026,0.0,1580.5826768577008,0.0,0.0,0.0,30.2757519474911,30.2757519474911,0.0,0.0,0.0
8151,758,0.0758,top_5_to_10_percent,1,4.0,87.0,False,41.87395980910503,41.873959809104974,14.423921440026,0.0,1580.5826768577008,0.0,0.0,0.0,67.6431305846633,67.6431305846633,0.0,0.0,0.0
101,759,0.0759,top_5_to_10_percent,1,5.0,95.0,False,41.79362753851899,41.79362753852001,10.789343693607996,0.0,1621.4761973597997,0.0,0.0,0.0,30.2757519474911,30.2757519474911,0.0,0.0,0.0
5186,760,0.076,top_5_to_10_percent,1,6.0,103.0,False,41.79362753851899,41.79362753852001,10.789343693607996,0.0,1621.4761973597997,0.0,0.0,0.0,0.71367875842609,0.71367875842609,0.0,0.0,0.0
5848,761,0.0761,top_5_to_10_percent,1,6.0,103.0,False,41.79362753851899,41.79362753852001,10.789343693607996,0.0,1621.4761973597997,0.0,0.0,0.0,0.71367875842609,0.71367875842609,0.0,0.0,0.0
6286,762,0.0762,top_5_to_10_percent,1,3.0,79.0,False,41.79362753851899,41.79362753852001,10.789343693607996,0.0,1621.4761973597997,0.0,0.0,0.0,79.4853371037635,79.4853371037635,0.0,0.0,0.0
4461,763,0.0763,top_5_to_10_percent,1,6.0,103.0,False,41.79258451068199,41.792584510683014,8.852528095843496,0.0,1534.9422335724012,0.0,0.0,0.0,0.71367875842609,0.71367875842609,0.0,0.0,0.0
5564,764,0.0764,top_5_to_10_percent,1,5.0,95.0,False,41.79258451068199,41.792584510683014,8.852528095843496,0.0,1534.9422335724012,0.0,0.0,0.0,30.2757519474911,30.2757519474911,0.0,0.0,0.0
6359,765,0.0765,top_5_to_10_percent,1,5.0,95.0,False,41.79258451068199,41.792584510683014,8.852528095843496,0.0,1534.9422335724012,0.0,0.0,0.0,30.2757519474911,30.2757519474911,0.0,0.0,0.0
6855,766,0.0766,top_5_to_10_percent,1,5.0,95.0,False,41.79258451068199,41.792584510683014,8.852528095843496,0.0,1534.9422335724012,0.0,0.0,0.0,30.2757519474911,30.2757519474911,0.0,0.0,0.0
7350,767,0.0767,top_5_to_10_percent,0,,,False,41.79258451068199,41.792584510683014,8.852528095843496,0.0,1534.9422335724012,0.0,0.0,,,,,,
9413,768,0.0768,top_5_to_10_percent,0,,,False,41.79258451068199,41.792584510683014,8.852528095843496,0.0,1534.9422335724012,0.0,0.0,,,,,,
764,769,0.0769,top_5_to_10_percent,1,12.0,151.0,False,41.781075746618,41.78107574661897,7.528333680986595,0.0,1203.4932100604,0.0,0.0,325.668930529416,382.364473540397,56.695543010981,6.3651567815572,30.5195912719627,24.1544344904055
830,770,0.077,top_5_to_10_percent,1,5.0,95.0,False,41.781075746618,41.78107574661897,7.528333680986595,0.0,1203.4932100604,0.0,0.0,0.0,30.2757519474911,30.2757519474911,0.0,0.0,0.0
1088,771,0.0771,top_5_to_10_percent,1,7.0,111.0,False,41.781075746618,41.78107574661897,7.528333680986595,0.0,1203.4932100604,0.0,0.0,0.0,0.0,0.0,0.0,0.0,0.0
1707,772,0.0772,top_5_to_10_percent,1,7.0,111.0,False,41.781075746618,41.78107574661897,7.528333680986595,0.0,1203.4932100604,0.0,0.0,0.0,0.0,0.0,0.0,0.0,0.0
3455,773,0.0773,top_5_to_10_percent,1,7.0,111.0,False,41.781075746618,41.78107574661897,7.528333680986595,0.0,1203.4932100604,0.0,0.0,0.0,0.0,0.0,0.0,0.0,0.0
6187,774,0.0774,top_5_to_10_percent,1,5.0,95.0,False,41.781075746618,41.78107574661897,7.528333680986595,0.0,1203.4932100604,0.0,0.0,0.0,30.2757519474911,30.2757519474911,0.0,0.0,0.0
8079,775,0.0775,top_5_to_10_percent,1,6.0,103.0,False,41.781075746618,41.78107574661897,7.528333680986595,0.0,1203.4932100604,0.0,0.0,0.0,0.71367875842609,0.71367875842609,0.0,0.0,0.0
8363,776,0.0776,top_5_to_10_percent,1,4.0,87.0,False,41.781075746618,41.78107574661897,7.528333680986595,0.0,1203.4932100604,0.0,0.0,0.0,67.6431305846633,67.6431305846633,0.0,0.0,0.0
6781,777,0.0777,top_5_to_10_percent,1,14.0,167.0,False,41.71203888138399,41.71203888138501,23.2030912778237,0.0,2041.1899294718987,0.0,0.0,185.745847312004,299.484469224306,113.738621912302,0.0,6.56541487842333e-12,6.56541487842333e-12
7738,778,0.0778,top_5_to_10_percent,1,5.0,95.0,False,41.70907814275205,41.709078142753015,17.943945905700502,0.0,1641.6522306900988,0.0,0.0,0.0,30.2757519474911,30.2757519474911,0.0,0.0,0.0
7772,779,0.0779,top_5_to_10_percent,1,4.0,87.0,False,41.698753091930996,41.698753091930996,14.423921440026,0.0,1577.650809582301,0.0,0.0,0.0,67.6431305846633,67.6431305846633,0.0,0.0,0.0
5000,780,0.078,top_5_to_10_percent,1,2.0,71.0,False,41.67514180970301,41.67514180970301,5.988278951054902,0.0,1274.2753081355004,49.7931791629814,49.7931791629814,0.0,110.465721330482,110.465721330482,0.0,0.0,0.0
7896,781,0.0781,top_5_to_10_percent,1,13.0,159.0,False,41.617851363523016,34.20596763030602,-1.1501379001878007,7.411883733217408,2997.8955133669006,64.5262532351854,71.9381369684028,240.569511496604,355.126452344801,114.556940848197,0.0,0.0,0.0
3709,782,0.0782,top_5_to_10_percent,1,3.0,79.0,False,41.523836034,41.523836034,19.046616172631502,0.0,1842.4215601505002,0.0,0.0,0.0,79.4853371037635,79.4853371037635,0.0,0.0,0.0
9888,783,0.0783,top_5_to_10_percent,0,,,False,41.52142834807103,41.52142834807103,11.977830896147303,0.0,1703.9404016522985,0.0,0.0,,,,,,
1698,784,0.0784,top_5_to_10_percent,1,3.0,79.0,False,41.488509461249976,41.48850946124901,30.047021702022796,0.0,1806.9180266308995,0.0,0.0,0.0,79.4853371037635,79.4853371037635,0.0,0.0,0.0
5856,785,0.0785,top_5_to_10_percent,0,,,False,41.459785118576974,41.459785118576974,21.088410775023995,0.0,2042.7339522131006,0.0,0.0,,,,,,
9649,786,0.0786,top_5_to_10_percent,1,6.0,103.0,False,41.459785118576974,41.459785118576974,21.088410775023995,0.0,2042.7339522131006,0.0,0.0,0.0,0.71367875842609,0.71367875842609,0.0,0.0,0.0
6329,787,0.0787,top_5_to_10_percent,1,2.0,71.0,False,41.44660934860502,41.446609348604,-8.080860413451703,0.0,472.55904723320054,22.2686838686158,22.2686838686158,0.0,110.465721330482,110.465721330482,0.0,0.0,0.0
6303,788,0.0788,top_5_to_10_percent,1,1.0,63.0,False,41.44632419569899,41.446324195698026,18.268857590563403,0.0,1926.3957398327002,0.0,0.0,0.0,112.166696626405,112.166696626405,0.0,0.0,0.0
3812,789,0.0789,top_5_to_10_percent,0,,,False,41.42408972894697,41.424089728947024,32.8878842070797,0.0,2535.4539747081,0.0,0.0,,,,,,
7865,790,0.079,top_5_to_10_percent,1,6.0,103.0,False,41.42408972894697,41.424089728947024,32.8878842070797,0.0,2535.4539747081,0.0,0.0,0.0,0.71367875842609,0.71367875842609,0.0,0.0,0.0
8441,791,0.0791,top_5_to_10_percent,1,6.0,103.0,False,41.42408972894697,41.424089728947024,32.8878842070797,0.0,2535.4539747081,0.0,0.0,0.0,0.71367875842609,0.71367875842609,0.0,0.0,0.0
9179,792,0.0792,top_5_to_10_percent,1,6.0,103.0,False,41.42408972894697,41.424089728947024,32.8878842070797,0.0,2535.4539747081,0.0,0.0,0.0,0.71367875842609,0.71367875842609,0.0,0.0,0.0
9367,793,0.0793,top_5_to_10_percent,1,6.0,103.0,False,41.42408972894697,41.424089728947024,32.8878842070797,0.0,2535.4539747081,0.0,0.0,0.0,0.71367875842609,0.71367875842609,0.0,0.0,0.0
7446,794,0.0794,top_5_to_10_percent,1,7.0,111.0,False,41.347982331178,41.347982331178,16.488413489102896,0.0,2031.210726742902,49.7931791629814,49.7931791629814,0.0,0.0,0.0,0.0,0.0,0.0
2086,795,0.0795,top_5_to_10_percent,1,6.0,103.0,False,41.299009576,41.299009576,21.2276001236294,0.0,1569.3595864675008,0.0,0.0,0.0,0.71367875842609,0.71367875842609,0.0,0.0,0.0
2374,796,0.0796,top_5_to_10_percent,1,5.0,95.0,False,41.299009576,41.299009576,21.2276001236294,0.0,1569.3595864675008,0.0,0.0,0.0,30.2757519474911,30.2757519474911,0.0,0.0,0.0
4721,797,0.0797,top_5_to_10_percent,1,2.0,71.0,False,41.299009576,41.299009576,21.2276001236294,0.0,1569.3595864675008,0.0,0.0,0.0,110.465721330482,110.465721330482,0.0,0.0,0.0
7795,798,0.0798,top_5_to_10_percent,1,2.0,71.0,False,41.299009576,41.299009576,21.2276001236294,0.0,1569.3595864675008,0.0,0.0,0.0,110.465721330482,110.465721330482,0.0,0.0,0.0
912,799,0.0799,top_5_to_10_percent,1,2.0,71.0,False,41.28403718610099,41.284037186099965,16.2489236299011,0.0,1928.7431693419003,0.0,0.0,0.0,110.465721330482,110.465721330482,0.0,0.0,0.0
1049,800,0.08,top_5_to_10_percent,1,7.0,111.0,False,41.28403718610099,41.284037186099965,16.2489236299011,0.0,1928.7431693419003,0.0,0.0,0.0,0.0,0.0,0.0,0.0,0.0
3799,801,0.0801,top_5_to_10_percent,1,1.0,63.0,False,41.28403718610099,41.284037186099965,16.2489236299011,0.0,1928.7431693419003,0.0,0.0,0.0,112.166696626405,112.166696626405,0.0,0.0,0.0
5061,802,0.0802,top_5_to_10_percent,0,,,False,41.28403718610099,41.284037186099965,16.2489236299011,0.0,1928.7431693419003,0.0,0.0,,,,,,
2850,803,0.0803,top_5_to_10_percent,1,13.0,159.0,False,41.24149350361802,41.241493503616994,21.1190519951555,0.0,1727.7950897058,49.7931791629814,49.7931791629814,240.569511496604,355.126452344801,114.556940848197,0.0,0.0,0.0
400,804,0.0804,top_5_to_10_percent,0,,,False,41.24149350361796,41.241493503616994,25.04750346409267,0.0,1549.708121019199,0.0,0.0,,,,,,
1826,805,0.0805,top_5_to_10_percent,1,7.0,111.0,False,41.24149350361796,41.241493503616994,25.04750346409267,0.0,1549.708121019199,0.0,0.0,0.0,0.0,0.0,0.0,0.0,0.0
1982,806,0.0806,top_5_to_10_percent,1,7.0,111.0,False,41.24149350361796,41.241493503616994,25.04750346409267,0.0,1549.708121019199,0.0,0.0,0.0,0.0,0.0,0.0,0.0,0.0
2368,807,0.0807,top_5_to_10_percent,0,,,False,41.24149350361796,41.241493503616994,25.04750346409267,0.0,1549.708121019199,0.0,0.0,,,,,,
2769,808,0.0808,top_5_to_10_percent,1,7.0,111.0,False,41.24149350361796,41.241493503616994,25.04750346409267,0.0,1549.708121019199,0.0,0.0,0.0,0.0,0.0,0.0,0.0,0.0
2901,809,0.0809,top_5_to_10_percent,0,,,False,41.24149350361796,41.241493503616994,25.04750346409267,0.0,1549.708121019199,0.0,0.0,,,,,,
3430,810,0.081,top_5_to_10_percent,1,7.0,111.0,False,41.24149350361796,41.241493503616994,25.04750346409267,0.0,1549.708121019199,0.0,0.0,0.0,0.0,0.0,0.0,0.0,0.0
3531,811,0.0811,top_5_to_10_percent,0,,,False,41.24149350361796,41.241493503616994,25.04750346409267,0.0,1549.708121019199,0.0,0.0,,,,,,
3718,812,0.0812,top_5_to_10_percent,0,,,False,41.24149350361796,41.241493503616994,25.04750346409267,0.0,1549.708121019199,0.0,0.0,,,,,,
4057,813,0.0813,top_5_to_10_percent,1,7.0,111.0,False,41.24149350361796,41.241493503616994,25.04750346409267,0.0,1549.708121019199,0.0,0.0,0.0,0.0,0.0,0.0,0.0,0.0
4155,814,0.0814,top_5_to_10_percent,1,7.0,111.0,False,41.24149350361796,41.241493503616994,25.04750346409267,0.0,1549.708121019199,0.0,0.0,0.0,0.0,0.0,0.0,0.0,0.0
5301,815,0.0815,top_5_to_10_percent,1,7.0,111.0,False,41.24149350361796,41.241493503616994,25.04750346409267,0.0,1549.708121019199,0.0,0.0,0.0,0.0,0.0,0.0,0.0,0.0
5644,816,0.0816,top_5_to_10_percent,1,6.0,103.0,False,41.24149350361796,41.241493503616994,25.04750346409267,0.0,1549.708121019199,0.0,0.0,0.0,0.71367875842609,0.71367875842609,0.0,0.0,0.0
6212,817,0.0817,top_5_to_10_percent,1,7.0,111.0,False,41.24149350361796,41.241493503616994,25.04750346409267,0.0,1549.708121019199,0.0,0.0,0.0,0.0,0.0,0.0,0.0,0.0
6430,818,0.0818,top_5_to_10_percent,1,5.0,95.0,False,41.24149350361796,41.241493503616994,25.04750346409267,0.0,1549.708121019199,0.0,0.0,0.0,30.2757519474911,30.2757519474911,0.0,0.0,0.0
6507,819,0.0819,top_5_to_10_percent,0,,,False,41.24149350361796,41.241493503616994,25.04750346409267,0.0,1549.708121019199,0.0,0.0,,,,,,
6630,820,0.082,top_5_to_10_percent,0,,,False,41.24149350361796,41.241493503616994,25.04750346409267,0.0,1549.708121019199,0.0,0.0,,,,,,
6632,821,0.0821,top_5_to_10_percent,1,7.0,111.0,False,41.24149350361796,41.241493503616994,25.04750346409267,0.0,1549.708121019199,0.0,0.0,0.0,0.0,0.0,0.0,0.0,0.0
7819,822,0.0822,top_5_to_10_percent,1,6.0,103.0,False,41.24149350361796,41.241493503616994,25.04750346409267,0.0,1549.708121019199,0.0,0.0,0.0,0.71367875842609,0.71367875842609,0.0,0.0,0.0
7901,823,0.0823,top_5_to_10_percent,0,,,False,41.24149350361796,41.241493503616994,25.04750346409267,0.0,1549.708121019199,0.0,0.0,,,,,,
8067,824,0.0824,top_5_to_10_percent,1,5.0,95.0,False,41.24149350361796,41.241493503616994,25.04750346409267,0.0,1549.708121019199,0.0,0.0,0.0,30.2757519474911,30.2757519474911,0.0,0.0,0.0
8163,825,0.0825,top_5_to_10_percent,1,7.0,111.0,False,41.24149350361796,41.241493503616994,25.04750346409267,0.0,1549.708121019199,0.0,0.0,0.0,0.0,0.0,0.0,0.0,0.0
8244,826,0.0826,top_5_to_10_percent,0,,,False,41.24149350361796,41.241493503616994,25.04750346409267,0.0,1549.708121019199,0.0,0.0,,,,,,
8483,827,0.0827,top_5_to_10_percent,1,5.0,95.0,False,41.24149350361796,41.241493503616994,25.04750346409267,0.0,1549.708121019199,0.0,0.0,0.0,30.2757519474911,30.2757519474911,0.0,0.0,0.0
8785,828,0.0828,top_5_to_10_percent,0,,,False,41.24149350361796,41.241493503616994,25.04750346409267,0.0,1549.708121019199,0.0,0.0,,,,,,
9121,829,0.0829,top_5_to_10_percent,0,,,False,41.24149350361796,41.241493503616994,25.04750346409267,0.0,1549.708121019199,0.0,0.0,,,,,,
9348,830,0.083,top_5_to_10_percent,0,,,False,41.24149350361796,41.241493503616994,25.04750346409267,0.0,1549.708121019199,0.0,0.0,,,,,,
9639,831,0.0831,top_5_to_10_percent,1,6.0,103.0,False,41.24149350361796,41.241493503616994,25.04750346409267,0.0,1549.708121019199,0.0,0.0,0.0,0.71367875842609,0.71367875842609,0.0,0.0,0.0
337,832,0.0832,top_5_to_10_percent,1,7.0,111.0,False,41.21743510342003,41.217435103420996,20.219597528670697,0.0,1989.3243022746992,0.0,0.0,0.0,0.0,0.0,0.0,0.0,0.0
4574,833,0.0833,top_5_to_10_percent,1,1.0,63.0,False,41.17320776970598,41.17320776970598,-3.4294657169212996,0.0,1475.3562812001983,56.538008369035,56.538008369035,0.0,112.166696626405,112.166696626405,0.0,0.0,0.0
123,834,0.0834,top_5_to_10_percent,1,5.0,95.0,False,41.165995066057974,41.165995066057974,12.573048925717103,0.0,1413.0317883197004,0.0,0.0,0.0,30.2757519474911,30.2757519474911,0.0,0.0,0.0
8494,835,0.0835,top_5_to_10_percent,1,2.0,71.0,False,41.165995066057974,41.165995066057974,12.573048925717103,0.0,1413.0317883197004,0.0,0.0,0.0,110.465721330482,110.465721330482,0.0,0.0,0.0
985,836,0.0836,top_5_to_10_percent,1,5.0,95.0,False,41.16017914514799,41.16017914514799,16.741247633255497,0.0,1652.8253825535994,0.0,0.0,0.0,30.2757519474911,30.2757519474911,0.0,0.0,0.0
6375,837,0.0837,top_5_to_10_percent,1,9.0,127.0,False,41.16017914514799,41.16017914514799,16.741247633255497,0.0,1652.8253825535994,0.0,0.0,382.129122003109,405.313274925785,23.18415292267599,13.2864253629649,14.7293363683688,1.4429110054039
9108,838,0.0838,top_5_to_10_percent,0,,,False,41.16017914514799,41.16017914514799,16.741247633255497,0.0,1652.8253825535994,0.0,0.0,,,,,,
3843,839,0.0839,top_5_to_10_percent,1,7.0,111.0,False,41.127802904049986,41.127802904049986,-0.28439406633759745,0.0,672.650838332298,22.2686838686158,22.2686838686158,0.0,0.0,0.0,0.0,0.0,0.0
5521,840,0.084,top_5_to_10_percent,0,,,False,41.119036795662964,41.119036795662,8.405262812750902,0.0,1272.2918512624,0.0,0.0,,,,,,
8865,841,0.0841,top_5_to_10_percent,1,7.0,111.0,False,41.119036795662964,41.119036795662,8.404995131566501,0.0,1338.1124157360991,0.0,0.0,0.0,0.0,0.0,0.0,0.0,0.0
7056,842,0.0842,top_5_to_10_percent,1,3.0,79.0,False,41.00468589361799,41.00468589361901,25.7097208760027,0.0,2382.3892083953997,0.0,0.0,0.0,79.4853371037635,79.4853371037635,0.0,0.0,0.0
9820,843,0.0843,top_5_to_10_percent,1,6.0,103.0,False,41.00468589361799,41.00468589361901,25.7097208760027,0.0,2382.3892083953997,0.0,0.0,0.0,0.71367875842609,0.71367875842609,0.0,0.0,0.0
2397,844,0.0844,top_5_to_10_percent,1,4.0,87.0,False,40.945137041024,40.945137041024,20.274126096986702,0.0,1768.3805424526,0.0,0.0,0.0,67.6431305846633,67.6431305846633,0.0,0.0,0.0
4511,845,0.0845,top_5_to_10_percent,1,7.0,111.0,False,40.945137041024,40.945137041024,20.274126096986702,0.0,1768.3805424526,0.0,0.0,0.0,0.0,0.0,0.0,0.0,0.0
2506,846,0.0846,top_5_to_10_percent,0,,,False,40.926365820190995,40.92636582019202,28.5505791887937,0.0,2326.1381896599996,49.7931791629814,49.7931791629814,,,,,,
1036,847,0.0847,top_5_to_10_percent,0,,,False,40.915571939573,40.915571939571976,11.929855660935498,0.0,1508.0707241766995,0.0,0.0,,,,,,
2186,848,0.0848,top_5_to_10_percent,1,6.0,103.0,False,40.915571939573,40.915571939571976,11.929855660935498,0.0,1508.0707241766995,0.0,0.0,0.0,0.71367875842609,0.71367875842609,0.0,0.0,0.0
5886,849,0.0849,top_5_to_10_percent,1,10.0,135.0,False,40.915571939573,40.915571939571976,11.929855660935498,0.0,1508.0707241766995,0.0,0.0,372.309958268554,405.313258646956,33.003300378402,6.54610915657991,3.42150584545423,-3.1246033111256803
9727,850,0.085,top_5_to_10_percent,1,7.0,111.0,False,40.915571939573,40.915571939571976,11.929855660935498,0.0,1508.0707241766995,0.0,0.0,0.0,0.0,0.0,0.0,0.0,0.0
3334,851,0.0851,top_5_to_10_percent,1,7.0,111.0,False,40.875684022380995,40.875684022380995,-2.2066283637823005,0.0,1140.0323165918999,0.0,0.0,0.0,0.0,0.0,0.0,0.0,0.0
4912,852,0.0852,top_5_to_10_percent,1,5.0,95.0,False,40.875684022380995,40.875684022380995,-2.2066283637823005,0.0,1140.0323165918999,0.0,0.0,0.0,30.2757519474911,30.2757519474911,0.0,0.0,0.0
5580,853,0.0853,top_5_to_10_percent,1,7.0,111.0,False,40.875684022380995,40.875684022380995,-2.2066283637823005,0.0,1140.0323165918999,0.0,0.0,0.0,0.0,0.0,0.0,0.0,0.0
6635,854,0.0854,top_5_to_10_percent,0,,,False,40.875684022380995,40.875684022380995,-2.2066283637823005,0.0,1140.0323165918999,0.0,0.0,,,,,,
7908,855,0.0855,top_5_to_10_percent,1,7.0,111.0,False,40.875684022380995,40.875684022380995,-2.2066283637823005,0.0,1140.0323165918999,0.0,0.0,0.0,0.0,0.0,0.0,0.0,0.0
9458,856,0.0856,top_5_to_10_percent,1,7.0,111.0,False,40.875684022380995,40.875684022380995,-2.2066283637823005,0.0,1140.0323165918999,0.0,0.0,0.0,0.0,0.0,0.0,0.0,0.0
9976,857,0.0857,top_5_to_10_percent,1,7.0,111.0,False,40.875684022380995,40.875684022380995,-2.2066283637823005,0.0,1140.0323165918999,0.0,0.0,0.0,0.0,0.0,0.0,0.0,0.0
7636,858,0.0858,top_5_to_10_percent,1,4.0,87.0,False,40.875391855213024,40.875391855213024,33.311800589107406,0.0,1874.3735988742992,0.0,0.0,0.0,67.6431305846633,67.6431305846633,0.0,0.0,0.0
2208,859,0.0859,top_5_to_10_percent,0,,,False,40.85405847515398,40.854058475154034,5.988278951091903,0.0,1323.8317080870002,49.7931791629814,49.7931791629814,,,,,,
7189,860,0.086,top_5_to_10_percent,1,3.0,79.0,False,40.835738205234975,40.83573820523503,27.027857757653397,0.0,2288.315140242499,0.0,0.0,0.0,79.4853371037635,79.4853371037635,0.0,0.0,0.0
8818,861,0.0861,top_5_to_10_percent,1,5.0,95.0,False,40.833452170383,40.833452170383,11.627276571182502,0.0,1705.9028082421974,49.7931791629814,49.7931791629814,0.0,30.2757519474911,30.2757519474911,0.0,0.0,0.0
748,862,0.0862,top_5_to_10_percent,1,2.0,71.0,False,40.66258862922598,40.66258862922598,-23.8930192964343,0.0,932.9322226149015,56.538008369035,56.538008369035,0.0,110.465721330482,110.465721330482,0.0,0.0,0.0
2981,863,0.0863,top_5_to_10_percent,1,7.0,111.0,False,40.606183979278,40.606183979278,16.664278855274198,0.0,1609.7841517058005,0.0,0.0,0.0,0.0,0.0,0.0,0.0,0.0
1070,864,0.0864,top_5_to_10_percent,1,7.0,111.0,False,40.599169148052,40.599169148052,-2.2066283637823005,0.0,982.4130376028006,0.0,0.0,0.0,0.0,0.0,0.0,0.0,0.0
3209,865,0.0865,top_5_to_10_percent,1,6.0,103.0,False,40.599169148052,40.599169148052,-2.2066283637823005,0.0,982.4130376028006,0.0,0.0,0.0,0.71367875842609,0.71367875842609,0.0,0.0,0.0
3867,866,0.0866,top_5_to_10_percent,1,7.0,111.0,False,40.599169148052,40.599169148052,-2.2066283637823005,0.0,982.4130376028006,0.0,0.0,0.0,0.0,0.0,0.0,0.0,0.0
7033,867,0.0867,top_5_to_10_percent,1,5.0,95.0,False,40.599169148052,40.599169148052,-2.2066283637823005,0.0,982.4130376028006,0.0,0.0,0.0,30.2757519474911,30.2757519474911,0.0,0.0,0.0
1969,868,0.0868,top_5_to_10_percent,0,,,False,40.59453578015797,40.594535780157,17.1309644577347,0.0,1878.1772232815001,0.0,0.0,,,,,,
3610,869,0.0869,top_5_to_10_percent,1,4.0,87.0,False,40.59453578015797,40.594535780157,17.1309644577347,0.0,1878.1772232815001,0.0,0.0,0.0,67.6431305846633,67.6431305846633,0.0,0.0,0.0
3934,870,0.087,top_5_to_10_percent,0,,,False,40.59453578015797,40.594535780157,17.1309644577347,0.0,1878.1772232815001,0.0,0.0,,,,,,
4448,871,0.0871,top_5_to_10_percent,1,4.0,87.0,False,40.59453578015797,40.594535780157,17.1309644577347,0.0,1878.1772232815001,0.0,0.0,0.0,67.6431305846633,67.6431305846633,0.0,0.0,0.0
4702,872,0.0872,top_5_to_10_percent,1,2.0,71.0,False,40.59453578015797,40.594535780157,17.1309644577347,0.0,1878.1772232815001,0.0,0.0,0.0,110.465721330482,110.465721330482,0.0,0.0,0.0
4719,873,0.0873,top_5_to_10_percent,1,2.0,71.0,False,40.59453578015797,40.594535780157,17.1309644577347,0.0,1878.1772232815001,0.0,0.0,0.0,110.465721330482,110.465721330482,0.0,0.0,0.0
6738,874,0.0874,top_5_to_10_percent,1,7.0,111.0,False,40.59453578015797,40.594535780157,17.1309644577347,0.0,1878.1772232815001,0.0,0.0,0.0,0.0,0.0,0.0,0.0,0.0
7703,875,0.0875,top_5_to_10_percent,0,,,False,40.59453578015797,40.594535780157,17.1309644577347,0.0,1878.1772232815001,0.0,0.0,,,,,,
9819,876,0.0876,top_5_to_10_percent,1,3.0,79.0,False,40.59453578015797,40.594535780157,17.1309644577347,0.0,1878.1772232815001,0.0,0.0,0.0,79.4853371037635,79.4853371037635,0.0,0.0,0.0
3425,877,0.0877,top_5_to_10_percent,0,,,False,40.59402052119799,40.59402052119799,-4.1571611744752985,0.0,941.5433592297995,0.0,0.0,,,,,,
5100,878,0.0878,top_5_to_10_percent,1,5.0,95.0,False,40.59402052119799,40.59402052119799,-4.1571611744752985,0.0,941.5433592297995,0.0,0.0,0.0,30.2757519474911,30.2757519474911,0.0,0.0,0.0
7681,879,0.0879,top_5_to_10_percent,1,7.0,111.0,False,40.59402052119799,40.59402052119799,-4.1571611744752985,0.0,941.5433592297995,0.0,0.0,0.0,0.0,0.0,0.0,0.0,0.0
9080,880,0.088,top_5_to_10_percent,1,7.0,111.0,False,40.59402052119799,40.59402052119799,-4.1571611744752985,0.0,941.5433592297995,0.0,0.0,0.0,0.0,0.0,0.0,0.0,0.0
886,881,0.0881,top_5_to_10_percent,1,1.0,63.0,False,40.589092596250964,40.589092596250964,22.275336957413398,0.0,1530.510114012699,0.0,0.0,0.0,112.166696626405,112.166696626405,0.0,0.0,0.0
1661,882,0.0882,top_5_to_10_percent,1,4.0,87.0,False,40.589092596250964,40.589092596250964,22.275336957413398,0.0,1534.7956279274003,0.0,0.0,0.0,67.6431305846633,67.6431305846633,0.0,0.0,0.0
2142,883,0.0883,top_5_to_10_percent,1,4.0,87.0,False,40.589092596250964,40.589092596250964,22.275336957413398,0.0,1530.510114012699,0.0,0.0,0.0,67.6431305846633,67.6431305846633,0.0,0.0,0.0
7169,884,0.0884,top_5_to_10_percent,1,5.0,95.0,False,40.589092596250964,40.589092596250964,22.275336957413398,0.0,1534.7956279274003,0.0,0.0,0.0,30.2757519474911,30.2757519474911,0.0,0.0,0.0
8918,885,0.0885,top_5_to_10_percent,1,4.0,87.0,False,40.589092596250964,40.589092596250964,22.275336957413398,0.0,1534.7956279274003,0.0,0.0,0.0,67.6431305846633,67.6431305846633,0.0,0.0,0.0
9124,886,0.0886,top_5_to_10_percent,1,7.0,111.0,False,40.589092596250964,40.589092596250964,22.275336957413398,0.0,1534.7956279274003,0.0,0.0,0.0,0.0,0.0,0.0,0.0,0.0
1232,887,0.0887,top_5_to_10_percent,1,4.0,87.0,False,40.581937855620026,40.58193785561997,16.981269988273098,0.0,1574.3848656157006,0.0,0.0,0.0,67.6431305846633,67.6431305846633,0.0,0.0,0.0
1411,888,0.0888,top_5_to_10_percent,1,2.0,71.0,False,40.581937855620026,40.58193785561997,16.981269988273098,0.0,1574.3848656157006,0.0,0.0,0.0,110.465721330482,110.465721330482,0.0,0.0,0.0
1774,889,0.0889,top_5_to_10_percent,0,,,False,40.581937855620026,40.58193785561997,16.981269988273098,0.0,1574.3848656157006,0.0,0.0,,,,,,
1916,890,0.089,top_5_to_10_percent,1,4.0,87.0,False,40.581937855620026,40.58193785561997,16.981269988273098,0.0,1574.3848656157006,0.0,0.0,0.0,67.6431305846633,67.6431305846633,0.0,0.0,0.0
2748,891,0.0891,top_5_to_10_percent,1,5.0,95.0,False,40.581937855620026,40.58193785561997,16.981269988273098,0.0,1574.3848656157006,0.0,0.0,0.0,30.2757519474911,30.2757519474911,0.0,0.0,0.0
4088,892,0.0892,top_5_to_10_percent,1,3.0,79.0,False,40.581937855620026,40.58193785561997,16.981269988273098,0.0,1574.3848656157006,0.0,0.0,0.0,79.4853371037635,79.4853371037635,0.0,0.0,0.0
4213,893,0.0893,top_5_to_10_percent,1,5.0,95.0,False,40.581937855620026,40.58193785561997,16.981269988273098,0.0,1574.3848656157006,0.0,0.0,0.0,30.2757519474911,30.2757519474911,0.0,0.0,0.0
5527,894,0.0894,top_5_to_10_percent,1,1.0,63.0,False,40.581937855620026,40.58193785561997,16.981269988273098,0.0,1574.3848656157006,0.0,0.0,0.0,112.166696626405,112.166696626405,0.0,0.0,0.0
6078,895,0.0895,top_5_to_10_percent,1,4.0,87.0,False,40.581937855620026,40.58193785561997,16.981269988273098,0.0,1574.3848656157006,0.0,0.0,0.0,67.6431305846633,67.6431305846633,0.0,0.0,0.0
42,896,0.0896,top_5_to_10_percent,1,1.0,63.0,False,40.581937855619,40.58193785561997,16.981269988272498,0.0,1649.605607804,0.0,0.0,0.0,112.166696626405,112.166696626405,0.0,0.0,0.0
811,897,0.0897,top_5_to_10_percent,1,5.0,95.0,False,40.581937855619,40.58193785561997,16.981269988272498,0.0,1649.605607804,0.0,0.0,0.0,30.2757519474911,30.2757519474911,0.0,0.0,0.0
2767,898,0.0898,top_5_to_10_percent,1,1.0,63.0,False,40.581937855619,40.58193785561997,16.981269988272498,0.0,1649.605607804,0.0,0.0,0.0,112.166696626405,112.166696626405,0.0,0.0,0.0
2879,899,0.0899,top_5_to_10_percent,1,3.0,79.0,False,40.581937855619,40.58193785561997,16.981269988272498,0.0,1649.605607804,0.0,0.0,0.0,79.4853371037635,79.4853371037635,0.0,0.0,0.0
4524,900,0.09,top_5_to_10_percent,1,1.0,63.0,False,40.581937855619,40.58193785561997,16.981269988272498,0.0,1649.605607804,0.0,0.0,0.0,112.166696626405,112.166696626405,0.0,0.0,0.0
4742,901,0.0901,top_5_to_10_percent,1,3.0,79.0,False,40.581937855619,40.58193785561997,16.981269988272498,0.0,1649.605607804,0.0,0.0,0.0,79.4853371037635,79.4853371037635,0.0,0.0,0.0
7044,902,0.0902,top_5_to_10_percent,1,3.0,79.0,False,40.581937855619,40.58193785561997,16.981269988272498,0.0,1649.605607804,0.0,0.0,0.0,79.4853371037635,79.4853371037635,0.0,0.0,0.0
8224,903,0.0903,top_5_to_10_percent,1,2.0,71.0,False,40.581937855619,40.58193785561997,16.981269988272498,0.0,1649.605607804,0.0,0.0,0.0,110.465721330482,110.465721330482,0.0,0.0,0.0
9079,904,0.0904,top_5_to_10_percent,1,2.0,71.0,False,40.581937855619,40.58193785561997,16.981269988272498,0.0,1649.605607804,0.0,0.0,0.0,110.465721330482,110.465721330482,0.0,0.0,0.0
9316,905,0.0905,top_5_to_10_percent,1,1.0,63.0,False,40.581937855619,40.58193785561997,16.981269988272498,0.0,1649.605607804,0.0,0.0,0.0,112.166696626405,112.166696626405,0.0,0.0,0.0
5389,906,0.0906,top_5_to_10_percent,1,3.0,79.0,False,40.57793903355696,40.577939033557016,15.134786254110601,0.0,1698.974498035299,49.7931791629814,49.7931791629814,0.0,79.4853371037635,79.4853371037635,0.0,0.0,0.0
7076,907,0.0907,top_5_to_10_percent,1,2.0,71.0,False,40.56334525980503,40.563345259804976,16.2250713334062,0.0,1756.0067630100002,0.0,0.0,0.0,110.465721330482,110.465721330482,0.0,0.0,0.0
7935,908,0.0908,top_5_to_10_percent,1,3.0,79.0,False,40.56334525980503,40.563345259804976,16.2250713334062,0.0,1756.0067630100002,0.0,0.0,0.0,79.4853371037635,79.4853371037635,0.0,0.0,0.0
4475,909,0.0909,top_5_to_10_percent,1,4.0,87.0,False,40.53580222761599,40.53580222761701,2.1472497544222904,0.0,775.2795984615004,22.2686838686158,22.2686838686158,0.0,67.6431305846633,67.6431305846633,0.0,0.0,0.0
1347,910,0.091,top_5_to_10_percent,1,6.0,103.0,False,40.518799602673994,40.51879960267303,24.6854039232258,0.0,2073.0874169318995,0.0,0.0,0.0,0.71367875842609,0.71367875842609,0.0,0.0,0.0
9878,911,0.0911,top_5_to_10_percent,1,2.0,71.0,False,40.518799602673994,40.51879960267303,24.6854039232258,0.0,2073.0874169318995,0.0,0.0,0.0,110.465721330482,110.465721330482,0.0,0.0,0.0
9676,912,0.0912,top_5_to_10_percent,1,5.0,95.0,False,40.47920544089601,40.47920544089595,16.5430054775958,0.0,1636.9846348460997,0.0,0.0,0.0,30.2757519474911,30.2757519474911,0.0,0.0,0.0
165,913,0.0913,top_5_to_10_percent,1,2.0,71.0,False,40.43454524086201,40.43454524086201,15.242129691613204,0.0,1440.078085712299,0.0,0.0,0.0,110.465721330482,110.465721330482,0.0,0.0,0.0
831,914,0.0914,top_5_to_10_percent,1,2.0,71.0,False,40.43454524086201,40.43454524086201,15.242129691613204,0.0,1440.078085712299,0.0,0.0,0.0,110.465721330482,110.465721330482,0.0,0.0,0.0
3221,915,0.0915,top_5_to_10_percent,1,3.0,79.0,False,40.43454524086201,40.43454524086201,15.242129691613204,0.0,1440.078085712299,0.0,0.0,0.0,79.4853371037635,79.4853371037635,0.0,0.0,0.0
3224,916,0.0916,top_5_to_10_percent,1,7.0,111.0,False,40.43454524086201,40.43454524086201,15.242129691613204,0.0,1440.078085712299,0.0,0.0,0.0,0.0,0.0,0.0,0.0,0.0
4812,917,0.0917,top_5_to_10_percent,1,4.0,87.0,False,40.43454524086201,40.43454524086201,15.242129691613204,0.0,1440.078085712299,0.0,0.0,0.0,67.6431305846633,67.6431305846633,0.0,0.0,0.0
5031,918,0.0918,top_5_to_10_percent,1,5.0,95.0,False,40.43454524086201,40.43454524086201,15.242129691613204,0.0,1440.078085712299,0.0,0.0,0.0,30.2757519474911,30.2757519474911,0.0,0.0,0.0
6082,919,0.0919,top_5_to_10_percent,1,2.0,71.0,False,40.43454524086201,40.43454524086201,15.242129691613204,0.0,1440.078085712299,0.0,0.0,0.0,110.465721330482,110.465721330482,0.0,0.0,0.0
6146,920,0.092,top_5_to_10_percent,1,6.0,103.0,False,40.43454524086201,40.43454524086201,15.242129691613204,0.0,1440.078085712299,0.0,0.0,0.0,0.71367875842609,0.71367875842609,0.0,0.0,0.0
6946,921,0.0921,top_5_to_10_percent,1,2.0,71.0,False,40.43454524086201,40.43454524086201,15.242129691613204,0.0,1440.078085712299,0.0,0.0,0.0,110.465721330482,110.465721330482,0.0,0.0,0.0
7666,922,0.0922,top_5_to_10_percent,1,4.0,87.0,False,40.43454524086201,40.43454524086201,15.242129691613204,0.0,1440.078085712299,0.0,0.0,0.0,67.6431305846633,67.6431305846633,0.0,0.0,0.0
7854,923,0.0923,top_5_to_10_percent,1,2.0,71.0,False,40.43454524086201,40.43454524086201,15.242129691613204,0.0,1440.078085712299,0.0,0.0,0.0,110.465721330482,110.465721330482,0.0,0.0,0.0
4087,924,0.0924,top_5_to_10_percent,1,4.0,87.0,False,40.434545240825,40.434545240825,16.0156137289734,0.0,1442.2704682694002,0.0,0.0,0.0,67.6431305846633,67.6431305846633,0.0,0.0,0.0
5077,925,0.0925,top_5_to_10_percent,0,,,False,40.434545240825,40.434545240825,16.0156137289734,0.0,1442.2704682694002,0.0,0.0,,,,,,
7895,926,0.0926,top_5_to_10_percent,0,,,False,40.434545240825,40.434545240825,16.0156137289734,0.0,1442.2704682694002,0.0,0.0,,,,,,
8844,927,0.0927,top_5_to_10_percent,1,5.0,95.0,False,40.434545240825,40.434545240825,16.0156137289734,0.0,1442.2704682694002,0.0,0.0,0.0,30.2757519474911,30.2757519474911,0.0,0.0,0.0
821,928,0.0928,top_5_to_10_percent,1,7.0,111.0,False,40.40352014188704,40.40352014188704,14.988112938383303,0.0,1487.1491211991997,0.0,0.0,0.0,0.0,0.0,0.0,0.0,0.0
8398,929,0.0929,top_5_to_10_percent,1,7.0,111.0,False,40.40352014188704,40.40352014188704,14.988112938383303,0.0,1487.1491211991997,0.0,0.0,0.0,0.0,0.0,0.0,0.0,0.0
2386,930,0.093,top_5_to_10_percent,1,6.0,103.0,False,40.403520141196,40.403520141194974,14.938428041268399,0.0,1571.2839157577,0.0,0.0,0.0,0.71367875842609,0.71367875842609,0.0,0.0,0.0
4826,931,0.0931,top_5_to_10_percent,1,5.0,95.0,False,40.397293134590996,40.39729313458997,12.690759422188503,0.0,1360.2564392775002,0.0,0.0,0.0,30.2757519474911,30.2757519474911,0.0,0.0,0.0
8232,932,0.0932,top_5_to_10_percent,1,5.0,95.0,False,40.397293134590996,40.39729313458997,12.690759422188503,0.0,1360.2564392775002,0.0,0.0,0.0,30.2757519474911,30.2757519474911,0.0,0.0,0.0
8943,933,0.0933,top_5_to_10_percent,1,4.0,87.0,False,40.397293134590996,40.39729313458997,12.690759422188503,0.0,1360.2564392775002,0.0,0.0,0.0,67.6431305846633,67.6431305846633,0.0,0.0,0.0
2903,934,0.0934,top_5_to_10_percent,1,3.0,79.0,False,40.395227484071995,40.395227484071995,16.121455499337703,0.0,1661.6578800505995,0.0,0.0,0.0,79.4853371037635,79.4853371037635,0.0,0.0,0.0
5696,935,0.0935,top_5_to_10_percent,1,7.0,111.0,False,40.395227484071995,40.395227484071995,16.121455499337703,0.0,1661.6578800505995,0.0,0.0,0.0,0.0,0.0,0.0,0.0,0.0
1704,936,0.0936,top_5_to_10_percent,1,5.0,95.0,False,40.38067880519196,40.380678805190996,16.0930708303446,0.0,1254.1145082372004,0.0,0.0,0.0,30.2757519474911,30.2757519474911,0.0,0.0,0.0
8062,937,0.0937,top_5_to_10_percent,1,3.0,79.0,False,40.38067880519196,40.380678805190996,16.0930708303446,0.0,1254.1145082372004,0.0,0.0,0.0,79.4853371037635,79.4853371037635,0.0,0.0,0.0
4625,938,0.0938,top_5_to_10_percent,0,,,False,40.373128878080024,40.373128878080024,-0.8355121143412028,0.0,1740.6894503744006,49.7931791629814,49.7931791629814,,,,,,
25,939,0.0939,top_5_to_10_percent,0,,,False,40.28959277621999,40.28959277621999,6.013008110028796,0.0,1256.3456303419007,0.0,0.0,,,,,,
60,940,0.094,top_5_to_10_percent,1,14.0,167.0,False,40.28959277621999,40.28959277621999,6.013008110028796,0.0,1256.3456303419007,0.0,0.0,185.745847312004,299.484469224306,113.738621912302,0.0,0.0,0.0
736,941,0.0941,top_5_to_10_percent,1,7.0,111.0,False,40.28959277621999,40.28959277621999,6.013008110028796,0.0,1256.3456303419007,0.0,0.0,0.0,0.0,0.0,0.0,0.0,0.0
1566,942,0.0942,top_5_to_10_percent,1,6.0,103.0,False,40.28959277621999,40.28959277621999,6.013008110028796,0.0,1256.3456303419007,0.0,0.0,0.0,0.71367875842609,0.71367875842609,0.0,0.0,0.0
3830,943,0.0943,top_5_to_10_percent,1,7.0,111.0,False,40.28959277621999,40.28959277621999,6.013008110028796,0.0,1256.3456303419007,0.0,0.0,0.0,0.0,0.0,0.0,0.0,0.0
5366,944,0.0944,top_5_to_10_percent,1,7.0,111.0,False,40.28959277621999,40.28959277621999,6.013008110028796,0.0,1256.3456303419007,0.0,0.0,0.0,0.0,0.0,0.0,0.0,0.0
6445,945,0.0945,top_5_to_10_percent,0,,,False,40.28959277621999,40.28959277621999,6.013008110028796,0.0,1256.3456303419007,0.0,0.0,,,,,,
7367,946,0.0946,top_5_to_10_percent,1,7.0,111.0,False,40.28959277621999,40.28959277621999,6.013008110028796,0.0,1256.3456303419007,0.0,0.0,0.0,0.0,0.0,0.0,0.0,0.0
9335,947,0.0947,top_5_to_10_percent,0,,,False,40.28959277621999,40.28959277621999,6.013008110028796,0.0,1256.3456303419007,0.0,0.0,,,,,,
18,948,0.0948,top_5_to_10_percent,1,11.0,143.0,False,40.251336033195,40.251336033194036,31.9381080337258,0.0,2295.320919751699,49.7931791629814,49.7931791629814,355.126421733082,396.04045228592,40.91403055283803,0.0,0.0,0.0
6957,949,0.0949,top_5_to_10_percent,1,6.0,103.0,False,40.25114794437502,40.251147944374,19.1909565297767,0.0,1987.9950370201987,0.0,0.0,0.0,0.71367875842609,0.71367875842609,0.0,0.0,0.0
2669,950,0.095,top_5_to_10_percent,1,7.0,111.0,False,40.220072515651,40.220072515651,12.514753756273002,0.0,1478.9762292255,0.0,0.0,0.0,0.0,0.0,0.0,0.0,0.0
3386,951,0.0951,top_5_to_10_percent,1,11.0,143.0,False,40.220072515651,40.220072515651,12.514753756273002,0.0,1478.9762292255,0.0,0.0,355.126421733082,396.04045228592,40.91403055283803,1.91369053936796e-09,7.55928874989473,7.559288747981039
3393,952,0.0952,top_5_to_10_percent,1,3.0,79.0,False,40.220072515651,40.220072515651,12.514753756273002,0.0,1478.9762292255,0.0,0.0,0.0,79.4853371037635,79.4853371037635,0.0,0.0,0.0
4415,953,0.0953,top_5_to_10_percent,1,4.0,87.0,False,40.220072515651,40.220072515651,12.514753756273002,0.0,1478.9762292255,0.0,0.0,0.0,67.6431305846633,67.6431305846633,0.0,0.0,0.0
4561,954,0.0954,top_5_to_10_percent,1,1.0,63.0,False,40.220072515651,40.220072515651,12.514753756273002,0.0,1478.9762292255,0.0,0.0,0.0,112.166696626405,112.166696626405,0.0,0.0,0.0
7271,955,0.0955,top_5_to_10_percent,1,13.0,159.0,False,40.220072515651,40.220072515651,12.514753756273002,0.0,1478.9762292255,0.0,0.0,240.569511496604,355.126452344801,114.556940848197,0.0,0.0,0.0
7619,956,0.0956,top_5_to_10_percent,1,6.0,103.0,False,40.220072515651,40.220072515651,12.514753756273002,0.0,1478.9762292255,0.0,0.0,0.0,0.71367875842609,0.71367875842609,0.0,0.0,0.0
8414,957,0.0957,top_5_to_10_percent,0,,,False,40.220072515651,40.220072515651,12.514753756273002,0.0,1478.9762292255,0.0,0.0,,,,,,
9123,958,0.0958,top_5_to_10_percent,1,7.0,111.0,False,40.220072515651,40.220072515651,12.514753756273002,0.0,1478.9762292255,0.0,0.0,0.0,0.0,0.0,0.0,0.0,0.0
9915,959,0.0959,top_5_to_10_percent,1,6.0,103.0,False,40.220072515651,40.220072515651,12.514753756273002,0.0,1478.9762292255,0.0,0.0,0.0,0.71367875842609,0.71367875842609,0.0,0.0,0.0
7513,960,0.096,top_5_to_10_percent,1,4.0,87.0,False,40.20312103585002,40.20312103585002,0.18719751352089986,0.0,912.7246690540996,106.331187532016,106.331187532016,0.0,67.6431305846633,67.6431305846633,0.0,0.0,0.0
3117,961,0.0961,top_5_to_10_percent,1,7.0,111.0,False,40.188218239722005,40.188218239722005,16.9299649149257,0.0,1817.1589598937007,0.0,0.0,0.0,0.0,0.0,0.0,0.0,0.0
1936,962,0.0962,top_5_to_10_percent,1,7.0,111.0,False,40.14334404244903,40.14334404244903,-5.416852093992588,0.0,520.1879457444011,22.2686838686158,22.2686838686158,0.0,0.0,0.0,0.0,0.0,0.0
7891,963,0.0963,top_5_to_10_percent,1,2.0,71.0,False,39.95168985613998,39.95168985613901,-24.278539496760498,0.0,932.4343760174997,56.538008369035,56.538008369035,0.0,110.465721330482,110.465721330482,0.0,0.0,0.0
4295,964,0.0964,top_5_to_10_percent,1,1.0,63.0,False,39.94766850694799,39.94766850694799,19.1993783697557,0.0,1977.3211943553997,0.0,0.0,0.0,112.166696626405,112.166696626405,0.0,0.0,0.0
8293,965,0.0965,top_5_to_10_percent,1,2.0,71.0,False,39.94766850694799,39.94766850694799,19.1993783697557,0.0,1977.3211943553997,0.0,0.0,0.0,110.465721330482,110.465721330482,0.0,0.0,0.0
9052,966,0.0966,top_5_to_10_percent,0,,,False,39.94766850694799,39.94766850694799,19.1993783697557,0.0,1977.3211943553997,0.0,0.0,,,,,,
5476,967,0.0967,top_5_to_10_percent,0,,,False,39.909460084535,39.909460084535,4.098986396637301,0.0,1631.3323272711023,56.538008369035,56.538008369035,,,,,,
3459,968,0.0968,top_5_to_10_percent,1,5.0,95.0,False,39.82046609042703,39.82046609042601,2.0788682456553005,0.0,1222.4166259640006,0.0,0.0,0.0,30.2757519474911,30.2757519474911,0.0,0.0,0.0
5759,969,0.0969,top_5_to_10_percent,0,,,False,39.76916139813096,39.769161398131985,32.551566492778605,0.0,2300.7790534882006,49.7931791629814,49.7931791629814,,,,,,
3223,970,0.097,top_5_to_10_percent,0,,,False,39.674329749870026,39.67432974987099,10.4935525440196,0.0,1446.8335460250983,0.0,0.0,,,,,,
6060,971,0.0971,top_5_to_10_percent,1,5.0,95.0,False,39.674329749870026,39.67432974987099,10.4935525440196,0.0,1446.8335460250983,0.0,0.0,0.0,30.2757519474911,30.2757519474911,0.0,0.0,0.0
7291,972,0.0972,top_5_to_10_percent,0,,,False,39.674329749870026,39.67432974987099,10.4935525440196,0.0,1446.8335460250983,0.0,0.0,,,,,,
7370,973,0.0973,top_5_to_10_percent,1,4.0,87.0,False,39.674329749870026,39.67432974987099,10.4935525440196,0.0,1446.8335460250983,0.0,0.0,0.0,67.6431305846633,67.6431305846633,0.0,0.0,0.0
3997,974,0.0974,top_5_to_10_percent,1,3.0,79.0,False,39.647250806876,39.647250806876,16.249245566882,0.0,1672.2287035378995,0.0,0.0,0.0,79.4853371037635,79.4853371037635,0.0,0.0,0.0
5572,975,0.0975,top_5_to_10_percent,0,,,False,39.647250806876,39.647250806876,16.249245566882,0.0,1672.2287035378995,0.0,0.0,,,,,,
6209,976,0.0976,top_5_to_10_percent,1,3.0,79.0,False,39.647250806876,39.647250806876,16.249245566882,0.0,1672.2287035378995,0.0,0.0,0.0,79.4853371037635,79.4853371037635,0.0,0.0,0.0
8707,977,0.0977,top_5_to_10_percent,1,2.0,71.0,False,39.647250806876,39.647250806876,16.249245566882,0.0,1672.2287035378995,0.0,0.0,0.0,110.465721330482,110.465721330482,0.0,0.0,0.0
5874,978,0.0978,top_5_to_10_percent,0,,,False,39.638856790542036,39.63885679054198,10.493552544027303,0.0,1509.5818874758006,0.0,0.0,,,,,,
2413,979,0.0979,top_5_to_10_percent,1,6.0,103.0,False,39.63885679053999,39.63885679053999,10.4935525440197,0.0,1302.244673458501,0.0,0.0,0.0,0.71367875842609,0.71367875842609,0.0,0.0,0.0
4619,980,0.098,top_5_to_10_percent,1,4.0,87.0,False,39.63885679053999,39.63885679053999,10.4935525440197,0.0,1302.244673458501,0.0,0.0,0.0,67.6431305846633,67.6431305846633,0.0,0.0,0.0
3737,981,0.0981,top_5_to_10_percent,1,1.0,63.0,False,39.633188652939,39.633188652939,13.663229019726604,0.0,1568.6311314262002,0.0,0.0,0.0,112.166696626405,112.166696626405,0.0,0.0,0.0
5619,982,0.0982,top_5_to_10_percent,1,2.0,71.0,False,39.633188652939,39.633188652939,13.663229019726604,0.0,1568.6311314262002,0.0,0.0,0.0,110.465721330482,110.465721330482,0.0,0.0,0.0
6501,983,0.0983,top_5_to_10_percent,1,3.0,79.0,False,39.633188652939,39.633188652939,13.663229019726604,0.0,1568.6311314262002,0.0,0.0,0.0,79.4853371037635,79.4853371037635,0.0,0.0,0.0
6667,984,0.0984,top_5_to_10_percent,1,1.0,63.0,False,39.633188652939,39.633188652939,13.663229019726604,0.0,1568.6311314262002,0.0,0.0,0.0,112.166696626405,112.166696626405,0.0,0.0,0.0
8343,985,0.0985,top_5_to_10_percent,0,,,False,39.633188652939,39.633188652939,13.663229019726604,0.0,1568.6311314262002,0.0,0.0,,,,,,
1284,986,0.0986,top_5_to_10_percent,1,4.0,87.0,False,39.62485018234702,39.62485018234804,5.352660386112504,0.0,1302.7488736839005,0.0,0.0,0.0,67.6431305846633,67.6431305846633,0.0,0.0,0.0
1823,987,0.0987,top_5_to_10_percent,1,4.0,87.0,False,39.62485018234702,39.62485018234804,5.352660386112504,0.0,1302.7488736839005,0.0,0.0,0.0,67.6431305846633,67.6431305846633,0.0,0.0,0.0
3559,988,0.0988,top_5_to_10_percent,1,5.0,95.0,False,39.62485018234702,39.62485018234804,5.352660386112504,0.0,1302.7488736839005,0.0,0.0,0.0,30.2757519474911,30.2757519474911,0.0,0.0,0.0
4695,989,0.0989,top_5_to_10_percent,0,,,False,39.62485018234702,39.62485018234804,5.352660386112504,0.0,1302.7488736839005,0.0,0.0,,,,,,
5533,990,0.099,top_5_to_10_percent,1,6.0,103.0,False,39.62485018234702,39.62485018234804,5.352660386112504,0.0,1302.7488736839005,0.0,0.0,0.0,0.71367875842609,0.71367875842609,0.0,0.0,0.0
2299,991,0.0991,top_5_to_10_percent,0,,,False,39.61635766521698,39.616357665218004,10.493552544027303,0.0,1509.195821834699,0.0,0.0,,,,,,
6019,992,0.0992,top_5_to_10_percent,0,,,False,39.61635766521698,39.616357665218004,10.493552544027303,0.0,1509.195821834699,0.0,0.0,,,,,,
1438,993,0.0993,top_5_to_10_percent,1,4.0,87.0,False,39.616281596270994,39.61628159627202,14.423921440026,0.0,1542.8032299431998,0.0,0.0,0.0,67.6431305846633,67.6431305846633,0.0,0.0,0.0
1794,994,0.0994,top_5_to_10_percent,1,5.0,95.0,False,39.616281596270994,39.61628159627202,14.423921440026,0.0,1542.8032299431998,0.0,0.0,0.0,30.2757519474911,30.2757519474911,0.0,0.0,0.0
2431,995,0.0995,top_5_to_10_percent,1,5.0,95.0,False,39.616281596270994,39.61628159627202,14.423921440026,0.0,1542.8032299431998,0.0,0.0,0.0,30.2757519474911,30.2757519474911,0.0,0.0,0.0
2782,996,0.0996,top_5_to_10_percent,1,5.0,95.0,False,39.616281596270994,39.61628159627202,14.423921440026,0.0,1542.8032299431998,0.0,0.0,0.0,30.2757519474911,30.2757519474911,0.0,0.0,0.0
3778,997,0.0997,top_5_to_10_percent,1,5.0,95.0,False,39.616281596270994,39.61628159627202,14.423921440026,0.0,1542.8032299431998,0.0,0.0,0.0,30.2757519474911,30.2757519474911,0.0,0.0,0.0
4680,998,0.0998,top_5_to_10_percent,1,3.0,79.0,False,39.616281596270994,39.61628159627202,14.423921440026,0.0,1542.8032299431998,0.0,0.0,0.0,79.4853371037635,79.4853371037635,0.0,0.0,0.0
4692,999,0.0999,top_5_to_10_percent,1,3.0,79.0,False,39.616281596270994,39.61628159627202,14.423921440026,0.0,1542.8032299431998,0.0,0.0,0.0,79.4853371037635,79.4853371037635,0.0,0.0,0.0
8488,1000,0.1,top_5_to_10_percent,1,1.0,63.0,False,39.616281596270994,39.61628159627202,14.423921440026,0.0,1542.8032299431998,0.0,0.0,0.0,112.166696626405,112.166696626405,0.0,0.0,0.0
