selected_pair_id,focal_state_id,focal_site,selection_reason,method,path_count,C_count,D_count,stage,observed_site,active_decision_count,active_decision_rate,terminal_event_count,terminal_event_rate,mean_start_inventory_kg,mean_end_inventory_kg,mean_production_kg,mean_electrolyzer_power_kw,mean_normal_served_kg,mean_normal_shortage_kg,mean_htt_inflow_kg,mean_htt_outflow_kg,mean_net_htt_inflow_kg,mean_total_htt_flow_kg,mean_htt_capacity_kg,mean_beta,mean_terminal_target_kg,mean_terminal_gap_kg
1,17,2,top8_C_D_remaining_gap,saa,73,34,39,1,1,73,1,0,0,58.0445570448695,88.0243810123711,35.1,300,5.12017603249831,0,0,0,0,0,160,0,0,0
1,17,2,top8_C_D_remaining_gap,saa,73,34,39,1,2,73,1,0,0,50.3081379386248,67.882050982103,23.4,200,5.82608695652174,0,0,0,0,0,160,0,0,0
1,17,2,top8_C_D_remaining_gap,saa,73,34,39,1,3,73,1,0,0,25.2621334423093,37.7163366656137,14.04,120,1.58579677669568,0,0,0,0,0,160,0,0,0
1,17,2,top8_C_D_remaining_gap,saa,73,34,39,1,4,73,1,0,0,33.0235808462428,47.7055120125908,17.55,150,2.86806883365201,0,0,0,0,0,160,0,0,0
1,17,2,top8_C_D_remaining_gap,saa,73,34,39,2,1,73,1,0,0,88.0243810123711,119.165715277581,35.1,300,14.3104775507554,5.7792313185743,10.3518118159657,0,10.3518118159657,12.7185406237018,152.731637312459,0.0454272667971298,0,0
1,17,2,top8_C_D_remaining_gap,saa,73,34,39,2,2,73,1,0,0,67.882050982103,78.083864242442,23.4,200,8.72934569897047,3.52531268612269,0,4.46884104069054,-4.46884104069054,12.7185406237018,152.731637312459,0.0454272667971298,0,0
1,17,2,top8_C_D_remaining_gap,saa,73,34,39,2,3,73,1,0,0,37.7163366656137,38.4544623379981,14.04,120,5.05217474460431,2.04030133916713,0,8.24969958301126,-8.24969958301126,12.7185406237018,152.731637312459,0.0454272667971298,0,0
1,17,2,top8_C_D_remaining_gap,saa,73,34,39,2,4,73,1,0,0,47.7055120125908,60.2451248903416,17.55,150,7.37711592998531,2.97921989480176,2.36672880773612,0,2.36672880773612,12.7185406237018,152.731637312459,0.0454272667971298,0,0
1,17,2,top8_C_D_remaining_gap,saa,73,34,39,3,1,73,1,0,0,119.165715277581,172.168098920893,35.1,300,7.71227311933668,13.9414167926471,25.7515603556578,0.136903593009663,25.6146567626481,31.9924570827629,140.207697325506,0.12370189171559,0,0
1,17,2,top8_C_D_remaining_gap,saa,73,34,39,3,2,73,1,0,0,78.083864242442,85.751289246495,23.06904395704,197.171315872137,4.94426954820046,8.93771802943929,0,10.4573494047866,-10.4573494047866,31.9924570827629,140.207697325506,0.12370189171559,0,0
1,17,2,top8_C_D_remaining_gap,saa,73,34,39,3,3,73,1,0,0,38.4544623379981,27.847336753362,13.7221468382345,117.283306309696,3.00052301069988,5.42402236549593,0,21.3287494121707,-21.3287494121707,31.9924570827629,140.207697325506,0.12370189171559,0,0
1,17,2,top8_C_D_remaining_gap,saa,73,34,39,3,4,73,1,0,0,60.2451248903416,79.4868077243273,17.55,150,4.47975922032341,8.09802628289231,6.24089672710508,0.0694546727959941,6.17144205430909,31.9924570827629,140.207697325506,0.12370189171559,0,0
1,17,2,top8_C_D_remaining_gap,saa,73,34,39,4,1,65,0.89041095890411,8,0.10958904109589,172.168098920893,210.22622910997,31.2534246575343,267.123287671233,1.11457879262852,6.13018335945688,9.34987678313955,1.43059245896797,7.91928432417158,22.4428020371679,123.179647749511,0.230127201565558,26.4534548099891,3.82412345641057
1,17,2,top8_C_D_remaining_gap,saa,73,34,39,4,2,65,0.89041095890411,8,0.10958904109589,85.751289246495,95.2620860281259,17.9506965912655,153.424757190303,0.553050285033608,3.04177656768484,1.52772759523187,9.41457711983286,-7.88684952460099,22.4428020371679,123.179647749511,0.230127201565558,15.1264441512644,6.01608365546085
1,17,2,top8_C_D_remaining_gap,saa,73,34,39,4,3,65,0.89041095890411,8,0.10958904109589,27.847336753362,26.170675186944,10.8361217395937,92.6164251247323,0.956482718695722,4.29443255002906,0.036056514850663,11.5923571021667,-11.556300587316,22.4428020371679,123.179647749511,0.230127201565558,3.58690912677818,0.78135494667751
1,17,2,top8_C_D_remaining_gap,saa,73,34,39,4,4,65,0.89041095890411,8,0.10958904109589,79.4868077243273,105.624752344152,15.1891212756878,129.821549364853,0.575042443608933,3.16273343984913,11.5291411439458,0.00527535620037273,11.5238657877454,22.4428020371679,123.179647749511,0.230127201565558,16.4383561643836,6.17071940492325
1,17,2,top8_C_D_remaining_gap,saa,73,34,39,5,1,33,0.452054794520548,32,0.438356164383562,210.22622910997,225.836361071036,15.8671232876712,135.616438356164,0.0701393977054563,2.2444607265746,1.90072364792929,2.08757557682968,-0.186851928900392,9.18243969844182,105.452315720809,0.340923026744945,105.813819239956,8.58445048876745
1,17,2,top8_C_D_remaining_gap,saa,73,34,39,5,2,33,0.452054794520548,32,0.438356164383562,95.2620860281259,104.083583161337,10.5780821917808,90.4109589041096,0.0798094103633115,2.55390113162597,1.41395506935129,3.09073071755769,-1.6767756482064,9.18243969844182,105.452315720809,0.340923026744945,60.5057766050577,16.8698204268043
1,17,2,top8_C_D_remaining_gap,saa,73,34,39,5,3,33,0.452054794520548,32,0.438356164383562,26.170675186944,29.1865344900935,6.34684931506849,54.2465753424658,0.0217232435163792,0.695143792524135,0,3.30926676840262,-3.30926676840262,9.18243969844182,105.452315720809,0.340923026744945,14.3476365071127,2.34754925338638
1,17,2,top8_C_D_remaining_gap,saa,73,34,39,5,4,33,0.452054794520548,32,0.438356164383562,105.624752344152,118.691919719337,7.93356164383562,67.8082191780822,0.0392886141596165,1.25723565310773,5.86776098116124,0.69486663565183,5.17289434550941,9.18243969844182,105.452315720809,0.340923026744945,65.7534246575343,16.2399281899421
1,17,2,top8_C_D_remaining_gap,saa,73,34,39,6,1,4,0.0547945205479452,29,0.397260273972603,225.836361071036,227.156874503752,1.92328767123288,16.4383561643836,0.216921857908028,0.883884107534696,0.0859080559118353,0.471760436520216,-0.385852380608381,0.879463911928743,85.4815394651011,0.465740378343118,95.8937736862105,3.96625982766074
1,17,2,top8_C_D_remaining_gap,saa,73,34,39,6,2,4,0.0547945205479452,29,0.397260273972603,104.083583161337,105.570519298418,1.28219178082192,10.958904109589,0.167872032672509,0.503616098017527,0.374170154402416,0.00155376547108863,0.372616388931328,0.879463911928743,85.4815394651011,0.465740378343118,54.8333600483336,9.38628730931768
1,17,2,top8_C_D_remaining_gap,saa,73,34,39,6,3,4,0.0547945205479452,29,0.397260273972603,29.1865344900935,29.5632251201663,0.769315068493151,6.57534246575342,0.0923299375837521,0.296298888924272,0.0107504593300591,0.311044960166633,-0.300294500836574,0.879463911928743,85.4815394651011,0.465740378343118,13.0025455845709,1.08743890686896
1,17,2,top8_C_D_remaining_gap,saa,73,34,39,6,4,4,0.0547945205479452,29,0.397260273972603,118.691919719337,119.791864382597,0.961643835616438,8.21917808219178,0.17522966486974,0.392240791282976,0.408635242284432,0.0951047497708057,0.313530492513627,0.879463911928743,85.4815394651011,0.465740378343118,59.5890410958904,7.64237746360367
1,17,2,top8_C_D_remaining_gap,saa,73,34,39,7,1,0,0,4,0.0547945205479452,227.156874503752,227.156874503752,0,0,0,0,0,0,0,0,75.7176777560339,0.526764514024788,13.2267274049945,0.064880306015573
1,17,2,top8_C_D_remaining_gap,saa,73,34,39,7,2,0,0,4,0.0547945205479452,105.570519298418,105.570519298418,0,0,0,0,0,0,0,0,75.7176777560339,0.526764514024788,7.56322207563221,0.207717440818583
1,17,2,top8_C_D_remaining_gap,saa,73,34,39,7,3,0,0,4,0.0547945205479452,29.5632251201663,29.5632251201663,0,0,0,0,0,0,0,0,75.7176777560339,0.526764514024788,1.79345456338909,0.079125400162126
1,17,2,top8_C_D_remaining_gap,saa,73,34,39,7,4,0,0,4,0.0547945205479452,119.791864382597,119.791864382597,0,0,0,0,0,0,0,0,75.7176777560339,0.526764514024788,8.21917808219178,0.155110558933701
1,17,2,top8_C_D_remaining_gap,saa,73,34,39,8,1,0,0,0,0,227.156874503752,227.156874503752,0,0,0,0,0,0,0,0,67.6127853881279,0.577420091324201,0,0
1,17,2,top8_C_D_remaining_gap,saa,73,34,39,8,2,0,0,0,0,105.570519298418,105.570519298418,0,0,0,0,0,0,0,0,67.6127853881279,0.577420091324201,0,0
1,17,2,top8_C_D_remaining_gap,saa,73,34,39,8,3,0,0,0,0,29.5632251201663,29.5632251201663,0,0,0,0,0,0,0,0,67.6127853881279,0.577420091324201,0,0
1,17,2,top8_C_D_remaining_gap,saa,73,34,39,8,4,0,0,0,0,119.791864382597,119.791864382597,0,0,0,0,0,0,0,0,67.6127853881279,0.577420091324201,0,0
2,12,1,top8_C_D_remaining_gap,saa,84,61,23,1,1,84,1,0,0,58.0445570448695,88.0243810123712,35.1,300,5.12017603249831,0,0,0,0,0,160,0,0,0
2,12,1,top8_C_D_remaining_gap,saa,84,61,23,1,2,84,1,0,0,50.3081379386248,67.882050982103,23.4,200,5.82608695652174,0,0,0,0,0,160,0,0,0
2,12,1,top8_C_D_remaining_gap,saa,84,61,23,1,3,84,1,0,0,25.2621334423093,37.7163366656137,14.04,120,1.58579677669568,0,0,0,0,0,160,0,0,0
2,12,1,top8_C_D_remaining_gap,saa,84,61,23,1,4,84,1,0,0,33.0235808462428,47.7055120125908,17.55,150,2.86806883365201,0,0,0,0,0,160,0,0,0
2,12,1,top8_C_D_remaining_gap,saa,84,61,23,2,1,84,1,0,0,88.0243810123712,111.996370034198,35.1,300,17.9372400619015,2.15246880742818,6.80922908372805,0,6.80922908372805,7.28051274117269,153.71156462585,0.0393027210884354,0,0
2,12,1,top8_C_D_remaining_gap,saa,84,61,23,2,2,84,1,0,0,67.882050982103,78.5647028118124,23.4,200,10.9416592724046,1.31299911268855,0,1.77568889788594,-1.77568889788594,7.28051274117269,153.71156462585,0.0393027210884354,0,0
2,12,1,top8_C_D_remaining_gap,saa,84,61,23,2,3,84,1,0,0,37.7163366656137,39.9189448903881,14.04,120,6.33256793193878,0.759908151832654,0,5.50482384328674,-5.50482384328674,7.28051274117269,153.71156462585,0.0393027210884354,0,0
2,12,1,top8_C_D_remaining_gap,saa,84,61,23,2,4,84,1,0,0,47.7055120125908,56.480067255047,17.55,150,9.24672841498845,1.10960740979861,0.471283657444633,0,0.471283657444633,7.28051274117269,153.71156462585,0.0393027210884354,0,0
2,12,1,top8_C_D_remaining_gap,saa,84,61,23,3,1,83,0.988095238095238,1,0.0119047619047619,111.996370034198,152.916570032801,34.4948681948276,294.827933289125,16.2402674339878,5.15564045523423,22.8649096034221,0.199310365658372,22.6655992377637,26.1285728795907,144.996371882086,0.0937726757369615,2.40933184227513,0.976635193214039
2,12,1,top8_C_D_remaining_gap,saa,84,61,23,3,2,83,0.988095238095238,1,0.0119047619047619,78.5647028118124,82.0055433164173,21.464172908173,183.454469300624,10.4114906832298,3.30523513753327,0,7.61184172033839,-7.61184172033839,26.1285728795907,144.996371882086,0.0937726757369615,0.389649354545844,0
2,12,1,top8_C_D_remaining_gap,saa,84,61,23,3,3,83,0.988095238095238,1,0.0119047619047619,39.9189448903881,28.2083118710091,12.8931754061058,110.198080394067,6.31840903214686,2.00584413718948,0.032021400256037,18.317420793594,-18.2853993933379,26.1285728795907,144.996371882086,0.0937726757369615,0.194824677272922,0
2,12,1,top8_C_D_remaining_gap,saa,84,61,23,3,4,83,0.988095238095238,1,0.0119047619047619,56.480067255047,67.6194414321192,17.3410714285714,148.214285714286,9.43333912741179,2.99471083409898,3.23164187591258,0,3.23164187591258,26.1285728795907,144.996371882086,0.0937726757369615,0.883205203637247,0.180274894950053
2,12,1,top8_C_D_remaining_gap,saa,84,61,23,4,1,65,0.773809523809524,18,0.214285714285714,152.916570032801,183.142888227171,26.5392809758277,226.831461331861,4.10239724268956,2.19364605614656,8.33559609709925,0.5461616358676,7.78943446123165,12.4643962912969,131.206802721088,0.179957482993197,43.3679731609524,7.00763576567574
2,12,1,top8_C_D_remaining_gap,saa,84,61,23,4,2,65,0.773809523809524,18,0.214285714285714,82.0055433164173,83.3309585966208,7.12461022898802,60.8941045212651,2.06669624371488,1.05737947352854,0.522752898059575,4.25525160312915,-3.73249870506957,12.4643962912969,131.206802721088,0.179957482993197,7.01368838182519,0
2,12,1,top8_C_D_remaining_gap,saa,84,61,23,4,3,65,0.773809523809524,18,0.214285714285714,28.2083118710091,22.1771040238143,4.72814729928474,40.4115153785021,3.21818355259819,1.34511185950787,0.118691721459213,7.65986331534066,-7.54117159388145,12.4643962912969,131.206802721088,0.179957482993197,3.5068441909126,0.00223326608320427
2,12,1,top8_C_D_remaining_gap,saa,84,61,23,4,4,65,0.773809523809524,18,0.214285714285714,67.6194414321192,81.0977428417566,12.0429965644437,102.931594567895,2.04893099252564,1.1993742395272,3.48735557467891,0.00311973695953868,3.48423583771938,12.4643962912969,131.206802721088,0.179957482993197,15.8976936654704,1.06615577177917
2,12,1,top8_C_D_remaining_gap,saa,84,61,23,5,1,24,0.285714285714286,41,0.488095238095238,183.142888227171,193.395951462573,9.82680070827392,83.9897496433669,1.03622610181513,0.426681336041526,1.46248862894341,0,1.46248862894341,2.31327961740422,116.570068027211,0.271437074829932,98.7826055332805,4.63280090878761
2,12,1,top8_C_D_remaining_gap,saa,84,61,23,5,2,24,0.285714285714286,41,0.488095238095238,83.3309585966208,84.0974543091342,3.30024617633177,28.2072322763399,1.31780538302277,0.346790890269151,0,1.21594508079565,-1.21594508079565,2.31327961740422,116.570068027211,0.271437074829932,15.9756235363796,0
2,12,1,top8_C_D_remaining_gap,saa,84,61,23,5,3,24,0.285714285714286,41,0.488095238095238,22.1771040238143,22.4907716597978,1.75956704874745,15.0390346046791,0.3485648761553,0.104519917186323,0,1.09733453660857,-1.09733453660857,2.31327961740422,116.570068027211,0.271437074829932,7.9878117681898,0.0152865626372425
2,12,1,top8_C_D_remaining_gap,saa,84,61,23,5,4,24,0.285714285714286,41,0.488095238095238,81.0977428417566,85.380507138962,4.01241581079324,34.2941522290021,0.580442502048621,0.239005736137667,0.850790988460812,0,0.850790988460812,2.31327961740422,116.570068027211,0.271437074829932,36.2114133491271,0.171845287633132
2,12,1,top8_C_D_remaining_gap,saa,84,61,23,6,1,1,0.0119047619047619,23,0.273809523809524,193.395951462573,193.396497995909,0.216319378738195,1.84888357895893,0.239163200825354,0,0.0233903554228116,0,0.0233903554228116,0.114732802755637,106.513832199547,0.334288548752834,55.4146323723281,0.907552528858711
2,12,1,top8_C_D_remaining_gap,saa,84,61,23,6,2,1,0.0119047619047619,23,0.273809523809524,84.0974543091342,83.8368327160798,0,0,0.145888790298728,0,0,0.114732802755637,-0.114732802755637,0.114732802755637,106.513832199547,0.334288548752834,8.96193515455441,0
2,12,1,top8_C_D_remaining_gap,saa,84,61,23,6,3,1,0.0119047619047619,23,0.273809523809524,22.4907716597978,22.406852893803,0,0,0.0844342390925171,0,0.000515473097712879,0,0.000515473097712879,0.114732802755637,106.513832199547,0.334288548752834,4.48096757727721,0
2,12,1,top8_C_D_remaining_gap,saa,84,61,23,6,4,1,0.0119047619047619,23,0.273809523809524,85.380507138962,85.3480444009973,0,0,0.123289712199846,0,0.0908269742351124,0,0.0908269742351124,0.114732802755637,106.513832199547,0.334288548752834,20.3137196836567,3.5527136788005e-15
2,12,1,top8_C_D_remaining_gap,saa,84,61,23,7,1,0,0,1,0.0119047619047619,193.396497995909,193.396497995909,0,0,0,0,0,0,0,0,103.680272108844,0.351998299319728,2.40933184227513,0.048706169318242
2,12,1,top8_C_D_remaining_gap,saa,84,61,23,7,2,0,0,1,0.0119047619047619,83.8368327160798,83.8368327160798,0,0,0,0,0,0,0,0,103.680272108844,0.351998299319728,0.389649354545844,0
2,12,1,top8_C_D_remaining_gap,saa,84,61,23,7,3,0,0,1,0.0119047619047619,22.406852893803,22.406852893803,0,0,0,0,0,0,0,0,103.680272108844,0.351998299319728,0.194824677272922,0
2,12,1,top8_C_D_remaining_gap,saa,84,61,23,7,4,0,0,1,0.0119047619047619,85.3480444009973,85.3480444009973,0,0,0,0,0,0,0,0,103.680272108844,0.351998299319728,0.883205203637247,0
2,12,1,top8_C_D_remaining_gap,saa,84,61,23,8,1,0,0,0,0,193.396497995909,193.396497995909,0,0,0,0,0,0,0,0,100.447619047619,0.372202380952381,0,0
2,12,1,top8_C_D_remaining_gap,saa,84,61,23,8,2,0,0,0,0,83.8368327160798,83.8368327160798,0,0,0,0,0,0,0,0,100.447619047619,0.372202380952381,0,0
2,12,1,top8_C_D_remaining_gap,saa,84,61,23,8,3,0,0,0,0,22.406852893803,22.406852893803,0,0,0,0,0,0,0,0,100.447619047619,0.372202380952381,0,0
2,12,1,top8_C_D_remaining_gap,saa,84,61,23,8,4,0,0,0,0,85.3480444009973,85.3480444009973,0,0,0,0,0,0,0,0,100.447619047619,0.372202380952381,0,0
3,17,4,top8_C_D_remaining_gap,saa,61,31,30,1,1,61,1,0,0,58.0445570448695,88.0243810123712,35.1,300,5.12017603249831,0,0,0,0,0,160,0,0,0
3,17,4,top8_C_D_remaining_gap,saa,61,31,30,1,2,61,1,0,0,50.3081379386248,67.882050982103,23.4,200,5.82608695652174,0,0,0,0,0,160,0,0,0
3,17,4,top8_C_D_remaining_gap,saa,61,31,30,1,3,61,1,0,0,25.2621334423093,37.7163366656137,14.04,120,1.58579677669568,0,0,0,0,0,160,0,0,0
3,17,4,top8_C_D_remaining_gap,saa,61,31,30,1,4,61,1,0,0,33.0235808462428,47.7055120125908,17.55,150,2.86806883365201,0,0,0,0,0,160,0,0,0
3,17,4,top8_C_D_remaining_gap,saa,61,31,30,2,1,61,1,0,0,88.0243810123712,119.636010330046,35.1,300,14.8202770347514,5.26943183457829,11.3319063524259,0,11.3319063524259,13.2517633100894,152.415300546448,0.0474043715846994,0,0
3,17,4,top8_C_D_remaining_gap,saa,61,31,30,2,2,61,1,0,0,67.882050982103,77.8062297566547,23.4,200,9.04032175949496,3.21433662559821,0,4.43549946595331,-4.43549946595331,13.2517633100894,152.415300546448,0.0474043715846994,0,0
3,17,4,top8_C_D_remaining_gap,saa,61,31,30,2,3,61,1,0,0,37.7163366656137,37.7079183334494,14.04,120,5.23215448802811,1.86032159574333,0,8.81626384413613,-8.81626384413613,13.2517633100894,152.415300546448,0.0474043715846994,0,0
3,17,4,top8_C_D_remaining_gap,saa,61,31,30,2,4,61,1,0,0,47.7055120125908,59.5354490995098,17.55,150,7.63991987074456,2.71641595404251,1.91985695766359,0,1.91985695766359,13.2517633100894,152.415300546448,0.0474043715846994,0,0
3,17,4,top8_C_D_remaining_gap,saa,61,31,30,3,1,61,1,0,0,119.636010330046,171.824277559016,35.1,300,8.51948455553459,13.1342053564492,25.7715872318776,0.16383544737222,25.6077517845053,31.1110714346572,139.592818110851,0.127544886807182,0,0
3,17,4,top8_C_D_remaining_gap,saa,61,31,30,3,2,61,1,0,0,77.8062297566547,84.8008799953926,23.0039378502282,196.614853420754,5.46176560431728,8.42022197332247,0,10.5475220071731,-10.5475220071731,31.1110714346572,139.592818110851,0.127544886807182,0,0
3,17,4,top8_C_D_remaining_gap,saa,61,31,30,3,3,61,1,0,0,37.7079183334494,27.7363653578707,13.6596183473953,116.748874764063,3.31457522997868,5.10997014621713,0,20.3165960929954,-20.3165960929954,31.1110714346572,139.592818110851,0.127544886807182,0,0
3,17,4,top8_C_D_remaining_gap,saa,61,31,30,3,4,61,1,0,0,59.5354490995098,77.3931784958749,17.55,150,4.94863691929799,7.62914858391773,5.33948420277965,0.0831178871165176,5.25636631566313,31.1110714346572,139.592818110851,0.127544886807182,0,0
3,17,4,top8_C_D_remaining_gap,saa,61,31,30,4,1,53,0.868852459016393,8,0.131147540983607,171.824277559016,208.737991424226,30.4967213114754,260.655737704918,1.20045617501138,5.86889685561118,9.06561460650401,1.44816587775809,7.61744872874592,22.6759208432772,122.682279469165,0.233235753317721,31.6574131332656,4.57641003799954
3,17,4,top8_C_D_remaining_gap,saa,61,31,30,4,2,53,0.868852459016393,8,0.131147540983607,84.8008799953926,92.4593146560097,16.8787024780718,144.262414342494,0.595662356175542,2.91212707463598,1.43877356849083,10.06337902977,-8.62460546127922,22.6759208432772,122.682279469165,0.233235753317721,18.1021380826607,7.19957552210888
3,17,4,top8_C_D_remaining_gap,saa,61,31,30,4,3,53,0.868852459016393,8,0.131147540983607,27.7363653578707,25.8127023994879,10.205850606399,87.2294923623845,0.966751108743782,4.15702976759826,0.00161347971099416,11.164375935749,-11.162762456038,22.6759208432772,122.682279469165,0.233235753317721,4.2925305943411,0.935064116515709
3,17,4,top8_C_D_remaining_gap,saa,61,31,30,4,4,53,0.868852459016393,8,0.131147540983607,77.3931784958749,103.66843480871,14.7246861168067,125.852018092365,0.619348992542736,3.02792840798671,12.1699191885713,0,12.1699191885713,22.6759208432772,122.682279469165,0.233235753317721,19.672131147541,7.38463141900651
3,17,4,top8_C_D_remaining_gap,saa,61,31,30,5,1,22,0.360655737704918,31,0.508196721311475,208.737991424226,221.883460307448,12.6590163934426,108.196721311475,0.083937312008169,1.76268355217155,1.87825029658495,1.30786049479766,0.570389801787287,7.57841091328557,103.625917252147,0.352338017174083,122.672475891404,9.97636829088222
3,17,4,top8_C_D_remaining_gap,saa,61,31,30,5,2,22,0.360655737704918,31,0.508196721311475,92.4593146560097,99.8638740546471,8.43934426229508,72.1311475409836,0.0955096222380613,2.00570206699929,1.64787598748549,2.58715122890505,-0.93927524141956,7.57841091328557,103.625917252147,0.352338017174083,70.1457850703103,19.7066538064696
3,17,4,top8_C_D_remaining_gap,saa,61,31,30,5,3,22,0.360655737704918,31,0.508196721311475,25.8127023994879,27.9416416130498,5.06360655737705,43.2786885245902,0.025996668470421,0.545930037878842,0,2.90867067534472,-2.90867067534472,7.57841091328557,103.625917252147,0.352338017174083,16.6335560530718,2.75933903712907
3,17,4,top8_C_D_remaining_gap,saa,61,31,30,5,4,22,0.360655737704918,31,0.508196721311475,103.66843480871,113.228481598545,6.32950819672131,54.0983606557377,0.0470175218631477,0.987367959126101,4.05228462921513,0.77472851423814,3.27755611497699,7.57841091328557,103.625917252147,0.352338017174083,76.2295081967213,19.434668161734
3,17,4,top8_C_D_remaining_gap,saa,61,31,30,6,1,2,0.0327868852459016,20,0.327868852459016,221.883460307448,222.920732907135,1.15081967213115,9.83606557377049,0,0.658678979322286,0.0818165247163277,0.195363597160143,-0.113547072443816,0.606050177728009,82.328181108509,0.485448868071819,79.1435328331641,4.74650766261039
3,17,4,top8_C_D_remaining_gap,saa,61,31,30,6,2,2,0.0327868852459016,20,0.327868852459016,99.8638740546471,100.5907417651,0.767213114754098,6.55737704918033,0.164157164144444,0.237634914055332,0.123811759843451,0,0.123811759843451,0.606050177728009,82.328181108509,0.485448868071819,45.2553452066518,10.3765875070715
3,17,4,top8_C_D_remaining_gap,saa,61,31,30,6,3,2,0.0327868852459016,20,0.327868852459016,27.9416416130498,28.1945880945346,0.460327868852459,3.9344262295082,0,0.232540199467916,0.0529738893567014,0.260355276724323,-0.207381387367621,0.606050177728009,82.328181108509,0.485448868071819,10.7313264858528,1.16365187947417
3,17,4,top8_C_D_remaining_gap,saa,61,31,30,6,4,2,0.0327868852459016,20,0.327868852459016,113.228481598545,113.831232137451,0.575409836065574,4.91803278688525,0.169775997127657,0.169775997127657,0.347448003811529,0.150331303843543,0.197116699967986,0.606050177728009,82.328181108509,0.485448868071819,49.1803278688525,9.11955717721236
3,17,4,top8_C_D_remaining_gap,saa,61,31,30,7,1,0,0,2,0.0327868852459016,222.920732907135,222.920732907135,0,0,0,0,0,0,0,0,76.3228727556596,0.522982045277127,7.91435328331641,0.0776436449038824
3,17,4,top8_C_D_remaining_gap,saa,61,31,30,7,2,0,0,2,0.0327868852459016,100.5907417651,100.5907417651,0,0,0,0,0,0,0,0,76.3228727556596,0.522982045277127,4.52553452066518,0.241454845931688
3,17,4,top8_C_D_remaining_gap,saa,61,31,30,7,3,0,0,2,0.0327868852459016,28.1945880945346,28.1945880945346,0,0,0,0,0,0,0,0,76.3228727556596,0.522982045277127,1.07313264858528,0.094691052653036
3,17,4,top8_C_D_remaining_gap,saa,61,31,30,7,4,0,0,2,0.0327868852459016,113.831232137451,113.831232137451,0,0,0,0,0,0,0,0,76.3228727556596,0.522982045277127,4.91803278688525,0.229911104595868
3,17,4,top8_C_D_remaining_gap,saa,61,31,30,8,1,0,0,0,0,222.920732907135,222.920732907135,0,0,0,0,0,0,0,0,67.9256830601093,0.575464480874317,0,0
3,17,4,top8_C_D_remaining_gap,saa,61,31,30,8,2,0,0,0,0,100.5907417651,100.5907417651,0,0,0,0,0,0,0,0,67.9256830601093,0.575464480874317,0,0
3,17,4,top8_C_D_remaining_gap,saa,61,31,30,8,3,0,0,0,0,28.1945880945346,28.1945880945346,0,0,0,0,0,0,0,0,67.9256830601093,0.575464480874317,0,0
3,17,4,top8_C_D_remaining_gap,saa,61,31,30,8,4,0,0,0,0,113.831232137451,113.831232137451,0,0,0,0,0,0,0,0,67.9256830601093,0.575464480874317,0,0
4,16,4,top8_C_D_remaining_gap,saa,57,18,39,1,1,57,1,0,0,58.0445570448695,88.0243810123712,35.1,300,5.12017603249831,0,0,0,0,0,160,0,0,0
4,16,4,top8_C_D_remaining_gap,saa,57,18,39,1,2,57,1,0,0,50.3081379386248,67.882050982103,23.4,200,5.82608695652174,0,0,0,0,0,160,0,0,0
4,16,4,top8_C_D_remaining_gap,saa,57,18,39,1,3,57,1,0,0,25.2621334423093,37.7163366656137,14.04,120,1.58579677669568,0,0,0,0,0,160,0,0,0
4,16,4,top8_C_D_remaining_gap,saa,57,18,39,1,4,57,1,0,0,33.0235808462428,47.7055120125908,17.55,150,2.86806883365201,0,0,0,0,0,160,0,0,0
4,16,4,top8_C_D_remaining_gap,saa,57,18,39,2,1,57,1,0,0,88.0243810123712,128.487012843584,35.1,300,10.925982016653,9.16372685267671,16.2886138478656,0,16.2886138478656,20.5158051772821,151.564912280702,0.052719298245614,0,0
4,16,4,top8_C_D_remaining_gap,saa,57,18,39,2,2,57,1,0,0,67.882050982103,76.0819191363895,23.4,200,6.66481420943663,5.58984417565653,0,8.53531763627689,-8.53531763627689,20.5158051772821,151.564912280702,0.052719298245614,0,0
4,16,4,top8_C_D_remaining_gap,saa,57,18,39,2,3,57,1,0,0,37.7163366656137,35.9185375702766,14.04,120,3.85731155433184,3.2351645294396,0,11.9804875410052,-11.9804875410052,20.5158051772821,151.564912280702,0.052719298245614,0,0
4,16,4,top8_C_D_remaining_gap,saa,57,18,39,2,4,57,1,0,0,47.7055120125908,63.8503101741406,17.55,150,5.63239316786665,4.72394265692042,4.22719132941649,0,4.22719132941649,20.5158051772821,151.564912280702,0.052719298245614,0,0
4,16,4,top8_C_D_remaining_gap,saa,57,18,39,3,1,57,1,0,0,128.487012843584,179.496743824716,35.1,300,6.07822874722351,15.5754611647602,22.8661541682637,0.878194439907715,21.987959728356,31.5615966430718,137.982289055973,0.137610693400167,0,0
4,16,4,top8_C_D_remaining_gap,saa,57,18,39,3,2,57,1,0,0,76.0819191363895,85.2082073732324,23.1253390294828,197.65247033746,3.89669826740765,9.9852893102321,0.0167859485537365,10.119138473786,-10.1023525252322,31.5615966430718,137.982289055973,0.137610693400167,0,0
4,16,4,top8_C_D_remaining_gap,saa,57,18,39,3,3,57,1,0,0,35.9185375702766,26.7435979214353,13.713304554308,117.207731233402,2.36478466700233,6.05976070919348,0.0408041932311686,20.5642637293781,-20.5234595361469,31.5615966430718,137.982289055973,0.137610693400167,0,0
4,16,4,top8_C_D_remaining_gap,saa,57,18,39,3,4,57,1,0,0,63.8503101741406,86.5075560501208,17.55,150,3.53060645704301,9.04717904617271,8.63785233302318,0,8.63785233302318,31.5615966430718,137.982289055973,0.137610693400167,0,0
4,16,4,top8_C_D_remaining_gap,saa,57,18,39,4,1,49,0.859649122807018,8,0.140350877192982,179.496743824716,212.821646389179,30.1736842105263,257.894736842105,0.71372150756037,6.28074926653126,6.42063122954047,2.55569136804337,3.8649398614971,17.8274303634343,120.016708437761,0.249895572263993,34.0342168188111,4.85564080635019
4,16,4,top8_C_D_remaining_gap,saa,57,18,39,4,2,49,0.859649122807018,8,0.140350877192982,85.2082073732324,100.674690308863,18.8842105263158,161.40350877193,0.21248774109186,3.25814536340852,2.57101400251419,5.77625385210774,-3.20523984959355,17.8274303634343,120.016708437761,0.249895572263993,19.181056861667,7.62146246437855
4,16,4,top8_C_D_remaining_gap,saa,57,18,39,4,3,49,0.859649122807018,8,0.140350877192982,26.7435979214353,28.1476006372685,11.3305263157895,96.8421052631579,0.560662437470146,4.5088446924161,0.129623980797047,9.49548514328319,-9.36586116248615,17.8274303634343,120.016708437761,0.249895572263993,6.00806492132465,2.098245990917
4,16,4,top8_C_D_remaining_gap,saa,57,18,39,4,4,49,0.859649122807018,8,0.140350877192982,86.5075560501208,109.83295800568,14.8401781648898,126.839129614442,0.220937359912906,3.38770618533122,8.70616115058259,0,8.70616115058259,17.8274303634343,120.016708437761,0.249895572263993,21.0526315789474,7.41512852930704
4,16,4,top8_C_D_remaining_gap,saa,57,18,39,5,1,11,0.192982456140351,38,0.666666666666667,212.821646389179,219.120336466074,6.77368421052631,57.8947368421053,0.0898276496929528,0.898276496929528,0.639205553527215,1.02437203746555,-0.385166483938334,3.86360548340146,102.95873015873,0.356507936507936,161.662529889353,16.7452589482364
4,16,4,top8_C_D_remaining_gap,saa,57,18,39,5,2,11,0.192982456140351,38,0.666666666666667,100.674690308863,104.740615941909,4.51578947368421,38.5964912280702,0.102212051868802,1.02212051868802,0.699455757079481,1.0471075458485,-0.347651788769023,3.86360548340146,102.95873015873,0.356507936507936,91.1100200929184,21.3439131714391
4,16,4,top8_C_D_remaining_gap,saa,57,18,39,5,3,11,0.192982456140351,38,0.666666666666667,28.1476006372685,29.1390734090295,2.66078024533172,22.7417114985618,0.0278209960823804,0.278209960823804,0,1.64148647748841,-1.64148647748841,3.86360548340146,102.95873015873,0.356507936507936,28.5383083762921,9.7117374444003
4,16,4,top8_C_D_remaining_gap,saa,57,18,39,5,4,11,0.192982456140351,38,0.666666666666667,109.83295800568,115.543787864058,3.38684210526316,28.9473684210526,0.0503169970816142,0.503169970816142,2.52494417279477,0.150639422598996,2.37430475019577,3.86360548340146,102.95873015873,0.356507936507936,100,23.3131190023271
4,16,4,top8_C_D_remaining_gap,saa,57,18,39,6,1,2,0.0350877192982456,9,0.157894736842105,219.120336466074,220.05645638066,1.23157894736842,10.5263157894737,0,0.704902065590516,0,0.295459032783083,-0.295459032783083,0.794132205613645,84.9964912280702,0.468771929824561,38.2884939211624,1.43140241185506
4,16,4,top8_C_D_remaining_gap,saa,57,18,39,6,2,2,0.0350877192982456,9,0.157894736842105,104.740615941909,105.599157194205,0.821052631578947,7.01754385964912,0,0.429988013512041,0.0374886207167984,0,0.0374886207167984,0.794132205613645,84.9964912280702,0.468771929824561,21.5786889693754,2.2957733137063
4,16,4,top8_C_D_remaining_gap,saa,57,18,39,6,3,2,0.0350877192982456,9,0.157894736842105,29.1390734090295,29.1330318151463,0.492631578947368,4.21052631578947,0,0.248858809956893,0,0.498673172830562,-0.498673172830562,0.794132205613645,84.9964912280702,0.468771929824561,6.75907303649024,1.39638086365759
4,16,4,top8_C_D_remaining_gap,saa,57,18,39,6,4,2,0.0350877192982456,9,0.157894736842105,115.543787864058,116.916220922639,0.61578947368421,5.26315789473684,0,0.363380204378494,0.756643584896847,0,0.756643584896847,0.794132205613645,84.9964912280702,0.468771929824561,23.6842105263158,1.74061759232971
4,16,4,top8_C_D_remaining_gap,saa,57,18,39,7,1,0,0,2,0.0350877192982456,220.05645638066,220.05645638066,0,0,0,0,0,0,0,0,72.9864661654135,0.543834586466165,8.50855420470277,0.316934433168465
4,16,4,top8_C_D_remaining_gap,saa,57,18,39,7,2,0,0,2,0.0350877192982456,105.599157194205,105.599157194205,0,0,0,0,0,0,0,0,72.9864661654135,0.543834586466165,4.79526421541676,0.540987113065369
4,16,4,top8_C_D_remaining_gap,saa,57,18,39,7,3,0,0,2,0.0350877192982456,29.1330318151463,29.1330318151463,0,0,0,0,0,0,0,0,72.9864661654135,0.543834586466165,1.50201623033116,0.468066450317021
4,16,4,top8_C_D_remaining_gap,saa,57,18,39,7,4,0,0,2,0.0350877192982456,116.916220922639,116.916220922639,0,0,0,0,0,0,0,0,72.9864661654135,0.543834586466165,5.26315789473684,0.614913953397496
4,16,4,top8_C_D_remaining_gap,saa,57,18,39,8,1,0,0,0,0,220.05645638066,220.05645638066,0,0,0,0,0,0,0,0,70.2783625730994,0.560760233918129,0,0
4,16,4,top8_C_D_remaining_gap,saa,57,18,39,8,2,0,0,0,0,105.599157194205,105.599157194205,0,0,0,0,0,0,0,0,70.2783625730994,0.560760233918129,0,0
4,16,4,top8_C_D_remaining_gap,saa,57,18,39,8,3,0,0,0,0,29.1330318151463,29.1330318151463,0,0,0,0,0,0,0,0,70.2783625730994,0.560760233918129,0,0
4,16,4,top8_C_D_remaining_gap,saa,57,18,39,8,4,0,0,0,0,116.916220922639,116.916220922639,0,0,0,0,0,0,0,0,70.2783625730994,0.560760233918129,0,0
5,16,2,top8_C_D_remaining_gap,saa,61,21,40,1,1,61,1,0,0,58.0445570448695,88.0243810123712,35.1,300,5.12017603249831,0,0,0,0,0,160,0,0,0
5,16,2,top8_C_D_remaining_gap,saa,61,21,40,1,2,61,1,0,0,50.3081379386248,67.882050982103,23.4,200,5.82608695652174,0,0,0,0,0,160,0,0,0
5,16,2,top8_C_D_remaining_gap,saa,61,21,40,1,3,61,1,0,0,25.2621334423093,37.7163366656137,14.04,120,1.58579677669568,0,0,0,0,0,160,0,0,0
5,16,2,top8_C_D_remaining_gap,saa,61,21,40,1,4,61,1,0,0,33.0235808462428,47.7055120125908,17.55,150,2.86806883365201,0,0,0,0,0,160,0,0,0
5,16,2,top8_C_D_remaining_gap,saa,61,21,40,2,1,61,1,0,0,88.0243810123712,124.716250354299,35.1,300,12.5149006071234,7.57480826220629,14.1067699490514,0,14.1067699490514,17.5214412284161,152.047462919594,0.0497033567525371,0,0
5,16,2,top8_C_D_remaining_gap,saa,61,21,40,2,2,61,1,0,0,67.882050982103,76.3901265381407,23.4,200,7.63404948579574,4.62060889929742,0,7.25787495816656,-7.25787495816656,17.5214412284161,152.047462919594,0.0497033567525371,0,0
5,16,2,top8_C_D_remaining_gap,saa,61,21,40,2,3,61,1,0,0,37.7163366656137,37.0745066054737,14.04,120,4.41826378989041,2.67421229388103,0,10.2635662702495,-10.2635662702495,17.5214412284161,152.047462919594,0.0497033567525371,0,0
5,16,2,top8_C_D_remaining_gap,saa,61,21,40,2,4,61,1,0,0,47.7055120125908,62.2186954011045,17.55,150,6.45148789085096,3.90484793393611,3.41467127936468,0,3.41467127936468,17.5214412284161,152.047462919594,0.0497033567525371,0,0
5,16,2,top8_C_D_remaining_gap,saa,61,21,40,3,1,61,1,0,0,124.716250354299,179.646436914954,35.1,300,5.67965637035639,15.9740335416274,26.3304508502694,0.820607919258029,25.5098429310114,34.749770604969,138.338173302108,0.135386416861827,0,0
5,16,2,top8_C_D_remaining_gap,saa,61,21,40,3,2,61,1,0,0,76.3901265381407,84.6208341116319,23.1433495849266,197.806406708774,3.64117706954485,10.2408105080949,0.0156852306157866,11.2871501725063,-11.2714649418905,34.749770604969,138.338173302108,0.135386416861827,0,0
5,16,2,top8_C_D_remaining_gap,saa,61,21,40,3,3,61,1,0,0,37.0745066054737,25.9956329871969,13.7347272064846,117.390830824654,2.20971681998579,6.21482855621002,0.0381285084291247,22.6420125132047,-22.6038840047755,34.749770604969,138.338173302108,0.135386416861827,0,0
5,16,2,top8_C_D_remaining_gap,saa,61,21,40,3,4,61,1,0,0,62.2186954011045,84.8351101372272,17.55,150,3.29909127953199,9.27869422368373,8.36550601565466,0,8.36550601565466,34.749770604969,138.338173302108,0.135386416861827,0,0
5,16,2,top8_C_D_remaining_gap,saa,61,21,40,4,1,53,0.868852459016393,8,0.131147540983607,179.646436914954,212.674243724923,30.4967213114754,260.655737704918,0.533536077782834,6.53581695283972,5.68471584029206,2.6200942640156,3.06462157627646,18.2466150629882,120.71818891491,0.245511319281811,31.8024648962661,4.53723813052395
5,16,2,top8_C_D_remaining_gap,saa,61,21,40,4,2,53,0.868852459016393,8,0.131147540983607,84.6208341116319,99.8741545469867,19.1803278688525,163.934426229508,0.198554118725181,3.30923531208634,2.67608160707709,6.40453492184964,-3.72845331477255,18.2466150629882,120.71818891491,0.245511319281811,17.9232826412299,7.1216944339275
5,16,2,top8_C_D_remaining_gap,saa,61,21,40,4,3,53,0.868852459016393,8,0.131147540983607,25.9956329871969,27.8782297838186,11.5081967213115,98.3606557377049,0.434865649765295,4.68891522657675,0.0312516021984391,9.22198587712296,-9.19073427492452,18.2466150629882,120.71818891491,0.245511319281811,5.61409345107386,1.96065608987326
5,16,2,top8_C_D_remaining_gap,saa,61,21,40,4,4,53,0.868852459016393,8,0.131147540983607,84.8351101372272,109.501097886446,15.017871399979,128.357875213495,0.206449664180912,3.44082773634854,9.8545660134206,0,9.8545660134206,18.2466150629882,120.71818891491,0.245511319281811,19.672131147541,6.92889059295904
5,16,2,top8_C_D_remaining_gap,saa,61,21,40,5,1,15,0.245901639344262,38,0.622950819672131,212.674243724923,219.666814203898,8.63114754098361,73.7704918032787,0.083937312008169,1.17512236811437,0.46298220785222,2.01762195785272,-1.5546397500005,6.14921810508285,103.514129586261,0.35303669008587,151.061708257264,15.6472091811389
5,16,2,top8_C_D_remaining_gap,saa,61,21,40,5,2,15,0.245901639344262,38,0.622950819672131,99.8741545469867,105.120819672379,5.75409836065574,49.1803278688525,0.0955096222380613,1.33713471133286,1.00356957789987,1.41549319092499,-0.411923613025124,6.14921810508285,103.514129586261,0.35303669008587,85.1355925458418,19.9443123077382
5,16,2,top8_C_D_remaining_gap,saa,61,21,40,5,3,15,0.245901639344262,38,0.622950819672131,27.8782297838186,29.0213783956346,3.40695858990014,29.1193041871807,0.025996668470421,0.363953358585894,0,2.23781330961371,-2.23781330961371,6.14921810508285,103.514129586261,0.35303669008587,26.6669438926008,9.07490220214454
5,16,2,top8_C_D_remaining_gap,saa,61,21,40,5,4,15,0.245901639344262,38,0.622950819672131,109.501097886446,117.974030807714,4.3155737704918,36.8852459016393,0.0470175218631477,0.658245306084067,4.68266631933076,0.478289646691432,4.20437667263933,6.14921810508285,103.514129586261,0.35303669008587,93.4426229508197,21.7843898874204
5,16,2,top8_C_D_remaining_gap,saa,61,21,40,6,1,2,0.0327868852459016,13,0.213114754098361,219.666814203898,220.541549206052,1.15081967213115,9.83606557377049,0,0.658678979322286,0,0.276084669977635,-0.276084669977635,0.742057962622586,86.0927400468384,0.46192037470726,51.6790054564324,1.47486597551178
5,16,2,top8_C_D_remaining_gap,saa,61,21,40,6,2,2,0.0327868852459016,13,0.213114754098361,105.120819672379,105.923063137639,0.767213114754098,6.55737704918033,0,0.401792078199776,0.0350303505058608,0,0.0350303505058608,0.742057962622586,86.0927400468384,0.46192037470726,29.1253342919985,3.17044771179854
5,16,2,top8_C_D_remaining_gap,saa,61,21,40,6,3,2,0.0327868852459016,13,0.213114754098361,29.0213783956346,29.0157329718421,0.460327868852459,3.9344262295082,0,0.232540199467916,0,0.465973292644952,-0.465973292644952,0.742057962622586,86.0927400468384,0.46192037470726,9.12290185799502,2.31879773224922
5,16,2,top8_C_D_remaining_gap,saa,61,21,40,6,4,2,0.0327868852459016,13,0.213114754098361,117.974030807714,119.256468255896,0.575409836065574,4.91803278688525,0,0.339551994255314,0.707027612116726,0,0.707027612116726,0.742057962622586,86.0927400468384,0.46192037470726,31.9672131147541,1.45565953677921
5,16,2,top8_C_D_remaining_gap,saa,61,21,40,7,1,0,0,2,0.0327868852459016,220.541549206052,220.541549206052,0,0,0,0,0,0,0,0,73.6124902419984,0.53992193598751,7.95061622406652,0.296151847386926
5,16,2,top8_C_D_remaining_gap,saa,61,21,40,7,2,0,0,2,0.0327868852459016,105.923063137639,105.923063137639,0,0,0,0,0,0,0,0,73.6124902419984,0.53992193598751,4.48082066030746,0.505512548274198
5,16,2,top8_C_D_remaining_gap,saa,61,21,40,7,3,0,0,2,0.0327868852459016,29.0157329718421,29.0157329718421,0,0,0,0,0,0,0,0,73.6124902419984,0.53992193598751,1.40352336276846,0.43737356832902
5,16,2,top8_C_D_remaining_gap,saa,61,21,40,7,4,0,0,2,0.0327868852459016,119.256468255896,119.256468255896,0,0,0,0,0,0,0,0,73.6124902419984,0.53992193598751,4.91803278688525,0.574591726945201
5,16,2,top8_C_D_remaining_gap,saa,61,21,40,8,1,0,0,0,0,220.541549206052,220.541549206052,0,0,0,0,0,0,0,0,70.9333333333333,0.556666666666667,0,0
5,16,2,top8_C_D_remaining_gap,saa,61,21,40,8,2,0,0,0,0,105.923063137639,105.923063137639,0,0,0,0,0,0,0,0,70.9333333333333,0.556666666666667,0,0
5,16,2,top8_C_D_remaining_gap,saa,61,21,40,8,3,0,0,0,0,29.0157329718421,29.0157329718421,0,0,0,0,0,0,0,0,70.9333333333333,0.556666666666667,0,0
5,16,2,top8_C_D_remaining_gap,saa,61,21,40,8,4,0,0,0,0,119.256468255896,119.256468255896,0,0,0,0,0,0,0,0,70.9333333333333,0.556666666666667,0,0
6,18,4,top8_C_D_remaining_gap,saa,47,19,28,1,1,47,1,0,0,58.0445570448695,88.0243810123712,35.1,300,5.12017603249831,0,0,0,0,0,160,0,0,0
6,18,4,top8_C_D_remaining_gap,saa,47,19,28,1,2,47,1,0,0,50.3081379386248,67.882050982103,23.4,200,5.82608695652174,0,0,0,0,0,160,0,0,0
6,18,4,top8_C_D_remaining_gap,saa,47,19,28,1,3,47,1,0,0,25.2621334423093,37.7163366656137,14.04,120,1.58579677669568,0,0,0,0,0,160,0,0,0
6,18,4,top8_C_D_remaining_gap,saa,47,19,28,1,4,47,1,0,0,33.0235808462428,47.7055120125908,17.55,150,2.86806883365201,0,0,0,0,0,160,0,0,0
6,18,4,top8_C_D_remaining_gap,saa,47,19,28,2,1,47,1,0,0,88.0243810123712,124.573832703421,35.1,300,12.8232184272317,7.26649044209798,14.2726701182811,0,14.2726701182811,17.3504467984824,152.569807497467,0.0464387031408308,0,0
6,18,4,top8_C_D_remaining_gap,saa,47,19,28,2,2,47,1,0,0,67.882050982103,77.4130180177437,23.4,200,7.82212237346372,4.43253601162944,0,6.04691059089556,-6.04691059089556,17.3504467984824,152.569807497467,0.0464387031408308,0,0
6,18,4,top8_C_D_remaining_gap,saa,47,19,28,2,3,47,1,0,0,37.7163366656137,35.9256880641302,14.04,120,4.52711239389666,2.56536368987478,0,11.3035362075868,-11.3035362075868,17.3504467984824,152.569807497467,0.0464387031408308,0,0
6,18,4,top8_C_D_remaining_gap,saa,47,19,28,2,4,47,1,0,0,47.7055120125908,61.7228615705875,17.55,150,6.61042712220451,3.74590870258256,3.07777668020124,0,3.07777668020124,17.3504467984824,152.569807497467,0.0464387031408308,0,0
6,18,4,top8_C_D_remaining_gap,saa,47,19,28,3,1,47,1,0,0,124.573832703421,168.424707158355,35.1,300,8.75361932612109,12.9000705858627,17.7991590001684,0.294665219113218,17.5044937810552,24.3131318931113,139.765754812563,0.126464032421479,0,0
6,18,4,top8_C_D_remaining_gap,saa,47,19,28,3,2,47,1,0,0,77.4130180177437,86.1204454751136,23.3038292321776,199.178027625449,5.61186731862032,8.27012025901942,0,8.98453445618733,-8.98453445618733,24.3131318931113,139.765754812563,0.126464032421479,0,0
6,18,4,top8_C_D_remaining_gap,saa,47,19,28,3,3,47,1,0,0,35.9256880641302,31.581540901801,13.9425182892672,119.16682298519,3.40566727973873,5.01887809645708,0.0262436011081332,14.9072417729658,-14.8809981718577,24.3131318931113,139.765754812563,0.126464032421479,0,0
6,18,4,top8_C_D_remaining_gap,saa,47,19,28,3,4,47,1,0,0,61.7228615705875,80.549263724788,17.55,150,5.08463669278933,7.49314881042638,6.48772929183478,0.126690444844966,6.36103884698982,24.3131318931113,139.765754812563,0.126464032421479,0,0
6,18,4,top8_C_D_remaining_gap,saa,47,19,28,4,1,39,0.829787234042553,8,0.170212765957447,168.424707158355,205.929096932437,29.0473530750451,248.267975000385,1.21180800645356,5.53969374378772,11.0619751462646,1.39313044077385,9.66884470549072,24.131297748073,122.260587639311,0.235871327254306,41.4586913236778,6.78110201725218
6,18,4,top8_C_D_remaining_gap,saa,47,19,28,4,2,39,0.829787234042553,8,0.170212765957447,86.1204454751136,95.5240625438764,16.4297872340426,140.425531914894,0.601295097132285,2.74877758689045,2.23046218122967,8.65533724937725,-6.42487506814758,24.131297748073,122.260587639311,0.235871327254306,20.9872437920775,6.61234876979517
6,18,4,top8_C_D_remaining_gap,saa,47,19,28,4,3,39,0.829787234042553,8,0.170212765957447,31.581540901801,26.4374864742975,9.85787234042553,84.2553191489362,1.00603155475822,3.88737458928743,0.000925232721410727,13.9968204458923,-13.9958952131709,24.131297748073,122.260587639311,0.235871327254306,5.01404105594312,0.612082539257705
6,18,4,top8_C_D_remaining_gap,saa,47,19,28,4,4,39,0.829787234042553,8,0.170212765957447,80.549263724788,105.008939476045,14.3329558960337,122.503896547296,0.625205720604606,2.85808329419248,10.8379351878574,0.0860096120296769,10.7519255758277,24.131297748073,122.260587639311,0.235871327254306,25.531914893617,9.4724981072155
6,18,4,top8_C_D_remaining_gap,saa,47,19,28,5,1,16,0.340425531914894,23,0.48936170212766,205.929096932437,216.775126530456,11.9489361702128,102.127659574468,0.10893991558507,1.63409873377606,1.11963105575575,2.1135977123647,-0.993966656608951,6.24505870478948,98.8133738601824,0.38241641337386,119.193737555574,12.5403796496417
6,18,4,top8_C_D_remaining_gap,saa,47,19,28,5,2,16,0.340425531914894,23,0.48936170212766,95.5240625438764,102.805031673399,7.72337780436732,66.0117761057036,0.123959296947271,1.85938945420907,1.16711334095363,1.48556271885149,-0.318449377897858,6.24505870478948,98.8133738601824,0.38241641337386,60.3383259022227,8.43936174470146
6,18,4,top8_C_D_remaining_gap,saa,47,19,28,5,3,16,0.340425531914894,23,0.48936170212766,26.4374864742975,28.3608673060956,4.60301946232235,39.3420466865158,0.033740356950972,0.50610535426458,0,2.64589827357329,-2.64589827357329,6.24505870478948,98.8133738601824,0.38241641337386,14.4153680358365,1.15356708240935
6,18,4,top8_C_D_remaining_gap,saa,47,19,28,5,4,16,0.340425531914894,23,0.48936170212766,105.008939476045,114.88069912809,5.97446808510638,51.063829787234,0.0610227411415321,0.915341117122981,3.9583143080801,0,3.9583143080801,6.24505870478948,98.8133738601824,0.38241641337386,73.4042553191489,14.9356979535569
6,18,4,top8_C_D_remaining_gap,saa,47,19,28,6,1,2,0.0425531914893617,14,0.297872340425532,216.775126530456,217.996535125386,1.4936170212766,12.7659574468085,0.293827367180982,0.561053861301133,0.0216189408350451,0,0.0216189408350451,0.438052570665448,77.2222897669706,0.517360688956434,72.5527098164362,5.51581396113439
6,18,4,top8_C_D_remaining_gap,saa,47,19,28,6,2,2,0.0425531914893617,14,0.297872340425532,102.805031673399,103.35388936458,0.995744680851064,8.51063829787234,0.260737412448791,0.260737412448791,0,0.186149577221235,-0.186149577221235,0.438052570665448,77.2222897669706,0.517360688956434,36.7276766361356,4.83187736196039
6,18,4,top8_C_D_remaining_gap,saa,47,19,28,6,3,2,0.0425531914893617,14,0.297872340425532,28.3608673060956,28.5555073746988,0.597446808510638,5.1063829787234,0.150903746463222,0.150903746463222,0,0.251902993444213,-0.251902993444213,0.438052570665448,77.2222897669706,0.517360688956434,8.77457184790046,0.0362124941125805
6,18,4,top8_C_D_remaining_gap,saa,47,19,28,6,4,2,0.0425531914893617,14,0.297872340425532,114.88069912809,115.823593697818,0.746808510638298,6.38297872340426,0.22034757074015,0.22034757074015,0.416433629830403,0,0.416433629830403,0.438052570665448,77.2222897669706,0.517360688956434,44.6808510638298,8.34704297961538
6,18,4,top8_C_D_remaining_gap,saa,47,19,28,7,1,0,0,2,0.0425531914893617,217.996535125386,217.996535125386,0,0,0,0,0,0,0,0,66.1438703140831,0.586600810536981,10.3646728309195,0.737659327360338
6,18,4,top8_C_D_remaining_gap,saa,47,19,28,7,2,0,0,2,0.0425531914893617,103.35388936458,103.35388936458,0,0,0,0,0,0,0,0,66.1438703140831,0.586600810536981,5.24681094801937,0.529190947991372
6,18,4,top8_C_D_remaining_gap,saa,47,19,28,7,3,0,0,2,0.0425531914893617,28.5555073746988,28.5555073746988,0,0,0,0,0,0,0,0,66.1438703140831,0.586600810536981,1.25351026398578,1.05825513836611e-15
6,18,4,top8_C_D_remaining_gap,saa,47,19,28,7,4,0,0,2,0.0425531914893617,115.823593697818,115.823593697818,0,0,0,0,0,0,0,0,66.1438703140831,0.586600810536981,6.38297872340426,1.42116726179392
6,18,4,top8_C_D_remaining_gap,saa,47,19,28,8,1,0,0,0,0,217.996535125386,217.996535125386,0,0,0,0,0,0,0,0,65.7758865248227,0.588900709219858,0,0
6,18,4,top8_C_D_remaining_gap,saa,47,19,28,8,2,0,0,0,0,103.35388936458,103.35388936458,0,0,0,0,0,0,0,0,65.7758865248227,0.588900709219858,0,0
6,18,4,top8_C_D_remaining_gap,saa,47,19,28,8,3,0,0,0,0,28.5555073746988,28.5555073746988,0,0,0,0,0,0,0,0,65.7758865248227,0.588900709219858,0,0
6,18,4,top8_C_D_remaining_gap,saa,47,19,28,8,4,0,0,0,0,115.823593697818,115.823593697818,0,0,0,0,0,0,0,0,65.7758865248227,0.588900709219858,0,0
7,9,4,top8_C_D_remaining_gap,saa,74,48,26,1,1,74,1,0,0,58.0445570448695,88.0243810123712,35.1,300,5.12017603249831,0,0,0,0,0,160,0,0,0
7,9,4,top8_C_D_remaining_gap,saa,74,48,26,1,2,74,1,0,0,50.3081379386248,67.882050982103,23.4,200,5.82608695652174,0,0,0,0,0,160,0,0,0
7,9,4,top8_C_D_remaining_gap,saa,74,48,26,1,3,74,1,0,0,25.2621334423093,37.7163366656137,14.04,120,1.58579677669568,0,0,0,0,0,160,0,0,0
7,9,4,top8_C_D_remaining_gap,saa,74,48,26,1,4,74,1,0,0,33.0235808462428,47.7055120125908,17.55,150,2.86806883365201,0,0,0,0,0,160,0,0,0
7,9,4,top8_C_D_remaining_gap,saa,74,48,26,2,1,74,1,0,0,88.0243810123712,112.300186780676,35.1,300,17.9178484510238,2.17186041830592,7.09365421932866,0,7.09365421932866,8.10775409233391,153.57425997426,0.0401608751608752,0,0
7,9,4,top8_C_D_remaining_gap,saa,74,48,26,2,2,74,1,0,0,67.882050982103,78.2216036006243,23.4,200,10.9298304515696,1.32482793352359,0,2.13061692990908,-2.13061692990908,8.10775409233391,153.57425997426,0.0401608751608752,0,0
7,9,4,top8_C_D_remaining_gap,saa,74,48,26,2,3,74,1,0,0,37.7163366656137,39.4534775906359,14.04,120,6.32572191255291,0.766754171218534,0,5.97713716242483,-5.97713716242483,8.10775409233391,153.57425997426,0.0401608751608752,0,0
7,9,4,top8_C_D_remaining_gap,saa,74,48,26,2,4,74,1,0,0,47.7055120125908,57.0328799337589,17.55,150,9.23673195183711,1.11960387294995,1.01409987300525,0,1.01409987300525,8.10775409233391,153.57425997426,0.0401608751608752,0,0
7,9,4,top8_C_D_remaining_gap,saa,74,48,26,3,1,74,1,0,0,112.300186780676,154.600656209987,35.1,300,16.3865761496093,5.26711376237443,23.8740580952928,0.287012516372191,23.5870455789206,26.9414029618055,144.746975546976,0.0953314028314028,0,0
7,9,4,top8_C_D_remaining_gap,saa,74,48,26,3,2,74,1,0,0,78.2216036006243,81.6799546500343,22.5313076362024,192.575278941901,10.5052878965922,3.37669968104751,0,8.56766869020021,-8.56766869020021,26.9414029618055,144.746975546976,0.0953314028314028,0,0
7,9,4,top8_C_D_remaining_gap,saa,74,48,26,3,3,74,1,0,0,39.4534775906359,28.3833888384853,13.3919646391225,114.461236231817,6.37533163604007,2.04921374015574,0,18.0867217552331,-18.0867217552331,26.9414029618055,144.746975546976,0.0953314028314028,0,0
7,9,4,top8_C_D_remaining_gap,saa,74,48,26,3,4,74,1,0,0,57.0328799337589,68.1319006356759,17.55,150,9.51832416459568,3.05946133862004,3.06734486651263,0,3.06734486651263,26.9414029618055,144.746975546976,0.0953314028314028,0,0
7,9,4,top8_C_D_remaining_gap,saa,74,48,26,4,1,48,0.648648648648649,26,0.351351351351351,154.600656209987,182.905590261549,22.5397506917313,192.647441809669,3.95826090138886,1.31942030046295,9.85168745568522,0.12824319446642,9.72344426121879,12.8606599779797,133.452767052767,0.165920205920206,63.7287315955183,3.79056300540307
7,9,4,top8_C_D_remaining_gap,saa,74,48,26,4,2,48,0.648648648648649,26,0.351351351351351,81.6799546500343,80.3914426044107,5.35281478408018,45.750553710087,1.96407587711935,0.654691959039785,0.164076657199831,4.84132760978422,-4.67725095258439,12.8606599779797,133.452767052767,0.165920205920206,27.5039788991184,0.194819281048732
7,9,4,top8_C_D_remaining_gap,saa,74,48,26,4,3,48,0.648648648648649,26,0.351351351351351,28.3833888384853,21.887234643536,4.25168188118778,36.3391613776733,2.86889923621803,0.956299745406011,0,7.8789368399191,-7.8789368399191,12.8606599779797,133.452767052767,0.165920205920206,7.47494896909838,0.36073231948014
7,9,4,top8_C_D_remaining_gap,saa,74,48,26,4,4,48,0.648648648648649,26,0.351351351351351,68.1319006356759,79.6934976084527,10.7710312006871,92.0600957323686,2.04217775919497,0.680725919731656,2.84489586509468,0.0121523338099888,2.83274353128469,12.8606599779797,133.452767052767,0.165920205920206,35.5539239427628,7.29310588327614
7,9,4,top8_C_D_remaining_gap,saa,74,48,26,5,1,18,0.243243243243243,30,0.405405405405405,182.905590261549,190.157782902898,8.10686175999106,69.2894167520604,1.17625665611448,0.0691915680067339,0.321587537472966,0,0.321587537472966,0.679542698174083,121.876962676963,0.238268983268983,73.5331518409826,0.725825193180485
7,9,4,top8_C_D_remaining_gap,saa,74,48,26,5,2,18,0.243243243243243,30,0.405405405405405,80.3914426044107,81.302659406573,2.63680474142625,22.5367926617629,1.33842538190364,0.0787309048178613,0,0.38716255736033,-0.38716255736033,0.679542698174083,121.876962676963,0.238268983268983,31.7353602682136,0.115017292942377
7,9,4,top8_C_D_remaining_gap,saa,74,48,26,5,3,18,0.243243243243243,30,0.405405405405405,21.887234643536,22.3527613599204,1.10705886817742,9.462041608354,0.364304664916576,0.0214296861715633,0,0.277227486876461,-0.277227486876461,0.679542698174083,121.876962676963,0.238268983268983,8.62494111819044,0.553048411650354
7,9,4,top8_C_D_remaining_gap,saa,74,48,26,5,4,18,0.243243243243243,30,0.405405405405405,79.6934976084527,83.3492910209311,3.97187158371576,33.947620373639,0.658880678001137,0.0387576869412434,0.357955160701116,0.015152653937292,0.342802506763824,0.679542698174083,121.876962676963,0.238268983268983,41.0237583954955,7.19977778216303
7,9,4,top8_C_D_remaining_gap,saa,74,48,26,6,1,3,0.0405405405405405,15,0.202702702702703,190.157782902898,190.393472563363,0.862188163428181,7.36912960195027,0.814447656864718,0,0.18794915390106,0,0.18794915390106,0.200187825712698,111.827541827542,0.301077863577864,36.7665759204913,0
7,9,4,top8_C_D_remaining_gap,saa,74,48,26,6,2,3,0.0405405405405405,15,0.202702702702703,81.302659406573,80.79287066524,0,0,0.496810475071345,0,0.0103767484447532,0.0233550147063787,-0.0129782662616255,0.200187825712698,111.827541827542,0.301077863577864,15.8676801341068,0.00737174454814781
7,9,4,top8_C_D_remaining_gap,saa,74,48,26,6,3,3,0.0405405405405405,15,0.202702702702703,22.3527613599204,21.8900166320287,0,0,0.28753281420695,0,0.00151736335741988,0.176729277042134,-0.175211913684714,0.200187825712698,111.827541827542,0.301077863577864,4.31247055909522,0.0665137236441616
7,9,4,top8_C_D_remaining_gap,saa,74,48,26,6,4,3,0.0405405405405405,15,0.202702702702703,83.3492910209311,82.9871358760543,0.0574552814341094,0.491070781488114,0.419851452356232,0,0.000344560009464701,0.000103533964185174,0.000241026045279526,0.200187825712698,111.827541827542,0.301077863577864,20.5118791977478,2.91892462104289
7,9,4,top8_C_D_remaining_gap,saa,74,48,26,7,1,0,0,3,0.0405405405405405,190.393472563363,190.393472563363,0,0,0,0,0,0,0,0,105.440926640927,0.340994208494209,7.35331518409826,0
7,9,4,top8_C_D_remaining_gap,saa,74,48,26,7,2,0,0,3,0.0405405405405405,80.79287066524,80.79287066524,0,0,0,0,0,0,0,0,105.440926640927,0.340994208494209,3.17353602682135,0.0847750622728206
7,9,4,top8_C_D_remaining_gap,saa,74,48,26,7,3,0,0,3,0.0405405405405405,21.8900166320287,21.8900166320287,0,0,0,0,0,0,0,0,105.440926640927,0.340994208494209,0.862494111819044,0.0663457009091593
7,9,4,top8_C_D_remaining_gap,saa,74,48,26,7,4,0,0,3,0.0405405405405405,82.9871358760543,82.9871358760543,0,0,0,0,0,0,0,0,105.440926640927,0.340994208494209,4.10237583954955,0.837350914950728
7,9,4,top8_C_D_remaining_gap,saa,74,48,26,8,1,0,0,0,0,190.393472563363,190.393472563363,0,0,0,0,0,0,0,0,102.392792792793,0.360045045045045,0,0
7,9,4,top8_C_D_remaining_gap,saa,74,48,26,8,2,0,0,0,0,80.79287066524,80.79287066524,0,0,0,0,0,0,0,0,102.392792792793,0.360045045045045,0,0
7,9,4,top8_C_D_remaining_gap,saa,74,48,26,8,3,0,0,0,0,21.8900166320287,21.8900166320287,0,0,0,0,0,0,0,0,102.392792792793,0.360045045045045,0,0
7,9,4,top8_C_D_remaining_gap,saa,74,48,26,8,4,0,0,0,0,82.9871358760543,82.9871358760543,0,0,0,0,0,0,0,0,102.392792792793,0.360045045045045,0,0
8,18,1,top8_C_D_remaining_gap,saa,51,29,22,1,1,51,1,0,0,58.0445570448695,88.0243810123712,35.1,300,5.12017603249831,0,0,0,0,0,160,0,0,0
8,18,1,top8_C_D_remaining_gap,saa,51,29,22,1,2,51,1,0,0,50.3081379386248,67.882050982103,23.4,200,5.82608695652174,0,0,0,0,0,160,0,0,0
8,18,1,top8_C_D_remaining_gap,saa,51,29,22,1,3,51,1,0,0,25.2621334423093,37.7163366656137,14.04,120,1.58579677669568,0,0,0,0,0,160,0,0,0
8,18,1,top8_C_D_remaining_gap,saa,51,29,22,1,4,51,1,0,0,33.0235808462428,47.7055120125908,17.55,150,2.86806883365201,0,0,0,0,0,160,0,0,0
8,18,1,top8_C_D_remaining_gap,saa,51,29,22,2,1,51,1,0,0,88.0243810123712,125.116640665286,35.1,300,12.211391665671,7.87831720365871,14.2036513185855,0,14.2036513185855,17.403824132021,152.592343604108,0.0462978524743231,0,0
8,18,1,top8_C_D_remaining_gap,saa,51,29,22,2,2,51,1,0,0,67.882050982103,77.8967075070886,23.4,200,7.44890999878212,4.80574838631104,0,5.93643347623224,-5.93643347623224,17.403824132021,152.592343604108,0.0462978524743231,0,0
8,18,1,top8_C_D_remaining_gap,saa,51,29,22,2,3,51,1,0,0,37.7163366656137,35.9778330961599,14.04,120,4.31111291366499,2.78136317010645,0,11.4673906557888,-11.4673906557888,17.403824132021,152.592343604108,0.0462978524743231,0,0
8,18,1,top8_C_D_remaining_gap,saa,51,29,22,2,4,51,1,0,0,47.7055120125908,62.1606571678224,17.55,150,6.2950276582039,4.06130816658316,3.20017281343551,0,3.20017281343551,17.403824132021,152.592343604108,0.0462978524743231,0,0
8,18,1,top8_C_D_remaining_gap,saa,51,29,22,3,1,51,1,0,0,125.116640665286,169.446527466654,35.1,300,8.06706094760179,13.586628964382,17.5685019705061,0.271554221535711,17.2969477489704,24.8367758868862,139.894677871148,0.125658263305322,0,0
8,18,1,top8_C_D_remaining_gap,saa,51,29,22,3,2,51,1,0,0,77.8967075070886,86.9209641192984,23.311372037497,199.242496046983,5.17172086225795,8.7102667153818,0,9.11539456302931,-9.11539456302931,24.8367758868862,139.894677871148,0.125658263305322,0,0
8,18,1,top8_C_D_remaining_gap,saa,51,29,22,3,3,51,1,0,0,35.9778330961599,31.4805530057531,13.9501639136384,119.232170202038,3.13855612054354,5.28598925565227,0.0241852794525933,15.3330731629543,-15.3088878835017,24.8367758868862,139.894677871148,0.125658263305322,0,0
8,18,1,top8_C_D_remaining_gap,saa,51,29,22,3,4,51,1,0,0,62.1606571678224,82.1521502073222,17.55,150,4.68584165806076,7.89194384515496,7.24408863692754,0.116753939366929,7.12733469756061,24.8367758868862,139.894677871148,0.125658263305322,0,0
8,18,1,top8_C_D_remaining_gap,saa,51,29,22,4,1,43,0.843137254901961,8,0.156862745098039,169.446527466654,206.406225653865,29.5220704809239,252.325388725845,1.59537748748789,5.26474570871002,10.3168705019388,1.28386530816414,9.03300519377466,22.8982103842782,123.181325863679,0.230116713352007,38.2070292590756,6.24925087864417
8,18,1,top8_C_D_remaining_gap,saa,51,29,22,4,2,43,0.843137254901961,8,0.156862745098039,86.9209641192984,97.4464891180003,16.9764705882353,145.098039215686,0.791620996224577,2.6123492875411,2.38224180536432,8.04156639867315,-5.65932459330883,22.8982103842782,123.181325863679,0.230116713352007,19.3411854554439,6.09373318000731
8,18,1,top8_C_D_remaining_gap,saa,51,29,22,4,3,43,0.843137254901961,8,0.156862745098039,31.4805530057531,26.8997529428152,10.1858823529412,87.0588235294118,1.27402016399309,3.69811347960483,0.000852665449143219,13.4935149173351,-13.492662251886,22.8982103842782,123.181325863679,0.230116713352007,4.62078293390836,0.564076065590434
8,18,1,top8_C_D_remaining_gap,saa,51,29,22,4,4,43,0.843137254901961,8,0.156862745098039,82.1521502073222,106.033304971098,14.5852730806585,124.660453680842,0.823099968302983,2.71622989539984,10.1982454115259,0.0792637601057807,10.1189816514201,22.8982103842782,123.181325863679,0.230116713352007,23.5294117647059,8.7295570791986
8,18,1,top8_C_D_remaining_gap,saa,51,29,22,5,1,20,0.392156862745098,23,0.450980392156863,206.406225653865,218.87691675333,13.7647058823529,117.647058823529,0.200791216960718,1.80712095264646,1.32167835326861,2.41490191919617,-1.09322356592756,7.23340400917787,100.176283846872,0.373898225957049,109.845209119842,11.5568204614345
8,18,1,top8_C_D_remaining_gap,saa,51,29,22,5,2,20,0.392156862745098,23,0.450980392156863,97.4464891180003,105.47563715129,8.95291680010322,76.5206564111386,0.342710997442455,1.94202898550725,1.10965402208396,1.69071179145541,-0.581057769371447,7.23340400917787,100.176283846872,0.373898225957049,55.6059081844013,7.77745101962684
8,18,1,top8_C_D_remaining_gap,saa,51,29,22,5,3,20,0.392156862745098,23,0.450980392156863,26.8997529428152,29.0470206825974,5.34317479861079,45.6681606718871,0.0932821633350401,0.528598925565227,0.0251654030326818,3.12779029852629,-3.10262489549361,7.23340400917787,100.176283846872,0.373898225957049,13.2847509349865,1.06309123280861
8,18,1,top8_C_D_remaining_gap,saa,51,29,22,5,4,20,0.392156862745098,23,0.450980392156863,106.033304971098,117.574799540505,6.88235294117647,58.8235294117647,0.117764602562229,1.00696827337973,4.77690623079261,0,4.77690623079261,7.23340400917787,100.176283846872,0.373898225957049,67.6470588235294,13.7642706630819
8,18,1,top8_C_D_remaining_gap,saa,51,29,22,6,1,2,0.0392156862745098,18,0.352941176470588,218.87691675333,220.002528595717,1.37647058823529,11.7647058823529,0.270782083480513,0.517049636885358,0.0199233376322964,0,0.0199233376322964,0.403695506299531,78.390289449113,0.510060690943044,85.9658158329202,5.16865641077795
8,18,1,top8_C_D_remaining_gap,saa,51,29,22,6,2,2,0.0392156862745098,18,0.352941176470588,105.47563715129,105.981447180417,0.917647058823529,7.84313725490196,0.240287419315552,0.240287419315552,0,0.171549610380354,-0.171549610380354,0.403695506299531,78.390289449113,0.510060690943044,43.5176672747489,4.4529065884733
8,18,1,top8_C_D_remaining_gap,saa,51,29,22,6,3,2,0.0392156862745098,18,0.352941176470588,29.0470206825974,29.226394863467,0.550588235294118,4.70588235294118,0.139068158505322,0.139068158505322,0,0.232145895919177,-0.232145895919177,0.403695506299531,78.390289449113,0.510060690943044,10.3967616012938,0.0333722984959075
8,18,1,top8_C_D_remaining_gap,saa,51,29,22,6,4,2,0.0392156862745098,18,0.352941176470588,117.574799540505,118.44374159496,0.688235294117647,5.88235294117647,0.203065408329158,0.203065408329158,0.383772168667234,0,0.383772168667234,0.403695506299531,78.390289449113,0.510060690943044,52.9411764705882,7.7527274999294
8,18,1,top8_C_D_remaining_gap,saa,51,29,22,7,1,0,0,2,0.0392156862745098,220.002528595717,220.002528595717,0,0,0,0,0,0,0,0,67.4031746031746,0.578730158730159,9.55175731476891,0.679803693841881
8,18,1,top8_C_D_remaining_gap,saa,51,29,22,7,2,0,0,2,0.0392156862745098,105.981447180417,105.981447180417,0,0,0,0,0,0,0,0,67.4031746031746,0.578730158730159,4.83529636386098,0.487685775599892
8,18,1,top8_C_D_remaining_gap,saa,51,29,22,7,3,0,0,2,0.0392156862745098,29.226394863467,29.226394863467,0,0,0,0,0,0,0,0,67.4031746031746,0.578730158730159,1.15519573347709,9.75254735357e-16
8,18,1,top8_C_D_remaining_gap,saa,51,29,22,7,4,0,0,2,0.0392156862745098,118.44374159496,118.44374159496,0,0,0,0,0,0,0,0,67.4031746031746,0.578730158730159,5.88235294117647,1.30970316282969
8,18,1,top8_C_D_remaining_gap,saa,51,29,22,8,1,0,0,0,0,220.002528595717,220.002528595717,0,0,0,0,0,0,0,0,66.1019607843137,0.586862745098039,0,0
8,18,1,top8_C_D_remaining_gap,saa,51,29,22,8,2,0,0,0,0,105.981447180417,105.981447180417,0,0,0,0,0,0,0,0,66.1019607843137,0.586862745098039,0,0
8,18,1,top8_C_D_remaining_gap,saa,51,29,22,8,3,0,0,0,0,29.226394863467,29.226394863467,0,0,0,0,0,0,0,0,66.1019607843137,0.586862745098039,0,0
8,18,1,top8_C_D_remaining_gap,saa,51,29,22,8,4,0,0,0,0,118.44374159496,118.44374159496,0,0,0,0,0,0,0,0,66.1019607843137,0.586862745098039,0,0
9,19,4,priority_state19_largest_gap_site,saa,26,16,10,1,1,26,1,0,0,58.0445570448695,88.0243810123711,35.1,300,5.12017603249831,0,0,0,0,0,160,0,0,0
9,19,4,priority_state19_largest_gap_site,saa,26,16,10,1,2,26,1,0,0,50.3081379386247,67.882050982103,23.4,200,5.82608695652174,0,0,0,0,0,160,0,0,0
9,19,4,priority_state19_largest_gap_site,saa,26,16,10,1,3,26,1,0,0,25.2621334423093,37.7163366656137,14.04,120,1.58579677669568,0,0,0,0,0,160,0,0,0
9,19,4,priority_state19_largest_gap_site,saa,26,16,10,1,4,26,1,0,0,33.0235808462428,47.7055120125908,17.55,150,2.86806883365201,0,0,0,0,0,160,0,0,0
9,19,4,priority_state19_largest_gap_site,saa,26,16,10,2,1,26,1,0,0,88.0243810123711,115.351988917146,35.1,300,16.2263033175355,3.86340555179418,8.45391122231012,0,8.45391122231012,10.5277408324542,153.188278388278,0.0425732600732601,0,0
9,19,4,priority_state19_largest_gap_site,saa,26,16,10,2,2,26,1,0,0,67.882050982103,77.4878583388456,23.4,200,9.89799331103679,2.35666507405638,0,3.89619933222058,-3.89619933222058,10.5277408324542,153.188278388278,0.0425732600732601,0,0
9,19,4,priority_state19_largest_gap_site,saa,26,16,10,2,3,26,1,0,0,37.7163366656137,39.3962567900262,14.04,120,5.72853837535386,1.36393770841758,0,6.63154150023357,-6.63154150023357,10.5277408324542,153.188278388278,0.0425732600732601,0,0
9,19,4,priority_state19_largest_gap_site,saa,26,16,10,2,4,26,1,0,0,47.7055120125908,58.964608841176,17.55,150,8.36473278155878,1.99160304322828,2.07382961014403,0,2.07382961014403,10.5277408324542,153.188278388278,0.0425732600732601,0,0
9,19,4,priority_state19_largest_gap_site,saa,26,16,10,3,1,26,1,0,0,115.351988917146,169.829089455463,35.1,300,9.16117650122389,12.4925134107599,28.6876515721545,0.14937453261313,28.5382770395413,32.5170165285749,138.259340659341,0.135879120879121,0,0
9,19,4,priority_state19_largest_gap_site,saa,26,16,10,3,2,26,1,0,0,77.4878583388456,82.6221491173407,23.2261528427825,198.514126861389,5.87314859053989,8.00883898709985,0,12.2187134737476,-12.2187134737476,32.5170165285749,138.259340659341,0.135879120879121,0,0
9,19,4,priority_state19_largest_gap_site,saa,26,16,10,3,3,26,1,0,0,39.3962567900262,29.5468805930968,13.8637830613676,118.493872319381,3.56423073608284,4.86031464011297,0,20.1489285222142,-20.1489285222142,32.5170165285749,138.259340659341,0.135879120879121,0,0
9,19,4,priority_state19_largest_gap_site,saa,26,16,10,3,4,26,1,0,0,58.964608841176,75.0226030077744,17.55,150,5.32137078982203,7.25641471339368,3.8293649564204,0,3.8293649564204,32.5170165285749,138.259340659341,0.135879120879121,0,0
9,19,4,priority_state19_largest_gap_site,saa,26,16,10,4,1,22,0.846153846153846,4,0.153846153846154,169.829089455463,200.232416490262,29.3626401394944,250.962736234995,2.50351544190407,4.38115202333212,7.87865101084421,4.33444867363582,3.54420233720839,17.9980819947187,119.012454212454,0.256172161172161,34.2831485945797,4.33532952195547
9,19,4,priority_state19_largest_gap_site,saa,26,16,10,4,2,22,0.846153846153846,4,0.153846153846154,82.6221491173407,93.2350313060911,13.5,115.384615384615,1.24223602484472,2.17391304347826,2.53836226058071,4.18324404698557,-1.64488178640487,17.9980819947187,119.012454212454,0.256172161172161,18.3374980854729,6.30591037574685
9,19,4,priority_state19_largest_gap_site,saa,26,16,10,4,3,22,0.846153846153846,4,0.153846153846154,29.5468805930968,26.5509688932202,8.1,69.2307692307692,1.81451746564217,3.17540556487381,0.198995039862931,9.48038927409735,-9.28139423423442,17.9980819947187,119.012454212454,0.256172161172161,5.53901544000554,2.25440177018552
9,19,4,priority_state19_largest_gap_site,saa,26,16,10,4,4,22,0.846153846153846,4,0.153846153846154,75.0226030077744,94.2865531378315,13.0120560184884,111.214154004174,1.13017957186217,2.42181336827608,7.3820736834309,0,7.3820736834309,17.9980819947187,119.012454212454,0.256172161172161,20.5195344709296,8.59661622930037
9,19,4,priority_state19_largest_gap_site,saa,26,16,10,5,1,8,0.307692307692308,14,0.538461538461538,200.232416490262,214.349576114938,10.8,92.3076923076923,0.196929847403781,1.37850893182647,4.50323078313556,0.989141311056055,3.5140894720795,7.75679062937804,95.7025641025641,0.401858974358974,119.991020081029,2.47881122020698
9,19,4,priority_state19_largest_gap_site,saa,26,16,10,5,2,8,0.307692307692308,14,0.538461538461538,93.2350313060911,96.5610418707194,7.2,61.5384615384615,0.224080267558528,1.5685618729097,0.100463140204009,3.75037230801726,-3.64990916781325,7.75679062937804,95.7025641025641,0.401858974358974,64.1812432991551,8.1211257149743
9,19,4,priority_state19_largest_gap_site,saa,26,16,10,5,3,8,0.307692307692308,14,0.538461538461538,26.5509688932202,27.5829903276347,4.11029062843823,35.1306891319507,0.0609921837190647,0.426945286033453,0,3.01727701030473,-3.01727701030473,7.75679062937804,95.7025641025641,0.401858974358974,19.3865540400194,3.66068357489634
9,19,4,priority_state19_largest_gap_site,saa,26,16,10,5,4,8,0.307692307692308,14,0.538461538461538,94.2865531378315,102.729339504114,5.4,46.1538461538462,0.110310339755846,0.772172378290925,3.15309670603847,0,3.15309670603847,7.75679062937804,95.7025641025641,0.401858974358974,71.8183706482536,11.1923693542155
9,19,4,priority_state19_largest_gap_site,saa,26,16,10,6,1,2,0.0769230769230769,6,0.230769230769231,214.349576114938,215.570755515977,2.7,23.0769230769231,0.772681110358835,0.772681110358835,0,0.706139488601507,-0.706139488601507,1.52597809720131,74.1714285714286,0.536428571428571,51.4247228918696,1.55261824143738
9,19,4,priority_state19_largest_gap_site,saa,26,16,10,6,2,2,0.0769230769230769,6,0.230769230769231,96.5610418707194,98.028195429737,1.8,15.3846153846154,0.471333014811276,0.471333014811276,0.276478832814424,0.137992258985465,0.138486573828959,1.52597809720131,74.1714285714286,0.536428571428571,27.5062471282093,6.68715547307062
9,19,4,priority_state19_largest_gap_site,saa,26,16,10,6,3,2,0.0769230769230769,6,0.230769230769231,27.5829903276347,27.7083564363368,1.08,9.23076923076923,0.272787541683517,0.272787541683517,0,0.681846349614336,-0.681846349614336,1.52597809720131,74.1714285714286,0.536428571428571,8.30852316000831,2.00249843498059
9,19,4,priority_state19_largest_gap_site,saa,26,16,10,6,4,2,0.0769230769230769,6,0.230769230769231,102.729339504114,104.930518159855,1.35,11.5384615384615,0.398320608645656,0.398320608645656,1.24949926438688,0,1.24949926438688,1.52597809720131,74.1714285714286,0.536428571428571,30.7793017063944,7.47115454021051
9,19,4,priority_state19_largest_gap_site,saa,26,16,10,7,1,0,0,2,0.0769230769230769,215.570755515977,215.570755515977,0,0,0,0,0,0,0,0,70.7472527472528,0.55782967032967,17.1415742972899,0
9,19,4,priority_state19_largest_gap_site,saa,26,16,10,7,2,0,0,2,0.0769230769230769,98.028195429737,98.028195429737,0,0,0,0,0,0,0,0,70.7472527472528,0.55782967032967,9.16874904273644,0.0513505620449767
9,19,4,priority_state19_largest_gap_site,saa,26,16,10,7,3,0,0,2,0.0769230769230769,27.7083564363368,27.7083564363368,0,0,0,0,0,0,0,0,70.7472527472528,0.55782967032967,2.76950772000277,0.377660143636762
9,19,4,priority_state19_largest_gap_site,saa,26,16,10,7,4,0,0,2,0.0769230769230769,104.930518159855,104.930518159855,0,0,0,0,0,0,0,0,70.7472527472528,0.55782967032967,10.2597672354648,1.18631577746074
9,19,4,priority_state19_largest_gap_site,saa,26,16,10,8,1,0,0,0,0,215.570755515977,215.570755515977,0,0,0,0,0,0,0,0,67.3948717948718,0.578782051282051,0,0
9,19,4,priority_state19_largest_gap_site,saa,26,16,10,8,2,0,0,0,0,98.028195429737,98.028195429737,0,0,0,0,0,0,0,0,67.3948717948718,0.578782051282051,0,0
9,19,4,priority_state19_largest_gap_site,saa,26,16,10,8,3,0,0,0,0,27.7083564363368,27.7083564363368,0,0,0,0,0,0,0,0,67.3948717948718,0.578782051282051,0,0
9,19,4,priority_state19_largest_gap_site,saa,26,16,10,8,4,0,0,0,0,104.930518159855,104.930518159855,0,0,0,0,0,0,0,0,67.3948717948718,0.578782051282051,0,0
10,14,1,priority_state14_site1,saa,42,36,6,1,1,42,1,0,0,58.0445570448695,88.0243810123711,35.1,300,5.12017603249831,0,0,0,0,0,160,0,0,0
10,14,1,priority_state14_site1,saa,42,36,6,1,2,42,1,0,0,50.3081379386247,67.882050982103,23.4,200,5.82608695652174,0,0,0,0,0,160,0,0,0
10,14,1,priority_state14_site1,saa,42,36,6,1,3,42,1,0,0,25.2621334423094,37.7163366656137,14.04,120,1.58579677669568,0,0,0,0,0,160,0,0,0
10,14,1,priority_state14_site1,saa,42,36,6,1,4,42,1,0,0,33.0235808462428,47.7055120125908,17.55,150,2.86806883365201,0,0,0,0,0,160,0,0,0
10,14,1,priority_state14_site1,saa,42,36,6,2,1,42,1,0,0,88.0243810123711,105.989363063723,35.1,300,20.0897088693297,0,2.95469092068127,0,2.95469092068127,3.14888369242079,153.787755102041,0.0388265306122449,0,0
10,14,1,priority_state14_site1,saa,42,36,6,2,2,42,1,0,0,67.882050982103,78.7814959275889,23.4,200,12.2546583850932,0,0,0.245896669420933,-0.245896669420933,3.14888369242079,153.787755102041,0.0388265306122449,0,0
10,14,1,priority_state14_site1,saa,42,36,6,2,3,42,1,0,0,37.7163366656137,41.7608735588424,14.04,120,7.09247608377144,0,0,2.90298702299986,-2.90298702299986,3.14888369242079,153.787755102041,0.0388265306122449,0,0
10,14,1,priority_state14_site1,saa,42,36,6,2,4,42,1,0,0,47.7055120125908,55.0933689595433,17.55,150,10.3563358247871,0,0.194192771739525,0,0.194192771739525,3.14888369242079,153.787755102041,0.0388265306122449,0,0
10,14,1,priority_state14_site1,saa,42,36,6,3,1,42,1,0,0,105.989363063723,147.71351620712,35.1,300,18.5603056388432,3.09338427314054,25.184458782241,0,25.184458782241,27.5541485394821,143.570068027211,0.102687074829932,0,0
10,14,1,priority_state14_site1,saa,42,36,6,3,2,42,1,0,0,78.7814959275889,78.8808858279641,19.4007905132312,165.818722335309,11.8988464951198,1.98314108251996,0,7.40255411773624,-7.40255411773624,27.5541485394821,143.570068027211,0.102687074829932,0,0
10,14,1,priority_state14_site1,saa,42,36,6,3,3,42,1,0,0,41.7608735588424,25.7585628054482,11.2866329548786,96.4669483322953,7.22103889388213,1.20350648231369,0.0836896073552159,20.1515944217458,-20.0679048143906,27.5541485394821,143.570068027211,0.102687074829932,0,0
10,14,1,priority_state14_site1,saa,42,36,6,3,4,42,1,0,0,55.0933689595433,64.1484101066727,17.55,150,10.7809590027563,1.79682650045939,2.28600014988585,0,2.28600014988585,27.5541485394821,143.570068027211,0.102687074829932,0,0
10,14,1,priority_state14_site1,saa,42,36,6,4,1,21,0.5,21,0.5,147.71351620712,165.779732887353,16.9991293475494,145.291703825209,3.68076377470419,0.387448818389915,4.74785110738702,0,4.74785110738702,6.15822830658426,122.99410430839,0.231286848072562,60.5515096964242,0
10,14,1,priority_state14_site1,saa,42,36,6,4,2,21,0.5,21,0.5,78.8808858279641,76.6128671649828,1.46952005905349,12.5600005047307,1.82638272700384,0.192250813368826,0,1.91115599503094,-1.91115599503094,6.15822830658426,122.99410430839,0.231286848072562,9.81916373455527,0
10,14,1,priority_state14_site1,saa,42,36,6,4,3,21,0.5,21,0.5,25.7585628054482,20.3175200538507,1.47253379432964,12.5857589258943,2.66777270246201,0.280818179206527,0,4.2458038434651,-4.2458038434651,6.15822830658426,122.99410430839,0.231286848072562,4.90958186727764,0
10,14,1,priority_state14_site1,saa,42,36,6,4,4,21,0.5,21,0.5,64.1484101066727,70.6117976387313,6.95328801353425,59.4298120814893,1.89900921258474,0.199895706587867,1.41037719919724,0.00126846808823004,1.40910873110901,6.15822830658426,122.99410430839,0.231286848072562,17.5926683577449,0
10,14,1,priority_state14_site1,saa,42,36,6,5,1,0,0,21,0.5,165.779732887353,165.779732887353,0,0,0,0,0,0,0,0,104.507936507937,0.346825396825397,60.5515096964242,0
10,14,1,priority_state14_site1,saa,42,36,6,5,2,0,0,21,0.5,76.6128671649828,76.6128671649828,0,0,0,0,0,0,0,0,104.507936507937,0.346825396825397,9.81916373455527,0
10,14,1,priority_state14_site1,saa,42,36,6,5,3,0,0,21,0.5,20.3175200538507,20.3175200538507,0,0,0,0,0,0,0,0,104.507936507937,0.346825396825397,4.90958186727764,0
10,14,1,priority_state14_site1,saa,42,36,6,5,4,0,0,21,0.5,70.6117976387313,70.6117976387313,0,0,0,0,0,0,0,0,104.507936507937,0.346825396825397,17.5926683577449,0
10,14,1,priority_state14_site1,saa,42,36,6,6,1,0,0,0,0,165.779732887353,165.779732887353,0,0,0,0,0,0,0,0,103.980952380952,0.350119047619048,0,0
10,14,1,priority_state14_site1,saa,42,36,6,6,2,0,0,0,0,76.6128671649828,76.6128671649828,0,0,0,0,0,0,0,0,103.980952380952,0.350119047619048,0,0
10,14,1,priority_state14_site1,saa,42,36,6,6,3,0,0,0,0,20.3175200538507,20.3175200538507,0,0,0,0,0,0,0,0,103.980952380952,0.350119047619048,0,0
10,14,1,priority_state14_site1,saa,42,36,6,6,4,0,0,0,0,70.6117976387313,70.6117976387313,0,0,0,0,0,0,0,0,103.980952380952,0.350119047619048,0,0
10,14,1,priority_state14_site1,saa,42,36,6,7,1,0,0,0,0,165.779732887353,165.779732887353,0,0,0,0,0,0,0,0,102.577777777778,0.358888888888889,0,0
10,14,1,priority_state14_site1,saa,42,36,6,7,2,0,0,0,0,76.6128671649828,76.6128671649828,0,0,0,0,0,0,0,0,102.577777777778,0.358888888888889,0,0
10,14,1,priority_state14_site1,saa,42,36,6,7,3,0,0,0,0,20.3175200538507,20.3175200538507,0,0,0,0,0,0,0,0,102.577777777778,0.358888888888889,0,0
10,14,1,priority_state14_site1,saa,42,36,6,7,4,0,0,0,0,70.6117976387313,70.6117976387313,0,0,0,0,0,0,0,0,102.577777777778,0.358888888888889,0,0
10,14,1,priority_state14_site1,saa,42,36,6,8,1,0,0,0,0,165.779732887353,165.779732887353,0,0,0,0,0,0,0,0,99.4285714285714,0.378571428571429,0,0
10,14,1,priority_state14_site1,saa,42,36,6,8,2,0,0,0,0,76.6128671649828,76.6128671649828,0,0,0,0,0,0,0,0,99.4285714285714,0.378571428571429,0,0
10,14,1,priority_state14_site1,saa,42,36,6,8,3,0,0,0,0,20.3175200538507,20.3175200538507,0,0,0,0,0,0,0,0,99.4285714285714,0.378571428571429,0,0
10,14,1,priority_state14_site1,saa,42,36,6,8,4,0,0,0,0,70.6117976387313,70.6117976387313,0,0,0,0,0,0,0,0,99.4285714285714,0.378571428571429,0,0
11,13,2,priority_state13_largest_gap_site,saa,12,6,6,1,1,12,1,0,0,58.0445570448695,88.0243810123712,35.1,300,5.12017603249831,0,0,0,0,0,160,0,0,0
11,13,2,priority_state13_largest_gap_site,saa,12,6,6,1,2,12,1,0,0,50.3081379386248,67.882050982103,23.4,200,5.82608695652174,0,0,0,0,0,160,0,0,0
11,13,2,priority_state13_largest_gap_site,saa,12,6,6,1,3,12,1,0,0,25.2621334423093,37.7163366656137,14.04,120,1.58579677669568,0,0,0,0,0,160,0,0,0
11,13,2,priority_state13_largest_gap_site,saa,12,6,6,1,4,12,1,0,0,33.0235808462428,47.7055120125908,17.55,150,2.86806883365201,0,0,0,0,0,160,0,0,0
11,13,2,priority_state13_largest_gap_site,saa,12,6,6,2,1,12,1,0,0,88.0243810123712,123.345964426983,35.1,300,18.4155664635522,1.67414240577748,18.6371498781643,0,18.6371498781643,19.7187967715179,149.784126984127,0.0638492063492064,0,0
11,13,2,priority_state13_largest_gap_site,saa,12,6,6,2,2,12,1,0,0,67.882050982103,76.8731286852695,23.4,200,11.2334368530021,1.0212215320911,0,3.17548544383145,-3.17548544383145,19.7187967715179,149.784126984127,0.0638492063492064,0,0
11,13,2,priority_state13_largest_gap_site,saa,12,6,6,2,3,12,1,0,0,37.7163366656137,28.7115889278034,14.04,120,6.50143641012382,0.59103967364762,0,16.5433113276864,-16.5433113276864,19.7187967715179,149.784126984127,0.0638492063492064,0,0
11,13,2,priority_state13_largest_gap_site,saa,12,6,6,2,4,12,1,0,0,47.7055120125908,56.8438510665562,17.55,150,9.49330783938814,0.863027985398922,1.08164689335355,0,1.08164689335355,19.7187967715179,149.784126984127,0.0638492063492064,0,0
11,13,2,priority_state13_largest_gap_site,saa,12,6,6,3,1,11,0.916666666666667,1,0.0833333333333333,123.345964426983,152.076790764365,32.175,275,16.2402674339878,3.60894831866396,13.2340264041518,0.437932632782546,12.7960937713693,17.4135639767773,137.28253968254,0.141984126984127,11.1147478384202,0.579441341196755
11,13,2,priority_state13_largest_gap_site,saa,12,6,6,3,2,11,0.916666666666667,1,0.0833333333333333,76.8731286852695,74.0040607484124,14.96802643023,127.931849831025,10.4114906832298,2.31366459627329,0,7.42560368385723,-7.42560368385723,17.4135639767773,137.28253968254,0.141984126984127,3.02302957568483,0
11,13,2,priority_state13_largest_gap_site,saa,12,6,6,3,3,11,0.916666666666667,1,0.0833333333333333,28.7115889278034,22.2761301161696,9.14006425490734,78.1202073069004,6.31840903214686,1.40409089603264,0.292913625743256,9.55002766013754,-9.25711403439428,17.4135639767773,137.28253968254,0.141984126984127,0.818263644546273,0
11,13,2,priority_state13_largest_gap_site,saa,12,6,6,3,4,11,0.916666666666667,1,0.0833333333333333,56.8438510665562,67.3846358860266,16.0875,137.5,9.43333912741179,2.09629758386929,3.88662394688224,0,3.88662394688224,17.4135639767773,137.28253968254,0.141984126984127,5.09141823273237,0.453819074082231
11,13,2,priority_state13_largest_gap_site,saa,12,6,6,4,1,5,0.416666666666667,6,0.5,152.076790764365,165.714438546401,14.260000394488,121.880345252034,3.39017716091176,0,2.76782454845971,0,2.76782454845971,3.4195245248302,120.279365079365,0.248253968253968,66.6884870305213,0
11,13,2,priority_state13_largest_gap_site,saa,12,6,6,4,2,5,0.416666666666667,6,0.5,74.0040607484124,72.0165210530693,1.41155973183035,12.0646130925671,1.68219461697723,0,0,1.71690481019626,-1.71690481019626,3.4195245248302,120.279365079365,0.248253968253968,18.138177454109,0
11,13,2,priority_state13_largest_gap_site,saa,12,6,6,4,3,5,0.416666666666667,6,0.5,22.2761301161696,19.8434163957975,1.17,10,2.45715906805711,0,0.557065062318928,1.70261971463394,-1.14555465231501,3.4195245248302,120.279365079365,0.248253968253968,4.90958186727764,0
11,13,2,priority_state13_largest_gap_site,saa,12,6,6,4,4,5,0.416666666666667,6,0.5,67.3846358860266,72.3574155080785,6.62723214064414,56.6430097490952,1.74908743264384,0,0.0946349140515628,0,0.0946349140515628,3.4195245248302,120.279365079365,0.248253968253968,30.5485093963942,0.00907232087847495
11,13,2,priority_state13_largest_gap_site,saa,12,6,6,5,1,0,0,5,0.416666666666667,165.714438546401,165.714438546401,0,0,0,0,0,0,0,0,99.3873015873016,0.378829365079365,55.5737391921011,0
11,13,2,priority_state13_largest_gap_site,saa,12,6,6,5,2,0,0,5,0.416666666666667,72.0165210530693,72.0165210530693,0,0,0,0,0,0,0,0,99.3873015873016,0.378829365079365,15.1151478784242,0
11,13,2,priority_state13_largest_gap_site,saa,12,6,6,5,3,0,0,5,0.416666666666667,19.8434163957975,19.8434163957975,0,0,0,0,0,0,0,0,99.3873015873016,0.378829365079365,4.09131822273136,0
11,13,2,priority_state13_largest_gap_site,saa,12,6,6,5,4,0,0,5,0.416666666666667,72.3574155080785,72.3574155080785,0,0,0,0,0,0,0,0,99.3873015873016,0.378829365079365,25.4570911636619,0
11,13,2,priority_state13_largest_gap_site,saa,12,6,6,6,1,0,0,0,0,165.714438546401,165.714438546401,0,0,0,0,0,0,0,0,93.2666666666667,0.417083333333333,0,0
11,13,2,priority_state13_largest_gap_site,saa,12,6,6,6,2,0,0,0,0,72.0165210530693,72.0165210530693,0,0,0,0,0,0,0,0,93.2666666666667,0.417083333333333,0,0
11,13,2,priority_state13_largest_gap_site,saa,12,6,6,6,3,0,0,0,0,19.8434163957975,19.8434163957975,0,0,0,0,0,0,0,0,93.2666666666667,0.417083333333333,0,0
11,13,2,priority_state13_largest_gap_site,saa,12,6,6,6,4,0,0,0,0,72.3574155080785,72.3574155080785,0,0,0,0,0,0,0,0,93.2666666666667,0.417083333333333,0,0
11,13,2,priority_state13_largest_gap_site,saa,12,6,6,7,1,0,0,0,0,165.714438546401,165.714438546401,0,0,0,0,0,0,0,0,86.8,0.4575,0,0
11,13,2,priority_state13_largest_gap_site,saa,12,6,6,7,2,0,0,0,0,72.0165210530693,72.0165210530693,0,0,0,0,0,0,0,0,86.8,0.4575,0,0
11,13,2,priority_state13_largest_gap_site,saa,12,6,6,7,3,0,0,0,0,19.8434163957975,19.8434163957975,0,0,0,0,0,0,0,0,86.8,0.4575,0,0
11,13,2,priority_state13_largest_gap_site,saa,12,6,6,7,4,0,0,0,0,72.3574155080785,72.3574155080785,0,0,0,0,0,0,0,0,86.8,0.4575,0,0
11,13,2,priority_state13_largest_gap_site,saa,12,6,6,8,1,0,0,0,0,165.714438546401,165.714438546401,0,0,0,0,0,0,0,0,79.5777777777778,0.502638888888889,0,0
11,13,2,priority_state13_largest_gap_site,saa,12,6,6,8,2,0,0,0,0,72.0165210530693,72.0165210530693,0,0,0,0,0,0,0,0,79.5777777777778,0.502638888888889,0,0
11,13,2,priority_state13_largest_gap_site,saa,12,6,6,8,3,0,0,0,0,19.8434163957975,19.8434163957975,0,0,0,0,0,0,0,0,79.5777777777778,0.502638888888889,0,0
11,13,2,priority_state13_largest_gap_site,saa,12,6,6,8,4,0,0,0,0,72.3574155080785,72.3574155080785,0,0,0,0,0,0,0,0,79.5777777777778,0.502638888888889,0,0
1,17,2,top8_C_D_remaining_gap,chi2_eta003,73,34,39,1,1,73,1,0,0,58.0445570448695,88.0243810123711,35.1,300,5.12017603249831,0,0,0,0,0,160,0,0,0
1,17,2,top8_C_D_remaining_gap,chi2_eta003,73,34,39,1,2,73,1,0,0,50.3081379386248,67.882050982103,23.4,200,5.82608695652174,0,0,0,0,0,160,0,0,0
1,17,2,top8_C_D_remaining_gap,chi2_eta003,73,34,39,1,3,73,1,0,0,25.2621334423093,37.7163366656137,14.04,120,1.58579677669568,0,0,0,0,0,160,0,0,0
1,17,2,top8_C_D_remaining_gap,chi2_eta003,73,34,39,1,4,73,1,0,0,33.0235808462428,47.7055120125908,17.55,150,2.86806883365201,0,0,0,0,0,160,0,0,0
1,17,2,top8_C_D_remaining_gap,chi2_eta003,73,34,39,2,1,73,1,0,0,88.0243810123711,120.128867292967,35.1,300,14.3104775507554,5.7792313185743,11.3149638313508,0,11.3149638313508,14.8293637026252,152.731637312459,0.0454272667971298,0,0
1,17,2,top8_C_D_remaining_gap,chi2_eta003,73,34,39,2,2,73,1,0,0,67.882050982103,77.8896280003278,23.4,200,8.72934569897047,3.52531268612269,0,4.66307728280472,-4.66307728280472,14.8293637026252,152.731637312459,0.0454272667971298,0,0
1,17,2,top8_C_D_remaining_gap,chi2_eta003,73,34,39,2,3,73,1,0,0,37.7163366656137,36.5378755011888,14.04,120,5.05217474460431,2.04030133916713,0,10.1662864198205,-10.1662864198205,14.8293637026252,152.731637312459,0.0454272667971298,0,0
1,17,2,top8_C_D_remaining_gap,chi2_eta003,73,34,39,2,4,73,1,0,0,47.7055120125908,61.3927959538799,17.55,150,7.37711592998531,2.97921989480176,3.51439987127441,0,3.51439987127441,14.8293637026252,152.731637312459,0.0454272667971298,0,0
1,17,2,top8_C_D_remaining_gap,chi2_eta003,73,34,39,3,1,73,1,0,0,120.128867292967,170.848964209271,35.1,300,7.71227311933668,13.9414167926471,23.4530011801456,0.120631144503885,23.3323700356417,29.5337828634025,140.207697325506,0.12370189171559,0,0
1,17,2,top8_C_D_remaining_gap,chi2_eta003,73,34,39,3,2,73,1,0,0,77.8896280003278,85.6556589387797,23.4,200,4.94426954820046,8.93771802943929,0.115361631292502,10.8050611446402,-10.6896995133477,29.5337828634025,140.207697325506,0.12370189171559,0,0
1,17,2,top8_C_D_remaining_gap,chi2_eta003,73,34,39,3,3,73,1,0,0,36.5378755011888,28.972775600565,14.04,120,3.00052301069988,5.42402236549593,0.00351368433443635,18.6080905742584,-18.604576889924,29.5337828634025,140.207697325506,0.12370189171559,0,0
1,17,2,top8_C_D_remaining_gap,chi2_eta003,73,34,39,3,4,73,1,0,0,61.3927959538799,80.4249431011864,17.55,150,4.47975922032341,8.09802628289231,5.96190636762996,0,5.96190636762996,29.5337828634025,140.207697325506,0.12370189171559,0,0
1,17,2,top8_C_D_remaining_gap,chi2_eta003,73,34,39,4,1,65,0.89041095890411,8,0.10958904109589,170.848964209271,211.885383269422,31.2534246575343,267.123287671233,1.11457879262852,6.13018335945688,11.5127717934371,0.615198598191876,10.8975731952452,20.2190481848266,123.179647749511,0.230127201565558,26.5748478329333,4.41104789700424
1,17,2,top8_C_D_remaining_gap,chi2_eta003,73,34,39,4,2,65,0.89041095890411,8,0.10958904109589,85.6556589387797,94.7387185800923,19.4490612243037,166.231292515416,0.553050285033608,3.04177656768484,0.350258813400988,10.1632101113584,-9.81295129795746,20.2190481848266,123.179647749511,0.230127201565558,15.4833154727745,6.23517114896658
1,17,2,top8_C_D_remaining_gap,chi2_eta003,73,34,39,4,3,65,0.89041095890411,8,0.10958904109589,28.972775600565,30.7393821320206,11.5398469644793,98.6311706365752,0.807833118265352,4.44308215045943,0.475232160517896,9.44063947527623,-8.96540731475834,20.2190481848266,123.179647749511,0.230127201565558,4.90209491065073,2.00234128297563
1,17,2,top8_C_D_remaining_gap,chi2_eta003,73,34,39,4,4,65,0.89041095890411,8,0.10958904109589,80.4249431011864,103.357398403815,15.6267123287671,133.561643835616,0.575042443608933,3.16273343984913,7.88078541747062,0,7.88078541747062,20.2190481848266,123.179647749511,0.230127201565558,16.4383561643836,5.9215624482961
1,17,2,top8_C_D_remaining_gap,chi2_eta003,73,34,39,5,1,33,0.452054794520548,32,0.438356164383562,211.885383269422,226.203556791037,15.8671232876712,135.616438356164,0.0485491929597771,2.26605093132028,0.813748531630274,2.31414910472674,-1.50040057309647,6.26382185554136,105.452315720809,0.340923026744945,106.299391331733,8.98938245069539
1,17,2,top8_C_D_remaining_gap,chi2_eta003,73,34,39,5,2,33,0.452054794520548,32,0.438356164383562,94.7387185800923,103.309849535444,10.5780821917808,90.4109589041096,0,2.63371054198928,0.334123363580395,2.34107460000933,-2.00695123642893,6.26382185554136,105.452315720809,0.340923026744945,61.9332618910981,18.4654342596521
1,17,2,top8_C_D_remaining_gap,chi2_eta003,73,34,39,5,3,33,0.452054794520548,32,0.438356164383562,30.7393821320206,35.5729923769247,6.34684931506849,54.2465753424658,0.0217232435163792,0.695143792524135,0.117082324157259,1.60859815080529,-1.49151582664803,6.26382185554136,105.452315720809,0.340923026744945,19.6083796426029,5.10757687054165
1,17,2,top8_C_D_remaining_gap,chi2_eta003,73,34,39,5,4,33,0.452054794520548,32,0.438356164383562,103.357398403815,116.268305603688,7.93356164383562,67.8082191780822,0.0215220801360674,1.27500218713128,4.99886763617343,0,4.99886763617343,6.26382185554136,105.452315720809,0.340923026744945,65.7534246575343,18.0925117215687
1,17,2,top8_C_D_remaining_gap,chi2_eta003,73,34,39,6,1,4,0.0547945205479452,29,0.397260273972603,226.203556791037,227.204452906929,1.92328767123288,16.4383561643836,0.105291994408795,0.995513971033929,0,0.81709956093265,-0.81709956093265,0.947352094343792,85.4815394651011,0.465740378343118,96.3338233943831,2.98858320880655
1,17,2,top8_C_D_remaining_gap,chi2_eta003,73,34,39,6,2,4,0.0547945205479452,29,0.397260273972603,103.309849535444,104.965498634734,1.28219178082192,10.958904109589,0.0513563366442759,0.620131794045761,0.424813655112113,0,0.424813655112113,0.947352094343792,85.4815394651011,0.465740378343118,56.1270185888076,11.1984083834888
1,17,2,top8_C_D_remaining_gap,chi2_eta003,73,34,39,6,3,4,0.0547945205479452,29,0.397260273972603,35.5729923769247,36.1508549425444,0.769315068493151,6.57534246575342,0.0883049763648856,0.300323850143139,0.0271050069026097,0.130252533411142,-0.103147526508532,0.947352094343792,85.4815394651011,0.465740378343118,17.7700940511089,2.22518286793291
1,17,2,top8_C_D_remaining_gap,chi2_eta003,73,34,39,6,4,4,0.0547945205479452,29,0.397260273972603,116.268305603688,117.623340370092,0.961643835616438,8.21917808219178,0.102042501541521,0.465427954611195,0.495433432329069,0,0.495433432329069,0.947352094343792,85.4815394651011,0.465740378343118,59.5890410958904,8.22190286318762
1,17,2,top8_C_D_remaining_gap,chi2_eta003,73,34,39,7,1,0,0,4,0.0547945205479452,227.204452906929,227.204452906929,0,0,0,0,0,0,0,0,75.7176777560339,0.526764514024788,13.2874239164666,0.1533954092111
1,17,2,top8_C_D_remaining_gap,chi2_eta003,73,34,39,7,2,0,0,4,0.0547945205479452,104.965498634734,104.965498634734,0,0,0,0,0,0,0,0,75.7176777560339,0.526764514024788,7.74165773638726,0.420741262225988
1,17,2,top8_C_D_remaining_gap,chi2_eta003,73,34,39,7,3,0,0,4,0.0547945205479452,36.1508549425444,36.1508549425444,0,0,0,0,0,0,0,0,75.7176777560339,0.526764514024788,2.45104745532536,0
1,17,2,top8_C_D_remaining_gap,chi2_eta003,73,34,39,7,4,0,0,4,0.0547945205479452,117.623340370092,117.623340370092,0,0,0,0,0,0,0,0,75.7176777560339,0.526764514024788,8.21917808219178,0.140682596855405
1,17,2,top8_C_D_remaining_gap,chi2_eta003,73,34,39,8,1,0,0,0,0,227.204452906929,227.204452906929,0,0,0,0,0,0,0,0,67.6127853881279,0.577420091324201,0,0
1,17,2,top8_C_D_remaining_gap,chi2_eta003,73,34,39,8,2,0,0,0,0,104.965498634734,104.965498634734,0,0,0,0,0,0,0,0,67.6127853881279,0.577420091324201,0,0
1,17,2,top8_C_D_remaining_gap,chi2_eta003,73,34,39,8,3,0,0,0,0,36.1508549425444,36.1508549425444,0,0,0,0,0,0,0,0,67.6127853881279,0.577420091324201,0,0
1,17,2,top8_C_D_remaining_gap,chi2_eta003,73,34,39,8,4,0,0,0,0,117.623340370092,117.623340370092,0,0,0,0,0,0,0,0,67.6127853881279,0.577420091324201,0,0
2,12,1,top8_C_D_remaining_gap,chi2_eta003,84,61,23,1,1,84,1,0,0,58.0445570448695,88.0243810123712,35.1,300,5.12017603249831,0,0,0,0,0,160,0,0,0
2,12,1,top8_C_D_remaining_gap,chi2_eta003,84,61,23,1,2,84,1,0,0,50.3081379386248,67.882050982103,23.4,200,5.82608695652174,0,0,0,0,0,160,0,0,0
2,12,1,top8_C_D_remaining_gap,chi2_eta003,84,61,23,1,3,84,1,0,0,25.2621334423093,37.7163366656137,14.04,120,1.58579677669568,0,0,0,0,0,160,0,0,0
2,12,1,top8_C_D_remaining_gap,chi2_eta003,84,61,23,1,4,84,1,0,0,33.0235808462428,47.7055120125908,17.55,150,2.86806883365201,0,0,0,0,0,160,0,0,0
2,12,1,top8_C_D_remaining_gap,chi2_eta003,84,61,23,2,1,84,1,0,0,88.0243810123712,113.355410417904,35.1,300,17.9372400619015,2.15246880742818,8.16826946743479,0,8.16826946743479,9.44842915625258,153.71156462585,0.0393027210884354,0,0
2,12,1,top8_C_D_remaining_gap,chi2_eta003,84,61,23,2,2,84,1,0,0,67.882050982103,77.6281479198484,23.4,200,10.9416592724046,1.31299911268855,0,2.71224378985,-2.71224378985,9.44842915625258,153.71156462585,0.0393027210884354,0,0
2,12,1,top8_C_D_remaining_gap,chi2_eta003,84,61,23,2,3,84,1,0,0,37.7163366656137,38.6875833672723,14.04,120,6.33256793193878,0.759908151832654,0,6.73618536640258,-6.73618536640258,9.44842915625258,153.71156462585,0.0393027210884354,0,0
2,12,1,top8_C_D_remaining_gap,chi2_eta003,84,61,23,2,4,84,1,0,0,47.7055120125908,57.2889432864201,17.55,150,9.24672841498845,1.10960740979861,1.28015968881779,0,1.28015968881779,9.44842915625258,153.71156462585,0.0393027210884354,0,0
2,12,1,top8_C_D_remaining_gap,chi2_eta003,84,61,23,3,1,83,0.988095238095238,1,0.0119047619047619,113.355410417904,159.52470334259,34.6821428571429,296.428571428571,16.2402674339878,5.15564045523423,28.0085965687428,0.281179067211975,27.7274175015308,31.3866659329977,144.996371882086,0.0937726757369615,2.79204318015323,0.807155224115139
2,12,1,top8_C_D_remaining_gap,chi2_eta003,84,61,23,3,2,83,0.988095238095238,1,0.0119047619047619,77.6281479198484,79.3563971733,23.1214285714286,197.619047619048,10.4114906832298,3.30523513753327,0.197853966360219,11.1795426011074,-10.9816886347472,31.3866659329977,144.996371882086,0.0937726757369615,0.467577942914376,0
2,12,1,top8_C_D_remaining_gap,chi2_eta003,84,61,23,3,3,83,0.988095238095238,1,0.0119047619047619,38.6875833672723,26.5499081476918,13.8375221445984,118.269420039303,6.31840903214686,2.00584413718948,0.166355502061385,19.8231438340935,-19.6567883320321,31.3866659329977,144.996371882086,0.0937726757369615,0.194824887865351,0.0817612326812382
2,12,1,top8_C_D_remaining_gap,chi2_eta003,84,61,23,3,4,83,0.988095238095238,1,0.0119047619047619,57.2889432864201,68.1077350528282,17.3410714285714,148.214285714286,9.43333912741179,2.99471083409898,3.01385989583329,0.102800430584857,2.91105946524844,31.3866659329977,144.996371882086,0.0937726757369615,1.0975120074051,0.443950386121721
2,12,1,top8_C_D_remaining_gap,chi2_eta003,84,61,23,4,1,65,0.773809523809524,18,0.214285714285714,159.52470334259,193.79862813093,26.950960776695,230.350092108504,3.97135038849663,2.32469291033949,11.492897056461,0.198582656319276,11.2943144001417,15.8592787255749,131.206802721088,0.179957482993197,50.2567772427582,11.6759741405915
2,12,1,top8_C_D_remaining_gap,chi2_eta003,84,61,23,4,2,65,0.773809523809524,18,0.214285714285714,79.3563971733,81.4260447091096,11.3331894467569,96.8648670662984,1.97057083703046,1.15350488021295,0.130956633406354,7.42392770732314,-7.29297107391678,15.8592787255749,131.206802721088,0.179957482993197,8.41640297245877,2.60568991991693e-08
2,12,1,top8_C_D_remaining_gap,chi2_eta003,84,61,23,4,3,65,0.773809523809524,18,0.214285714285714,26.5499081476918,22.9505307521564,7.49120774371831,64.027416612977,2.8783863368669,1.68490907523916,0.0245695595456728,8.23676836193247,-8.2121988023868,15.8592787255749,131.206802721088,0.179957482993197,3.50684798157632,0.0108254008409816
2,12,1,top8_C_D_remaining_gap,chi2_eta003,84,61,23,4,4,65,0.773809523809524,18,0.214285714285714,68.1077350528282,83.6646441518514,13.394984615387,114.487047994761,2.04893099252564,1.1993742395272,4.21085547616189,0,4.21085547616189,15.8592787255749,131.206802721088,0.179957482993197,19.7552161332918,4.2948238343542
2,12,1,top8_C_D_remaining_gap,chi2_eta003,84,61,23,5,1,24,0.285714285714286,41,0.488095238095238,193.79862813093,203.711647288384,10.0285714285714,85.7142857142857,1.03622610181513,0.426681336041526,0.935535508697811,0.0148616780000814,0.920673830697729,2.27463263332724,116.570068027211,0.271437074829932,114.473770386283,12.9518979194299
2,12,1,top8_C_D_remaining_gap,chi2_eta003,84,61,23,5,2,24,0.285714285714286,41,0.488095238095238,81.4260447091096,84.002824067107,4.92994021657816,42.1362411673347,1.17908902691511,0.485507246376812,0.0116951774934017,1.18576700915907,-1.17407183166567,2.27463263332724,116.570068027211,0.271437074829932,19.1706956594894,0
2,12,1,top8_C_D_remaining_gap,chi2_eta003,84,61,23,5,3,24,0.285714285714286,41,0.488095238095238,22.9505307521564,24.2125674213738,2.65697567733585,22.7091938233834,0.320935061950317,0.132149731391307,0,1.07400394616809,-1.07400394616809,2.27463263332724,116.570068027211,0.271437074829932,7.98782040247939,0.0349212379308681
2,12,1,top8_C_D_remaining_gap,chi2_eta003,84,61,23,5,4,24,0.285714285714286,41,0.488095238095238,83.6646441518514,89.4258893112246,5.01428571428571,42.8571428571429,0.580442502048621,0.239005736137667,1.32740194713603,0,1.32740194713603,2.27463263332724,116.570068027211,0.271437074829932,44.997992303609,2.65306531671331
2,12,1,top8_C_D_remaining_gap,chi2_eta003,84,61,23,6,1,1,0.0119047619047619,23,0.273809523809524,203.711647288384,203.742421963911,0.26993787635183,2.30716133634043,0.239163200825354,0,0,0,0,0,106.513832199547,0.334288548752834,64.2169931435244,5.03492682094164
2,12,1,top8_C_D_remaining_gap,chi2_eta003,84,61,23,6,2,1,0.0119047619047619,23,0.273809523809524,84.002824067107,83.8635065368677,0.00657126005944621,0.0561646158927026,0.145888790298728,0,0,0,0,0,106.513832199547,0.334288548752834,10.7542926870306,0
2,12,1,top8_C_D_remaining_gap,chi2_eta003,84,61,23,6,3,1,0.0119047619047619,23,0.273809523809524,24.2125674213738,24.1793941275672,0.0512609452859301,0.438127737486582,0.0844342390925171,0,0,0,0,0,106.513832199547,0.334288548752834,4.48097242090307,0
2,12,1,top8_C_D_remaining_gap,chi2_eta003,84,61,23,6,4,1,0.0119047619047619,23,0.273809523809524,89.4258893112246,89.4603110624243,0.157711463399631,1.34796122563787,0.123289712199846,0,0,0,0,0,106.513832199547,0.334288548752834,25.2427761703173,0.408142534232143
2,12,1,top8_C_D_remaining_gap,chi2_eta003,84,61,23,7,1,0,0,1,0.0119047619047619,203.742421963911,203.742421963911,0,0,0,0,0,0,0,0,103.680272108844,0.351998299319728,2.79204318015323,0.319251063882636
2,12,1,top8_C_D_remaining_gap,chi2_eta003,84,61,23,7,2,0,0,1,0.0119047619047619,83.8635065368677,83.8635065368677,0,0,0,0,0,0,0,0,103.680272108844,0.351998299319728,0.467577942914376,0
2,12,1,top8_C_D_remaining_gap,chi2_eta003,84,61,23,7,3,0,0,1,0.0119047619047619,24.1793941275672,24.1793941275672,0,0,0,0,0,0,0,0,103.680272108844,0.351998299319728,0.194824887865351,0
2,12,1,top8_C_D_remaining_gap,chi2_eta003,84,61,23,7,4,0,0,1,0.0119047619047619,89.4603110624243,89.4603110624243,0,0,0,0,0,0,0,0,103.680272108844,0.351998299319728,1.0975120074051,0
2,12,1,top8_C_D_remaining_gap,chi2_eta003,84,61,23,8,1,0,0,0,0,203.742421963911,203.742421963911,0,0,0,0,0,0,0,0,100.447619047619,0.372202380952381,0,0
2,12,1,top8_C_D_remaining_gap,chi2_eta003,84,61,23,8,2,0,0,0,0,83.8635065368677,83.8635065368677,0,0,0,0,0,0,0,0,100.447619047619,0.372202380952381,0,0
2,12,1,top8_C_D_remaining_gap,chi2_eta003,84,61,23,8,3,0,0,0,0,24.1793941275672,24.1793941275672,0,0,0,0,0,0,0,0,100.447619047619,0.372202380952381,0,0
2,12,1,top8_C_D_remaining_gap,chi2_eta003,84,61,23,8,4,0,0,0,0,89.4603110624243,89.4603110624243,0,0,0,0,0,0,0,0,100.447619047619,0.372202380952381,0,0
3,17,4,top8_C_D_remaining_gap,chi2_eta003,61,31,30,1,1,61,1,0,0,58.0445570448695,88.0243810123712,35.1,300,5.12017603249831,0,0,0,0,0,160,0,0,0
3,17,4,top8_C_D_remaining_gap,chi2_eta003,61,31,30,1,2,61,1,0,0,50.3081379386248,67.882050982103,23.4,200,5.82608695652174,0,0,0,0,0,160,0,0,0
3,17,4,top8_C_D_remaining_gap,chi2_eta003,61,31,30,1,3,61,1,0,0,25.2621334423093,37.7163366656137,14.04,120,1.58579677669568,0,0,0,0,0,160,0,0,0
3,17,4,top8_C_D_remaining_gap,chi2_eta003,61,31,30,1,4,61,1,0,0,33.0235808462428,47.7055120125908,17.55,150,2.86806883365201,0,0,0,0,0,160,0,0,0
3,17,4,top8_C_D_remaining_gap,chi2_eta003,61,31,30,2,1,61,1,0,0,88.0243810123712,119.986496569636,35.1,300,14.8202770347514,5.26943183457829,11.6823925920164,0,11.6823925920164,14.632948621635,152.415300546448,0.0474043715846994,0,0
3,17,4,top8_C_D_remaining_gap,chi2_eta003,61,31,30,2,2,61,1,0,0,67.882050982103,77.9279549936573,23.4,200,9.04032175949496,3.21433662559821,0,4.31377422895073,-4.31377422895073,14.632948621635,152.415300546448,0.0474043715846994,0,0
3,17,4,top8_C_D_remaining_gap,chi2_eta003,61,31,30,2,3,61,1,0,0,37.7163366656137,36.2050077849013,14.04,120,5.23215448802811,1.86032159574333,0,10.3191743926843,-10.3191743926843,14.632948621635,152.415300546448,0.0474043715846994,0,0
3,17,4,top8_C_D_remaining_gap,chi2_eta003,61,31,30,2,4,61,1,0,0,47.7055120125908,60.5661481714649,17.55,150,7.63991987074456,2.71641595404251,2.95055602961863,0,2.95055602961863,14.632948621635,152.415300546448,0.0474043715846994,0,0
3,17,4,top8_C_D_remaining_gap,chi2_eta003,61,31,30,3,1,61,1,0,0,119.986496569636,170.81105132861,35.1,300,8.51948455553459,13.1342053564492,24.3884011759638,0.144361861455469,24.2440393145083,30.0993486109979,139.592818110851,0.127544886807182,0,0
3,17,4,top8_C_D_remaining_gap,chi2_eta003,61,31,30,3,2,61,1,0,0,77.9279549936573,84.9077121094791,23.4,200,5.46176560431728,8.42022197332247,0.138055722694306,11.0965330025552,-10.9584772798609,30.0993486109979,139.592818110851,0.127544886807182,0,0
3,17,4,top8_C_D_remaining_gap,chi2_eta003,61,31,30,3,3,61,1,0,0,36.2050077849013,28.0761837088602,14.04,120,3.31457522997868,5.10997014621713,0.00420490092481727,18.8584537469872,-18.8542488460624,30.0993486109979,139.592818110851,0.127544886807182,0,0
3,17,4,top8_C_D_remaining_gap,chi2_eta003,61,31,30,3,4,61,1,0,0,60.5661481714649,78.7361980635819,17.55,150,4.94863691929799,7.62914858391773,5.568686811415,0,5.568686811415,30.0993486109979,139.592818110851,0.127544886807182,0,0
3,17,4,top8_C_D_remaining_gap,chi2_eta003,61,31,30,4,1,53,0.868852459016393,8,0.131147540983607,170.81105132861,210.173660689877,30.4967213114754,260.655737704918,1.20045617501138,5.86889685561118,10.7872883269449,0.720944102141385,10.0663442248036,20.0519292950556,122.682279469165,0.233235753317721,31.8026867508874,5.27879502428376
3,17,4,top8_C_D_remaining_gap,chi2_eta003,61,31,30,4,2,53,0.868852459016393,8,0.131147540983607,84.9077121094791,93.2648424892371,18.6718273667897,159.588268092219,0.595662356175542,2.91212707463598,0.419162186529052,10.1381968173852,-9.71903463085613,20.0519292950556,122.682279469165,0.233235753317721,18.5292135985662,7.46176219466493
3,17,4,top8_C_D_remaining_gap,chi2_eta003,61,31,30,4,3,53,0.868852459016393,8,0.131147540983607,28.0761837088602,29.6300533702945,11.0480135804424,94.4274664995081,0.870075997869404,4.25370487847264,0.568720454390268,9.19278837552905,-8.62406792113878,20.0519292950556,122.682279469165,0.233235753317721,5.86644145045087,2.39624448618396
3,17,4,top8_C_D_remaining_gap,chi2_eta003,61,31,30,4,4,53,0.868852459016393,8,0.131147540983607,78.7361980635819,101.641968053968,15.2483606557377,130.327868852459,0.619348992542736,3.02792840798671,8.27675832719135,0,8.27675832719135,20.0519292950556,122.682279469165,0.233235753317721,19.672131147541,7.08645997910845
3,17,4,top8_C_D_remaining_gap,chi2_eta003,61,31,30,5,1,22,0.360655737704918,31,0.508196721311475,210.173660689877,222.621229220948,12.6590163934426,108.196721311475,0.0580998538698972,1.78852101030982,1.10645541287244,1.25980342137423,-0.153348008501784,5.37505665845175,103.625917252147,0.352338017174083,123.235411159689,10.6010211778718
3,17,4,top8_C_D_remaining_gap,chi2_eta003,61,31,30,5,2,22,0.360655737704918,31,0.508196721311475,93.2648424892371,99.2743959171389,8.43934426229508,72.1311475409836,0,2.10121168923735,0.10969281765485,2.53948365204815,-2.4297908343933,5.37505665845175,103.625917252147,0.352338017174083,71.8007026944441,21.6418782684319
3,17,4,top8_C_D_remaining_gap,chi2_eta003,61,31,30,5,3,22,0.360655737704918,31,0.508196721311475,29.6300533702945,33.4662526273433,5.06360655737705,43.2786885245902,0.025996668470421,0.545930037878842,0.362478717538629,1.5638893493964,-1.20141063185777,5.37505665845175,103.625917252147,0.352338017174083,22.7324606204971,6.08415776774192
3,17,4,top8_C_D_remaining_gap,chi2_eta003,61,31,30,5,4,22,0.360655737704918,31,0.508196721311475,101.641968053968,111.730269793476,6.32950819672131,54.0983606557377,0.0257559319661134,1.00862954902314,3.79642971038583,0.0118802356329812,3.78454947475285,5.37505665845175,103.625917252147,0.352338017174083,76.2295081967213,21.1957954339516
3,17,4,top8_C_D_remaining_gap,chi2_eta003,61,31,30,6,1,2,0.0327868852459016,20,0.327868852459016,222.621229220948,223.679649678051,1.15081967213115,9.83606557377049,0,0.658678979322286,0.203881527826976,0.296280742855511,-0.0923992150285348,0.59153714101566,82.328181108509,0.485448868071819,79.5067168772184,3.46775181975294
3,17,4,top8_C_D_remaining_gap,chi2_eta003,61,31,30,6,2,2,0.0327868852459016,20,0.327868852459016,99.2743959171389,100.20091115545,0.767213114754098,6.55737704918033,0,0.401792078199776,0.159302123556882,0,0.159302123556882,0.59153714101566,82.328181108509,0.485448868071819,46.3230339964156,11.6326425142116
3,17,4,top8_C_D_remaining_gap,chi2_eta003,61,31,30,6,3,2,0.0327868852459016,20,0.327868852459016,33.4662526273433,33.7601183397653,0.460327868852459,3.9344262295082,0.107524425505315,0.125015773962601,0.0324371394080412,0.0913748703331738,-0.0589377309251327,0.59153714101566,82.328181108509,0.485448868071819,14.6661036261272,2.66292375998528
3,17,4,top8_C_D_remaining_gap,chi2_eta003,61,31,30,6,4,2,0.0327868852459016,20,0.327868852459016,111.730269793476,112.189698714319,0.575409836065574,4.91803278688525,0.10801573761989,0.231536256635424,0.195916350223761,0.203881527826976,-0.00796517760321453,0.59153714101566,82.328181108509,0.485448868071819,49.1803278688525,9.33549566339664
3,17,4,top8_C_D_remaining_gap,chi2_eta003,61,31,30,7,1,0,0,2,0.0327868852459016,223.679649678051,223.679649678051,0,0,0,0,0,0,0,0,76.3228727556596,0.522982045277127,7.95067168772184,0.183571555285415
3,17,4,top8_C_D_remaining_gap,chi2_eta003,61,31,30,7,2,0,0,2,0.0327868852459016,100.20091115545,100.20091115545,0,0,0,0,0,0,0,0,76.3228727556596,0.522982045277127,4.63230339964156,0.357491113699849
3,17,4,top8_C_D_remaining_gap,chi2_eta003,61,31,30,7,3,0,0,2,0.0327868852459016,33.7601183397653,33.7601183397653,0,0,0,0,0,0,0,0,76.3228727556596,0.522982045277127,1.46661036261272,0
3,17,4,top8_C_D_remaining_gap,chi2_eta003,61,31,30,7,4,0,0,2,0.0327868852459016,112.189698714319,112.189698714319,0,0,0,0,0,0,0,0,76.3228727556596,0.522982045277127,4.91803278688525,0.192550209224645
3,17,4,top8_C_D_remaining_gap,chi2_eta003,61,31,30,8,1,0,0,0,0,223.679649678051,223.679649678051,0,0,0,0,0,0,0,0,67.9256830601093,0.575464480874317,0,0
3,17,4,top8_C_D_remaining_gap,chi2_eta003,61,31,30,8,2,0,0,0,0,100.20091115545,100.20091115545,0,0,0,0,0,0,0,0,67.9256830601093,0.575464480874317,0,0
3,17,4,top8_C_D_remaining_gap,chi2_eta003,61,31,30,8,3,0,0,0,0,33.7601183397653,33.7601183397653,0,0,0,0,0,0,0,0,67.9256830601093,0.575464480874317,0,0
3,17,4,top8_C_D_remaining_gap,chi2_eta003,61,31,30,8,4,0,0,0,0,112.189698714319,112.189698714319,0,0,0,0,0,0,0,0,67.9256830601093,0.575464480874317,0,0
4,16,4,top8_C_D_remaining_gap,chi2_eta003,57,18,39,1,1,57,1,0,0,58.0445570448695,88.0243810123712,35.1,300,5.12017603249831,0,0,0,0,0,160,0,0,0
4,16,4,top8_C_D_remaining_gap,chi2_eta003,57,18,39,1,2,57,1,0,0,50.3081379386248,67.882050982103,23.4,200,5.82608695652174,0,0,0,0,0,160,0,0,0
4,16,4,top8_C_D_remaining_gap,chi2_eta003,57,18,39,1,3,57,1,0,0,25.2621334423093,37.7163366656137,14.04,120,1.58579677669568,0,0,0,0,0,160,0,0,0
4,16,4,top8_C_D_remaining_gap,chi2_eta003,57,18,39,1,4,57,1,0,0,33.0235808462428,47.7055120125908,17.55,150,2.86806883365201,0,0,0,0,0,160,0,0,0
4,16,4,top8_C_D_remaining_gap,chi2_eta003,57,18,39,2,1,57,1,0,0,88.0243810123712,130.243483563302,35.1,300,10.925982016653,9.16372685267671,18.0450845675836,0,18.0450845675836,24.0299389175607,151.564912280702,0.052719298245614,0,0
4,16,4,top8_C_D_remaining_gap,chi2_eta003,57,18,39,2,2,57,1,0,0,67.882050982103,76.1279005613298,23.4,200,6.66481420943663,5.58984417565653,0,8.48933621133661,-8.48933621133661,24.0299389175607,151.564912280702,0.052719298245614,0,0
4,16,4,top8_C_D_remaining_gap,chi2_eta003,57,18,39,2,3,57,1,0,0,37.7163366656137,32.3584224050577,14.04,120,3.85731155433184,3.2351645294396,0,15.5406027062241,-15.5406027062241,24.0299389175607,151.564912280702,0.052719298245614,0,0
4,16,4,top8_C_D_remaining_gap,chi2_eta003,57,18,39,2,4,57,1,0,0,47.7055120125908,65.6079731947013,17.55,150,5.63239316786665,4.72394265692042,5.98485434997717,0,5.98485434997717,24.0299389175607,151.564912280702,0.052719298245614,0,0
4,16,4,top8_C_D_remaining_gap,chi2_eta003,57,18,39,3,1,57,1,0,0,130.243483563302,178.609898904704,35.1,300,6.07822874722351,15.5754611647602,20.0343006903683,0.689656601742137,19.3446440886262,25.4496915749319,137.982289055973,0.137610693400167,0,0
4,16,4,top8_C_D_remaining_gap,chi2_eta003,57,18,39,3,2,57,1,0,0,76.1279005613298,87.6818717657109,23.4,200,3.89669826740765,9.9852893102321,0.448187614811167,8.39751814302235,-7.94933052821118,25.4496915749319,137.982289055973,0.137610693400167,0,0
4,16,4,top8_C_D_remaining_gap,chi2_eta003,57,18,39,3,3,57,1,0,0,32.3584224050577,27.9200508784224,14.04,120,2.36478466700233,6.05976070919348,0.186332370410564,16.2999192300435,-16.113586859633,25.4496915749319,137.982289055973,0.137610693400167,0,0
4,16,4,top8_C_D_remaining_gap,chi2_eta003,57,18,39,3,4,57,1,0,0,65.6079731947013,84.3456400368763,17.55,150,3.53060645704301,9.04717904617271,4.78087089934181,0.0625976001238301,4.71827329921798,25.4496915749319,137.982289055973,0.137610693400167,0,0
4,16,4,top8_C_D_remaining_gap,chi2_eta003,57,18,39,4,1,49,0.859649122807018,8,0.140350877192982,178.609898904704,216.260625653961,30.1736842105263,257.894736842105,0.428232904536222,6.5662378695554,9.12695574377448,1.22168030050835,7.90527544326613,16.7557198429913,120.016708437761,0.249895572263993,34.4938036214268,5.50672580674688
4,16,4,top8_C_D_remaining_gap,chi2_eta003,57,18,39,4,2,49,0.859649122807018,8,0.140350877192982,87.6818717657109,97.982352936534,19.2824386928738,164.80716831516,0.21248774109186,3.25814536340852,0.0567849128167947,8.8262546937756,-8.76946978095881,16.7557198429913,120.016708437761,0.249895572263993,19.2170345793129,7.08092879365774
4,16,4,top8_C_D_remaining_gap,chi2_eta003,57,18,39,4,3,49,0.859649122807018,8,0.140350877192982,27.9200508784224,32.7376491867806,11.6366831177475,99.4588300662183,0.310377987544056,4.7591291423422,0.102152230201959,6.61085905204724,-6.50870682184528,16.7557198429913,120.016708437761,0.249895572263993,7.3500945757775,3.91988521121906
4,16,4,top8_C_D_remaining_gap,chi2_eta003,57,18,39,4,4,49,0.859649122807018,8,0.140350877192982,84.3456400368763,106.584445941764,15.0868421052632,128.947368421053,0.220937359912906,3.38770618533122,7.46982695619809,0.0969257966601322,7.37290115953796,16.7557198429913,120.016708437761,0.249895572263993,21.0526315789474,7.32053215404357
4,16,4,top8_C_D_remaining_gap,chi2_eta003,57,18,39,5,1,11,0.192982456140351,38,0.666666666666667,216.260625653961,222.119326684056,6.77368421052631,57.8947368421053,0.0898276496929528,0.898276496929528,0.443978680648095,1.26913421138576,-0.82515553073767,2.86594618184685,102.95873015873,0.356507936507936,163.845567201777,16.6163883654779
4,16,4,top8_C_D_remaining_gap,chi2_eta003,57,18,39,5,2,11,0.192982456140351,38,0.666666666666667,97.982352936534,101.68586234344,4.51578947368421,38.5964912280702,0.102212051868802,1.02212051868802,0.085577108870412,0.795645123779786,-0.710068014909374,2.86594618184685,102.95873015873,0.356507936507936,91.2809142517361,24.247690731209
4,16,4,top8_C_D_remaining_gap,chi2_eta003,57,18,39,5,3,11,0.192982456140351,38,0.666666666666667,32.7376491867806,34.6181350282274,2.70947368421053,23.1578947368421,0.0278209960823804,0.278209960823804,0,0.801166846681304,-0.801166846681304,2.86594618184685,102.95873015873,0.356507936507936,34.9129492349431,11.7899233837604
4,16,4,top8_C_D_remaining_gap,chi2_eta003,57,18,39,5,4,11,0.192982456140351,38,0.666666666666667,106.584445941764,112.257361442274,3.38684210526316,28.9473684210526,0.0503169970816142,0.503169970816142,2.33639039232835,0,2.33639039232835,2.86594618184685,102.95873015873,0.356507936507936,100,26.4491715077144
4,16,4,top8_C_D_remaining_gap,chi2_eta003,57,18,39,6,1,2,0.0350877192982456,9,0.157894736842105,222.119326684056,222.771610002189,1.23157894736842,10.5263157894737,0,0.704902065590516,0,0.579295629236075,-0.579295629236075,0.713697519633605,84.9964912280702,0.468771929824561,38.8055290741052,1.29211204619387
4,16,4,top8_C_D_remaining_gap,chi2_eta003,57,18,39,6,2,2,0.0350877192982456,9,0.157894736842105,101.68586234344,102.491475195178,0.821052631578947,7.01754385964912,0,0.429988013512041,0,0.0154397798408238,-0.0154397798408238,0.713697519633605,84.9964912280702,0.468771929824561,21.619163901727,2.7260710074647
4,16,4,top8_C_D_remaining_gap,chi2_eta003,57,18,39,6,3,2,0.0350877192982456,9,0.157894736842105,34.6181350282274,34.9918044966181,0.492631578947368,4.21052631578947,0,0.248858809956893,0,0.118962110556706,-0.118962110556706,0.713697519633605,84.9964912280702,0.468771929824561,8.26885639774969,1.28525344364166
4,16,4,top8_C_D_remaining_gap,chi2_eta003,57,18,39,6,4,2,0.0350877192982456,9,0.157894736842105,112.257361442274,113.586848435592,0.61578947368421,5.26315789473684,0,0.363380204378494,0.713697519633605,0,0.713697519633605,0.713697519633605,84.9964912280702,0.468771929824561,23.6842105263158,2.14020862301249
4,16,4,top8_C_D_remaining_gap,chi2_eta003,57,18,39,7,1,0,0,2,0.0350877192982456,222.771610002189,222.771610002189,0,0,0,0,0,0,0,0,72.9864661654135,0.543834586466165,8.62345090535671,0.254562988019221
4,16,4,top8_C_D_remaining_gap,chi2_eta003,57,18,39,7,2,0,0,2,0.0350877192982456,102.491475195178,102.491475195178,0,0,0,0,0,0,0,0,72.9864661654135,0.543834586466165,4.80425864482822,0.559837337611216
4,16,4,top8_C_D_remaining_gap,chi2_eta003,57,18,39,7,3,0,0,2,0.0350877192982456,34.9918044966181,34.9918044966181,0,0,0,0,0,0,0,0,72.9864661654135,0.543834586466165,1.83752364394438,0.400118001688093
4,16,4,top8_C_D_remaining_gap,chi2_eta003,57,18,39,7,4,0,0,2,0.0350877192982456,113.586848435592,113.586848435592,0,0,0,0,0,0,0,0,72.9864661654135,0.543834586466165,5.26315789473684,0.503239279637358
4,16,4,top8_C_D_remaining_gap,chi2_eta003,57,18,39,8,1,0,0,0,0,222.771610002189,222.771610002189,0,0,0,0,0,0,0,0,70.2783625730994,0.560760233918129,0,0
4,16,4,top8_C_D_remaining_gap,chi2_eta003,57,18,39,8,2,0,0,0,0,102.491475195178,102.491475195178,0,0,0,0,0,0,0,0,70.2783625730994,0.560760233918129,0,0
4,16,4,top8_C_D_remaining_gap,chi2_eta003,57,18,39,8,3,0,0,0,0,34.9918044966181,34.9918044966181,0,0,0,0,0,0,0,0,70.2783625730994,0.560760233918129,0,0
4,16,4,top8_C_D_remaining_gap,chi2_eta003,57,18,39,8,4,0,0,0,0,113.586848435592,113.586848435592,0,0,0,0,0,0,0,0,70.2783625730994,0.560760233918129,0,0
5,16,2,top8_C_D_remaining_gap,chi2_eta003,61,21,40,1,1,61,1,0,0,58.0445570448695,88.0243810123712,35.1,300,5.12017603249831,0,0,0,0,0,160,0,0,0
5,16,2,top8_C_D_remaining_gap,chi2_eta003,61,21,40,1,2,61,1,0,0,50.3081379386248,67.882050982103,23.4,200,5.82608695652174,0,0,0,0,0,160,0,0,0
5,16,2,top8_C_D_remaining_gap,chi2_eta003,61,21,40,1,3,61,1,0,0,25.2621334423093,37.7163366656137,14.04,120,1.58579677669568,0,0,0,0,0,160,0,0,0
5,16,2,top8_C_D_remaining_gap,chi2_eta003,61,21,40,1,4,61,1,0,0,33.0235808462428,47.7055120125908,17.55,150,2.86806883365201,0,0,0,0,0,160,0,0,0
5,16,2,top8_C_D_remaining_gap,chi2_eta003,61,21,40,2,1,61,1,0,0,88.0243810123712,126.083529749914,35.1,300,12.5149006071234,7.57480826220629,15.4740493446666,0,15.4740493446666,20.3331804445911,152.047462919594,0.0497033567525371,0,0
5,16,2,top8_C_D_remaining_gap,chi2_eta003,61,21,40,2,2,61,1,0,0,67.882050982103,76.4548954937045,23.4,200,7.63404948579574,4.62060889929742,0,7.19310600260272,-7.19310600260272,20.3331804445911,152.047462919594,0.0497033567525371,0,0
5,16,2,top8_C_D_remaining_gap,chi2_eta003,61,21,40,2,3,61,1,0,0,37.7163366656137,34.1979984337349,14.04,120,4.41826378989041,2.67421229388103,0,13.1400744419884,-13.1400744419884,20.3331804445911,152.047462919594,0.0497033567525371,0,0
5,16,2,top8_C_D_remaining_gap,chi2_eta003,61,21,40,2,4,61,1,0,0,47.7055120125908,63.6631552216643,17.55,150,6.45148789085096,3.90484793393611,4.8591310999245,0,4.8591310999245,20.3331804445911,152.047462919594,0.0497033567525371,0,0
5,16,2,top8_C_D_remaining_gap,chi2_eta003,61,21,40,3,1,61,1,0,0,126.083529749914,177.962678474572,35.1,300,5.67965637035639,15.9740335416274,23.1032383130352,0.644433218021342,22.4588050950139,29.4893920494206,138.338173302108,0.135386416861827,0,0
5,16,2,top8_C_D_remaining_gap,chi2_eta003,61,21,40,3,2,61,1,0,0,76.4548954937045,86.6124537612864,23.4,200,3.64117706954485,10.2408105080949,0.418798263020271,10.0200629258936,-9.60126466287336,29.4893920494206,138.338173302108,0.135386416861827,0,0
5,16,2,top8_C_D_remaining_gap,chi2_eta003,61,21,40,3,3,61,1,0,0,34.1979984337349,27.4359924020215,14.04,120,2.20971681998579,6.21482855621002,0.174113854318068,18.7664030660456,-18.5922892117276,29.4893920494206,138.338173302108,0.135386416861827,0,0
5,16,2,top8_C_D_remaining_gap,chi2_eta003,61,21,40,3,4,61,1,0,0,63.6631552216643,83.6488127217194,17.55,150,3.29909127953199,9.27869422368373,5.79324161904702,0.0584928394599724,5.73474877958705,29.4893920494206,138.338173302108,0.135386416861827,0,0
5,16,2,top8_C_D_remaining_gap,chi2_eta003,61,21,40,4,1,53,0.868852459016393,8,0.131147540983607,177.962678474572,215.548557819252,30.4967213114754,260.655737704918,0.400152058337126,6.66920097228543,8.65894332215264,1.16963323061097,7.48931009154168,17.4595511581282,120.71818891491,0.245511319281811,32.2319148593661,5.14562903253397
5,16,2,top8_C_D_remaining_gap,chi2_eta003,61,21,40,4,2,53,0.868852459016393,8,0.131147540983607,86.6124537612864,97.3642757807538,19.5524427130132,167.114894983019,0.198554118725181,3.30923531208634,0.263490626366854,8.86555720118741,-8.60206657482055,17.4595511581282,120.71818891491,0.245511319281811,17.956901164276,6.61660559407362
5,16,2,top8_C_D_remaining_gap,chi2_eta003,61,21,40,4,3,53,0.868852459016393,8,0.131147540983607,27.4359924020215,31.7019077404907,11.7942776674034,100.805792029089,0.290025332623135,4.83375554371891,0.0954537233034699,7.33379071961457,-7.2383369963111,17.4595511581282,120.71818891491,0.245511319281811,6.86812116097242,3.66284355802437
5,16,2,top8_C_D_remaining_gap,chi2_eta003,61,21,40,4,4,53,0.868852459016393,8,0.131147540983607,83.6488127217194,107.041817192866,15.2483606557377,130.327868852459,0.206449664180912,3.44082773634854,8.44166348630519,0.0905700067152055,8.35109347958998,17.4595511581282,120.71818891491,0.245511319281811,19.672131147541,6.84049725869645
5,16,2,top8_C_D_remaining_gap,chi2_eta003,61,21,40,5,1,15,0.245901639344262,38,0.622950819672131,215.548557819252,222.402434054789,8.63114754098361,73.7704918032787,0.083937312008169,1.17512236811437,0.528015737493951,2.22134973093163,-1.69333399343767,3.92922455885717,103.514129586261,0.35303669008587,153.101595581989,15.5267891283974
5,16,2,top8_C_D_remaining_gap,chi2_eta003,61,21,40,5,2,15,0.245901639344262,38,0.622950819672131,97.3642757807538,102.178427374398,5.75409836065574,49.1803278688525,0.0955096222380613,1.33713471133286,0.159147995567904,1.00358514034143,-0.84443714477353,3.92922455885717,103.514129586261,0.35303669008587,85.2952805303108,22.6576782242445
5,16,2,top8_C_D_remaining_gap,chi2_eta003,61,21,40,5,3,15,0.245901639344262,38,0.622950819672131,31.7019077404907,34.9320635983743,3.45245901639344,29.5081967213115,0.025996668470421,0.363953358585894,0.422177963409626,0.618484453449063,-0.196306490039437,3.92922455885717,103.514129586261,0.35303669008587,32.623575514619,11.0168136536778
5,16,2,top8_C_D_remaining_gap,chi2_eta003,61,21,40,5,4,15,0.245901639344262,38,0.622950819672131,107.041817192866,114.044451069745,4.3155737704918,36.8852459016393,0.0470175218631477,0.658245306084067,2.81988286238569,0.0858052341350452,2.73407762825064,3.92922455885717,103.514129586261,0.35303669008587,93.4426229508197,24.7147996055692
5,16,2,top8_C_D_remaining_gap,chi2_eta003,61,21,40,6,1,2,0.0327868852459016,13,0.213114754098361,222.402434054789,223.011944696323,1.15081967213115,9.83606557377049,0,0.658678979322286,0,0.541309030597644,-0.541309030597644,0.666897682280582,86.0927400468384,0.46192037470726,52.3768616464698,1.84611761234469
5,16,2,top8_C_D_remaining_gap,chi2_eta003,61,21,40,6,2,2,0.0327868852459016,13,0.213114754098361,102.178427374398,102.931213153891,0.767213114754098,6.55737704918033,0,0.401792078199776,0,0.0144273352610977,-0.0144273352610977,0.666897682280582,86.0927400468384,0.46192037470726,29.1799643919484,4.19274771287318
5,16,2,top8_C_D_remaining_gap,chi2_eta003,61,21,40,6,3,2,0.0327868852459016,13,0.213114754098361,34.9320635983743,35.2812301508049,0.460327868852459,3.9344262295082,0,0.232540199467916,0,0.11116131642184,-0.11116131642184,0.666897682280582,86.0927400468384,0.46192037470726,11.1606968865802,2.03465573423183
5,16,2,top8_C_D_remaining_gap,chi2_eta003,61,21,40,6,4,2,0.0327868852459016,13,0.213114754098361,114.044451069745,115.286758588092,0.575409836065574,4.91803278688525,0,0.339551994255314,0.666897682280582,0,0.666897682280582,0.666897682280582,86.0927400468384,0.46192037470726,31.9672131147541,2.6877045650308
5,16,2,top8_C_D_remaining_gap,chi2_eta003,61,21,40,7,1,0,0,2,0.0327868852459016,223.011944696323,223.011944696323,0,0,0,0,0,0,0,0,73.6124902419984,0.53992193598751,8.05797871484151,0.237870333067141
5,16,2,top8_C_D_remaining_gap,chi2_eta003,61,21,40,7,2,0,0,2,0.0327868852459016,102.931213153891,102.931213153891,0,0,0,0,0,0,0,0,73.6124902419984,0.53992193598751,4.48922529106899,0.523126692521956
5,16,2,top8_C_D_remaining_gap,chi2_eta003,61,21,40,7,3,0,0,2,0.0327868852459016,35.2812301508049,35.2812301508049,0,0,0,0,0,0,0,0,73.6124902419984,0.53992193598751,1.7170302902431,0.373880755675759
5,16,2,top8_C_D_remaining_gap,chi2_eta003,61,21,40,7,4,0,0,2,0.0327868852459016,115.286758588092,115.286758588092,0,0,0,0,0,0,0,0,73.6124902419984,0.53992193598751,4.91803278688525,0.470239982611958
5,16,2,top8_C_D_remaining_gap,chi2_eta003,61,21,40,8,1,0,0,0,0,223.011944696323,223.011944696323,0,0,0,0,0,0,0,0,70.9333333333333,0.556666666666667,0,0
5,16,2,top8_C_D_remaining_gap,chi2_eta003,61,21,40,8,2,0,0,0,0,102.931213153891,102.931213153891,0,0,0,0,0,0,0,0,70.9333333333333,0.556666666666667,0,0
5,16,2,top8_C_D_remaining_gap,chi2_eta003,61,21,40,8,3,0,0,0,0,35.2812301508049,35.2812301508049,0,0,0,0,0,0,0,0,70.9333333333333,0.556666666666667,0,0
5,16,2,top8_C_D_remaining_gap,chi2_eta003,61,21,40,8,4,0,0,0,0,115.286758588092,115.286758588092,0,0,0,0,0,0,0,0,70.9333333333333,0.556666666666667,0,0
6,18,4,top8_C_D_remaining_gap,chi2_eta003,47,19,28,1,1,47,1,0,0,58.0445570448695,88.0243810123712,35.1,300,5.12017603249831,0,0,0,0,0,160,0,0,0
6,18,4,top8_C_D_remaining_gap,chi2_eta003,47,19,28,1,2,47,1,0,0,50.3081379386248,67.882050982103,23.4,200,5.82608695652174,0,0,0,0,0,160,0,0,0
6,18,4,top8_C_D_remaining_gap,chi2_eta003,47,19,28,1,3,47,1,0,0,25.2621334423093,37.7163366656137,14.04,120,1.58579677669568,0,0,0,0,0,160,0,0,0
6,18,4,top8_C_D_remaining_gap,chi2_eta003,47,19,28,1,4,47,1,0,0,33.0235808462428,47.7055120125908,17.55,150,2.86806883365201,0,0,0,0,0,160,0,0,0
6,18,4,top8_C_D_remaining_gap,chi2_eta003,47,19,28,2,1,47,1,0,0,88.0243810123712,125.769876332441,35.1,300,12.8232184272317,7.26649044209798,15.4687137473015,0,15.4687137473015,20.4491101663253,152.569807497467,0.0464387031408308,0,0
6,18,4,top8_C_D_remaining_gap,chi2_eta003,47,19,28,2,2,47,1,0,0,67.882050982103,77.0208936657934,23.4,200,7.82212237346372,4.43253601162944,0,6.43903494284594,-6.43903494284594,20.4491101663253,152.569807497467,0.0464387031408308,0,0
6,18,4,top8_C_D_remaining_gap,chi2_eta003,47,19,28,2,3,47,1,0,0,37.7163366656137,33.2191490482376,14.04,120,4.52711239389666,2.56536368987478,0,14.0100752234794,-14.0100752234794,20.4491101663253,152.569807497467,0.0464387031408308,0,0
6,18,4,top8_C_D_remaining_gap,chi2_eta003,47,19,28,2,4,47,1,0,0,47.7055120125908,63.6254813094102,17.55,150,6.61042712220451,3.74590870258256,4.98039641902389,0,4.98039641902389,20.4491101663253,152.569807497467,0.0464387031408308,0,0
6,18,4,top8_C_D_remaining_gap,chi2_eta003,47,19,28,3,1,47,1,0,0,125.769876332441,166.787202940618,35.1,300,8.75361932612109,12.9000705858627,15.1521380237771,0.481192089479167,14.6709459342979,19.6887463417224,139.765754812563,0.126464032421479,0,0
6,18,4,top8_C_D_remaining_gap,chi2_eta003,47,19,28,3,2,47,1,0,0,77.0208936657934,87.7783624429089,23.4,200,5.61186731862032,8.27012025901942,0.240181257910328,7.27084516217442,-7.0306639042641,19.6887463417224,139.765754812563,0.126464032421479,0,0
6,18,4,top8_C_D_remaining_gap,chi2_eta003,47,19,28,3,3,47,1,0,0,33.2191490482376,32.1652454138139,14.04,120,3.40566727973873,5.01887809645708,0.248472735383833,11.9367090900688,-11.688236354685,19.6887463417224,139.765754812563,0.126464032421479,0,0
6,18,4,top8_C_D_remaining_gap,chi2_eta003,47,19,28,3,4,47,1,0,0,63.6254813094102,80.138798941272,17.55,150,5.08463669278933,7.49314881042638,4.04795432465119,0,4.04795432465119,19.6887463417224,139.765754812563,0.126464032421479,0,0
6,18,4,top8_C_D_remaining_gap,chi2_eta003,47,19,28,4,1,39,0.829787234042553,8,0.170212765957447,166.787202940618,208.358506803879,29.1255319148936,248.936170212766,1.0386925769602,5.71280917328109,14.3684980963621,0.884033571034567,13.4844645253276,23.0025266122037,122.260587639311,0.235871327254306,43.0131529397373,8.71304425874176
6,18,4,top8_C_D_remaining_gap,chi2_eta003,47,19,28,4,2,39,0.829787234042553,8,0.170212765957447,87.7783624429089,94.5167548286928,17.7110278017301,151.376305997693,0.601295097132285,2.74877758689045,0.203770486610731,10.5751108054247,-10.371340318814,23.0025266122037,122.260587639311,0.235871327254306,21.1969818590075,6.84685369666408
6,18,4,top8_C_D_remaining_gap,chi2_eta003,47,19,28,4,3,39,0.829787234042553,8,0.170212765957447,32.1652454138139,30.466703016335,10.623567059298,90.7997184555388,0.878303666879989,4.01510247716566,0.0995764458475583,11.5433822357444,-11.4438057898968,23.0025266122037,122.260587639311,0.235871327254306,7.61391413806822,3.36044439645837
6,18,4,top8_C_D_remaining_gap,chi2_eta003,47,19,28,4,4,39,0.829787234042553,8,0.170212765957447,80.138798941272,102.496355864441,14.5627659574468,124.468085106383,0.535890617661091,2.947398397136,8.33068158338326,0,8.33068158338326,23.0025266122037,122.260587639311,0.235871327254306,25.531914893617,8.80838983908783
6,18,4,top8_C_D_remaining_gap,chi2_eta003,47,19,28,5,1,16,0.340425531914894,23,0.48936170212766,208.358506803879,219.131578122257,11.9489361702128,102.127659574468,0.10893991558507,1.63409873377606,0.558991238594894,1.62591617484474,-1.06692493624984,4.87926719412851,98.8133738601824,0.38241641337386,123.662814701745,16.3286716701829
6,18,4,top8_C_D_remaining_gap,chi2_eta003,47,19,28,5,2,16,0.340425531914894,23,0.48936170212766,94.5167548286928,100.10531115741,7.82141412794227,66.849693401216,0.123959296947271,1.85938945420907,0,2.10889850227745,-2.10889850227745,4.87926719412851,98.8133738601824,0.38241641337386,60.9413228446465,10.1792486160452
6,18,4,top8_C_D_remaining_gap,chi2_eta003,47,19,28,5,3,16,0.340425531914894,23,0.48936170212766,30.466703016335,33.9981512799604,4.69646979372278,40.1407674677161,0.033740356950972,0.50610535426458,0.0131713438598337,1.14445251700632,-1.13128117314649,4.87926719412851,98.8133738601824,0.38241641337386,21.8900031469461,4.73273491802557
6,18,4,top8_C_D_remaining_gap,chi2_eta003,47,19,28,5,4,16,0.340425531914894,23,0.48936170212766,102.496355864441,112.71690582008,5.97446808510638,51.063829787234,0.0610227411415321,0.915341117122981,4.30710461167378,0,4.30710461167378,4.87926719412851,98.8133738601824,0.38241641337386,73.4042553191489,17.545048467699
6,18,4,top8_C_D_remaining_gap,chi2_eta003,47,19,28,6,1,2,0.0425531914893617,14,0.297872340425532,219.131578122257,220.215752004149,1.4936170212766,12.7659574468085,0.11765297851571,0.737228249966405,0,0.291790160868731,-0.291790160868731,0.54828214551539,77.2222897669706,0.517360688956434,75.2730176445403,6.60277796435286
6,18,4,top8_C_D_remaining_gap,chi2_eta003,47,19,28,6,2,2,0.0425531914893617,14,0.297872340425532,100.10531115741,100.634122644443,0.995744680851064,8.51063829787234,0.260737412448791,0.260737412448791,0,0.206195781369629,-0.206195781369629,0.54828214551539,77.2222897669706,0.517360688956434,37.0947182532631,6.30943637855577
6,18,4,top8_C_D_remaining_gap,chi2_eta003,47,19,28,6,3,2,0.0425531914893617,14,0.297872340425532,33.9981512799604,34.4185909891991,0.597446808510638,5.1063829787234,0.150903746463222,0.150903746463222,0.0241928504683208,0.0502962032770304,-0.0261033528087096,0.54828214551539,77.2222897669706,0.517360688956434,13.3243497416194,2.34511237456202
6,18,4,top8_C_D_remaining_gap,chi2_eta003,47,19,28,6,4,2,0.0425531914893617,14,0.297872340425532,112.71690582008,113.987803625765,0.746808510638298,6.38297872340426,0,0.440695141480301,0.524089295047069,0,0.524089295047069,0.54828214551539,77.2222897669706,0.517360688956434,44.6808510638298,8.85197136262613
6,18,4,top8_C_D_remaining_gap,chi2_eta003,47,19,28,7,1,0,0,2,0.0425531914893617,220.215752004149,220.215752004149,0,0,0,0,0,0,0,0,66.1438703140831,0.586600810536981,10.7532882349343,0.84202762353057
6,18,4,top8_C_D_remaining_gap,chi2_eta003,47,19,28,7,2,0,0,2,0.0425531914893617,100.634122644443,100.634122644443,0,0,0,0,0,0,0,0,66.1438703140831,0.586600810536981,5.29924546475187,0.599468370590299
6,18,4,top8_C_D_remaining_gap,chi2_eta003,47,19,28,7,3,0,0,2,0.0425531914893617,34.4185909891991,34.4185909891991,0,0,0,0,0,0,0,0,66.1438703140831,0.586600810536981,1.90347853451705,0.142709573201638
6,18,4,top8_C_D_remaining_gap,chi2_eta003,47,19,28,7,4,0,0,2,0.0425531914893617,113.987803625765,113.987803625765,0,0,0,0,0,0,0,0,66.1438703140831,0.586600810536981,6.38297872340426,0.80678670482206
6,18,4,top8_C_D_remaining_gap,chi2_eta003,47,19,28,8,1,0,0,0,0,220.215752004149,220.215752004149,0,0,0,0,0,0,0,0,65.7758865248227,0.588900709219858,0,0
6,18,4,top8_C_D_remaining_gap,chi2_eta003,47,19,28,8,2,0,0,0,0,100.634122644443,100.634122644443,0,0,0,0,0,0,0,0,65.7758865248227,0.588900709219858,0,0
6,18,4,top8_C_D_remaining_gap,chi2_eta003,47,19,28,8,3,0,0,0,0,34.4185909891991,34.4185909891991,0,0,0,0,0,0,0,0,65.7758865248227,0.588900709219858,0,0
6,18,4,top8_C_D_remaining_gap,chi2_eta003,47,19,28,8,4,0,0,0,0,113.987803625765,113.987803625765,0,0,0,0,0,0,0,0,65.7758865248227,0.588900709219858,0,0
7,9,4,top8_C_D_remaining_gap,chi2_eta003,74,48,26,1,1,74,1,0,0,58.0445570448695,88.0243810123712,35.1,300,5.12017603249831,0,0,0,0,0,160,0,0,0
7,9,4,top8_C_D_remaining_gap,chi2_eta003,74,48,26,1,2,74,1,0,0,50.3081379386248,67.882050982103,23.4,200,5.82608695652174,0,0,0,0,0,160,0,0,0
7,9,4,top8_C_D_remaining_gap,chi2_eta003,74,48,26,1,3,74,1,0,0,25.2621334423093,37.7163366656137,14.04,120,1.58579677669568,0,0,0,0,0,160,0,0,0
7,9,4,top8_C_D_remaining_gap,chi2_eta003,74,48,26,1,4,74,1,0,0,33.0235808462428,47.7055120125908,17.55,150,2.86806883365201,0,0,0,0,0,160,0,0,0
7,9,4,top8_C_D_remaining_gap,chi2_eta003,74,48,26,2,1,74,1,0,0,88.0243810123712,112.67633677791,35.1,300,17.9178484510238,2.17186041830592,7.46980421656285,0,7.46980421656285,8.82774304962415,153.57425997426,0.0401608751608752,0,0
7,9,4,top8_C_D_remaining_gap,chi2_eta003,74,48,26,2,2,74,1,0,0,67.882050982103,78.223197561467,23.4,200,10.9298304515696,1.32482793352359,0,2.12902296906645,-2.12902296906645,8.82774304962415,153.57425997426,0.0401608751608752,0,0
7,9,4,top8_C_D_remaining_gap,chi2_eta003,74,48,26,2,3,74,1,0,0,37.7163366656137,38.731894672503,14.04,120,6.32572191255291,0.766754171218534,0,6.6987200805577,-6.6987200805577,8.82774304962415,153.57425997426,0.0401608751608752,0,0
7,9,4,top8_C_D_remaining_gap,chi2_eta003,74,48,26,2,4,74,1,0,0,47.7055120125908,57.376718893815,17.55,150,9.23673195183711,1.11960387294995,1.35793883306129,0,1.35793883306129,8.82774304962415,153.57425997426,0.0401608751608752,0,0
7,9,4,top8_C_D_remaining_gap,chi2_eta003,74,48,26,3,1,74,1,0,0,112.67633677791,158.018952479229,35.1,300,16.3865761496093,5.26711376237443,26.7021237123823,0.0729318614537258,26.6291918509286,29.9101139271139,144.746975546976,0.0953314028314028,0,0
7,9,4,top8_C_D_remaining_gap,chi2_eta003,74,48,26,3,2,74,1,0,0,78.223197561467,81.3477390796544,23.4,200,10.5052878965922,3.37669968104751,0.047124151268492,9.81729473648883,-9.77017058522034,29.9101139271139,144.746975546976,0.0953314028314028,0,0
7,9,4,top8_C_D_remaining_gap,chi2_eta003,74,48,26,3,3,74,1,0,0,38.731894672503,26.3996961525035,14.04,120,6.37533163604007,2.04921374015574,0.0230204452118806,20.0198873291714,-19.9968668839595,29.9101139271139,144.746975546976,0.0953314028314028,0,0
7,9,4,top8_C_D_remaining_gap,chi2_eta003,74,48,26,3,4,74,1,0,0,57.376718893815,68.5462403474705,17.55,150,9.51832416459568,3.05946133862004,3.13784561825121,0,3.13784561825121,29.9101139271139,144.746975546976,0.0953314028314028,0,0
7,9,4,top8_C_D_remaining_gap,chi2_eta003,74,48,26,4,1,48,0.648648648648649,26,0.351351351351351,158.018952479229,186.901541956711,22.7675675675676,194.594594594595,3.95826090138886,1.31942030046295,10.1831270085982,0.109844197295946,10.0732828113023,15.8533294881993,133.452767052767,0.165920205920206,63.6328973215874,3.0661171296058
7,9,4,top8_C_D_remaining_gap,chi2_eta003,74,48,26,4,2,48,0.648648648648649,26,0.351351351351351,81.3477390796544,83.5847468153708,11.3421415868603,96.941381084276,1.96407587711935,0.654691959039785,0.0676903530288615,7.20874832705337,-7.14105797402451,15.8533294881993,133.452767052767,0.165920205920206,30.0917547251705,1.96170239546368
7,9,4,top8_C_D_remaining_gap,chi2_eta003,74,48,26,4,3,48,0.648648648648649,26,0.351351351351351,26.3996961525035,22.9096206141023,7.81564965910322,66.8004244367797,2.86889923621803,0.956299745406011,0.0658373580023853,8.50266331928878,-8.4368259612864,15.8533294881993,133.452767052767,0.165920205920206,9.96585582713652,2.46301895692101
7,9,4,top8_C_D_remaining_gap,chi2_eta003,74,48,26,4,4,48,0.648648648648649,26,0.351351351351351,68.5462403474705,83.3924474960679,11.3837837837838,97.2972972972973,2.04217775919497,0.680725919731656,5.53667476856977,0.0320736445611629,5.50460112400861,15.8533294881993,133.452767052767,0.165920205920206,38.7168589919218,10.1576996006411
7,9,4,top8_C_D_remaining_gap,chi2_eta003,74,48,26,5,1,18,0.243243243243243,30,0.405405405405405,186.901541956711,193.885289657381,8.22366143107625,70.2877045391133,1.17625665611448,0.0691915680067339,0.0169074825794941,0.0805645568709533,-0.0636570742914592,0.573954085715362,121.876962676963,0.238268983268983,73.4225738326008,0.106532046644338
7,9,4,top8_C_D_remaining_gap,chi2_eta003,74,48,26,5,2,18,0.243243243243243,30,0.405405405405405,83.5847468153708,86.0585971573422,4.17111759787574,35.6505777596217,1.33842538190364,0.0787309048178613,0,0.358841874000725,-0.358841874000725,0.573954085715362,121.876962676963,0.238268983268983,34.7212554521199,0.36716181874824
7,9,4,top8_C_D_remaining_gap,chi2_eta003,74,48,26,5,3,18,0.243243243243243,30,0.405405405405405,22.9096206141023,24.3583439370623,1.94757564272027,16.6459456642758,0.364304664916576,0.0214296861715633,0,0.134547654843683,-0.134547654843683,0.573954085715362,121.876962676963,0.238268983268983,11.4990644159268,1.96818888823964
7,9,4,top8_C_D_remaining_gap,chi2_eta003,74,48,26,5,4,18,0.243243243243243,30,0.405405405405405,83.3924474960679,87.5556851238481,4.26507170264545,36.453604296115,0.658880678001137,0.0387576869412434,0.557046603135867,0,0.557046603135867,0.573954085715362,121.876962676963,0.238268983268983,44.6732988368328,8.96755927588516
7,9,4,top8_C_D_remaining_gap,chi2_eta003,74,48,26,6,1,3,0.0405405405405405,15,0.202702702702703,193.885289657381,193.938289487059,0.867447486543009,7.41408108156418,0.814447656864718,0,0,0,0,0.070564923663938,111.827541827542,0.301077863577864,36.7112869163004,0
7,9,4,top8_C_D_remaining_gap,chi2_eta003,74,48,26,6,2,3,0.0405405405405405,15,0.202702702702703,86.0585971573422,85.4912217586069,0,0,0.496810475071345,0,0,0.070564923663938,-0.070564923663938,0.070564923663938,111.827541827542,0.301077863577864,17.3606277260599,1.9203857723246e-16
7,9,4,top8_C_D_remaining_gap,chi2_eta003,74,48,26,6,3,3,0.0405405405405405,15,0.202702702702703,24.3583439370623,24.0766881007132,0,0,0.28753281420695,0,0.00587697785787432,0,0.00587697785787432,0.070564923663938,111.827541827542,0.301077863577864,5.74953220796338,0.106975180449181
7,9,4,top8_C_D_remaining_gap,chi2_eta003,74,48,26,6,4,3,0.0405405405405405,15,0.202702702702703,87.5556851238481,87.6486455462626,0.44812392896467,3.83011905098009,0.419851452356232,0,0.0646879458060637,0,0.0646879458060637,0.070564923663938,111.827541827542,0.301077863577864,22.3366494184164,2.77843106217516
7,9,4,top8_C_D_remaining_gap,chi2_eta003,74,48,26,7,1,0,0,3,0.0405405405405405,193.938289487059,193.938289487059,0,0,0,0,0,0,0,0,105.440926640927,0.340994208494209,7.34225738326008,0
7,9,4,top8_C_D_remaining_gap,chi2_eta003,74,48,26,7,2,0,0,3,0.0405405405405405,85.4912217586069,85.4912217586069,0,0,0,0,0,0,0,0,105.440926640927,0.340994208494209,3.47212554521198,0.00370424313273422
7,9,4,top8_C_D_remaining_gap,chi2_eta003,74,48,26,7,3,0,0,3,0.0405405405405405,24.0766881007132,24.0766881007132,0,0,0,0,0,0,0,0,105.440926640927,0.340994208494209,1.14990644159268,0.0758808958818545
7,9,4,top8_C_D_remaining_gap,chi2_eta003,74,48,26,7,4,0,0,3,0.0405405405405405,87.6486455462626,87.6486455462626,0,0,0,0,0,0,0,0,105.440926640927,0.340994208494209,4.46732988368328,0.641801645890258
7,9,4,top8_C_D_remaining_gap,chi2_eta003,74,48,26,8,1,0,0,0,0,193.938289487059,193.938289487059,0,0,0,0,0,0,0,0,102.392792792793,0.360045045045045,0,0
7,9,4,top8_C_D_remaining_gap,chi2_eta003,74,48,26,8,2,0,0,0,0,85.4912217586069,85.4912217586069,0,0,0,0,0,0,0,0,102.392792792793,0.360045045045045,0,0
7,9,4,top8_C_D_remaining_gap,chi2_eta003,74,48,26,8,3,0,0,0,0,24.0766881007132,24.0766881007132,0,0,0,0,0,0,0,0,102.392792792793,0.360045045045045,0,0
7,9,4,top8_C_D_remaining_gap,chi2_eta003,74,48,26,8,4,0,0,0,0,87.6486455462626,87.6486455462626,0,0,0,0,0,0,0,0,102.392792792793,0.360045045045045,0,0
8,18,1,top8_C_D_remaining_gap,chi2_eta003,51,29,22,1,1,51,1,0,0,58.0445570448695,88.0243810123712,35.1,300,5.12017603249831,0,0,0,0,0,160,0,0,0
8,18,1,top8_C_D_remaining_gap,chi2_eta003,51,29,22,1,2,51,1,0,0,50.3081379386248,67.882050982103,23.4,200,5.82608695652174,0,0,0,0,0,160,0,0,0
8,18,1,top8_C_D_remaining_gap,chi2_eta003,51,29,22,1,3,51,1,0,0,25.2621334423093,37.7163366656137,14.04,120,1.58579677669568,0,0,0,0,0,160,0,0,0
8,18,1,top8_C_D_remaining_gap,chi2_eta003,51,29,22,1,4,51,1,0,0,33.0235808462428,47.7055120125908,17.55,150,2.86806883365201,0,0,0,0,0,160,0,0,0
8,18,1,top8_C_D_remaining_gap,chi2_eta003,51,29,22,2,1,51,1,0,0,88.0243810123712,126.829965220009,35.1,300,12.211391665671,7.87831720365871,15.916975873309,0,15.916975873309,21.4102671195598,152.592343604108,0.0462978524743231,0,0
8,18,1,top8_C_D_remaining_gap,chi2_eta003,51,29,22,2,2,51,1,0,0,67.882050982103,76.9956142347243,23.4,200,7.44890999878212,4.80574838631104,0,6.83752674859661,-6.83752674859661,21.4102671195598,152.592343604108,0.0462978524743231,0,0
8,18,1,top8_C_D_remaining_gap,chi2_eta003,51,29,22,2,3,51,1,0,0,37.7163366656137,32.8724833809855,14.04,120,4.31111291366499,2.78136317010645,0,14.5727403709631,-14.5727403709631,21.4102671195598,152.592343604108,0.0462978524743231,0,0
8,18,1,top8_C_D_remaining_gap,chi2_eta003,51,29,22,2,4,51,1,0,0,47.7055120125908,64.4537756006377,17.55,150,6.2950276582039,4.06130816658316,5.4932912462508,0,5.4932912462508,21.4102671195598,152.592343604108,0.0462978524743231,0,0
8,18,1,top8_C_D_remaining_gap,chi2_eta003,51,29,22,3,1,51,1,0,0,126.829965220009,168.511158906936,35.1,300,8.06706094760179,13.586628964382,15.0917061679704,0.443451533441585,14.6482546345288,19.6730615425093,139.894677871148,0.125658263305322,0,0
8,18,1,top8_C_D_remaining_gap,chi2_eta003,51,29,22,3,2,51,1,0,0,76.9956142347243,88.2365939199066,23.4,200,5.17172086225795,8.7102667153818,0.22134351219187,7.20864296475167,-6.9872994525598,19.6730615425093,139.894677871148,0.125658263305322,0,0
8,18,1,top8_C_D_remaining_gap,chi2_eta003,51,29,22,3,3,51,1,0,0,32.8724833809855,31.9819448938326,14.04,120,3.13855612054354,5.28598925565227,0.228984677706669,12.0209670443161,-11.7919823666094,19.6730615425093,139.894677871148,0.125658263305322,0,0
8,18,1,top8_C_D_remaining_gap,chi2_eta003,51,29,22,3,4,51,1,0,0,64.4537756006377,81.4489611272173,17.55,150,4.68584165806076,7.89194384515496,4.1310271846404,0,4.1310271846404,19.6730615425093,139.894677871148,0.125658263305322,0,0
8,18,1,top8_C_D_remaining_gap,chi2_eta003,51,29,22,4,1,43,0.843137254901961,8,0.156862745098039,168.511158906936,209.395321195686,29.5941176470588,252.941176470588,1.20940297480306,5.65072022139485,13.3141452211733,0.814697604678915,12.4994476164944,21.2993094247553,123.181325863679,0.230116713352007,39.6395723170128,8.02966823844829
8,18,1,top8_C_D_remaining_gap,chi2_eta003,51,29,22,4,2,43,0.843137254901961,8,0.156862745098039,88.2365939199066,95.9433902140371,18.1572216996337,155.189929056698,0.791620996224577,2.6123492875411,0.187788487660869,9.84659289693935,-9.65880440927847,21.2993094247553,123.181325863679,0.230116713352007,19.5344734779088,6.30984556359239
8,18,1,top8_C_D_remaining_gap,chi2_eta003,51,29,22,4,3,43,0.843137254901961,8,0.156862745098039,31.9819448938326,31.1709049336068,10.891522584059,93.0899366158887,1.15631014967393,3.81582349392398,0.0917665285261812,10.638018923137,-10.5462523946108,21.2993094247553,123.181325863679,0.230116713352007,7.01674440174914,3.09688013006948
8,18,1,top8_C_D_remaining_gap,chi2_eta003,51,29,22,4,4,43,0.843137254901961,8,0.156862745098039,81.4489611272173,103.250345100723,14.7970588235294,126.470588235294,0.701284037418907,2.83804582628392,7.70560918739492,0,7.70560918739492,21.2993094247553,123.181325863679,0.230116713352007,23.5294117647059,8.11753573406133
8,18,1,top8_C_D_remaining_gap,chi2_eta003,51,29,22,5,1,20,0.392156862745098,23,0.450980392156863,209.395321195686,221.235807981008,13.7647058823529,117.647058823529,0.200791216960718,1.80712095264646,0.539322467123002,2.26275034719398,-1.72342788007098,6.06362307366997,100.176283846872,0.373898225957049,113.963770411412,15.0479915391882
8,18,1,top8_C_D_remaining_gap,chi2_eta003,51,29,22,5,2,20,0.392156862745098,23,0.450980392156863,95.9433902140371,102.515695880273,9.04326400026052,77.2928547030814,0.270377171878186,2.01436281107152,0,2.20058116214696,-2.20058116214696,6.06362307366997,100.176283846872,0.373898225957049,56.1616112489879,9.38087617557108
8,18,1,top8_C_D_remaining_gap,chi2_eta003,51,29,22,5,3,20,0.392156862745098,23,0.450980392156863,31.1709049336068,35.0845976437509,5.42929569225433,46.4042366859344,0.0932821633350401,0.528598925565227,0.177970745553899,1.60029156432903,-1.42232081877513,6.06362307366997,100.176283846872,0.373898225957049,20.1731401550288,4.36154002249415
8,18,1,top8_C_D_remaining_gap,chi2_eta003,51,29,22,5,4,20,0.392156862745098,23,0.450980392156863,103.250345100723,115.366554615298,6.88235294117647,58.8235294117647,0.112473287594196,1.01225958834777,5.34632986099307,0,5.34632986099307,6.06362307366997,100.176283846872,0.373898225957049,67.6470588235294,16.1689662349383
8,18,1,top8_C_D_remaining_gap,chi2_eta003,51,29,22,6,1,2,0.0392156862745098,18,0.352941176470588,221.235807981008,222.234948617261,1.37647058823529,11.7647058823529,0.108425293926243,0.679406426439629,0,0.268904658055497,-0.268904658055497,0.505279624298496,78.390289449113,0.510060690943044,89.1890377132789,6.61367888476635
8,18,1,top8_C_D_remaining_gap,chi2_eta003,51,29,22,6,2,2,0.0392156862745098,18,0.352941176470588,102.515695880273,103.003031956557,0.917647058823529,7.84313725490196,0.240287419315552,0.240287419315552,0,0.190023563222991,-0.190023563222991,0.505279624298496,78.390289449113,0.510060690943044,43.9525653252949,5.87284513865618
8,18,1,top8_C_D_remaining_gap,chi2_eta003,51,29,22,6,3,2,0.0392156862745098,18,0.352941176470588,35.0845976437509,35.4720616895199,0.550588235294118,4.70588235294118,0.139068158505322,0.139068158505322,0.0222953720002172,0.0463514030200084,-0.0240560310197912,0.505279624298496,78.390289449113,0.510060690943044,15.7876749039356,2.1611833346465
8,18,1,top8_C_D_remaining_gap,chi2_eta003,51,29,22,6,4,2,0.0392156862745098,18,0.352941176470588,115.366554615298,116.537774161714,0.688235294117647,5.88235294117647,0,0.406130816658316,0.482984252298279,0,0.482984252298279,0.505279624298496,78.390289449113,0.510060690943044,52.9411764705882,8.43221455307782
8,18,1,top8_C_D_remaining_gap,chi2_eta003,51,29,22,7,1,0,0,2,0.0392156862745098,222.234948617261,222.234948617261,0,0,0,0,0,0,0,0,67.4031746031746,0.578730158730159,9.90989307925321,0.775986241292878
8,18,1,top8_C_D_remaining_gap,chi2_eta003,51,29,22,7,2,0,0,2,0.0392156862745098,103.003031956557,103.003031956557,0,0,0,0,0,0,0,0,67.4031746031746,0.578730158730159,4.88361836947721,0.552451243485177
8,18,1,top8_C_D_remaining_gap,chi2_eta003,51,29,22,7,3,0,0,2,0.0392156862745098,35.4720616895199,35.4720616895199,0,0,0,0,0,0,0,0,67.4031746031746,0.578730158730159,1.75418610043729,0.131516665499549
8,18,1,top8_C_D_remaining_gap,chi2_eta003,51,29,22,7,4,0,0,2,0.0392156862745098,116.537774161714,116.537774161714,0,0,0,0,0,0,0,0,67.4031746031746,0.578730158730159,5.88235294117647,0.743509316208565
8,18,1,top8_C_D_remaining_gap,chi2_eta003,51,29,22,8,1,0,0,0,0,222.234948617261,222.234948617261,0,0,0,0,0,0,0,0,66.1019607843137,0.586862745098039,0,0
8,18,1,top8_C_D_remaining_gap,chi2_eta003,51,29,22,8,2,0,0,0,0,103.003031956557,103.003031956557,0,0,0,0,0,0,0,0,66.1019607843137,0.586862745098039,0,0
8,18,1,top8_C_D_remaining_gap,chi2_eta003,51,29,22,8,3,0,0,0,0,35.4720616895199,35.4720616895199,0,0,0,0,0,0,0,0,66.1019607843137,0.586862745098039,0,0
8,18,1,top8_C_D_remaining_gap,chi2_eta003,51,29,22,8,4,0,0,0,0,116.537774161714,116.537774161714,0,0,0,0,0,0,0,0,66.1019607843137,0.586862745098039,0,0
9,19,4,priority_state19_largest_gap_site,chi2_eta003,26,16,10,1,1,26,1,0,0,58.0445570448695,88.0243810123711,35.1,300,5.12017603249831,0,0,0,0,0,160,0,0,0
9,19,4,priority_state19_largest_gap_site,chi2_eta003,26,16,10,1,2,26,1,0,0,50.3081379386247,67.882050982103,23.4,200,5.82608695652174,0,0,0,0,0,160,0,0,0
9,19,4,priority_state19_largest_gap_site,chi2_eta003,26,16,10,1,3,26,1,0,0,25.2621334423093,37.7163366656137,14.04,120,1.58579677669568,0,0,0,0,0,160,0,0,0
9,19,4,priority_state19_largest_gap_site,chi2_eta003,26,16,10,1,4,26,1,0,0,33.0235808462428,47.7055120125908,17.55,150,2.86806883365201,0,0,0,0,0,160,0,0,0
9,19,4,priority_state19_largest_gap_site,chi2_eta003,26,16,10,2,1,26,1,0,0,88.0243810123711,116.776553910845,35.1,300,16.2263033175355,3.86340555179418,9.87847621600977,0,9.87847621600977,12.8642830736355,153.188278388278,0.0425732600732601,0,0
9,19,4,priority_state19_largest_gap_site,chi2_eta003,26,16,10,2,2,26,1,0,0,67.882050982103,77.3591210569289,23.4,200,9.89799331103679,2.35666507405638,0,4.02493661413728,-4.02493661413728,12.8642830736355,153.188278388278,0.0425732600732601,0,0
9,19,4,priority_state19_largest_gap_site,chi2_eta003,26,16,10,2,3,26,1,0,0,37.7163366656137,37.1884518307616,14.04,120,5.72853837535386,1.36393770841758,0,8.8393464594982,-8.8393464594982,12.8642830736355,153.188278388278,0.0425732600732601,0,0
9,19,4,priority_state19_largest_gap_site,chi2_eta003,26,16,10,2,4,26,1,0,0,47.7055120125908,59.8765860886577,17.55,150,8.36473278155878,1.99160304322828,2.98580685762572,0,2.98580685762572,12.8642830736355,153.188278388278,0.0425732600732601,0,0
9,19,4,priority_state19_largest_gap_site,chi2_eta003,26,16,10,3,1,26,1,0,0,116.776553910845,170.258414416912,35.1,300,9.16117650122389,12.4925134107599,28.4031017527317,0.860064745441231,27.5430370072905,34.7049396302843,138.259340659341,0.135879120879121,0,0
9,19,4,priority_state19_largest_gap_site,chi2_eta003,26,16,10,3,2,26,1,0,0,77.3591210569289,81.8181164690611,23.4,200,5.87314859053989,8.00883898709985,0.449746906221998,13.51760290355,-13.067855997328,34.7049396302843,138.259340659341,0.135879120879121,0,0
9,19,4,priority_state19_largest_gap_site,chi2_eta003,26,16,10,3,3,26,1,0,0,37.1884518307616,27.7957242377837,14.04,120,3.56423073608284,4.86031464011297,0.410317839219233,20.2788146961143,-19.868496856895,34.7049396302843,138.259340659341,0.135879120879121,0,0
9,19,4,priority_state19_largest_gap_site,chi2_eta003,26,16,10,3,4,26,1,0,0,59.8765860886577,77.4985311457683,17.55,150,5.32137078982203,7.25641471339368,5.44177313211135,0.0484572851787857,5.39331584693257,34.7049396302843,138.259340659341,0.135879120879121,0,0
9,19,4,priority_state19_largest_gap_site,chi2_eta003,26,16,10,4,1,22,0.846153846153846,4,0.153846153846154,170.258414416912,206.504594202872,29.7,253.846153846154,2.19057601166606,4.69409145357013,10.6318142950248,1.89505849739851,8.73675579762632,16.9129797611878,119.012454212454,0.256172161172161,35.5842494774008,5.89914505136358
9,19,4,priority_state19_largest_gap_site,chi2_eta003,26,16,10,4,2,22,0.846153846153846,4,0.153846153846154,81.8181164690611,90.6682739734346,14.6193414748854,124.951636537482,1.08695652173913,2.32919254658385,0.86096457075299,5.54319201952576,-4.68222744877277,16.9129797611878,119.012454212454,0.256172161172161,18.7567212418362,6.98871152163049
9,19,4,priority_state19_largest_gap_site,chi2_eta003,26,16,10,4,3,22,0.846153846153846,4,0.153846153846154,27.7957242377837,26.6324017912059,9.69587129805874,82.870694855203,1.5877027824369,3.40222024807908,0.20323828206389,9.47472924426357,-9.27149096219968,16.9129797611878,119.012454212454,0.256172161172161,7.70696694104894,4.91258319502762
9,19,4,priority_state19_largest_gap_site,chi2_eta003,26,16,10,4,4,22,0.846153846153846,4,0.153846153846154,77.4985311457683,96.4353141872522,14.85,126.923076923077,1.13017957186217,2.42181336827608,5.21696261334613,0,5.21696261334613,16.9129797611878,119.012454212454,0.256172161172161,21.4846217754491,8.54518097391376
9,19,4,priority_state19_largest_gap_site,chi2_eta003,26,16,10,5,1,8,0.307692307692308,14,0.538461538461538,206.504594202872,219.372960286232,10.8,92.3076923076923,0.196929847403781,1.37850893182647,2.45376607058677,0.188470139823531,2.26529593076324,5.58477529145335,95.7025641025641,0.401858974358974,124.544873170903,4.26394402696735
9,19,4,priority_state19_largest_gap_site,chi2_eta003,26,16,10,5,2,8,0.307692307692308,14,0.538461538461538,90.6682739734346,95.351324515981,7.2,61.5384615384615,0.224080267558528,1.5685618729097,0.0377844195940671,2.33065360948912,-2.29286918989505,5.58477529145335,95.7025641025641,0.401858974358974,65.6485243464266,11.7328888565351
9,19,4,priority_state19_largest_gap_site,chi2_eta003,26,16,10,5,3,8,0.307692307692308,14,0.538461538461538,26.6324017912059,27.8257580653461,4.32,36.9230769230769,0.0609921837190647,0.426945286033453,0,3.0656515421407,-3.0656515421407,5.58477529145335,95.7025641025641,0.401858974358974,26.9743842936713,9.50319415557039
9,19,4,priority_state19_largest_gap_site,chi2_eta003,26,16,10,5,4,8,0.307692307692308,14,0.538461538461538,96.4353141872522,104.818228648769,5.4,46.1538461538462,0.110310339755846,0.772172378290925,3.09322480127252,0,3.09322480127252,5.58477529145335,95.7025641025641,0.401858974358974,75.1961762140718,15.4184129960304
9,19,4,priority_state19_largest_gap_site,chi2_eta003,26,16,10,6,1,2,0.0769230769230769,6,0.230769230769231,219.372960286232,220.600943304996,2.7,23.0769230769231,0.772681110358835,0.772681110358835,0,0.6993358708772,-0.6993358708772,1.34345231968946,74.1714285714286,0.536428571428571,53.3763742161012,1.17750616953505
9,19,4,priority_state19_largest_gap_site,chi2_eta003,26,16,10,6,2,2,0.0769230769230769,6,0.230769230769231,95.351324515981,96.2652594626424,1.8,15.3846153846154,0.471333014811276,0.471333014811276,0,0.414732038527352,-0.414732038527352,1.34345231968946,74.1714285714286,0.536428571428571,28.1350818627542,6.0959697132118
9,19,4,priority_state19_largest_gap_site,chi2_eta003,26,16,10,6,3,2,0.0769230769230769,6,0.230769230769231,27.8257580653461,28.7343290140562,1.08,9.23076923076923,0.085433316953332,0.460141766413702,0.143388675948298,0.229384410284906,-0.0859957343366079,1.34345231968946,74.1714285714286,0.536428571428571,11.5604504115734,6.21782705185335
9,19,4,priority_state19_largest_gap_site,chi2_eta003,26,16,10,6,4,2,0.0769230769230769,6,0.230769230769231,104.818228648769,107.090844102911,1.35,11.5384615384615,0.277448189598707,0.519193027692606,1.20006364374116,0,1.20006364374116,1.34345231968946,74.1714285714286,0.536428571428571,32.2269326631736,7.71295297553582
9,19,4,priority_state19_largest_gap_site,chi2_eta003,26,16,10,7,1,0,0,2,0.0769230769230769,220.600943304996,220.600943304996,0,0,0,0,0,0,0,0,70.7472527472528,0.55782967032967,17.7921247387004,0
9,19,4,priority_state19_largest_gap_site,chi2_eta003,26,16,10,7,2,0,0,2,0.0769230769230769,96.2652594626424,96.2652594626424,0,0,0,0,0,0,0,0,70.7472527472528,0.55782967032967,9.37836062091808,0.835858517915223
9,19,4,priority_state19_largest_gap_site,chi2_eta003,26,16,10,7,3,0,0,2,0.0769230769230769,28.7343290140562,28.7343290140562,0,0,0,0,0,0,0,0,70.7472527472528,0.55782967032967,3.85348347052447,0.727351700310608
9,19,4,priority_state19_largest_gap_site,chi2_eta003,26,16,10,7,4,0,0,2,0.0769230769230769,107.090844102911,107.090844102911,0,0,0,0,0,0,0,0,70.7472527472528,0.55782967032967,10.7423108877245,0.882650492027771
9,19,4,priority_state19_largest_gap_site,chi2_eta003,26,16,10,8,1,0,0,0,0,220.600943304996,220.600943304996,0,0,0,0,0,0,0,0,67.3948717948718,0.578782051282051,0,0
9,19,4,priority_state19_largest_gap_site,chi2_eta003,26,16,10,8,2,0,0,0,0,96.2652594626424,96.2652594626424,0,0,0,0,0,0,0,0,67.3948717948718,0.578782051282051,0,0
9,19,4,priority_state19_largest_gap_site,chi2_eta003,26,16,10,8,3,0,0,0,0,28.7343290140562,28.7343290140562,0,0,0,0,0,0,0,0,67.3948717948718,0.578782051282051,0,0
9,19,4,priority_state19_largest_gap_site,chi2_eta003,26,16,10,8,4,0,0,0,0,107.090844102911,107.090844102911,0,0,0,0,0,0,0,0,67.3948717948718,0.578782051282051,0,0
10,14,1,priority_state14_site1,chi2_eta003,42,36,6,1,1,42,1,0,0,58.0445570448695,88.0243810123711,35.1,300,5.12017603249831,0,0,0,0,0,160,0,0,0
10,14,1,priority_state14_site1,chi2_eta003,42,36,6,1,2,42,1,0,0,50.3081379386247,67.882050982103,23.4,200,5.82608695652174,0,0,0,0,0,160,0,0,0
10,14,1,priority_state14_site1,chi2_eta003,42,36,6,1,3,42,1,0,0,25.2621334423094,37.7163366656137,14.04,120,1.58579677669568,0,0,0,0,0,160,0,0,0
10,14,1,priority_state14_site1,chi2_eta003,42,36,6,1,4,42,1,0,0,33.0235808462428,47.7055120125908,17.55,150,2.86806883365201,0,0,0,0,0,160,0,0,0
10,14,1,priority_state14_site1,chi2_eta003,42,36,6,2,1,42,1,0,0,88.0243810123711,106.46614314884,35.1,300,20.0897088693297,0,3.43147100579805,0,3.43147100579805,3.43147100579805,153.787755102041,0.0388265306122449,0,0
10,14,1,priority_state14_site1,chi2_eta003,42,36,6,2,2,42,1,0,0,67.882050982103,78.9009306283181,23.4,200,12.2546583850932,0,0,0.126461968691823,-0.126461968691823,3.43147100579805,153.787755102041,0.0388265306122449,0,0
10,14,1,priority_state14_site1,chi2_eta003,42,36,6,2,3,42,1,0,0,37.7163366656137,41.358851544736,14.04,120,7.09247608377144,0,0,3.30500903710623,-3.30500903710623,3.43147100579805,153.787755102041,0.0388265306122449,0,0
10,14,1,priority_state14_site1,chi2_eta003,42,36,6,2,4,42,1,0,0,47.7055120125908,54.8991761878037,17.55,150,10.3563358247871,0,0,0,0,3.43147100579805,153.787755102041,0.0388265306122449,0,0
10,14,1,priority_state14_site1,chi2_eta003,42,36,6,3,1,42,1,0,0,106.46614314884,162.549410860581,35.1,300,18.5603056388432,3.09338427314054,39.5435733505846,0,39.5435733505846,42.3270201373392,143.570068027211,0.102687074829932,0,0
10,14,1,priority_state14_site1,chi2_eta003,42,36,6,3,2,42,1,0,0,78.9009306283181,73.9035061880499,23.4,200,11.8988464951198,1.98314108251996,0,16.4985779451483,-16.4985779451483,42.3270201373392,143.570068027211,0.102687074829932,0,0
10,14,1,priority_state14_site1,chi2_eta003,42,36,6,3,3,42,1,0,0,41.358851544736,23.0242938028528,14.04,120,7.22103889388213,1.20350648231369,0,25.153518848001,-25.153518848001,42.3270201373392,143.570068027211,0.102687074829932,0,0
10,14,1,priority_state14_site1,chi2_eta003,42,36,6,3,4,42,1,0,0,54.8991761878037,63.7767406276122,17.55,150,10.7809590027563,1.79682650045939,2.7834467867546,0.674923344189798,2.1085234425648,42.3270201373392,143.570068027211,0.102687074829932,0,0
10,14,1,priority_state14_site1,chi2_eta003,42,36,6,4,1,21,0.5,21,0.5,162.549410860581,184.758116489749,17.55,150,3.68076377470419,0.387448818389915,8.33946940387272,0,8.33946940387272,10.1107265052235,122.99410430839,0.231286848072562,102.146515960658,11.7667166512999
10,14,1,priority_state14_site1,chi2_eta003,42,36,6,4,2,21,0.5,21,0.5,73.9035061880499,73.9715593762937,6.17544636870242,52.7815928948925,1.82638272700384,0.192250813368826,0,4.28101045345478,-4.28101045345478,10.1107265052235,122.99410430839,0.231286848072562,16.3652603703724,0
10,14,1,priority_state14_site1,chi2_eta003,42,36,6,4,3,21,0.5,21,0.5,23.0242938028528,19.3434636545012,4.36011186852794,37.2659134062217,2.66777270246201,0.280818179206527,0,5.37316931441754,-5.37316931441754,10.1107265052235,122.99410430839,0.231286848072562,4.90958969788034,0
10,14,1,priority_state14_site1,chi2_eta003,42,36,6,4,4,21,0.5,21,0.5,63.7767406276122,71.967441779027,8.775,75,1.89900921258474,0.199895706587867,1.77125710135078,0.456546737351189,1.31471036399959,10.1107265052235,122.99410430839,0.231286848072562,26.3208685832421,6.76707367390572e-16
10,14,1,priority_state14_site1,chi2_eta003,42,36,6,5,1,0,0,21,0.5,184.758116489749,184.758116489749,0,0,0,0,0,0,0,0,104.507936507937,0.346825396825397,102.146515960658,7.76819878026682
10,14,1,priority_state14_site1,chi2_eta003,42,36,6,5,2,0,0,21,0.5,73.9715593762937,73.9715593762937,0,0,0,0,0,0,0,0,104.507936507937,0.346825396825397,16.3652603703724,0
10,14,1,priority_state14_site1,chi2_eta003,42,36,6,5,3,0,0,21,0.5,19.3434636545012,19.3434636545012,0,0,0,0,0,0,0,0,104.507936507937,0.346825396825397,4.90958969788034,0
10,14,1,priority_state14_site1,chi2_eta003,42,36,6,5,4,0,0,21,0.5,71.967441779027,71.967441779027,0,0,0,0,0,0,0,0,104.507936507937,0.346825396825397,26.3208685832421,0
10,14,1,priority_state14_site1,chi2_eta003,42,36,6,6,1,0,0,0,0,184.758116489749,184.758116489749,0,0,0,0,0,0,0,0,103.980952380952,0.350119047619048,0,0
10,14,1,priority_state14_site1,chi2_eta003,42,36,6,6,2,0,0,0,0,73.9715593762937,73.9715593762937,0,0,0,0,0,0,0,0,103.980952380952,0.350119047619048,0,0
10,14,1,priority_state14_site1,chi2_eta003,42,36,6,6,3,0,0,0,0,19.3434636545012,19.3434636545012,0,0,0,0,0,0,0,0,103.980952380952,0.350119047619048,0,0
10,14,1,priority_state14_site1,chi2_eta003,42,36,6,6,4,0,0,0,0,71.967441779027,71.967441779027,0,0,0,0,0,0,0,0,103.980952380952,0.350119047619048,0,0
10,14,1,priority_state14_site1,chi2_eta003,42,36,6,7,1,0,0,0,0,184.758116489749,184.758116489749,0,0,0,0,0,0,0,0,102.577777777778,0.358888888888889,0,0
10,14,1,priority_state14_site1,chi2_eta003,42,36,6,7,2,0,0,0,0,73.9715593762937,73.9715593762937,0,0,0,0,0,0,0,0,102.577777777778,0.358888888888889,0,0
10,14,1,priority_state14_site1,chi2_eta003,42,36,6,7,3,0,0,0,0,19.3434636545012,19.3434636545012,0,0,0,0,0,0,0,0,102.577777777778,0.358888888888889,0,0
10,14,1,priority_state14_site1,chi2_eta003,42,36,6,7,4,0,0,0,0,71.967441779027,71.967441779027,0,0,0,0,0,0,0,0,102.577777777778,0.358888888888889,0,0
10,14,1,priority_state14_site1,chi2_eta003,42,36,6,8,1,0,0,0,0,184.758116489749,184.758116489749,0,0,0,0,0,0,0,0,99.4285714285714,0.378571428571429,0,0
10,14,1,priority_state14_site1,chi2_eta003,42,36,6,8,2,0,0,0,0,73.9715593762937,73.9715593762937,0,0,0,0,0,0,0,0,99.4285714285714,0.378571428571429,0,0
10,14,1,priority_state14_site1,chi2_eta003,42,36,6,8,3,0,0,0,0,19.3434636545012,19.3434636545012,0,0,0,0,0,0,0,0,99.4285714285714,0.378571428571429,0,0
10,14,1,priority_state14_site1,chi2_eta003,42,36,6,8,4,0,0,0,0,71.967441779027,71.967441779027,0,0,0,0,0,0,0,0,99.4285714285714,0.378571428571429,0,0
11,13,2,priority_state13_largest_gap_site,chi2_eta003,12,6,6,1,1,12,1,0,0,58.0445570448695,88.0243810123712,35.1,300,5.12017603249831,0,0,0,0,0,160,0,0,0
11,13,2,priority_state13_largest_gap_site,chi2_eta003,12,6,6,1,2,12,1,0,0,50.3081379386248,67.882050982103,23.4,200,5.82608695652174,0,0,0,0,0,160,0,0,0
11,13,2,priority_state13_largest_gap_site,chi2_eta003,12,6,6,1,3,12,1,0,0,25.2621334423093,37.7163366656137,14.04,120,1.58579677669568,0,0,0,0,0,160,0,0,0
11,13,2,priority_state13_largest_gap_site,chi2_eta003,12,6,6,1,4,12,1,0,0,33.0235808462428,47.7055120125908,17.55,150,2.86806883365201,0,0,0,0,0,160,0,0,0
11,13,2,priority_state13_largest_gap_site,chi2_eta003,12,6,6,2,1,12,1,0,0,88.0243810123712,132.724873369113,35.1,300,18.4155664635522,1.67414240577748,28.0160588202941,0,28.0160588202941,29.5572661408604,149.784126984127,0.0638492063492064,0,0
11,13,2,priority_state13_largest_gap_site,chi2_eta003,12,6,6,2,2,12,1,0,0,67.882050982103,73.2394737298112,23.4,200,11.2334368530021,1.0212215320911,0,6.80914039928971,-6.80914039928971,29.5572661408604,149.784126984127,0.0638492063492064,0,0
11,13,2,priority_state13_largest_gap_site,chi2_eta003,12,6,6,2,3,12,1,0,0,37.7163366656137,22.5067745139192,14.04,120,6.50143641012382,0.59103967364762,0,22.7481257415707,-22.7481257415707,29.5572661408604,149.784126984127,0.0638492063492064,0,0
11,13,2,priority_state13_largest_gap_site,chi2_eta003,12,6,6,2,4,12,1,0,0,47.7055120125908,57.3034114937689,17.55,150,9.49330783938814,0.863027985398922,1.54120732056626,0,1.54120732056626,29.5572661408604,149.784126984127,0.0638492063492064,0,0
11,13,2,priority_state13_largest_gap_site,chi2_eta003,12,6,6,3,1,11,0.916666666666667,1,0.0833333333333333,132.724873369113,171.300937594554,32.175,275,16.2402674339878,3.60894831866396,24.5306167455329,1.88928508610438,22.6413316594285,28.8363469396178,137.28253968254,0.141984126984127,15.3197473369783,4.23299716919459
11,13,2,priority_state13_largest_gap_site,chi2_eta003,12,6,6,3,2,11,0.916666666666667,1,0.0833333333333333,73.2394737298112,68.9929263030007,21.45,183.333333333333,10.4114906832298,2.31366459627329,0.834591810074793,16.1196485536555,-15.2850567435807,28.8363469396178,137.28253968254,0.141984126984127,7.11430412139499,0.528688071644167
11,13,2,priority_state13_largest_gap_site,chi2_eta003,12,6,6,3,3,11,0.916666666666667,1,0.0833333333333333,22.5067745139192,20.0269653185999,12.87,110,6.31840903214686,1.40409089603264,1.06441526582671,10.0958154289991,-9.03140016317244,28.8363469396178,137.28253968254,0.141984126984127,1.36377333161133,0.1423124389881
11,13,2,priority_state13_largest_gap_site,chi2_eta003,12,6,6,3,4,11,0.916666666666667,1,0.0833333333333333,57.3034114937689,65.6326976136818,16.0875,137.5,9.43333912741179,2.09629758386929,2.40672311818345,0.73159787085878,1.67512524732467,28.8363469396178,137.28253968254,0.141984126984127,5.7960462387488,1.22111488976515
11,13,2,priority_state13_largest_gap_site,chi2_eta003,12,6,6,4,1,5,0.416666666666667,6,0.5,171.300937594554,185.501062473811,14.6250000012297,125.00000001051,3.39017716091176,0,3.65776181442529,0.692459775485501,2.96530203893979,5.23838079574077,120.279365079365,0.248253968253968,91.91848402187,4.60234239435986
11,13,2,priority_state13_largest_gap_site,chi2_eta003,12,6,6,4,2,5,0.416666666666667,6,0.5,68.9929263030007,68.5954129731022,2.58571607076519,22.1001373569675,1.68219461697723,0,0,1.30103478368648,-1.30103478368648,5.23838079574077,120.279365079365,0.248253968253968,42.6858247283699,10.9933524119783
11,13,2,priority_state13_largest_gap_site,chi2_eta003,12,6,6,4,3,5,0.416666666666667,6,0.5,20.0269653185999,17.8262612468741,3.50134123290019,29.9259934435913,2.45715906805711,0,0,3.24488623656879,-3.24488623656879,5.23838079574077,120.279365079365,0.248253968253968,8.18263998966796,0.11673783180044
11,13,2,priority_state13_largest_gap_site,chi2_eta003,12,6,6,4,4,5,0.416666666666667,6,0.5,65.6326976136818,72.7767291623534,7.3125,62.5,1.74908743264384,0,1.58061898131548,0,1.58061898131548,5.23838079574077,120.279365079365,0.248253968253968,34.7762774324928,3.43662349437688
11,13,2,priority_state13_largest_gap_site,chi2_eta003,12,6,6,5,1,0,0,5,0.416666666666667,185.501062473811,185.501062473811,0,0,0,0,0,0,0,0,99.3873015873016,0.378829365079365,76.5987366848917,0.957835627479859
11,13,2,priority_state13_largest_gap_site,chi2_eta003,12,6,6,5,2,0,0,5,0.416666666666667,68.5954129731022,68.5954129731022,0,0,0,0,0,0,0,0,99.3873015873016,0.378829365079365,35.5715206069749,5.2541960000152
11,13,2,priority_state13_largest_gap_site,chi2_eta003,12,6,6,5,3,0,0,5,0.416666666666667,17.8262612468741,17.8262612468741,0,0,0,0,0,0,0,0,99.3873015873016,0.378829365079365,6.81886665805663,0
11,13,2,priority_state13_largest_gap_site,chi2_eta003,12,6,6,5,4,0,0,5,0.416666666666667,72.7767291623534,72.7767291623534,0,0,0,0,0,0,0,0,99.3873015873016,0.378829365079365,28.980231193744,0
11,13,2,priority_state13_largest_gap_site,chi2_eta003,12,6,6,6,1,0,0,0,0,185.501062473811,185.501062473811,0,0,0,0,0,0,0,0,93.2666666666667,0.417083333333333,0,0
11,13,2,priority_state13_largest_gap_site,chi2_eta003,12,6,6,6,2,0,0,0,0,68.5954129731022,68.5954129731022,0,0,0,0,0,0,0,0,93.2666666666667,0.417083333333333,0,0
11,13,2,priority_state13_largest_gap_site,chi2_eta003,12,6,6,6,3,0,0,0,0,17.8262612468741,17.8262612468741,0,0,0,0,0,0,0,0,93.2666666666667,0.417083333333333,0,0
11,13,2,priority_state13_largest_gap_site,chi2_eta003,12,6,6,6,4,0,0,0,0,72.7767291623534,72.7767291623534,0,0,0,0,0,0,0,0,93.2666666666667,0.417083333333333,0,0
11,13,2,priority_state13_largest_gap_site,chi2_eta003,12,6,6,7,1,0,0,0,0,185.501062473811,185.501062473811,0,0,0,0,0,0,0,0,86.8,0.4575,0,0
11,13,2,priority_state13_largest_gap_site,chi2_eta003,12,6,6,7,2,0,0,0,0,68.5954129731022,68.5954129731022,0,0,0,0,0,0,0,0,86.8,0.4575,0,0
11,13,2,priority_state13_largest_gap_site,chi2_eta003,12,6,6,7,3,0,0,0,0,17.8262612468741,17.8262612468741,0,0,0,0,0,0,0,0,86.8,0.4575,0,0
11,13,2,priority_state13_largest_gap_site,chi2_eta003,12,6,6,7,4,0,0,0,0,72.7767291623534,72.7767291623534,0,0,0,0,0,0,0,0,86.8,0.4575,0,0
11,13,2,priority_state13_largest_gap_site,chi2_eta003,12,6,6,8,1,0,0,0,0,185.501062473811,185.501062473811,0,0,0,0,0,0,0,0,79.5777777777778,0.502638888888889,0,0
11,13,2,priority_state13_largest_gap_site,chi2_eta003,12,6,6,8,2,0,0,0,0,68.5954129731022,68.5954129731022,0,0,0,0,0,0,0,0,79.5777777777778,0.502638888888889,0,0
11,13,2,priority_state13_largest_gap_site,chi2_eta003,12,6,6,8,3,0,0,0,0,17.8262612468741,17.8262612468741,0,0,0,0,0,0,0,0,79.5777777777778,0.502638888888889,0,0
11,13,2,priority_state13_largest_gap_site,chi2_eta003,12,6,6,8,4,0,0,0,0,72.7767291623534,72.7767291623534,0,0,0,0,0,0,0,0,79.5777777777778,0.502638888888889,0,0
