selected_pair_id,focal_state_id,focal_site,selection_reason,method,stage,observed_site,constraint_type,path_count,eligible_count,binding_count,binding_rate,mean_slack,min_slack,max_slack
1,17,2,top8_C_D_remaining_gap,saa,1,1,tank_capacity,73,73,0,0,211.975618987629,211.975618987629,211.975618987629
1,17,2,top8_C_D_remaining_gap,saa,1,1,electrolyzer_capacity,73,73,73,1,0,0,0
1,17,2,top8_C_D_remaining_gap,saa,1,1,ordinary_shortage_positive,73,73,0,0,-0,-0,-0
1,17,2,top8_C_D_remaining_gap,saa,1,2,tank_capacity,73,73,0,0,132.117949017897,132.117949017897,132.117949017897
1,17,2,top8_C_D_remaining_gap,saa,1,2,electrolyzer_capacity,73,73,73,1,0,0,0
1,17,2,top8_C_D_remaining_gap,saa,1,2,ordinary_shortage_positive,73,73,0,0,-0,-0,-0
1,17,2,top8_C_D_remaining_gap,saa,1,3,tank_capacity,73,73,0,0,62.2836633343864,62.2836633343863,62.2836633343863
1,17,2,top8_C_D_remaining_gap,saa,1,3,electrolyzer_capacity,73,73,73,1,0,0,0
1,17,2,top8_C_D_remaining_gap,saa,1,3,ordinary_shortage_positive,73,73,0,0,-0,-0,-0
1,17,2,top8_C_D_remaining_gap,saa,1,4,tank_capacity,73,73,0,0,102.294487987409,102.294487987409,102.294487987409
1,17,2,top8_C_D_remaining_gap,saa,1,4,electrolyzer_capacity,73,73,73,1,0,0,0
1,17,2,top8_C_D_remaining_gap,saa,1,4,ordinary_shortage_positive,73,73,0,0,-0,-0,-0
1,17,2,top8_C_D_remaining_gap,saa,1,0,htt_aggregate_capacity,73,73,0,0,160,160,160
1,17,2,top8_C_D_remaining_gap,saa,2,1,tank_capacity,73,73,0,0,180.834284722419,116.849606747006,196.965327856959
1,17,2,top8_C_D_remaining_gap,saa,2,1,electrolyzer_capacity,73,73,73,1,0,0,0
1,17,2,top8_C_D_remaining_gap,saa,2,1,ordinary_shortage_positive,73,73,21,0.287671232876712,-5.7792313185743,-20.0897088693297,-0
1,17,2,top8_C_D_remaining_gap,saa,2,2,tank_capacity,73,73,0,0,121.916135757558,108.717949017897,140.664230299026
1,17,2,top8_C_D_remaining_gap,saa,2,2,electrolyzer_capacity,73,73,73,1,0,0,0
1,17,2,top8_C_D_remaining_gap,saa,2,2,ordinary_shortage_positive,73,73,21,0.287671232876712,-3.52531268612269,-12.2546583850932,-0
1,17,2,top8_C_D_remaining_gap,saa,2,3,tank_capacity,73,73,0,0,61.5455376620019,50.1199056163834,84.2293977434022
1,17,2,top8_C_D_remaining_gap,saa,2,3,electrolyzer_capacity,73,73,73,1,0,0,0
1,17,2,top8_C_D_remaining_gap,saa,2,3,ordinary_shortage_positive,73,73,21,0.287671232876712,-2.04030133916713,-7.09247608377144,-0
1,17,2,top8_C_D_remaining_gap,saa,2,4,tank_capacity,73,73,0,0,89.7548751096584,65.396641923623,95.1008238121963
1,17,2,top8_C_D_remaining_gap,saa,2,4,electrolyzer_capacity,73,73,73,1,0,0,0
1,17,2,top8_C_D_remaining_gap,saa,2,4,ordinary_shortage_positive,73,73,21,0.287671232876712,-2.97921989480176,-10.3563358247871,-0
1,17,2,top8_C_D_remaining_gap,saa,2,0,htt_aggregate_capacity,73,73,0,0,140.013096688757,76.8489533763079,157.028571428571
1,17,2,top8_C_D_remaining_gap,saa,3,1,tank_capacity,73,73,0,0,127.831901079107,82.68411366613,183.519017768942
1,17,2,top8_C_D_remaining_gap,saa,3,1,electrolyzer_capacity,73,73,73,1,0,0,0
1,17,2,top8_C_D_remaining_gap,saa,3,1,ordinary_shortage_positive,73,73,47,0.643835616438356,-13.9414167926471,-21.6536899119838,-0
1,17,2,top8_C_D_remaining_gap,saa,3,2,tank_capacity,73,73,0,0,114.248710753505,94.3890952285023,123.083014286898
1,17,2,top8_C_D_remaining_gap,saa,3,2,electrolyzer_capacity,73,73,69,0.945205479452055,2.82868412786333,0,95.1764891608895
1,17,2,top8_C_D_remaining_gap,saa,3,2,ordinary_shortage_positive,73,73,47,0.643835616438356,-8.93771802943929,-13.8819875776397,-0
1,17,2,top8_C_D_remaining_gap,saa,3,3,tank_capacity,73,73,0,0,72.152663246638,49.7206847943536,84.6809310587046
1,17,2,top8_C_D_remaining_gap,saa,3,3,electrolyzer_capacity,73,73,70,0.958904109589041,2.71669369030368,0,120
1,17,2,top8_C_D_remaining_gap,saa,3,3,ordinary_shortage_positive,73,73,47,0.643835616438356,-5.42402236549593,-8.42454537619581,-0
1,17,2,top8_C_D_remaining_gap,saa,3,4,tank_capacity,73,73,0,0,70.5131922756727,26.3016510041991,90.128609315412
1,17,2,top8_C_D_remaining_gap,saa,3,4,electrolyzer_capacity,73,73,73,1,0,0,0
1,17,2,top8_C_D_remaining_gap,saa,3,4,ordinary_shortage_positive,73,73,47,0.643835616438356,-8.09802628289231,-12.5777855032157,-0
1,17,2,top8_C_D_remaining_gap,saa,3,0,htt_aggregate_capacity,73,73,0,0,108.215240242743,66.1182017134594,154.057142857143
1,17,2,top8_C_D_remaining_gap,saa,4,1,tank_capacity,73,73,0,0,89.7737708900298,56.3512964275061,139.965835257573
1,17,2,top8_C_D_remaining_gap,saa,4,1,electrolyzer_capacity,73,65,65,1,0,0,0
1,17,2,top8_C_D_remaining_gap,saa,4,1,ordinary_shortage_positive,73,65,55,0.846153846153846,-6.88466746523619,-8.13642518618822,-0
1,17,2,top8_C_D_remaining_gap,saa,4,2,tank_capacity,73,73,0,0,104.737913971874,76.6999427215449,124.223616372642
1,17,2,top8_C_D_remaining_gap,saa,4,2,electrolyzer_capacity,73,65,56,0.861538461538462,27.69219577089,0,200
1,17,2,top8_C_D_remaining_gap,saa,4,2,ordinary_shortage_positive,73,65,55,0.846153846153846,-3.41614906832298,-4.03726708074534,-0
1,17,2,top8_C_D_remaining_gap,saa,4,3,tank_capacity,73,73,0,0,73.829324813056,63.9137456567324,82.4849420672213
1,17,2,top8_C_D_remaining_gap,saa,4,3,electrolyzer_capacity,73,65,56,0.861538461538462,15.9846302445315,0,120
1,17,2,top8_C_D_remaining_gap,saa,4,3,ordinary_shortage_positive,73,65,54,0.830769230769231,-4.82297809464803,-5.89718176333707,-0
1,17,2,top8_C_D_remaining_gap,saa,4,4,tank_capacity,73,73,1,0.0136986301369863,44.3752476558485,0,89.4912784916345
1,17,2,top8_C_D_remaining_gap,saa,4,4,electrolyzer_capacity,73,65,62,0.953846153846154,4.2004137902424,0,150
1,17,2,top8_C_D_remaining_gap,saa,4,4,ordinary_shortage_positive,73,65,55,0.846153846153846,-3.55199294013826,-4.19780983834521,-0
1,17,2,top8_C_D_remaining_gap,saa,4,0,htt_aggregate_capacity,73,65,0,0,101.207314635181,44.7966008653827,148.114285714286
1,17,2,top8_C_D_remaining_gap,saa,5,1,tank_capacity,73,73,0,0,74.1636389289644,29.9862227723921,107.209776203451
1,17,2,top8_C_D_remaining_gap,saa,5,1,electrolyzer_capacity,73,33,33,1,0,0,0
1,17,2,top8_C_D_remaining_gap,saa,5,1,ordinary_shortage_positive,73,33,32,0.96969696969697,-4.96501918302866,-5.12017603249831,-0
1,17,2,top8_C_D_remaining_gap,saa,5,2,tank_capacity,73,73,0,0,95.916416838663,61.5045366473007,122.264953768104
1,17,2,top8_C_D_remaining_gap,saa,5,2,electrolyzer_capacity,73,33,33,1,0,0,0
1,17,2,top8_C_D_remaining_gap,saa,5,2,ordinary_shortage_positive,73,33,32,0.96969696969697,-5.64953886693017,-5.82608695652174,-0
1,17,2,top8_C_D_remaining_gap,saa,5,3,tank_capacity,73,73,0,0,70.8134655099065,52.9744569911397,79.0884177956927
1,17,2,top8_C_D_remaining_gap,saa,5,3,electrolyzer_capacity,73,33,33,1,0,0,0
1,17,2,top8_C_D_remaining_gap,saa,5,3,ordinary_shortage_positive,73,33,32,0.96969696969697,-1.53774232891703,-1.58579677669568,-0
1,17,2,top8_C_D_remaining_gap,saa,5,4,tank_capacity,73,73,9,0.123287671232877,31.308080280663,0,75.8107628944713
1,17,2,top8_C_D_remaining_gap,saa,5,4,electrolyzer_capacity,73,33,33,1,0,0,0
1,17,2,top8_C_D_remaining_gap,saa,5,4,ordinary_shortage_positive,73,33,32,0.96969696969697,-2.78115765687467,-2.86806883365201,-0
1,17,2,top8_C_D_remaining_gap,saa,5,0,htt_aggregate_capacity,73,33,0,0,98.1104183871409,75.7597626440517,127.871660649682
1,17,2,top8_C_D_remaining_gap,saa,6,1,tank_capacity,73,73,0,0,72.843125496248,23.5309940448466,107.209776203451
1,17,2,top8_C_D_remaining_gap,saa,6,1,electrolyzer_capacity,73,4,4,1,0,0,0
1,17,2,top8_C_D_remaining_gap,saa,6,1,ordinary_shortage_positive,73,4,4,1,-16.1308849625082,-20.0897088693297,-6.24679628282556
1,17,2,top8_C_D_remaining_gap,saa,6,2,tank_capacity,73,73,0,0,94.4294807015823,61.5045366473007,122.264953768104
1,17,2,top8_C_D_remaining_gap,saa,6,2,electrolyzer_capacity,73,4,4,1,0,0,0
1,17,2,top8_C_D_remaining_gap,saa,6,2,ordinary_shortage_positive,73,4,3,0.75,-9.19099378881987,-12.2546583850932,-0
1,17,2,top8_C_D_remaining_gap,saa,6,3,tank_capacity,73,73,0,0,70.4367748798337,46.9989702229312,79.0884177956927
1,17,2,top8_C_D_remaining_gap,saa,6,3,electrolyzer_capacity,73,4,4,1,0,0,0
1,17,2,top8_C_D_remaining_gap,saa,6,3,ordinary_shortage_positive,73,4,4,1,-5.40745472286796,-7.09247608377144,-0.352390640157533
1,17,2,top8_C_D_remaining_gap,saa,6,4,tank_capacity,73,73,11,0.150684931506849,30.2081356174027,0,75.8107628944713
1,17,2,top8_C_D_remaining_gap,saa,6,4,electrolyzer_capacity,73,4,4,1,0,0,0
1,17,2,top8_C_D_remaining_gap,saa,6,4,ordinary_shortage_positive,73,4,3,0.75,-7.1583944409143,-10.3563358247871,-0
1,17,2,top8_C_D_remaining_gap,saa,6,0,htt_aggregate_capacity,73,4,0,0,99.0926407501576,83.629720121619,124.091419743073
1,17,2,top8_C_D_remaining_gap,saa,7,1,tank_capacity,73,73,0,0,72.843125496248,23.5309940448466,107.209776203451
1,17,2,top8_C_D_remaining_gap,saa,7,1,electrolyzer_capacity,73,0,0,NaN,NaN,NaN,NaN
1,17,2,top8_C_D_remaining_gap,saa,7,1,ordinary_shortage_positive,73,0,0,NaN,NaN,NaN,NaN
1,17,2,top8_C_D_remaining_gap,saa,7,2,tank_capacity,73,73,0,0,94.4294807015823,61.5045366473007,122.264953768104
1,17,2,top8_C_D_remaining_gap,saa,7,2,electrolyzer_capacity,73,0,0,NaN,NaN,NaN,NaN
1,17,2,top8_C_D_remaining_gap,saa,7,2,ordinary_shortage_positive,73,0,0,NaN,NaN,NaN,NaN
1,17,2,top8_C_D_remaining_gap,saa,7,3,tank_capacity,73,73,0,0,70.4367748798337,46.9989702229312,79.0884177956927
1,17,2,top8_C_D_remaining_gap,saa,7,3,electrolyzer_capacity,73,0,0,NaN,NaN,NaN,NaN
1,17,2,top8_C_D_remaining_gap,saa,7,3,ordinary_shortage_positive,73,0,0,NaN,NaN,NaN,NaN
1,17,2,top8_C_D_remaining_gap,saa,7,4,tank_capacity,73,73,11,0.150684931506849,30.2081356174027,0,75.8107628944713
1,17,2,top8_C_D_remaining_gap,saa,7,4,electrolyzer_capacity,73,0,0,NaN,NaN,NaN,NaN
1,17,2,top8_C_D_remaining_gap,saa,7,4,ordinary_shortage_positive,73,0,0,NaN,NaN,NaN,NaN
1,17,2,top8_C_D_remaining_gap,saa,7,0,htt_aggregate_capacity,73,0,0,NaN,NaN,NaN,NaN
1,17,2,top8_C_D_remaining_gap,saa,8,1,tank_capacity,73,73,0,0,72.843125496248,23.5309940448466,107.209776203451
1,17,2,top8_C_D_remaining_gap,saa,8,1,electrolyzer_capacity,73,0,0,NaN,NaN,NaN,NaN
1,17,2,top8_C_D_remaining_gap,saa,8,1,ordinary_shortage_positive,73,0,0,NaN,NaN,NaN,NaN
1,17,2,top8_C_D_remaining_gap,saa,8,2,tank_capacity,73,73,0,0,94.4294807015823,61.5045366473007,122.264953768104
1,17,2,top8_C_D_remaining_gap,saa,8,2,electrolyzer_capacity,73,0,0,NaN,NaN,NaN,NaN
1,17,2,top8_C_D_remaining_gap,saa,8,2,ordinary_shortage_positive,73,0,0,NaN,NaN,NaN,NaN
1,17,2,top8_C_D_remaining_gap,saa,8,3,tank_capacity,73,73,0,0,70.4367748798337,46.9989702229312,79.0884177956927
1,17,2,top8_C_D_remaining_gap,saa,8,3,electrolyzer_capacity,73,0,0,NaN,NaN,NaN,NaN
1,17,2,top8_C_D_remaining_gap,saa,8,3,ordinary_shortage_positive,73,0,0,NaN,NaN,NaN,NaN
1,17,2,top8_C_D_remaining_gap,saa,8,4,tank_capacity,73,73,11,0.150684931506849,30.2081356174027,0,75.8107628944713
1,17,2,top8_C_D_remaining_gap,saa,8,4,electrolyzer_capacity,73,0,0,NaN,NaN,NaN,NaN
1,17,2,top8_C_D_remaining_gap,saa,8,4,ordinary_shortage_positive,73,0,0,NaN,NaN,NaN,NaN
1,17,2,top8_C_D_remaining_gap,saa,8,0,htt_aggregate_capacity,73,0,0,NaN,NaN,NaN,NaN
2,12,1,top8_C_D_remaining_gap,saa,1,1,tank_capacity,84,84,0,0,211.975618987629,211.975618987629,211.975618987629
2,12,1,top8_C_D_remaining_gap,saa,1,1,electrolyzer_capacity,84,84,84,1,0,0,0
2,12,1,top8_C_D_remaining_gap,saa,1,1,ordinary_shortage_positive,84,84,0,0,-0,-0,-0
2,12,1,top8_C_D_remaining_gap,saa,1,2,tank_capacity,84,84,0,0,132.117949017897,132.117949017897,132.117949017897
2,12,1,top8_C_D_remaining_gap,saa,1,2,electrolyzer_capacity,84,84,84,1,0,0,0
2,12,1,top8_C_D_remaining_gap,saa,1,2,ordinary_shortage_positive,84,84,0,0,-0,-0,-0
2,12,1,top8_C_D_remaining_gap,saa,1,3,tank_capacity,84,84,0,0,62.2836633343863,62.2836633343863,62.2836633343863
2,12,1,top8_C_D_remaining_gap,saa,1,3,electrolyzer_capacity,84,84,84,1,0,0,0
2,12,1,top8_C_D_remaining_gap,saa,1,3,ordinary_shortage_positive,84,84,0,0,-0,-0,-0
2,12,1,top8_C_D_remaining_gap,saa,1,4,tank_capacity,84,84,0,0,102.294487987409,102.294487987409,102.294487987409
2,12,1,top8_C_D_remaining_gap,saa,1,4,electrolyzer_capacity,84,84,84,1,0,0,0
2,12,1,top8_C_D_remaining_gap,saa,1,4,ordinary_shortage_positive,84,84,0,0,-0,-0,-0
2,12,1,top8_C_D_remaining_gap,saa,1,0,htt_aggregate_capacity,84,84,0,0,160,160,160
2,12,1,top8_C_D_remaining_gap,saa,2,1,tank_capacity,84,84,0,0,188.003629965802,108.779657809512,196.965327856959
2,12,1,top8_C_D_remaining_gap,saa,2,1,electrolyzer_capacity,84,84,84,1,0,0,0
2,12,1,top8_C_D_remaining_gap,saa,2,1,ordinary_shortage_positive,84,84,9,0.107142857142857,-2.15246880742818,-20.0897088693297,-0
2,12,1,top8_C_D_remaining_gap,saa,2,2,tank_capacity,84,84,0,0,121.435297188188,108.717949017897,140.675909807407
2,12,1,top8_C_D_remaining_gap,saa,2,2,electrolyzer_capacity,84,84,84,1,0,0,0
2,12,1,top8_C_D_remaining_gap,saa,2,2,ordinary_shortage_positive,84,84,9,0.107142857142857,-1.31299911268855,-12.2546583850932,-0
2,12,1,top8_C_D_remaining_gap,saa,2,3,tank_capacity,84,84,0,0,60.0810551096119,55.3361394181578,84.9482794080084
2,12,1,top8_C_D_remaining_gap,saa,2,3,electrolyzer_capacity,84,84,84,1,0,0,0
2,12,1,top8_C_D_remaining_gap,saa,2,3,ordinary_shortage_positive,84,84,9,0.107142857142857,-0.759908151832654,-7.09247608377144,-0
2,12,1,top8_C_D_remaining_gap,saa,2,4,tank_capacity,84,84,0,0,93.519932744953,70.6428397676673,95.1008238121963
2,12,1,top8_C_D_remaining_gap,saa,2,4,electrolyzer_capacity,84,84,84,1,0,0,0
2,12,1,top8_C_D_remaining_gap,saa,2,4,ordinary_shortage_positive,84,84,9,0.107142857142857,-1.10960740979861,-10.3563358247871,-0
2,12,1,top8_C_D_remaining_gap,saa,2,0,htt_aggregate_capacity,84,84,0,0,146.431051884678,69.0129848447715,157.028571428571
2,12,1,top8_C_D_remaining_gap,saa,3,1,tank_capacity,84,84,0,0,147.083429967199,86.2688788046386,183.519017768942
2,12,1,top8_C_D_remaining_gap,saa,3,1,electrolyzer_capacity,84,83,82,0.987951807228916,1.61992293630726,0,134.453603713503
2,12,1,top8_C_D_remaining_gap,saa,3,1,ordinary_shortage_positive,84,83,20,0.240963855421687,-5.21775660529729,-21.6536899119838,-0
2,12,1,top8_C_D_remaining_gap,saa,3,2,tank_capacity,84,84,0,0,117.994456683583,85.317949017897,151.862239023078
2,12,1,top8_C_D_remaining_gap,saa,3,2,electrolyzer_capacity,84,83,66,0.795180722891566,14.335235888525,0,200
2,12,1,top8_C_D_remaining_gap,saa,3,2,ordinary_shortage_positive,84,83,20,0.240963855421687,-3.34505724762404,-13.8819875776397,-0
2,12,1,top8_C_D_remaining_gap,saa,3,3,tank_capacity,84,84,0,0,71.7916881289909,49.7206847943536,84.5437590558601
2,12,1,top8_C_D_remaining_gap,saa,3,3,electrolyzer_capacity,84,83,71,0.855421686746988,8.47423189034215,0,120
2,12,1,top8_C_D_remaining_gap,saa,3,3,ordinary_shortage_positive,84,83,20,0.240963855421687,-2.03001093402309,-8.42454537619581,-0
2,12,1,top8_C_D_remaining_gap,saa,3,4,tank_capacity,84,84,0,0,82.3805585678808,47.2068422303465,90.9538540702757
2,12,1,top8_C_D_remaining_gap,saa,3,4,electrolyzer_capacity,84,83,83,1,0,0,0
2,12,1,top8_C_D_remaining_gap,saa,3,4,ordinary_shortage_positive,84,83,20,0.240963855421687,-3.03079168752186,-12.5777855032157,-0
2,12,1,top8_C_D_remaining_gap,saa,3,0,htt_aggregate_capacity,84,83,0,0,118.956051314057,67.2552141819836,154.057142857143
2,12,1,top8_C_D_remaining_gap,saa,4,1,tank_capacity,84,84,0,0,116.857111772829,72.1091108402203,179.653481478868
2,12,1,top8_C_D_remaining_gap,saa,4,1,electrolyzer_capacity,84,65,58,0.892307692307692,6.86395766344168,0,153.283913660253
2,12,1,top8_C_D_remaining_gap,saa,4,1,ordinary_shortage_positive,84,65,23,0.353846153846154,-2.83486567255863,-8.13642518618822,-0
2,12,1,top8_C_D_remaining_gap,saa,4,2,tank_capacity,84,84,0,0,116.669041403379,75.9702001409868,151.862239023078
2,12,1,top8_C_D_remaining_gap,saa,4,2,electrolyzer_capacity,84,65,24,0.369230769230769,121.30608031098,0,200
2,12,1,top8_C_D_remaining_gap,saa,4,2,ordinary_shortage_positive,84,65,22,0.338461538461538,-1.36645962732919,-4.03726708074534,-0
2,12,1,top8_C_D_remaining_gap,saa,4,3,tank_capacity,84,84,0,0,77.8228959761857,62.2754471037331,84.0997665644894
2,12,1,top8_C_D_remaining_gap,saa,4,3,electrolyzer_capacity,84,65,26,0.4,67.7758878185512,0,120
2,12,1,top8_C_D_remaining_gap,saa,4,3,ordinary_shortage_positive,84,65,20,0.307692307692308,-1.73829840305633,-5.89718176333707,-0
2,12,1,top8_C_D_remaining_gap,saa,4,4,tank_capacity,84,84,0,0,68.9022571582434,17.5542350472787,90.9538540702757
2,12,1,top8_C_D_remaining_gap,saa,4,4,electrolyzer_capacity,84,65,45,0.692307692307692,16.9807085584126,-8.12860889709555e-12,150
2,12,1,top8_C_D_remaining_gap,saa,4,4,ordinary_shortage_positive,84,65,24,0.369230769230769,-1.54996055569669,-4.19780983834521,-0
2,12,1,top8_C_D_remaining_gap,saa,4,0,htt_aggregate_capacity,84,65,0,0,120.593703254324,36.2994797073364,148.114285714286
2,12,1,top8_C_D_remaining_gap,saa,5,1,tank_capacity,84,84,0,0,106.604048537427,72.1091108402203,179.653481478868
2,12,1,top8_C_D_remaining_gap,saa,5,1,electrolyzer_capacity,84,24,20,0.833333333333333,6.03587624821593,0,72.8301273760115
2,12,1,top8_C_D_remaining_gap,saa,5,1,ordinary_shortage_positive,84,24,7,0.291666666666667,-1.49338467614534,-5.12017603249831,-0
2,12,1,top8_C_D_remaining_gap,saa,5,2,tank_capacity,84,84,0,0,115.902545690866,75.9702001409868,151.862239023078
2,12,1,top8_C_D_remaining_gap,saa,5,2,electrolyzer_capacity,84,24,9,0.375,101.27468703281,0,200
2,12,1,top8_C_D_remaining_gap,saa,5,2,ordinary_shortage_positive,84,24,5,0.208333333333333,-1.21376811594203,-5.82608695652174,-0
2,12,1,top8_C_D_remaining_gap,saa,5,3,tank_capacity,84,84,0,0,77.5092283402022,67.2694542181492,84.0997665644894
2,12,1,top8_C_D_remaining_gap,saa,5,3,electrolyzer_capacity,84,24,7,0.291666666666667,67.3633788836232,0,120
2,12,1,top8_C_D_remaining_gap,saa,5,3,ordinary_shortage_positive,84,24,6,0.25,-0.365819710152132,-1.58579677669568,-0
2,12,1,top8_C_D_remaining_gap,saa,5,4,tank_capacity,84,84,0,0,64.619492861038,17.5542350472787,90.9538540702757
2,12,1,top8_C_D_remaining_gap,saa,5,4,electrolyzer_capacity,84,24,15,0.625,29.9704671984927,0,125.486591165372
2,12,1,top8_C_D_remaining_gap,saa,5,4,ordinary_shortage_positive,84,24,7,0.291666666666667,-0.836520076481836,-2.86806883365201,-0
2,12,1,top8_C_D_remaining_gap,saa,5,0,htt_aggregate_capacity,84,24,0,0,126.490822926387,72.1504065518109,147.047619047619
2,12,1,top8_C_D_remaining_gap,saa,6,1,tank_capacity,84,84,0,0,106.603502004091,72.1091108402203,179.653481478868
2,12,1,top8_C_D_remaining_gap,saa,6,1,electrolyzer_capacity,84,1,0,0,144.69377936745,144.69377936745,144.69377936745
2,12,1,top8_C_D_remaining_gap,saa,6,1,ordinary_shortage_positive,84,1,0,0,-0,-0,-0
2,12,1,top8_C_D_remaining_gap,saa,6,2,tank_capacity,84,84,0,0,116.16316728392,75.9702001409868,151.862239023078
2,12,1,top8_C_D_remaining_gap,saa,6,2,electrolyzer_capacity,84,1,0,0,200,200,200
2,12,1,top8_C_D_remaining_gap,saa,6,2,ordinary_shortage_positive,84,1,0,0,-0,-0,-0
2,12,1,top8_C_D_remaining_gap,saa,6,3,tank_capacity,84,84,0,0,77.593147106197,67.2694542181492,84.0997665644894
2,12,1,top8_C_D_remaining_gap,saa,6,3,electrolyzer_capacity,84,1,0,0,120,120,120
2,12,1,top8_C_D_remaining_gap,saa,6,3,ordinary_shortage_positive,84,1,0,0,-0,-0,-0
2,12,1,top8_C_D_remaining_gap,saa,6,4,tank_capacity,84,84,0,0,64.6519555990027,17.5542350472787,90.9538540702757
2,12,1,top8_C_D_remaining_gap,saa,6,4,electrolyzer_capacity,84,1,0,0,150,150,150
2,12,1,top8_C_D_remaining_gap,saa,6,4,ordinary_shortage_positive,84,1,0,0,-0,-0,-0
2,12,1,top8_C_D_remaining_gap,saa,6,0,htt_aggregate_capacity,84,1,0,0,134.17196837805,134.17196837805,134.17196837805
2,12,1,top8_C_D_remaining_gap,saa,7,1,tank_capacity,84,84,0,0,106.603502004091,72.1091108402203,179.653481478868
2,12,1,top8_C_D_remaining_gap,saa,7,1,electrolyzer_capacity,84,0,0,NaN,NaN,NaN,NaN
2,12,1,top8_C_D_remaining_gap,saa,7,1,ordinary_shortage_positive,84,0,0,NaN,NaN,NaN,NaN
2,12,1,top8_C_D_remaining_gap,saa,7,2,tank_capacity,84,84,0,0,116.16316728392,75.9702001409868,151.862239023078
2,12,1,top8_C_D_remaining_gap,saa,7,2,electrolyzer_capacity,84,0,0,NaN,NaN,NaN,NaN
2,12,1,top8_C_D_remaining_gap,saa,7,2,ordinary_shortage_positive,84,0,0,NaN,NaN,NaN,NaN
2,12,1,top8_C_D_remaining_gap,saa,7,3,tank_capacity,84,84,0,0,77.593147106197,67.2694542181492,84.0997665644894
2,12,1,top8_C_D_remaining_gap,saa,7,3,electrolyzer_capacity,84,0,0,NaN,NaN,NaN,NaN
2,12,1,top8_C_D_remaining_gap,saa,7,3,ordinary_shortage_positive,84,0,0,NaN,NaN,NaN,NaN
2,12,1,top8_C_D_remaining_gap,saa,7,4,tank_capacity,84,84,0,0,64.6519555990027,17.5542350472787,90.9538540702757
2,12,1,top8_C_D_remaining_gap,saa,7,4,electrolyzer_capacity,84,0,0,NaN,NaN,NaN,NaN
2,12,1,top8_C_D_remaining_gap,saa,7,4,ordinary_shortage_positive,84,0,0,NaN,NaN,NaN,NaN
2,12,1,top8_C_D_remaining_gap,saa,7,0,htt_aggregate_capacity,84,0,0,NaN,NaN,NaN,NaN
2,12,1,top8_C_D_remaining_gap,saa,8,1,tank_capacity,84,84,0,0,106.603502004091,72.1091108402203,179.653481478868
2,12,1,top8_C_D_remaining_gap,saa,8,1,electrolyzer_capacity,84,0,0,NaN,NaN,NaN,NaN
2,12,1,top8_C_D_remaining_gap,saa,8,1,ordinary_shortage_positive,84,0,0,NaN,NaN,NaN,NaN
2,12,1,top8_C_D_remaining_gap,saa,8,2,tank_capacity,84,84,0,0,116.16316728392,75.9702001409868,151.862239023078
2,12,1,top8_C_D_remaining_gap,saa,8,2,electrolyzer_capacity,84,0,0,NaN,NaN,NaN,NaN
2,12,1,top8_C_D_remaining_gap,saa,8,2,ordinary_shortage_positive,84,0,0,NaN,NaN,NaN,NaN
2,12,1,top8_C_D_remaining_gap,saa,8,3,tank_capacity,84,84,0,0,77.593147106197,67.2694542181492,84.0997665644894
2,12,1,top8_C_D_remaining_gap,saa,8,3,electrolyzer_capacity,84,0,0,NaN,NaN,NaN,NaN
2,12,1,top8_C_D_remaining_gap,saa,8,3,ordinary_shortage_positive,84,0,0,NaN,NaN,NaN,NaN
2,12,1,top8_C_D_remaining_gap,saa,8,4,tank_capacity,84,84,0,0,64.6519555990027,17.5542350472787,90.9538540702757
2,12,1,top8_C_D_remaining_gap,saa,8,4,electrolyzer_capacity,84,0,0,NaN,NaN,NaN,NaN
2,12,1,top8_C_D_remaining_gap,saa,8,4,ordinary_shortage_positive,84,0,0,NaN,NaN,NaN,NaN
2,12,1,top8_C_D_remaining_gap,saa,8,0,htt_aggregate_capacity,84,0,0,NaN,NaN,NaN,NaN
3,17,4,top8_C_D_remaining_gap,saa,1,1,tank_capacity,61,61,0,0,211.975618987629,211.975618987629,211.975618987629
3,17,4,top8_C_D_remaining_gap,saa,1,1,electrolyzer_capacity,61,61,61,1,0,0,0
3,17,4,top8_C_D_remaining_gap,saa,1,1,ordinary_shortage_positive,61,61,0,0,-0,-0,-0
3,17,4,top8_C_D_remaining_gap,saa,1,2,tank_capacity,61,61,0,0,132.117949017897,132.117949017897,132.117949017897
3,17,4,top8_C_D_remaining_gap,saa,1,2,electrolyzer_capacity,61,61,61,1,0,0,0
3,17,4,top8_C_D_remaining_gap,saa,1,2,ordinary_shortage_positive,61,61,0,0,-0,-0,-0
3,17,4,top8_C_D_remaining_gap,saa,1,3,tank_capacity,61,61,0,0,62.2836633343863,62.2836633343863,62.2836633343863
3,17,4,top8_C_D_remaining_gap,saa,1,3,electrolyzer_capacity,61,61,61,1,0,0,0
3,17,4,top8_C_D_remaining_gap,saa,1,3,ordinary_shortage_positive,61,61,0,0,-0,-0,-0
3,17,4,top8_C_D_remaining_gap,saa,1,4,tank_capacity,61,61,0,0,102.294487987409,102.294487987409,102.294487987409
3,17,4,top8_C_D_remaining_gap,saa,1,4,electrolyzer_capacity,61,61,61,1,0,0,0
3,17,4,top8_C_D_remaining_gap,saa,1,4,ordinary_shortage_positive,61,61,0,0,-0,-0,-0
3,17,4,top8_C_D_remaining_gap,saa,1,0,htt_aggregate_capacity,61,61,0,0,160,160,160
3,17,4,top8_C_D_remaining_gap,saa,2,1,tank_capacity,61,61,0,0,180.363989669954,116.849606747006,196.965327856959
3,17,4,top8_C_D_remaining_gap,saa,2,1,electrolyzer_capacity,61,61,61,1,0,0,0
3,17,4,top8_C_D_remaining_gap,saa,2,1,ordinary_shortage_positive,61,61,16,0.262295081967213,-5.26943183457829,-20.0897088693297,-0
3,17,4,top8_C_D_remaining_gap,saa,2,2,tank_capacity,61,61,0,0,122.193770243345,108.717949017897,140.664230299026
3,17,4,top8_C_D_remaining_gap,saa,2,2,electrolyzer_capacity,61,61,61,1,0,0,0
3,17,4,top8_C_D_remaining_gap,saa,2,2,ordinary_shortage_positive,61,61,16,0.262295081967213,-3.21433662559821,-12.2546583850932,-0
3,17,4,top8_C_D_remaining_gap,saa,2,3,tank_capacity,61,61,0,0,62.2920816665506,50.6023749888238,84.2293977434022
3,17,4,top8_C_D_remaining_gap,saa,2,3,electrolyzer_capacity,61,61,61,1,0,0,0
3,17,4,top8_C_D_remaining_gap,saa,2,3,ordinary_shortage_positive,61,61,16,0.262295081967213,-1.86032159574333,-7.09247608377144,-0
3,17,4,top8_C_D_remaining_gap,saa,2,4,tank_capacity,61,61,0,0,90.4645509004902,65.396641923623,95.1008238121963
3,17,4,top8_C_D_remaining_gap,saa,2,4,electrolyzer_capacity,61,61,61,1,0,0,0
3,17,4,top8_C_D_remaining_gap,saa,2,4,ordinary_shortage_positive,61,61,16,0.262295081967213,-2.71641595404251,-10.3563358247871,-0
3,17,4,top8_C_D_remaining_gap,saa,2,0,htt_aggregate_capacity,61,61,0,0,139.163537236359,76.8489533763079,157.028571428571
3,17,4,top8_C_D_remaining_gap,saa,3,1,tank_capacity,61,61,0,0,128.175722440984,82.68411366613,183.519017768942
3,17,4,top8_C_D_remaining_gap,saa,3,1,electrolyzer_capacity,61,61,61,1,0,0,0
3,17,4,top8_C_D_remaining_gap,saa,3,1,ordinary_shortage_positive,61,61,37,0.60655737704918,-13.1342053564492,-21.6536899119838,-0
3,17,4,top8_C_D_remaining_gap,saa,3,2,tank_capacity,61,61,0,0,115.199120004607,94.3890952285023,123.083014286898
3,17,4,top8_C_D_remaining_gap,saa,3,2,electrolyzer_capacity,61,61,57,0.934426229508197,3.38514657924628,0,95.1764891608895
3,17,4,top8_C_D_remaining_gap,saa,3,2,ordinary_shortage_positive,61,61,37,0.60655737704918,-8.42022197332247,-13.8819875776397,-0
3,17,4,top8_C_D_remaining_gap,saa,3,3,tank_capacity,61,61,0,0,72.2636346421293,49.7206847943536,84.6809310587046
3,17,4,top8_C_D_remaining_gap,saa,3,3,electrolyzer_capacity,61,61,58,0.950819672131147,3.25112523593719,0,120
3,17,4,top8_C_D_remaining_gap,saa,3,3,ordinary_shortage_positive,61,61,37,0.60655737704918,-5.10997014621713,-8.42454537619581,-0
3,17,4,top8_C_D_remaining_gap,saa,3,4,tank_capacity,61,61,0,0,72.6068215041251,46.7219627790304,90.128609315412
3,17,4,top8_C_D_remaining_gap,saa,3,4,electrolyzer_capacity,61,61,61,1,0,0,0
3,17,4,top8_C_D_remaining_gap,saa,3,4,ordinary_shortage_positive,61,61,37,0.60655737704918,-7.62914858391773,-12.5777855032157,-0
3,17,4,top8_C_D_remaining_gap,saa,3,0,htt_aggregate_capacity,61,61,0,0,108.481746676194,66.1182017134594,154.057142857143
3,17,4,top8_C_D_remaining_gap,saa,4,1,tank_capacity,61,61,0,0,91.2620085757737,56.3512964275061,139.965835257573
3,17,4,top8_C_D_remaining_gap,saa,4,1,electrolyzer_capacity,61,53,53,1,0,0,0
3,17,4,top8_C_D_remaining_gap,saa,4,1,ordinary_shortage_positive,61,53,44,0.830188679245283,-6.75476807909965,-8.13642518618822,-0
3,17,4,top8_C_D_remaining_gap,saa,4,2,tank_capacity,61,61,0,0,107.54068534399,76.6999427215449,124.223616372642
3,17,4,top8_C_D_remaining_gap,saa,4,2,electrolyzer_capacity,61,53,44,0.830188679245283,33.9621268888274,0,200
3,17,4,top8_C_D_remaining_gap,saa,4,2,ordinary_shortage_positive,61,53,44,0.830188679245283,-3.35169342552443,-4.03726708074534,-0
3,17,4,top8_C_D_remaining_gap,saa,4,3,tank_capacity,61,61,0,0,74.1872976005121,63.9963996399656,82.4849420672213
3,17,4,top8_C_D_remaining_gap,saa,4,3,electrolyzer_capacity,61,53,44,0.830188679245283,19.6037918093311,0,120
3,17,4,top8_C_D_remaining_gap,saa,4,3,ordinary_shortage_positive,61,53,43,0.811320754716981,-4.78450595893385,-5.89718176333707,-0
3,17,4,top8_C_D_remaining_gap,saa,4,4,tank_capacity,61,61,0,0,46.3315651912898,0.470352666102428,89.4912784916345
3,17,4,top8_C_D_remaining_gap,saa,4,4,electrolyzer_capacity,61,53,50,0.943396226415094,5.15145087482559,0,150
3,17,4,top8_C_D_remaining_gap,saa,4,4,ordinary_shortage_positive,61,53,44,0.830188679245283,-3.48497420541867,-4.19780983834521,-0
3,17,4,top8_C_D_remaining_gap,saa,4,0,htt_aggregate_capacity,61,53,0,0,100.473086612544,44.7966008653827,148.114285714286
3,17,4,top8_C_D_remaining_gap,saa,5,1,tank_capacity,61,61,0,0,78.116539692552,54.4127402500382,107.209776203451
3,17,4,top8_C_D_remaining_gap,saa,5,1,electrolyzer_capacity,61,22,22,1,0,0,0
3,17,4,top8_C_D_remaining_gap,saa,5,1,ordinary_shortage_positive,61,22,21,0.954545454545455,-4.88744075829384,-5.12017603249831,-0
3,17,4,top8_C_D_remaining_gap,saa,5,2,tank_capacity,61,61,0,0,100.136125945353,71.0467598328728,122.264953768104
3,17,4,top8_C_D_remaining_gap,saa,5,2,electrolyzer_capacity,61,22,22,1,0,0,0
3,17,4,top8_C_D_remaining_gap,saa,5,2,ordinary_shortage_positive,61,22,21,0.954545454545455,-5.56126482213438,-5.82608695652174,-0
3,17,4,top8_C_D_remaining_gap,saa,5,3,tank_capacity,61,61,0,0,72.0583583869502,63.9963996399656,79.0884177956927
3,17,4,top8_C_D_remaining_gap,saa,5,3,electrolyzer_capacity,61,22,22,1,0,0,0
3,17,4,top8_C_D_remaining_gap,saa,5,3,ordinary_shortage_positive,61,22,21,0.954545454545455,-1.5137151050277,-1.58579677669568,-0
3,17,4,top8_C_D_remaining_gap,saa,5,4,tank_capacity,61,61,0,0,36.7715184014546,0.406402703515397,75.8107628944713
3,17,4,top8_C_D_remaining_gap,saa,5,4,electrolyzer_capacity,61,22,22,1,0,0,0
3,17,4,top8_C_D_remaining_gap,saa,5,4,ordinary_shortage_positive,61,22,21,0.954545454545455,-2.73770206848601,-2.86806883365201,-0
3,17,4,top8_C_D_remaining_gap,saa,5,0,htt_aggregate_capacity,61,22,0,0,98.4434104330762,75.7597626440517,127.871660649682
3,17,4,top8_C_D_remaining_gap,saa,6,1,tank_capacity,61,61,0,0,77.0792670928647,20.7004423942755,107.209776203451
3,17,4,top8_C_D_remaining_gap,saa,6,1,electrolyzer_capacity,61,2,2,1,0,0,0
3,17,4,top8_C_D_remaining_gap,saa,6,1,ordinary_shortage_positive,61,2,2,1,-20.0897088693297,-20.0897088693297,-20.0897088693297
3,17,4,top8_C_D_remaining_gap,saa,6,2,tank_capacity,61,61,0,0,99.4092582348998,56.7123525696826,122.264953768104
3,17,4,top8_C_D_remaining_gap,saa,6,2,electrolyzer_capacity,61,2,2,1,0,0,0
3,17,4,top8_C_D_remaining_gap,saa,6,2,ordinary_shortage_positive,61,2,2,1,-7.24786487868762,-12.2546583850932,-2.24107137228207
3,17,4,top8_C_D_remaining_gap,saa,6,3,tank_capacity,61,61,0,0,71.8054119054654,48.1150013620331,79.0884177956927
3,17,4,top8_C_D_remaining_gap,saa,6,3,electrolyzer_capacity,61,2,2,1,0,0,0
3,17,4,top8_C_D_remaining_gap,saa,6,3,ordinary_shortage_positive,61,2,2,1,-7.09247608377144,-7.09247608377144,-7.09247608377144
3,17,4,top8_C_D_remaining_gap,saa,6,4,tank_capacity,61,61,0,0,36.1687678625487,0.406402703515397,75.8107628944713
3,17,4,top8_C_D_remaining_gap,saa,6,4,electrolyzer_capacity,61,2,2,1,0,0,0
3,17,4,top8_C_D_remaining_gap,saa,6,4,ordinary_shortage_positive,61,2,1,0.5,-5.17816791239353,-10.3563358247871,-0
3,17,4,top8_C_D_remaining_gap,saa,6,0,htt_aggregate_capacity,61,2,0,0,84.848802912629,83.629720121619,86.0678857036391
3,17,4,top8_C_D_remaining_gap,saa,7,1,tank_capacity,61,61,0,0,77.0792670928647,20.7004423942755,107.209776203451
3,17,4,top8_C_D_remaining_gap,saa,7,1,electrolyzer_capacity,61,0,0,NaN,NaN,NaN,NaN
3,17,4,top8_C_D_remaining_gap,saa,7,1,ordinary_shortage_positive,61,0,0,NaN,NaN,NaN,NaN
3,17,4,top8_C_D_remaining_gap,saa,7,2,tank_capacity,61,61,0,0,99.4092582348998,56.7123525696826,122.264953768104
3,17,4,top8_C_D_remaining_gap,saa,7,2,electrolyzer_capacity,61,0,0,NaN,NaN,NaN,NaN
3,17,4,top8_C_D_remaining_gap,saa,7,2,ordinary_shortage_positive,61,0,0,NaN,NaN,NaN,NaN
3,17,4,top8_C_D_remaining_gap,saa,7,3,tank_capacity,61,61,0,0,71.8054119054654,48.1150013620331,79.0884177956927
3,17,4,top8_C_D_remaining_gap,saa,7,3,electrolyzer_capacity,61,0,0,NaN,NaN,NaN,NaN
3,17,4,top8_C_D_remaining_gap,saa,7,3,ordinary_shortage_positive,61,0,0,NaN,NaN,NaN,NaN
3,17,4,top8_C_D_remaining_gap,saa,7,4,tank_capacity,61,61,0,0,36.1687678625487,0.406402703515397,75.8107628944713
3,17,4,top8_C_D_remaining_gap,saa,7,4,electrolyzer_capacity,61,0,0,NaN,NaN,NaN,NaN
3,17,4,top8_C_D_remaining_gap,saa,7,4,ordinary_shortage_positive,61,0,0,NaN,NaN,NaN,NaN
3,17,4,top8_C_D_remaining_gap,saa,7,0,htt_aggregate_capacity,61,0,0,NaN,NaN,NaN,NaN
3,17,4,top8_C_D_remaining_gap,saa,8,1,tank_capacity,61,61,0,0,77.0792670928647,20.7004423942755,107.209776203451
3,17,4,top8_C_D_remaining_gap,saa,8,1,electrolyzer_capacity,61,0,0,NaN,NaN,NaN,NaN
3,17,4,top8_C_D_remaining_gap,saa,8,1,ordinary_shortage_positive,61,0,0,NaN,NaN,NaN,NaN
3,17,4,top8_C_D_remaining_gap,saa,8,2,tank_capacity,61,61,0,0,99.4092582348998,56.7123525696826,122.264953768104
3,17,4,top8_C_D_remaining_gap,saa,8,2,electrolyzer_capacity,61,0,0,NaN,NaN,NaN,NaN
3,17,4,top8_C_D_remaining_gap,saa,8,2,ordinary_shortage_positive,61,0,0,NaN,NaN,NaN,NaN
3,17,4,top8_C_D_remaining_gap,saa,8,3,tank_capacity,61,61,0,0,71.8054119054654,48.1150013620331,79.0884177956927
3,17,4,top8_C_D_remaining_gap,saa,8,3,electrolyzer_capacity,61,0,0,NaN,NaN,NaN,NaN
3,17,4,top8_C_D_remaining_gap,saa,8,3,ordinary_shortage_positive,61,0,0,NaN,NaN,NaN,NaN
3,17,4,top8_C_D_remaining_gap,saa,8,4,tank_capacity,61,61,0,0,36.1687678625487,0.406402703515397,75.8107628944713
3,17,4,top8_C_D_remaining_gap,saa,8,4,electrolyzer_capacity,61,0,0,NaN,NaN,NaN,NaN
3,17,4,top8_C_D_remaining_gap,saa,8,4,ordinary_shortage_positive,61,0,0,NaN,NaN,NaN,NaN
3,17,4,top8_C_D_remaining_gap,saa,8,0,htt_aggregate_capacity,61,0,0,NaN,NaN,NaN,NaN
4,16,4,top8_C_D_remaining_gap,saa,1,1,tank_capacity,57,57,0,0,211.975618987629,211.975618987629,211.975618987629
4,16,4,top8_C_D_remaining_gap,saa,1,1,electrolyzer_capacity,57,57,57,1,0,0,0
4,16,4,top8_C_D_remaining_gap,saa,1,1,ordinary_shortage_positive,57,57,0,0,-0,-0,-0
4,16,4,top8_C_D_remaining_gap,saa,1,2,tank_capacity,57,57,0,0,132.117949017897,132.117949017897,132.117949017897
4,16,4,top8_C_D_remaining_gap,saa,1,2,electrolyzer_capacity,57,57,57,1,0,0,0
4,16,4,top8_C_D_remaining_gap,saa,1,2,ordinary_shortage_positive,57,57,0,0,-0,-0,-0
4,16,4,top8_C_D_remaining_gap,saa,1,3,tank_capacity,57,57,0,0,62.2836633343863,62.2836633343863,62.2836633343863
4,16,4,top8_C_D_remaining_gap,saa,1,3,electrolyzer_capacity,57,57,57,1,0,0,0
4,16,4,top8_C_D_remaining_gap,saa,1,3,ordinary_shortage_positive,57,57,0,0,-0,-0,-0
4,16,4,top8_C_D_remaining_gap,saa,1,4,tank_capacity,57,57,0,0,102.294487987409,102.294487987409,102.294487987409
4,16,4,top8_C_D_remaining_gap,saa,1,4,electrolyzer_capacity,57,57,57,1,0,0,0
4,16,4,top8_C_D_remaining_gap,saa,1,4,ordinary_shortage_positive,57,57,0,0,-0,-0,-0
4,16,4,top8_C_D_remaining_gap,saa,1,0,htt_aggregate_capacity,57,57,0,0,160,160,160
4,16,4,top8_C_D_remaining_gap,saa,2,1,tank_capacity,57,57,0,0,171.512987156416,108.779657809512,196.965327856959
4,16,4,top8_C_D_remaining_gap,saa,2,1,electrolyzer_capacity,57,57,57,1,0,0,0
4,16,4,top8_C_D_remaining_gap,saa,2,1,ordinary_shortage_positive,57,57,26,0.456140350877193,-9.16372685267671,-20.0897088693297,-0
4,16,4,top8_C_D_remaining_gap,saa,2,2,tank_capacity,57,57,0,0,123.918080863611,108.717949017897,140.675909807407
4,16,4,top8_C_D_remaining_gap,saa,2,2,electrolyzer_capacity,57,57,57,1,0,0,0
4,16,4,top8_C_D_remaining_gap,saa,2,2,ordinary_shortage_positive,57,57,26,0.456140350877193,-5.58984417565653,-12.2546583850932,-0
4,16,4,top8_C_D_remaining_gap,saa,2,3,tank_capacity,57,57,0,0,64.0814624297234,50.1199056163834,86.6130990934753
4,16,4,top8_C_D_remaining_gap,saa,2,3,electrolyzer_capacity,57,57,57,1,0,0,0
4,16,4,top8_C_D_remaining_gap,saa,2,3,ordinary_shortage_positive,57,57,26,0.456140350877193,-3.2351645294396,-7.09247608377144,-0
4,16,4,top8_C_D_remaining_gap,saa,2,4,tank_capacity,57,57,0,0,86.1496898258594,65.396641923623,95.1008238121963
4,16,4,top8_C_D_remaining_gap,saa,2,4,electrolyzer_capacity,57,57,57,1,0,0,0
4,16,4,top8_C_D_remaining_gap,saa,2,4,ordinary_shortage_positive,57,57,26,0.456140350877193,-4.72394265692042,-10.3563358247871,-0
4,16,4,top8_C_D_remaining_gap,saa,2,0,htt_aggregate_capacity,57,57,0,0,131.04910710342,69.0129848447715,157.028571428571
4,16,4,top8_C_D_remaining_gap,saa,3,1,tank_capacity,57,57,0,0,120.503256175284,82.68411366613,183.519017768942
4,16,4,top8_C_D_remaining_gap,saa,3,1,electrolyzer_capacity,57,57,57,1,0,0,0
4,16,4,top8_C_D_remaining_gap,saa,3,1,ordinary_shortage_positive,57,57,41,0.719298245614035,-15.5754611647602,-21.6536899119838,-0
4,16,4,top8_C_D_remaining_gap,saa,3,2,tank_capacity,57,57,0,0,114.791792626768,99.3132654160855,123.781415873965
4,16,4,top8_C_D_remaining_gap,saa,3,2,electrolyzer_capacity,57,57,55,0.964912280701754,2.34752966253992,0,95.1764891608895
4,16,4,top8_C_D_remaining_gap,saa,3,2,ordinary_shortage_positive,57,57,41,0.719298245614035,-9.9852893102321,-13.8819875776397,-0
4,16,4,top8_C_D_remaining_gap,saa,3,3,tank_capacity,57,57,0,0,73.2564020785647,49.7206847943536,86.1006043349115
4,16,4,top8_C_D_remaining_gap,saa,3,3,electrolyzer_capacity,57,57,55,0.964912280701754,2.79226876659797,0,120
4,16,4,top8_C_D_remaining_gap,saa,3,3,ordinary_shortage_positive,57,57,41,0.719298245614035,-6.05976070919348,-8.42454537619581,-0
4,16,4,top8_C_D_remaining_gap,saa,3,4,tank_capacity,57,57,0,0,63.4924439498792,30.4689271161886,90.128609315412
4,16,4,top8_C_D_remaining_gap,saa,3,4,electrolyzer_capacity,57,57,57,1,0,0,0
4,16,4,top8_C_D_remaining_gap,saa,3,4,ordinary_shortage_positive,57,57,41,0.719298245614035,-9.04717904617271,-12.5777855032157,-0
4,16,4,top8_C_D_remaining_gap,saa,3,0,htt_aggregate_capacity,57,57,0,0,106.420692412901,66.1182017134594,153.52380952381
4,16,4,top8_C_D_remaining_gap,saa,4,1,tank_capacity,57,57,0,0,87.1783536108207,65.938647225312,138.824123315371
4,16,4,top8_C_D_remaining_gap,saa,4,1,electrolyzer_capacity,57,49,49,1,0,0,0
4,16,4,top8_C_D_remaining_gap,saa,4,1,ordinary_shortage_positive,57,49,44,0.897959183673469,-7.30617771820983,-8.13642518618822,-0
4,16,4,top8_C_D_remaining_gap,saa,4,2,tank_capacity,57,57,0,0,99.3253096911372,78.5230167994804,123.781415873965
4,16,4,top8_C_D_remaining_gap,saa,4,2,electrolyzer_capacity,57,49,46,0.938775510204082,12.2448979591837,0,200
4,16,4,top8_C_D_remaining_gap,saa,4,2,ordinary_shortage_positive,57,49,46,0.938775510204082,-3.79008746355685,-4.03726708074534,-0
4,16,4,top8_C_D_remaining_gap,saa,4,3,tank_capacity,57,57,0,0,71.8523993627315,63.8001709082168,86.1006043349115
4,16,4,top8_C_D_remaining_gap,saa,4,3,electrolyzer_capacity,57,49,46,0.938775510204082,7.3469387755102,0,120
4,16,4,top8_C_D_remaining_gap,saa,4,3,ordinary_shortage_positive,57,49,46,0.938775510204082,-5.244982601382,-5.89718176333707,-0
4,16,4,top8_C_D_remaining_gap,saa,4,4,tank_capacity,57,57,0,0,40.1670419943198,5.89027388439285,89.4912784916345
4,16,4,top8_C_D_remaining_gap,saa,4,4,electrolyzer_capacity,57,49,48,0.979591836734694,2.45244106075069,0,120.169611976784
4,16,4,top8_C_D_remaining_gap,saa,4,4,ordinary_shortage_positive,57,49,46,0.938775510204082,-3.94080107273224,-4.19780983834521,-0
4,16,4,top8_C_D_remaining_gap,saa,4,0,htt_aggregate_capacity,57,49,0,0,102.266827847395,47.3278754705168,141.714285714286
4,16,4,top8_C_D_remaining_gap,saa,5,1,tank_capacity,57,57,0,0,80.8796635339256,36.6546154101932,104.967107853042
4,16,4,top8_C_D_remaining_gap,saa,5,1,electrolyzer_capacity,57,11,11,1,0,0,0
4,16,4,top8_C_D_remaining_gap,saa,5,1,ordinary_shortage_positive,57,11,10,0.909090909090909,-4.65470548408937,-5.12017603249831,-0
4,16,4,top8_C_D_remaining_gap,saa,5,2,tank_capacity,57,57,0,0,95.2593840580908,48.5742104064815,123.781415873965
4,16,4,top8_C_D_remaining_gap,saa,5,2,electrolyzer_capacity,57,11,11,1,0,0,0
4,16,4,top8_C_D_remaining_gap,saa,5,2,ordinary_shortage_positive,57,11,10,0.909090909090909,-5.29644268774703,-5.82608695652174,-0
4,16,4,top8_C_D_remaining_gap,saa,5,3,tank_capacity,57,57,0,0,70.8609265909705,59.6137046855862,86.1006043349115
4,16,4,top8_C_D_remaining_gap,saa,5,3,electrolyzer_capacity,57,11,10,0.909090909090909,2.15658587108912,0,23.7224445819803
4,16,4,top8_C_D_remaining_gap,saa,5,3,ordinary_shortage_positive,57,11,10,0.909090909090909,-1.44163343335971,-1.58579677669568,-0
4,16,4,top8_C_D_remaining_gap,saa,5,4,tank_capacity,57,57,0,0,34.4562121359424,0.274092492999415,68.1736355453719
4,16,4,top8_C_D_remaining_gap,saa,5,4,electrolyzer_capacity,57,11,11,1,0,0,0
4,16,4,top8_C_D_remaining_gap,saa,5,4,ordinary_shortage_positive,57,11,10,0.909090909090909,-2.60733530332001,-2.86806883365201,-0
4,16,4,top8_C_D_remaining_gap,saa,5,0,htt_aggregate_capacity,57,11,0,0,98.7950832743223,77.7140909863025,135.87564441915
4,16,4,top8_C_D_remaining_gap,saa,6,1,tank_capacity,57,57,0,0,79.9435436193403,36.6546154101932,104.967107853042
4,16,4,top8_C_D_remaining_gap,saa,6,1,electrolyzer_capacity,57,2,2,1,0,0,0
4,16,4,top8_C_D_remaining_gap,saa,6,1,ordinary_shortage_positive,57,2,2,1,-20.0897088693297,-20.0897088693297,-20.0897088693297
4,16,4,top8_C_D_remaining_gap,saa,6,2,tank_capacity,57,57,0,0,94.4008428057951,48.5742104064815,123.781415873965
4,16,4,top8_C_D_remaining_gap,saa,6,2,electrolyzer_capacity,57,2,2,1,0,0,0
4,16,4,top8_C_D_remaining_gap,saa,6,2,ordinary_shortage_positive,57,2,2,1,-12.2546583850932,-12.2546583850932,-12.2546583850932
4,16,4,top8_C_D_remaining_gap,saa,6,3,tank_capacity,57,57,0,0,70.8669681848537,59.6137046855862,86.1006043349115
4,16,4,top8_C_D_remaining_gap,saa,6,3,electrolyzer_capacity,57,2,2,1,0,0,0
4,16,4,top8_C_D_remaining_gap,saa,6,3,ordinary_shortage_positive,57,2,2,1,-7.09247608377144,-7.09247608377144,-7.09247608377144
4,16,4,top8_C_D_remaining_gap,saa,6,4,tank_capacity,57,57,0,0,33.0837790773614,0.274092492999415,68.1736355453719
4,16,4,top8_C_D_remaining_gap,saa,6,4,electrolyzer_capacity,57,2,2,1,0,0,0
4,16,4,top8_C_D_remaining_gap,saa,6,4,ordinary_shortage_positive,57,2,2,1,-10.3563358247871,-10.3563358247871,-10.3563358247871
4,16,4,top8_C_D_remaining_gap,saa,6,0,htt_aggregate_capacity,57,2,0,0,100.986279759059,95.9944722658576,105.97808725226
4,16,4,top8_C_D_remaining_gap,saa,7,1,tank_capacity,57,57,0,0,79.9435436193403,36.6546154101932,104.967107853042
4,16,4,top8_C_D_remaining_gap,saa,7,1,electrolyzer_capacity,57,0,0,NaN,NaN,NaN,NaN
4,16,4,top8_C_D_remaining_gap,saa,7,1,ordinary_shortage_positive,57,0,0,NaN,NaN,NaN,NaN
4,16,4,top8_C_D_remaining_gap,saa,7,2,tank_capacity,57,57,0,0,94.4008428057951,48.5742104064815,123.781415873965
4,16,4,top8_C_D_remaining_gap,saa,7,2,electrolyzer_capacity,57,0,0,NaN,NaN,NaN,NaN
4,16,4,top8_C_D_remaining_gap,saa,7,2,ordinary_shortage_positive,57,0,0,NaN,NaN,NaN,NaN
4,16,4,top8_C_D_remaining_gap,saa,7,3,tank_capacity,57,57,0,0,70.8669681848537,59.6137046855862,86.1006043349115
4,16,4,top8_C_D_remaining_gap,saa,7,3,electrolyzer_capacity,57,0,0,NaN,NaN,NaN,NaN
4,16,4,top8_C_D_remaining_gap,saa,7,3,ordinary_shortage_positive,57,0,0,NaN,NaN,NaN,NaN
4,16,4,top8_C_D_remaining_gap,saa,7,4,tank_capacity,57,57,0,0,33.0837790773614,0.274092492999415,68.1736355453719
4,16,4,top8_C_D_remaining_gap,saa,7,4,electrolyzer_capacity,57,0,0,NaN,NaN,NaN,NaN
4,16,4,top8_C_D_remaining_gap,saa,7,4,ordinary_shortage_positive,57,0,0,NaN,NaN,NaN,NaN
4,16,4,top8_C_D_remaining_gap,saa,7,0,htt_aggregate_capacity,57,0,0,NaN,NaN,NaN,NaN
4,16,4,top8_C_D_remaining_gap,saa,8,1,tank_capacity,57,57,0,0,79.9435436193403,36.6546154101932,104.967107853042
4,16,4,top8_C_D_remaining_gap,saa,8,1,electrolyzer_capacity,57,0,0,NaN,NaN,NaN,NaN
4,16,4,top8_C_D_remaining_gap,saa,8,1,ordinary_shortage_positive,57,0,0,NaN,NaN,NaN,NaN
4,16,4,top8_C_D_remaining_gap,saa,8,2,tank_capacity,57,57,0,0,94.4008428057951,48.5742104064815,123.781415873965
4,16,4,top8_C_D_remaining_gap,saa,8,2,electrolyzer_capacity,57,0,0,NaN,NaN,NaN,NaN
4,16,4,top8_C_D_remaining_gap,saa,8,2,ordinary_shortage_positive,57,0,0,NaN,NaN,NaN,NaN
4,16,4,top8_C_D_remaining_gap,saa,8,3,tank_capacity,57,57,0,0,70.8669681848537,59.6137046855862,86.1006043349115
4,16,4,top8_C_D_remaining_gap,saa,8,3,electrolyzer_capacity,57,0,0,NaN,NaN,NaN,NaN
4,16,4,top8_C_D_remaining_gap,saa,8,3,ordinary_shortage_positive,57,0,0,NaN,NaN,NaN,NaN
4,16,4,top8_C_D_remaining_gap,saa,8,4,tank_capacity,57,57,0,0,33.0837790773614,0.274092492999415,68.1736355453719
4,16,4,top8_C_D_remaining_gap,saa,8,4,electrolyzer_capacity,57,0,0,NaN,NaN,NaN,NaN
4,16,4,top8_C_D_remaining_gap,saa,8,4,ordinary_shortage_positive,57,0,0,NaN,NaN,NaN,NaN
4,16,4,top8_C_D_remaining_gap,saa,8,0,htt_aggregate_capacity,57,0,0,NaN,NaN,NaN,NaN
5,16,2,top8_C_D_remaining_gap,saa,1,1,tank_capacity,61,61,0,0,211.975618987629,211.975618987629,211.975618987629
5,16,2,top8_C_D_remaining_gap,saa,1,1,electrolyzer_capacity,61,61,61,1,0,0,0
5,16,2,top8_C_D_remaining_gap,saa,1,1,ordinary_shortage_positive,61,61,0,0,-0,-0,-0
5,16,2,top8_C_D_remaining_gap,saa,1,2,tank_capacity,61,61,0,0,132.117949017897,132.117949017897,132.117949017897
5,16,2,top8_C_D_remaining_gap,saa,1,2,electrolyzer_capacity,61,61,61,1,0,0,0
5,16,2,top8_C_D_remaining_gap,saa,1,2,ordinary_shortage_positive,61,61,0,0,-0,-0,-0
5,16,2,top8_C_D_remaining_gap,saa,1,3,tank_capacity,61,61,0,0,62.2836633343863,62.2836633343863,62.2836633343863
5,16,2,top8_C_D_remaining_gap,saa,1,3,electrolyzer_capacity,61,61,61,1,0,0,0
5,16,2,top8_C_D_remaining_gap,saa,1,3,ordinary_shortage_positive,61,61,0,0,-0,-0,-0
5,16,2,top8_C_D_remaining_gap,saa,1,4,tank_capacity,61,61,0,0,102.294487987409,102.294487987409,102.294487987409
5,16,2,top8_C_D_remaining_gap,saa,1,4,electrolyzer_capacity,61,61,61,1,0,0,0
5,16,2,top8_C_D_remaining_gap,saa,1,4,ordinary_shortage_positive,61,61,0,0,-0,-0,-0
5,16,2,top8_C_D_remaining_gap,saa,1,0,htt_aggregate_capacity,61,61,0,0,160,160,160
5,16,2,top8_C_D_remaining_gap,saa,2,1,tank_capacity,61,61,0,0,175.283749645701,108.779657809512,196.965327856959
5,16,2,top8_C_D_remaining_gap,saa,2,1,electrolyzer_capacity,61,61,61,1,0,0,0
5,16,2,top8_C_D_remaining_gap,saa,2,1,ordinary_shortage_positive,61,61,23,0.377049180327869,-7.57480826220629,-20.0897088693297,-0
5,16,2,top8_C_D_remaining_gap,saa,2,2,tank_capacity,61,61,0,0,123.609873461859,108.717949017897,140.675909807407
5,16,2,top8_C_D_remaining_gap,saa,2,2,electrolyzer_capacity,61,61,61,1,0,0,0
5,16,2,top8_C_D_remaining_gap,saa,2,2,ordinary_shortage_positive,61,61,23,0.377049180327869,-4.62060889929742,-12.2546583850932,-0
5,16,2,top8_C_D_remaining_gap,saa,2,3,tank_capacity,61,61,0,0,62.9254933945263,50.1199056163834,86.6130990934753
5,16,2,top8_C_D_remaining_gap,saa,2,3,electrolyzer_capacity,61,61,61,1,0,0,0
5,16,2,top8_C_D_remaining_gap,saa,2,3,ordinary_shortage_positive,61,61,23,0.377049180327869,-2.67421229388103,-7.09247608377144,-0
5,16,2,top8_C_D_remaining_gap,saa,2,4,tank_capacity,61,61,0,0,87.7813045988955,65.396641923623,95.1008238121963
5,16,2,top8_C_D_remaining_gap,saa,2,4,electrolyzer_capacity,61,61,61,1,0,0,0
5,16,2,top8_C_D_remaining_gap,saa,2,4,ordinary_shortage_positive,61,61,23,0.377049180327869,-3.90484793393611,-10.3563358247871,-0
5,16,2,top8_C_D_remaining_gap,saa,2,0,htt_aggregate_capacity,61,61,0,0,134.526021691178,69.0129848447715,157.028571428571
5,16,2,top8_C_D_remaining_gap,saa,3,1,tank_capacity,61,61,0,0,120.353563085046,82.68411366613,183.519017768942
5,16,2,top8_C_D_remaining_gap,saa,3,1,electrolyzer_capacity,61,61,61,1,0,0,0
5,16,2,top8_C_D_remaining_gap,saa,3,1,ordinary_shortage_positive,61,61,45,0.737704918032787,-15.9740335416274,-21.6536899119838,-0
5,16,2,top8_C_D_remaining_gap,saa,3,2,tank_capacity,61,61,0,0,115.379165888368,100.197592823948,123.781415873965
5,16,2,top8_C_D_remaining_gap,saa,3,2,electrolyzer_capacity,61,61,59,0.967213114754098,2.19359329122583,0,95.1764891608895
5,16,2,top8_C_D_remaining_gap,saa,3,2,ordinary_shortage_positive,61,61,45,0.737704918032787,-10.2408105080949,-13.8819875776397,-0
5,16,2,top8_C_D_remaining_gap,saa,3,3,tank_capacity,61,61,0,0,74.0043670128031,49.7206847943536,86.1006043349115
5,16,2,top8_C_D_remaining_gap,saa,3,3,electrolyzer_capacity,61,61,59,0.967213114754098,2.60916917534565,0,120
5,16,2,top8_C_D_remaining_gap,saa,3,3,ordinary_shortage_positive,61,61,45,0.737704918032787,-6.21482855621002,-8.42454537619581,-0
5,16,2,top8_C_D_remaining_gap,saa,3,4,tank_capacity,61,61,0,0,65.1648898627728,30.4689271161886,90.128609315412
5,16,2,top8_C_D_remaining_gap,saa,3,4,electrolyzer_capacity,61,61,61,1,0,0,0
5,16,2,top8_C_D_remaining_gap,saa,3,4,ordinary_shortage_positive,61,61,45,0.737704918032787,-9.27869422368373,-12.5777855032157,-0
5,16,2,top8_C_D_remaining_gap,saa,3,0,htt_aggregate_capacity,61,61,0,0,103.588402697139,66.1182017134594,153.52380952381
5,16,2,top8_C_D_remaining_gap,saa,4,1,tank_capacity,61,61,0,0,87.3257562750768,65.938647225312,138.824123315371
5,16,2,top8_C_D_remaining_gap,saa,4,1,electrolyzer_capacity,61,53,53,1,0,0,0
5,16,2,top8_C_D_remaining_gap,saa,4,1,ordinary_shortage_positive,61,53,49,0.924528301886792,-7.52235536081552,-8.13642518618822,-0
5,16,2,top8_C_D_remaining_gap,saa,4,2,tank_capacity,61,61,0,0,100.125845453013,78.5230167994804,123.781415873965
5,16,2,top8_C_D_remaining_gap,saa,4,2,electrolyzer_capacity,61,53,50,0.943396226415094,11.3207547169811,0,200
5,16,2,top8_C_D_remaining_gap,saa,4,2,ordinary_shortage_positive,61,53,50,0.943396226415094,-3.80874252900504,-4.03726708074534,-0
5,16,2,top8_C_D_remaining_gap,saa,4,3,tank_capacity,61,61,0,0,72.1217702161814,63.8001709082168,86.1006043349115
5,16,2,top8_C_D_remaining_gap,saa,4,3,electrolyzer_capacity,61,53,50,0.943396226415094,6.79245283018868,0,120
5,16,2,top8_C_D_remaining_gap,saa,4,3,ordinary_shortage_positive,61,53,50,0.943396226415094,-5.39667601549399,-5.89718176333707,-0
5,16,2,top8_C_D_remaining_gap,saa,4,4,tank_capacity,61,61,0,0,40.4989021135542,1.07810925098093,89.4912784916345
5,16,2,top8_C_D_remaining_gap,saa,4,4,electrolyzer_capacity,61,53,52,0.981132075471698,2.26735116937328,0,120.169611976784
5,16,2,top8_C_D_remaining_gap,saa,4,4,ordinary_shortage_positive,61,53,50,0.943396226415094,-3.96019796070303,-4.19780983834521,-0
5,16,2,top8_C_D_remaining_gap,saa,4,0,htt_aggregate_capacity,61,53,0,0,102.585881495339,47.3278754705168,141.714285714286
5,16,2,top8_C_D_remaining_gap,saa,5,1,tank_capacity,61,61,0,0,80.3331857961019,57.4056619118401,104.967107853042
5,16,2,top8_C_D_remaining_gap,saa,5,1,electrolyzer_capacity,61,15,15,1,0,0,0
5,16,2,top8_C_D_remaining_gap,saa,5,1,ordinary_shortage_positive,61,15,14,0.933333333333333,-4.77883096366509,-5.12017603249831,-0
5,16,2,top8_C_D_remaining_gap,saa,5,2,tank_capacity,61,61,0,0,94.8791803276208,71.6329380535284,123.781415873965
5,16,2,top8_C_D_remaining_gap,saa,5,2,electrolyzer_capacity,61,15,15,1,0,0,0
5,16,2,top8_C_D_remaining_gap,saa,5,2,ordinary_shortage_positive,61,15,14,0.933333333333333,-5.43768115942029,-5.82608695652174,-0
5,16,2,top8_C_D_remaining_gap,saa,5,3,tank_capacity,61,61,0,0,70.9786216043654,63.8001709082168,86.1006043349115
5,16,2,top8_C_D_remaining_gap,saa,5,3,electrolyzer_capacity,61,15,14,0.933333333333333,1.58149630546535,0,23.7224445819803
5,16,2,top8_C_D_remaining_gap,saa,5,3,ordinary_shortage_positive,61,15,14,0.933333333333333,-1.48007699158264,-1.58579677669568,-0
5,16,2,top8_C_D_remaining_gap,saa,5,4,tank_capacity,61,61,6,0.0983606557377049,32.0259691922862,0,68.1736355453719
5,16,2,top8_C_D_remaining_gap,saa,5,4,electrolyzer_capacity,61,15,15,1,0,0,0
5,16,2,top8_C_D_remaining_gap,saa,5,4,ordinary_shortage_positive,61,15,14,0.933333333333333,-2.67686424474187,-2.86806883365201,-0
5,16,2,top8_C_D_remaining_gap,saa,5,0,htt_aggregate_capacity,61,15,0,0,91.8388939917107,76.3492746740503,135.87564441915
5,16,2,top8_C_D_remaining_gap,saa,6,1,tank_capacity,61,61,0,0,79.4584507939484,57.4056619118401,104.967107853042
5,16,2,top8_C_D_remaining_gap,saa,6,1,electrolyzer_capacity,61,2,2,1,0,0,0
5,16,2,top8_C_D_remaining_gap,saa,6,1,ordinary_shortage_positive,61,2,2,1,-20.0897088693297,-20.0897088693297,-20.0897088693297
5,16,2,top8_C_D_remaining_gap,saa,6,2,tank_capacity,61,61,0,0,94.0769368623608,71.6329380535284,123.781415873965
5,16,2,top8_C_D_remaining_gap,saa,6,2,electrolyzer_capacity,61,2,2,1,0,0,0
5,16,2,top8_C_D_remaining_gap,saa,6,2,ordinary_shortage_positive,61,2,2,1,-12.2546583850932,-12.2546583850932,-12.2546583850932
5,16,2,top8_C_D_remaining_gap,saa,6,3,tank_capacity,61,61,0,0,70.9842670281579,63.8001709082168,86.1006043349115
5,16,2,top8_C_D_remaining_gap,saa,6,3,electrolyzer_capacity,61,2,2,1,0,0,0
5,16,2,top8_C_D_remaining_gap,saa,6,3,ordinary_shortage_positive,61,2,2,1,-7.09247608377144,-7.09247608377144,-7.09247608377144
5,16,2,top8_C_D_remaining_gap,saa,6,4,tank_capacity,61,61,6,0.0983606557377049,30.7435317441039,0,68.1736355453719
5,16,2,top8_C_D_remaining_gap,saa,6,4,electrolyzer_capacity,61,2,2,1,0,0,0
5,16,2,top8_C_D_remaining_gap,saa,6,4,ordinary_shortage_positive,61,2,2,1,-10.3563358247871,-10.3563358247871,-10.3563358247871
5,16,2,top8_C_D_remaining_gap,saa,6,0,htt_aggregate_capacity,61,2,0,0,100.986279759059,95.9944722658576,105.97808725226
5,16,2,top8_C_D_remaining_gap,saa,7,1,tank_capacity,61,61,0,0,79.4584507939484,57.4056619118401,104.967107853042
5,16,2,top8_C_D_remaining_gap,saa,7,1,electrolyzer_capacity,61,0,0,NaN,NaN,NaN,NaN
5,16,2,top8_C_D_remaining_gap,saa,7,1,ordinary_shortage_positive,61,0,0,NaN,NaN,NaN,NaN
5,16,2,top8_C_D_remaining_gap,saa,7,2,tank_capacity,61,61,0,0,94.0769368623608,71.6329380535284,123.781415873965
5,16,2,top8_C_D_remaining_gap,saa,7,2,electrolyzer_capacity,61,0,0,NaN,NaN,NaN,NaN
5,16,2,top8_C_D_remaining_gap,saa,7,2,ordinary_shortage_positive,61,0,0,NaN,NaN,NaN,NaN
5,16,2,top8_C_D_remaining_gap,saa,7,3,tank_capacity,61,61,0,0,70.9842670281579,63.8001709082168,86.1006043349115
5,16,2,top8_C_D_remaining_gap,saa,7,3,electrolyzer_capacity,61,0,0,NaN,NaN,NaN,NaN
5,16,2,top8_C_D_remaining_gap,saa,7,3,ordinary_shortage_positive,61,0,0,NaN,NaN,NaN,NaN
5,16,2,top8_C_D_remaining_gap,saa,7,4,tank_capacity,61,61,6,0.0983606557377049,30.7435317441039,0,68.1736355453719
5,16,2,top8_C_D_remaining_gap,saa,7,4,electrolyzer_capacity,61,0,0,NaN,NaN,NaN,NaN
5,16,2,top8_C_D_remaining_gap,saa,7,4,ordinary_shortage_positive,61,0,0,NaN,NaN,NaN,NaN
5,16,2,top8_C_D_remaining_gap,saa,7,0,htt_aggregate_capacity,61,0,0,NaN,NaN,NaN,NaN
5,16,2,top8_C_D_remaining_gap,saa,8,1,tank_capacity,61,61,0,0,79.4584507939484,57.4056619118401,104.967107853042
5,16,2,top8_C_D_remaining_gap,saa,8,1,electrolyzer_capacity,61,0,0,NaN,NaN,NaN,NaN
5,16,2,top8_C_D_remaining_gap,saa,8,1,ordinary_shortage_positive,61,0,0,NaN,NaN,NaN,NaN
5,16,2,top8_C_D_remaining_gap,saa,8,2,tank_capacity,61,61,0,0,94.0769368623608,71.6329380535284,123.781415873965
5,16,2,top8_C_D_remaining_gap,saa,8,2,electrolyzer_capacity,61,0,0,NaN,NaN,NaN,NaN
5,16,2,top8_C_D_remaining_gap,saa,8,2,ordinary_shortage_positive,61,0,0,NaN,NaN,NaN,NaN
5,16,2,top8_C_D_remaining_gap,saa,8,3,tank_capacity,61,61,0,0,70.9842670281579,63.8001709082168,86.1006043349115
5,16,2,top8_C_D_remaining_gap,saa,8,3,electrolyzer_capacity,61,0,0,NaN,NaN,NaN,NaN
5,16,2,top8_C_D_remaining_gap,saa,8,3,ordinary_shortage_positive,61,0,0,NaN,NaN,NaN,NaN
5,16,2,top8_C_D_remaining_gap,saa,8,4,tank_capacity,61,61,6,0.0983606557377049,30.7435317441039,0,68.1736355453719
5,16,2,top8_C_D_remaining_gap,saa,8,4,electrolyzer_capacity,61,0,0,NaN,NaN,NaN,NaN
5,16,2,top8_C_D_remaining_gap,saa,8,4,ordinary_shortage_positive,61,0,0,NaN,NaN,NaN,NaN
5,16,2,top8_C_D_remaining_gap,saa,8,0,htt_aggregate_capacity,61,0,0,NaN,NaN,NaN,NaN
6,18,4,top8_C_D_remaining_gap,saa,1,1,tank_capacity,47,47,0,0,211.975618987629,211.975618987629,211.975618987629
6,18,4,top8_C_D_remaining_gap,saa,1,1,electrolyzer_capacity,47,47,47,1,0,0,0
6,18,4,top8_C_D_remaining_gap,saa,1,1,ordinary_shortage_positive,47,47,0,0,-0,-0,-0
6,18,4,top8_C_D_remaining_gap,saa,1,2,tank_capacity,47,47,0,0,132.117949017897,132.117949017897,132.117949017897
6,18,4,top8_C_D_remaining_gap,saa,1,2,electrolyzer_capacity,47,47,47,1,0,0,0
6,18,4,top8_C_D_remaining_gap,saa,1,2,ordinary_shortage_positive,47,47,0,0,-0,-0,-0
6,18,4,top8_C_D_remaining_gap,saa,1,3,tank_capacity,47,47,0,0,62.2836633343863,62.2836633343863,62.2836633343863
6,18,4,top8_C_D_remaining_gap,saa,1,3,electrolyzer_capacity,47,47,47,1,0,0,0
6,18,4,top8_C_D_remaining_gap,saa,1,3,ordinary_shortage_positive,47,47,0,0,-0,-0,-0
6,18,4,top8_C_D_remaining_gap,saa,1,4,tank_capacity,47,47,0,0,102.294487987409,102.294487987409,102.294487987409
6,18,4,top8_C_D_remaining_gap,saa,1,4,electrolyzer_capacity,47,47,47,1,0,0,0
6,18,4,top8_C_D_remaining_gap,saa,1,4,ordinary_shortage_positive,47,47,0,0,-0,-0,-0
6,18,4,top8_C_D_remaining_gap,saa,1,0,htt_aggregate_capacity,47,47,0,0,160,160,160
6,18,4,top8_C_D_remaining_gap,saa,2,1,tank_capacity,47,47,0,0,175.426167296579,114.764489720114,196.965327856959
6,18,4,top8_C_D_remaining_gap,saa,2,1,electrolyzer_capacity,47,47,47,1,0,0,0
6,18,4,top8_C_D_remaining_gap,saa,2,1,ordinary_shortage_positive,47,47,17,0.361702127659574,-7.26649044209798,-20.0897088693297,-0
6,18,4,top8_C_D_remaining_gap,saa,2,2,tank_capacity,47,47,0,0,122.586981982256,108.717949017897,140.664230299026
6,18,4,top8_C_D_remaining_gap,saa,2,2,electrolyzer_capacity,47,47,47,1,0,0,0
6,18,4,top8_C_D_remaining_gap,saa,2,2,ordinary_shortage_positive,47,47,17,0.361702127659574,-4.43253601162944,-12.2546583850932,-0
6,18,4,top8_C_D_remaining_gap,saa,2,3,tank_capacity,47,47,0,0,64.0743119358698,50.1199056163834,84.9482794080084
6,18,4,top8_C_D_remaining_gap,saa,2,3,electrolyzer_capacity,47,47,47,1,0,0,0
6,18,4,top8_C_D_remaining_gap,saa,2,3,ordinary_shortage_positive,47,47,17,0.361702127659574,-2.56536368987478,-7.09247608377144,-0
6,18,4,top8_C_D_remaining_gap,saa,2,4,tank_capacity,47,47,0,0,88.2771384294125,65.396641923623,95.1008238121963
6,18,4,top8_C_D_remaining_gap,saa,2,4,electrolyzer_capacity,47,47,47,1,0,0,0
6,18,4,top8_C_D_remaining_gap,saa,2,4,ordinary_shortage_positive,47,47,17,0.361702127659574,-3.74590870258256,-10.3563358247871,-0
6,18,4,top8_C_D_remaining_gap,saa,2,0,htt_aggregate_capacity,47,47,0,0,135.219360698985,76.5607891788053,157.028571428571
6,18,4,top8_C_D_remaining_gap,saa,3,1,tank_capacity,47,47,0,0,131.575292841645,84.5049758219475,183.519017768942
6,18,4,top8_C_D_remaining_gap,saa,3,1,electrolyzer_capacity,47,47,47,1,0,0,0
6,18,4,top8_C_D_remaining_gap,saa,3,1,ordinary_shortage_positive,47,47,28,0.595744680851064,-12.9000705858627,-21.6536899119838,-0
6,18,4,top8_C_D_remaining_gap,saa,3,2,tank_capacity,47,47,0,0,113.879554524886,102.768220677608,123.781415873965
6,18,4,top8_C_D_remaining_gap,saa,3,2,electrolyzer_capacity,47,47,46,0.978723404255319,0.821972374550764,0,38.6327016038859
6,18,4,top8_C_D_remaining_gap,saa,3,2,ordinary_shortage_positive,47,47,28,0.595744680851064,-8.27012025901942,-13.8819875776397,-0
6,18,4,top8_C_D_remaining_gap,saa,3,3,tank_capacity,47,47,0,0,68.418459098199,49.7206847943536,86.1006043349115
6,18,4,top8_C_D_remaining_gap,saa,3,3,electrolyzer_capacity,47,47,46,0.978723404255319,0.833177014810307,0,39.1593196960844
6,18,4,top8_C_D_remaining_gap,saa,3,3,ordinary_shortage_positive,47,47,28,0.595744680851064,-5.01887809645708,-8.42454537619581,-0
6,18,4,top8_C_D_remaining_gap,saa,3,4,tank_capacity,47,47,0,0,69.450736275212,26.3886819787253,90.128609315412
6,18,4,top8_C_D_remaining_gap,saa,3,4,electrolyzer_capacity,47,47,47,1,0,0,0
6,18,4,top8_C_D_remaining_gap,saa,3,4,ordinary_shortage_positive,47,47,28,0.595744680851064,-7.49314881042638,-12.5777855032157,-0
6,18,4,top8_C_D_remaining_gap,saa,3,0,htt_aggregate_capacity,47,47,0,0,115.452622919452,53.9391075646519,154.057142857143
6,18,4,top8_C_D_remaining_gap,saa,4,1,tank_capacity,47,47,0,0,94.0709030675631,56.3512964275061,149.897862409088
6,18,4,top8_C_D_remaining_gap,saa,4,1,electrolyzer_capacity,47,39,38,0.974358974358974,0.805260896971768,0,31.4051749818989
6,18,4,top8_C_D_remaining_gap,saa,4,1,ordinary_shortage_positive,47,39,32,0.82051282051282,-6.67604117841084,-8.13642518618822,-0
6,18,4,top8_C_D_remaining_gap,saa,4,2,tank_capacity,47,47,0,0,104.475937456124,73.256374965174,123.890221637264
6,18,4,top8_C_D_remaining_gap,saa,4,2,electrolyzer_capacity,47,39,33,0.846153846153846,30.7692307692308,0,200
6,18,4,top8_C_D_remaining_gap,saa,4,2,ordinary_shortage_positive,47,39,32,0.82051282051282,-3.31262939958592,-4.03726708074534,-0
6,18,4,top8_C_D_remaining_gap,saa,4,3,tank_capacity,47,47,0,0,73.5625135257025,62.2754471037331,86.1006043349115
6,18,4,top8_C_D_remaining_gap,saa,4,3,electrolyzer_capacity,47,39,33,0.846153846153846,18.4615384615385,0,120
6,18,4,top8_C_D_remaining_gap,saa,4,3,ordinary_shortage_positive,47,39,31,0.794871794871795,-4.68478476144896,-5.89718176333707,-0
6,18,4,top8_C_D_remaining_gap,saa,4,4,tank_capacity,47,47,0,0,44.9910605239552,1.33806855383764,83.2596342809433
6,18,4,top8_C_D_remaining_gap,saa,4,4,electrolyzer_capacity,47,39,37,0.948717948717949,2.3670990327454,0,63.6649172435213
6,18,4,top8_C_D_remaining_gap,saa,4,4,ordinary_shortage_positive,47,39,32,0.82051282051282,-3.4443567904371,-4.19780983834521,-0
6,18,4,top8_C_D_remaining_gap,saa,4,0,htt_aggregate_capacity,47,39,0,0,99.3631369018949,56.887985710846,142.737466443046
6,18,4,top8_C_D_remaining_gap,saa,5,1,tank_capacity,47,47,0,0,83.2248734695444,56.3512964275061,107.315589447021
6,18,4,top8_C_D_remaining_gap,saa,5,1,electrolyzer_capacity,47,16,16,1,0,0,0
6,18,4,top8_C_D_remaining_gap,saa,5,1,ordinary_shortage_positive,47,16,15,0.9375,-4.80016503046716,-5.12017603249831,-0
6,18,4,top8_C_D_remaining_gap,saa,5,2,tank_capacity,47,47,0,0,97.1949683266015,63.161029615255,123.890221637264
6,18,4,top8_C_D_remaining_gap,saa,5,2,electrolyzer_capacity,47,16,15,0.9375,6.09040768949565,0,97.4465230319305
6,18,4,top8_C_D_remaining_gap,saa,5,2,ordinary_shortage_positive,47,16,15,0.9375,-5.46195652173913,-5.82608695652174,-0
6,18,4,top8_C_D_remaining_gap,saa,5,3,tank_capacity,47,47,0,0,71.6391326939044,62.7360923453272,86.1006043349115
6,18,4,top8_C_D_remaining_gap,saa,5,3,electrolyzer_capacity,47,16,15,0.9375,4.43273785835979,0,70.9238057337567
6,18,4,top8_C_D_remaining_gap,saa,5,3,ordinary_shortage_positive,47,16,15,0.9375,-1.4866844781522,-1.58579677669568,-0
6,18,4,top8_C_D_remaining_gap,saa,5,4,tank_capacity,47,47,0,0,35.1193008719103,0.406402703515397,75.5236002027577
6,18,4,top8_C_D_remaining_gap,saa,5,4,electrolyzer_capacity,47,16,16,1,0,0,0
6,18,4,top8_C_D_remaining_gap,saa,5,4,ordinary_shortage_positive,47,16,15,0.9375,-2.68881453154876,-2.86806883365201,-0
6,18,4,top8_C_D_remaining_gap,saa,5,0,htt_aggregate_capacity,47,16,0,0,102.905140054681,65.4584636737048,142.780952380952
6,18,4,top8_C_D_remaining_gap,saa,6,1,tank_capacity,47,47,0,0,82.0034648746137,56.3512964275061,107.315589447021
6,18,4,top8_C_D_remaining_gap,saa,6,1,electrolyzer_capacity,47,2,2,1,0,0,0
6,18,4,top8_C_D_remaining_gap,saa,6,1,ordinary_shortage_positive,47,2,2,1,-13.1847657405766,-20.0897088693297,-6.27982261182355
6,18,4,top8_C_D_remaining_gap,saa,6,2,tank_capacity,47,47,0,0,96.6461106354204,63.161029615255,123.890221637264
6,18,4,top8_C_D_remaining_gap,saa,6,2,electrolyzer_capacity,47,2,2,1,0,0,0
6,18,4,top8_C_D_remaining_gap,saa,6,2,ordinary_shortage_positive,47,2,1,0.5,-6.12732919254658,-12.2546583850932,-0
6,18,4,top8_C_D_remaining_gap,saa,6,3,tank_capacity,47,47,0,0,71.4444926253012,62.7360923453272,86.1006043349115
6,18,4,top8_C_D_remaining_gap,saa,6,3,electrolyzer_capacity,47,2,2,1,0,0,0
6,18,4,top8_C_D_remaining_gap,saa,6,3,ordinary_shortage_positive,47,2,1,0.5,-3.54623804188572,-7.09247608377144,-0
6,18,4,top8_C_D_remaining_gap,saa,6,4,tank_capacity,47,47,0,0,34.1764063021817,0.406402703515397,75.5236002027577
6,18,4,top8_C_D_remaining_gap,saa,6,4,electrolyzer_capacity,47,2,2,1,0,0,0
6,18,4,top8_C_D_remaining_gap,saa,6,4,ordinary_shortage_positive,47,2,1,0.5,-5.17816791239353,-10.3563358247871,-0
6,18,4,top8_C_D_remaining_gap,saa,6,0,htt_aggregate_capacity,47,2,0,0,100.562907446505,92.5851792733836,108.540635619626
6,18,4,top8_C_D_remaining_gap,saa,7,1,tank_capacity,47,47,0,0,82.0034648746137,56.3512964275061,107.315589447021
6,18,4,top8_C_D_remaining_gap,saa,7,1,electrolyzer_capacity,47,0,0,NaN,NaN,NaN,NaN
6,18,4,top8_C_D_remaining_gap,saa,7,1,ordinary_shortage_positive,47,0,0,NaN,NaN,NaN,NaN
6,18,4,top8_C_D_remaining_gap,saa,7,2,tank_capacity,47,47,0,0,96.6461106354204,63.161029615255,123.890221637264
6,18,4,top8_C_D_remaining_gap,saa,7,2,electrolyzer_capacity,47,0,0,NaN,NaN,NaN,NaN
6,18,4,top8_C_D_remaining_gap,saa,7,2,ordinary_shortage_positive,47,0,0,NaN,NaN,NaN,NaN
6,18,4,top8_C_D_remaining_gap,saa,7,3,tank_capacity,47,47,0,0,71.4444926253012,62.7360923453272,86.1006043349115
6,18,4,top8_C_D_remaining_gap,saa,7,3,electrolyzer_capacity,47,0,0,NaN,NaN,NaN,NaN
6,18,4,top8_C_D_remaining_gap,saa,7,3,ordinary_shortage_positive,47,0,0,NaN,NaN,NaN,NaN
6,18,4,top8_C_D_remaining_gap,saa,7,4,tank_capacity,47,47,0,0,34.1764063021817,0.406402703515397,75.5236002027577
6,18,4,top8_C_D_remaining_gap,saa,7,4,electrolyzer_capacity,47,0,0,NaN,NaN,NaN,NaN
6,18,4,top8_C_D_remaining_gap,saa,7,4,ordinary_shortage_positive,47,0,0,NaN,NaN,NaN,NaN
6,18,4,top8_C_D_remaining_gap,saa,7,0,htt_aggregate_capacity,47,0,0,NaN,NaN,NaN,NaN
6,18,4,top8_C_D_remaining_gap,saa,8,1,tank_capacity,47,47,0,0,82.0034648746137,56.3512964275061,107.315589447021
6,18,4,top8_C_D_remaining_gap,saa,8,1,electrolyzer_capacity,47,0,0,NaN,NaN,NaN,NaN
6,18,4,top8_C_D_remaining_gap,saa,8,1,ordinary_shortage_positive,47,0,0,NaN,NaN,NaN,NaN
6,18,4,top8_C_D_remaining_gap,saa,8,2,tank_capacity,47,47,0,0,96.6461106354204,63.161029615255,123.890221637264
6,18,4,top8_C_D_remaining_gap,saa,8,2,electrolyzer_capacity,47,0,0,NaN,NaN,NaN,NaN
6,18,4,top8_C_D_remaining_gap,saa,8,2,ordinary_shortage_positive,47,0,0,NaN,NaN,NaN,NaN
6,18,4,top8_C_D_remaining_gap,saa,8,3,tank_capacity,47,47,0,0,71.4444926253012,62.7360923453272,86.1006043349115
6,18,4,top8_C_D_remaining_gap,saa,8,3,electrolyzer_capacity,47,0,0,NaN,NaN,NaN,NaN
6,18,4,top8_C_D_remaining_gap,saa,8,3,ordinary_shortage_positive,47,0,0,NaN,NaN,NaN,NaN
6,18,4,top8_C_D_remaining_gap,saa,8,4,tank_capacity,47,47,0,0,34.1764063021817,0.406402703515397,75.5236002027577
6,18,4,top8_C_D_remaining_gap,saa,8,4,electrolyzer_capacity,47,0,0,NaN,NaN,NaN,NaN
6,18,4,top8_C_D_remaining_gap,saa,8,4,ordinary_shortage_positive,47,0,0,NaN,NaN,NaN,NaN
6,18,4,top8_C_D_remaining_gap,saa,8,0,htt_aggregate_capacity,47,0,0,NaN,NaN,NaN,NaN
7,9,4,top8_C_D_remaining_gap,saa,1,1,tank_capacity,74,74,0,0,211.975618987629,211.975618987629,211.975618987629
7,9,4,top8_C_D_remaining_gap,saa,1,1,electrolyzer_capacity,74,74,74,1,0,0,0
7,9,4,top8_C_D_remaining_gap,saa,1,1,ordinary_shortage_positive,74,74,0,0,-0,-0,-0
7,9,4,top8_C_D_remaining_gap,saa,1,2,tank_capacity,74,74,0,0,132.117949017897,132.117949017897,132.117949017897
7,9,4,top8_C_D_remaining_gap,saa,1,2,electrolyzer_capacity,74,74,74,1,0,0,0
7,9,4,top8_C_D_remaining_gap,saa,1,2,ordinary_shortage_positive,74,74,0,0,-0,-0,-0
7,9,4,top8_C_D_remaining_gap,saa,1,3,tank_capacity,74,74,0,0,62.2836633343863,62.2836633343863,62.2836633343863
7,9,4,top8_C_D_remaining_gap,saa,1,3,electrolyzer_capacity,74,74,74,1,0,0,0
7,9,4,top8_C_D_remaining_gap,saa,1,3,ordinary_shortage_positive,74,74,0,0,-0,-0,-0
7,9,4,top8_C_D_remaining_gap,saa,1,4,tank_capacity,74,74,0,0,102.294487987409,102.294487987409,102.294487987409
7,9,4,top8_C_D_remaining_gap,saa,1,4,electrolyzer_capacity,74,74,74,1,0,0,0
7,9,4,top8_C_D_remaining_gap,saa,1,4,ordinary_shortage_positive,74,74,0,0,-0,-0,-0
7,9,4,top8_C_D_remaining_gap,saa,1,0,htt_aggregate_capacity,74,74,0,0,160,160,160
7,9,4,top8_C_D_remaining_gap,saa,2,1,tank_capacity,74,74,0,0,187.699813219324,114.764489720114,196.965327856959
7,9,4,top8_C_D_remaining_gap,saa,2,1,electrolyzer_capacity,74,74,74,1,0,0,0
7,9,4,top8_C_D_remaining_gap,saa,2,1,ordinary_shortage_positive,74,74,8,0.108108108108108,-2.17186041830592,-20.0897088693297,-0
7,9,4,top8_C_D_remaining_gap,saa,2,2,tank_capacity,74,74,0,0,121.778396399376,108.717949017897,139.205336150655
7,9,4,top8_C_D_remaining_gap,saa,2,2,electrolyzer_capacity,74,74,74,1,0,0,0
7,9,4,top8_C_D_remaining_gap,saa,2,2,ordinary_shortage_positive,74,74,8,0.108108108108108,-1.32482793352359,-12.2546583850932,-0
7,9,4,top8_C_D_remaining_gap,saa,2,3,tank_capacity,74,74,0,0,60.5465224093641,50.1199056163834,84.2293977434022
7,9,4,top8_C_D_remaining_gap,saa,2,3,electrolyzer_capacity,74,74,74,1,0,0,0
7,9,4,top8_C_D_remaining_gap,saa,2,3,ordinary_shortage_positive,74,74,8,0.108108108108108,-0.766754171218534,-7.09247608377144,-0
7,9,4,top8_C_D_remaining_gap,saa,2,4,tank_capacity,74,74,0,0,92.9671200662411,66.1911784716566,95.1008238121963
7,9,4,top8_C_D_remaining_gap,saa,2,4,electrolyzer_capacity,74,74,74,1,0,0,0
7,9,4,top8_C_D_remaining_gap,saa,2,4,ordinary_shortage_positive,74,74,8,0.108108108108108,-1.11960387294995,-10.3563358247871,-0
7,9,4,top8_C_D_remaining_gap,saa,2,0,htt_aggregate_capacity,74,74,0,0,145.466505881926,76.5607891788053,157.028571428571
7,9,4,top8_C_D_remaining_gap,saa,3,1,tank_capacity,74,74,0,0,145.399343790013,86.2688788046386,183.519017768942
7,9,4,top8_C_D_remaining_gap,saa,3,1,electrolyzer_capacity,74,74,74,1,0,0,0
7,9,4,top8_C_D_remaining_gap,saa,3,1,ordinary_shortage_positive,74,74,18,0.243243243243243,-5.26711376237443,-21.6536899119838,-0
7,9,4,top8_C_D_remaining_gap,saa,3,2,tank_capacity,74,74,0,0,118.320045349966,105.574013306195,127.992799279928
7,9,4,top8_C_D_remaining_gap,saa,3,2,electrolyzer_capacity,74,74,65,0.878378378378378,7.4247210580993,0,95.1764891608895
7,9,4,top8_C_D_remaining_gap,saa,3,2,ordinary_shortage_positive,74,74,18,0.243243243243243,-3.37669968104751,-13.8819875776397,-0
7,9,4,top8_C_D_remaining_gap,saa,3,3,tank_capacity,74,74,0,0,71.6166111615147,49.7206847943536,84.6809310587046
7,9,4,top8_C_D_remaining_gap,saa,3,3,electrolyzer_capacity,74,74,66,0.891891891891892,5.53876376818333,0,120
7,9,4,top8_C_D_remaining_gap,saa,3,3,ordinary_shortage_positive,74,74,18,0.243243243243243,-2.04921374015574,-8.42454537619581,-0
7,9,4,top8_C_D_remaining_gap,saa,3,4,tank_capacity,74,74,0,0,81.8680993643241,47.1049091027557,90.128609315412
7,9,4,top8_C_D_remaining_gap,saa,3,4,electrolyzer_capacity,74,74,74,1,0,0,0
7,9,4,top8_C_D_remaining_gap,saa,3,4,ordinary_shortage_positive,74,74,18,0.243243243243243,-3.05946133862004,-12.5777855032157,-0
7,9,4,top8_C_D_remaining_gap,saa,3,0,htt_aggregate_capacity,74,74,0,0,117.80557258517,68.2540946019924,153.52380952381
7,9,4,top8_C_D_remaining_gap,saa,4,1,tank_capacity,74,74,0,0,117.094409738451,77.1595341352319,149.897862409088
7,9,4,top8_C_D_remaining_gap,saa,4,1,electrolyzer_capacity,74,48,45,0.9375,3.00186054342715,0,64.4964614415302
7,9,4,top8_C_D_remaining_gap,saa,4,1,ordinary_shortage_positive,74,48,12,0.25,-2.03410629654705,-8.13642518618822,-0
7,9,4,top8_C_D_remaining_gap,saa,4,2,tank_capacity,74,74,0,0,119.608557395589,91.6847929342924,127.992799279928
7,9,4,top8_C_D_remaining_gap,saa,4,2,electrolyzer_capacity,74,48,12,0.25,129.467896363616,0,200
7,9,4,top8_C_D_remaining_gap,saa,4,2,ordinary_shortage_positive,74,48,12,0.25,-1.00931677018634,-4.03726708074534,-0
7,9,4,top8_C_D_remaining_gap,saa,4,3,tank_capacity,74,74,0,0,78.112765356464,62.2754471037331,84.6809310587046
7,9,4,top8_C_D_remaining_gap,saa,4,3,electrolyzer_capacity,74,48,19,0.395833333333333,63.9771262094203,0,120
7,9,4,top8_C_D_remaining_gap,saa,4,3,ordinary_shortage_positive,74,48,12,0.25,-1.47429544083427,-5.89718176333707,-0
7,9,4,top8_C_D_remaining_gap,saa,4,4,tank_capacity,74,74,0,0,70.3065023915473,47.1049091027557,89.4912784916345
7,9,4,top8_C_D_remaining_gap,saa,4,4,electrolyzer_capacity,74,48,42,0.875,8.07401907926513,-8.12860889709555e-12,120.169611976784
7,9,4,top8_C_D_remaining_gap,saa,4,4,ordinary_shortage_positive,74,48,12,0.25,-1.0494524595863,-4.19780983834521,-0
7,9,4,top8_C_D_remaining_gap,saa,4,0,htt_aggregate_capacity,74,48,0,0,120.29378412125,56.887985710846,147.006199748654
7,9,4,top8_C_D_remaining_gap,saa,5,1,tank_capacity,74,74,0,0,109.842217097102,77.1595341352319,149.833151295533
7,9,4,top8_C_D_remaining_gap,saa,5,1,electrolyzer_capacity,74,18,12,0.666666666666667,15.1435089081963,0,72.8301273760115
7,9,4,top8_C_D_remaining_gap,saa,5,1,ordinary_shortage_positive,74,18,1,0.0555555555555556,-0.284454224027684,-5.12017603249831,-0
7,9,4,top8_C_D_remaining_gap,saa,5,2,tank_capacity,74,74,0,0,118.697340593427,91.6847929342924,127.992799279928
7,9,4,top8_C_D_remaining_gap,saa,5,2,electrolyzer_capacity,74,18,3,0.166666666666667,107.348741279419,0,164.03161644155
7,9,4,top8_C_D_remaining_gap,saa,5,2,ordinary_shortage_positive,74,18,1,0.0555555555555556,-0.323671497584541,-5.82608695652174,-0
7,9,4,top8_C_D_remaining_gap,saa,5,3,tank_capacity,74,74,0,0,77.6472386400796,62.993143707545,84.6809310587046
7,9,4,top8_C_D_remaining_gap,saa,5,3,electrolyzer_capacity,74,18,1,0.0555555555555556,81.1004956101002,0,120
7,9,4,top8_C_D_remaining_gap,saa,5,3,ordinary_shortage_positive,74,18,1,0.0555555555555556,-0.0880998209275379,-1.58579677669568,-0
7,9,4,top8_C_D_remaining_gap,saa,5,4,tank_capacity,74,74,0,0,66.6507089790689,47.1049091027557,89.3638590824113
7,9,4,top8_C_D_remaining_gap,saa,5,4,electrolyzer_capacity,74,18,16,0.888888888888889,10.4375606861507,0,125.495505933204
7,9,4,top8_C_D_remaining_gap,saa,5,4,ordinary_shortage_positive,74,18,1,0.0555555555555556,-0.159337157425112,-2.86806883365201,-0
7,9,4,top8_C_D_remaining_gap,saa,5,0,htt_aggregate_capacity,74,18,0,0,138.943890600628,84.9649631288887,147.047619047619
7,9,4,top8_C_D_remaining_gap,saa,6,1,tank_capacity,74,74,0,0,109.606527436637,77.1595341352319,149.833151295533
7,9,4,top8_C_D_remaining_gap,saa,6,1,electrolyzer_capacity,74,3,0,0,118.228136485227,89.1720752202084,142.022326151368
7,9,4,top8_C_D_remaining_gap,saa,6,1,ordinary_shortage_positive,74,3,0,0,-0,-0,-0
7,9,4,top8_C_D_remaining_gap,saa,6,2,tank_capacity,74,74,0,0,119.20712933476,91.6847929342924,127.992799279928
7,9,4,top8_C_D_remaining_gap,saa,6,2,electrolyzer_capacity,74,3,0,0,200,200,200
7,9,4,top8_C_D_remaining_gap,saa,6,2,ordinary_shortage_positive,74,3,0,0,-0,-0,-0
7,9,4,top8_C_D_remaining_gap,saa,6,3,tank_capacity,74,74,0,0,78.1099833679713,62.993143707545,84.6809310587046
7,9,4,top8_C_D_remaining_gap,saa,6,3,electrolyzer_capacity,74,3,0,0,120,120,120
7,9,4,top8_C_D_remaining_gap,saa,6,3,ordinary_shortage_positive,74,3,0,0,-0,-0,-0
7,9,4,top8_C_D_remaining_gap,saa,6,4,tank_capacity,74,74,0,0,67.0128641239457,47.1049091027557,89.3638590824113
7,9,4,top8_C_D_remaining_gap,saa,6,4,electrolyzer_capacity,74,3,0,0,137.886920723293,113.66076216988,150
7,9,4,top8_C_D_remaining_gap,saa,6,4,ordinary_shortage_positive,74,3,0,0,-0,-0,-0
7,9,4,top8_C_D_remaining_gap,saa,6,0,htt_aggregate_capacity,74,3,0,0,134.871557441944,124.454188484633,141.005074813708
7,9,4,top8_C_D_remaining_gap,saa,7,1,tank_capacity,74,74,0,0,109.606527436637,77.1595341352319,149.833151295533
7,9,4,top8_C_D_remaining_gap,saa,7,1,electrolyzer_capacity,74,0,0,NaN,NaN,NaN,NaN
7,9,4,top8_C_D_remaining_gap,saa,7,1,ordinary_shortage_positive,74,0,0,NaN,NaN,NaN,NaN
7,9,4,top8_C_D_remaining_gap,saa,7,2,tank_capacity,74,74,0,0,119.20712933476,91.6847929342924,127.992799279928
7,9,4,top8_C_D_remaining_gap,saa,7,2,electrolyzer_capacity,74,0,0,NaN,NaN,NaN,NaN
7,9,4,top8_C_D_remaining_gap,saa,7,2,ordinary_shortage_positive,74,0,0,NaN,NaN,NaN,NaN
7,9,4,top8_C_D_remaining_gap,saa,7,3,tank_capacity,74,74,0,0,78.1099833679713,62.993143707545,84.6809310587046
7,9,4,top8_C_D_remaining_gap,saa,7,3,electrolyzer_capacity,74,0,0,NaN,NaN,NaN,NaN
7,9,4,top8_C_D_remaining_gap,saa,7,3,ordinary_shortage_positive,74,0,0,NaN,NaN,NaN,NaN
7,9,4,top8_C_D_remaining_gap,saa,7,4,tank_capacity,74,74,0,0,67.0128641239457,47.1049091027557,89.3638590824113
7,9,4,top8_C_D_remaining_gap,saa,7,4,electrolyzer_capacity,74,0,0,NaN,NaN,NaN,NaN
7,9,4,top8_C_D_remaining_gap,saa,7,4,ordinary_shortage_positive,74,0,0,NaN,NaN,NaN,NaN
7,9,4,top8_C_D_remaining_gap,saa,7,0,htt_aggregate_capacity,74,0,0,NaN,NaN,NaN,NaN
7,9,4,top8_C_D_remaining_gap,saa,8,1,tank_capacity,74,74,0,0,109.606527436637,77.1595341352319,149.833151295533
7,9,4,top8_C_D_remaining_gap,saa,8,1,electrolyzer_capacity,74,0,0,NaN,NaN,NaN,NaN
7,9,4,top8_C_D_remaining_gap,saa,8,1,ordinary_shortage_positive,74,0,0,NaN,NaN,NaN,NaN
7,9,4,top8_C_D_remaining_gap,saa,8,2,tank_capacity,74,74,0,0,119.20712933476,91.6847929342924,127.992799279928
7,9,4,top8_C_D_remaining_gap,saa,8,2,electrolyzer_capacity,74,0,0,NaN,NaN,NaN,NaN
7,9,4,top8_C_D_remaining_gap,saa,8,2,ordinary_shortage_positive,74,0,0,NaN,NaN,NaN,NaN
7,9,4,top8_C_D_remaining_gap,saa,8,3,tank_capacity,74,74,0,0,78.1099833679713,62.993143707545,84.6809310587046
7,9,4,top8_C_D_remaining_gap,saa,8,3,electrolyzer_capacity,74,0,0,NaN,NaN,NaN,NaN
7,9,4,top8_C_D_remaining_gap,saa,8,3,ordinary_shortage_positive,74,0,0,NaN,NaN,NaN,NaN
7,9,4,top8_C_D_remaining_gap,saa,8,4,tank_capacity,74,74,0,0,67.0128641239457,47.1049091027557,89.3638590824113
7,9,4,top8_C_D_remaining_gap,saa,8,4,electrolyzer_capacity,74,0,0,NaN,NaN,NaN,NaN
7,9,4,top8_C_D_remaining_gap,saa,8,4,ordinary_shortage_positive,74,0,0,NaN,NaN,NaN,NaN
7,9,4,top8_C_D_remaining_gap,saa,8,0,htt_aggregate_capacity,74,0,0,NaN,NaN,NaN,NaN
8,18,1,top8_C_D_remaining_gap,saa,1,1,tank_capacity,51,51,0,0,211.975618987629,211.975618987629,211.975618987629
8,18,1,top8_C_D_remaining_gap,saa,1,1,electrolyzer_capacity,51,51,51,1,0,0,0
8,18,1,top8_C_D_remaining_gap,saa,1,1,ordinary_shortage_positive,51,51,0,0,-0,-0,-0
8,18,1,top8_C_D_remaining_gap,saa,1,2,tank_capacity,51,51,0,0,132.117949017897,132.117949017897,132.117949017897
8,18,1,top8_C_D_remaining_gap,saa,1,2,electrolyzer_capacity,51,51,51,1,0,0,0
8,18,1,top8_C_D_remaining_gap,saa,1,2,ordinary_shortage_positive,51,51,0,0,-0,-0,-0
8,18,1,top8_C_D_remaining_gap,saa,1,3,tank_capacity,51,51,0,0,62.2836633343863,62.2836633343863,62.2836633343863
8,18,1,top8_C_D_remaining_gap,saa,1,3,electrolyzer_capacity,51,51,51,1,0,0,0
8,18,1,top8_C_D_remaining_gap,saa,1,3,ordinary_shortage_positive,51,51,0,0,-0,-0,-0
8,18,1,top8_C_D_remaining_gap,saa,1,4,tank_capacity,51,51,0,0,102.294487987409,102.294487987409,102.294487987409
8,18,1,top8_C_D_remaining_gap,saa,1,4,electrolyzer_capacity,51,51,51,1,0,0,0
8,18,1,top8_C_D_remaining_gap,saa,1,4,ordinary_shortage_positive,51,51,0,0,-0,-0,-0
8,18,1,top8_C_D_remaining_gap,saa,1,0,htt_aggregate_capacity,51,51,0,0,160,160,160
8,18,1,top8_C_D_remaining_gap,saa,2,1,tank_capacity,51,51,0,0,174.883359334714,114.764489720114,196.965327856959
8,18,1,top8_C_D_remaining_gap,saa,2,1,electrolyzer_capacity,51,51,51,1,0,0,0
8,18,1,top8_C_D_remaining_gap,saa,2,1,ordinary_shortage_positive,51,51,20,0.392156862745098,-7.87831720365871,-20.0897088693297,-0
8,18,1,top8_C_D_remaining_gap,saa,2,2,tank_capacity,51,51,0,0,122.103292492911,108.717949017897,140.664230299026
8,18,1,top8_C_D_remaining_gap,saa,2,2,electrolyzer_capacity,51,51,51,1,0,0,0
8,18,1,top8_C_D_remaining_gap,saa,2,2,ordinary_shortage_positive,51,51,20,0.392156862745098,-4.80574838631104,-12.2546583850932,-0
8,18,1,top8_C_D_remaining_gap,saa,2,3,tank_capacity,51,51,0,0,64.0221669038401,50.1199056163834,84.9482794080084
8,18,1,top8_C_D_remaining_gap,saa,2,3,electrolyzer_capacity,51,51,51,1,0,0,0
8,18,1,top8_C_D_remaining_gap,saa,2,3,ordinary_shortage_positive,51,51,20,0.392156862745098,-2.78136317010645,-7.09247608377144,-0
8,18,1,top8_C_D_remaining_gap,saa,2,4,tank_capacity,51,51,0,0,87.8393428321776,65.396641923623,95.1008238121963
8,18,1,top8_C_D_remaining_gap,saa,2,4,electrolyzer_capacity,51,51,51,1,0,0,0
8,18,1,top8_C_D_remaining_gap,saa,2,4,ordinary_shortage_positive,51,51,20,0.392156862745098,-4.06130816658316,-10.3563358247871,-0
8,18,1,top8_C_D_remaining_gap,saa,2,0,htt_aggregate_capacity,51,51,0,0,135.188519472087,76.5607891788053,157.028571428571
8,18,1,top8_C_D_remaining_gap,saa,3,1,tank_capacity,51,51,0,0,130.553472533346,84.5049758219475,183.519017768942
8,18,1,top8_C_D_remaining_gap,saa,3,1,electrolyzer_capacity,51,51,51,1,0,0,0
8,18,1,top8_C_D_remaining_gap,saa,3,1,ordinary_shortage_positive,51,51,32,0.627450980392157,-13.586628964382,-21.6536899119838,-0
8,18,1,top8_C_D_remaining_gap,saa,3,2,tank_capacity,51,51,0,0,113.079035880702,85.317949017897,123.781415873965
8,18,1,top8_C_D_remaining_gap,saa,3,2,electrolyzer_capacity,51,51,50,0.980392156862745,0.75750395301737,0,38.6327016038859
8,18,1,top8_C_D_remaining_gap,saa,3,2,ordinary_shortage_positive,51,51,32,0.627450980392157,-8.7102667153818,-13.8819875776397,-0
8,18,1,top8_C_D_remaining_gap,saa,3,3,tank_capacity,51,51,0,0,68.5194469942469,49.7206847943536,86.1006043349115
8,18,1,top8_C_D_remaining_gap,saa,3,3,electrolyzer_capacity,51,51,50,0.980392156862745,0.76782979796244,0,39.1593196960844
8,18,1,top8_C_D_remaining_gap,saa,3,3,ordinary_shortage_positive,51,51,32,0.627450980392157,-5.28598925565227,-8.42454537619581,-0
8,18,1,top8_C_D_remaining_gap,saa,3,4,tank_capacity,51,51,0,0,67.8478497926778,26.3886819787253,90.128609315412
8,18,1,top8_C_D_remaining_gap,saa,3,4,electrolyzer_capacity,51,51,51,1,0,0,0
8,18,1,top8_C_D_remaining_gap,saa,3,4,ordinary_shortage_positive,51,51,32,0.627450980392157,-7.89194384515496,-12.5777855032157,-0
8,18,1,top8_C_D_remaining_gap,saa,3,0,htt_aggregate_capacity,51,51,0,0,115.057901984262,53.9391075646519,154.057142857143
8,18,1,top8_C_D_remaining_gap,saa,4,1,tank_capacity,51,51,0,0,93.5937743461351,56.3512964275061,149.897862409088
8,18,1,top8_C_D_remaining_gap,saa,4,1,electrolyzer_capacity,51,43,42,0.976744186046512,0.730352906555789,0,31.4051749818989
8,18,1,top8_C_D_remaining_gap,saa,4,1,ordinary_shortage_positive,51,43,33,0.767441860465116,-6.24423328242351,-8.13642518618822,-0
8,18,1,top8_C_D_remaining_gap,saa,4,2,tank_capacity,51,51,0,0,102.553510882,69.2742517102425,123.890221637264
8,18,1,top8_C_D_remaining_gap,saa,4,2,electrolyzer_capacity,51,43,37,0.86046511627907,27.906976744186,0,200
8,18,1,top8_C_D_remaining_gap,saa,4,2,ordinary_shortage_positive,51,43,33,0.767441860465116,-3.09836775964177,-4.03726708074534,-0
8,18,1,top8_C_D_remaining_gap,saa,4,3,tank_capacity,51,51,0,0,73.1002470571847,61.072222606487,86.1006043349115
8,18,1,top8_C_D_remaining_gap,saa,4,3,electrolyzer_capacity,51,43,37,0.86046511627907,16.7441860465116,0,120
8,18,1,top8_C_D_remaining_gap,saa,4,3,ordinary_shortage_positive,51,43,32,0.744186046511628,-4.38613459208945,-5.89718176333707,-0
8,18,1,top8_C_D_remaining_gap,saa,4,4,tank_capacity,51,51,0,0,43.9666950289021,1.33806855383764,83.2596342809433
8,18,1,top8_C_D_remaining_gap,saa,4,4,electrolyzer_capacity,51,43,41,0.953488372093023,2.14690377388536,0,63.6649172435213
8,18,1,top8_C_D_remaining_gap,saa,4,4,ordinary_shortage_positive,51,43,33,0.767441860465116,-3.22157499221842,-4.19780983834521,-0
8,18,1,top8_C_D_remaining_gap,saa,4,0,htt_aggregate_capacity,51,43,0,0,101.802897761283,56.887985710846,142.737466443046
8,18,1,top8_C_D_remaining_gap,saa,5,1,tank_capacity,51,51,0,0,81.1230832466705,52.0594063150687,107.315589447021
8,18,1,top8_C_D_remaining_gap,saa,5,1,electrolyzer_capacity,51,20,20,1,0,0,0
8,18,1,top8_C_D_remaining_gap,saa,5,1,ordinary_shortage_positive,51,20,18,0.9,-4.60815842924848,-5.12017603249831,-0
8,18,1,top8_C_D_remaining_gap,saa,5,2,tank_capacity,51,51,0,0,94.5243628487104,54.5354990045117,123.890221637264
8,18,1,top8_C_D_remaining_gap,saa,5,2,electrolyzer_capacity,51,20,19,0.95,4.87232615159652,0,97.4465230319305
8,18,1,top8_C_D_remaining_gap,saa,5,2,ordinary_shortage_positive,51,20,17,0.85,-4.95217391304348,-5.82608695652174,-0
8,18,1,top8_C_D_remaining_gap,saa,5,3,tank_capacity,51,51,0,0,70.9529793174026,58.6374518034065,86.1006043349115
8,18,1,top8_C_D_remaining_gap,saa,5,3,electrolyzer_capacity,51,20,19,0.95,3.54619028668783,0,70.9238057337567
8,18,1,top8_C_D_remaining_gap,saa,5,3,ordinary_shortage_positive,51,20,17,0.85,-1.34792726019133,-1.58579677669568,-0
8,18,1,top8_C_D_remaining_gap,saa,5,4,tank_capacity,51,51,3,0.0588235294117647,32.4252004594953,0,75.5236002027577
8,18,1,top8_C_D_remaining_gap,saa,5,4,electrolyzer_capacity,51,20,20,1,0,0,0
8,18,1,top8_C_D_remaining_gap,saa,5,4,ordinary_shortage_positive,51,20,18,0.9,-2.56776909711832,-2.86806883365201,-0
8,18,1,top8_C_D_remaining_gap,saa,5,0,htt_aggregate_capacity,51,20,0,0,101.792915014692,65.4584636737048,142.780952380952
8,18,1,top8_C_D_remaining_gap,saa,6,1,tank_capacity,51,51,0,0,79.9974714042834,52.0594063150687,107.315589447021
8,18,1,top8_C_D_remaining_gap,saa,6,1,electrolyzer_capacity,51,2,2,1,0,0,0
8,18,1,top8_C_D_remaining_gap,saa,6,1,ordinary_shortage_positive,51,2,2,1,-13.1847657405766,-20.0897088693297,-6.27982261182355
8,18,1,top8_C_D_remaining_gap,saa,6,2,tank_capacity,51,51,0,0,94.0185528195828,54.5354990045117,123.890221637264
8,18,1,top8_C_D_remaining_gap,saa,6,2,electrolyzer_capacity,51,2,2,1,0,0,0
8,18,1,top8_C_D_remaining_gap,saa,6,2,ordinary_shortage_positive,51,2,1,0.5,-6.12732919254658,-12.2546583850932,-0
8,18,1,top8_C_D_remaining_gap,saa,6,3,tank_capacity,51,51,0,0,70.773605136533,58.6374518034065,86.1006043349115
8,18,1,top8_C_D_remaining_gap,saa,6,3,electrolyzer_capacity,51,2,2,1,0,0,0
8,18,1,top8_C_D_remaining_gap,saa,6,3,ordinary_shortage_positive,51,2,1,0.5,-3.54623804188572,-7.09247608377144,-0
8,18,1,top8_C_D_remaining_gap,saa,6,4,tank_capacity,51,51,3,0.0588235294117647,31.5562584050396,0,75.5236002027577
8,18,1,top8_C_D_remaining_gap,saa,6,4,electrolyzer_capacity,51,2,2,1,0,0,0
8,18,1,top8_C_D_remaining_gap,saa,6,4,ordinary_shortage_positive,51,2,1,0.5,-5.17816791239353,-10.3563358247871,-0
8,18,1,top8_C_D_remaining_gap,saa,6,0,htt_aggregate_capacity,51,2,0,0,100.562907446505,92.5851792733836,108.540635619626
8,18,1,top8_C_D_remaining_gap,saa,7,1,tank_capacity,51,51,0,0,79.9974714042834,52.0594063150687,107.315589447021
8,18,1,top8_C_D_remaining_gap,saa,7,1,electrolyzer_capacity,51,0,0,NaN,NaN,NaN,NaN
8,18,1,top8_C_D_remaining_gap,saa,7,1,ordinary_shortage_positive,51,0,0,NaN,NaN,NaN,NaN
8,18,1,top8_C_D_remaining_gap,saa,7,2,tank_capacity,51,51,0,0,94.0185528195828,54.5354990045117,123.890221637264
8,18,1,top8_C_D_remaining_gap,saa,7,2,electrolyzer_capacity,51,0,0,NaN,NaN,NaN,NaN
8,18,1,top8_C_D_remaining_gap,saa,7,2,ordinary_shortage_positive,51,0,0,NaN,NaN,NaN,NaN
8,18,1,top8_C_D_remaining_gap,saa,7,3,tank_capacity,51,51,0,0,70.773605136533,58.6374518034065,86.1006043349115
8,18,1,top8_C_D_remaining_gap,saa,7,3,electrolyzer_capacity,51,0,0,NaN,NaN,NaN,NaN
8,18,1,top8_C_D_remaining_gap,saa,7,3,ordinary_shortage_positive,51,0,0,NaN,NaN,NaN,NaN
8,18,1,top8_C_D_remaining_gap,saa,7,4,tank_capacity,51,51,3,0.0588235294117647,31.5562584050396,0,75.5236002027577
8,18,1,top8_C_D_remaining_gap,saa,7,4,electrolyzer_capacity,51,0,0,NaN,NaN,NaN,NaN
8,18,1,top8_C_D_remaining_gap,saa,7,4,ordinary_shortage_positive,51,0,0,NaN,NaN,NaN,NaN
8,18,1,top8_C_D_remaining_gap,saa,7,0,htt_aggregate_capacity,51,0,0,NaN,NaN,NaN,NaN
8,18,1,top8_C_D_remaining_gap,saa,8,1,tank_capacity,51,51,0,0,79.9974714042834,52.0594063150687,107.315589447021
8,18,1,top8_C_D_remaining_gap,saa,8,1,electrolyzer_capacity,51,0,0,NaN,NaN,NaN,NaN
8,18,1,top8_C_D_remaining_gap,saa,8,1,ordinary_shortage_positive,51,0,0,NaN,NaN,NaN,NaN
8,18,1,top8_C_D_remaining_gap,saa,8,2,tank_capacity,51,51,0,0,94.0185528195828,54.5354990045117,123.890221637264
8,18,1,top8_C_D_remaining_gap,saa,8,2,electrolyzer_capacity,51,0,0,NaN,NaN,NaN,NaN
8,18,1,top8_C_D_remaining_gap,saa,8,2,ordinary_shortage_positive,51,0,0,NaN,NaN,NaN,NaN
8,18,1,top8_C_D_remaining_gap,saa,8,3,tank_capacity,51,51,0,0,70.773605136533,58.6374518034065,86.1006043349115
8,18,1,top8_C_D_remaining_gap,saa,8,3,electrolyzer_capacity,51,0,0,NaN,NaN,NaN,NaN
8,18,1,top8_C_D_remaining_gap,saa,8,3,ordinary_shortage_positive,51,0,0,NaN,NaN,NaN,NaN
8,18,1,top8_C_D_remaining_gap,saa,8,4,tank_capacity,51,51,3,0.0588235294117647,31.5562584050396,0,75.5236002027577
8,18,1,top8_C_D_remaining_gap,saa,8,4,electrolyzer_capacity,51,0,0,NaN,NaN,NaN,NaN
8,18,1,top8_C_D_remaining_gap,saa,8,4,ordinary_shortage_positive,51,0,0,NaN,NaN,NaN,NaN
8,18,1,top8_C_D_remaining_gap,saa,8,0,htt_aggregate_capacity,51,0,0,NaN,NaN,NaN,NaN
9,19,4,priority_state19_largest_gap_site,saa,1,1,tank_capacity,26,26,0,0,211.975618987629,211.975618987629,211.975618987629
9,19,4,priority_state19_largest_gap_site,saa,1,1,electrolyzer_capacity,26,26,26,1,0,0,0
9,19,4,priority_state19_largest_gap_site,saa,1,1,ordinary_shortage_positive,26,26,0,0,-0,-0,-0
9,19,4,priority_state19_largest_gap_site,saa,1,2,tank_capacity,26,26,0,0,132.117949017897,132.117949017897,132.117949017897
9,19,4,priority_state19_largest_gap_site,saa,1,2,electrolyzer_capacity,26,26,26,1,0,0,0
9,19,4,priority_state19_largest_gap_site,saa,1,2,ordinary_shortage_positive,26,26,0,0,-0,-0,-0
9,19,4,priority_state19_largest_gap_site,saa,1,3,tank_capacity,26,26,0,0,62.2836633343863,62.2836633343863,62.2836633343863
9,19,4,priority_state19_largest_gap_site,saa,1,3,electrolyzer_capacity,26,26,26,1,0,0,0
9,19,4,priority_state19_largest_gap_site,saa,1,3,ordinary_shortage_positive,26,26,0,0,-0,-0,-0
9,19,4,priority_state19_largest_gap_site,saa,1,4,tank_capacity,26,26,0,0,102.294487987409,102.294487987409,102.294487987409
9,19,4,priority_state19_largest_gap_site,saa,1,4,electrolyzer_capacity,26,26,26,1,0,0,0
9,19,4,priority_state19_largest_gap_site,saa,1,4,ordinary_shortage_positive,26,26,0,0,-0,-0,-0
9,19,4,priority_state19_largest_gap_site,saa,1,0,htt_aggregate_capacity,26,26,0,0,160,160,160
9,19,4,priority_state19_largest_gap_site,saa,2,1,tank_capacity,26,26,0,0,184.648011082854,116.935118742084,196.965327856959
9,19,4,priority_state19_largest_gap_site,saa,2,1,electrolyzer_capacity,26,26,26,1,0,0,0
9,19,4,priority_state19_largest_gap_site,saa,2,1,ordinary_shortage_positive,26,26,5,0.192307692307692,-3.86340555179418,-20.0897088693297,-0
9,19,4,priority_state19_largest_gap_site,saa,2,2,tank_capacity,26,26,0,0,122.512141661154,108.717949017897,134.380658476723
9,19,4,priority_state19_largest_gap_site,saa,2,2,electrolyzer_capacity,26,26,26,1,0,0,0
9,19,4,priority_state19_largest_gap_site,saa,2,2,ordinary_shortage_positive,26,26,5,0.192307692307692,-2.35666507405638,-12.2546583850932,-0
9,19,4,priority_state19_largest_gap_site,saa,2,3,tank_capacity,26,26,0,0,60.6037432099738,50.6023749888238,84.9482794080084
9,19,4,priority_state19_largest_gap_site,saa,2,3,electrolyzer_capacity,26,26,26,1,0,0,0
9,19,4,priority_state19_largest_gap_site,saa,2,3,ordinary_shortage_positive,26,26,5,0.192307692307692,-1.36393770841758,-7.09247608377144,-0
9,19,4,priority_state19_largest_gap_site,saa,2,4,tank_capacity,26,26,0,0,91.035391158824,67.086197184061,95.1008238121963
9,19,4,priority_state19_largest_gap_site,saa,2,4,electrolyzer_capacity,26,26,26,1,0,0,0
9,19,4,priority_state19_largest_gap_site,saa,2,4,ordinary_shortage_positive,26,26,5,0.192307692307692,-1.99160304322828,-10.3563358247871,-0
9,19,4,priority_state19_largest_gap_site,saa,2,0,htt_aggregate_capacity,26,26,0,0,142.660537555824,76.6041030389806,157.028571428571
9,19,4,priority_state19_largest_gap_site,saa,3,1,tank_capacity,26,26,0,0,130.170910544537,85.3948831956836,183.519017768942
9,19,4,priority_state19_largest_gap_site,saa,3,1,electrolyzer_capacity,26,26,26,1,0,0,0
9,19,4,priority_state19_largest_gap_site,saa,3,1,ordinary_shortage_positive,26,26,15,0.576923076923077,-12.4925134107599,-21.6536899119838,-0
9,19,4,priority_state19_largest_gap_site,saa,3,2,tank_capacity,26,26,0,0,117.377850882659,110.547372321767,122.020385531902
9,19,4,priority_state19_largest_gap_site,saa,3,2,electrolyzer_capacity,26,26,25,0.961538461538462,1.485873138611,0,38.6327016038859
9,19,4,priority_state19_largest_gap_site,saa,3,2,ordinary_shortage_positive,26,26,15,0.576923076923077,-8.00883898709985,-13.8819875776397,-0
9,19,4,priority_state19_largest_gap_site,saa,3,3,tank_capacity,26,26,0,0,70.4531194069032,49.7206847943536,83.9625406211447
9,19,4,priority_state19_largest_gap_site,saa,3,3,electrolyzer_capacity,26,26,25,0.961538461538462,1.50612768061863,0,39.1593196960844
9,19,4,priority_state19_largest_gap_site,saa,3,3,ordinary_shortage_positive,26,26,15,0.576923076923077,-4.86031464011297,-8.42454537619581,-0
9,19,4,priority_state19_largest_gap_site,saa,3,4,tank_capacity,26,26,0,0,74.9773969922256,48.330775074258,90.128609315412
9,19,4,priority_state19_largest_gap_site,saa,3,4,electrolyzer_capacity,26,26,26,1,0,0,0
9,19,4,priority_state19_largest_gap_site,saa,3,4,ordinary_shortage_positive,26,26,15,0.576923076923077,-7.25641471339368,-12.5777855032157,-0
9,19,4,priority_state19_largest_gap_site,saa,3,0,htt_aggregate_capacity,26,26,0,0,105.742324130766,60.709871193325,154.057142857143
9,19,4,priority_state19_largest_gap_site,saa,4,1,tank_capacity,26,26,0,0,99.7675835097381,66.8841130212362,149.897862409088
9,19,4,priority_state19_largest_gap_site,saa,4,1,electrolyzer_capacity,26,22,21,0.954545454545455,3.40767535864272,0,74.9688578901398
9,19,4,priority_state19_largest_gap_site,saa,4,1,ordinary_shortage_positive,26,22,14,0.636363636363636,-5.17772511848341,-8.13642518618822,-0
9,19,4,priority_state19_largest_gap_site,saa,4,2,tank_capacity,26,26,0,0,106.764968693909,80.8062624444262,122.296207263111
9,19,4,priority_state19_largest_gap_site,saa,4,2,electrolyzer_capacity,26,22,15,0.681818181818182,63.6363636363636,0,200
9,19,4,priority_state19_largest_gap_site,saa,4,2,ordinary_shortage_positive,26,22,14,0.636363636363636,-2.56916996047431,-4.03726708074534,-0
9,19,4,priority_state19_largest_gap_site,saa,4,3,tank_capacity,26,26,0,0,73.4490311067798,62.2754471037331,83.8830201142967
9,19,4,priority_state19_largest_gap_site,saa,4,3,electrolyzer_capacity,26,22,15,0.681818181818182,38.1818181818182,0,120
9,19,4,priority_state19_largest_gap_site,saa,4,3,ordinary_shortage_positive,26,22,14,0.636363636363636,-3.7527520312145,-5.89718176333707,-0
9,19,4,priority_state19_largest_gap_site,saa,4,4,tank_capacity,26,26,0,0,55.7134468621685,16.6230259389573,89.4912784916345
9,19,4,priority_state19_largest_gap_site,saa,4,4,electrolyzer_capacity,26,22,18,0.818181818181818,18.5650907223399,0,150
9,19,4,priority_state19_largest_gap_site,saa,4,4,ordinary_shortage_positive,26,22,15,0.681818181818182,-2.86214307159901,-4.19780983834521,-0
9,19,4,priority_state19_largest_gap_site,saa,4,0,htt_aggregate_capacity,26,22,0,0,103.505297036545,58.5498811629641,141.714285714286
9,19,4,priority_state19_largest_gap_site,saa,5,1,tank_capacity,26,26,0,0,85.6504238850624,66.8841130212362,107.209776203451
9,19,4,priority_state19_largest_gap_site,saa,5,1,electrolyzer_capacity,26,8,8,1,0,0,0
9,19,4,priority_state19_largest_gap_site,saa,5,1,ordinary_shortage_positive,26,8,7,0.875,-4.48015402843602,-5.12017603249831,-0
9,19,4,priority_state19_largest_gap_site,saa,5,2,tank_capacity,26,26,0,0,103.438958129281,80.8062624444262,122.020385531902
9,19,4,priority_state19_largest_gap_site,saa,5,2,electrolyzer_capacity,26,8,8,1,0,0,0
9,19,4,priority_state19_largest_gap_site,saa,5,2,ordinary_shortage_positive,26,8,7,0.875,-5.09782608695652,-5.82608695652174,-0
9,19,4,priority_state19_largest_gap_site,saa,5,3,tank_capacity,26,26,0,0,72.4170096723654,63.9963996399637,82.3567079431711
9,19,4,priority_state19_largest_gap_site,saa,5,3,electrolyzer_capacity,26,8,7,0.875,5.82526032116024,0,46.6020825692819
9,19,4,priority_state19_largest_gap_site,saa,5,3,ordinary_shortage_positive,26,8,7,0.875,-1.38757217960872,-1.58579677669568,-0
9,19,4,priority_state19_largest_gap_site,saa,5,4,tank_capacity,26,26,0,0,47.2706604958859,16.623025938957,75.8107628944712
9,19,4,priority_state19_largest_gap_site,saa,5,4,electrolyzer_capacity,26,8,8,1,0,0,0
9,19,4,priority_state19_largest_gap_site,saa,5,4,ordinary_shortage_positive,26,8,7,0.875,-2.50956022944551,-2.86806883365201,-0
9,19,4,priority_state19_largest_gap_site,saa,5,0,htt_aggregate_capacity,26,8,0,0,97.7904304545214,79.8869435558571,147.047619047619
9,19,4,priority_state19_largest_gap_site,saa,6,1,tank_capacity,26,26,0,0,84.4292444840227,66.8841130212362,107.209776203451
9,19,4,priority_state19_largest_gap_site,saa,6,1,electrolyzer_capacity,26,2,2,1,0,0,0
9,19,4,priority_state19_largest_gap_site,saa,6,1,ordinary_shortage_positive,26,2,1,0.5,-10.0448544346649,-20.0897088693297,-0
9,19,4,priority_state19_largest_gap_site,saa,6,2,tank_capacity,26,26,0,0,101.971804570263,80.8062624444262,122.020385531902
9,19,4,priority_state19_largest_gap_site,saa,6,2,electrolyzer_capacity,26,2,2,1,0,0,0
9,19,4,priority_state19_largest_gap_site,saa,6,2,ordinary_shortage_positive,26,2,1,0.5,-6.12732919254658,-12.2546583850932,-0
9,19,4,priority_state19_largest_gap_site,saa,6,3,tank_capacity,26,26,0,0,72.2916435636632,63.9963996399637,82.3567079431711
9,19,4,priority_state19_largest_gap_site,saa,6,3,electrolyzer_capacity,26,2,2,1,0,0,0
9,19,4,priority_state19_largest_gap_site,saa,6,3,ordinary_shortage_positive,26,2,1,0.5,-3.54623804188572,-7.09247608377144,-0
9,19,4,priority_state19_largest_gap_site,saa,6,4,tank_capacity,26,26,0,0,45.0694818401447,16.623025938957,75.8107628944712
9,19,4,priority_state19_largest_gap_site,saa,6,4,electrolyzer_capacity,26,2,2,1,0,0,0
9,19,4,priority_state19_largest_gap_site,saa,6,4,ordinary_shortage_positive,26,2,1,0.5,-5.17816791239353,-10.3563358247871,-0
9,19,4,priority_state19_largest_gap_site,saa,6,0,htt_aggregate_capacity,26,2,0,0,98.4479990220973,97.6201384884265,99.275859555768
9,19,4,priority_state19_largest_gap_site,saa,7,1,tank_capacity,26,26,0,0,84.4292444840227,66.8841130212362,107.209776203451
9,19,4,priority_state19_largest_gap_site,saa,7,1,electrolyzer_capacity,26,0,0,NaN,NaN,NaN,NaN
9,19,4,priority_state19_largest_gap_site,saa,7,1,ordinary_shortage_positive,26,0,0,NaN,NaN,NaN,NaN
9,19,4,priority_state19_largest_gap_site,saa,7,2,tank_capacity,26,26,0,0,101.971804570263,80.8062624444262,122.020385531902
9,19,4,priority_state19_largest_gap_site,saa,7,2,electrolyzer_capacity,26,0,0,NaN,NaN,NaN,NaN
9,19,4,priority_state19_largest_gap_site,saa,7,2,ordinary_shortage_positive,26,0,0,NaN,NaN,NaN,NaN
9,19,4,priority_state19_largest_gap_site,saa,7,3,tank_capacity,26,26,0,0,72.2916435636632,63.9963996399637,82.3567079431711
9,19,4,priority_state19_largest_gap_site,saa,7,3,electrolyzer_capacity,26,0,0,NaN,NaN,NaN,NaN
9,19,4,priority_state19_largest_gap_site,saa,7,3,ordinary_shortage_positive,26,0,0,NaN,NaN,NaN,NaN
9,19,4,priority_state19_largest_gap_site,saa,7,4,tank_capacity,26,26,0,0,45.0694818401447,16.623025938957,75.8107628944712
9,19,4,priority_state19_largest_gap_site,saa,7,4,electrolyzer_capacity,26,0,0,NaN,NaN,NaN,NaN
9,19,4,priority_state19_largest_gap_site,saa,7,4,ordinary_shortage_positive,26,0,0,NaN,NaN,NaN,NaN
9,19,4,priority_state19_largest_gap_site,saa,7,0,htt_aggregate_capacity,26,0,0,NaN,NaN,NaN,NaN
9,19,4,priority_state19_largest_gap_site,saa,8,1,tank_capacity,26,26,0,0,84.4292444840227,66.8841130212362,107.209776203451
9,19,4,priority_state19_largest_gap_site,saa,8,1,electrolyzer_capacity,26,0,0,NaN,NaN,NaN,NaN
9,19,4,priority_state19_largest_gap_site,saa,8,1,ordinary_shortage_positive,26,0,0,NaN,NaN,NaN,NaN
9,19,4,priority_state19_largest_gap_site,saa,8,2,tank_capacity,26,26,0,0,101.971804570263,80.8062624444262,122.020385531902
9,19,4,priority_state19_largest_gap_site,saa,8,2,electrolyzer_capacity,26,0,0,NaN,NaN,NaN,NaN
9,19,4,priority_state19_largest_gap_site,saa,8,2,ordinary_shortage_positive,26,0,0,NaN,NaN,NaN,NaN
9,19,4,priority_state19_largest_gap_site,saa,8,3,tank_capacity,26,26,0,0,72.2916435636632,63.9963996399637,82.3567079431711
9,19,4,priority_state19_largest_gap_site,saa,8,3,electrolyzer_capacity,26,0,0,NaN,NaN,NaN,NaN
9,19,4,priority_state19_largest_gap_site,saa,8,3,ordinary_shortage_positive,26,0,0,NaN,NaN,NaN,NaN
9,19,4,priority_state19_largest_gap_site,saa,8,4,tank_capacity,26,26,0,0,45.0694818401447,16.623025938957,75.8107628944712
9,19,4,priority_state19_largest_gap_site,saa,8,4,electrolyzer_capacity,26,0,0,NaN,NaN,NaN,NaN
9,19,4,priority_state19_largest_gap_site,saa,8,4,ordinary_shortage_positive,26,0,0,NaN,NaN,NaN,NaN
9,19,4,priority_state19_largest_gap_site,saa,8,0,htt_aggregate_capacity,26,0,0,NaN,NaN,NaN,NaN
10,14,1,priority_state14_site1,saa,1,1,tank_capacity,42,42,0,0,211.975618987629,211.975618987629,211.975618987629
10,14,1,priority_state14_site1,saa,1,1,electrolyzer_capacity,42,42,42,1,0,0,0
10,14,1,priority_state14_site1,saa,1,1,ordinary_shortage_positive,42,42,0,0,-0,-0,-0
10,14,1,priority_state14_site1,saa,1,2,tank_capacity,42,42,0,0,132.117949017897,132.117949017897,132.117949017897
10,14,1,priority_state14_site1,saa,1,2,electrolyzer_capacity,42,42,42,1,0,0,0
10,14,1,priority_state14_site1,saa,1,2,ordinary_shortage_positive,42,42,0,0,-0,-0,-0
10,14,1,priority_state14_site1,saa,1,3,tank_capacity,42,42,0,0,62.2836633343863,62.2836633343863,62.2836633343863
10,14,1,priority_state14_site1,saa,1,3,electrolyzer_capacity,42,42,42,1,0,0,0
10,14,1,priority_state14_site1,saa,1,3,ordinary_shortage_positive,42,42,0,0,-0,-0,-0
10,14,1,priority_state14_site1,saa,1,4,tank_capacity,42,42,0,0,102.294487987409,102.294487987409,102.294487987409
10,14,1,priority_state14_site1,saa,1,4,electrolyzer_capacity,42,42,42,1,0,0,0
10,14,1,priority_state14_site1,saa,1,4,ordinary_shortage_positive,42,42,0,0,-0,-0,-0
10,14,1,priority_state14_site1,saa,1,0,htt_aggregate_capacity,42,42,0,0,160,160,160
10,14,1,priority_state14_site1,saa,2,1,tank_capacity,42,42,0,0,194.010636936277,166.705717751712,196.965327856959
10,14,1,priority_state14_site1,saa,2,1,electrolyzer_capacity,42,42,42,1,0,0,0
10,14,1,priority_state14_site1,saa,2,1,ordinary_shortage_positive,42,42,0,0,-0,-0,-0
10,14,1,priority_state14_site1,saa,2,2,tank_capacity,42,42,0,0,121.218504072411,120.97260740299,127.741929454814
10,14,1,priority_state14_site1,saa,2,2,electrolyzer_capacity,42,42,42,1,0,0,0
10,14,1,priority_state14_site1,saa,2,2,ordinary_shortage_positive,42,42,0,0,-0,-0,-0
10,14,1,priority_state14_site1,saa,2,3,tank_capacity,42,42,0,0,58.2391264411577,55.3361394181578,83.7055710895917
10,14,1,priority_state14_site1,saa,2,3,electrolyzer_capacity,42,42,42,1,0,0,0
10,14,1,priority_state14_site1,saa,2,3,ordinary_shortage_positive,42,42,0,0,-0,-0,-0
10,14,1,priority_state14_site1,saa,2,4,tank_capacity,42,42,0,0,94.9066310404567,90.221680194185,95.1008238121963
10,14,1,priority_state14_site1,saa,2,4,electrolyzer_capacity,42,42,42,1,0,0,0
10,14,1,priority_state14_site1,saa,2,4,ordinary_shortage_positive,42,42,0,0,-0,-0,-0
10,14,1,priority_state14_site1,saa,2,0,htt_aggregate_capacity,42,42,0,0,150.63887140962,114.346960562457,157.028571428571
10,14,1,priority_state14_site1,saa,3,1,tank_capacity,42,42,0,0,152.28648379288,97.9523399155357,183.519017768942
10,14,1,priority_state14_site1,saa,3,1,electrolyzer_capacity,42,42,42,1,0,0,0
10,14,1,priority_state14_site1,saa,3,1,ordinary_shortage_positive,42,42,6,0.142857142857143,-3.09338427314054,-21.6536899119838,-0
10,14,1,priority_state14_site1,saa,3,2,tank_capacity,42,42,0,0,121.119114172036,111.45459498063,152.68740491049
10,14,1,priority_state14_site1,saa,3,2,electrolyzer_capacity,42,42,27,0.642857142857143,34.1812776646909,0,200
10,14,1,priority_state14_site1,saa,3,2,ordinary_shortage_positive,42,42,6,0.142857142857143,-1.98314108251996,-13.8819875776397,-0
10,14,1,priority_state14_site1,saa,3,3,tank_capacity,42,42,0,0,74.2414371945518,49.7206847943536,83.9625406211447
10,14,1,priority_state14_site1,saa,3,3,electrolyzer_capacity,42,42,29,0.69047619047619,23.5330516677047,0,120
10,14,1,priority_state14_site1,saa,3,3,ordinary_shortage_positive,42,42,6,0.142857142857143,-1.20350648231369,-8.42454537619581,-0
10,14,1,priority_state14_site1,saa,3,4,tank_capacity,42,42,0,0,85.8515898933272,61.0885729352692,90.128609315412
10,14,1,priority_state14_site1,saa,3,4,electrolyzer_capacity,42,42,42,1,0,0,0
10,14,1,priority_state14_site1,saa,3,4,ordinary_shortage_positive,42,42,6,0.142857142857143,-1.79682650045939,-12.5777855032157,-0
10,14,1,priority_state14_site1,saa,3,0,htt_aggregate_capacity,42,42,0,0,116.015919487729,50.4742196526583,152.990476190476
10,14,1,priority_state14_site1,saa,4,1,tank_capacity,42,42,0,0,134.220267112647,96.9958060296644,169.314282934617
10,14,1,priority_state14_site1,saa,4,1,electrolyzer_capacity,42,21,16,0.761904761904762,9.41659234958234,0,64.4964614415302
10,14,1,priority_state14_site1,saa,4,1,ordinary_shortage_positive,42,21,2,0.0952380952380952,-0.77489763677983,-8.13642518618822,-0
10,14,1,priority_state14_site1,saa,4,2,tank_capacity,42,42,0,0,123.387132835017,115.491862061375,152.68740491049
10,14,1,priority_state14_site1,saa,4,2,electrolyzer_capacity,42,21,2,0.0952380952380952,174.879998990539,0,200
10,14,1,priority_state14_site1,saa,4,2,ordinary_shortage_positive,42,21,2,0.0952380952380952,-0.384501626737652,-4.03726708074534,-0
10,14,1,priority_state14_site1,saa,4,3,tank_capacity,42,42,0,0,79.6824799461493,72.2074742552484,83.9625406211447
10,14,1,priority_state14_site1,saa,4,3,electrolyzer_capacity,42,21,3,0.142857142857143,94.8284821482114,0,120
10,14,1,priority_state14_site1,saa,4,3,ordinary_shortage_positive,42,21,2,0.0952380952380952,-0.561636358413054,-5.89718176333707,-0
10,14,1,priority_state14_site1,saa,4,4,tank_capacity,42,42,0,0,79.3882023612687,48.8825476745425,89.4912784916345
10,14,1,priority_state14_site1,saa,4,4,electrolyzer_capacity,42,21,12,0.571428571428571,31.1403758370214,0,150
10,14,1,priority_state14_site1,saa,4,4,ordinary_shortage_positive,42,21,2,0.0952380952380952,-0.399791413175735,-4.19780983834521,-0
10,14,1,priority_state14_site1,saa,4,0,htt_aggregate_capacity,42,21,0,0,128.528894860754,79.574351112687,147.047619047619
10,14,1,priority_state14_site1,saa,5,1,tank_capacity,42,42,0,0,134.220267112647,96.9958060296644,169.314282934617
10,14,1,priority_state14_site1,saa,5,1,electrolyzer_capacity,42,0,0,NaN,NaN,NaN,NaN
10,14,1,priority_state14_site1,saa,5,1,ordinary_shortage_positive,42,0,0,NaN,NaN,NaN,NaN
10,14,1,priority_state14_site1,saa,5,2,tank_capacity,42,42,0,0,123.387132835017,115.491862061375,152.68740491049
10,14,1,priority_state14_site1,saa,5,2,electrolyzer_capacity,42,0,0,NaN,NaN,NaN,NaN
10,14,1,priority_state14_site1,saa,5,2,ordinary_shortage_positive,42,0,0,NaN,NaN,NaN,NaN
10,14,1,priority_state14_site1,saa,5,3,tank_capacity,42,42,0,0,79.6824799461493,72.2074742552484,83.9625406211447
10,14,1,priority_state14_site1,saa,5,3,electrolyzer_capacity,42,0,0,NaN,NaN,NaN,NaN
10,14,1,priority_state14_site1,saa,5,3,ordinary_shortage_positive,42,0,0,NaN,NaN,NaN,NaN
10,14,1,priority_state14_site1,saa,5,4,tank_capacity,42,42,0,0,79.3882023612687,48.8825476745425,89.4912784916345
10,14,1,priority_state14_site1,saa,5,4,electrolyzer_capacity,42,0,0,NaN,NaN,NaN,NaN
10,14,1,priority_state14_site1,saa,5,4,ordinary_shortage_positive,42,0,0,NaN,NaN,NaN,NaN
10,14,1,priority_state14_site1,saa,5,0,htt_aggregate_capacity,42,0,0,NaN,NaN,NaN,NaN
10,14,1,priority_state14_site1,saa,6,1,tank_capacity,42,42,0,0,134.220267112647,96.9958060296644,169.314282934617
10,14,1,priority_state14_site1,saa,6,1,electrolyzer_capacity,42,0,0,NaN,NaN,NaN,NaN
10,14,1,priority_state14_site1,saa,6,1,ordinary_shortage_positive,42,0,0,NaN,NaN,NaN,NaN
10,14,1,priority_state14_site1,saa,6,2,tank_capacity,42,42,0,0,123.387132835017,115.491862061375,152.68740491049
10,14,1,priority_state14_site1,saa,6,2,electrolyzer_capacity,42,0,0,NaN,NaN,NaN,NaN
10,14,1,priority_state14_site1,saa,6,2,ordinary_shortage_positive,42,0,0,NaN,NaN,NaN,NaN
10,14,1,priority_state14_site1,saa,6,3,tank_capacity,42,42,0,0,79.6824799461493,72.2074742552484,83.9625406211447
10,14,1,priority_state14_site1,saa,6,3,electrolyzer_capacity,42,0,0,NaN,NaN,NaN,NaN
10,14,1,priority_state14_site1,saa,6,3,ordinary_shortage_positive,42,0,0,NaN,NaN,NaN,NaN
10,14,1,priority_state14_site1,saa,6,4,tank_capacity,42,42,0,0,79.3882023612687,48.8825476745425,89.4912784916345
10,14,1,priority_state14_site1,saa,6,4,electrolyzer_capacity,42,0,0,NaN,NaN,NaN,NaN
10,14,1,priority_state14_site1,saa,6,4,ordinary_shortage_positive,42,0,0,NaN,NaN,NaN,NaN
10,14,1,priority_state14_site1,saa,6,0,htt_aggregate_capacity,42,0,0,NaN,NaN,NaN,NaN
10,14,1,priority_state14_site1,saa,7,1,tank_capacity,42,42,0,0,134.220267112647,96.9958060296644,169.314282934617
10,14,1,priority_state14_site1,saa,7,1,electrolyzer_capacity,42,0,0,NaN,NaN,NaN,NaN
10,14,1,priority_state14_site1,saa,7,1,ordinary_shortage_positive,42,0,0,NaN,NaN,NaN,NaN
10,14,1,priority_state14_site1,saa,7,2,tank_capacity,42,42,0,0,123.387132835017,115.491862061375,152.68740491049
10,14,1,priority_state14_site1,saa,7,2,electrolyzer_capacity,42,0,0,NaN,NaN,NaN,NaN
10,14,1,priority_state14_site1,saa,7,2,ordinary_shortage_positive,42,0,0,NaN,NaN,NaN,NaN
10,14,1,priority_state14_site1,saa,7,3,tank_capacity,42,42,0,0,79.6824799461493,72.2074742552484,83.9625406211447
10,14,1,priority_state14_site1,saa,7,3,electrolyzer_capacity,42,0,0,NaN,NaN,NaN,NaN
10,14,1,priority_state14_site1,saa,7,3,ordinary_shortage_positive,42,0,0,NaN,NaN,NaN,NaN
10,14,1,priority_state14_site1,saa,7,4,tank_capacity,42,42,0,0,79.3882023612687,48.8825476745425,89.4912784916345
10,14,1,priority_state14_site1,saa,7,4,electrolyzer_capacity,42,0,0,NaN,NaN,NaN,NaN
10,14,1,priority_state14_site1,saa,7,4,ordinary_shortage_positive,42,0,0,NaN,NaN,NaN,NaN
10,14,1,priority_state14_site1,saa,7,0,htt_aggregate_capacity,42,0,0,NaN,NaN,NaN,NaN
10,14,1,priority_state14_site1,saa,8,1,tank_capacity,42,42,0,0,134.220267112647,96.9958060296644,169.314282934617
10,14,1,priority_state14_site1,saa,8,1,electrolyzer_capacity,42,0,0,NaN,NaN,NaN,NaN
10,14,1,priority_state14_site1,saa,8,1,ordinary_shortage_positive,42,0,0,NaN,NaN,NaN,NaN
10,14,1,priority_state14_site1,saa,8,2,tank_capacity,42,42,0,0,123.387132835017,115.491862061375,152.68740491049
10,14,1,priority_state14_site1,saa,8,2,electrolyzer_capacity,42,0,0,NaN,NaN,NaN,NaN
10,14,1,priority_state14_site1,saa,8,2,ordinary_shortage_positive,42,0,0,NaN,NaN,NaN,NaN
10,14,1,priority_state14_site1,saa,8,3,tank_capacity,42,42,0,0,79.6824799461493,72.2074742552484,83.9625406211447
10,14,1,priority_state14_site1,saa,8,3,electrolyzer_capacity,42,0,0,NaN,NaN,NaN,NaN
10,14,1,priority_state14_site1,saa,8,3,ordinary_shortage_positive,42,0,0,NaN,NaN,NaN,NaN
10,14,1,priority_state14_site1,saa,8,4,tank_capacity,42,42,0,0,79.3882023612687,48.8825476745425,89.4912784916345
10,14,1,priority_state14_site1,saa,8,4,electrolyzer_capacity,42,0,0,NaN,NaN,NaN,NaN
10,14,1,priority_state14_site1,saa,8,4,ordinary_shortage_positive,42,0,0,NaN,NaN,NaN,NaN
10,14,1,priority_state14_site1,saa,8,0,htt_aggregate_capacity,42,0,0,NaN,NaN,NaN,NaN
11,13,2,priority_state13_largest_gap_site,saa,1,1,tank_capacity,12,12,0,0,211.975618987629,211.975618987629,211.975618987629
11,13,2,priority_state13_largest_gap_site,saa,1,1,electrolyzer_capacity,12,12,12,1,0,0,0
11,13,2,priority_state13_largest_gap_site,saa,1,1,ordinary_shortage_positive,12,12,0,0,-0,-0,-0
11,13,2,priority_state13_largest_gap_site,saa,1,2,tank_capacity,12,12,0,0,132.117949017897,132.117949017897,132.117949017897
11,13,2,priority_state13_largest_gap_site,saa,1,2,electrolyzer_capacity,12,12,12,1,0,0,0
11,13,2,priority_state13_largest_gap_site,saa,1,2,ordinary_shortage_positive,12,12,0,0,-0,-0,-0
11,13,2,priority_state13_largest_gap_site,saa,1,3,tank_capacity,12,12,0,0,62.2836633343863,62.2836633343863,62.2836633343863
11,13,2,priority_state13_largest_gap_site,saa,1,3,electrolyzer_capacity,12,12,12,1,0,0,0
11,13,2,priority_state13_largest_gap_site,saa,1,3,ordinary_shortage_positive,12,12,0,0,-0,-0,-0
11,13,2,priority_state13_largest_gap_site,saa,1,4,tank_capacity,12,12,0,0,102.294487987409,102.294487987409,102.294487987409
11,13,2,priority_state13_largest_gap_site,saa,1,4,electrolyzer_capacity,12,12,12,1,0,0,0
11,13,2,priority_state13_largest_gap_site,saa,1,4,ordinary_shortage_positive,12,12,0,0,-0,-0,-0
11,13,2,priority_state13_largest_gap_site,saa,1,0,htt_aggregate_capacity,12,12,0,0,160,160,160
11,13,2,priority_state13_largest_gap_site,saa,2,1,tank_capacity,12,12,0,0,176.654035573017,116.935118742084,196.965327856959
11,13,2,priority_state13_largest_gap_site,saa,2,1,electrolyzer_capacity,12,12,12,1,0,0,0
11,13,2,priority_state13_largest_gap_site,saa,2,1,ordinary_shortage_positive,12,12,1,0.0833333333333333,-1.67414240577748,-20.0897088693297,-0
11,13,2,priority_state13_largest_gap_site,saa,2,2,tank_capacity,12,12,0,0,123.126871314731,120.97260740299,134.380658476723
11,13,2,priority_state13_largest_gap_site,saa,2,2,electrolyzer_capacity,12,12,12,1,0,0,0
11,13,2,priority_state13_largest_gap_site,saa,2,2,ordinary_shortage_positive,12,12,1,0.0833333333333333,-1.0212215320911,-12.2546583850932,-0
11,13,2,priority_state13_largest_gap_site,saa,2,3,tank_capacity,12,12,0,0,71.2884110721966,55.3361394181578,84.9482794080084
11,13,2,priority_state13_largest_gap_site,saa,2,3,electrolyzer_capacity,12,12,12,1,0,0,0
11,13,2,priority_state13_largest_gap_site,saa,2,3,ordinary_shortage_positive,12,12,1,0.0833333333333333,-0.59103967364762,-7.09247608377144,-0
11,13,2,priority_state13_largest_gap_site,saa,2,4,tank_capacity,12,12,0,0,93.1561489334438,82.3176627005058,95.1008238121963
11,13,2,priority_state13_largest_gap_site,saa,2,4,electrolyzer_capacity,12,12,12,1,0,0,0
11,13,2,priority_state13_largest_gap_site,saa,2,4,ordinary_shortage_positive,12,12,1,0.0833333333333333,-0.863027985398922,-10.3563358247871,-0
11,13,2,priority_state13_largest_gap_site,saa,2,0,htt_aggregate_capacity,12,12,0,0,130.065330212609,76.6041030389806,157.028571428571
11,13,2,priority_state13_largest_gap_site,saa,3,1,tank_capacity,12,12,0,0,147.923209235635,87.0903103354749,183.519017768942
11,13,2,priority_state13_largest_gap_site,saa,3,1,electrolyzer_capacity,12,11,11,1,0,0,0
11,13,2,priority_state13_largest_gap_site,saa,3,1,ordinary_shortage_positive,12,11,2,0.181818181818182,-3.93703452945159,-21.6536899119838,-0
11,13,2,priority_state13_largest_gap_site,saa,3,2,tank_capacity,12,12,0,0,125.995939251588,111.45459498063,152.68740491049
11,13,2,priority_state13_largest_gap_site,saa,3,2,electrolyzer_capacity,12,11,6,0.545454545454545,60.4379820025179,0,200
11,13,2,priority_state13_largest_gap_site,saa,3,2,ordinary_shortage_positive,12,11,2,0.181818181818182,-2.52399774138905,-13.8819875776397,-0
11,13,2,priority_state13_largest_gap_site,saa,3,3,tank_capacity,12,12,0,0,77.7238698838304,49.7206847943536,84.0697549735145
11,13,2,priority_state13_largest_gap_site,saa,3,3,electrolyzer_capacity,12,11,7,0.636363636363636,34.7779556651996,0,120
11,13,2,priority_state13_largest_gap_site,saa,3,3,ordinary_shortage_positive,12,11,2,0.181818181818182,-1.53173552294469,-8.42454537619581,-0
11,13,2,priority_state13_largest_gap_site,saa,3,4,tank_capacity,12,12,0,0,82.6153641139734,49.2153457013086,94.3488100961983
11,13,2,priority_state13_largest_gap_site,saa,3,4,electrolyzer_capacity,12,11,11,1,0,0,0
11,13,2,priority_state13_largest_gap_site,saa,3,4,ordinary_shortage_positive,12,11,2,0.181818181818182,-2.28687009149377,-12.5777855032157,-0
11,13,2,priority_state13_largest_gap_site,saa,3,0,htt_aggregate_capacity,12,11,0,0,120.916804666026,46.0704432244236,150.857142857143
11,13,2,priority_state13_largest_gap_site,saa,4,1,tank_capacity,12,12,0,0,134.285561453599,87.0903103354749,173.576322033319
11,13,2,priority_state13_largest_gap_site,saa,4,1,electrolyzer_capacity,12,5,4,0.8,7.48717139511795,0,37.4358569755897
11,13,2,priority_state13_largest_gap_site,saa,4,1,ordinary_shortage_positive,12,5,0,0,-0,-0,-0
11,13,2,priority_state13_largest_gap_site,saa,4,2,tank_capacity,12,12,0,0,127.983478946931,115.491862061375,152.68740491049
11,13,2,priority_state13_largest_gap_site,saa,4,2,electrolyzer_capacity,12,5,0,0,171.044928577839,55.2246428891952,200
11,13,2,priority_state13_largest_gap_site,saa,4,2,ordinary_shortage_positive,12,5,0,0,-0,-0,-0
11,13,2,priority_state13_largest_gap_site,saa,4,3,tank_capacity,12,12,0,0,80.1565836042025,62.2754471037331,83.6420740192076
11,13,2,priority_state13_largest_gap_site,saa,4,3,electrolyzer_capacity,12,5,1,0.2,96,0,120
11,13,2,priority_state13_largest_gap_site,saa,4,3,ordinary_shortage_positive,12,5,0,0,-0,-0,-0
11,13,2,priority_state13_largest_gap_site,saa,4,4,tank_capacity,12,12,0,0,77.6425844919215,49.2153457013086,94.3488100961983
11,13,2,priority_state13_largest_gap_site,saa,4,4,electrolyzer_capacity,12,5,2,0.4,14.0567766021716,0,41.3287502910782
11,13,2,priority_state13_largest_gap_site,saa,4,4,ordinary_shortage_positive,12,5,0,0,-0,-0,-0
11,13,2,priority_state13_largest_gap_site,saa,4,0,htt_aggregate_capacity,12,5,0,0,133.172188759455,115.919876440716,143.847619047619
11,13,2,priority_state13_largest_gap_site,saa,5,1,tank_capacity,12,12,0,0,134.285561453599,87.0903103354749,173.576322033319
11,13,2,priority_state13_largest_gap_site,saa,5,1,electrolyzer_capacity,12,0,0,NaN,NaN,NaN,NaN
11,13,2,priority_state13_largest_gap_site,saa,5,1,ordinary_shortage_positive,12,0,0,NaN,NaN,NaN,NaN
11,13,2,priority_state13_largest_gap_site,saa,5,2,tank_capacity,12,12,0,0,127.983478946931,115.491862061375,152.68740491049
11,13,2,priority_state13_largest_gap_site,saa,5,2,electrolyzer_capacity,12,0,0,NaN,NaN,NaN,NaN
11,13,2,priority_state13_largest_gap_site,saa,5,2,ordinary_shortage_positive,12,0,0,NaN,NaN,NaN,NaN
11,13,2,priority_state13_largest_gap_site,saa,5,3,tank_capacity,12,12,0,0,80.1565836042025,62.2754471037331,83.6420740192076
11,13,2,priority_state13_largest_gap_site,saa,5,3,electrolyzer_capacity,12,0,0,NaN,NaN,NaN,NaN
11,13,2,priority_state13_largest_gap_site,saa,5,3,ordinary_shortage_positive,12,0,0,NaN,NaN,NaN,NaN
11,13,2,priority_state13_largest_gap_site,saa,5,4,tank_capacity,12,12,0,0,77.6425844919215,49.2153457013086,94.3488100961983
11,13,2,priority_state13_largest_gap_site,saa,5,4,electrolyzer_capacity,12,0,0,NaN,NaN,NaN,NaN
11,13,2,priority_state13_largest_gap_site,saa,5,4,ordinary_shortage_positive,12,0,0,NaN,NaN,NaN,NaN
11,13,2,priority_state13_largest_gap_site,saa,5,0,htt_aggregate_capacity,12,0,0,NaN,NaN,NaN,NaN
11,13,2,priority_state13_largest_gap_site,saa,6,1,tank_capacity,12,12,0,0,134.285561453599,87.0903103354749,173.576322033319
11,13,2,priority_state13_largest_gap_site,saa,6,1,electrolyzer_capacity,12,0,0,NaN,NaN,NaN,NaN
11,13,2,priority_state13_largest_gap_site,saa,6,1,ordinary_shortage_positive,12,0,0,NaN,NaN,NaN,NaN
11,13,2,priority_state13_largest_gap_site,saa,6,2,tank_capacity,12,12,0,0,127.983478946931,115.491862061375,152.68740491049
11,13,2,priority_state13_largest_gap_site,saa,6,2,electrolyzer_capacity,12,0,0,NaN,NaN,NaN,NaN
11,13,2,priority_state13_largest_gap_site,saa,6,2,ordinary_shortage_positive,12,0,0,NaN,NaN,NaN,NaN
11,13,2,priority_state13_largest_gap_site,saa,6,3,tank_capacity,12,12,0,0,80.1565836042025,62.2754471037331,83.6420740192076
11,13,2,priority_state13_largest_gap_site,saa,6,3,electrolyzer_capacity,12,0,0,NaN,NaN,NaN,NaN
11,13,2,priority_state13_largest_gap_site,saa,6,3,ordinary_shortage_positive,12,0,0,NaN,NaN,NaN,NaN
11,13,2,priority_state13_largest_gap_site,saa,6,4,tank_capacity,12,12,0,0,77.6425844919215,49.2153457013086,94.3488100961983
11,13,2,priority_state13_largest_gap_site,saa,6,4,electrolyzer_capacity,12,0,0,NaN,NaN,NaN,NaN
11,13,2,priority_state13_largest_gap_site,saa,6,4,ordinary_shortage_positive,12,0,0,NaN,NaN,NaN,NaN
11,13,2,priority_state13_largest_gap_site,saa,6,0,htt_aggregate_capacity,12,0,0,NaN,NaN,NaN,NaN
11,13,2,priority_state13_largest_gap_site,saa,7,1,tank_capacity,12,12,0,0,134.285561453599,87.0903103354749,173.576322033319
11,13,2,priority_state13_largest_gap_site,saa,7,1,electrolyzer_capacity,12,0,0,NaN,NaN,NaN,NaN
11,13,2,priority_state13_largest_gap_site,saa,7,1,ordinary_shortage_positive,12,0,0,NaN,NaN,NaN,NaN
11,13,2,priority_state13_largest_gap_site,saa,7,2,tank_capacity,12,12,0,0,127.983478946931,115.491862061375,152.68740491049
11,13,2,priority_state13_largest_gap_site,saa,7,2,electrolyzer_capacity,12,0,0,NaN,NaN,NaN,NaN
11,13,2,priority_state13_largest_gap_site,saa,7,2,ordinary_shortage_positive,12,0,0,NaN,NaN,NaN,NaN
11,13,2,priority_state13_largest_gap_site,saa,7,3,tank_capacity,12,12,0,0,80.1565836042025,62.2754471037331,83.6420740192076
11,13,2,priority_state13_largest_gap_site,saa,7,3,electrolyzer_capacity,12,0,0,NaN,NaN,NaN,NaN
11,13,2,priority_state13_largest_gap_site,saa,7,3,ordinary_shortage_positive,12,0,0,NaN,NaN,NaN,NaN
11,13,2,priority_state13_largest_gap_site,saa,7,4,tank_capacity,12,12,0,0,77.6425844919215,49.2153457013086,94.3488100961983
11,13,2,priority_state13_largest_gap_site,saa,7,4,electrolyzer_capacity,12,0,0,NaN,NaN,NaN,NaN
11,13,2,priority_state13_largest_gap_site,saa,7,4,ordinary_shortage_positive,12,0,0,NaN,NaN,NaN,NaN
11,13,2,priority_state13_largest_gap_site,saa,7,0,htt_aggregate_capacity,12,0,0,NaN,NaN,NaN,NaN
11,13,2,priority_state13_largest_gap_site,saa,8,1,tank_capacity,12,12,0,0,134.285561453599,87.0903103354749,173.576322033319
11,13,2,priority_state13_largest_gap_site,saa,8,1,electrolyzer_capacity,12,0,0,NaN,NaN,NaN,NaN
11,13,2,priority_state13_largest_gap_site,saa,8,1,ordinary_shortage_positive,12,0,0,NaN,NaN,NaN,NaN
11,13,2,priority_state13_largest_gap_site,saa,8,2,tank_capacity,12,12,0,0,127.983478946931,115.491862061375,152.68740491049
11,13,2,priority_state13_largest_gap_site,saa,8,2,electrolyzer_capacity,12,0,0,NaN,NaN,NaN,NaN
11,13,2,priority_state13_largest_gap_site,saa,8,2,ordinary_shortage_positive,12,0,0,NaN,NaN,NaN,NaN
11,13,2,priority_state13_largest_gap_site,saa,8,3,tank_capacity,12,12,0,0,80.1565836042025,62.2754471037331,83.6420740192076
11,13,2,priority_state13_largest_gap_site,saa,8,3,electrolyzer_capacity,12,0,0,NaN,NaN,NaN,NaN
11,13,2,priority_state13_largest_gap_site,saa,8,3,ordinary_shortage_positive,12,0,0,NaN,NaN,NaN,NaN
11,13,2,priority_state13_largest_gap_site,saa,8,4,tank_capacity,12,12,0,0,77.6425844919215,49.2153457013086,94.3488100961983
11,13,2,priority_state13_largest_gap_site,saa,8,4,electrolyzer_capacity,12,0,0,NaN,NaN,NaN,NaN
11,13,2,priority_state13_largest_gap_site,saa,8,4,ordinary_shortage_positive,12,0,0,NaN,NaN,NaN,NaN
11,13,2,priority_state13_largest_gap_site,saa,8,0,htt_aggregate_capacity,12,0,0,NaN,NaN,NaN,NaN
1,17,2,top8_C_D_remaining_gap,chi2_eta003,1,1,tank_capacity,73,73,0,0,211.975618987629,211.975618987629,211.975618987629
1,17,2,top8_C_D_remaining_gap,chi2_eta003,1,1,electrolyzer_capacity,73,73,73,1,0,0,0
1,17,2,top8_C_D_remaining_gap,chi2_eta003,1,1,ordinary_shortage_positive,73,73,0,0,-0,-0,-0
1,17,2,top8_C_D_remaining_gap,chi2_eta003,1,2,tank_capacity,73,73,0,0,132.117949017897,132.117949017897,132.117949017897
1,17,2,top8_C_D_remaining_gap,chi2_eta003,1,2,electrolyzer_capacity,73,73,73,1,0,0,0
1,17,2,top8_C_D_remaining_gap,chi2_eta003,1,2,ordinary_shortage_positive,73,73,0,0,-0,-0,-0
1,17,2,top8_C_D_remaining_gap,chi2_eta003,1,3,tank_capacity,73,73,0,0,62.2836633343864,62.2836633343863,62.2836633343863
1,17,2,top8_C_D_remaining_gap,chi2_eta003,1,3,electrolyzer_capacity,73,73,73,1,0,0,0
1,17,2,top8_C_D_remaining_gap,chi2_eta003,1,3,ordinary_shortage_positive,73,73,0,0,-0,-0,-0
1,17,2,top8_C_D_remaining_gap,chi2_eta003,1,4,tank_capacity,73,73,0,0,102.294487987409,102.294487987409,102.294487987409
1,17,2,top8_C_D_remaining_gap,chi2_eta003,1,4,electrolyzer_capacity,73,73,73,1,0,0,0
1,17,2,top8_C_D_remaining_gap,chi2_eta003,1,4,ordinary_shortage_positive,73,73,0,0,-0,-0,-0
1,17,2,top8_C_D_remaining_gap,chi2_eta003,1,0,htt_aggregate_capacity,73,73,0,0,160,160,160
1,17,2,top8_C_D_remaining_gap,chi2_eta003,2,1,tank_capacity,73,73,0,0,179.871132707033,123.624181862363,196.965327856959
1,17,2,top8_C_D_remaining_gap,chi2_eta003,2,1,electrolyzer_capacity,73,73,73,1,0,0,0
1,17,2,top8_C_D_remaining_gap,chi2_eta003,2,1,ordinary_shortage_positive,73,73,21,0.287671232876712,-5.7792313185743,-20.0897088693297,-0
1,17,2,top8_C_D_remaining_gap,chi2_eta003,2,2,tank_capacity,73,73,0,0,122.110371999672,112.130134496196,141.48551435998
1,17,2,top8_C_D_remaining_gap,chi2_eta003,2,2,electrolyzer_capacity,73,73,73,1,0,0,0
1,17,2,top8_C_D_remaining_gap,chi2_eta003,2,2,ordinary_shortage_positive,73,73,21,0.287671232876712,-3.52531268612269,-12.2546583850932,-0
1,17,2,top8_C_D_remaining_gap,chi2_eta003,2,3,tank_capacity,73,73,0,0,63.4621244988111,55.3361394181578,87.9118007384832
1,17,2,top8_C_D_remaining_gap,chi2_eta003,2,3,electrolyzer_capacity,73,73,73,1,0,0,0
1,17,2,top8_C_D_remaining_gap,chi2_eta003,2,3,ordinary_shortage_positive,73,73,21,0.287671232876712,-2.04030133916713,-7.09247608377144,-0
1,17,2,top8_C_D_remaining_gap,chi2_eta003,2,4,tank_capacity,73,73,0,0,88.6072040461201,68.4650041087442,95.1008238121963
1,17,2,top8_C_D_remaining_gap,chi2_eta003,2,4,electrolyzer_capacity,73,73,73,1,0,0,0
1,17,2,top8_C_D_remaining_gap,chi2_eta003,2,4,ordinary_shortage_positive,73,73,21,0.287671232876712,-2.97921989480176,-10.3563358247871,-0
1,17,2,top8_C_D_remaining_gap,chi2_eta003,2,0,htt_aggregate_capacity,73,73,0,0,137.902273609834,72.1362928622389,157.028571428571
1,17,2,top8_C_D_remaining_gap,chi2_eta003,3,1,tank_capacity,73,73,0,0,129.151035790728,88.5241818623627,183.519017768942
1,17,2,top8_C_D_remaining_gap,chi2_eta003,3,1,electrolyzer_capacity,73,73,73,1,0,0,0
1,17,2,top8_C_D_remaining_gap,chi2_eta003,3,1,ordinary_shortage_positive,73,73,47,0.643835616438356,-13.9414167926471,-21.6536899119838,-0
1,17,2,top8_C_D_remaining_gap,chi2_eta003,3,2,tank_capacity,73,73,0,0,114.34434106122,97.5726074029901,138.389044954933
1,17,2,top8_C_D_remaining_gap,chi2_eta003,3,2,electrolyzer_capacity,73,73,73,1,0,0,0
1,17,2,top8_C_D_remaining_gap,chi2_eta003,3,2,ordinary_shortage_positive,73,73,47,0.643835616438356,-8.93771802943929,-13.8819875776397,-0
1,17,2,top8_C_D_remaining_gap,chi2_eta003,3,3,tank_capacity,73,73,0,0,71.027224399435,49.7206847943536,85.7679303511442
1,17,2,top8_C_D_remaining_gap,chi2_eta003,3,3,electrolyzer_capacity,73,73,73,1,0,0,0
1,17,2,top8_C_D_remaining_gap,chi2_eta003,3,3,ordinary_shortage_positive,73,73,47,0.643835616438356,-5.42402236549593,-8.42454537619581,-0
1,17,2,top8_C_D_remaining_gap,chi2_eta003,3,4,tank_capacity,73,73,0,0,69.5750568988136,43.2362954308665,90.128609315412
1,17,2,top8_C_D_remaining_gap,chi2_eta003,3,4,electrolyzer_capacity,73,73,73,1,0,0,0
1,17,2,top8_C_D_remaining_gap,chi2_eta003,3,4,ordinary_shortage_positive,73,73,47,0.643835616438356,-8.09802628289231,-12.5777855032157,-0
1,17,2,top8_C_D_remaining_gap,chi2_eta003,3,0,htt_aggregate_capacity,73,73,0,0,110.673914462103,64.265109064315,154.057142857143
1,17,2,top8_C_D_remaining_gap,chi2_eta003,4,1,tank_capacity,73,73,0,0,88.1146167305776,59.4519778417794,125.521639765359
1,17,2,top8_C_D_remaining_gap,chi2_eta003,4,1,electrolyzer_capacity,73,65,65,1,0,0,0
1,17,2,top8_C_D_remaining_gap,chi2_eta003,4,1,ordinary_shortage_positive,73,65,55,0.846153846153846,-6.88466746523619,-8.13642518618822,-0
1,17,2,top8_C_D_remaining_gap,chi2_eta003,4,2,tank_capacity,73,73,0,0,105.261281419908,77.5199875887008,130.259471120755
1,17,2,top8_C_D_remaining_gap,chi2_eta003,4,2,electrolyzer_capacity,73,65,57,0.876923076923077,13.3094714826865,0,200
1,17,2,top8_C_D_remaining_gap,chi2_eta003,4,2,ordinary_shortage_positive,73,65,55,0.846153846153846,-3.41614906832298,-4.03726708074534,-0
1,17,2,top8_C_D_remaining_gap,chi2_eta003,4,3,tank_capacity,73,73,0,0,69.2606178679794,54.1100750725793,83.6220822735983
1,17,2,top8_C_D_remaining_gap,chi2_eta003,4,3,electrolyzer_capacity,73,65,57,0.876923076923077,9.22960836200011,0,120
1,17,2,top8_C_D_remaining_gap,chi2_eta003,4,3,ordinary_shortage_positive,73,65,55,0.846153846153846,-4.98992303051598,-5.89718176333707,-0
1,17,2,top8_C_D_remaining_gap,chi2_eta003,4,4,tank_capacity,73,73,0,0,46.6426015961848,23.2504120587868,76.7764191537572
1,17,2,top8_C_D_remaining_gap,chi2_eta003,4,4,electrolyzer_capacity,73,65,65,1,0,0,0
1,17,2,top8_C_D_remaining_gap,chi2_eta003,4,4,ordinary_shortage_positive,73,65,55,0.846153846153846,-3.55199294013826,-4.19780983834521,-0
1,17,2,top8_C_D_remaining_gap,chi2_eta003,4,0,htt_aggregate_capacity,73,65,0,0,103.704761269349,53.5149179930011,143.847619047619
1,17,2,top8_C_D_remaining_gap,chi2_eta003,5,1,tank_capacity,73,73,0,0,73.7964432089626,43.833756146907,117.116529249185
1,17,2,top8_C_D_remaining_gap,chi2_eta003,5,1,electrolyzer_capacity,73,33,33,1,0,0,0
1,17,2,top8_C_D_remaining_gap,chi2_eta003,5,1,ordinary_shortage_positive,73,33,33,1,-5.01277933292062,-5.12017603249831,-1.57608494643458
1,17,2,top8_C_D_remaining_gap,chi2_eta003,5,2,tank_capacity,73,73,0,0,96.6901504645558,60.1034072066491,127.146331269331
1,17,2,top8_C_D_remaining_gap,chi2_eta003,5,2,electrolyzer_capacity,73,33,33,1,0,0,0
1,17,2,top8_C_D_remaining_gap,chi2_eta003,5,2,ordinary_shortage_positive,73,33,33,1,-5.82608695652174,-5.82608695652174,-5.82608695652174
1,17,2,top8_C_D_remaining_gap,chi2_eta003,5,3,tank_capacity,73,73,0,0,64.4270076230753,44.3745559737653,79.019558474832
1,17,2,top8_C_D_remaining_gap,chi2_eta003,5,3,electrolyzer_capacity,73,33,33,1,0,0,0
1,17,2,top8_C_D_remaining_gap,chi2_eta003,5,3,ordinary_shortage_positive,73,33,32,0.96969696969697,-1.53774232891703,-1.58579677669568,-0
1,17,2,top8_C_D_remaining_gap,chi2_eta003,5,4,tank_capacity,73,73,5,0.0684931506849315,33.7316943963118,0,66.4186294761349
1,17,2,top8_C_D_remaining_gap,chi2_eta003,5,4,electrolyzer_capacity,73,33,33,1,0,0,0
1,17,2,top8_C_D_remaining_gap,chi2_eta003,5,4,ordinary_shortage_positive,73,33,33,1,-2.82045938365404,-2.86806883365201,-1.29695698371909
1,17,2,top8_C_D_remaining_gap,chi2_eta003,5,0,htt_aggregate_capacity,73,33,0,0,104.566754827497,77.9825914286787,130.514684585663
1,17,2,top8_C_D_remaining_gap,chi2_eta003,6,1,tank_capacity,73,73,0,0,72.7955470930712,21.6658597516421,117.116529249185
1,17,2,top8_C_D_remaining_gap,chi2_eta003,6,1,electrolyzer_capacity,73,4,4,1,0,0,0
1,17,2,top8_C_D_remaining_gap,chi2_eta003,6,1,ordinary_shortage_positive,73,4,4,1,-18.1681299713692,-20.0897088693297,-12.6929967753019
1,17,2,top8_C_D_remaining_gap,chi2_eta003,6,2,tank_capacity,73,73,0,0,95.034501365266,60.0773114717991,127.146331269331
1,17,2,top8_C_D_remaining_gap,chi2_eta003,6,2,electrolyzer_capacity,73,4,4,1,0,0,0
1,17,2,top8_C_D_remaining_gap,chi2_eta003,6,2,ordinary_shortage_positive,73,4,4,1,-11.3174052413351,-12.2546583850932,-8.50564581006103
1,17,2,top8_C_D_remaining_gap,chi2_eta003,6,3,tank_capacity,73,73,0,0,63.8491450574556,44.2057092268757,79.019558474832
1,17,2,top8_C_D_remaining_gap,chi2_eta003,6,3,electrolyzer_capacity,73,4,4,1,0,0,0
1,17,2,top8_C_D_remaining_gap,chi2_eta003,6,3,ordinary_shortage_positive,73,4,4,1,-5.48091026511228,-7.09247608377144,-0.646212809134791
1,17,2,top8_C_D_remaining_gap,chi2_eta003,6,4,tank_capacity,73,73,8,0.10958904109589,32.3766596299078,0,66.4186294761349
1,17,2,top8_C_D_remaining_gap,chi2_eta003,6,4,electrolyzer_capacity,73,4,4,1,0,0,0
1,17,2,top8_C_D_remaining_gap,chi2_eta003,6,4,ordinary_shortage_positive,73,4,4,1,-8.4940601716543,-10.3563358247871,-2.907233212256
1,17,2,top8_C_D_remaining_gap,chi2_eta003,6,0,htt_aggregate_capacity,73,4,0,0,97.8536814210829,91.6901867926545,103.428571428571
1,17,2,top8_C_D_remaining_gap,chi2_eta003,7,1,tank_capacity,73,73,0,0,72.7955470930712,21.6658597516421,117.116529249185
1,17,2,top8_C_D_remaining_gap,chi2_eta003,7,1,electrolyzer_capacity,73,0,0,NaN,NaN,NaN,NaN
1,17,2,top8_C_D_remaining_gap,chi2_eta003,7,1,ordinary_shortage_positive,73,0,0,NaN,NaN,NaN,NaN
1,17,2,top8_C_D_remaining_gap,chi2_eta003,7,2,tank_capacity,73,73,0,0,95.034501365266,60.0773114717991,127.146331269331
1,17,2,top8_C_D_remaining_gap,chi2_eta003,7,2,electrolyzer_capacity,73,0,0,NaN,NaN,NaN,NaN
1,17,2,top8_C_D_remaining_gap,chi2_eta003,7,2,ordinary_shortage_positive,73,0,0,NaN,NaN,NaN,NaN
1,17,2,top8_C_D_remaining_gap,chi2_eta003,7,3,tank_capacity,73,73,0,0,63.8491450574556,44.2057092268757,79.019558474832
1,17,2,top8_C_D_remaining_gap,chi2_eta003,7,3,electrolyzer_capacity,73,0,0,NaN,NaN,NaN,NaN
1,17,2,top8_C_D_remaining_gap,chi2_eta003,7,3,ordinary_shortage_positive,73,0,0,NaN,NaN,NaN,NaN
1,17,2,top8_C_D_remaining_gap,chi2_eta003,7,4,tank_capacity,73,73,8,0.10958904109589,32.3766596299078,0,66.4186294761349
1,17,2,top8_C_D_remaining_gap,chi2_eta003,7,4,electrolyzer_capacity,73,0,0,NaN,NaN,NaN,NaN
1,17,2,top8_C_D_remaining_gap,chi2_eta003,7,4,ordinary_shortage_positive,73,0,0,NaN,NaN,NaN,NaN
1,17,2,top8_C_D_remaining_gap,chi2_eta003,7,0,htt_aggregate_capacity,73,0,0,NaN,NaN,NaN,NaN
1,17,2,top8_C_D_remaining_gap,chi2_eta003,8,1,tank_capacity,73,73,0,0,72.7955470930712,21.6658597516421,117.116529249185
1,17,2,top8_C_D_remaining_gap,chi2_eta003,8,1,electrolyzer_capacity,73,0,0,NaN,NaN,NaN,NaN
1,17,2,top8_C_D_remaining_gap,chi2_eta003,8,1,ordinary_shortage_positive,73,0,0,NaN,NaN,NaN,NaN
1,17,2,top8_C_D_remaining_gap,chi2_eta003,8,2,tank_capacity,73,73,0,0,95.034501365266,60.0773114717991,127.146331269331
1,17,2,top8_C_D_remaining_gap,chi2_eta003,8,2,electrolyzer_capacity,73,0,0,NaN,NaN,NaN,NaN
1,17,2,top8_C_D_remaining_gap,chi2_eta003,8,2,ordinary_shortage_positive,73,0,0,NaN,NaN,NaN,NaN
1,17,2,top8_C_D_remaining_gap,chi2_eta003,8,3,tank_capacity,73,73,0,0,63.8491450574556,44.2057092268757,79.019558474832
1,17,2,top8_C_D_remaining_gap,chi2_eta003,8,3,electrolyzer_capacity,73,0,0,NaN,NaN,NaN,NaN
1,17,2,top8_C_D_remaining_gap,chi2_eta003,8,3,ordinary_shortage_positive,73,0,0,NaN,NaN,NaN,NaN
1,17,2,top8_C_D_remaining_gap,chi2_eta003,8,4,tank_capacity,73,73,8,0.10958904109589,32.3766596299078,0,66.4186294761349
1,17,2,top8_C_D_remaining_gap,chi2_eta003,8,4,electrolyzer_capacity,73,0,0,NaN,NaN,NaN,NaN
1,17,2,top8_C_D_remaining_gap,chi2_eta003,8,4,ordinary_shortage_positive,73,0,0,NaN,NaN,NaN,NaN
1,17,2,top8_C_D_remaining_gap,chi2_eta003,8,0,htt_aggregate_capacity,73,0,0,NaN,NaN,NaN,NaN
2,12,1,top8_C_D_remaining_gap,chi2_eta003,1,1,tank_capacity,84,84,0,0,211.975618987629,211.975618987629,211.975618987629
2,12,1,top8_C_D_remaining_gap,chi2_eta003,1,1,electrolyzer_capacity,84,84,84,1,0,0,0
2,12,1,top8_C_D_remaining_gap,chi2_eta003,1,1,ordinary_shortage_positive,84,84,0,0,-0,-0,-0
2,12,1,top8_C_D_remaining_gap,chi2_eta003,1,2,tank_capacity,84,84,0,0,132.117949017897,132.117949017897,132.117949017897
2,12,1,top8_C_D_remaining_gap,chi2_eta003,1,2,electrolyzer_capacity,84,84,84,1,0,0,0
2,12,1,top8_C_D_remaining_gap,chi2_eta003,1,2,ordinary_shortage_positive,84,84,0,0,-0,-0,-0
2,12,1,top8_C_D_remaining_gap,chi2_eta003,1,3,tank_capacity,84,84,0,0,62.2836633343863,62.2836633343863,62.2836633343863
2,12,1,top8_C_D_remaining_gap,chi2_eta003,1,3,electrolyzer_capacity,84,84,84,1,0,0,0
2,12,1,top8_C_D_remaining_gap,chi2_eta003,1,3,ordinary_shortage_positive,84,84,0,0,-0,-0,-0
2,12,1,top8_C_D_remaining_gap,chi2_eta003,1,4,tank_capacity,84,84,0,0,102.294487987409,102.294487987409,102.294487987409
2,12,1,top8_C_D_remaining_gap,chi2_eta003,1,4,electrolyzer_capacity,84,84,84,1,0,0,0
2,12,1,top8_C_D_remaining_gap,chi2_eta003,1,4,ordinary_shortage_positive,84,84,0,0,-0,-0,-0
2,12,1,top8_C_D_remaining_gap,chi2_eta003,1,0,htt_aggregate_capacity,84,84,0,0,160,160,160
2,12,1,top8_C_D_remaining_gap,chi2_eta003,2,1,tank_capacity,84,84,0,0,186.644589582096,105.91068320319,196.965327856959
2,12,1,top8_C_D_remaining_gap,chi2_eta003,2,1,electrolyzer_capacity,84,84,84,1,0,0,0
2,12,1,top8_C_D_remaining_gap,chi2_eta003,2,1,ordinary_shortage_positive,84,84,9,0.107142857142857,-2.15246880742818,-20.0897088693297,-0
2,12,1,top8_C_D_remaining_gap,chi2_eta003,2,2,tank_capacity,84,84,0,0,122.371852080152,112.09694991884,149.502010020772
2,12,1,top8_C_D_remaining_gap,chi2_eta003,2,2,electrolyzer_capacity,84,84,84,1,0,0,0
2,12,1,top8_C_D_remaining_gap,chi2_eta003,2,2,ordinary_shortage_positive,84,84,9,0.107142857142857,-1.31299911268855,-12.2546583850932,-0
2,12,1,top8_C_D_remaining_gap,chi2_eta003,2,3,tank_capacity,84,84,0,0,61.3124166327277,55.3361394181578,98.2686222028143
2,12,1,top8_C_D_remaining_gap,chi2_eta003,2,3,electrolyzer_capacity,84,84,84,1,0,0,0
2,12,1,top8_C_D_remaining_gap,chi2_eta003,2,3,ordinary_shortage_positive,84,84,9,0.107142857142857,-0.759908151832654,-7.09247608377144,-0
2,12,1,top8_C_D_remaining_gap,chi2_eta003,2,4,tank_capacity,84,84,0,0,92.7110567135799,66.2500001406141,95.1008238121963
2,12,1,top8_C_D_remaining_gap,chi2_eta003,2,4,electrolyzer_capacity,84,84,84,1,0,0,0
2,12,1,top8_C_D_remaining_gap,chi2_eta003,2,4,ordinary_shortage_positive,84,84,9,0.107142857142857,-1.10960740979861,-10.3563358247871,-0
2,12,1,top8_C_D_remaining_gap,chi2_eta003,2,0,htt_aggregate_capacity,84,84,0,0,144.263135469598,49.5120049401947,157.028571428571
2,12,1,top8_C_D_remaining_gap,chi2_eta003,3,1,tank_capacity,84,84,0,0,140.47529665741,92.8562265470338,183.519017768942
2,12,1,top8_C_D_remaining_gap,chi2_eta003,3,1,electrolyzer_capacity,84,83,83,1,0,0,0
2,12,1,top8_C_D_remaining_gap,chi2_eta003,3,1,ordinary_shortage_positive,84,83,20,0.240963855421687,-5.21775660529729,-21.6536899119838,-0
2,12,1,top8_C_D_remaining_gap,chi2_eta003,3,2,tank_capacity,84,84,0,0,120.6436028267,100.378269729999,160.723454983972
2,12,1,top8_C_D_remaining_gap,chi2_eta003,3,2,electrolyzer_capacity,84,83,83,1,0,0,0
2,12,1,top8_C_D_remaining_gap,chi2_eta003,3,2,ordinary_shortage_positive,84,83,20,0.240963855421687,-3.34505724762404,-13.8819875776397,-0
2,12,1,top8_C_D_remaining_gap,chi2_eta003,3,3,tank_capacity,84,84,0,0,73.4500918523083,49.7206847943536,90.5026529645345
2,12,1,top8_C_D_remaining_gap,chi2_eta003,3,3,electrolyzer_capacity,84,83,82,0.987951807228916,0.30564718913952,0,25.3687166985801
2,12,1,top8_C_D_remaining_gap,chi2_eta003,3,3,ordinary_shortage_positive,84,83,20,0.240963855421687,-2.03001093402309,-8.42454537619581,-0
2,12,1,top8_C_D_remaining_gap,chi2_eta003,3,4,tank_capacity,84,84,0,0,81.8922649471718,41.8084494215729,95.1008238121963
2,12,1,top8_C_D_remaining_gap,chi2_eta003,3,4,electrolyzer_capacity,84,83,83,1,0,0,0
2,12,1,top8_C_D_remaining_gap,chi2_eta003,3,4,ordinary_shortage_positive,84,83,20,0.240963855421687,-3.03079168752186,-12.5777855032157,-0
2,12,1,top8_C_D_remaining_gap,chi2_eta003,3,0,htt_aggregate_capacity,84,83,0,0,113.634607741935,59.0738189795373,154.057142857143
2,12,1,top8_C_D_remaining_gap,chi2_eta003,4,1,tank_capacity,84,84,0,0,106.20137186907,65.5765398001838,149.223712387708
2,12,1,top8_C_D_remaining_gap,chi2_eta003,4,1,electrolyzer_capacity,84,65,64,0.984615384615385,2.31680404439428,-1.26122642996052e-07,150.592263011751
2,12,1,top8_C_D_remaining_gap,chi2_eta003,4,1,ordinary_shortage_positive,84,65,24,0.369230769230769,-3.00421853028488,-8.13642518618822,-0
2,12,1,top8_C_D_remaining_gap,chi2_eta003,4,2,tank_capacity,84,84,0,0,118.57395529089,75.9015103606677,160.723454983972
2,12,1,top8_C_D_remaining_gap,chi2_eta003,4,2,electrolyzer_capacity,84,65,29,0.446153846153846,74.8207871758606,0,200
2,12,1,top8_C_D_remaining_gap,chi2_eta003,4,2,ordinary_shortage_positive,84,65,24,0.369230769230769,-1.49068322981366,-4.03726708074534,-0
2,12,1,top8_C_D_remaining_gap,chi2_eta003,4,3,tank_capacity,84,84,0,0,77.0494692478436,55.4972833990804,90.5026529645345
2,12,1,top8_C_D_remaining_gap,chi2_eta003,4,3,electrolyzer_capacity,84,65,32,0.492307692307692,37.2568769924604,0,120
2,12,1,top8_C_D_remaining_gap,chi2_eta003,4,3,ordinary_shortage_positive,84,65,24,0.369230769230769,-2.17742095877061,-5.89718176333707,-0
2,12,1,top8_C_D_remaining_gap,chi2_eta003,4,4,tank_capacity,84,84,0,0,66.3353558481486,23.8175610905215,95.1008238121963
2,12,1,top8_C_D_remaining_gap,chi2_eta003,4,4,electrolyzer_capacity,84,65,64,0.984615384615385,2.04750720677091,0,133.087968440109
2,12,1,top8_C_D_remaining_gap,chi2_eta003,4,4,ordinary_shortage_positive,84,65,24,0.369230769230769,-1.54996055569669,-4.19780983834521,-0
2,12,1,top8_C_D_remaining_gap,chi2_eta003,4,0,htt_aggregate_capacity,84,65,0,0,116.206470570026,37.3633144804781,144.914285714286
2,12,1,top8_C_D_remaining_gap,chi2_eta003,5,1,tank_capacity,84,84,0,0,96.2883527116156,65.5765398001838,149.223712387708
2,12,1,top8_C_D_remaining_gap,chi2_eta003,5,1,electrolyzer_capacity,84,24,24,1,0,0,0
2,12,1,top8_C_D_remaining_gap,chi2_eta003,5,1,ordinary_shortage_positive,84,24,7,0.291666666666667,-1.49338467614534,-5.12017603249831,-0
2,12,1,top8_C_D_remaining_gap,chi2_eta003,5,2,tank_capacity,84,84,0,0,115.997175932893,75.9015103606677,160.723454983972
2,12,1,top8_C_D_remaining_gap,chi2_eta003,5,2,electrolyzer_capacity,84,24,11,0.458333333333333,52.5231559143285,0,152.547239617919
2,12,1,top8_C_D_remaining_gap,chi2_eta003,5,2,ordinary_shortage_positive,84,24,7,0.291666666666667,-1.69927536231884,-5.82608695652174,-0
2,12,1,top8_C_D_remaining_gap,chi2_eta003,5,3,tank_capacity,84,84,0,0,75.7874325786262,55.4972833990804,90.5026529645345
2,12,1,top8_C_D_remaining_gap,chi2_eta003,5,3,electrolyzer_capacity,84,24,11,0.458333333333333,40.5178216181582,0,112.293545608699
2,12,1,top8_C_D_remaining_gap,chi2_eta003,5,3,ordinary_shortage_positive,84,24,7,0.291666666666667,-0.462524059869574,-1.58579677669568,-0
2,12,1,top8_C_D_remaining_gap,chi2_eta003,5,4,tank_capacity,84,84,0,0,60.5741106887754,23.8175610905215,95.1008238121963
2,12,1,top8_C_D_remaining_gap,chi2_eta003,5,4,electrolyzer_capacity,84,24,24,1,0,0,0
2,12,1,top8_C_D_remaining_gap,chi2_eta003,5,4,ordinary_shortage_positive,84,24,7,0.291666666666667,-0.836520076481836,-2.86806883365201,-0
2,12,1,top8_C_D_remaining_gap,chi2_eta003,5,0,htt_aggregate_capacity,84,24,0,0,126.626087370656,81.2491279116566,146.753622370363
2,12,1,top8_C_D_remaining_gap,chi2_eta003,6,1,tank_capacity,84,84,0,0,96.2575780360891,65.5765398001838,149.223712387708
2,12,1,top8_C_D_remaining_gap,chi2_eta003,6,1,electrolyzer_capacity,84,1,0,0,106.198447747404,106.198447747404,106.198447747404
2,12,1,top8_C_D_remaining_gap,chi2_eta003,6,1,ordinary_shortage_positive,84,1,0,0,-0,-0,-0
2,12,1,top8_C_D_remaining_gap,chi2_eta003,6,2,tank_capacity,84,84,0,0,116.136493463132,75.9015103606677,160.723454983972
2,12,1,top8_C_D_remaining_gap,chi2_eta003,6,2,electrolyzer_capacity,84,1,0,0,195.282172265013,195.282172265013,195.282172265013
2,12,1,top8_C_D_remaining_gap,chi2_eta003,6,2,ordinary_shortage_positive,84,1,0,0,-0,-0,-0
2,12,1,top8_C_D_remaining_gap,chi2_eta003,6,3,tank_capacity,84,84,0,0,75.8206058724328,55.4972833990804,90.5026529645345
2,12,1,top8_C_D_remaining_gap,chi2_eta003,6,3,electrolyzer_capacity,84,1,0,0,83.1972700511271,83.1972700511271,83.1972700511271
2,12,1,top8_C_D_remaining_gap,chi2_eta003,6,3,ordinary_shortage_positive,84,1,0,0,-0,-0,-0
2,12,1,top8_C_D_remaining_gap,chi2_eta003,6,4,tank_capacity,84,84,0,0,60.5396889375757,23.8175610905215,95.1008238121963
2,12,1,top8_C_D_remaining_gap,chi2_eta003,6,4,electrolyzer_capacity,84,1,0,0,36.7712570464187,36.7712570464187,36.7712570464187
2,12,1,top8_C_D_remaining_gap,chi2_eta003,6,4,ordinary_shortage_positive,84,1,0,0,-0,-0,-0
2,12,1,top8_C_D_remaining_gap,chi2_eta003,6,0,htt_aggregate_capacity,84,1,0,0,143.809523809524,143.809523809524,143.809523809524
2,12,1,top8_C_D_remaining_gap,chi2_eta003,7,1,tank_capacity,84,84,0,0,96.2575780360891,65.5765398001838,149.223712387708
2,12,1,top8_C_D_remaining_gap,chi2_eta003,7,1,electrolyzer_capacity,84,0,0,NaN,NaN,NaN,NaN
2,12,1,top8_C_D_remaining_gap,chi2_eta003,7,1,ordinary_shortage_positive,84,0,0,NaN,NaN,NaN,NaN
2,12,1,top8_C_D_remaining_gap,chi2_eta003,7,2,tank_capacity,84,84,0,0,116.136493463132,75.9015103606677,160.723454983972
2,12,1,top8_C_D_remaining_gap,chi2_eta003,7,2,electrolyzer_capacity,84,0,0,NaN,NaN,NaN,NaN
2,12,1,top8_C_D_remaining_gap,chi2_eta003,7,2,ordinary_shortage_positive,84,0,0,NaN,NaN,NaN,NaN
2,12,1,top8_C_D_remaining_gap,chi2_eta003,7,3,tank_capacity,84,84,0,0,75.8206058724328,55.4972833990804,90.5026529645345
2,12,1,top8_C_D_remaining_gap,chi2_eta003,7,3,electrolyzer_capacity,84,0,0,NaN,NaN,NaN,NaN
2,12,1,top8_C_D_remaining_gap,chi2_eta003,7,3,ordinary_shortage_positive,84,0,0,NaN,NaN,NaN,NaN
2,12,1,top8_C_D_remaining_gap,chi2_eta003,7,4,tank_capacity,84,84,0,0,60.5396889375757,23.8175610905215,95.1008238121963
2,12,1,top8_C_D_remaining_gap,chi2_eta003,7,4,electrolyzer_capacity,84,0,0,NaN,NaN,NaN,NaN
2,12,1,top8_C_D_remaining_gap,chi2_eta003,7,4,ordinary_shortage_positive,84,0,0,NaN,NaN,NaN,NaN
2,12,1,top8_C_D_remaining_gap,chi2_eta003,7,0,htt_aggregate_capacity,84,0,0,NaN,NaN,NaN,NaN
2,12,1,top8_C_D_remaining_gap,chi2_eta003,8,1,tank_capacity,84,84,0,0,96.2575780360891,65.5765398001838,149.223712387708
2,12,1,top8_C_D_remaining_gap,chi2_eta003,8,1,electrolyzer_capacity,84,0,0,NaN,NaN,NaN,NaN
2,12,1,top8_C_D_remaining_gap,chi2_eta003,8,1,ordinary_shortage_positive,84,0,0,NaN,NaN,NaN,NaN
2,12,1,top8_C_D_remaining_gap,chi2_eta003,8,2,tank_capacity,84,84,0,0,116.136493463132,75.9015103606677,160.723454983972
2,12,1,top8_C_D_remaining_gap,chi2_eta003,8,2,electrolyzer_capacity,84,0,0,NaN,NaN,NaN,NaN
2,12,1,top8_C_D_remaining_gap,chi2_eta003,8,2,ordinary_shortage_positive,84,0,0,NaN,NaN,NaN,NaN
2,12,1,top8_C_D_remaining_gap,chi2_eta003,8,3,tank_capacity,84,84,0,0,75.8206058724328,55.4972833990804,90.5026529645345
2,12,1,top8_C_D_remaining_gap,chi2_eta003,8,3,electrolyzer_capacity,84,0,0,NaN,NaN,NaN,NaN
2,12,1,top8_C_D_remaining_gap,chi2_eta003,8,3,ordinary_shortage_positive,84,0,0,NaN,NaN,NaN,NaN
2,12,1,top8_C_D_remaining_gap,chi2_eta003,8,4,tank_capacity,84,84,0,0,60.5396889375757,23.8175610905215,95.1008238121963
2,12,1,top8_C_D_remaining_gap,chi2_eta003,8,4,electrolyzer_capacity,84,0,0,NaN,NaN,NaN,NaN
2,12,1,top8_C_D_remaining_gap,chi2_eta003,8,4,ordinary_shortage_positive,84,0,0,NaN,NaN,NaN,NaN
2,12,1,top8_C_D_remaining_gap,chi2_eta003,8,0,htt_aggregate_capacity,84,0,0,NaN,NaN,NaN,NaN
3,17,4,top8_C_D_remaining_gap,chi2_eta003,1,1,tank_capacity,61,61,0,0,211.975618987629,211.975618987629,211.975618987629
3,17,4,top8_C_D_remaining_gap,chi2_eta003,1,1,electrolyzer_capacity,61,61,61,1,0,0,0
3,17,4,top8_C_D_remaining_gap,chi2_eta003,1,1,ordinary_shortage_positive,61,61,0,0,-0,-0,-0
3,17,4,top8_C_D_remaining_gap,chi2_eta003,1,2,tank_capacity,61,61,0,0,132.117949017897,132.117949017897,132.117949017897
3,17,4,top8_C_D_remaining_gap,chi2_eta003,1,2,electrolyzer_capacity,61,61,61,1,0,0,0
3,17,4,top8_C_D_remaining_gap,chi2_eta003,1,2,ordinary_shortage_positive,61,61,0,0,-0,-0,-0
3,17,4,top8_C_D_remaining_gap,chi2_eta003,1,3,tank_capacity,61,61,0,0,62.2836633343863,62.2836633343863,62.2836633343863
3,17,4,top8_C_D_remaining_gap,chi2_eta003,1,3,electrolyzer_capacity,61,61,61,1,0,0,0
3,17,4,top8_C_D_remaining_gap,chi2_eta003,1,3,ordinary_shortage_positive,61,61,0,0,-0,-0,-0
3,17,4,top8_C_D_remaining_gap,chi2_eta003,1,4,tank_capacity,61,61,0,0,102.294487987409,102.294487987409,102.294487987409
3,17,4,top8_C_D_remaining_gap,chi2_eta003,1,4,electrolyzer_capacity,61,61,61,1,0,0,0
3,17,4,top8_C_D_remaining_gap,chi2_eta003,1,4,ordinary_shortage_positive,61,61,0,0,-0,-0,-0
3,17,4,top8_C_D_remaining_gap,chi2_eta003,1,0,htt_aggregate_capacity,61,61,0,0,160,160,160
3,17,4,top8_C_D_remaining_gap,chi2_eta003,2,1,tank_capacity,61,61,0,0,180.013503430364,123.624181862363,196.965327856959
3,17,4,top8_C_D_remaining_gap,chi2_eta003,2,1,electrolyzer_capacity,61,61,61,1,0,0,0
3,17,4,top8_C_D_remaining_gap,chi2_eta003,2,1,ordinary_shortage_positive,61,61,16,0.262295081967213,-5.26943183457829,-20.0897088693297,-0
3,17,4,top8_C_D_remaining_gap,chi2_eta003,2,2,tank_capacity,61,61,0,0,122.072045006343,112.130134496196,141.48551435998
3,17,4,top8_C_D_remaining_gap,chi2_eta003,2,2,electrolyzer_capacity,61,61,61,1,0,0,0
3,17,4,top8_C_D_remaining_gap,chi2_eta003,2,2,ordinary_shortage_positive,61,61,16,0.262295081967213,-3.21433662559821,-12.2546583850932,-0
3,17,4,top8_C_D_remaining_gap,chi2_eta003,2,3,tank_capacity,61,61,0,0,63.7949922150987,55.3361394181578,87.9118007384832
3,17,4,top8_C_D_remaining_gap,chi2_eta003,2,3,electrolyzer_capacity,61,61,61,1,0,0,0
3,17,4,top8_C_D_remaining_gap,chi2_eta003,2,3,ordinary_shortage_positive,61,61,16,0.262295081967213,-1.86032159574333,-7.09247608377144,-0
3,17,4,top8_C_D_remaining_gap,chi2_eta003,2,4,tank_capacity,61,61,0,0,89.4338518285351,68.4650041087442,95.1008238121963
3,17,4,top8_C_D_remaining_gap,chi2_eta003,2,4,electrolyzer_capacity,61,61,61,1,0,0,0
3,17,4,top8_C_D_remaining_gap,chi2_eta003,2,4,ordinary_shortage_positive,61,61,16,0.262295081967213,-2.71641595404251,-10.3563358247871,-0
3,17,4,top8_C_D_remaining_gap,chi2_eta003,2,0,htt_aggregate_capacity,61,61,0,0,137.782351924813,72.1362928622389,157.028571428571
3,17,4,top8_C_D_remaining_gap,chi2_eta003,3,1,tank_capacity,61,61,0,0,129.18894867139,88.5241818623627,183.519017768942
3,17,4,top8_C_D_remaining_gap,chi2_eta003,3,1,electrolyzer_capacity,61,61,61,1,0,0,0
3,17,4,top8_C_D_remaining_gap,chi2_eta003,3,1,ordinary_shortage_positive,61,61,37,0.60655737704918,-13.1342053564492,-21.6536899119838,-0
3,17,4,top8_C_D_remaining_gap,chi2_eta003,3,2,tank_capacity,61,61,0,0,115.092287890521,97.5726074029901,138.389044954933
3,17,4,top8_C_D_remaining_gap,chi2_eta003,3,2,electrolyzer_capacity,61,61,61,1,0,0,0
3,17,4,top8_C_D_remaining_gap,chi2_eta003,3,2,ordinary_shortage_positive,61,61,37,0.60655737704918,-8.42022197332247,-13.8819875776397,-0
3,17,4,top8_C_D_remaining_gap,chi2_eta003,3,3,tank_capacity,61,61,0,0,71.9238162911398,49.7206847943536,85.7679303511442
3,17,4,top8_C_D_remaining_gap,chi2_eta003,3,3,electrolyzer_capacity,61,61,61,1,0,0,0
3,17,4,top8_C_D_remaining_gap,chi2_eta003,3,3,ordinary_shortage_positive,61,61,37,0.60655737704918,-5.10997014621713,-8.42454537619581,-0
3,17,4,top8_C_D_remaining_gap,chi2_eta003,3,4,tank_capacity,61,61,0,0,71.2638019364181,44.9273151882501,90.128609315412
3,17,4,top8_C_D_remaining_gap,chi2_eta003,3,4,electrolyzer_capacity,61,61,61,1,0,0,0
3,17,4,top8_C_D_remaining_gap,chi2_eta003,3,4,ordinary_shortage_positive,61,61,37,0.60655737704918,-7.62914858391773,-12.5777855032157,-0
3,17,4,top8_C_D_remaining_gap,chi2_eta003,3,0,htt_aggregate_capacity,61,61,0,0,109.493469499853,64.265109064315,154.057142857143
3,17,4,top8_C_D_remaining_gap,chi2_eta003,4,1,tank_capacity,61,61,0,0,89.8263393101226,59.4519778417794,125.521639765359
3,17,4,top8_C_D_remaining_gap,chi2_eta003,4,1,electrolyzer_capacity,61,53,53,1,0,0,0
3,17,4,top8_C_D_remaining_gap,chi2_eta003,4,1,ordinary_shortage_positive,61,53,44,0.830188679245283,-6.75476807909965,-8.13642518618822,-0
3,17,4,top8_C_D_remaining_gap,chi2_eta003,4,2,tank_capacity,61,61,0,0,106.735157510763,78.2885087225969,130.259471120755
3,17,4,top8_C_D_remaining_gap,chi2_eta003,4,2,electrolyzer_capacity,61,53,45,0.849056603773585,16.3229367240495,0,200
3,17,4,top8_C_D_remaining_gap,chi2_eta003,4,2,ordinary_shortage_positive,61,53,44,0.830188679245283,-3.35169342552443,-4.03726708074534,-0
3,17,4,top8_C_D_remaining_gap,chi2_eta003,4,3,tank_capacity,61,61,0,0,70.3699466297055,54.1100750725793,83.6220822735983
3,17,4,top8_C_D_remaining_gap,chi2_eta003,4,3,electrolyzer_capacity,61,53,45,0.849056603773585,11.3193310100001,0,120
3,17,4,top8_C_D_remaining_gap,chi2_eta003,4,3,ordinary_shortage_positive,61,53,44,0.830188679245283,-4.89577353937417,-5.89718176333707,-0
3,17,4,top8_C_D_remaining_gap,chi2_eta003,4,4,tank_capacity,61,61,0,0,48.3580319460318,16.8253056263881,76.7764191537572
3,17,4,top8_C_D_remaining_gap,chi2_eta003,4,4,electrolyzer_capacity,61,53,53,1,0,0,0
3,17,4,top8_C_D_remaining_gap,chi2_eta003,4,4,ordinary_shortage_positive,61,53,44,0.830188679245283,-3.48497420541867,-4.19780983834521,-0
3,17,4,top8_C_D_remaining_gap,chi2_eta003,4,0,htt_aggregate_capacity,61,53,0,0,103.493152356724,53.5149179930011,143.847619047619
3,17,4,top8_C_D_remaining_gap,chi2_eta003,5,1,tank_capacity,61,61,0,0,77.3787707790517,57.1403131627499,117.116529249185
3,17,4,top8_C_D_remaining_gap,chi2_eta003,5,1,electrolyzer_capacity,61,22,22,1,0,0,0
3,17,4,top8_C_D_remaining_gap,chi2_eta003,5,1,ordinary_shortage_positive,61,22,22,1,-4.95908098313177,-5.12017603249831,-1.57608494643458
3,17,4,top8_C_D_remaining_gap,chi2_eta003,5,2,tank_capacity,61,61,0,0,100.725604082861,74.61942611601,127.146331269331
3,17,4,top8_C_D_remaining_gap,chi2_eta003,5,2,electrolyzer_capacity,61,22,22,1,0,0,0
3,17,4,top8_C_D_remaining_gap,chi2_eta003,5,2,ordinary_shortage_positive,61,22,22,1,-5.82608695652174,-5.82608695652174,-5.82608695652174
3,17,4,top8_C_D_remaining_gap,chi2_eta003,5,3,tank_capacity,61,61,0,0,66.5337473726567,48.8986730925121,79.019558474832
3,17,4,top8_C_D_remaining_gap,chi2_eta003,5,3,electrolyzer_capacity,61,22,22,1,0,0,0
3,17,4,top8_C_D_remaining_gap,chi2_eta003,5,3,ordinary_shortage_positive,61,22,21,0.954545454545455,-1.5137151050277,-1.58579677669568,-0
3,17,4,top8_C_D_remaining_gap,chi2_eta003,5,4,tank_capacity,61,61,1,0.0163934426229508,38.2697302065238,0,66.4186294761349
3,17,4,top8_C_D_remaining_gap,chi2_eta003,5,4,electrolyzer_capacity,61,22,22,1,0,0,0
3,17,4,top8_C_D_remaining_gap,chi2_eta003,5,4,ordinary_shortage_positive,61,22,22,1,-2.79665465865506,-2.86806883365201,-1.29695698371909
3,17,4,top8_C_D_remaining_gap,chi2_eta003,5,0,htt_aggregate_capacity,61,22,0,0,104.552710866934,83.1972146088014,130.514684585663
3,17,4,top8_C_D_remaining_gap,chi2_eta003,6,1,tank_capacity,61,61,0,0,76.320350321949,14.5561637999218,117.116529249185
3,17,4,top8_C_D_remaining_gap,chi2_eta003,6,1,electrolyzer_capacity,61,2,2,1,0,0,0
3,17,4,top8_C_D_remaining_gap,chi2_eta003,6,1,ordinary_shortage_positive,61,2,2,1,-20.0897088693297,-20.0897088693297,-20.0897088693297
3,17,4,top8_C_D_remaining_gap,chi2_eta003,6,2,tank_capacity,61,61,0,0,99.7990888445501,58.1394213100997,127.146331269331
3,17,4,top8_C_D_remaining_gap,chi2_eta003,6,2,electrolyzer_capacity,61,2,2,1,0,0,0
3,17,4,top8_C_D_remaining_gap,chi2_eta003,6,2,ordinary_shortage_positive,61,2,2,1,-12.2546583850932,-12.2546583850932,-12.2546583850932
3,17,4,top8_C_D_remaining_gap,chi2_eta003,6,3,tank_capacity,61,61,0,0,66.2398816602347,46.9915301386599,79.019558474832
3,17,4,top8_C_D_remaining_gap,chi2_eta003,6,3,electrolyzer_capacity,61,2,2,1,0,0,0
3,17,4,top8_C_D_remaining_gap,chi2_eta003,6,3,ordinary_shortage_positive,61,2,2,1,-3.81298110585933,-7.09247608377144,-0.533486127947216
3,17,4,top8_C_D_remaining_gap,chi2_eta003,6,4,tank_capacity,61,61,0,0,37.8103012856813,0.257396578759938,66.4186294761349
3,17,4,top8_C_D_remaining_gap,chi2_eta003,6,4,electrolyzer_capacity,61,2,2,1,0,0,0
3,17,4,top8_C_D_remaining_gap,chi2_eta003,6,4,ordinary_shortage_positive,61,2,2,1,-7.06185582738043,-10.3563358247871,-3.76737582997379
3,17,4,top8_C_D_remaining_gap,chi2_eta003,6,0,htt_aggregate_capacity,61,2,0,0,85.2914505323557,77.2274549503261,93.3554461143853
3,17,4,top8_C_D_remaining_gap,chi2_eta003,7,1,tank_capacity,61,61,0,0,76.320350321949,14.5561637999218,117.116529249185
3,17,4,top8_C_D_remaining_gap,chi2_eta003,7,1,electrolyzer_capacity,61,0,0,NaN,NaN,NaN,NaN
3,17,4,top8_C_D_remaining_gap,chi2_eta003,7,1,ordinary_shortage_positive,61,0,0,NaN,NaN,NaN,NaN
3,17,4,top8_C_D_remaining_gap,chi2_eta003,7,2,tank_capacity,61,61,0,0,99.7990888445501,58.1394213100997,127.146331269331
3,17,4,top8_C_D_remaining_gap,chi2_eta003,7,2,electrolyzer_capacity,61,0,0,NaN,NaN,NaN,NaN
3,17,4,top8_C_D_remaining_gap,chi2_eta003,7,2,ordinary_shortage_positive,61,0,0,NaN,NaN,NaN,NaN
3,17,4,top8_C_D_remaining_gap,chi2_eta003,7,3,tank_capacity,61,61,0,0,66.2398816602347,46.9915301386599,79.019558474832
3,17,4,top8_C_D_remaining_gap,chi2_eta003,7,3,electrolyzer_capacity,61,0,0,NaN,NaN,NaN,NaN
3,17,4,top8_C_D_remaining_gap,chi2_eta003,7,3,ordinary_shortage_positive,61,0,0,NaN,NaN,NaN,NaN
3,17,4,top8_C_D_remaining_gap,chi2_eta003,7,4,tank_capacity,61,61,0,0,37.8103012856813,0.257396578759938,66.4186294761349
3,17,4,top8_C_D_remaining_gap,chi2_eta003,7,4,electrolyzer_capacity,61,0,0,NaN,NaN,NaN,NaN
3,17,4,top8_C_D_remaining_gap,chi2_eta003,7,4,ordinary_shortage_positive,61,0,0,NaN,NaN,NaN,NaN
3,17,4,top8_C_D_remaining_gap,chi2_eta003,7,0,htt_aggregate_capacity,61,0,0,NaN,NaN,NaN,NaN
3,17,4,top8_C_D_remaining_gap,chi2_eta003,8,1,tank_capacity,61,61,0,0,76.320350321949,14.5561637999218,117.116529249185
3,17,4,top8_C_D_remaining_gap,chi2_eta003,8,1,electrolyzer_capacity,61,0,0,NaN,NaN,NaN,NaN
3,17,4,top8_C_D_remaining_gap,chi2_eta003,8,1,ordinary_shortage_positive,61,0,0,NaN,NaN,NaN,NaN
3,17,4,top8_C_D_remaining_gap,chi2_eta003,8,2,tank_capacity,61,61,0,0,99.7990888445501,58.1394213100997,127.146331269331
3,17,4,top8_C_D_remaining_gap,chi2_eta003,8,2,electrolyzer_capacity,61,0,0,NaN,NaN,NaN,NaN
3,17,4,top8_C_D_remaining_gap,chi2_eta003,8,2,ordinary_shortage_positive,61,0,0,NaN,NaN,NaN,NaN
3,17,4,top8_C_D_remaining_gap,chi2_eta003,8,3,tank_capacity,61,61,0,0,66.2398816602347,46.9915301386599,79.019558474832
3,17,4,top8_C_D_remaining_gap,chi2_eta003,8,3,electrolyzer_capacity,61,0,0,NaN,NaN,NaN,NaN
3,17,4,top8_C_D_remaining_gap,chi2_eta003,8,3,ordinary_shortage_positive,61,0,0,NaN,NaN,NaN,NaN
3,17,4,top8_C_D_remaining_gap,chi2_eta003,8,4,tank_capacity,61,61,0,0,37.8103012856813,0.257396578759938,66.4186294761349
3,17,4,top8_C_D_remaining_gap,chi2_eta003,8,4,electrolyzer_capacity,61,0,0,NaN,NaN,NaN,NaN
3,17,4,top8_C_D_remaining_gap,chi2_eta003,8,4,ordinary_shortage_positive,61,0,0,NaN,NaN,NaN,NaN
3,17,4,top8_C_D_remaining_gap,chi2_eta003,8,0,htt_aggregate_capacity,61,0,0,NaN,NaN,NaN,NaN
4,16,4,top8_C_D_remaining_gap,chi2_eta003,1,1,tank_capacity,57,57,0,0,211.975618987629,211.975618987629,211.975618987629
4,16,4,top8_C_D_remaining_gap,chi2_eta003,1,1,electrolyzer_capacity,57,57,57,1,0,0,0
4,16,4,top8_C_D_remaining_gap,chi2_eta003,1,1,ordinary_shortage_positive,57,57,0,0,-0,-0,-0
4,16,4,top8_C_D_remaining_gap,chi2_eta003,1,2,tank_capacity,57,57,0,0,132.117949017897,132.117949017897,132.117949017897
4,16,4,top8_C_D_remaining_gap,chi2_eta003,1,2,electrolyzer_capacity,57,57,57,1,0,0,0
4,16,4,top8_C_D_remaining_gap,chi2_eta003,1,2,ordinary_shortage_positive,57,57,0,0,-0,-0,-0
4,16,4,top8_C_D_remaining_gap,chi2_eta003,1,3,tank_capacity,57,57,0,0,62.2836633343863,62.2836633343863,62.2836633343863
4,16,4,top8_C_D_remaining_gap,chi2_eta003,1,3,electrolyzer_capacity,57,57,57,1,0,0,0
4,16,4,top8_C_D_remaining_gap,chi2_eta003,1,3,ordinary_shortage_positive,57,57,0,0,-0,-0,-0
4,16,4,top8_C_D_remaining_gap,chi2_eta003,1,4,tank_capacity,57,57,0,0,102.294487987409,102.294487987409,102.294487987409
4,16,4,top8_C_D_remaining_gap,chi2_eta003,1,4,electrolyzer_capacity,57,57,57,1,0,0,0
4,16,4,top8_C_D_remaining_gap,chi2_eta003,1,4,ordinary_shortage_positive,57,57,0,0,-0,-0,-0
4,16,4,top8_C_D_remaining_gap,chi2_eta003,1,0,htt_aggregate_capacity,57,57,0,0,160,160,160
4,16,4,top8_C_D_remaining_gap,chi2_eta003,2,1,tank_capacity,57,57,0,0,169.756516436698,105.91068320319,196.965327856959
4,16,4,top8_C_D_remaining_gap,chi2_eta003,2,1,electrolyzer_capacity,57,57,57,1,0,0,0
4,16,4,top8_C_D_remaining_gap,chi2_eta003,2,1,ordinary_shortage_positive,57,57,26,0.456140350877193,-9.16372685267671,-20.0897088693297,-0
4,16,4,top8_C_D_remaining_gap,chi2_eta003,2,2,tank_capacity,57,57,0,0,123.87209943867,112.130134496196,148.152413780703
4,16,4,top8_C_D_remaining_gap,chi2_eta003,2,2,electrolyzer_capacity,57,57,57,1,0,0,0
4,16,4,top8_C_D_remaining_gap,chi2_eta003,2,2,ordinary_shortage_positive,57,57,26,0.456140350877193,-5.58984417565653,-12.2546583850932,-0
4,16,4,top8_C_D_remaining_gap,chi2_eta003,2,3,tank_capacity,57,57,0,0,67.6415775949423,55.3361394181578,98.2686222028143
4,16,4,top8_C_D_remaining_gap,chi2_eta003,2,3,electrolyzer_capacity,57,57,57,1,0,0,0
4,16,4,top8_C_D_remaining_gap,chi2_eta003,2,3,ordinary_shortage_positive,57,57,26,0.456140350877193,-3.2351645294396,-7.09247608377144,-0
4,16,4,top8_C_D_remaining_gap,chi2_eta003,2,4,tank_capacity,57,57,0,0,84.3920268052987,66.2500001406141,95.1008238121963
4,16,4,top8_C_D_remaining_gap,chi2_eta003,2,4,electrolyzer_capacity,57,57,57,1,0,0,0
4,16,4,top8_C_D_remaining_gap,chi2_eta003,2,4,ordinary_shortage_positive,57,57,26,0.456140350877193,-4.72394265692042,-10.3563358247871,-0
4,16,4,top8_C_D_remaining_gap,chi2_eta003,2,0,htt_aggregate_capacity,57,57,0,0,127.534973363141,49.5120049401947,157.028571428571
4,16,4,top8_C_D_remaining_gap,chi2_eta003,3,1,tank_capacity,57,57,0,0,121.390101095296,84.7141014947034,183.519017768942
4,16,4,top8_C_D_remaining_gap,chi2_eta003,3,1,electrolyzer_capacity,57,57,57,1,0,0,0
4,16,4,top8_C_D_remaining_gap,chi2_eta003,3,1,ordinary_shortage_positive,57,57,41,0.719298245614035,-15.5754611647602,-21.6536899119838,-0
4,16,4,top8_C_D_remaining_gap,chi2_eta003,3,2,tank_capacity,57,57,0,0,112.318128234289,97.5726074029901,138.389044954933
4,16,4,top8_C_D_remaining_gap,chi2_eta003,3,2,electrolyzer_capacity,57,57,57,1,0,0,0
4,16,4,top8_C_D_remaining_gap,chi2_eta003,3,2,ordinary_shortage_positive,57,57,41,0.719298245614035,-9.9852893102321,-13.8819875776397,-0
4,16,4,top8_C_D_remaining_gap,chi2_eta003,3,3,tank_capacity,57,57,0,0,72.0799491215776,49.7206847943536,83.7382972957291
4,16,4,top8_C_D_remaining_gap,chi2_eta003,3,3,electrolyzer_capacity,57,57,57,1,0,0,0
4,16,4,top8_C_D_remaining_gap,chi2_eta003,3,3,ordinary_shortage_positive,57,57,41,0.719298245614035,-6.05976070919348,-8.42454537619581,-0
4,16,4,top8_C_D_remaining_gap,chi2_eta003,3,4,tank_capacity,57,57,0,0,65.6543599631237,39.8350637938404,90.128609315412
4,16,4,top8_C_D_remaining_gap,chi2_eta003,3,4,electrolyzer_capacity,57,57,57,1,0,0,0
4,16,4,top8_C_D_remaining_gap,chi2_eta003,3,4,ordinary_shortage_positive,57,57,41,0.719298245614035,-9.04717904617271,-12.5777855032157,-0
4,16,4,top8_C_D_remaining_gap,chi2_eta003,3,0,htt_aggregate_capacity,57,57,0,0,112.532597481041,64.265109064315,153.52380952381
4,16,4,top8_C_D_remaining_gap,chi2_eta003,4,1,tank_capacity,57,57,0,0,83.7393743460394,63.1722952990636,125.521639765359
4,16,4,top8_C_D_remaining_gap,chi2_eta003,4,1,electrolyzer_capacity,57,49,49,1,0,0,0
4,16,4,top8_C_D_remaining_gap,chi2_eta003,4,1,ordinary_shortage_positive,57,49,46,0.938775510204082,-7.63827670540119,-8.13642518618822,-0
4,16,4,top8_C_D_remaining_gap,chi2_eta003,4,2,tank_capacity,57,57,0,0,102.017647063466,76.7102515388048,130.259471120755
4,16,4,top8_C_D_remaining_gap,chi2_eta003,4,2,electrolyzer_capacity,57,49,46,0.938775510204082,8.28553889869109,0,200
4,16,4,top8_C_D_remaining_gap,chi2_eta003,4,2,ordinary_shortage_positive,57,49,46,0.938775510204082,-3.79008746355685,-4.03726708074534,-0
4,16,4,top8_C_D_remaining_gap,chi2_eta003,4,3,tank_capacity,57,57,0,0,67.2623508132194,55.2683229014059,83.6347184722901
4,16,4,top8_C_D_remaining_gap,chi2_eta003,4,3,electrolyzer_capacity,57,49,46,0.938775510204082,4.30299359643999,0,120
4,16,4,top8_C_D_remaining_gap,chi2_eta003,4,3,ordinary_shortage_positive,57,49,46,0.938775510204082,-5.53612981864296,-5.89718176333707,-0
4,16,4,top8_C_D_remaining_gap,chi2_eta003,4,4,tank_capacity,57,57,0,0,43.4155540582355,19.1825928689537,76.7764191537572
4,16,4,top8_C_D_remaining_gap,chi2_eta003,4,4,electrolyzer_capacity,57,49,49,1,0,0,0
4,16,4,top8_C_D_remaining_gap,chi2_eta003,4,4,ordinary_shortage_positive,57,49,46,0.938775510204082,-3.94080107273224,-4.19780983834521,-0
4,16,4,top8_C_D_remaining_gap,chi2_eta003,4,0,htt_aggregate_capacity,57,49,0,0,103.513511514032,55.0776076258593,141.714285714286
4,16,4,top8_C_D_remaining_gap,chi2_eta003,5,1,tank_capacity,57,57,0,0,77.8806733159437,41.4437294840872,110.167699167948
4,16,4,top8_C_D_remaining_gap,chi2_eta003,5,1,electrolyzer_capacity,57,11,11,1,0,0,0
4,16,4,top8_C_D_remaining_gap,chi2_eta003,5,1,ordinary_shortage_positive,57,11,10,0.909090909090909,-4.65470548408937,-5.12017603249831,-0
4,16,4,top8_C_D_remaining_gap,chi2_eta003,5,2,tank_capacity,57,57,0,0,98.3141376565599,59.570626559579,128.762491347395
4,16,4,top8_C_D_remaining_gap,chi2_eta003,5,2,electrolyzer_capacity,57,11,11,1,0,0,0
4,16,4,top8_C_D_remaining_gap,chi2_eta003,5,2,ordinary_shortage_positive,57,11,10,0.909090909090909,-5.29644268774703,-5.82608695652174,-0
4,16,4,top8_C_D_remaining_gap,chi2_eta003,5,3,tank_capacity,57,57,0,0,65.3818649717726,47.296923141845,83.6347184722901
4,16,4,top8_C_D_remaining_gap,chi2_eta003,5,3,electrolyzer_capacity,57,11,11,1,0,0,0
4,16,4,top8_C_D_remaining_gap,chi2_eta003,5,3,ordinary_shortage_positive,57,11,10,0.909090909090909,-1.44163343335971,-1.58579677669568,-0
4,16,4,top8_C_D_remaining_gap,chi2_eta003,5,4,tank_capacity,57,57,0,0,37.7426385577256,0.000440141810258865,59.7967875102435
4,16,4,top8_C_D_remaining_gap,chi2_eta003,5,4,electrolyzer_capacity,57,11,11,1,0,0,0
4,16,4,top8_C_D_remaining_gap,chi2_eta003,5,4,ordinary_shortage_positive,57,11,10,0.909090909090909,-2.60733530332001,-2.86806883365201,-0
4,16,4,top8_C_D_remaining_gap,chi2_eta003,5,0,htt_aggregate_capacity,57,11,0,0,103.964772382378,88.1389602889953,142.417454796341
4,16,4,top8_C_D_remaining_gap,chi2_eta003,6,1,tank_capacity,57,57,0,0,77.2283899978113,41.4437294840872,110.167699167948
4,16,4,top8_C_D_remaining_gap,chi2_eta003,6,1,electrolyzer_capacity,57,2,2,1,0,0,0
4,16,4,top8_C_D_remaining_gap,chi2_eta003,6,1,ordinary_shortage_positive,57,2,2,1,-20.0897088693297,-20.0897088693297,-20.0897088693297
4,16,4,top8_C_D_remaining_gap,chi2_eta003,6,2,tank_capacity,57,57,0,0,97.5085248048218,59.570626559579,128.762491347395
4,16,4,top8_C_D_remaining_gap,chi2_eta003,6,2,electrolyzer_capacity,57,2,2,1,0,0,0
4,16,4,top8_C_D_remaining_gap,chi2_eta003,6,2,ordinary_shortage_positive,57,2,2,1,-12.2546583850932,-12.2546583850932,-12.2546583850932
4,16,4,top8_C_D_remaining_gap,chi2_eta003,6,3,tank_capacity,57,57,0,0,65.0081955033819,47.296923141845,83.6347184722901
4,16,4,top8_C_D_remaining_gap,chi2_eta003,6,3,electrolyzer_capacity,57,2,2,1,0,0,0
4,16,4,top8_C_D_remaining_gap,chi2_eta003,6,3,ordinary_shortage_positive,57,2,2,1,-7.09247608377144,-7.09247608377144,-7.09247608377144
4,16,4,top8_C_D_remaining_gap,chi2_eta003,6,4,tank_capacity,57,57,0,0,36.4131515644078,0.000440141810258865,59.7967875102435
4,16,4,top8_C_D_remaining_gap,chi2_eta003,6,4,electrolyzer_capacity,57,2,2,1,0,0,0
4,16,4,top8_C_D_remaining_gap,chi2_eta003,6,4,ordinary_shortage_positive,57,2,2,1,-10.3563358247871,-10.3563358247871,-10.3563358247871
4,16,4,top8_C_D_remaining_gap,chi2_eta003,6,0,htt_aggregate_capacity,57,2,0,0,103.27866830949,94.8820208572028,111.675315761777
4,16,4,top8_C_D_remaining_gap,chi2_eta003,7,1,tank_capacity,57,57,0,0,77.2283899978113,41.4437294840872,110.167699167948
4,16,4,top8_C_D_remaining_gap,chi2_eta003,7,1,electrolyzer_capacity,57,0,0,NaN,NaN,NaN,NaN
4,16,4,top8_C_D_remaining_gap,chi2_eta003,7,1,ordinary_shortage_positive,57,0,0,NaN,NaN,NaN,NaN
4,16,4,top8_C_D_remaining_gap,chi2_eta003,7,2,tank_capacity,57,57,0,0,97.5085248048218,59.570626559579,128.762491347395
4,16,4,top8_C_D_remaining_gap,chi2_eta003,7,2,electrolyzer_capacity,57,0,0,NaN,NaN,NaN,NaN
4,16,4,top8_C_D_remaining_gap,chi2_eta003,7,2,ordinary_shortage_positive,57,0,0,NaN,NaN,NaN,NaN
4,16,4,top8_C_D_remaining_gap,chi2_eta003,7,3,tank_capacity,57,57,0,0,65.0081955033819,47.296923141845,83.6347184722901
4,16,4,top8_C_D_remaining_gap,chi2_eta003,7,3,electrolyzer_capacity,57,0,0,NaN,NaN,NaN,NaN
4,16,4,top8_C_D_remaining_gap,chi2_eta003,7,3,ordinary_shortage_positive,57,0,0,NaN,NaN,NaN,NaN
4,16,4,top8_C_D_remaining_gap,chi2_eta003,7,4,tank_capacity,57,57,0,0,36.4131515644078,0.000440141810258865,59.7967875102435
4,16,4,top8_C_D_remaining_gap,chi2_eta003,7,4,electrolyzer_capacity,57,0,0,NaN,NaN,NaN,NaN
4,16,4,top8_C_D_remaining_gap,chi2_eta003,7,4,ordinary_shortage_positive,57,0,0,NaN,NaN,NaN,NaN
4,16,4,top8_C_D_remaining_gap,chi2_eta003,7,0,htt_aggregate_capacity,57,0,0,NaN,NaN,NaN,NaN
4,16,4,top8_C_D_remaining_gap,chi2_eta003,8,1,tank_capacity,57,57,0,0,77.2283899978113,41.4437294840872,110.167699167948
4,16,4,top8_C_D_remaining_gap,chi2_eta003,8,1,electrolyzer_capacity,57,0,0,NaN,NaN,NaN,NaN
4,16,4,top8_C_D_remaining_gap,chi2_eta003,8,1,ordinary_shortage_positive,57,0,0,NaN,NaN,NaN,NaN
4,16,4,top8_C_D_remaining_gap,chi2_eta003,8,2,tank_capacity,57,57,0,0,97.5085248048218,59.570626559579,128.762491347395
4,16,4,top8_C_D_remaining_gap,chi2_eta003,8,2,electrolyzer_capacity,57,0,0,NaN,NaN,NaN,NaN
4,16,4,top8_C_D_remaining_gap,chi2_eta003,8,2,ordinary_shortage_positive,57,0,0,NaN,NaN,NaN,NaN
4,16,4,top8_C_D_remaining_gap,chi2_eta003,8,3,tank_capacity,57,57,0,0,65.0081955033819,47.296923141845,83.6347184722901
4,16,4,top8_C_D_remaining_gap,chi2_eta003,8,3,electrolyzer_capacity,57,0,0,NaN,NaN,NaN,NaN
4,16,4,top8_C_D_remaining_gap,chi2_eta003,8,3,ordinary_shortage_positive,57,0,0,NaN,NaN,NaN,NaN
4,16,4,top8_C_D_remaining_gap,chi2_eta003,8,4,tank_capacity,57,57,0,0,36.4131515644078,0.000440141810258865,59.7967875102435
4,16,4,top8_C_D_remaining_gap,chi2_eta003,8,4,electrolyzer_capacity,57,0,0,NaN,NaN,NaN,NaN
4,16,4,top8_C_D_remaining_gap,chi2_eta003,8,4,ordinary_shortage_positive,57,0,0,NaN,NaN,NaN,NaN
4,16,4,top8_C_D_remaining_gap,chi2_eta003,8,0,htt_aggregate_capacity,57,0,0,NaN,NaN,NaN,NaN
5,16,2,top8_C_D_remaining_gap,chi2_eta003,1,1,tank_capacity,61,61,0,0,211.975618987629,211.975618987629,211.975618987629
5,16,2,top8_C_D_remaining_gap,chi2_eta003,1,1,electrolyzer_capacity,61,61,61,1,0,0,0
5,16,2,top8_C_D_remaining_gap,chi2_eta003,1,1,ordinary_shortage_positive,61,61,0,0,-0,-0,-0
5,16,2,top8_C_D_remaining_gap,chi2_eta003,1,2,tank_capacity,61,61,0,0,132.117949017897,132.117949017897,132.117949017897
5,16,2,top8_C_D_remaining_gap,chi2_eta003,1,2,electrolyzer_capacity,61,61,61,1,0,0,0
5,16,2,top8_C_D_remaining_gap,chi2_eta003,1,2,ordinary_shortage_positive,61,61,0,0,-0,-0,-0
5,16,2,top8_C_D_remaining_gap,chi2_eta003,1,3,tank_capacity,61,61,0,0,62.2836633343863,62.2836633343863,62.2836633343863
5,16,2,top8_C_D_remaining_gap,chi2_eta003,1,3,electrolyzer_capacity,61,61,61,1,0,0,0
5,16,2,top8_C_D_remaining_gap,chi2_eta003,1,3,ordinary_shortage_positive,61,61,0,0,-0,-0,-0
5,16,2,top8_C_D_remaining_gap,chi2_eta003,1,4,tank_capacity,61,61,0,0,102.294487987409,102.294487987409,102.294487987409
5,16,2,top8_C_D_remaining_gap,chi2_eta003,1,4,electrolyzer_capacity,61,61,61,1,0,0,0
5,16,2,top8_C_D_remaining_gap,chi2_eta003,1,4,ordinary_shortage_positive,61,61,0,0,-0,-0,-0
5,16,2,top8_C_D_remaining_gap,chi2_eta003,1,0,htt_aggregate_capacity,61,61,0,0,160,160,160
5,16,2,top8_C_D_remaining_gap,chi2_eta003,2,1,tank_capacity,61,61,0,0,173.916470250086,105.91068320319,196.965327856959
5,16,2,top8_C_D_remaining_gap,chi2_eta003,2,1,electrolyzer_capacity,61,61,61,1,0,0,0
5,16,2,top8_C_D_remaining_gap,chi2_eta003,2,1,ordinary_shortage_positive,61,61,23,0.377049180327869,-7.57480826220629,-20.0897088693297,-0
5,16,2,top8_C_D_remaining_gap,chi2_eta003,2,2,tank_capacity,61,61,0,0,123.545104506295,112.130134496196,148.152413780703
5,16,2,top8_C_D_remaining_gap,chi2_eta003,2,2,electrolyzer_capacity,61,61,61,1,0,0,0
5,16,2,top8_C_D_remaining_gap,chi2_eta003,2,2,ordinary_shortage_positive,61,61,23,0.377049180327869,-4.62060889929742,-12.2546583850932,-0
5,16,2,top8_C_D_remaining_gap,chi2_eta003,2,3,tank_capacity,61,61,0,0,65.8020015662651,55.3361394181578,98.2686222028143
5,16,2,top8_C_D_remaining_gap,chi2_eta003,2,3,electrolyzer_capacity,61,61,61,1,0,0,0
5,16,2,top8_C_D_remaining_gap,chi2_eta003,2,3,ordinary_shortage_positive,61,61,23,0.377049180327869,-2.67421229388103,-7.09247608377144,-0
5,16,2,top8_C_D_remaining_gap,chi2_eta003,2,4,tank_capacity,61,61,0,0,86.3368447783357,66.2500001406141,95.1008238121963
5,16,2,top8_C_D_remaining_gap,chi2_eta003,2,4,electrolyzer_capacity,61,61,61,1,0,0,0
5,16,2,top8_C_D_remaining_gap,chi2_eta003,2,4,ordinary_shortage_positive,61,61,23,0.377049180327869,-3.90484793393611,-10.3563358247871,-0
5,16,2,top8_C_D_remaining_gap,chi2_eta003,2,0,htt_aggregate_capacity,61,61,0,0,131.714282475003,49.5120049401947,157.028571428571
5,16,2,top8_C_D_remaining_gap,chi2_eta003,3,1,tank_capacity,61,61,0,0,122.037321525428,84.7141014947034,183.519017768942
5,16,2,top8_C_D_remaining_gap,chi2_eta003,3,1,electrolyzer_capacity,61,61,61,1,0,0,0
5,16,2,top8_C_D_remaining_gap,chi2_eta003,3,1,ordinary_shortage_positive,61,61,45,0.737704918032787,-15.9740335416274,-21.6536899119838,-0
5,16,2,top8_C_D_remaining_gap,chi2_eta003,3,2,tank_capacity,61,61,0,0,113.387546238714,97.5726074029901,138.389044954933
5,16,2,top8_C_D_remaining_gap,chi2_eta003,3,2,electrolyzer_capacity,61,61,61,1,0,0,0
5,16,2,top8_C_D_remaining_gap,chi2_eta003,3,2,ordinary_shortage_positive,61,61,45,0.737704918032787,-10.2408105080949,-13.8819875776397,-0
5,16,2,top8_C_D_remaining_gap,chi2_eta003,3,3,tank_capacity,61,61,0,0,72.5640075979785,49.7206847943536,83.7382972957291
5,16,2,top8_C_D_remaining_gap,chi2_eta003,3,3,electrolyzer_capacity,61,61,61,1,0,0,0
5,16,2,top8_C_D_remaining_gap,chi2_eta003,3,3,ordinary_shortage_positive,61,61,45,0.737704918032787,-6.21482855621002,-8.42454537619581,-0
5,16,2,top8_C_D_remaining_gap,chi2_eta003,3,4,tank_capacity,61,61,0,0,66.3511872782806,39.8350637938404,90.128609315412
5,16,2,top8_C_D_remaining_gap,chi2_eta003,3,4,electrolyzer_capacity,61,61,61,1,0,0,0
5,16,2,top8_C_D_remaining_gap,chi2_eta003,3,4,ordinary_shortage_positive,61,61,45,0.737704918032787,-9.27869422368373,-12.5777855032157,-0
5,16,2,top8_C_D_remaining_gap,chi2_eta003,3,0,htt_aggregate_capacity,61,61,0,0,108.848781252687,64.265109064315,153.52380952381
5,16,2,top8_C_D_remaining_gap,chi2_eta003,4,1,tank_capacity,61,61,0,0,84.4514421807483,63.1722952990636,125.521639765359
5,16,2,top8_C_D_remaining_gap,chi2_eta003,4,1,electrolyzer_capacity,61,53,53,1,0,0,0
5,16,2,top8_C_D_remaining_gap,chi2_eta003,4,1,ordinary_shortage_positive,61,53,50,0.943396226415094,-7.6758728171587,-8.13642518618822,-0
5,16,2,top8_C_D_remaining_gap,chi2_eta003,4,2,tank_capacity,61,61,0,0,102.635724219246,79.5485277898442,130.259471120755
5,16,2,top8_C_D_remaining_gap,chi2_eta003,4,2,electrolyzer_capacity,61,53,50,0.943396226415094,7.66021520822384,0,200
5,16,2,top8_C_D_remaining_gap,chi2_eta003,4,2,ordinary_shortage_positive,61,53,50,0.943396226415094,-3.80874252900504,-4.03726708074534,-0
5,16,2,top8_C_D_remaining_gap,chi2_eta003,4,3,tank_capacity,61,61,0,0,68.2980922595092,55.2683229014059,83.6347184722901
5,16,2,top8_C_D_remaining_gap,chi2_eta003,4,3,electrolyzer_capacity,61,53,50,0.943396226415094,3.9782393627464,0,120
5,16,2,top8_C_D_remaining_gap,chi2_eta003,4,3,ordinary_shortage_positive,61,53,50,0.943396226415094,-5.5633790220161,-5.89718176333707,-0
5,16,2,top8_C_D_remaining_gap,chi2_eta003,4,4,tank_capacity,61,61,0,0,42.9581828071339,12.3158807177622,76.7764191537572
5,16,2,top8_C_D_remaining_gap,chi2_eta003,4,4,electrolyzer_capacity,61,53,53,1,0,0,0
5,16,2,top8_C_D_remaining_gap,chi2_eta003,4,4,ordinary_shortage_positive,61,53,50,0.943396226415094,-3.96019796070303,-4.19780983834521,-0
5,16,2,top8_C_D_remaining_gap,chi2_eta003,4,0,htt_aggregate_capacity,61,53,0,0,103.491747499046,55.0776076258593,141.714285714286
5,16,2,top8_C_D_remaining_gap,chi2_eta003,5,1,tank_capacity,61,61,0,0,77.5975659452105,56.7265723546979,110.167699167948
5,16,2,top8_C_D_remaining_gap,chi2_eta003,5,1,electrolyzer_capacity,61,15,15,1,0,0,0
5,16,2,top8_C_D_remaining_gap,chi2_eta003,5,1,ordinary_shortage_positive,61,15,14,0.933333333333333,-4.77883096366509,-5.12017603249831,-0
5,16,2,top8_C_D_remaining_gap,chi2_eta003,5,2,tank_capacity,61,61,0,0,97.821572625602,75.4677315783311,128.762491347395
5,16,2,top8_C_D_remaining_gap,chi2_eta003,5,2,electrolyzer_capacity,61,15,15,1,0,0,0
5,16,2,top8_C_D_remaining_gap,chi2_eta003,5,2,ordinary_shortage_positive,61,15,14,0.933333333333333,-5.43768115942029,-5.82608695652174,-0
5,16,2,top8_C_D_remaining_gap,chi2_eta003,5,3,tank_capacity,61,61,0,0,65.0679364016257,52.947055747959,83.6347184722901
5,16,2,top8_C_D_remaining_gap,chi2_eta003,5,3,electrolyzer_capacity,61,15,15,1,0,0,0
5,16,2,top8_C_D_remaining_gap,chi2_eta003,5,3,ordinary_shortage_positive,61,15,14,0.933333333333333,-1.48007699158264,-1.58579677669568,-0
5,16,2,top8_C_D_remaining_gap,chi2_eta003,5,4,tank_capacity,61,61,2,0.0327868852459016,35.9555489302546,0,59.7967875102435
5,16,2,top8_C_D_remaining_gap,chi2_eta003,5,4,electrolyzer_capacity,61,15,15,1,0,0,0
5,16,2,top8_C_D_remaining_gap,chi2_eta003,5,4,ordinary_shortage_positive,61,15,14,0.933333333333333,-2.67686424474187,-2.86806883365201,-0
5,16,2,top8_C_D_remaining_gap,chi2_eta003,5,0,htt_aggregate_capacity,61,15,0,0,100.866867746362,86.0889270324961,142.417454796341
5,16,2,top8_C_D_remaining_gap,chi2_eta003,6,1,tank_capacity,61,61,0,0,76.988055303677,56.7265723546979,110.167699167948
5,16,2,top8_C_D_remaining_gap,chi2_eta003,6,1,electrolyzer_capacity,61,2,2,1,0,0,0
5,16,2,top8_C_D_remaining_gap,chi2_eta003,6,1,ordinary_shortage_positive,61,2,2,1,-20.0897088693297,-20.0897088693297,-20.0897088693297
5,16,2,top8_C_D_remaining_gap,chi2_eta003,6,2,tank_capacity,61,61,0,0,97.068786846109,74.8979918789195,128.762491347395
5,16,2,top8_C_D_remaining_gap,chi2_eta003,6,2,electrolyzer_capacity,61,2,2,1,0,0,0
5,16,2,top8_C_D_remaining_gap,chi2_eta003,6,2,ordinary_shortage_positive,61,2,2,1,-12.2546583850932,-12.2546583850932,-12.2546583850932
5,16,2,top8_C_D_remaining_gap,chi2_eta003,6,3,tank_capacity,61,61,0,0,64.7187698491951,52.947055747959,83.6347184722901
5,16,2,top8_C_D_remaining_gap,chi2_eta003,6,3,electrolyzer_capacity,61,2,2,1,0,0,0
5,16,2,top8_C_D_remaining_gap,chi2_eta003,6,3,ordinary_shortage_positive,61,2,2,1,-7.09247608377144,-7.09247608377144,-7.09247608377144
5,16,2,top8_C_D_remaining_gap,chi2_eta003,6,4,tank_capacity,61,61,2,0.0327868852459016,34.7132414119084,0,59.7967875102435
5,16,2,top8_C_D_remaining_gap,chi2_eta003,6,4,electrolyzer_capacity,61,2,2,1,0,0,0
5,16,2,top8_C_D_remaining_gap,chi2_eta003,6,4,ordinary_shortage_positive,61,2,2,1,-10.3563358247871,-10.3563358247871,-10.3563358247871
5,16,2,top8_C_D_remaining_gap,chi2_eta003,6,0,htt_aggregate_capacity,61,2,0,0,103.27866830949,94.8820208572028,111.675315761777
5,16,2,top8_C_D_remaining_gap,chi2_eta003,7,1,tank_capacity,61,61,0,0,76.988055303677,56.7265723546979,110.167699167948
5,16,2,top8_C_D_remaining_gap,chi2_eta003,7,1,electrolyzer_capacity,61,0,0,NaN,NaN,NaN,NaN
5,16,2,top8_C_D_remaining_gap,chi2_eta003,7,1,ordinary_shortage_positive,61,0,0,NaN,NaN,NaN,NaN
5,16,2,top8_C_D_remaining_gap,chi2_eta003,7,2,tank_capacity,61,61,0,0,97.068786846109,74.8979918789195,128.762491347395
5,16,2,top8_C_D_remaining_gap,chi2_eta003,7,2,electrolyzer_capacity,61,0,0,NaN,NaN,NaN,NaN
5,16,2,top8_C_D_remaining_gap,chi2_eta003,7,2,ordinary_shortage_positive,61,0,0,NaN,NaN,NaN,NaN
5,16,2,top8_C_D_remaining_gap,chi2_eta003,7,3,tank_capacity,61,61,0,0,64.7187698491951,52.947055747959,83.6347184722901
5,16,2,top8_C_D_remaining_gap,chi2_eta003,7,3,electrolyzer_capacity,61,0,0,NaN,NaN,NaN,NaN
5,16,2,top8_C_D_remaining_gap,chi2_eta003,7,3,ordinary_shortage_positive,61,0,0,NaN,NaN,NaN,NaN
5,16,2,top8_C_D_remaining_gap,chi2_eta003,7,4,tank_capacity,61,61,2,0.0327868852459016,34.7132414119084,0,59.7967875102435
5,16,2,top8_C_D_remaining_gap,chi2_eta003,7,4,electrolyzer_capacity,61,0,0,NaN,NaN,NaN,NaN
5,16,2,top8_C_D_remaining_gap,chi2_eta003,7,4,ordinary_shortage_positive,61,0,0,NaN,NaN,NaN,NaN
5,16,2,top8_C_D_remaining_gap,chi2_eta003,7,0,htt_aggregate_capacity,61,0,0,NaN,NaN,NaN,NaN
5,16,2,top8_C_D_remaining_gap,chi2_eta003,8,1,tank_capacity,61,61,0,0,76.988055303677,56.7265723546979,110.167699167948
5,16,2,top8_C_D_remaining_gap,chi2_eta003,8,1,electrolyzer_capacity,61,0,0,NaN,NaN,NaN,NaN
5,16,2,top8_C_D_remaining_gap,chi2_eta003,8,1,ordinary_shortage_positive,61,0,0,NaN,NaN,NaN,NaN
5,16,2,top8_C_D_remaining_gap,chi2_eta003,8,2,tank_capacity,61,61,0,0,97.068786846109,74.8979918789195,128.762491347395
5,16,2,top8_C_D_remaining_gap,chi2_eta003,8,2,electrolyzer_capacity,61,0,0,NaN,NaN,NaN,NaN
5,16,2,top8_C_D_remaining_gap,chi2_eta003,8,2,ordinary_shortage_positive,61,0,0,NaN,NaN,NaN,NaN
5,16,2,top8_C_D_remaining_gap,chi2_eta003,8,3,tank_capacity,61,61,0,0,64.7187698491951,52.947055747959,83.6347184722901
5,16,2,top8_C_D_remaining_gap,chi2_eta003,8,3,electrolyzer_capacity,61,0,0,NaN,NaN,NaN,NaN
5,16,2,top8_C_D_remaining_gap,chi2_eta003,8,3,ordinary_shortage_positive,61,0,0,NaN,NaN,NaN,NaN
5,16,2,top8_C_D_remaining_gap,chi2_eta003,8,4,tank_capacity,61,61,2,0.0327868852459016,34.7132414119084,0,59.7967875102435
5,16,2,top8_C_D_remaining_gap,chi2_eta003,8,4,electrolyzer_capacity,61,0,0,NaN,NaN,NaN,NaN
5,16,2,top8_C_D_remaining_gap,chi2_eta003,8,4,ordinary_shortage_positive,61,0,0,NaN,NaN,NaN,NaN
5,16,2,top8_C_D_remaining_gap,chi2_eta003,8,0,htt_aggregate_capacity,61,0,0,NaN,NaN,NaN,NaN
6,18,4,top8_C_D_remaining_gap,chi2_eta003,1,1,tank_capacity,47,47,0,0,211.975618987629,211.975618987629,211.975618987629
6,18,4,top8_C_D_remaining_gap,chi2_eta003,1,1,electrolyzer_capacity,47,47,47,1,0,0,0
6,18,4,top8_C_D_remaining_gap,chi2_eta003,1,1,ordinary_shortage_positive,47,47,0,0,-0,-0,-0
6,18,4,top8_C_D_remaining_gap,chi2_eta003,1,2,tank_capacity,47,47,0,0,132.117949017897,132.117949017897,132.117949017897
6,18,4,top8_C_D_remaining_gap,chi2_eta003,1,2,electrolyzer_capacity,47,47,47,1,0,0,0
6,18,4,top8_C_D_remaining_gap,chi2_eta003,1,2,ordinary_shortage_positive,47,47,0,0,-0,-0,-0
6,18,4,top8_C_D_remaining_gap,chi2_eta003,1,3,tank_capacity,47,47,0,0,62.2836633343863,62.2836633343863,62.2836633343863
6,18,4,top8_C_D_remaining_gap,chi2_eta003,1,3,electrolyzer_capacity,47,47,47,1,0,0,0
6,18,4,top8_C_D_remaining_gap,chi2_eta003,1,3,ordinary_shortage_positive,47,47,0,0,-0,-0,-0
6,18,4,top8_C_D_remaining_gap,chi2_eta003,1,4,tank_capacity,47,47,0,0,102.294487987409,102.294487987409,102.294487987409
6,18,4,top8_C_D_remaining_gap,chi2_eta003,1,4,electrolyzer_capacity,47,47,47,1,0,0,0
6,18,4,top8_C_D_remaining_gap,chi2_eta003,1,4,ordinary_shortage_positive,47,47,0,0,-0,-0,-0
6,18,4,top8_C_D_remaining_gap,chi2_eta003,1,0,htt_aggregate_capacity,47,47,0,0,160,160,160
6,18,4,top8_C_D_remaining_gap,chi2_eta003,2,1,tank_capacity,47,47,0,0,174.230123667559,105.91068320319,196.965327856959
6,18,4,top8_C_D_remaining_gap,chi2_eta003,2,1,electrolyzer_capacity,47,47,47,1,0,0,0
6,18,4,top8_C_D_remaining_gap,chi2_eta003,2,1,ordinary_shortage_positive,47,47,17,0.361702127659574,-7.26649044209798,-20.0897088693297,-0
6,18,4,top8_C_D_remaining_gap,chi2_eta003,2,2,tank_capacity,47,47,0,0,122.979106334207,112.130134496196,148.152413780703
6,18,4,top8_C_D_remaining_gap,chi2_eta003,2,2,electrolyzer_capacity,47,47,47,1,0,0,0
6,18,4,top8_C_D_remaining_gap,chi2_eta003,2,2,ordinary_shortage_positive,47,47,17,0.361702127659574,-4.43253601162944,-12.2546583850932,-0
6,18,4,top8_C_D_remaining_gap,chi2_eta003,2,3,tank_capacity,47,47,0,0,66.7808509517624,55.3361394181578,98.2686222028143
6,18,4,top8_C_D_remaining_gap,chi2_eta003,2,3,electrolyzer_capacity,47,47,47,1,0,0,0
6,18,4,top8_C_D_remaining_gap,chi2_eta003,2,3,ordinary_shortage_positive,47,47,17,0.361702127659574,-2.56536368987478,-7.09247608377144,-0
6,18,4,top8_C_D_remaining_gap,chi2_eta003,2,4,tank_capacity,47,47,0,0,86.3745186905899,66.2500001406141,95.1008238121963
6,18,4,top8_C_D_remaining_gap,chi2_eta003,2,4,electrolyzer_capacity,47,47,47,1,0,0,0
6,18,4,top8_C_D_remaining_gap,chi2_eta003,2,4,ordinary_shortage_positive,47,47,17,0.361702127659574,-3.74590870258256,-10.3563358247871,-0
6,18,4,top8_C_D_remaining_gap,chi2_eta003,2,0,htt_aggregate_capacity,47,47,0,0,132.120697331142,49.5120049401947,157.028571428571
6,18,4,top8_C_D_remaining_gap,chi2_eta003,3,1,tank_capacity,47,47,0,0,133.212797059382,89.2097036861282,183.519017768942
6,18,4,top8_C_D_remaining_gap,chi2_eta003,3,1,electrolyzer_capacity,47,47,47,1,0,0,0
6,18,4,top8_C_D_remaining_gap,chi2_eta003,3,1,ordinary_shortage_positive,47,47,28,0.595744680851064,-12.9000705858627,-21.6536899119838,-0
6,18,4,top8_C_D_remaining_gap,chi2_eta003,3,2,tank_capacity,47,47,0,0,112.221637557091,97.5726074029901,142.359504308919
6,18,4,top8_C_D_remaining_gap,chi2_eta003,3,2,electrolyzer_capacity,47,47,47,1,0,0,0
6,18,4,top8_C_D_remaining_gap,chi2_eta003,3,2,ordinary_shortage_positive,47,47,28,0.595744680851064,-8.27012025901942,-13.8819875776397,-0
6,18,4,top8_C_D_remaining_gap,chi2_eta003,3,3,tank_capacity,47,47,0,0,67.8347545861861,49.7206847943536,84.1208877445233
6,18,4,top8_C_D_remaining_gap,chi2_eta003,3,3,electrolyzer_capacity,47,47,47,1,0,0,0
6,18,4,top8_C_D_remaining_gap,chi2_eta003,3,3,ordinary_shortage_positive,47,47,28,0.595744680851064,-5.01887809645708,-8.42454537619581,-0
6,18,4,top8_C_D_remaining_gap,chi2_eta003,3,4,tank_capacity,47,47,0,0,69.861201058728,41.8084494215729,90.128609315412
6,18,4,top8_C_D_remaining_gap,chi2_eta003,3,4,electrolyzer_capacity,47,47,47,1,0,0,0
6,18,4,top8_C_D_remaining_gap,chi2_eta003,3,4,ordinary_shortage_positive,47,47,28,0.595744680851064,-7.49314881042638,-12.5777855032157,-0
6,18,4,top8_C_D_remaining_gap,chi2_eta003,3,0,htt_aggregate_capacity,47,47,0,0,120.077008470841,51.4239179538435,154.057142857143
6,18,4,top8_C_D_remaining_gap,chi2_eta003,4,1,tank_capacity,47,47,0,0,91.6414931961213,62.7431665008675,125.188240836065
6,18,4,top8_C_D_remaining_gap,chi2_eta003,4,1,electrolyzer_capacity,47,39,39,1,0,0,0
6,18,4,top8_C_D_remaining_gap,chi2_eta003,4,1,ordinary_shortage_positive,47,39,33,0.846153846153846,-6.88466746523618,-8.13642518618822,-0
6,18,4,top8_C_D_remaining_gap,chi2_eta003,4,2,tank_capacity,47,47,0,0,105.483245171307,73.7352512007454,142.359504308919
6,18,4,top8_C_D_remaining_gap,chi2_eta003,4,2,electrolyzer_capacity,47,39,33,0.846153846153846,17.5721440540617,0,200
6,18,4,top8_C_D_remaining_gap,chi2_eta003,4,2,ordinary_shortage_positive,47,39,32,0.82051282051282,-3.31262939958592,-4.03726708074534,-0
6,18,4,top8_C_D_remaining_gap,chi2_eta003,4,3,tank_capacity,47,47,0,0,69.533296983665,49.5559895531783,83.6347184722901
6,18,4,top8_C_D_remaining_gap,chi2_eta003,4,3,electrolyzer_capacity,47,39,34,0.871794871794872,10.5746982715302,0,120
6,18,4,top8_C_D_remaining_gap,chi2_eta003,4,3,ordinary_shortage_positive,47,39,32,0.82051282051282,-4.83871324171247,-5.89718176333707,-0
6,18,4,top8_C_D_remaining_gap,chi2_eta003,4,4,tank_capacity,47,47,0,0,47.503644135559,16.5413380208672,76.7764191537572
6,18,4,top8_C_D_remaining_gap,chi2_eta003,4,4,electrolyzer_capacity,47,39,39,1,0,0,0
6,18,4,top8_C_D_remaining_gap,chi2_eta003,4,4,ordinary_shortage_positive,47,39,33,0.846153846153846,-3.55199294013826,-4.19780983834521,-0
6,18,4,top8_C_D_remaining_gap,chi2_eta003,4,0,htt_aggregate_capacity,47,39,0,0,100.723450834866,64.3707953345047,138.517736628132
6,18,4,top8_C_D_remaining_gap,chi2_eta003,5,1,tank_capacity,47,47,0,0,80.8684218777435,57.5046028616586,110.167699167948
6,18,4,top8_C_D_remaining_gap,chi2_eta003,5,1,electrolyzer_capacity,47,16,16,1,0,0,0
6,18,4,top8_C_D_remaining_gap,chi2_eta003,5,1,ordinary_shortage_positive,47,16,15,0.9375,-4.80016503046716,-5.12017603249831,-0
6,18,4,top8_C_D_remaining_gap,chi2_eta003,5,2,tank_capacity,47,47,0,0,99.8946888425896,73.7352512007454,142.359504308919
6,18,4,top8_C_D_remaining_gap,chi2_eta003,5,2,electrolyzer_capacity,47,16,15,0.9375,3.62902563392808,0,58.0644101428492
6,18,4,top8_C_D_remaining_gap,chi2_eta003,5,2,ordinary_shortage_positive,47,16,15,0.9375,-5.46195652173913,-5.82608695652174,-0
6,18,4,top8_C_D_remaining_gap,chi2_eta003,5,3,tank_capacity,47,47,0,0,66.0018487200396,49.5559895531783,83.6347184722901
6,18,4,top8_C_D_remaining_gap,chi2_eta003,5,3,electrolyzer_capacity,47,16,15,0.9375,2.08649556358404,0,33.3839290173446
6,18,4,top8_C_D_remaining_gap,chi2_eta003,5,3,ordinary_shortage_positive,47,16,15,0.9375,-1.4866844781522,-1.58579677669568,-0
6,18,4,top8_C_D_remaining_gap,chi2_eta003,5,4,tank_capacity,47,47,0,0,37.2830941799204,7.51320203337335,59.2161518975576
6,18,4,top8_C_D_remaining_gap,chi2_eta003,5,4,electrolyzer_capacity,47,16,16,1,0,0,0
6,18,4,top8_C_D_remaining_gap,chi2_eta003,5,4,ordinary_shortage_positive,47,16,15,0.9375,-2.68881453154876,-2.86806883365201,-0
6,18,4,top8_C_D_remaining_gap,chi2_eta003,5,0,htt_aggregate_capacity,47,16,0,0,106.917152617247,81.7525974242077,142.780952380952
6,18,4,top8_C_D_remaining_gap,chi2_eta003,6,1,tank_capacity,47,47,0,0,79.7842479958513,57.5046028616586,110.167699167948
6,18,4,top8_C_D_remaining_gap,chi2_eta003,6,1,electrolyzer_capacity,47,2,2,1,0,0,0
6,18,4,top8_C_D_remaining_gap,chi2_eta003,6,1,ordinary_shortage_positive,47,2,2,1,-17.3248638742105,-20.0897088693297,-14.5600188790913
6,18,4,top8_C_D_remaining_gap,chi2_eta003,6,2,tank_capacity,47,47,0,0,99.365877355557,73.7352512007454,142.359504308919
6,18,4,top8_C_D_remaining_gap,chi2_eta003,6,2,electrolyzer_capacity,47,2,2,1,0,0,0
6,18,4,top8_C_D_remaining_gap,chi2_eta003,6,2,ordinary_shortage_positive,47,2,1,0.5,-6.12732919254658,-12.2546583850932,-0
6,18,4,top8_C_D_remaining_gap,chi2_eta003,6,3,tank_capacity,47,47,0,0,65.5814090108009,49.5559895531783,83.6347184722901
6,18,4,top8_C_D_remaining_gap,chi2_eta003,6,3,electrolyzer_capacity,47,2,2,1,0,0,0
6,18,4,top8_C_D_remaining_gap,chi2_eta003,6,3,ordinary_shortage_positive,47,2,1,0.5,-3.54623804188572,-7.09247608377144,-0
6,18,4,top8_C_D_remaining_gap,chi2_eta003,6,4,tank_capacity,47,47,0,0,36.012196374235,7.51320203337335,59.2161518975576
6,18,4,top8_C_D_remaining_gap,chi2_eta003,6,4,electrolyzer_capacity,47,2,2,1,0,0,0
6,18,4,top8_C_D_remaining_gap,chi2_eta003,6,4,ordinary_shortage_positive,47,2,2,1,-10.3563358247871,-10.3563358247871,-10.3563358247871
6,18,4,top8_C_D_remaining_gap,chi2_eta003,6,0,htt_aggregate_capacity,47,2,0,0,97.9725124375312,93.7144338677411,102.230591007321
6,18,4,top8_C_D_remaining_gap,chi2_eta003,7,1,tank_capacity,47,47,0,0,79.7842479958513,57.5046028616586,110.167699167948
6,18,4,top8_C_D_remaining_gap,chi2_eta003,7,1,electrolyzer_capacity,47,0,0,NaN,NaN,NaN,NaN
6,18,4,top8_C_D_remaining_gap,chi2_eta003,7,1,ordinary_shortage_positive,47,0,0,NaN,NaN,NaN,NaN
6,18,4,top8_C_D_remaining_gap,chi2_eta003,7,2,tank_capacity,47,47,0,0,99.365877355557,73.7352512007454,142.359504308919
6,18,4,top8_C_D_remaining_gap,chi2_eta003,7,2,electrolyzer_capacity,47,0,0,NaN,NaN,NaN,NaN
6,18,4,top8_C_D_remaining_gap,chi2_eta003,7,2,ordinary_shortage_positive,47,0,0,NaN,NaN,NaN,NaN
6,18,4,top8_C_D_remaining_gap,chi2_eta003,7,3,tank_capacity,47,47,0,0,65.5814090108009,49.5559895531783,83.6347184722901
6,18,4,top8_C_D_remaining_gap,chi2_eta003,7,3,electrolyzer_capacity,47,0,0,NaN,NaN,NaN,NaN
6,18,4,top8_C_D_remaining_gap,chi2_eta003,7,3,ordinary_shortage_positive,47,0,0,NaN,NaN,NaN,NaN
6,18,4,top8_C_D_remaining_gap,chi2_eta003,7,4,tank_capacity,47,47,0,0,36.012196374235,7.51320203337335,59.2161518975576
6,18,4,top8_C_D_remaining_gap,chi2_eta003,7,4,electrolyzer_capacity,47,0,0,NaN,NaN,NaN,NaN
6,18,4,top8_C_D_remaining_gap,chi2_eta003,7,4,ordinary_shortage_positive,47,0,0,NaN,NaN,NaN,NaN
6,18,4,top8_C_D_remaining_gap,chi2_eta003,7,0,htt_aggregate_capacity,47,0,0,NaN,NaN,NaN,NaN
6,18,4,top8_C_D_remaining_gap,chi2_eta003,8,1,tank_capacity,47,47,0,0,79.7842479958513,57.5046028616586,110.167699167948
6,18,4,top8_C_D_remaining_gap,chi2_eta003,8,1,electrolyzer_capacity,47,0,0,NaN,NaN,NaN,NaN
6,18,4,top8_C_D_remaining_gap,chi2_eta003,8,1,ordinary_shortage_positive,47,0,0,NaN,NaN,NaN,NaN
6,18,4,top8_C_D_remaining_gap,chi2_eta003,8,2,tank_capacity,47,47,0,0,99.365877355557,73.7352512007454,142.359504308919
6,18,4,top8_C_D_remaining_gap,chi2_eta003,8,2,electrolyzer_capacity,47,0,0,NaN,NaN,NaN,NaN
6,18,4,top8_C_D_remaining_gap,chi2_eta003,8,2,ordinary_shortage_positive,47,0,0,NaN,NaN,NaN,NaN
6,18,4,top8_C_D_remaining_gap,chi2_eta003,8,3,tank_capacity,47,47,0,0,65.5814090108009,49.5559895531783,83.6347184722901
6,18,4,top8_C_D_remaining_gap,chi2_eta003,8,3,electrolyzer_capacity,47,0,0,NaN,NaN,NaN,NaN
6,18,4,top8_C_D_remaining_gap,chi2_eta003,8,3,ordinary_shortage_positive,47,0,0,NaN,NaN,NaN,NaN
6,18,4,top8_C_D_remaining_gap,chi2_eta003,8,4,tank_capacity,47,47,0,0,36.012196374235,7.51320203337335,59.2161518975576
6,18,4,top8_C_D_remaining_gap,chi2_eta003,8,4,electrolyzer_capacity,47,0,0,NaN,NaN,NaN,NaN
6,18,4,top8_C_D_remaining_gap,chi2_eta003,8,4,ordinary_shortage_positive,47,0,0,NaN,NaN,NaN,NaN
6,18,4,top8_C_D_remaining_gap,chi2_eta003,8,0,htt_aggregate_capacity,47,0,0,NaN,NaN,NaN,NaN
7,9,4,top8_C_D_remaining_gap,chi2_eta003,1,1,tank_capacity,74,74,0,0,211.975618987629,211.975618987629,211.975618987629
7,9,4,top8_C_D_remaining_gap,chi2_eta003,1,1,electrolyzer_capacity,74,74,74,1,0,0,0
7,9,4,top8_C_D_remaining_gap,chi2_eta003,1,1,ordinary_shortage_positive,74,74,0,0,-0,-0,-0
7,9,4,top8_C_D_remaining_gap,chi2_eta003,1,2,tank_capacity,74,74,0,0,132.117949017897,132.117949017897,132.117949017897
7,9,4,top8_C_D_remaining_gap,chi2_eta003,1,2,electrolyzer_capacity,74,74,74,1,0,0,0
7,9,4,top8_C_D_remaining_gap,chi2_eta003,1,2,ordinary_shortage_positive,74,74,0,0,-0,-0,-0
7,9,4,top8_C_D_remaining_gap,chi2_eta003,1,3,tank_capacity,74,74,0,0,62.2836633343863,62.2836633343863,62.2836633343863
7,9,4,top8_C_D_remaining_gap,chi2_eta003,1,3,electrolyzer_capacity,74,74,74,1,0,0,0
7,9,4,top8_C_D_remaining_gap,chi2_eta003,1,3,ordinary_shortage_positive,74,74,0,0,-0,-0,-0
7,9,4,top8_C_D_remaining_gap,chi2_eta003,1,4,tank_capacity,74,74,0,0,102.294487987409,102.294487987409,102.294487987409
7,9,4,top8_C_D_remaining_gap,chi2_eta003,1,4,electrolyzer_capacity,74,74,74,1,0,0,0
7,9,4,top8_C_D_remaining_gap,chi2_eta003,1,4,ordinary_shortage_positive,74,74,0,0,-0,-0,-0
7,9,4,top8_C_D_remaining_gap,chi2_eta003,1,0,htt_aggregate_capacity,74,74,0,0,160,160,160
7,9,4,top8_C_D_remaining_gap,chi2_eta003,2,1,tank_capacity,74,74,0,0,187.32366322209,123.624181862363,196.965327856959
7,9,4,top8_C_D_remaining_gap,chi2_eta003,2,1,electrolyzer_capacity,74,74,74,1,0,0,0
7,9,4,top8_C_D_remaining_gap,chi2_eta003,2,1,ordinary_shortage_positive,74,74,8,0.108108108108108,-2.17186041830592,-20.0897088693297,-0
7,9,4,top8_C_D_remaining_gap,chi2_eta003,2,2,tank_capacity,74,74,0,0,121.776802438533,112.593514408957,141.48551435998
7,9,4,top8_C_D_remaining_gap,chi2_eta003,2,2,electrolyzer_capacity,74,74,74,1,0,0,0
7,9,4,top8_C_D_remaining_gap,chi2_eta003,2,2,ordinary_shortage_positive,74,74,8,0.108108108108108,-1.32482793352359,-12.2546583850932,-0
7,9,4,top8_C_D_remaining_gap,chi2_eta003,2,3,tank_capacity,74,74,0,0,61.268105327497,55.3361394181578,90.1594405040668
7,9,4,top8_C_D_remaining_gap,chi2_eta003,2,3,electrolyzer_capacity,74,74,74,1,0,0,0
7,9,4,top8_C_D_remaining_gap,chi2_eta003,2,3,ordinary_shortage_positive,74,74,8,0.108108108108108,-0.766754171218534,-7.09247608377144,-0
7,9,4,top8_C_D_remaining_gap,chi2_eta003,2,4,tank_capacity,74,74,0,0,92.623281106185,68.4650041087442,95.1008238121963
7,9,4,top8_C_D_remaining_gap,chi2_eta003,2,4,electrolyzer_capacity,74,74,74,1,0,0,0
7,9,4,top8_C_D_remaining_gap,chi2_eta003,2,4,ordinary_shortage_positive,74,74,8,0.108108108108108,-1.11960387294995,-10.3563358247871,-0
7,9,4,top8_C_D_remaining_gap,chi2_eta003,2,0,htt_aggregate_capacity,74,74,0,0,144.746516924636,72.1362928622389,157.028571428571
7,9,4,top8_C_D_remaining_gap,chi2_eta003,3,1,tank_capacity,74,74,0,0,141.981047520771,92.5980258597378,183.519017768942
7,9,4,top8_C_D_remaining_gap,chi2_eta003,3,1,electrolyzer_capacity,74,74,74,1,0,0,0
7,9,4,top8_C_D_remaining_gap,chi2_eta003,3,1,ordinary_shortage_positive,74,74,18,0.243243243243243,-5.26711376237443,-21.6536899119838,-0
7,9,4,top8_C_D_remaining_gap,chi2_eta003,3,2,tank_capacity,74,74,0,0,118.652260920346,107.930302362915,151.849757157406
7,9,4,top8_C_D_remaining_gap,chi2_eta003,3,2,electrolyzer_capacity,74,74,74,1,0,0,0
7,9,4,top8_C_D_remaining_gap,chi2_eta003,3,2,ordinary_shortage_positive,74,74,18,0.243243243243243,-3.37669968104751,-13.8819875776397,-0
7,9,4,top8_C_D_remaining_gap,chi2_eta003,3,3,tank_capacity,74,74,0,0,73.6003038474965,49.7206847943536,87.7412230139459
7,9,4,top8_C_D_remaining_gap,chi2_eta003,3,3,electrolyzer_capacity,74,74,74,1,0,0,0
7,9,4,top8_C_D_remaining_gap,chi2_eta003,3,3,ordinary_shortage_positive,74,74,18,0.243243243243243,-2.04921374015574,-8.42454537619581,-0
7,9,4,top8_C_D_remaining_gap,chi2_eta003,3,4,tank_capacity,74,74,0,0,81.4537596525295,48.0399519963887,90.128609315412
7,9,4,top8_C_D_remaining_gap,chi2_eta003,3,4,electrolyzer_capacity,74,74,74,1,0,0,0
7,9,4,top8_C_D_remaining_gap,chi2_eta003,3,4,ordinary_shortage_positive,74,74,18,0.243243243243243,-3.05946133862004,-12.5777855032157,-0
7,9,4,top8_C_D_remaining_gap,chi2_eta003,3,0,htt_aggregate_capacity,74,74,0,0,114.836861619862,66.7980951722232,153.52380952381
7,9,4,top8_C_D_remaining_gap,chi2_eta003,4,1,tank_capacity,74,74,0,0,113.09845804329,63.301240395219,160.514378362519
7,9,4,top8_C_D_remaining_gap,chi2_eta003,4,1,electrolyzer_capacity,74,48,48,1,0,0,0
7,9,4,top8_C_D_remaining_gap,chi2_eta003,4,1,ordinary_shortage_positive,74,48,12,0.25,-2.03410629654705,-8.13642518618822,-0
7,9,4,top8_C_D_remaining_gap,chi2_eta003,4,2,tank_capacity,74,74,0,0,116.415253184629,106.778377528172,151.849757157406
7,9,4,top8_C_D_remaining_gap,chi2_eta003,4,2,electrolyzer_capacity,74,48,25,0.520833333333333,50.5487041617412,0,200
7,9,4,top8_C_D_remaining_gap,chi2_eta003,4,2,ordinary_shortage_positive,74,48,12,0.25,-1.00931677018634,-4.03726708074534,-0
7,9,4,top8_C_D_remaining_gap,chi2_eta003,4,3,tank_capacity,74,74,0,0,77.0903793858977,69.9693744842287,85.7679303511442
7,9,4,top8_C_D_remaining_gap,chi2_eta003,4,3,electrolyzer_capacity,74,48,32,0.666666666666667,17.0160123266313,0,120
7,9,4,top8_C_D_remaining_gap,chi2_eta003,4,3,ordinary_shortage_positive,74,48,12,0.25,-1.47429544083427,-5.89718176333707,-0
7,9,4,top8_C_D_remaining_gap,chi2_eta003,4,4,tank_capacity,74,74,0,0,66.6075525039321,39.8720502049697,90.128609315412
7,9,4,top8_C_D_remaining_gap,chi2_eta003,4,4,electrolyzer_capacity,74,48,48,1,0,0,0
7,9,4,top8_C_D_remaining_gap,chi2_eta003,4,4,ordinary_shortage_positive,74,48,12,0.25,-1.0494524595863,-4.19780983834521,-0
7,9,4,top8_C_D_remaining_gap,chi2_eta003,4,0,htt_aggregate_capacity,74,48,0,0,115.680085292994,64.3707953345047,144.914285714286
7,9,4,top8_C_D_remaining_gap,chi2_eta003,5,1,tank_capacity,74,74,0,0,106.114710342619,63.301240395219,160.514378362519
7,9,4,top8_C_D_remaining_gap,chi2_eta003,5,1,electrolyzer_capacity,74,18,13,0.722222222222222,11.0394368947566,0,106.85634788166
7,9,4,top8_C_D_remaining_gap,chi2_eta003,5,1,ordinary_shortage_positive,74,18,1,0.0555555555555556,-0.284454224027684,-5.12017603249831,-0
7,9,4,top8_C_D_remaining_gap,chi2_eta003,5,2,tank_capacity,74,74,0,0,113.941402842658,94.1649631114274,151.849757157406
7,9,4,top8_C_D_remaining_gap,chi2_eta003,5,2,electrolyzer_capacity,74,18,7,0.388888888888889,53.4365136548886,0,150.156175484302
7,9,4,top8_C_D_remaining_gap,chi2_eta003,5,2,ordinary_shortage_positive,74,18,1,0.0555555555555556,-0.323671497584541,-5.82608695652174,-0
7,9,4,top8_C_D_remaining_gap,chi2_eta003,5,3,tank_capacity,74,74,0,0,75.6416560629377,63.3443806871712,85.7679303511442
7,9,4,top8_C_D_remaining_gap,chi2_eta003,5,3,electrolyzer_capacity,74,18,4,0.222222222222222,51.566667824644,0,106.528026259379
7,9,4,top8_C_D_remaining_gap,chi2_eta003,5,3,ordinary_shortage_positive,74,18,1,0.0555555555555556,-0.0880998209275379,-1.58579677669568,-0
7,9,4,top8_C_D_remaining_gap,chi2_eta003,5,4,tank_capacity,74,74,0,0,62.4443148761519,39.8720502049697,90.128609315412
7,9,4,top8_C_D_remaining_gap,chi2_eta003,5,4,electrolyzer_capacity,74,18,17,0.944444444444444,0.135182338193876,0,2.43328208748977
7,9,4,top8_C_D_remaining_gap,chi2_eta003,5,4,ordinary_shortage_positive,74,18,1,0.0555555555555556,-0.159337157425112,-2.86806883365201,-0
7,9,4,top8_C_D_remaining_gap,chi2_eta003,5,0,htt_aggregate_capacity,74,18,0,0,139.377977118514,106.137921467332,146.753622370363
7,9,4,top8_C_D_remaining_gap,chi2_eta003,6,1,tank_capacity,74,74,0,0,106.061710512941,63.301240395219,160.514378362519
7,9,4,top8_C_D_remaining_gap,chi2_eta003,6,1,electrolyzer_capacity,74,3,0,0,117.119333321417,104.761286213838,135.442087451798
7,9,4,top8_C_D_remaining_gap,chi2_eta003,6,1,ordinary_shortage_positive,74,3,0,0,-0,-0,-0
7,9,4,top8_C_D_remaining_gap,chi2_eta003,6,2,tank_capacity,74,74,0,0,114.508778241393,94.1649631114274,151.849757157406
7,9,4,top8_C_D_remaining_gap,chi2_eta003,6,2,electrolyzer_capacity,74,3,0,0,200,200,200
7,9,4,top8_C_D_remaining_gap,chi2_eta003,6,2,ordinary_shortage_positive,74,3,0,0,-0,-0,-0
7,9,4,top8_C_D_remaining_gap,chi2_eta003,6,3,tank_capacity,74,74,0,0,75.9233118992868,63.3443806871712,85.7679303511442
7,9,4,top8_C_D_remaining_gap,chi2_eta003,6,3,electrolyzer_capacity,74,3,0,0,120,120,120
7,9,4,top8_C_D_remaining_gap,chi2_eta003,6,3,ordinary_shortage_positive,74,3,0,0,-0,-0,-0
7,9,4,top8_C_D_remaining_gap,chi2_eta003,6,4,tank_capacity,74,74,0,0,62.3513544537374,39.8720502049697,90.128609315412
7,9,4,top8_C_D_remaining_gap,chi2_eta003,6,4,electrolyzer_capacity,74,3,0,0,55.5237300758245,37.0348261889534,65.7698765420864
7,9,4,top8_C_D_remaining_gap,chi2_eta003,6,4,ordinary_shortage_positive,74,3,0,0,-0,-0,-0
7,9,4,top8_C_D_remaining_gap,chi2_eta003,6,0,htt_aggregate_capacity,74,3,0,0,138.068922359147,132.355949153208,141.142857142857
7,9,4,top8_C_D_remaining_gap,chi2_eta003,7,1,tank_capacity,74,74,0,0,106.061710512941,63.301240395219,160.514378362519
7,9,4,top8_C_D_remaining_gap,chi2_eta003,7,1,electrolyzer_capacity,74,0,0,NaN,NaN,NaN,NaN
7,9,4,top8_C_D_remaining_gap,chi2_eta003,7,1,ordinary_shortage_positive,74,0,0,NaN,NaN,NaN,NaN
7,9,4,top8_C_D_remaining_gap,chi2_eta003,7,2,tank_capacity,74,74,0,0,114.508778241393,94.1649631114274,151.849757157406
7,9,4,top8_C_D_remaining_gap,chi2_eta003,7,2,electrolyzer_capacity,74,0,0,NaN,NaN,NaN,NaN
7,9,4,top8_C_D_remaining_gap,chi2_eta003,7,2,ordinary_shortage_positive,74,0,0,NaN,NaN,NaN,NaN
7,9,4,top8_C_D_remaining_gap,chi2_eta003,7,3,tank_capacity,74,74,0,0,75.9233118992868,63.3443806871712,85.7679303511442
7,9,4,top8_C_D_remaining_gap,chi2_eta003,7,3,electrolyzer_capacity,74,0,0,NaN,NaN,NaN,NaN
7,9,4,top8_C_D_remaining_gap,chi2_eta003,7,3,ordinary_shortage_positive,74,0,0,NaN,NaN,NaN,NaN
7,9,4,top8_C_D_remaining_gap,chi2_eta003,7,4,tank_capacity,74,74,0,0,62.3513544537374,39.8720502049697,90.128609315412
7,9,4,top8_C_D_remaining_gap,chi2_eta003,7,4,electrolyzer_capacity,74,0,0,NaN,NaN,NaN,NaN
7,9,4,top8_C_D_remaining_gap,chi2_eta003,7,4,ordinary_shortage_positive,74,0,0,NaN,NaN,NaN,NaN
7,9,4,top8_C_D_remaining_gap,chi2_eta003,7,0,htt_aggregate_capacity,74,0,0,NaN,NaN,NaN,NaN
7,9,4,top8_C_D_remaining_gap,chi2_eta003,8,1,tank_capacity,74,74,0,0,106.061710512941,63.301240395219,160.514378362519
7,9,4,top8_C_D_remaining_gap,chi2_eta003,8,1,electrolyzer_capacity,74,0,0,NaN,NaN,NaN,NaN
7,9,4,top8_C_D_remaining_gap,chi2_eta003,8,1,ordinary_shortage_positive,74,0,0,NaN,NaN,NaN,NaN
7,9,4,top8_C_D_remaining_gap,chi2_eta003,8,2,tank_capacity,74,74,0,0,114.508778241393,94.1649631114274,151.849757157406
7,9,4,top8_C_D_remaining_gap,chi2_eta003,8,2,electrolyzer_capacity,74,0,0,NaN,NaN,NaN,NaN
7,9,4,top8_C_D_remaining_gap,chi2_eta003,8,2,ordinary_shortage_positive,74,0,0,NaN,NaN,NaN,NaN
7,9,4,top8_C_D_remaining_gap,chi2_eta003,8,3,tank_capacity,74,74,0,0,75.9233118992868,63.3443806871712,85.7679303511442
7,9,4,top8_C_D_remaining_gap,chi2_eta003,8,3,electrolyzer_capacity,74,0,0,NaN,NaN,NaN,NaN
7,9,4,top8_C_D_remaining_gap,chi2_eta003,8,3,ordinary_shortage_positive,74,0,0,NaN,NaN,NaN,NaN
7,9,4,top8_C_D_remaining_gap,chi2_eta003,8,4,tank_capacity,74,74,0,0,62.3513544537374,39.8720502049697,90.128609315412
7,9,4,top8_C_D_remaining_gap,chi2_eta003,8,4,electrolyzer_capacity,74,0,0,NaN,NaN,NaN,NaN
7,9,4,top8_C_D_remaining_gap,chi2_eta003,8,4,ordinary_shortage_positive,74,0,0,NaN,NaN,NaN,NaN
7,9,4,top8_C_D_remaining_gap,chi2_eta003,8,0,htt_aggregate_capacity,74,0,0,NaN,NaN,NaN,NaN
8,18,1,top8_C_D_remaining_gap,chi2_eta003,1,1,tank_capacity,51,51,0,0,211.975618987629,211.975618987629,211.975618987629
8,18,1,top8_C_D_remaining_gap,chi2_eta003,1,1,electrolyzer_capacity,51,51,51,1,0,0,0
8,18,1,top8_C_D_remaining_gap,chi2_eta003,1,1,ordinary_shortage_positive,51,51,0,0,-0,-0,-0
8,18,1,top8_C_D_remaining_gap,chi2_eta003,1,2,tank_capacity,51,51,0,0,132.117949017897,132.117949017897,132.117949017897
8,18,1,top8_C_D_remaining_gap,chi2_eta003,1,2,electrolyzer_capacity,51,51,51,1,0,0,0
8,18,1,top8_C_D_remaining_gap,chi2_eta003,1,2,ordinary_shortage_positive,51,51,0,0,-0,-0,-0
8,18,1,top8_C_D_remaining_gap,chi2_eta003,1,3,tank_capacity,51,51,0,0,62.2836633343863,62.2836633343863,62.2836633343863
8,18,1,top8_C_D_remaining_gap,chi2_eta003,1,3,electrolyzer_capacity,51,51,51,1,0,0,0
8,18,1,top8_C_D_remaining_gap,chi2_eta003,1,3,ordinary_shortage_positive,51,51,0,0,-0,-0,-0
8,18,1,top8_C_D_remaining_gap,chi2_eta003,1,4,tank_capacity,51,51,0,0,102.294487987409,102.294487987409,102.294487987409
8,18,1,top8_C_D_remaining_gap,chi2_eta003,1,4,electrolyzer_capacity,51,51,51,1,0,0,0
8,18,1,top8_C_D_remaining_gap,chi2_eta003,1,4,ordinary_shortage_positive,51,51,0,0,-0,-0,-0
8,18,1,top8_C_D_remaining_gap,chi2_eta003,1,0,htt_aggregate_capacity,51,51,0,0,160,160,160
8,18,1,top8_C_D_remaining_gap,chi2_eta003,2,1,tank_capacity,51,51,0,0,173.170034779991,105.91068320319,196.965327856959
8,18,1,top8_C_D_remaining_gap,chi2_eta003,2,1,electrolyzer_capacity,51,51,51,1,0,0,0
8,18,1,top8_C_D_remaining_gap,chi2_eta003,2,1,ordinary_shortage_positive,51,51,20,0.392156862745098,-7.87831720365871,-20.0897088693297,-0
8,18,1,top8_C_D_remaining_gap,chi2_eta003,2,2,tank_capacity,51,51,0,0,123.004385765276,112.130134496196,148.152413780703
8,18,1,top8_C_D_remaining_gap,chi2_eta003,2,2,electrolyzer_capacity,51,51,51,1,0,0,0
8,18,1,top8_C_D_remaining_gap,chi2_eta003,2,2,ordinary_shortage_positive,51,51,20,0.392156862745098,-4.80574838631104,-12.2546583850932,-0
8,18,1,top8_C_D_remaining_gap,chi2_eta003,2,3,tank_capacity,51,51,0,0,67.1275166190145,55.3361394181578,98.2686222028143
8,18,1,top8_C_D_remaining_gap,chi2_eta003,2,3,electrolyzer_capacity,51,51,51,1,0,0,0
8,18,1,top8_C_D_remaining_gap,chi2_eta003,2,3,ordinary_shortage_positive,51,51,20,0.392156862745098,-2.78136317010645,-7.09247608377144,-0
8,18,1,top8_C_D_remaining_gap,chi2_eta003,2,4,tank_capacity,51,51,0,0,85.5462243993623,66.2500001406141,95.1008238121963
8,18,1,top8_C_D_remaining_gap,chi2_eta003,2,4,electrolyzer_capacity,51,51,51,1,0,0,0
8,18,1,top8_C_D_remaining_gap,chi2_eta003,2,4,ordinary_shortage_positive,51,51,20,0.392156862745098,-4.06130816658316,-10.3563358247871,-0
8,18,1,top8_C_D_remaining_gap,chi2_eta003,2,0,htt_aggregate_capacity,51,51,0,0,131.182076484549,49.5120049401947,157.028571428571
8,18,1,top8_C_D_remaining_gap,chi2_eta003,3,1,tank_capacity,51,51,0,0,131.488841093064,89.2097036861282,183.519017768942
8,18,1,top8_C_D_remaining_gap,chi2_eta003,3,1,electrolyzer_capacity,51,51,51,1,0,0,0
8,18,1,top8_C_D_remaining_gap,chi2_eta003,3,1,ordinary_shortage_positive,51,51,32,0.627450980392157,-13.586628964382,-21.6536899119838,-0
8,18,1,top8_C_D_remaining_gap,chi2_eta003,3,2,tank_capacity,51,51,0,0,111.763406080093,97.5726074029901,142.359504308919
8,18,1,top8_C_D_remaining_gap,chi2_eta003,3,2,electrolyzer_capacity,51,51,51,1,0,0,0
8,18,1,top8_C_D_remaining_gap,chi2_eta003,3,2,ordinary_shortage_positive,51,51,32,0.627450980392157,-8.7102667153818,-13.8819875776397,-0
8,18,1,top8_C_D_remaining_gap,chi2_eta003,3,3,tank_capacity,51,51,0,0,68.0180551061674,49.7206847943536,85.7679303511442
8,18,1,top8_C_D_remaining_gap,chi2_eta003,3,3,electrolyzer_capacity,51,51,51,1,0,0,0
8,18,1,top8_C_D_remaining_gap,chi2_eta003,3,3,ordinary_shortage_positive,51,51,32,0.627450980392157,-5.28598925565227,-8.42454537619581,-0
8,18,1,top8_C_D_remaining_gap,chi2_eta003,3,4,tank_capacity,51,51,0,0,68.5510388727827,41.8084494215729,90.128609315412
8,18,1,top8_C_D_remaining_gap,chi2_eta003,3,4,electrolyzer_capacity,51,51,51,1,0,0,0
8,18,1,top8_C_D_remaining_gap,chi2_eta003,3,4,ordinary_shortage_positive,51,51,32,0.627450980392157,-7.89194384515496,-12.5777855032157,-0
8,18,1,top8_C_D_remaining_gap,chi2_eta003,3,0,htt_aggregate_capacity,51,51,0,0,120.221616328639,51.4239179538435,154.057142857143
8,18,1,top8_C_D_remaining_gap,chi2_eta003,4,1,tank_capacity,51,51,0,0,90.6046788043137,62.7431665008675,125.188240836065
8,18,1,top8_C_D_remaining_gap,chi2_eta003,4,1,electrolyzer_capacity,51,43,43,1,0,0,0
8,18,1,top8_C_D_remaining_gap,chi2_eta003,4,1,ordinary_shortage_positive,51,43,36,0.837209302325581,-6.70201700677064,-8.13642518618822,-0
8,18,1,top8_C_D_remaining_gap,chi2_eta003,4,2,tank_capacity,51,51,0,0,104.056609785963,73.7352512007454,142.359504308919
8,18,1,top8_C_D_remaining_gap,chi2_eta003,4,2,electrolyzer_capacity,51,43,37,0.86046511627907,15.9375260025211,0,200
8,18,1,top8_C_D_remaining_gap,chi2_eta003,4,2,ordinary_shortage_positive,51,43,33,0.767441860465116,-3.09836775964177,-4.03726708074534,-0
8,18,1,top8_C_D_remaining_gap,chi2_eta003,4,3,tank_capacity,51,51,0,0,68.8290950663932,41.9322982749667,83.6347184722901
8,18,1,top8_C_D_remaining_gap,chi2_eta003,4,3,electrolyzer_capacity,51,43,38,0.883720930232558,9.59100540906227,0,120
8,18,1,top8_C_D_remaining_gap,chi2_eta003,4,3,ordinary_shortage_positive,51,43,33,0.767441860465116,-4.52574414395636,-5.89718176333707,-0
8,18,1,top8_C_D_remaining_gap,chi2_eta003,4,4,tank_capacity,51,51,0,0,46.7496548992773,16.5413380208672,76.7764191537572
8,18,1,top8_C_D_remaining_gap,chi2_eta003,4,4,electrolyzer_capacity,51,43,43,1,0,0,0
8,18,1,top8_C_D_remaining_gap,chi2_eta003,4,4,ordinary_shortage_positive,51,43,36,0.837209302325581,-3.36605435210418,-4.19780983834521,-0
8,18,1,top8_C_D_remaining_gap,chi2_eta003,4,0,htt_aggregate_capacity,51,43,0,0,103.699268666763,64.3707953345047,138.971428571429
8,18,1,top8_C_D_remaining_gap,chi2_eta003,5,1,tank_capacity,51,51,0,0,78.7641920189925,49.7090517945162,110.167699167948
8,18,1,top8_C_D_remaining_gap,chi2_eta003,5,1,electrolyzer_capacity,51,20,20,1,0,0,0
8,18,1,top8_C_D_remaining_gap,chi2_eta003,5,1,ordinary_shortage_positive,51,20,18,0.9,-4.60815842924848,-5.12017603249831,-0
8,18,1,top8_C_D_remaining_gap,chi2_eta003,5,2,tank_capacity,51,51,0,0,97.4843041197275,60.8991339560329,142.359504308919
8,18,1,top8_C_D_remaining_gap,chi2_eta003,5,2,electrolyzer_capacity,51,20,19,0.95,2.90322050714246,0,58.0644101428492
8,18,1,top8_C_D_remaining_gap,chi2_eta003,5,2,ordinary_shortage_positive,51,20,18,0.9,-5.13662516823236,-5.82608695652174,-0
8,18,1,top8_C_D_remaining_gap,chi2_eta003,5,3,tank_capacity,51,51,0,0,64.9154023562491,48.5469657112094,83.6347184722901
8,18,1,top8_C_D_remaining_gap,chi2_eta003,5,3,electrolyzer_capacity,51,20,19,0.95,1.66919645086723,0,33.3839290173446
8,18,1,top8_C_D_remaining_gap,chi2_eta003,5,3,ordinary_shortage_positive,51,20,17,0.85,-1.34792726019133,-1.58579677669568,-0
8,18,1,top8_C_D_remaining_gap,chi2_eta003,5,4,tank_capacity,51,51,2,0.0392156862745098,34.6334453847019,0,59.2161518975576
8,18,1,top8_C_D_remaining_gap,chi2_eta003,5,4,electrolyzer_capacity,51,20,20,1,0,0,0
8,18,1,top8_C_D_remaining_gap,chi2_eta003,5,4,ordinary_shortage_positive,51,20,18,0.9,-2.58126195028681,-2.86806883365201,-0
8,18,1,top8_C_D_remaining_gap,chi2_eta003,5,0,htt_aggregate_capacity,51,20,0,0,104.775856400237,81.7525974242077,142.780952380952
8,18,1,top8_C_D_remaining_gap,chi2_eta003,6,1,tank_capacity,51,51,0,0,77.7650513827389,49.7090517945162,110.167699167948
8,18,1,top8_C_D_remaining_gap,chi2_eta003,6,1,electrolyzer_capacity,51,2,2,1,0,0,0
8,18,1,top8_C_D_remaining_gap,chi2_eta003,6,1,ordinary_shortage_positive,51,2,2,1,-17.3248638742105,-20.0897088693297,-14.5600188790913
8,18,1,top8_C_D_remaining_gap,chi2_eta003,6,2,tank_capacity,51,51,0,0,96.9969680434425,60.8991339560329,142.359504308919
8,18,1,top8_C_D_remaining_gap,chi2_eta003,6,2,electrolyzer_capacity,51,2,2,1,0,0,0
8,18,1,top8_C_D_remaining_gap,chi2_eta003,6,2,ordinary_shortage_positive,51,2,1,0.5,-6.12732919254658,-12.2546583850932,-0
8,18,1,top8_C_D_remaining_gap,chi2_eta003,6,3,tank_capacity,51,51,0,0,64.5279383104801,48.5469657112094,83.6347184722901
8,18,1,top8_C_D_remaining_gap,chi2_eta003,6,3,electrolyzer_capacity,51,2,2,1,0,0,0
8,18,1,top8_C_D_remaining_gap,chi2_eta003,6,3,ordinary_shortage_positive,51,2,1,0.5,-3.54623804188572,-7.09247608377144,-0
8,18,1,top8_C_D_remaining_gap,chi2_eta003,6,4,tank_capacity,51,51,2,0.0392156862745098,33.462225838286,0,59.2161518975576
8,18,1,top8_C_D_remaining_gap,chi2_eta003,6,4,electrolyzer_capacity,51,2,2,1,0,0,0
8,18,1,top8_C_D_remaining_gap,chi2_eta003,6,4,ordinary_shortage_positive,51,2,2,1,-10.3563358247871,-10.3563358247871,-10.3563358247871
8,18,1,top8_C_D_remaining_gap,chi2_eta003,6,0,htt_aggregate_capacity,51,2,0,0,97.9725124375312,93.7144338677411,102.230591007321
8,18,1,top8_C_D_remaining_gap,chi2_eta003,7,1,tank_capacity,51,51,0,0,77.7650513827389,49.7090517945162,110.167699167948
8,18,1,top8_C_D_remaining_gap,chi2_eta003,7,1,electrolyzer_capacity,51,0,0,NaN,NaN,NaN,NaN
8,18,1,top8_C_D_remaining_gap,chi2_eta003,7,1,ordinary_shortage_positive,51,0,0,NaN,NaN,NaN,NaN
8,18,1,top8_C_D_remaining_gap,chi2_eta003,7,2,tank_capacity,51,51,0,0,96.9969680434425,60.8991339560329,142.359504308919
8,18,1,top8_C_D_remaining_gap,chi2_eta003,7,2,electrolyzer_capacity,51,0,0,NaN,NaN,NaN,NaN
8,18,1,top8_C_D_remaining_gap,chi2_eta003,7,2,ordinary_shortage_positive,51,0,0,NaN,NaN,NaN,NaN
8,18,1,top8_C_D_remaining_gap,chi2_eta003,7,3,tank_capacity,51,51,0,0,64.5279383104801,48.5469657112094,83.6347184722901
8,18,1,top8_C_D_remaining_gap,chi2_eta003,7,3,electrolyzer_capacity,51,0,0,NaN,NaN,NaN,NaN
8,18,1,top8_C_D_remaining_gap,chi2_eta003,7,3,ordinary_shortage_positive,51,0,0,NaN,NaN,NaN,NaN
8,18,1,top8_C_D_remaining_gap,chi2_eta003,7,4,tank_capacity,51,51,2,0.0392156862745098,33.462225838286,0,59.2161518975576
8,18,1,top8_C_D_remaining_gap,chi2_eta003,7,4,electrolyzer_capacity,51,0,0,NaN,NaN,NaN,NaN
8,18,1,top8_C_D_remaining_gap,chi2_eta003,7,4,ordinary_shortage_positive,51,0,0,NaN,NaN,NaN,NaN
8,18,1,top8_C_D_remaining_gap,chi2_eta003,7,0,htt_aggregate_capacity,51,0,0,NaN,NaN,NaN,NaN
8,18,1,top8_C_D_remaining_gap,chi2_eta003,8,1,tank_capacity,51,51,0,0,77.7650513827389,49.7090517945162,110.167699167948
8,18,1,top8_C_D_remaining_gap,chi2_eta003,8,1,electrolyzer_capacity,51,0,0,NaN,NaN,NaN,NaN
8,18,1,top8_C_D_remaining_gap,chi2_eta003,8,1,ordinary_shortage_positive,51,0,0,NaN,NaN,NaN,NaN
8,18,1,top8_C_D_remaining_gap,chi2_eta003,8,2,tank_capacity,51,51,0,0,96.9969680434425,60.8991339560329,142.359504308919
8,18,1,top8_C_D_remaining_gap,chi2_eta003,8,2,electrolyzer_capacity,51,0,0,NaN,NaN,NaN,NaN
8,18,1,top8_C_D_remaining_gap,chi2_eta003,8,2,ordinary_shortage_positive,51,0,0,NaN,NaN,NaN,NaN
8,18,1,top8_C_D_remaining_gap,chi2_eta003,8,3,tank_capacity,51,51,0,0,64.5279383104801,48.5469657112094,83.6347184722901
8,18,1,top8_C_D_remaining_gap,chi2_eta003,8,3,electrolyzer_capacity,51,0,0,NaN,NaN,NaN,NaN
8,18,1,top8_C_D_remaining_gap,chi2_eta003,8,3,ordinary_shortage_positive,51,0,0,NaN,NaN,NaN,NaN
8,18,1,top8_C_D_remaining_gap,chi2_eta003,8,4,tank_capacity,51,51,2,0.0392156862745098,33.462225838286,0,59.2161518975576
8,18,1,top8_C_D_remaining_gap,chi2_eta003,8,4,electrolyzer_capacity,51,0,0,NaN,NaN,NaN,NaN
8,18,1,top8_C_D_remaining_gap,chi2_eta003,8,4,ordinary_shortage_positive,51,0,0,NaN,NaN,NaN,NaN
8,18,1,top8_C_D_remaining_gap,chi2_eta003,8,0,htt_aggregate_capacity,51,0,0,NaN,NaN,NaN,NaN
9,19,4,priority_state19_largest_gap_site,chi2_eta003,1,1,tank_capacity,26,26,0,0,211.975618987629,211.975618987629,211.975618987629
9,19,4,priority_state19_largest_gap_site,chi2_eta003,1,1,electrolyzer_capacity,26,26,26,1,0,0,0
9,19,4,priority_state19_largest_gap_site,chi2_eta003,1,1,ordinary_shortage_positive,26,26,0,0,-0,-0,-0
9,19,4,priority_state19_largest_gap_site,chi2_eta003,1,2,tank_capacity,26,26,0,0,132.117949017897,132.117949017897,132.117949017897
9,19,4,priority_state19_largest_gap_site,chi2_eta003,1,2,electrolyzer_capacity,26,26,26,1,0,0,0
9,19,4,priority_state19_largest_gap_site,chi2_eta003,1,2,ordinary_shortage_positive,26,26,0,0,-0,-0,-0
9,19,4,priority_state19_largest_gap_site,chi2_eta003,1,3,tank_capacity,26,26,0,0,62.2836633343863,62.2836633343863,62.2836633343863
9,19,4,priority_state19_largest_gap_site,chi2_eta003,1,3,electrolyzer_capacity,26,26,26,1,0,0,0
9,19,4,priority_state19_largest_gap_site,chi2_eta003,1,3,ordinary_shortage_positive,26,26,0,0,-0,-0,-0
9,19,4,priority_state19_largest_gap_site,chi2_eta003,1,4,tank_capacity,26,26,0,0,102.294487987409,102.294487987409,102.294487987409
9,19,4,priority_state19_largest_gap_site,chi2_eta003,1,4,electrolyzer_capacity,26,26,26,1,0,0,0
9,19,4,priority_state19_largest_gap_site,chi2_eta003,1,4,ordinary_shortage_positive,26,26,0,0,-0,-0,-0
9,19,4,priority_state19_largest_gap_site,chi2_eta003,1,0,htt_aggregate_capacity,26,26,0,0,160,160,160
9,19,4,priority_state19_largest_gap_site,chi2_eta003,2,1,tank_capacity,26,26,0,0,183.223446089155,105.91068320319,196.965327856959
9,19,4,priority_state19_largest_gap_site,chi2_eta003,2,1,electrolyzer_capacity,26,26,26,1,0,0,0
9,19,4,priority_state19_largest_gap_site,chi2_eta003,2,1,ordinary_shortage_positive,26,26,5,0.192307692307692,-3.86340555179418,-20.0897088693297,-0
9,19,4,priority_state19_largest_gap_site,chi2_eta003,2,2,tank_capacity,26,26,0,0,122.640878943071,120.97260740299,148.152413780703
9,19,4,priority_state19_largest_gap_site,chi2_eta003,2,2,electrolyzer_capacity,26,26,26,1,0,0,0
9,19,4,priority_state19_largest_gap_site,chi2_eta003,2,2,ordinary_shortage_positive,26,26,5,0.192307692307692,-2.35666507405638,-12.2546583850932,-0
9,19,4,priority_state19_largest_gap_site,chi2_eta003,2,3,tank_capacity,26,26,0,0,62.8115481692384,55.3361394181578,98.2686222028143
9,19,4,priority_state19_largest_gap_site,chi2_eta003,2,3,electrolyzer_capacity,26,26,26,1,0,0,0
9,19,4,priority_state19_largest_gap_site,chi2_eta003,2,3,ordinary_shortage_positive,26,26,5,0.192307692307692,-1.36393770841758,-7.09247608377144,-0
9,19,4,priority_state19_largest_gap_site,chi2_eta003,2,4,tank_capacity,26,26,0,0,90.1234139113423,66.2500001406141,95.1008238121963
9,19,4,priority_state19_largest_gap_site,chi2_eta003,2,4,electrolyzer_capacity,26,26,26,1,0,0,0
9,19,4,priority_state19_largest_gap_site,chi2_eta003,2,4,ordinary_shortage_positive,26,26,5,0.192307692307692,-1.99160304322828,-10.3563358247871,-0
9,19,4,priority_state19_largest_gap_site,chi2_eta003,2,0,htt_aggregate_capacity,26,26,0,0,140.323995314643,49.5120049401947,157.028571428571
9,19,4,priority_state19_largest_gap_site,chi2_eta003,3,1,tank_capacity,26,26,0,0,129.741585583088,88.8460294804559,183.519017768942
9,19,4,priority_state19_largest_gap_site,chi2_eta003,3,1,electrolyzer_capacity,26,26,26,1,0,0,0
9,19,4,priority_state19_largest_gap_site,chi2_eta003,3,1,ordinary_shortage_positive,26,26,15,0.576923076923077,-12.4925134107599,-21.6536899119838,-0
9,19,4,priority_state19_largest_gap_site,chi2_eta003,3,2,tank_capacity,26,26,0,0,118.181883530939,106.974085278478,142.359504308919
9,19,4,priority_state19_largest_gap_site,chi2_eta003,3,2,electrolyzer_capacity,26,26,26,1,0,0,0
9,19,4,priority_state19_largest_gap_site,chi2_eta003,3,2,ordinary_shortage_positive,26,26,15,0.576923076923077,-8.00883898709985,-13.8819875776397,-0
9,19,4,priority_state19_largest_gap_site,chi2_eta003,3,3,tank_capacity,26,26,0,0,72.2042757622163,49.7206847943536,83.6347180348136
9,19,4,priority_state19_largest_gap_site,chi2_eta003,3,3,electrolyzer_capacity,26,26,26,1,0,0,0
9,19,4,priority_state19_largest_gap_site,chi2_eta003,3,3,ordinary_shortage_positive,26,26,15,0.576923076923077,-4.86031464011297,-8.42454537619581,-0
9,19,4,priority_state19_largest_gap_site,chi2_eta003,3,4,tank_capacity,26,26,0,0,72.5014688542317,41.8084494215729,90.128609315412
9,19,4,priority_state19_largest_gap_site,chi2_eta003,3,4,electrolyzer_capacity,26,26,26,1,0,0,0
9,19,4,priority_state19_largest_gap_site,chi2_eta003,3,4,ordinary_shortage_positive,26,26,15,0.576923076923077,-7.25641471339368,-12.5777855032157,-0
9,19,4,priority_state19_largest_gap_site,chi2_eta003,3,0,htt_aggregate_capacity,26,26,0,0,103.554401029056,57.9409442501355,154.057142857143
9,19,4,priority_state19_largest_gap_site,chi2_eta003,4,1,tank_capacity,26,26,0,0,93.4954057971278,64.385506577791,125.188240836065
9,19,4,priority_state19_largest_gap_site,chi2_eta003,4,1,electrolyzer_capacity,26,22,22,1,0,0,0
9,19,4,priority_state19_largest_gap_site,chi2_eta003,4,1,ordinary_shortage_positive,26,22,15,0.681818181818182,-5.54756262694651,-8.13642518618822,-0
9,19,4,priority_state19_largest_gap_site,chi2_eta003,4,2,tank_capacity,26,26,0,0,109.331726026565,86.5342476568574,130.259471120755
9,19,4,priority_state19_largest_gap_site,chi2_eta003,4,2,electrolyzer_capacity,26,22,15,0.681818181818182,52.3298840920667,0,200
9,19,4,priority_state19_largest_gap_site,chi2_eta003,4,2,ordinary_shortage_positive,26,22,15,0.681818181818182,-2.75268210050819,-4.03726708074534,-0
9,19,4,priority_state19_largest_gap_site,chi2_eta003,4,3,tank_capacity,26,26,0,0,73.3675982087941,55.3577669410146,84.0325336596287
9,19,4,priority_state19_largest_gap_site,chi2_eta003,4,3,electrolyzer_capacity,26,22,15,0.681818181818182,22.0619060802147,0,120
9,19,4,priority_state19_largest_gap_site,chi2_eta003,4,3,ordinary_shortage_positive,26,22,15,0.681818181818182,-4.02080574772982,-5.89718176333707,-0
9,19,4,priority_state19_largest_gap_site,chi2_eta003,4,4,tank_capacity,26,26,0,0,53.5646858127478,20.5199883283815,76.7764191537572
9,19,4,priority_state19_largest_gap_site,chi2_eta003,4,4,electrolyzer_capacity,26,22,22,1,0,0,0
9,19,4,priority_state19_largest_gap_site,chi2_eta003,4,4,ordinary_shortage_positive,26,22,15,0.681818181818182,-2.86214307159901,-4.19780983834521,-0
9,19,4,priority_state19_largest_gap_site,chi2_eta003,4,0,htt_aggregate_capacity,26,22,0,0,104.787690585263,64.2988477247165,141.714285714286
9,19,4,priority_state19_largest_gap_site,chi2_eta003,5,1,tank_capacity,26,26,0,0,80.6270397137684,64.385506577791,114.448082175172
9,19,4,priority_state19_largest_gap_site,chi2_eta003,5,1,electrolyzer_capacity,26,8,8,1,0,0,0
9,19,4,priority_state19_largest_gap_site,chi2_eta003,5,1,ordinary_shortage_positive,26,8,7,0.875,-4.48015402843602,-5.12017603249831,-0
9,19,4,priority_state19_largest_gap_site,chi2_eta003,5,2,tank_capacity,26,26,0,0,104.648675484019,86.5342476568574,127.146331269331
9,19,4,priority_state19_largest_gap_site,chi2_eta003,5,2,electrolyzer_capacity,26,8,8,1,0,0,0
9,19,4,priority_state19_largest_gap_site,chi2_eta003,5,2,ordinary_shortage_positive,26,8,7,0.875,-5.09782608695652,-5.82608695652174,-0
9,19,4,priority_state19_largest_gap_site,chi2_eta003,5,3,tank_capacity,26,26,0,0,72.1742419346539,55.3577669410146,83.6347180348038
9,19,4,priority_state19_largest_gap_site,chi2_eta003,5,3,electrolyzer_capacity,26,8,8,1,0,0,0
9,19,4,priority_state19_largest_gap_site,chi2_eta003,5,3,ordinary_shortage_positive,26,8,7,0.875,-1.38757217960872,-1.58579677669568,-0
9,19,4,priority_state19_largest_gap_site,chi2_eta003,5,4,tank_capacity,26,26,0,0,45.1817713512312,20.5199883283815,66.4186294761349
9,19,4,priority_state19_largest_gap_site,chi2_eta003,5,4,electrolyzer_capacity,26,8,8,1,0,0,0
9,19,4,priority_state19_largest_gap_site,chi2_eta003,5,4,ordinary_shortage_positive,26,8,7,0.875,-2.50956022944551,-2.86806883365201,-0
9,19,4,priority_state19_largest_gap_site,chi2_eta003,5,0,htt_aggregate_capacity,26,8,0,0,104.849480302777,92.736248839536,146.753622370363
9,19,4,priority_state19_largest_gap_site,chi2_eta003,6,1,tank_capacity,26,26,0,0,79.3990566950044,64.385506577791,114.448082175172
9,19,4,priority_state19_largest_gap_site,chi2_eta003,6,1,electrolyzer_capacity,26,2,2,1,0,0,0
9,19,4,priority_state19_largest_gap_site,chi2_eta003,6,1,ordinary_shortage_positive,26,2,1,0.5,-10.0448544346649,-20.0897088693297,-0
9,19,4,priority_state19_largest_gap_site,chi2_eta003,6,2,tank_capacity,26,26,0,0,103.734740537358,78.0813216013254,127.146331269331
9,19,4,priority_state19_largest_gap_site,chi2_eta003,6,2,electrolyzer_capacity,26,2,2,1,0,0,0
9,19,4,priority_state19_largest_gap_site,chi2_eta003,6,2,ordinary_shortage_positive,26,2,1,0.5,-6.12732919254658,-12.2546583850932,-0
9,19,4,priority_state19_largest_gap_site,chi2_eta003,6,3,tank_capacity,26,26,0,0,71.2656709859438,55.2683753545788,83.6347180348038
9,19,4,priority_state19_largest_gap_site,chi2_eta003,6,3,electrolyzer_capacity,26,2,2,1,0,0,0
9,19,4,priority_state19_largest_gap_site,chi2_eta003,6,3,ordinary_shortage_positive,26,2,2,1,-5.98184296337812,-7.09247608377144,-4.87120984298481
9,19,4,priority_state19_largest_gap_site,chi2_eta003,6,4,tank_capacity,26,26,0,0,42.9091558970887,15.8415033793293,66.4186294761349
9,19,4,priority_state19_largest_gap_site,chi2_eta003,6,4,electrolyzer_capacity,26,2,2,1,0,0,0
9,19,4,priority_state19_largest_gap_site,chi2_eta003,6,4,ordinary_shortage_positive,26,2,2,1,-6.74950936000388,-10.3563358247871,-3.14268289522069
9,19,4,priority_state19_largest_gap_site,chi2_eta003,6,0,htt_aggregate_capacity,26,2,0,0,100.820834129751,100.403895310377,101.237772949126
9,19,4,priority_state19_largest_gap_site,chi2_eta003,7,1,tank_capacity,26,26,0,0,79.3990566950044,64.385506577791,114.448082175172
9,19,4,priority_state19_largest_gap_site,chi2_eta003,7,1,electrolyzer_capacity,26,0,0,NaN,NaN,NaN,NaN
9,19,4,priority_state19_largest_gap_site,chi2_eta003,7,1,ordinary_shortage_positive,26,0,0,NaN,NaN,NaN,NaN
9,19,4,priority_state19_largest_gap_site,chi2_eta003,7,2,tank_capacity,26,26,0,0,103.734740537358,78.0813216013254,127.146331269331
9,19,4,priority_state19_largest_gap_site,chi2_eta003,7,2,electrolyzer_capacity,26,0,0,NaN,NaN,NaN,NaN
9,19,4,priority_state19_largest_gap_site,chi2_eta003,7,2,ordinary_shortage_positive,26,0,0,NaN,NaN,NaN,NaN
9,19,4,priority_state19_largest_gap_site,chi2_eta003,7,3,tank_capacity,26,26,0,0,71.2656709859438,55.2683753545788,83.6347180348038
9,19,4,priority_state19_largest_gap_site,chi2_eta003,7,3,electrolyzer_capacity,26,0,0,NaN,NaN,NaN,NaN
9,19,4,priority_state19_largest_gap_site,chi2_eta003,7,3,ordinary_shortage_positive,26,0,0,NaN,NaN,NaN,NaN
9,19,4,priority_state19_largest_gap_site,chi2_eta003,7,4,tank_capacity,26,26,0,0,42.9091558970887,15.8415033793293,66.4186294761349
9,19,4,priority_state19_largest_gap_site,chi2_eta003,7,4,electrolyzer_capacity,26,0,0,NaN,NaN,NaN,NaN
9,19,4,priority_state19_largest_gap_site,chi2_eta003,7,4,ordinary_shortage_positive,26,0,0,NaN,NaN,NaN,NaN
9,19,4,priority_state19_largest_gap_site,chi2_eta003,7,0,htt_aggregate_capacity,26,0,0,NaN,NaN,NaN,NaN
9,19,4,priority_state19_largest_gap_site,chi2_eta003,8,1,tank_capacity,26,26,0,0,79.3990566950044,64.385506577791,114.448082175172
9,19,4,priority_state19_largest_gap_site,chi2_eta003,8,1,electrolyzer_capacity,26,0,0,NaN,NaN,NaN,NaN
9,19,4,priority_state19_largest_gap_site,chi2_eta003,8,1,ordinary_shortage_positive,26,0,0,NaN,NaN,NaN,NaN
9,19,4,priority_state19_largest_gap_site,chi2_eta003,8,2,tank_capacity,26,26,0,0,103.734740537358,78.0813216013254,127.146331269331
9,19,4,priority_state19_largest_gap_site,chi2_eta003,8,2,electrolyzer_capacity,26,0,0,NaN,NaN,NaN,NaN
9,19,4,priority_state19_largest_gap_site,chi2_eta003,8,2,ordinary_shortage_positive,26,0,0,NaN,NaN,NaN,NaN
9,19,4,priority_state19_largest_gap_site,chi2_eta003,8,3,tank_capacity,26,26,0,0,71.2656709859438,55.2683753545788,83.6347180348038
9,19,4,priority_state19_largest_gap_site,chi2_eta003,8,3,electrolyzer_capacity,26,0,0,NaN,NaN,NaN,NaN
9,19,4,priority_state19_largest_gap_site,chi2_eta003,8,3,ordinary_shortage_positive,26,0,0,NaN,NaN,NaN,NaN
9,19,4,priority_state19_largest_gap_site,chi2_eta003,8,4,tank_capacity,26,26,0,0,42.9091558970887,15.8415033793293,66.4186294761349
9,19,4,priority_state19_largest_gap_site,chi2_eta003,8,4,electrolyzer_capacity,26,0,0,NaN,NaN,NaN,NaN
9,19,4,priority_state19_largest_gap_site,chi2_eta003,8,4,ordinary_shortage_positive,26,0,0,NaN,NaN,NaN,NaN
9,19,4,priority_state19_largest_gap_site,chi2_eta003,8,0,htt_aggregate_capacity,26,0,0,NaN,NaN,NaN,NaN
10,14,1,priority_state14_site1,chi2_eta003,1,1,tank_capacity,42,42,0,0,211.975618987629,211.975618987629,211.975618987629
10,14,1,priority_state14_site1,chi2_eta003,1,1,electrolyzer_capacity,42,42,42,1,0,0,0
10,14,1,priority_state14_site1,chi2_eta003,1,1,ordinary_shortage_positive,42,42,0,0,-0,-0,-0
10,14,1,priority_state14_site1,chi2_eta003,1,2,tank_capacity,42,42,0,0,132.117949017897,132.117949017897,132.117949017897
10,14,1,priority_state14_site1,chi2_eta003,1,2,electrolyzer_capacity,42,42,42,1,0,0,0
10,14,1,priority_state14_site1,chi2_eta003,1,2,ordinary_shortage_positive,42,42,0,0,-0,-0,-0
10,14,1,priority_state14_site1,chi2_eta003,1,3,tank_capacity,42,42,0,0,62.2836633343863,62.2836633343863,62.2836633343863
10,14,1,priority_state14_site1,chi2_eta003,1,3,electrolyzer_capacity,42,42,42,1,0,0,0
10,14,1,priority_state14_site1,chi2_eta003,1,3,ordinary_shortage_positive,42,42,0,0,-0,-0,-0
10,14,1,priority_state14_site1,chi2_eta003,1,4,tank_capacity,42,42,0,0,102.294487987409,102.294487987409,102.294487987409
10,14,1,priority_state14_site1,chi2_eta003,1,4,electrolyzer_capacity,42,42,42,1,0,0,0
10,14,1,priority_state14_site1,chi2_eta003,1,4,ordinary_shortage_positive,42,42,0,0,-0,-0,-0
10,14,1,priority_state14_site1,chi2_eta003,1,0,htt_aggregate_capacity,42,42,0,0,160,160,160
10,14,1,priority_state14_site1,chi2_eta003,2,1,tank_capacity,42,42,0,0,193.53385685116,162.980208894417,196.965327856959
10,14,1,priority_state14_site1,chi2_eta003,2,1,electrolyzer_capacity,42,42,42,1,0,0,0
10,14,1,priority_state14_site1,chi2_eta003,2,1,ordinary_shortage_positive,42,42,0,0,-0,-0,-0
10,14,1,priority_state14_site1,chi2_eta003,2,2,tank_capacity,42,42,0,0,121.099069371682,120.97260740299,126.284010088047
10,14,1,priority_state14_site1,chi2_eta003,2,2,electrolyzer_capacity,42,42,42,1,0,0,0
10,14,1,priority_state14_site1,chi2_eta003,2,2,ordinary_shortage_positive,42,42,0,0,-0,-0,-0
10,14,1,priority_state14_site1,chi2_eta003,2,3,tank_capacity,42,42,0,0,58.641148455264,55.3361394181578,85.3424692885213
10,14,1,priority_state14_site1,chi2_eta003,2,3,electrolyzer_capacity,42,42,42,1,0,0,0
10,14,1,priority_state14_site1,chi2_eta003,2,3,ordinary_shortage_positive,42,42,0,0,-0,-0,-0
10,14,1,priority_state14_site1,chi2_eta003,2,4,tank_capacity,42,42,0,0,95.1008238121963,95.1008238121963,95.1008238121963
10,14,1,priority_state14_site1,chi2_eta003,2,4,electrolyzer_capacity,42,42,42,1,0,0,0
10,14,1,priority_state14_site1,chi2_eta003,2,4,ordinary_shortage_positive,42,42,0,0,-0,-0,-0
10,14,1,priority_state14_site1,chi2_eta003,2,0,htt_aggregate_capacity,42,42,0,0,150.356284096243,115.500595323172,157.028571428571
10,14,1,priority_state14_site1,chi2_eta003,3,1,tank_capacity,42,42,0,0,137.450589139419,95.7069687379549,183.519017768942
10,14,1,priority_state14_site1,chi2_eta003,3,1,electrolyzer_capacity,42,42,42,1,0,0,0
10,14,1,priority_state14_site1,chi2_eta003,3,1,ordinary_shortage_positive,42,42,6,0.142857142857143,-3.09338427314054,-21.6536899119838,-0
10,14,1,priority_state14_site1,chi2_eta003,3,2,tank_capacity,42,42,0,0,126.09649381195,111.45459498063,160.723457659752
10,14,1,priority_state14_site1,chi2_eta003,3,2,electrolyzer_capacity,42,42,42,1,0,0,0
10,14,1,priority_state14_site1,chi2_eta003,3,2,ordinary_shortage_positive,42,42,6,0.142857142857143,-1.98314108251996,-13.8819875776397,-0
10,14,1,priority_state14_site1,chi2_eta003,3,3,tank_capacity,42,42,0,0,76.9757061971472,49.7206847943536,86.2927805981534
10,14,1,priority_state14_site1,chi2_eta003,3,3,electrolyzer_capacity,42,42,42,1,0,0,0
10,14,1,priority_state14_site1,chi2_eta003,3,3,ordinary_shortage_positive,42,42,6,0.142857142857143,-1.20350648231369,-8.42454537619581,-0
10,14,1,priority_state14_site1,chi2_eta003,3,4,tank_capacity,42,42,0,0,86.2232593723879,55.8741239717167,97.3582628335158
10,14,1,priority_state14_site1,chi2_eta003,3,4,electrolyzer_capacity,42,42,42,1,0,0,0
10,14,1,priority_state14_site1,chi2_eta003,3,4,ordinary_shortage_positive,42,42,6,0.142857142857143,-1.79682650045939,-12.5777855032157,-0
10,14,1,priority_state14_site1,chi2_eta003,3,0,htt_aggregate_capacity,42,42,0,0,101.243047889872,29.4018997323621,152.990476190476
10,14,1,priority_state14_site1,chi2_eta003,4,1,tank_capacity,42,42,0,0,115.241883510251,95.7069687379549,153.512687898579
10,14,1,priority_state14_site1,chi2_eta003,4,1,electrolyzer_capacity,42,21,21,1,0,0,0
10,14,1,priority_state14_site1,chi2_eta003,4,1,ordinary_shortage_positive,42,21,2,0.0952380952380952,-0.77489763677983,-8.13642518618822,-0
10,14,1,priority_state14_site1,chi2_eta003,4,2,tank_capacity,42,42,0,0,126.028440623706,113.505580024725,160.723457659752
10,14,1,priority_state14_site1,chi2_eta003,4,2,electrolyzer_capacity,42,21,8,0.380952380952381,94.4368142102151,0,200
10,14,1,priority_state14_site1,chi2_eta003,4,2,ordinary_shortage_positive,42,21,2,0.0952380952380952,-0.384501626737652,-4.03726708074534,-0
10,14,1,priority_state14_site1,chi2_eta003,4,3,tank_capacity,42,42,0,0,80.6565363454988,72.7252833885211,86.2927805981534
10,14,1,priority_state14_site1,chi2_eta003,4,3,electrolyzer_capacity,42,21,10,0.476190476190476,45.4681731875566,0,120
10,14,1,priority_state14_site1,chi2_eta003,4,3,ordinary_shortage_positive,42,21,2,0.0952380952380952,-0.561636358413054,-5.89718176333707,-0
10,14,1,priority_state14_site1,chi2_eta003,4,4,tank_capacity,42,42,0,0,78.032558220973,53.8832102526096,97.3582628335158
10,14,1,priority_state14_site1,chi2_eta003,4,4,electrolyzer_capacity,42,21,21,1,0,0,0
10,14,1,priority_state14_site1,chi2_eta003,4,4,ordinary_shortage_positive,42,21,2,0.0952380952380952,-0.399791413175735,-4.19780983834521,-0
10,14,1,priority_state14_site1,chi2_eta003,4,0,htt_aggregate_capacity,42,21,0,0,120.623898463476,81.025358940556,144.914285714286
10,14,1,priority_state14_site1,chi2_eta003,5,1,tank_capacity,42,42,0,0,115.241883510251,95.7069687379549,153.512687898579
10,14,1,priority_state14_site1,chi2_eta003,5,1,electrolyzer_capacity,42,0,0,NaN,NaN,NaN,NaN
10,14,1,priority_state14_site1,chi2_eta003,5,1,ordinary_shortage_positive,42,0,0,NaN,NaN,NaN,NaN
10,14,1,priority_state14_site1,chi2_eta003,5,2,tank_capacity,42,42,0,0,126.028440623706,113.505580024725,160.723457659752
10,14,1,priority_state14_site1,chi2_eta003,5,2,electrolyzer_capacity,42,0,0,NaN,NaN,NaN,NaN
10,14,1,priority_state14_site1,chi2_eta003,5,2,ordinary_shortage_positive,42,0,0,NaN,NaN,NaN,NaN
10,14,1,priority_state14_site1,chi2_eta003,5,3,tank_capacity,42,42,0,0,80.6565363454988,72.7252833885211,86.2927805981534
10,14,1,priority_state14_site1,chi2_eta003,5,3,electrolyzer_capacity,42,0,0,NaN,NaN,NaN,NaN
10,14,1,priority_state14_site1,chi2_eta003,5,3,ordinary_shortage_positive,42,0,0,NaN,NaN,NaN,NaN
10,14,1,priority_state14_site1,chi2_eta003,5,4,tank_capacity,42,42,0,0,78.032558220973,53.8832102526096,97.3582628335158
10,14,1,priority_state14_site1,chi2_eta003,5,4,electrolyzer_capacity,42,0,0,NaN,NaN,NaN,NaN
10,14,1,priority_state14_site1,chi2_eta003,5,4,ordinary_shortage_positive,42,0,0,NaN,NaN,NaN,NaN
10,14,1,priority_state14_site1,chi2_eta003,5,0,htt_aggregate_capacity,42,0,0,NaN,NaN,NaN,NaN
10,14,1,priority_state14_site1,chi2_eta003,6,1,tank_capacity,42,42,0,0,115.241883510251,95.7069687379549,153.512687898579
10,14,1,priority_state14_site1,chi2_eta003,6,1,electrolyzer_capacity,42,0,0,NaN,NaN,NaN,NaN
10,14,1,priority_state14_site1,chi2_eta003,6,1,ordinary_shortage_positive,42,0,0,NaN,NaN,NaN,NaN
10,14,1,priority_state14_site1,chi2_eta003,6,2,tank_capacity,42,42,0,0,126.028440623706,113.505580024725,160.723457659752
10,14,1,priority_state14_site1,chi2_eta003,6,2,electrolyzer_capacity,42,0,0,NaN,NaN,NaN,NaN
10,14,1,priority_state14_site1,chi2_eta003,6,2,ordinary_shortage_positive,42,0,0,NaN,NaN,NaN,NaN
10,14,1,priority_state14_site1,chi2_eta003,6,3,tank_capacity,42,42,0,0,80.6565363454988,72.7252833885211,86.2927805981534
10,14,1,priority_state14_site1,chi2_eta003,6,3,electrolyzer_capacity,42,0,0,NaN,NaN,NaN,NaN
10,14,1,priority_state14_site1,chi2_eta003,6,3,ordinary_shortage_positive,42,0,0,NaN,NaN,NaN,NaN
10,14,1,priority_state14_site1,chi2_eta003,6,4,tank_capacity,42,42,0,0,78.032558220973,53.8832102526096,97.3582628335158
10,14,1,priority_state14_site1,chi2_eta003,6,4,electrolyzer_capacity,42,0,0,NaN,NaN,NaN,NaN
10,14,1,priority_state14_site1,chi2_eta003,6,4,ordinary_shortage_positive,42,0,0,NaN,NaN,NaN,NaN
10,14,1,priority_state14_site1,chi2_eta003,6,0,htt_aggregate_capacity,42,0,0,NaN,NaN,NaN,NaN
10,14,1,priority_state14_site1,chi2_eta003,7,1,tank_capacity,42,42,0,0,115.241883510251,95.7069687379549,153.512687898579
10,14,1,priority_state14_site1,chi2_eta003,7,1,electrolyzer_capacity,42,0,0,NaN,NaN,NaN,NaN
10,14,1,priority_state14_site1,chi2_eta003,7,1,ordinary_shortage_positive,42,0,0,NaN,NaN,NaN,NaN
10,14,1,priority_state14_site1,chi2_eta003,7,2,tank_capacity,42,42,0,0,126.028440623706,113.505580024725,160.723457659752
10,14,1,priority_state14_site1,chi2_eta003,7,2,electrolyzer_capacity,42,0,0,NaN,NaN,NaN,NaN
10,14,1,priority_state14_site1,chi2_eta003,7,2,ordinary_shortage_positive,42,0,0,NaN,NaN,NaN,NaN
10,14,1,priority_state14_site1,chi2_eta003,7,3,tank_capacity,42,42,0,0,80.6565363454988,72.7252833885211,86.2927805981534
10,14,1,priority_state14_site1,chi2_eta003,7,3,electrolyzer_capacity,42,0,0,NaN,NaN,NaN,NaN
10,14,1,priority_state14_site1,chi2_eta003,7,3,ordinary_shortage_positive,42,0,0,NaN,NaN,NaN,NaN
10,14,1,priority_state14_site1,chi2_eta003,7,4,tank_capacity,42,42,0,0,78.032558220973,53.8832102526096,97.3582628335158
10,14,1,priority_state14_site1,chi2_eta003,7,4,electrolyzer_capacity,42,0,0,NaN,NaN,NaN,NaN
10,14,1,priority_state14_site1,chi2_eta003,7,4,ordinary_shortage_positive,42,0,0,NaN,NaN,NaN,NaN
10,14,1,priority_state14_site1,chi2_eta003,7,0,htt_aggregate_capacity,42,0,0,NaN,NaN,NaN,NaN
10,14,1,priority_state14_site1,chi2_eta003,8,1,tank_capacity,42,42,0,0,115.241883510251,95.7069687379549,153.512687898579
10,14,1,priority_state14_site1,chi2_eta003,8,1,electrolyzer_capacity,42,0,0,NaN,NaN,NaN,NaN
10,14,1,priority_state14_site1,chi2_eta003,8,1,ordinary_shortage_positive,42,0,0,NaN,NaN,NaN,NaN
10,14,1,priority_state14_site1,chi2_eta003,8,2,tank_capacity,42,42,0,0,126.028440623706,113.505580024725,160.723457659752
10,14,1,priority_state14_site1,chi2_eta003,8,2,electrolyzer_capacity,42,0,0,NaN,NaN,NaN,NaN
10,14,1,priority_state14_site1,chi2_eta003,8,2,ordinary_shortage_positive,42,0,0,NaN,NaN,NaN,NaN
10,14,1,priority_state14_site1,chi2_eta003,8,3,tank_capacity,42,42,0,0,80.6565363454988,72.7252833885211,86.2927805981534
10,14,1,priority_state14_site1,chi2_eta003,8,3,electrolyzer_capacity,42,0,0,NaN,NaN,NaN,NaN
10,14,1,priority_state14_site1,chi2_eta003,8,3,ordinary_shortage_positive,42,0,0,NaN,NaN,NaN,NaN
10,14,1,priority_state14_site1,chi2_eta003,8,4,tank_capacity,42,42,0,0,78.032558220973,53.8832102526096,97.3582628335158
10,14,1,priority_state14_site1,chi2_eta003,8,4,electrolyzer_capacity,42,0,0,NaN,NaN,NaN,NaN
10,14,1,priority_state14_site1,chi2_eta003,8,4,ordinary_shortage_positive,42,0,0,NaN,NaN,NaN,NaN
10,14,1,priority_state14_site1,chi2_eta003,8,0,htt_aggregate_capacity,42,0,0,NaN,NaN,NaN,NaN
11,13,2,priority_state13_largest_gap_site,chi2_eta003,1,1,tank_capacity,12,12,0,0,211.975618987629,211.975618987629,211.975618987629
11,13,2,priority_state13_largest_gap_site,chi2_eta003,1,1,electrolyzer_capacity,12,12,12,1,0,0,0
11,13,2,priority_state13_largest_gap_site,chi2_eta003,1,1,ordinary_shortage_positive,12,12,0,0,-0,-0,-0
11,13,2,priority_state13_largest_gap_site,chi2_eta003,1,2,tank_capacity,12,12,0,0,132.117949017897,132.117949017897,132.117949017897
11,13,2,priority_state13_largest_gap_site,chi2_eta003,1,2,electrolyzer_capacity,12,12,12,1,0,0,0
11,13,2,priority_state13_largest_gap_site,chi2_eta003,1,2,ordinary_shortage_positive,12,12,0,0,-0,-0,-0
11,13,2,priority_state13_largest_gap_site,chi2_eta003,1,3,tank_capacity,12,12,0,0,62.2836633343863,62.2836633343863,62.2836633343863
11,13,2,priority_state13_largest_gap_site,chi2_eta003,1,3,electrolyzer_capacity,12,12,12,1,0,0,0
11,13,2,priority_state13_largest_gap_site,chi2_eta003,1,3,ordinary_shortage_positive,12,12,0,0,-0,-0,-0
11,13,2,priority_state13_largest_gap_site,chi2_eta003,1,4,tank_capacity,12,12,0,0,102.294487987409,102.294487987409,102.294487987409
11,13,2,priority_state13_largest_gap_site,chi2_eta003,1,4,electrolyzer_capacity,12,12,12,1,0,0,0
11,13,2,priority_state13_largest_gap_site,chi2_eta003,1,4,ordinary_shortage_positive,12,12,0,0,-0,-0,-0
11,13,2,priority_state13_largest_gap_site,chi2_eta003,1,0,htt_aggregate_capacity,12,12,0,0,160,160,160
11,13,2,priority_state13_largest_gap_site,chi2_eta003,2,1,tank_capacity,12,12,0,0,167.275126630887,105.91068320319,196.965327856959
11,13,2,priority_state13_largest_gap_site,chi2_eta003,2,1,electrolyzer_capacity,12,12,12,1,0,0,0
11,13,2,priority_state13_largest_gap_site,chi2_eta003,2,1,ordinary_shortage_positive,12,12,1,0.0833333333333333,-1.67414240577748,-20.0897088693297,-0
11,13,2,priority_state13_largest_gap_site,chi2_eta003,2,2,tank_capacity,12,12,0,0,126.760526270189,120.97260740299,148.152413780703
11,13,2,priority_state13_largest_gap_site,chi2_eta003,2,2,electrolyzer_capacity,12,12,12,1,0,0,0
11,13,2,priority_state13_largest_gap_site,chi2_eta003,2,2,ordinary_shortage_positive,12,12,1,0.0833333333333333,-1.0212215320911,-12.2546583850932,-0
11,13,2,priority_state13_largest_gap_site,chi2_eta003,2,3,tank_capacity,12,12,0,0,77.4932254860808,55.3361394181578,98.2686222028143
11,13,2,priority_state13_largest_gap_site,chi2_eta003,2,3,electrolyzer_capacity,12,12,12,1,0,0,0
11,13,2,priority_state13_largest_gap_site,chi2_eta003,2,3,ordinary_shortage_positive,12,12,1,0.0833333333333333,-0.59103967364762,-7.09247608377144,-0
11,13,2,priority_state13_largest_gap_site,chi2_eta003,2,4,tank_capacity,12,12,0,0,92.6965885062311,66.2500001406141,95.1008238121963
11,13,2,priority_state13_largest_gap_site,chi2_eta003,2,4,electrolyzer_capacity,12,12,12,1,0,0,0
11,13,2,priority_state13_largest_gap_site,chi2_eta003,2,4,ordinary_shortage_positive,12,12,1,0.0833333333333333,-0.863027985398922,-10.3563358247871,-0
11,13,2,priority_state13_largest_gap_site,chi2_eta003,2,0,htt_aggregate_capacity,12,12,0,0,120.226860843267,49.5120049401947,157.028571428571
11,13,2,priority_state13_largest_gap_site,chi2_eta003,3,1,tank_capacity,12,12,0,0,128.699062405446,93.4821042364426,183.519017768942
11,13,2,priority_state13_largest_gap_site,chi2_eta003,3,1,electrolyzer_capacity,12,11,11,1,0,0,0
11,13,2,priority_state13_largest_gap_site,chi2_eta003,3,1,ordinary_shortage_positive,12,11,2,0.181818181818182,-3.93703452945159,-21.6536899119838,-0
11,13,2,priority_state13_largest_gap_site,chi2_eta003,3,2,tank_capacity,12,12,0,0,131.007073696999,111.45459498063,160.723457659752
11,13,2,priority_state13_largest_gap_site,chi2_eta003,3,2,electrolyzer_capacity,12,11,11,1,0,0,0
11,13,2,priority_state13_largest_gap_site,chi2_eta003,3,2,ordinary_shortage_positive,12,11,2,0.181818181818182,-2.52399774138905,-13.8819875776397,-0
11,13,2,priority_state13_largest_gap_site,chi2_eta003,3,3,tank_capacity,12,12,0,0,79.9730346814001,49.7206847943536,85.3424692885213
11,13,2,priority_state13_largest_gap_site,chi2_eta003,3,3,electrolyzer_capacity,12,11,11,1,0,0,0
11,13,2,priority_state13_largest_gap_site,chi2_eta003,3,3,ordinary_shortage_positive,12,11,2,0.181818181818182,-1.53173552294469,-8.42454537619581,-0
11,13,2,priority_state13_largest_gap_site,chi2_eta003,3,4,tank_capacity,12,12,0,0,84.3673023863182,47.9073975721503,95.1008238121963
11,13,2,priority_state13_largest_gap_site,chi2_eta003,3,4,electrolyzer_capacity,12,11,11,1,0,0,0
11,13,2,priority_state13_largest_gap_site,chi2_eta003,3,4,ordinary_shortage_positive,12,11,2,0.181818181818182,-2.28687009149377,-12.5777855032157,-0
11,13,2,priority_state13_largest_gap_site,chi2_eta003,3,0,htt_aggregate_capacity,12,11,0,0,108.455586888382,26.1413183730977,150.857142857143
11,13,2,priority_state13_largest_gap_site,chi2_eta003,4,1,tank_capacity,12,12,0,0,114.498937526189,93.4821042364426,166.958997986595
11,13,2,priority_state13_largest_gap_site,chi2_eta003,4,1,electrolyzer_capacity,12,5,5,1,-2.52248241849884e-08,-1.26124120924942e-07,0
11,13,2,priority_state13_largest_gap_site,chi2_eta003,4,1,ordinary_shortage_positive,12,5,0,0,-0,-0,-0
11,13,2,priority_state13_largest_gap_site,chi2_eta003,4,2,tank_capacity,12,12,0,0,131.404587026898,114.628357070167,160.723457659752
11,13,2,priority_state13_largest_gap_site,chi2_eta003,4,2,electrolyzer_capacity,12,5,1,0.2,146.959670343278,0,200
11,13,2,priority_state13_largest_gap_site,chi2_eta003,4,2,ordinary_shortage_positive,12,5,0,0,-0,-0,-0
11,13,2,priority_state13_largest_gap_site,chi2_eta003,4,3,tank_capacity,12,12,0,0,82.1737387531259,72.3649054589231,85.3424692885213
11,13,2,priority_state13_largest_gap_site,chi2_eta003,4,3,electrolyzer_capacity,12,5,1,0.2,48.1776157353808,0,77.8634203122763
11,13,2,priority_state13_largest_gap_site,chi2_eta003,4,3,ordinary_shortage_positive,12,5,0,0,-0,-0,-0
11,13,2,priority_state13_largest_gap_site,chi2_eta003,4,4,tank_capacity,12,12,0,0,77.2232708376466,47.9073975721503,95.1008238121963
11,13,2,priority_state13_largest_gap_site,chi2_eta003,4,4,electrolyzer_capacity,12,5,5,1,0,0,0
11,13,2,priority_state13_largest_gap_site,chi2_eta003,4,4,ordinary_shortage_positive,12,5,0,0,-0,-0,-0
11,13,2,priority_state13_largest_gap_site,chi2_eta003,4,0,htt_aggregate_capacity,12,5,0,0,128.80693370927,114.580630275579,143.847619047619
11,13,2,priority_state13_largest_gap_site,chi2_eta003,5,1,tank_capacity,12,12,0,0,114.498937526189,93.4821042364426,166.958997986595
11,13,2,priority_state13_largest_gap_site,chi2_eta003,5,1,electrolyzer_capacity,12,0,0,NaN,NaN,NaN,NaN
11,13,2,priority_state13_largest_gap_site,chi2_eta003,5,1,ordinary_shortage_positive,12,0,0,NaN,NaN,NaN,NaN
11,13,2,priority_state13_largest_gap_site,chi2_eta003,5,2,tank_capacity,12,12,0,0,131.404587026898,114.628357070167,160.723457659752
11,13,2,priority_state13_largest_gap_site,chi2_eta003,5,2,electrolyzer_capacity,12,0,0,NaN,NaN,NaN,NaN
11,13,2,priority_state13_largest_gap_site,chi2_eta003,5,2,ordinary_shortage_positive,12,0,0,NaN,NaN,NaN,NaN
11,13,2,priority_state13_largest_gap_site,chi2_eta003,5,3,tank_capacity,12,12,0,0,82.1737387531259,72.3649054589231,85.3424692885213
11,13,2,priority_state13_largest_gap_site,chi2_eta003,5,3,electrolyzer_capacity,12,0,0,NaN,NaN,NaN,NaN
11,13,2,priority_state13_largest_gap_site,chi2_eta003,5,3,ordinary_shortage_positive,12,0,0,NaN,NaN,NaN,NaN
11,13,2,priority_state13_largest_gap_site,chi2_eta003,5,4,tank_capacity,12,12,0,0,77.2232708376466,47.9073975721503,95.1008238121963
11,13,2,priority_state13_largest_gap_site,chi2_eta003,5,4,electrolyzer_capacity,12,0,0,NaN,NaN,NaN,NaN
11,13,2,priority_state13_largest_gap_site,chi2_eta003,5,4,ordinary_shortage_positive,12,0,0,NaN,NaN,NaN,NaN
11,13,2,priority_state13_largest_gap_site,chi2_eta003,5,0,htt_aggregate_capacity,12,0,0,NaN,NaN,NaN,NaN
11,13,2,priority_state13_largest_gap_site,chi2_eta003,6,1,tank_capacity,12,12,0,0,114.498937526189,93.4821042364426,166.958997986595
11,13,2,priority_state13_largest_gap_site,chi2_eta003,6,1,electrolyzer_capacity,12,0,0,NaN,NaN,NaN,NaN
11,13,2,priority_state13_largest_gap_site,chi2_eta003,6,1,ordinary_shortage_positive,12,0,0,NaN,NaN,NaN,NaN
11,13,2,priority_state13_largest_gap_site,chi2_eta003,6,2,tank_capacity,12,12,0,0,131.404587026898,114.628357070167,160.723457659752
11,13,2,priority_state13_largest_gap_site,chi2_eta003,6,2,electrolyzer_capacity,12,0,0,NaN,NaN,NaN,NaN
11,13,2,priority_state13_largest_gap_site,chi2_eta003,6,2,ordinary_shortage_positive,12,0,0,NaN,NaN,NaN,NaN
11,13,2,priority_state13_largest_gap_site,chi2_eta003,6,3,tank_capacity,12,12,0,0,82.1737387531259,72.3649054589231,85.3424692885213
11,13,2,priority_state13_largest_gap_site,chi2_eta003,6,3,electrolyzer_capacity,12,0,0,NaN,NaN,NaN,NaN
11,13,2,priority_state13_largest_gap_site,chi2_eta003,6,3,ordinary_shortage_positive,12,0,0,NaN,NaN,NaN,NaN
11,13,2,priority_state13_largest_gap_site,chi2_eta003,6,4,tank_capacity,12,12,0,0,77.2232708376466,47.9073975721503,95.1008238121963
11,13,2,priority_state13_largest_gap_site,chi2_eta003,6,4,electrolyzer_capacity,12,0,0,NaN,NaN,NaN,NaN
11,13,2,priority_state13_largest_gap_site,chi2_eta003,6,4,ordinary_shortage_positive,12,0,0,NaN,NaN,NaN,NaN
11,13,2,priority_state13_largest_gap_site,chi2_eta003,6,0,htt_aggregate_capacity,12,0,0,NaN,NaN,NaN,NaN
11,13,2,priority_state13_largest_gap_site,chi2_eta003,7,1,tank_capacity,12,12,0,0,114.498937526189,93.4821042364426,166.958997986595
11,13,2,priority_state13_largest_gap_site,chi2_eta003,7,1,electrolyzer_capacity,12,0,0,NaN,NaN,NaN,NaN
11,13,2,priority_state13_largest_gap_site,chi2_eta003,7,1,ordinary_shortage_positive,12,0,0,NaN,NaN,NaN,NaN
11,13,2,priority_state13_largest_gap_site,chi2_eta003,7,2,tank_capacity,12,12,0,0,131.404587026898,114.628357070167,160.723457659752
11,13,2,priority_state13_largest_gap_site,chi2_eta003,7,2,electrolyzer_capacity,12,0,0,NaN,NaN,NaN,NaN
11,13,2,priority_state13_largest_gap_site,chi2_eta003,7,2,ordinary_shortage_positive,12,0,0,NaN,NaN,NaN,NaN
11,13,2,priority_state13_largest_gap_site,chi2_eta003,7,3,tank_capacity,12,12,0,0,82.1737387531259,72.3649054589231,85.3424692885213
11,13,2,priority_state13_largest_gap_site,chi2_eta003,7,3,electrolyzer_capacity,12,0,0,NaN,NaN,NaN,NaN
11,13,2,priority_state13_largest_gap_site,chi2_eta003,7,3,ordinary_shortage_positive,12,0,0,NaN,NaN,NaN,NaN
11,13,2,priority_state13_largest_gap_site,chi2_eta003,7,4,tank_capacity,12,12,0,0,77.2232708376466,47.9073975721503,95.1008238121963
11,13,2,priority_state13_largest_gap_site,chi2_eta003,7,4,electrolyzer_capacity,12,0,0,NaN,NaN,NaN,NaN
11,13,2,priority_state13_largest_gap_site,chi2_eta003,7,4,ordinary_shortage_positive,12,0,0,NaN,NaN,NaN,NaN
11,13,2,priority_state13_largest_gap_site,chi2_eta003,7,0,htt_aggregate_capacity,12,0,0,NaN,NaN,NaN,NaN
11,13,2,priority_state13_largest_gap_site,chi2_eta003,8,1,tank_capacity,12,12,0,0,114.498937526189,93.4821042364426,166.958997986595
11,13,2,priority_state13_largest_gap_site,chi2_eta003,8,1,electrolyzer_capacity,12,0,0,NaN,NaN,NaN,NaN
11,13,2,priority_state13_largest_gap_site,chi2_eta003,8,1,ordinary_shortage_positive,12,0,0,NaN,NaN,NaN,NaN
11,13,2,priority_state13_largest_gap_site,chi2_eta003,8,2,tank_capacity,12,12,0,0,131.404587026898,114.628357070167,160.723457659752
11,13,2,priority_state13_largest_gap_site,chi2_eta003,8,2,electrolyzer_capacity,12,0,0,NaN,NaN,NaN,NaN
11,13,2,priority_state13_largest_gap_site,chi2_eta003,8,2,ordinary_shortage_positive,12,0,0,NaN,NaN,NaN,NaN
11,13,2,priority_state13_largest_gap_site,chi2_eta003,8,3,tank_capacity,12,12,0,0,82.1737387531259,72.3649054589231,85.3424692885213
11,13,2,priority_state13_largest_gap_site,chi2_eta003,8,3,electrolyzer_capacity,12,0,0,NaN,NaN,NaN,NaN
11,13,2,priority_state13_largest_gap_site,chi2_eta003,8,3,ordinary_shortage_positive,12,0,0,NaN,NaN,NaN,NaN
11,13,2,priority_state13_largest_gap_site,chi2_eta003,8,4,tank_capacity,12,12,0,0,77.2232708376466,47.9073975721503,95.1008238121963
11,13,2,priority_state13_largest_gap_site,chi2_eta003,8,4,electrolyzer_capacity,12,0,0,NaN,NaN,NaN,NaN
11,13,2,priority_state13_largest_gap_site,chi2_eta003,8,4,ordinary_shortage_positive,12,0,0,NaN,NaN,NaN,NaN
11,13,2,priority_state13_largest_gap_site,chi2_eta003,8,0,htt_aggregate_capacity,12,0,0,NaN,NaN,NaN,NaN
