profile_id,global_hour,occurrence_count,realized_pel1_kw,realized_pel2_kw,realized_pel3_kw,realized_pel4_kw,current_remaining_base_headroom_kw,candidate_nameplate_increment_kw,total_increment_needed_to_candidate_kw,solver_success,max_additional_hosting_kw,requested_additional_kw,hosting_ratio,full_hostable,min_voltage_pu,max_voltage_pu,voltage_margin_pu,critical_bus,max_true_s_mva,max_true_s_utilization,critical_branch_id,critical_branch_from,critical_branch_to,max_octagon_utilization,voltage_limited_flag,branch_limited_flag,substation_limited_flag,unclassified_limited_flag,root_grid_import_kw,root_reactive_import_kvar,pv_used_kw,max_p_balance_error_kw,max_q_balance_error_kvar,max_voltage_drop_error,slack_voltage_error,max_octagon_violation_kva,true_circle_violation_mva,max_additional_site4_hosting_kw,max_new_pel4_kw,plus_37p5_from_realized_hostable,S4_FULL_INCREMENT_HOSTABLE
1,1,10000,300,200,120,150,0,37.5,37.5,True,37.5,37.5,1,True,0.911529629612,1,0.0115296296119,18,4.12988724534,0.68831454089,1,1,2,0.703818310359,False,False,False,False,3716.50103,1800.9966,0,2.0605739337e-13,2.41584530158e-13,1.11022302463e-16,0,0,0,37.5,187.5,True,YES
2,2,10000,300,200,120,150,0,37.5,37.5,True,37.5,37.5,1,True,0.915515937765,1,0.0155159377646,18,3.93339839837,0.655566399728,1,1,2,0.669120361452,False,False,False,False,3548.5013,1696.986,0,2.98427949019e-13,8.881784197e-14,1.11022302463e-16,0,0,0,37.5,187.5,True,YES
3,3,10000,300,200,120,150,0,37.5,37.5,True,37.5,37.5,1,True,0.916817228837,1,0.0168172288367,18,3.86909530341,0.644849217235,1,1,2,0.657760776879,False,False,False,False,3493.500725,1662.9345,0,2.27373675443e-13,1.4921397451e-13,1.11022302463e-16,0,0,0,37.5,187.5,True,YES
4,4,10000,300,200,120,150,0,37.5,37.5,True,37.5,37.5,1,True,0.918140268862,1,0.0181402688616,18,3.80363727027,0.633939545045,1,1,2,0.646194793909,False,False,False,False,3437.500815,1628.2643,0,2.13162820728e-13,2.09610107049e-13,1.11022302463e-16,0,0,0,37.5,187.5,True,YES
5,5,10000,300,200,120,150,0,37.5,37.5,True,37.5,37.5,1,True,0.918942607567,1,0.0189426075673,18,3.76390210657,0.627317017762,1,1,2,0.63917264477,False,False,False,False,3403.501135,1607.2147,0,2.98427949019e-13,1.84741111298e-13,1.11022302463e-16,0,0,0,37.5,187.5,True,YES
6,6,10000,300,200,120,150,0,37.5,37.5,True,37.5,37.5,1,True,0.920780645829,1,0.0207806458285,18,3.6727647071,0.612127451184,1,1,2,0.623062827971,False,False,False,False,3325.500995,1558.9239,0,1.7763568394e-13,1.10134124043e-13,1.11022302463e-16,0,0,0,37.5,187.5,True,YES
7,7,10000,300,200,120,150,0,37.5,37.5,True,37.5,37.5,1,True,0.922097999101,1,0.0220979991009,18,3.60735175534,0.601225292557,1,1,2,0.611496845002,False,False,False,False,3269.501085,1524.2537,0,2.55795384874e-13,6.03961325396e-14,1.11022302463e-16,0,0,0,37.5,187.5,True,YES
8,8,10000,300,0,0,150,0,37.5,37.5,True,37.5,37.5,1,True,0.935040296279,1,0.0350402962792,33,3.51710903473,0.586184839122,1,1,2,0.605375227791,False,False,False,False,3117.500815,1628.2643,0,1.42108547152e-13,2.09610107049e-13,1.11022302463e-16,0,0,0,37.5,187.5,True,YES
9,9,6231,0,0,0,0,150,37.5,187.5,True,187.5,187.5,1,True,0.928703574058,1,0.0287035740578,33,3.65059407203,0.608432345339,1,1,2,0.637040730675,False,False,False,False,3151.525855,1842.4771,11.9752,1.27897692437e-13,1.27897692437e-13,1.11022302463e-16,0,0,0,187.5,187.5,True,YES
10,9,1820,0,0,0,150,0,37.5,37.5,True,37.5,37.5,1,True,0.928703574058,1,0.0287035740578,33,3.65059407203,0.608432345339,1,1,2,0.637040730675,False,False,False,False,3151.525855,1842.4771,11.9752,1.27897692437e-13,1.27897692437e-13,1.11022302463e-16,0,0,0,37.5,187.5,True,YES
11,9,86,156.244618703,0,0,150,0,37.5,37.5,True,37.5,37.5,1,True,0.928089092918,1,0.0280890929176,33,3.78629995784,0.631049992973,1,1,2,0.656971473,False,False,False,False,3307.7704737,1842.4771,11.9752,1.27897692437e-13,1.27897692437e-13,1.11022302463e-16,0,0,0,37.5,187.5,True,YES
12,9,196,161.268431356,0,0,150,0,37.5,37.5,True,37.5,37.5,1,True,0.928069328442,1,0.0280693284419,33,3.79068962693,0.631781604489,1,1,2,0.65761231629,False,False,False,False,3312.79428636,1842.4771,11.9752,1.27897692437e-13,1.27897692437e-13,1.11022302463e-16,0,0,0,37.5,187.5,True,YES
13,9,589,300,200,120,150,0,37.5,37.5,True,37.5,37.5,1,True,0.910376134915,1,0.0103761349146,18,4.19751463833,0.699585773054,1,1,2,0.716128640029,False,False,False,False,3771.525855,1842.4771,11.9752,1.98951966013e-13,1.27897692437e-13,1.11022302463e-16,0,0,0,37.5,187.5,True,YES
14,10,8333,0,0,0,0,150,37.5,187.5,True,187.5,187.5,1,True,0.929116358601,1,0.0291163586013,33,3.63109126518,0.605181877529,1,1,2,0.634156318085,False,False,False,False,3128.913855,1842.4771,34.5872,1.56319401867e-13,1.27897692437e-13,1.11022302463e-16,0,0,0,187.5,187.5,True,YES
15,10,589,300,200,120,150,0,37.5,37.5,True,37.5,37.5,1,True,0.911208561254,1,0.0112085612539,18,4.1772092306,0.696201538434,1,1,2,0.713244227439,False,False,False,False,3748.913855,1842.4771,34.5872,2.98427949019e-13,1.27897692437e-13,1.11022302463e-16,0,0,0,37.5,187.5,True,YES
16,11,8333,0,0,0,0,150,37.5,187.5,True,187.5,187.5,1,True,0.926349920801,1,0.0263499208009,33,3.78010519803,0.630017533006,1,1,2,0.661300910515,False,False,False,False,3244.51027,1939.6774,75.9904,3.41060513165e-13,1.06581410364e-13,1.11022302463e-16,0,0,0,187.5,187.5,True,YES
17,11,589,300,200,120,150,0,37.5,37.5,True,37.5,37.5,1,True,0.908994613221,1,0.00899461322104,18,4.32397826579,0.720663044298,1,1,2,0.740388819869,False,False,False,False,3864.51027,1939.6774,75.9904,2.13162820728e-13,1.06581410364e-13,1.11022302463e-16,0,0,0,37.5,187.5,True,YES
18,12,8333,0,0,0,0,150,37.5,187.5,True,187.5,187.5,1,True,0.924995049914,1,0.0249950499137,33,3.85742950478,0.642904917464,1,1,2,0.676326824964,False,False,False,False,3292.96369,2009.0178,139.5368,2.41584530158e-13,1.56319401867e-13,1.11022302463e-16,0,0,0,187.5,187.5,True,YES
19,12,589,300,200,120,150,0,37.5,37.5,True,37.5,37.5,1,True,0.90866776765,1,0.00866776765037,18,4.39857219561,0.733095365935,1,1,2,0.755414734318,False,False,False,False,3912.96369,2009.0178,139.5368,2.41584530158e-13,1.56319401867e-13,1.11022302463e-16,0,0,0,37.5,187.5,True,YES
20,13,8333,0,0,0,0,150,37.5,187.5,True,187.5,187.5,1,True,0.924398915944,1,0.0243989159441,33,3.89239787135,0.648732978558,1,1,2,0.683269277728,False,False,False,False,3312.718,2043.688,175.7824,2.27373675443e-13,1.7763568394e-13,1.11022302463e-16,0,0,0,187.5,187.5,True,YES
21,13,589,300,200,120,150,0,37.5,37.5,True,37.5,37.5,1,True,0.908669345026,1,0.00866934502622,18,4.43203469175,0.738672448625,1,1,2,0.762357187082,False,False,False,False,3932.718,2043.688,175.7824,2.27373675443e-13,1.7763568394e-13,1.11022302463e-16,0,0,0,37.5,187.5,True,YES
22,14,8333,0,0,0,0,150,37.5,187.5,True,187.5,187.5,1,True,0.923815761045,1,0.023815761045,33,3.93300026192,0.655500043654,1,1,2,0.692365433943,False,False,False,False,3321.496105,2106.2181,268.004,4.40536496171e-13,1.63424829225e-13,1.11022302463e-16,0,0,0,187.5,187.5,True,YES
23,14,589,300,200,120,150,0,37.5,37.5,True,37.5,37.5,1,True,0.909662404328,1,0.00966240432792,18,4.46895359458,0.744825599096,1,1,2,0.771453343297,False,False,False,False,3941.496105,2106.2181,268.004,1.63424829225e-13,1.63424829225e-13,1.11022302463e-16,0,0,0,37.5,187.5,True,YES
24,15,8333,0,0,0,0,150,37.5,187.5,True,187.5,187.5,1,True,0.926829715699,1,0.0268297156992,33,3.78011531497,0.630019219161,1,1,2,0.666343852833,False,False,False,False,3180.0332,2043.688,308.4672,2.98427949019e-13,1.7763568394e-13,1.11022302463e-16,0,0,0,187.5,187.5,True,YES
25,15,589,300,200,120,150,0,37.5,37.5,True,37.5,37.5,1,True,0.913552226656,1,0.0135522266557,18,4.31473208467,0.719122014111,1,1,2,0.745431762187,False,False,False,False,3800.0332,2043.688,308.4672,2.98427949019e-13,1.7763568394e-13,1.11022302463e-16,0,0,0,37.5,187.5,True,YES
26,16,8333,0,0,0,0,150,37.5,187.5,True,187.5,187.5,1,True,0.926051161147,1,0.0260511611468,33,3.81596747025,0.635994578375,1,1,2,0.67176969161,False,False,False,False,3222.5684,2043.688,265.932,2.98427949019e-13,1.7763568394e-13,1.11022302463e-16,0,0,0,187.5,187.5,True,YES
27,16,589,300,200,120,150,0,37.5,37.5,True,37.5,37.5,1,True,0.911989752435,1,0.0119897524348,18,4.35223994628,0.725373324381,1,1,2,0.750857600964,False,False,False,False,3842.5684,2043.688,265.932,2.27373675443e-13,1.7763568394e-13,1.11022302463e-16,0,0,0,37.5,187.5,True,YES
28,17,6787,0,0,0,0,150,37.5,187.5,True,187.5,187.5,1,True,0.925946052931,1,0.0259460529306,33,3.81616207051,0.636027011752,1,1,2,0.67080445174,False,False,False,False,3236.05112,2022.6384,218.4496,3.12638803734e-13,9.59232693276e-14,1.11022302463e-16,0,0,0,187.5,187.5,True,YES
29,17,1,0,0,50.6771881454,0,150,37.5,187.5,True,187.5,187.5,1,True,0.925211145275,1,0.0252111452755,33,3.85922907699,0.643204846166,1,1,2,0.67726889184,False,False,False,False,3286.72830815,2022.6384,218.4496,3.12638803734e-13,9.59232693276e-14,1.11022302463e-16,0,0,0,187.5,187.5,True,YES
30,17,3,0,0,81.3229116254,0,150,37.5,187.5,True,187.5,187.5,1,True,0.924766445436,1,0.0247664454363,33,3.88536183165,0.647560305275,1,1,2,0.68117809539,False,False,False,False,3317.37403163,2022.6384,218.4496,3.12638803734e-13,9.59232693276e-14,1.11022302463e-16,0,0,0,187.5,187.5,True,YES
31,17,9,116.919517905,0,0,0,150,37.5,187.5,True,187.5,187.5,1,True,0.925484898487,1,0.0254848984868,33,3.91579853872,0.652633089786,1,1,2,0.685718839214,False,False,False,False,3352.97063791,2022.6384,218.4496,3.12638803734e-13,9.59232693276e-14,1.11022302463e-16,0,0,0,187.5,187.5,True,YES
32,17,35,116.919517905,0,0,0,150,37.5,187.5,True,187.5,187.5,1,True,0.925484898487,1,0.0254848984868,33,3.91579853872,0.652633089786,1,1,2,0.685718839214,False,False,False,False,3352.97063791,2022.6384,218.4496,4.12114786741e-13,9.59232693276e-14,1.11022302463e-16,0,0,0,187.5,187.5,True,YES
33,17,5,298.909307546,0,0,0,150,37.5,187.5,True,187.5,187.5,1,True,0.924766636055,1,0.0247666360548,33,4.07271547269,0.678785912115,1,1,2,0.708933664998,False,False,False,False,3534.96042755,2022.6384,218.4496,4.97379915032e-13,9.59232693276e-14,1.11022302463e-16,0,0,0,187.5,187.5,True,YES
34,17,87,300,0,0,0,150,37.5,187.5,True,187.5,187.5,1,True,0.924762329717,1,0.0247623297172,33,4.07366218781,0.678943697969,1,1,2,0.709072794976,False,False,False,False,3536.05112,2022.6384,218.4496,3.12638803734e-13,9.59232693276e-14,1.11022302463e-16,0,0,0,187.5,187.5,True,YES
35,17,3,300,0,0,150,0,37.5,37.5,True,37.5,37.5,1,True,0.924762329717,1,0.0247623297172,33,4.07366218781,0.678943697969,1,1,2,0.709072794976,False,False,False,False,3536.05112,2022.6384,218.4496,3.12638803734e-13,9.59232693276e-14,1.11022302463e-16,0,0,0,37.5,187.5,True,YES
36,17,14,300,200,0,150,0,37.5,37.5,True,37.5,37.5,1,True,0.920095012103,1,0.0200950121034,18,4.24842842336,0.708071403893,1,1,2,0.7345850238,False,False,False,False,3736.05112,2022.6384,218.4496,3.12638803734e-13,9.59232693276e-14,1.11022302463e-16,0,0,0,37.5,187.5,True,YES
37,17,961,300,200,120,150,0,37.5,37.5,True,37.5,37.5,1,True,0.91105167545,1,0.0110516754495,18,4.35433075652,0.725721792754,1,1,2,0.749892361094,False,False,False,False,3856.05112,2022.6384,218.4496,3.12638803734e-13,9.59232693276e-14,1.11022302463e-16,0,0,0,37.5,187.5,True,YES
38,18,6927,0,0,0,0,150,37.5,187.5,True,187.5,187.5,1,True,0.927557827398,1,0.0275578273983,33,3.72358602307,0.620597670512,1,1,2,0.652878201242,False,False,False,False,3178.48147,1939.6774,142.0192,3.41060513165e-13,1.06581410364e-13,1.11022302463e-16,0,0,0,187.5,187.5,True,YES
39,18,3,300,0,0,150,0,37.5,37.5,True,37.5,37.5,1,True,0.926376163712,1,0.0263761637123,33,3.98273546111,0.663789243519,1,1,2,0.691146544478,False,False,False,False,3478.48147,1939.6774,142.0192,3.41060513165e-13,1.06581410364e-13,1.11022302463e-16,0,0,0,37.5,187.5,True,YES
40,18,1,300,0,120,150,0,37.5,37.5,True,37.5,37.5,1,True,0.921909523796,1,0.0219095237957,18,4.08796004212,0.681326673687,1,1,2,0.706453881772,False,False,False,False,3598.48147,1939.6774,142.0192,2.13162820728e-13,1.06581410364e-13,1.11022302463e-16,0,0,0,37.5,187.5,True,YES
41,18,69,300,200,0,150,0,37.5,37.5,True,37.5,37.5,1,True,0.920466566085,1,0.0204665660855,18,4.15855435713,0.693092392855,1,1,2,0.716658773302,False,False,False,False,3678.48147,1939.6774,142.0192,2.13162820728e-13,1.06581410364e-13,1.11022302463e-16,0,0,0,37.5,187.5,True,YES
42,18,905,300,200,120,150,0,37.5,37.5,True,37.5,37.5,1,True,0.911426916062,1,0.0114269160624,18,4.2650685685,0.710844761417,1,1,2,0.731966110596,False,False,False,False,3798.48147,1939.6774,142.0192,2.13162820728e-13,1.06581410364e-13,1.11022302463e-16,0,0,0,37.5,187.5,True,YES
43,19,6927,0,0,0,0,150,37.5,187.5,True,187.5,187.5,1,True,0.923975874081,1,0.023975874081,33,3.90084204105,0.650140340176,1,1,2,0.681717191539,False,False,False,False,3356.27041,1987.9682,42.2304,1.98951966013e-13,9.23705556488e-14,1.11022302463e-16,0,0,0,187.5,187.5,True,YES
44,19,1,0,0,84.6084429378,0,150,37.5,187.5,True,187.5,187.5,1,True,0.920281821148,1,0.0202818211484,18,3.97387277663,0.662312129438,1,1,2,0.692509941322,False,False,False,False,3440.87885294,1987.9682,42.2304,2.55795384874e-13,9.23705556488e-14,1.11022302463e-16,0,0,0,187.5,187.5,True,YES
45,19,8,0,0,120,150,0,37.5,37.5,True,37.5,37.5,1,True,0.917624482581,1,0.0176244825806,18,4.00455659564,0.667426099273,1,1,2,0.697024528833,False,False,False,False,3476.27041,1987.9682,42.2304,1.98951966013e-13,9.23705556488e-14,1.11022302463e-16,0,0,0,37.5,187.5,True,YES
46,19,1,0,200,120,150,0,37.5,37.5,True,37.5,37.5,1,True,0.907092357089,1,0.00709235708886,18,4.17935182674,0.69655863779,1,1,2,0.722536757657,False,False,False,False,3676.27041,1987.9682,42.2304,2.55795384874e-13,9.23705556488e-14,1.11022302463e-16,0,0,0,37.5,187.5,True,YES
47,19,3,300,0,0,43.7915220917,106.208477908,37.5,143.708477908,True,143.708477908,143.708477908,1,True,0.922789623593,1,0.0227896235926,33,4.16177016127,0.693628360212,1,1,2,0.719985534774,False,False,False,False,3656.27041,1987.9682,42.2304,1.98951966013e-13,9.23705556488e-14,1.11022302463e-16,0,0,0,143.708477908,187.5,True,YES
48,19,42,300,0,0,150,0,37.5,37.5,True,37.5,37.5,1,True,0.922789623593,1,0.0227896235926,33,4.16177016127,0.693628360212,1,1,2,0.719985534774,False,False,False,False,3656.27041,1987.9682,42.2304,1.98951966013e-13,9.23705556488e-14,1.11022302463e-16,0,0,0,37.5,187.5,True,YES
49,19,74,300,200,0,150,0,37.5,37.5,True,37.5,37.5,1,True,0.914978411643,1,0.0149784116434,18,4.33852959414,0.72308826569,1,1,2,0.745497763598,False,False,False,False,3856.27041,1987.9682,42.2304,1.98951966013e-13,9.23705556488e-14,1.11022302463e-16,0,0,0,37.5,187.5,True,YES
50,19,849,300,200,120,150,0,37.5,37.5,True,37.5,37.5,1,True,0.905883997991,1,0.00588399799057,18,4.44553078244,0.740921797074,1,1,2,0.760805100893,False,False,False,False,3976.27041,1987.9682,42.2304,2.55795384874e-13,9.23705556488e-14,1.11022302463e-16,0,0,0,37.5,187.5,True,YES
51,20,6928,0,0,0,0,150,37.5,187.5,True,187.5,187.5,1,True,0.913816673115,1,0.0138166731148,33,4.42402000361,0.737336667269,1,1,2,0.772609864292,False,False,False,False,3812.50041,2244.2802,0,1.42108547152e-13,3.8369307731e-13,1.11022302463e-16,0,0,0,187.5,187.5,True,YES
52,20,8,0,0,120,0,150,37.5,187.5,True,187.5,187.5,1,True,0.906231180925,1,0.00623118092517,18,4.52784199048,0.754640331747,1,1,2,0.787917201586,False,False,False,False,3932.50041,2244.2802,0,1.42108547152e-13,3.8369307731e-13,1.11022302463e-16,0,0,0,187.5,187.5,True,YES
53,20,1,0,127.604823719,120,150,0,37.5,37.5,True,0,37.5,0,False,0.9,1,0,18,4.60631593385,0.767719322309,1,1,2,0.79941107599,True,False,False,False,4022.60523372,2244.2802,0,3.41060513165e-13,3.8369307731e-13,1.11022302463e-16,0,0,0,0,150,False,NO
54,20,3,0,200,69.589552668,150,0,37.5,37.5,True,0,37.5,0,False,0.9,1,0,18,4.62552716803,0.770921194672,1,1,2,0.802215473168,True,False,False,False,4044.58996267,2244.2802,0,7.16227077646e-12,3.8369307731e-13,1.11022302463e-16,0,0,0,0,150,False,NO
55,20,17,300,0,0,0,150,37.5,187.5,True,187.5,187.5,1,True,0.912617217452,1,0.0126172174515,33,4.68502435835,0.780837393059,1,1,2,0.810878207528,False,False,False,False,4112.50041,2244.2802,0,3.2684965845e-13,3.8369307731e-13,1.11022302463e-16,0,0,0,187.5,187.5,True,YES
56,20,71,300,0,0,150,0,37.5,37.5,True,37.5,37.5,1,True,0.912617217452,1,0.0126172174515,33,4.68502435835,0.780837393059,1,1,2,0.810878207528,False,False,False,False,4112.50041,2244.2802,0,3.2684965845e-13,3.8369307731e-13,1.11022302463e-16,0,0,0,37.5,187.5,True,YES
57,20,5,300,104.806304142,120,150,0,37.5,37.5,True,2.78532752418e-12,37.5,7.42754006448e-14,False,0.9,1,0,18,4.85027127026,0.808378545043,1,1,2,0.834771213985,True,False,False,False,4299.80671414,2244.2802,0,1.42108547152e-13,3.8369307731e-13,1.11022302463e-16,0,0,0,2.78532752418e-12,150,False,NO
58,20,4,300,104.806304142,120,150,0,37.5,37.5,True,0,37.5,0,False,0.9,1,0,18,4.85027127026,0.808378545043,1,1,2,0.834771213985,True,False,False,False,4299.80671414,2244.2802,0,1.42108547152e-13,3.8369307731e-13,1.11022302463e-16,0,0,0,0,150,False,NO
59,20,31,300,200,0,150,0,37.5,37.5,True,37.5,37.5,1,True,0.903551745072,1,0.00355174507236,18,4.86152788765,0.810254647941,1,1,2,0.836390436351,False,False,False,False,4312.50041,2244.2802,0,1.42108547152e-13,3.8369307731e-13,1.11022302463e-16,0,0,0,37.5,187.5,True,YES
60,20,91,300,200,53.7144125081,150,0,37.5,37.5,True,0,37.5,0,False,0.9,1,0,18,4.87591690154,0.812652816923,1,1,2,0.838458765362,True,False,False,False,4328.71482251,2244.2802,0,1.42108547152e-13,3.8369307731e-13,1.11022302463e-16,0,0,0,0,150,False,NO
61,20,292,300,200,53.7144125081,150,0,37.5,37.5,True,0,37.5,0,False,0.9,1,0,18,4.87591690154,0.812652816923,1,1,2,0.838458765362,True,False,False,False,4328.71482251,2244.2802,0,1.3073986338e-11,3.8369307731e-13,1.11022302463e-16,0,0,0,0,150,False,NO
62,20,349,300,200,53.7144125081,150,0,37.5,37.5,True,0,37.5,0,False,0.9,1,0,18,4.87591690154,0.812652816923,1,1,2,0.838458765362,True,False,False,False,4328.71482251,2244.2802,0,1.3073986338e-11,3.8369307731e-13,1.11022302463e-16,0,0,0,0,150,False,NO
63,20,93,300,200,53.7144125081,150,0,37.5,37.5,True,0,37.5,0,False,0.9,1,0,18,4.87591690154,0.812652816923,1,1,2,0.838458765362,True,False,False,False,4328.71482251,2244.2802,0,1.3073986338e-11,3.8369307731e-13,1.11022302463e-16,0,0,0,0,150,False,NO
64,20,12,300,200,53.7144125081,150,0,37.5,37.5,True,0,37.5,0,False,0.9,1,0,18,4.87591690154,0.812652816923,1,1,2,0.838458765362,True,False,False,False,4328.71482251,2244.2802,0,1.3073986338e-11,3.8369307731e-13,1.11022302463e-16,0,0,0,0,150,False,NO
65,21,6928,0,0,0,0,150,37.5,187.5,True,187.5,187.5,1,True,0.911763936027,1,0.0117639360269,33,4.52984616185,0.754974360308,1,1,2,0.791197996401,False,False,False,False,3902.5,2300,0,0,0,1.11022302463e-16,0,0,0,187.5,187.5,True,YES
66,21,3,0,0,120,20.3786735323,129.621326468,37.5,167.121326468,True,167.121326468,167.121326468,1,True,0.904075919583,1,0.00407591958321,18,4.63362776343,0.772271293904,1,1,2,0.806505333695,False,False,False,False,4022.5,2300,0,0,0,1.11022302463e-16,0,0,0,167.121326468,187.5,True,YES
67,21,2,0,0,120,48.6847638436,101.315236156,37.5,138.815236156,True,138.815236156,138.815236156,1,True,0.904075919583,1,0.00407591958321,18,4.63362776343,0.772271293904,1,1,2,0.806505333695,False,False,False,False,4022.5,2300,0,0,0,1.11022302463e-16,0,0,0,138.815236156,187.5,True,YES
68,21,3,0,0,120,75.6674188952,74.3325811048,37.5,111.832581105,True,111.832581105,111.832581105,1,True,0.904075919583,1,0.00407591958321,18,4.63362776343,0.772271293904,1,1,2,0.806505333695,False,False,False,False,4022.5,2300,0,0,0,1.11022302463e-16,0,0,0,111.832581105,187.5,True,YES
69,21,3,0,200,41.315920353,150,0,37.5,37.5,True,0,37.5,0,False,0.9,1,0,18,4.70657310978,0.784428851631,1,1,2,0.81719698839,True,False,False,False,4106.31592035,2300,0,8.64019966684e-12,0,1.11022302463e-16,0,0,0,0,150,False,NO
70,21,1,218.893223356,70.3658445155,120,150,0,37.5,37.5,True,2.04636307899e-12,37.5,5.45696821064e-14,False,0.9,1,0,18,4.85379136133,0.808965226888,1,1,2,0.838620008435,True,False,False,False,4274.25906787,2300,0,8.18545231596e-12,0,1.11022302463e-16,0,0,0,2.04636307899e-12,150,False,NO
71,21,3,300,0,0,0,150,37.5,187.5,True,187.5,187.5,1,True,0.910561776359,1,0.0105617763587,33,4.79072084868,0.79845347478,1,1,2,0.829466339636,False,False,False,False,4202.5,2300,0,0,0,1.11022302463e-16,0,0,0,187.5,187.5,True,YES
72,21,14,300,0,0,60.9344548861,89.0655451139,37.5,126.565545114,True,126.565545114,126.565545114,1,True,0.910561776359,1,0.0105617763587,33,4.79072084868,0.79845347478,1,1,2,0.829466339636,False,False,False,False,4202.5,2300,0,0,0,1.11022302463e-16,0,0,0,126.565545114,187.5,True,YES
73,21,67,300,0,0,150,0,37.5,37.5,True,37.5,37.5,1,True,0.910561776359,1,0.0105617763587,33,4.79072084868,0.79845347478,1,1,2,0.829466339636,False,False,False,False,4202.5,2300,0,0,0,1.11022302463e-16,0,0,0,37.5,187.5,True,YES
74,21,4,300,64.2021297318,120,150,0,37.5,37.5,True,2.72848410532e-12,37.5,7.27595761418e-14,False,0.9,1,0,18,4.91991454857,0.819985758096,1,1,2,0.84817983115,True,False,False,False,4349.20212973,2300,0,4.09272615798e-12,0,1.11022302463e-16,0,0,0,2.72848410532e-12,150,False,NO
75,21,1,300,64.2021297318,120,150,0,37.5,37.5,True,0,37.5,0,False,0.9,1,0,18,4.91991454857,0.819985758096,1,1,2,0.84817983115,True,False,False,False,4349.20212973,2300,0,1.00044417195e-11,0,1.11022302463e-16,0,0,0,0,150,False,NO
76,21,35,300,200,0,150,0,37.5,37.5,True,37.5,37.5,1,True,0.90139007711,1,0.00139007711008,18,4.96709233355,0.827848722258,1,1,2,0.85497856846,False,False,False,False,4402.5,2300,0,0,0,1.11022302463e-16,0,0,0,37.5,187.5,True,YES
77,21,91,300,200,25.4407801931,150,0,37.5,37.5,True,3.41060513165e-12,37.5,9.09494701773e-14,False,0.9,1,0,18,4.95640698938,0.826067831563,1,1,2,0.853440280584,True,False,False,False,4390.44078019,2300,0,0,0,1.11022302463e-16,0,0,0,3.41060513165e-12,150,False,NO
78,21,292,300,200,25.4407801931,150,0,37.5,37.5,True,2.72848410532e-12,37.5,7.27595761418e-14,False,0.9,1,0,18,4.95640698938,0.826067831563,1,1,2,0.853440280584,True,False,False,False,4390.44078019,2300,0,1.42108547152e-14,0,1.11022302463e-16,0,0,0,2.72848410532e-12,150,False,NO
79,21,458,300,200,25.4407801931,150,0,37.5,37.5,True,0,37.5,0,False,0.9,1,0,18,4.95640698938,0.826067831563,1,1,2,0.853440280584,True,False,False,False,4390.44078019,2300,0,1.81898940355e-12,0,1.11022302463e-16,0,0,0,0,150,False,NO
80,22,6927,0,0,0,0,150,37.5,187.5,True,187.5,187.5,1,True,0.913816673115,1,0.0138166731148,33,4.42402000361,0.737336667269,1,1,2,0.772609864292,False,False,False,False,3812.50041,2244.2802,0,1.42108547152e-13,3.8369307731e-13,1.11022302463e-16,0,0,0,187.5,187.5,True,YES
81,22,1,0,200,69.589552668,150,0,37.5,37.5,True,0,37.5,0,False,0.9,1,0,18,4.62552716803,0.770921194672,1,1,2,0.802215473168,True,False,False,False,4044.58996267,2244.2802,0,7.16227077646e-12,3.8369307731e-13,1.11022302463e-16,0,0,0,0,150,False,NO
82,22,1,76.9248715809,0,120,129.699343909,20.3006560911,37.5,57.8006560911,True,57.8006560911,57.8006560911,1,True,0.905921197146,1,0.00592119714623,18,4.59481062773,0.765801771288,1,1,2,0.797729826216,False,False,False,False,4009.42528158,2244.2802,0,1.42108547152e-13,3.8369307731e-13,1.11022302463e-16,0,0,0,57.8006560911,187.5,True,YES
83,22,3,84.8753861059,121.154713213,120,150,0,37.5,37.5,True,0,37.5,0,False,0.9,1,0,18,4.67495934255,0.779159890425,1,1,2,0.809415093874,True,False,False,False,4101.03050932,2244.2802,0,1.42108547152e-13,3.8369307731e-13,1.11022302463e-16,0,0,0,0,150,False,NO
84,22,2,140.118568585,116.956503955,120,150,0,37.5,37.5,True,0,37.5,0,False,0.9,1,0,18,4.71980131243,0.786633552072,1,1,2,0.815926449059,True,False,False,False,4152.07548254,2244.2802,0,1.42108547152e-13,3.8369307731e-13,1.11022302463e-16,0,0,0,0,150,False,NO
85,22,3,198.071298193,112.552382487,120,150,0,37.5,37.5,True,0,37.5,0,False,0.9,1,0,18,4.76697677865,0.794496129776,1,1,2,0.82275717078,True,False,False,False,4205.62409068,2244.2802,0,1.42108547152e-13,3.8369307731e-13,1.11022302463e-16,0,0,0,0,150,False,NO
86,22,3,300,0,0,150,0,37.5,37.5,True,37.5,37.5,1,True,0.912617217452,1,0.0126172174515,33,4.68502435835,0.780837393059,1,1,2,0.810878207528,False,False,False,False,4112.50041,2244.2802,0,3.2684965845e-13,3.8369307731e-13,1.11022302463e-16,0,0,0,37.5,187.5,True,YES
87,22,5,300,104.806304142,120,150,0,37.5,37.5,True,2.78532752418e-12,37.5,7.42754006448e-14,False,0.9,1,0,18,4.85027127026,0.808378545043,1,1,2,0.834771213985,True,False,False,False,4299.80671414,2244.2802,0,1.42108547152e-13,3.8369307731e-13,1.11022302463e-16,0,0,0,2.78532752418e-12,150,False,NO
88,22,1,300,104.806304142,120,150,0,37.5,37.5,True,0,37.5,0,False,0.9,1,0,18,4.85027127026,0.808378545043,1,1,2,0.834771213985,True,False,False,False,4299.80671414,2244.2802,0,1.42108547152e-13,3.8369307731e-13,1.11022302463e-16,0,0,0,0,150,False,NO
89,22,73,300,200,0,150,0,37.5,37.5,True,37.5,37.5,1,True,0.903551745072,1,0.00355174507236,18,4.86152788765,0.810254647941,1,1,2,0.836390436351,False,False,False,False,4312.50041,2244.2802,0,1.42108547152e-13,3.8369307731e-13,1.11022302463e-16,0,0,0,37.5,187.5,True,YES
90,22,91,300,200,53.7144125081,150,0,37.5,37.5,True,0,37.5,0,False,0.9,1,0,18,4.87591690154,0.812652816923,1,1,2,0.838458765362,True,False,False,False,4328.71482251,2244.2802,0,1.42108547152e-13,3.8369307731e-13,1.11022302463e-16,0,0,0,0,150,False,NO
91,22,11,300,200,53.7144125081,150,0,37.5,37.5,True,0,37.5,0,False,0.9,1,0,18,4.87591690154,0.812652816923,1,1,2,0.838458765362,True,False,False,False,4328.71482251,2244.2802,0,1.3073986338e-11,3.8369307731e-13,1.11022302463e-16,0,0,0,0,150,False,NO
92,22,323,300,200,53.7144125081,150,0,37.5,37.5,True,0,37.5,0,False,0.9,1,0,18,4.87591690154,0.812652816923,1,1,2,0.838458765362,True,False,False,False,4328.71482251,2244.2802,0,1.3073986338e-11,3.8369307731e-13,1.11022302463e-16,0,0,0,0,150,False,NO
93,22,437,300,200,53.7144125081,150,0,37.5,37.5,True,0,37.5,0,False,0.9,1,0,18,4.87591690154,0.812652816923,1,1,2,0.838458765362,True,False,False,False,4328.71482251,2244.2802,0,1.3073986338e-11,3.8369307731e-13,1.11022302463e-16,0,0,0,0,150,False,NO
94,22,12,300,200,53.7144125081,150,0,37.5,37.5,True,0,37.5,0,False,0.9,1,0,18,4.87591690154,0.812652816923,1,1,2,0.838458765362,True,False,False,False,4328.71482251,2244.2802,0,1.3073986338e-11,3.8369307731e-13,1.11022302463e-16,0,0,0,0,150,False,NO
95,22,12,300,200,53.7144125081,150,0,37.5,37.5,True,0,37.5,0,False,0.9,1,0,18,4.87591690154,0.812652816923,1,1,2,0.838458765362,True,False,False,False,4328.71482251,2244.2802,0,1.3073986338e-11,3.8369307731e-13,1.11022302463e-16,0,0,0,0,150,False,NO
96,23,3053,0,0,0,0,150,37.5,187.5,True,187.5,187.5,1,True,0.914818572114,1,0.0148185721142,33,4.37228244749,0.728713741249,1,1,2,0.763522196633,False,False,False,False,3768.49995,2217.039,0,2.41584530158e-13,2.91322521662e-13,1.11022302463e-16,0,0,0,187.5,187.5,True,YES
97,23,457,0,0,0,150,0,37.5,37.5,True,37.5,37.5,1,True,0.914818572114,1,0.0148185721142,33,4.37228244749,0.728713741249,1,1,2,0.763522196633,False,False,False,False,3768.49995,2217.039,0,2.41584530158e-13,2.91322521662e-13,1.11022302463e-16,0,0,0,37.5,187.5,True,YES
98,23,1,0,0,120,0,150,37.5,187.5,True,187.5,187.5,1,True,0.907283016657,1,0.00728301665667,18,4.47612486294,0.746020810491,1,1,2,0.778829533928,False,False,False,False,3888.49995,2217.039,0,2.91322521662e-13,2.91322521662e-13,1.11022302463e-16,0,0,0,187.5,187.5,True,YES
99,23,23,14.4671716874,0,0,150,0,37.5,37.5,True,37.5,37.5,1,True,0.914760829123,1,0.0147608291233,33,4.38475793759,0.730792989599,1,1,2,0.765367645606,False,False,False,False,3782.96712169,2217.039,0,2.41584530158e-13,2.91322521662e-13,1.11022302463e-16,0,0,0,37.5,187.5,True,YES
100,23,178,55.821157483,0,0,150,0,37.5,37.5,True,37.5,37.5,1,True,0.914595752374,1,0.0145957523737,33,4.42048570416,0.73674761736,1,1,2,0.770642807348,False,False,False,False,3824.32110748,2217.039,0,2.41584530158e-13,2.91322521662e-13,1.11022302463e-16,0,0,0,37.5,187.5,True,YES
101,23,48,107.289705055,0,0,0,150,37.5,187.5,True,187.5,187.5,1,True,0.914390258712,1,0.0143902587121,33,4.46508761143,0.744181268572,1,1,2,0.777208194162,False,False,False,False,3875.78965506,2217.039,0,2.13162820728e-13,2.91322521662e-13,1.11022302463e-16,0,0,0,187.5,187.5,True,YES
102,23,5,255.651086549,0,0,150,0,37.5,37.5,True,37.5,37.5,1,True,0.913797651493,1,0.0137976514929,33,4.59445899889,0.765743166482,1,1,2,0.796133341729,False,False,False,False,4024.15103655,2217.039,0,2.41584530158e-13,2.91322521662e-13,1.11022302463e-16,0,0,0,37.5,187.5,True,YES
103,23,8,256.806149026,0,0,150,0,37.5,37.5,True,37.5,37.5,1,True,0.913793036262,1,0.0137930362619,33,4.59547071782,0.765911786304,1,1,2,0.79628068282,False,False,False,False,4025.30609903,2217.039,0,2.41584530158e-13,2.91322521662e-13,1.11022302463e-16,0,0,0,37.5,187.5,True,YES
104,23,6,261.829961679,0,0,150,0,37.5,37.5,True,37.5,37.5,1,True,0.913772962569,1,0.0137729625694,33,4.59987185957,0.766645309929,1,1,2,0.79692152611,False,False,False,False,4030.32991168,2217.039,0,2.41584530158e-13,2.91322521662e-13,1.11022302463e-16,0,0,0,37.5,187.5,True,YES
105,23,3148,300,0,0,150,0,37.5,37.5,True,37.5,37.5,1,True,0.913620431805,1,0.0136204318049,33,4.63335232533,0.772225387556,1,1,2,0.801790539869,False,False,False,False,4068.49995,2217.039,0,2.41584530158e-13,2.91322521662e-13,1.11022302463e-16,0,0,0,37.5,187.5,True,YES
106,23,8,300,124.657531819,120,150,0,37.5,37.5,True,1.5916157281e-12,37.5,4.24430860827e-14,False,0.9,1,0,18,4.81627541046,0.802712568409,1,1,2,0.828215791641,True,False,False,False,4275.65748182,2217.039,0,2.13162820728e-13,2.91322521662e-13,1.11022302463e-16,0,0,0,1.5916157281e-12,150,False,NO
107,23,1,300,124.657531819,120,150,0,37.5,37.5,True,0,37.5,0,False,0.9,1,0,18,4.81627541046,0.802712568409,1,1,2,0.828215791641,True,False,False,False,4275.65748182,2217.039,0,3.06812353301e-11,2.91322521662e-13,1.11022302463e-16,0,0,0,0,150,False,NO
108,23,11,300,200,67.537284676,150,0,37.5,37.5,True,1.93267624127e-11,37.5,5.15380331005e-13,False,0.9,1,0,18,4.83659842094,0.806099736823,1,1,2,0.831134359092,True,False,False,False,4298.53723468,2217.039,0,2.13162820728e-13,2.91322521662e-13,1.11022302463e-16,0,0,0,1.93267624127e-11,150,False,NO
109,23,7,300,200,67.537284676,150,0,37.5,37.5,True,1.90993887372e-11,37.5,5.09317032993e-13,False,0.9,1,0,18,4.83659842094,0.806099736823,1,1,2,0.831134359092,True,False,False,False,4298.53723468,2217.039,0,2.13162820728e-13,2.91322521662e-13,1.11022302463e-16,0,0,0,1.90993887372e-11,150,False,NO
110,23,141,300,200,67.537284676,150,0,37.5,37.5,True,1.04591890704e-11,37.5,2.78911708544e-13,False,0.9,1,0,18,4.83659842094,0.806099736823,1,1,2,0.831134359092,True,False,False,False,4298.53723468,2217.039,0,2.13162820728e-13,2.91322521662e-13,1.11022302463e-16,0,0,0,1.04591890704e-11,150,False,NO
111,23,84,300,200,67.537284676,150,0,37.5,37.5,True,5.45696821064e-12,37.5,1.45519152284e-13,False,0.9,1,0,18,4.83659842094,0.806099736823,1,1,2,0.831134359092,True,False,False,False,4298.53723468,2217.039,0,2.13162820728e-13,2.91322521662e-13,1.11022302463e-16,0,0,0,5.45696821064e-12,150,False,NO
112,23,319,300,200,67.537284676,150,0,37.5,37.5,True,5.00222085975e-12,37.5,1.3339255626e-13,False,0.9,1,0,18,4.83659842094,0.806099736823,1,1,2,0.831134359092,True,False,False,False,4298.53723468,2217.039,0,2.13162820728e-13,2.91322521662e-13,1.11022302463e-16,0,0,0,5.00222085975e-12,150,False,NO
113,23,43,300,200,67.537284676,150,0,37.5,37.5,True,4.32009983342e-12,37.5,1.15202662225e-13,False,0.9,1,0,18,4.83659842094,0.806099736823,1,1,2,0.831134359092,True,False,False,False,4298.53723468,2217.039,0,2.13162820728e-13,2.91322521662e-13,1.11022302463e-16,0,0,0,4.32009983342e-12,150,False,NO
114,23,13,300,200,67.537284676,150,0,37.5,37.5,True,0,37.5,0,False,0.9,1,0,18,4.83659842094,0.806099736823,1,1,2,0.831134359092,True,False,False,False,4298.53723468,2217.039,0,2.13162820728e-13,2.91322521662e-13,1.11022302463e-16,0,0,0,0,150,False,NO
115,23,351,300,200,67.537284676,150,0,37.5,37.5,True,0,37.5,0,False,0.9,1,0,18,4.83659842094,0.806099736823,1,1,2,0.831134359092,True,False,False,False,4298.53723468,2217.039,0,5.13011855219e-12,2.91322521662e-13,2.22044604925e-16,0,0,0,0,150,False,NO
116,24,496,0,0,0,0,150,37.5,187.5,True,187.5,187.5,1,True,0.921168685541,1,0.021168685541,33,4.04305524105,0.673842540174,1,1,2,0.705692281788,False,False,False,False,3488.5004,2043.688,0,2.27373675443e-13,1.7763568394e-13,1.11022302463e-16,0,0,0,187.5,187.5,True,YES
117,24,23,0,0,0,150,0,37.5,37.5,True,37.5,37.5,1,True,0.921168685541,1,0.021168685541,33,4.04305524105,0.673842540174,1,1,2,0.705692281788,False,False,False,False,3488.5004,2043.688,0,2.27373675443e-13,1.7763568394e-13,1.11022302463e-16,0,0,0,37.5,187.5,True,YES
118,24,1,0,0,120,116.187676144,33.8123238557,37.5,71.3123238557,True,71.3123238557,71.3123238557,1,True,0.913948074773,1,0.0139480747731,18,4.14703939916,0.691173233193,1,1,2,0.720999619082,False,False,False,False,3608.5004,2043.688,0,2.27373675443e-13,1.7763568394e-13,1.11022302463e-16,0,0,0,71.3123238557,187.5,True,YES
119,24,1,0,67.5701719824,120,0,150,37.5,187.5,True,187.5,187.5,1,True,0.910389046495,1,0.0103890464953,18,4.20596665364,0.700994442273,1,1,2,0.729618947529,False,False,False,False,3676.07057198,2043.688,0,2.27373675443e-13,1.7763568394e-13,1.11022302463e-16,0,0,0,187.5,187.5,True,YES
120,24,3,0,200,120,0,150,37.5,187.5,True,187.5,187.5,1,True,0.903373088286,1,0.00337308828586,18,4.32219110384,0.720365183974,1,1,2,0.746511847906,False,False,False,False,3808.5004,2043.688,0,2.27373675443e-13,1.7763568394e-13,1.11022302463e-16,0,0,0,187.5,187.5,True,YES
121,24,4,237.583095764,0,0,150,0,37.5,37.5,True,37.5,37.5,1,True,0.92022650217,1,0.0202265021701,33,4.24974809356,0.708291348927,1,1,2,0.735998653307,False,False,False,False,3726.08349576,2043.688,0,2.27373675443e-13,1.7763568394e-13,1.11022302463e-16,0,0,0,37.5,187.5,True,YES
122,24,1,242.606908417,0,0,150,0,37.5,37.5,True,37.5,37.5,1,True,0.920206568819,1,0.0202065688193,33,4.25415354545,0.709025590908,1,1,2,0.736639496597,False,False,False,False,3731.10730842,2043.688,0,2.98427949019e-13,1.7763568394e-13,1.11022302463e-16,0,0,0,37.5,187.5,True,YES
123,24,928,300,0,0,150,0,37.5,37.5,True,37.5,37.5,1,True,0.91997881538,1,0.0199788153799,33,4.30457848368,0.71742974728,1,1,2,0.743960625024,False,False,False,False,3788.5004,2043.688,0,2.98427949019e-13,1.7763568394e-13,1.11022302463e-16,0,0,0,37.5,187.5,True,YES
124,24,46,300,0,62.8052734433,150,0,37.5,37.5,True,37.5,37.5,1,True,0.917062197851,1,0.0170621978508,18,4.35995596671,0.726659327785,1,1,2,0.751972137561,False,False,False,False,3851.30567344,2043.688,0,2.98427949019e-13,1.7763568394e-13,1.11022302463e-16,0,0,0,37.5,187.5,True,YES
125,24,1558,300,0,120,150,0,37.5,37.5,True,37.5,37.5,1,True,0.912748791787,1,0.0127487917865,18,4.41055960374,0.73509326729,1,1,2,0.759267962318,False,False,False,False,3908.5004,2043.688,0,2.27373675443e-13,1.7763568394e-13,1.11022302463e-16,0,0,0,37.5,187.5,True,YES
126,24,4844,300,200,120,150,0,37.5,37.5,True,37.5,37.5,1,True,0.902159747587,1,0.00215974758658,18,4.58872925527,0.764788209211,1,1,2,0.784780191142,False,False,False,False,4108.5004,2043.688,0,2.27373675443e-13,1.7763568394e-13,1.11022302463e-16,0,0,0,37.5,187.5,True,YES
127,25,461,0,0,0,0,150,37.5,187.5,True,187.5,187.5,1,True,0.929986002848,1,0.0299860028476,33,3.58216518073,0.597027530121,1,1,2,0.624730401005,False,False,False,False,3096.50103,1800.9966,0,1.98951966013e-13,2.41584530158e-13,1.11022302463e-16,0,0,0,187.5,187.5,True,YES
128,25,20,0,0,0,150,0,37.5,37.5,True,37.5,37.5,1,True,0.929986002848,1,0.0299860028476,33,3.58216518073,0.597027530121,1,1,2,0.624730401005,False,False,False,False,3096.50103,1800.9966,0,1.98951966013e-13,2.41584530158e-13,1.11022302463e-16,0,0,0,37.5,187.5,True,YES
129,25,9,0,0,120,0,150,37.5,187.5,True,187.5,187.5,1,True,0.923198320447,1,0.023198320447,18,3.68638951132,0.614398251887,1,1,2,0.640037738299,False,False,False,False,3216.50103,1800.9966,0,1.98951966013e-13,2.41584530158e-13,1.11022302463e-16,0,0,0,187.5,187.5,True,YES
130,25,2,0,0,120,150,0,37.5,37.5,True,37.5,37.5,1,True,0.923198320447,1,0.023198320447,18,3.68638951132,0.614398251887,1,1,2,0.640037738299,False,False,False,False,3216.50103,1800.9966,0,1.98951966013e-13,2.41584530158e-13,1.11022302463e-16,0,0,0,37.5,187.5,True,YES
131,25,1,0,200,0,0,150,37.5,187.5,True,187.5,187.5,1,True,0.921757380275,1,0.0217573802754,18,3.7563955854,0.6260659309,1,1,2,0.650242629829,False,False,False,False,3296.50103,1800.9966,0,1.98951966013e-13,2.41584530158e-13,1.11022302463e-16,0,0,0,187.5,187.5,True,YES
132,25,3,0,200,120,150,0,37.5,37.5,True,37.5,37.5,1,True,0.912730514519,1,0.0127305145189,18,3.86213257685,0.643688762809,1,1,2,0.665549967123,False,False,False,False,3416.50103,1800.9966,0,2.0605739337e-13,2.41584530158e-13,1.11022302463e-16,0,0,0,37.5,187.5,True,YES
133,25,1,166.477018876,0,120,150,0,37.5,37.5,True,37.5,37.5,1,True,0.922539675841,1,0.0225396758412,18,3.8325095215,0.638751586917,1,1,2,0.661273737297,False,False,False,False,3382.97804888,1800.9966,0,1.98951966013e-13,2.41584530158e-13,1.11022302463e-16,0,0,0,37.5,187.5,True,YES
134,25,1,193.414305774,0,0,150,0,37.5,37.5,True,37.5,37.5,1,True,0.929226330176,1,0.0292263301759,33,3.75061750513,0.625102917521,1,1,2,0.649402551138,False,False,False,False,3289.91533577,1800.9966,0,5.68434188608e-14,2.41584530158e-13,1.11022302463e-16,0,0,0,37.5,187.5,True,YES
135,25,2,294.545561895,0,0,0,150,37.5,187.5,True,187.5,187.5,1,True,0.928828869935,1,0.0288288699353,33,3.83963354262,0.63993892377,1,1,2,0.662302969875,False,False,False,False,3391.04659189,1800.9966,0,1.98951966013e-13,2.41584530158e-13,1.11022302463e-16,0,0,0,187.5,187.5,True,YES
136,25,1125,300,0,0,150,0,37.5,37.5,True,37.5,37.5,1,True,0.928807428383,1,0.0288074283826,33,3.84445158638,0.640741931063,1,1,2,0.662998744241,False,False,False,False,3396.50103,1800.9966,0,5.68434188608e-14,2.41584530158e-13,1.11022302463e-16,0,0,0,37.5,187.5,True,YES
137,25,29,300,0,62.2408900548,150,0,37.5,37.5,True,37.5,37.5,1,True,0.926323385004,1,0.026323385004,18,3.89954925892,0.649924876487,1,1,2,0.670938263387,False,False,False,False,3458.74192005,1800.9966,0,5.68434188608e-14,2.41584530158e-13,1.11022302463e-16,0,0,0,37.5,187.5,True,YES
138,25,7,300,0,62.2408900548,150,0,37.5,37.5,True,37.5,37.5,1,True,0.926323385004,1,0.026323385004,18,3.89954925892,0.649924876487,1,1,2,0.670938263387,False,False,False,False,3458.74192005,1800.9966,0,2.55795384874e-13,2.41584530158e-13,1.11022302463e-16,0,0,0,37.5,187.5,True,YES
139,25,7,300,0,119.91749457,150,0,37.5,37.5,True,37.5,37.5,1,True,0.922017243835,1,0.022017243835,18,3.95079586832,0.658465978054,1,1,2,0.678295557048,False,False,False,False,3516.41852457,1800.9966,0,2.55795384874e-13,2.41584530158e-13,1.11022302463e-16,0,0,0,37.5,187.5,True,YES
140,25,1494,300,0,120,150,0,37.5,37.5,True,37.5,37.5,1,True,0.922011069566,1,0.0220110695662,18,3.95086930272,0.658478217121,1,1,2,0.678306081535,False,False,False,False,3516.50103,1800.9966,0,1.98951966013e-13,2.41584530158e-13,1.11022302463e-16,0,0,0,37.5,187.5,True,YES
141,25,33,300,136.228178116,120,150,0,37.5,37.5,True,37.5,37.5,1,True,0.914884772425,1,0.0148847724251,18,4.07259369702,0.678765616171,1,1,2,0.695683503797,False,False,False,False,3652.72920812,1800.9966,0,2.55795384874e-13,2.41584530158e-13,1.11022302463e-16,0,0,0,37.5,187.5,True,YES
142,25,69,300,200,0,150,0,37.5,37.5,True,37.5,37.5,1,True,0.920568271025,1,0.0205682710253,18,4.02223922859,0.670373204765,1,1,2,0.688510973064,False,False,False,False,3596.50103,1800.9966,0,1.98951966013e-13,2.41584530158e-13,1.11022302463e-16,0,0,0,37.5,187.5,True,YES
143,25,2590,300,200,120,150,0,37.5,37.5,True,37.5,37.5,1,True,0.911529629612,1,0.0115296296119,18,4.12988724534,0.68831454089,1,1,2,0.703818310359,False,False,False,False,3716.50103,1800.9966,0,2.0605739337e-13,2.41584530158e-13,1.11022302463e-16,0,0,0,37.5,187.5,True,YES
144,26,382,0,0,0,0,150,37.5,187.5,True,187.5,187.5,1,True,0.933739365077,1,0.0337393650769,33,3.38465380036,0.564108966727,1,1,2,0.590032452098,False,False,False,False,2928.5013,1696.986,0,2.98427949019e-13,8.881784197e-14,1.11022302463e-16,0,0,0,187.5,187.5,True,YES
145,26,1,0,0,0,64.9603074384,85.0396925616,37.5,122.539692562,True,122.539692562,122.539692562,1,True,0.933739365077,1,0.0337393650769,33,3.38465380036,0.564108966727,1,1,2,0.590032452098,False,False,False,False,2928.5013,1696.986,0,2.98427949019e-13,8.881784197e-14,1.11022302463e-16,0,0,0,122.539692562,187.5,True,YES
146,26,1,0,0,0,68.8736222566,81.1263777434,37.5,118.626377743,True,118.626377743,118.626377743,1,True,0.933739365077,1,0.0337393650769,33,3.38465380036,0.564108966727,1,1,2,0.590032452098,False,False,False,False,2928.5013,1696.986,0,2.98427949019e-13,8.881784197e-14,1.11022302463e-16,0,0,0,118.626377743,187.5,True,YES
147,26,2,0,0,0,77.3567282709,72.6432717291,37.5,110.143271729,True,110.143271729,110.143271729,1,True,0.933739365077,1,0.0337393650769,33,3.38465380036,0.564108966727,1,1,2,0.590032452098,False,False,False,False,2928.5013,1696.986,0,2.98427949019e-13,8.881784197e-14,1.11022302463e-16,0,0,0,110.143271729,187.5,True,YES
148,26,1,0,0,0,134.507623192,15.4923768084,37.5,52.9923768084,True,52.9923768084,52.9923768084,1,True,0.933739365077,1,0.0337393650769,33,3.38465380036,0.564108966727,1,1,2,0.590032452098,False,False,False,False,2928.5013,1696.986,0,2.98427949019e-13,8.881784197e-14,1.11022302463e-16,0,0,0,52.9923768084,187.5,True,YES
149,26,2,0,0,0,142.16678362,7.83321637966,37.5,45.3332163797,True,45.3332163797,45.3332163797,1,True,0.933739365077,1,0.0337393650769,33,3.38465380036,0.564108966727,1,1,2,0.590032452098,False,False,False,False,2928.5013,1696.986,0,2.98427949019e-13,8.881784197e-14,1.11022302463e-16,0,0,0,45.3332163797,187.5,True,YES
150,26,80,0,0,0,142.79144947,7.20855053038,37.5,44.7085505304,True,44.7085505304,44.7085505304,1,True,0.933739365077,1,0.0337393650769,33,3.38465380036,0.564108966727,1,1,2,0.590032452098,False,False,False,False,2928.5013,1696.986,0,2.98427949019e-13,8.881784197e-14,1.11022302463e-16,0,0,0,44.7085505304,187.5,True,YES
151,26,10,0,0,0,150,0,37.5,37.5,True,37.5,37.5,1,True,0.933739365077,1,0.0337393650769,33,3.38465380036,0.564108966727,1,1,2,0.590032452098,False,False,False,False,2928.5013,1696.986,0,2.98427949019e-13,8.881784197e-14,1.11022302463e-16,0,0,0,37.5,187.5,True,YES
152,26,1,0,0,6.25972296609,0,150,37.5,187.5,True,187.5,187.5,1,True,0.933649377214,1,0.0336493772139,33,3.39007134823,0.565011891372,1,1,2,0.590830949521,False,False,False,False,2934.76102297,1696.986,0,2.98427949019e-13,8.881784197e-14,1.11022302463e-16,0,0,0,187.5,187.5,True,YES
153,26,1,0,0,64.0371335733,0,150,37.5,187.5,True,187.5,187.5,1,True,0.931289981673,1,0.031289981673,18,3.44021042389,0.573368403981,1,1,2,0.598201102122,False,False,False,False,2992.53843357,1696.986,0,2.98427949019e-13,8.881784197e-14,1.11022302463e-16,0,0,0,187.5,187.5,True,YES
154,26,1,0,0,109.342905558,0,150,37.5,187.5,True,187.5,187.5,1,True,0.927927236249,1,0.0279272362486,18,3.4796923573,0.579948726216,1,1,2,0.603980358232,False,False,False,False,3037.84420556,1696.986,0,2.98427949019e-13,8.881784197e-14,1.11022302463e-16,0,0,0,187.5,187.5,True,YES
155,26,1,0,0,114.830220648,0,150,37.5,187.5,True,187.5,187.5,1,True,0.927519121694,1,0.0275191216936,18,3.48448392574,0.580747320957,1,1,2,0.604680326423,False,False,False,False,3043.33152065,1696.986,0,2.98427949019e-13,8.881784197e-14,1.11022302463e-16,0,0,0,187.5,187.5,True,YES
156,26,3,0,0,120,0,150,37.5,187.5,True,187.5,187.5,1,True,0.927134459244,1,0.0271344592436,18,3.48900009463,0.581500015771,1,1,2,0.605339789392,False,False,False,False,3048.5013,1696.986,0,2.98427949019e-13,8.881784197e-14,1.11022302463e-16,0,0,0,187.5,187.5,True,YES
157,26,1,0,0,120,109.844423856,40.1555761439,37.5,77.6555761439,True,77.6555761439,77.6555761439,1,True,0.927134459244,1,0.0271344592436,18,3.48900009463,0.581500015771,1,1,2,0.605339789392,False,False,False,False,3048.5013,1696.986,0,2.98427949019e-13,8.881784197e-14,1.11022302463e-16,0,0,0,77.6555761439,187.5,True,YES
158,26,1,0,0,120,150,0,37.5,37.5,True,37.5,37.5,1,True,0.927134459244,1,0.0271344592436,18,3.48900009463,0.581500015771,1,1,2,0.605339789392,False,False,False,False,3048.5013,1696.986,0,2.98427949019e-13,8.881784197e-14,1.11022302463e-16,0,0,0,37.5,187.5,True,YES
159,26,1,0,40.1703532583,0,0,150,37.5,187.5,True,187.5,187.5,1,True,0.933161737525,1,0.0331617375249,33,3.41946967658,0.569911612763,1,1,2,0.595156628319,False,False,False,False,2968.67165326,1696.986,0,2.98427949019e-13,8.881784197e-14,1.11022302463e-16,0,0,0,187.5,187.5,True,YES
160,26,1,0,200,120,20.7098741955,129.290125805,37.5,166.790125805,True,166.790125805,166.790125805,1,True,0.916711600655,1,0.0167116006546,18,3.66504054279,0.610840090465,1,1,2,0.630852018216,False,False,False,False,3248.5013,1696.986,0,2.98427949019e-13,8.881784197e-14,1.11022302463e-16,0,0,0,166.790125805,187.5,True,YES
161,26,6,0,200,120,150,0,37.5,37.5,True,37.5,37.5,1,True,0.916711600655,1,0.0167116006546,18,3.66504054279,0.610840090465,1,1,2,0.630852018216,False,False,False,False,3248.5013,1696.986,0,2.98427949019e-13,8.881784197e-14,1.11022302463e-16,0,0,0,37.5,187.5,True,YES
162,26,2,12.1133140998,0,0,150,0,37.5,37.5,True,37.5,37.5,1,True,0.933691997057,1,0.0336919970568,33,3.39514002551,0.565856670919,1,1,2,0.591577640303,False,False,False,False,2940.6146141,1696.986,0,2.98427949019e-13,8.881784197e-14,1.11022302463e-16,0,0,0,37.5,187.5,True,YES
163,26,2,37.9320638061,0,0,150,0,37.5,37.5,True,37.5,37.5,1,True,0.933591027149,1,0.0335910271489,33,3.41752664746,0.569587774577,1,1,2,0.594871109556,False,False,False,False,2966.43336381,1696.986,0,2.98427949019e-13,8.881784197e-14,1.11022302463e-16,0,0,0,37.5,187.5,True,YES
164,26,3,103.546138162,0,0,150,0,37.5,37.5,True,37.5,37.5,1,True,0.933334379706,1,0.0333343797056,33,3.47463280815,0.579105468025,1,1,2,0.603240915951,False,False,False,False,3032.04743816,1696.986,0,2.98427949019e-13,8.881784197e-14,1.11022302463e-16,0,0,0,37.5,187.5,True,YES
165,26,1,151.527024653,0,120,150,0,37.5,37.5,True,37.5,37.5,1,True,0.926537528275,1,0.0265375282752,18,3.62214615425,0.603691025709,1,1,2,0.624668750022,False,False,False,False,3200.02832465,1696.986,0,2.98427949019e-13,8.881784197e-14,1.11022302463e-16,0,0,0,37.5,187.5,True,YES
166,26,1,151.527024653,0,120,139.003275401,10.9967245989,37.5,48.4967245989,True,48.4967245989,48.4967245989,1,True,0.926537528275,1,0.0265375282752,18,3.62214615425,0.603691025709,1,1,2,0.624668750022,False,False,False,False,3200.02832465,1696.986,0,2.98427949019e-13,8.881784197e-14,1.11022302463e-16,0,0,0,48.4967245989,187.5,True,YES
167,26,4,151.861463219,0,120,150,0,37.5,37.5,True,37.5,37.5,1,True,0.926536210351,1,0.0265362103506,18,3.62244162139,0.603740270232,1,1,2,0.624711411388,False,False,False,False,3200.36276322,1696.986,0,2.98427949019e-13,8.881784197e-14,1.11022302463e-16,0,0,0,37.5,187.5,True,YES
168,26,2,156.550837306,0,120,150,0,37.5,37.5,True,37.5,37.5,1,True,0.926517730702,1,0.0265177307015,18,3.62658526538,0.604430877563,1,1,2,0.625309593312,False,False,False,False,3205.05213731,1696.986,0,2.98427949019e-13,8.881784197e-14,1.11022302463e-16,0,0,0,37.5,187.5,True,YES
169,26,6,178.340984127,0,0,150,0,37.5,37.5,True,37.5,37.5,1,True,0.933041735853,1,0.0330417358529,33,3.54008904727,0.590014841212,1,1,2,0.612781832076,False,False,False,False,3106.84228413,1696.986,0,2.98427949019e-13,8.881784197e-14,1.11022302463e-16,0,0,0,37.5,187.5,True,YES
170,26,4,178.340984127,0,120,150,0,37.5,37.5,True,37.5,37.5,1,True,0.926431856353,1,0.0264318563532,18,3.64585691036,0.607642818393,1,1,2,0.628089169371,False,False,False,False,3226.84228413,1696.986,0,2.98427949019e-13,8.881784197e-14,1.11022302463e-16,0,0,0,37.5,187.5,True,YES
171,26,2,183.36479678,0,120,150,0,37.5,37.5,True,37.5,37.5,1,True,0.926412056521,1,0.0264120565213,18,3.65030409031,0.608384015051,1,1,2,0.628730012661,False,False,False,False,3231.86609678,1696.986,0,2.98427949019e-13,8.881784197e-14,1.11022302463e-16,0,0,0,37.5,187.5,True,YES
172,26,1,195.934103256,0,0,150,0,37.5,37.5,True,37.5,37.5,1,True,0.932972887318,1,0.0329728873181,33,3.5555390693,0.592589844883,1,1,2,0.615026030481,False,False,False,False,3124.43540326,1696.986,0,2.98427949019e-13,8.881784197e-14,1.11022302463e-16,0,0,0,37.5,187.5,True,YES
173,26,1,204.849955382,0,120,150,0,37.5,37.5,True,37.5,37.5,1,True,0.926327374518,1,0.0263273745185,18,3.66933997813,0.611556663021,1,1,2,0.631470684073,False,False,False,False,3253.35125538,1696.986,0,2.98427949019e-13,8.881784197e-14,1.11022302463e-16,0,0,0,37.5,187.5,True,YES
174,26,1,240.940466514,0,16.9329419349,150,0,37.5,37.5,True,37.5,37.5,1,True,0.932553048382,1,0.0325530483816,33,3.61008937103,0.601681561839,1,1,2,0.622927079117,False,False,False,False,3186.37470845,1696.986,0,2.98427949019e-13,8.881784197e-14,1.11022302463e-16,0,0,0,37.5,187.5,True,YES
175,26,4,255.891782085,0,0,0,150,37.5,187.5,True,187.5,187.5,1,True,0.932738212052,1,0.0327382120525,33,3.60834044755,0.601390074592,1,1,2,0.622674300591,False,False,False,False,3184.39308209,1696.986,0,2.98427949019e-13,8.881784197e-14,1.11022302463e-16,0,0,0,187.5,187.5,True,YES
176,26,1,267.872040831,200,120,150,0,37.5,37.5,True,37.5,37.5,1,True,0.915644059776,1,0.0156440597761,18,3.90443887855,0.650739813091,1,1,2,0.665022082222,False,False,False,False,3516.37334083,1696.986,0,2.98427949019e-13,8.881784197e-14,1.11022302463e-16,0,0,0,37.5,187.5,True,YES
177,26,2,290.698019323,0,0,150,0,37.5,37.5,True,37.5,37.5,1,True,0.932601952821,1,0.0326019528207,33,3.63909408256,0.606515680427,1,1,2,0.627114224036,False,False,False,False,3219.19931932,1696.986,0,2.98427949019e-13,8.881784197e-14,1.11022302463e-16,0,0,0,37.5,187.5,True,YES
178,26,2,297.128800585,0,0,150,0,37.5,37.5,True,37.5,37.5,1,True,0.932576775461,1,0.032576775461,33,3.64478408551,0.607464014252,1,1,2,0.627934541851,False,False,False,False,3225.63010058,1696.986,0,2.98427949019e-13,8.881784197e-14,1.11022302463e-16,0,0,0,37.5,187.5,True,YES
179,26,419,300,0,0,150,0,37.5,37.5,True,37.5,37.5,1,True,0.932565534116,1,0.0325655341157,33,3.64732533897,0.607887556495,1,1,2,0.628300795334,False,False,False,False,3228.5013,1696.986,0,2.98427949019e-13,8.881784197e-14,1.11022302463e-16,0,0,0,37.5,187.5,True,YES
180,26,12,300,0,9.24136084166,150,0,37.5,37.5,True,37.5,37.5,1,True,0.93243251284,1,0.0324325128401,33,3.65550803884,0.609251339807,1,1,2,0.629479633896,False,False,False,False,3237.74266084,1696.986,0,2.98427949019e-13,8.881784197e-14,1.11022302463e-16,0,0,0,37.5,187.5,True,YES
181,26,4,300,0,30.573533403,150,0,37.5,37.5,True,37.5,37.5,1,True,0.93212538246,1,0.0321253824603,33,3.67441563434,0.612402605724,1,1,2,0.632200790234,False,False,False,False,3259.0748334,1696.986,0,2.98427949019e-13,8.881784197e-14,1.11022302463e-16,0,0,0,37.5,187.5,True,YES
182,26,3,300,0,31.7953097326,150,0,37.5,37.5,True,37.5,37.5,1,True,0.932107788847,1,0.0321077888472,33,3.67549934943,0.612583224904,1,1,2,0.632356641421,False,False,False,False,3260.29660973,1696.986,0,2.98427949019e-13,8.881784197e-14,1.11022302463e-16,0,0,0,37.5,187.5,True,YES
183,26,5,300,0,31.7953097327,150,0,37.5,37.5,True,37.5,37.5,1,True,0.932107788847,1,0.0321077888472,33,3.67549934943,0.612583224904,1,1,2,0.632356641421,False,False,False,False,3260.29660973,1696.986,0,2.98427949019e-13,8.881784197e-14,1.11022302463e-16,0,0,0,37.5,187.5,True,YES
184,26,46,300,0,38.1087275556,150,0,37.5,37.5,True,37.5,37.5,1,True,0.932016870163,1,0.032016870163,33,3.68110072619,0.613516787698,1,1,2,0.633161988221,False,False,False,False,3266.61002756,1696.986,0,2.98427949019e-13,8.881784197e-14,1.11022302463e-16,0,0,0,37.5,187.5,True,YES
185,26,4,300,0,45.2403198184,150,0,37.5,37.5,True,37.5,37.5,1,True,0.931506421358,1,0.0315064213579,18,3.68743076918,0.614571794864,1,1,2,0.63407170229,False,False,False,False,3273.74161982,1696.986,0,2.98427949019e-13,8.881784197e-14,1.11022302463e-16,0,0,0,37.5,187.5,True,YES
186,26,4,300,0,45.772919274,150,0,37.5,37.5,True,37.5,37.5,1,True,0.931466969755,1,0.0314669697549,18,3.68790362499,0.614650604165,1,1,2,0.634139641286,False,False,False,False,3274.27421927,1696.986,0,2.98427949019e-13,8.881784197e-14,1.11022302463e-16,0,0,0,37.5,187.5,True,YES
187,26,1,300,0,51.8215016023,150,0,37.5,37.5,True,37.5,37.5,1,True,0.931018811688,1,0.0310188116877,18,3.69327485667,0.615545809445,1,1,2,0.634911205368,False,False,False,False,3280.3228016,1696.986,0,2.98427949019e-13,8.881784197e-14,1.11022302463e-16,0,0,0,37.5,187.5,True,YES
188,26,11,300,0,52.8023484644,150,0,37.5,37.5,True,37.5,37.5,1,True,0.930946117398,1,0.0309461173978,18,3.69414606068,0.615691010113,1,1,2,0.635036323316,False,False,False,False,3281.30364846,1696.986,0,2.98427949019e-13,8.881784197e-14,1.11022302463e-16,0,0,0,37.5,187.5,True,YES
189,26,3,300,0,57.0561317679,150,0,37.5,37.5,True,37.5,37.5,1,True,0.930630787632,1,0.0306307876322,18,3.69792497512,0.616320829187,1,1,2,0.635578940781,False,False,False,False,3285.55743177,1696.986,0,2.98427949019e-13,8.881784197e-14,1.11022302463e-16,0,0,0,37.5,187.5,True,YES
190,26,1,300,0,57.149318746,150,0,37.5,37.5,True,37.5,37.5,1,True,0.930623878555,1,0.0306238785554,18,3.69800777077,0.616334628461,1,1,2,0.635590827818,False,False,False,False,3285.65061875,1696.986,0,2.98427949019e-13,8.881784197e-14,1.11022302463e-16,0,0,0,37.5,187.5,True,YES
191,26,9,300,0,60.872471299,150,0,37.5,37.5,True,37.5,37.5,1,True,0.930347794289,1,0.0303477942893,18,3.70131615665,0.616886026109,1,1,2,0.636065757418,False,False,False,False,3289.3737713,1696.986,0,2.98427949019e-13,8.881784197e-14,1.11022302463e-16,0,0,0,37.5,187.5,True,YES
192,26,35,300,0,62.2408900548,150,0,37.5,37.5,True,37.5,37.5,1,True,0.93024630085,1,0.0302463008504,18,3.70253232877,0.617088721462,1,1,2,0.63624031448,False,False,False,False,3290.74219005,1696.986,0,2.98427949019e-13,8.881784197e-14,1.11022302463e-16,0,0,0,37.5,187.5,True,YES
193,26,8,300,0,62.2408900548,150,0,37.5,37.5,True,37.5,37.5,1,True,0.93024630085,1,0.0302463008504,18,3.70253232877,0.617088721462,1,1,2,0.63624031448,False,False,False,False,3290.74219005,1696.986,0,2.98427949019e-13,8.881784197e-14,1.11022302463e-16,0,0,0,37.5,187.5,True,YES
194,26,52,300,0,62.2408900548,150,0,37.5,37.5,True,37.5,37.5,1,True,0.93024630085,1,0.0302463008504,18,3.70253232877,0.617088721462,1,1,2,0.63624031448,False,False,False,False,3290.74219005,1696.986,0,2.98427949019e-13,8.881784197e-14,1.11022302463e-16,0,0,0,37.5,187.5,True,YES
195,26,40,300,0,62.2408900548,150,0,37.5,37.5,True,37.5,37.5,1,True,0.93024630085,1,0.0302463008504,18,3.70253232877,0.617088721462,1,1,2,0.63624031448,False,False,False,False,3290.74219005,1696.986,0,2.98427949019e-13,8.881784197e-14,1.11022302463e-16,0,0,0,37.5,187.5,True,YES
196,26,4,300,0,62.2429491475,150,0,37.5,37.5,True,37.5,37.5,1,True,0.930246148122,1,0.0302461481225,18,3.70253415886,0.617089026476,1,1,2,0.63624057714,False,False,False,False,3290.74424915,1696.986,0,2.98427949019e-13,8.881784197e-14,1.11022302463e-16,0,0,0,37.5,187.5,True,YES
197,26,24,300,0,70.9426127788,150,0,37.5,37.5,True,37.5,37.5,1,True,0.92960064867,1,0.02960064867,18,3.71026840239,0.618378067065,1,1,2,0.637350316186,False,False,False,False,3299.44391278,1696.986,0,2.98427949019e-13,8.881784197e-14,1.11022302463e-16,0,0,0,37.5,187.5,True,YES
198,26,1,300,0,70.9426127788,150,0,37.5,37.5,True,37.5,37.5,1,True,0.92960064867,1,0.02960064867,18,3.71026840239,0.618378067065,1,1,2,0.637350316186,False,False,False,False,3299.44391278,1696.986,0,2.98427949019e-13,8.881784197e-14,1.11022302463e-16,0,0,0,37.5,187.5,True,YES
199,26,1,300,0,70.9426127788,150,0,37.5,37.5,True,37.5,37.5,1,True,0.92960064867,1,0.02960064867,18,3.71026840239,0.618378067065,1,1,2,0.637350316186,False,False,False,False,3299.44391278,1696.986,0,2.98427949019e-13,8.881784197e-14,1.11022302463e-16,0,0,0,37.5,187.5,True,YES
200,26,10,300,0,75.7573994685,150,0,37.5,37.5,True,37.5,37.5,1,True,0.929243207372,1,0.0292432073715,18,3.71455071808,0.619091786347,1,1,2,0.637964495885,False,False,False,False,3304.25869947,1696.986,0,2.98427949019e-13,8.881784197e-14,1.11022302463e-16,0,0,0,37.5,187.5,True,YES
201,26,86,300,0,82.7519907553,150,0,37.5,37.5,True,37.5,37.5,1,True,0.928723696121,1,0.0287236961209,18,3.72077409147,0.620129015245,1,1,2,0.638856733952,False,False,False,False,3311.25329076,1696.986,0,2.98427949019e-13,8.881784197e-14,1.11022302463e-16,0,0,0,37.5,187.5,True,YES
202,26,39,300,0,84.4697051161,150,0,37.5,37.5,True,37.5,37.5,1,True,0.928596071386,1,0.0285960713857,18,3.7223028309,0.62038380515,1,1,2,0.639075847562,False,False,False,False,3312.97100512,1696.986,0,2.98427949019e-13,8.881784197e-14,1.11022302463e-16,0,0,0,37.5,187.5,True,YES
203,26,22,300,0,84.4697051161,150,0,37.5,37.5,True,37.5,37.5,1,True,0.928596071386,1,0.0285960713857,18,3.7223028309,0.62038380515,1,1,2,0.639075847562,False,False,False,False,3312.97100512,1696.986,0,2.98427949019e-13,8.881784197e-14,1.11022302463e-16,0,0,0,37.5,187.5,True,YES
204,26,19,300,0,84.4697051162,150,0,37.5,37.5,True,37.5,37.5,1,True,0.928596071386,1,0.0285960713857,18,3.7223028309,0.62038380515,1,1,2,0.639075847562,False,False,False,False,3312.97100512,1696.986,0,2.98427949019e-13,8.881784197e-14,1.11022302463e-16,0,0,0,37.5,187.5,True,YES
205,26,33,300,0,98.2607448214,150,0,37.5,37.5,True,37.5,37.5,1,True,0.927570772262,1,0.0275707722618,18,3.73458259877,0.622430433129,1,1,2,0.640835048365,False,False,False,False,3326.76204482,1696.986,0,2.98427949019e-13,8.881784197e-14,1.11022302463e-16,0,0,0,37.5,187.5,True,YES
206,26,60,300,0,108.131239292,150,0,37.5,37.5,True,37.5,37.5,1,True,0.926836250894,1,0.0268362508939,18,3.74337791125,0.623896318542,1,1,2,0.642094139933,False,False,False,False,3336.63253929,1696.986,0,2.98427949019e-13,8.881784197e-14,1.11022302463e-16,0,0,0,37.5,187.5,True,YES
207,26,34,300,0,109.038210106,150,0,37.5,37.5,True,37.5,37.5,1,True,0.926768728674,1,0.0267687286739,18,3.74418635563,0.624031059272,1,1,2,0.642209834167,False,False,False,False,3337.53951011,1696.986,0,2.98427949019e-13,8.881784197e-14,1.11022302463e-16,0,0,0,37.5,187.5,True,YES
208,26,13,300,0,111.149992159,150,0,37.5,37.5,True,37.5,37.5,1,True,0.926611491526,1,0.0266114915255,18,3.74606890452,0.62434481742,1,1,2,0.642479215502,False,False,False,False,3339.65129216,1696.986,0,2.98427949019e-13,8.881784197e-14,1.11022302463e-16,0,0,0,37.5,187.5,True,YES
209,26,5,300,0,120,139.003275401,10.9967245989,37.5,48.4967245989,True,48.4967245989,48.4967245989,1,True,0.925952255272,1,0.025952255272,18,3.75396090021,0.625660150035,1,1,2,0.643608132628,False,False,False,False,3348.5013,1696.986,0,2.98427949019e-13,8.881784197e-14,1.11022302463e-16,0,0,0,48.4967245989,187.5,True,YES
210,26,19,300,0,120,146.889564037,3.11043596332,37.5,40.6104359633,True,40.6104359633,40.6104359633,1,True,0.925952255272,1,0.025952255272,18,3.75396090021,0.625660150035,1,1,2,0.643608132628,False,False,False,False,3348.5013,1696.986,0,2.98427949019e-13,8.881784197e-14,1.11022302463e-16,0,0,0,40.6104359633,187.5,True,YES
211,26,1026,300,0,120,150,0,37.5,37.5,True,37.5,37.5,1,True,0.925952255272,1,0.025952255272,18,3.75396090021,0.625660150035,1,1,2,0.643608132628,False,False,False,False,3348.5013,1696.986,0,2.98427949019e-13,8.881784197e-14,1.11022302463e-16,0,0,0,37.5,187.5,True,YES
212,26,73,300,0.78543574853,44.7861819898,150,0,37.5,37.5,True,37.5,37.5,1,True,0.931499548968,1,0.0314995489681,18,3.68772490228,0.614620817046,1,1,2,0.634113963032,False,False,False,False,3274.07291774,1696.986,0,2.98427949019e-13,8.881784197e-14,1.11022302463e-16,0,0,0,37.5,187.5,True,YES
213,26,24,300,12.0351459172,120,150,0,37.5,37.5,True,37.5,37.5,1,True,0.92532757067,1,0.0253275706698,18,3.76470007949,0.627450013249,1,1,2,0.645143349611,False,False,False,False,3360.53644592,1696.986,0,2.98427949019e-13,8.881784197e-14,1.11022302463e-16,0,0,0,37.5,187.5,True,YES
214,26,119,300,19.6381457151,120,150,0,37.5,37.5,True,37.5,37.5,1,True,0.92493271929,1,0.0249327192897,18,3.77148840777,0.628581401296,1,1,2,0.646113196964,False,False,False,False,3368.13944572,1696.986,0,2.98427949019e-13,8.881784197e-14,1.11022302463e-16,0,0,0,37.5,187.5,True,YES
215,26,55,300,29.5026984914,120,150,0,37.5,37.5,True,37.5,37.5,1,True,0.924420165887,1,0.0244201658871,18,3.78030058303,0.630050097171,1,1,2,0.647371530602,False,False,False,False,3378.00399849,1696.986,0,2.98427949019e-13,8.881784197e-14,1.11022302463e-16,0,0,0,37.5,187.5,True,YES
216,26,48,300,30.5152569191,120,150,0,37.5,37.5,True,37.5,37.5,1,True,0.924367538167,1,0.0243675381668,18,3.78120541311,0.630200902185,1,1,2,0.647500693714,False,False,False,False,3379.01655692,1696.986,0,2.98427949019e-13,8.881784197e-14,1.11022302463e-16,0,0,0,37.5,187.5,True,YES
217,26,1,300,36.5470850182,120,150,0,37.5,37.5,True,37.5,37.5,1,True,0.924053971816,1,0.0240539718159,18,3.78659663195,0.631099438659,1,1,2,0.648270120607,False,False,False,False,3385.04838502,1696.986,0,2.98427949019e-13,8.881784197e-14,1.11022302463e-16,0,0,0,37.5,187.5,True,YES
218,26,89,300,36.6992539269,79.7802084154,150,0,37.5,37.5,True,37.5,37.5,1,True,0.927044412872,1,0.0270444128724,18,3.75082094809,0.625136824682,1,1,2,0.643159048816,False,False,False,False,3344.98076234,1696.986,0,2.98427949019e-13,8.881784197e-14,1.11022302463e-16,0,0,0,37.5,187.5,True,YES
219,26,31,300,47.7393707307,120,150,0,37.5,37.5,True,37.5,37.5,1,True,0.92347185549,1,0.0234718554904,18,3.79660534922,0.632767558203,1,1,2,0.649697821378,False,False,False,False,3396.24067073,1696.986,0,4.97379915032e-13,8.881784197e-14,1.11022302463e-16,0,0,0,37.5,187.5,True,YES
220,26,1,300,72.5742733449,120,150,0,37.5,37.5,True,37.5,37.5,1,True,0.922178867611,1,0.0221788676113,18,3.8188374622,0.636472910367,1,1,2,0.652865789969,False,False,False,False,3421.07557334,1696.986,0,2.98427949019e-13,8.881784197e-14,1.11022302463e-16,0,0,0,37.5,187.5,True,YES
221,26,5,300,94.2048112773,120,150,0,37.5,37.5,True,37.5,37.5,1,True,0.921051230719,1,0.0210512307187,18,3.8382270455,0.639704507584,1,1,2,0.655625006136,False,False,False,False,3442.70611128,1696.986,0,4.97379915032e-13,8.881784197e-14,1.11022302463e-16,0,0,0,37.5,187.5,True,YES
222,26,34,300,99.7634831024,120,150,0,37.5,37.5,True,37.5,37.5,1,True,0.920761224615,1,0.0207612246149,18,3.84321369411,0.640535615685,1,1,2,0.656334076674,False,False,False,False,3448.2647831,1696.986,0,2.98427949019e-13,8.881784197e-14,1.11022302463e-16,0,0,0,37.5,187.5,True,YES
223,26,111,300,104.282227917,120,150,0,37.5,37.5,True,37.5,37.5,1,True,0.920525406086,1,0.0205254060859,18,3.84726858626,0.641211431044,1,1,2,0.656910492932,False,False,False,False,3452.78352792,1696.986,0,2.98427949019e-13,8.881784197e-14,1.11022302463e-16,0,0,0,37.5,187.5,True,YES
224,26,80,300,104.329349622,120,150,0,37.5,37.5,True,37.5,37.5,1,True,0.92052294664,1,0.0205229466398,18,3.84731087634,0.641218479389,1,1,2,0.656916503831,False,False,False,False,3452.83064962,1696.986,0,4.97379915032e-13,8.881784197e-14,1.11022302463e-16,0,0,0,37.5,187.5,True,YES
225,26,1,300,115.281166416,120,150,0,37.5,37.5,True,37.5,37.5,1,True,0.919951154779,1,0.019951154779,18,3.85714278435,0.642857130725,1,1,2,0.658313530111,False,False,False,False,3463.78246642,1696.986,0,2.98427949019e-13,8.881784197e-14,1.11022302463e-16,0,0,0,37.5,187.5,True,YES
226,26,2,300,118.111387509,40.1516872425,150,0,37.5,37.5,True,37.5,37.5,1,True,0.925773741635,1,0.0257737416346,18,3.78813072825,0.631355121374,1,1,2,0.648489014221,False,False,False,False,3386.76437475,1696.986,0,2.98427949019e-13,8.881784197e-14,1.11022302463e-16,0,0,0,37.5,187.5,True,YES
227,26,3,300,120.474926846,120,150,0,37.5,37.5,True,37.5,37.5,1,True,0.919679865458,1,0.019679865458,18,3.86180754914,0.643634591524,1,1,2,0.658976052134,False,False,False,False,3468.97622685,1696.986,0,2.98427949019e-13,8.881784197e-14,1.11022302463e-16,0,0,0,37.5,187.5,True,YES
228,26,34,300,122.923709848,120,150,0,37.5,37.5,True,37.5,37.5,1,True,0.919551928699,1,0.0195519286986,18,3.86400738653,0.644001231089,1,1,2,0.659288421695,False,False,False,False,3471.42500985,1696.986,0,4.97379915032e-13,8.881784197e-14,1.11022302463e-16,0,0,0,37.5,187.5,True,YES
229,26,5,300,127.174523308,120,150,0,37.5,37.5,True,37.5,37.5,1,True,0.919329802513,1,0.0193298025133,18,3.86782676873,0.644637794789,1,1,2,0.659830660324,False,False,False,False,3475.67582331,1696.986,0,4.97379915032e-13,8.881784197e-14,1.11022302463e-16,0,0,0,37.5,187.5,True,YES
230,26,9,300,127.468073941,38.5260735299,150,0,37.5,37.5,True,37.5,37.5,1,True,0.925409239277,1,0.0254092392765,18,3.79504424574,0.632507374289,1,1,2,0.649475198702,False,False,False,False,3394.49544747,1696.986,0,2.98427949019e-13,8.881784197e-14,1.11022302463e-16,0,0,0,37.5,187.5,True,YES
231,26,24,300,132.134681941,120,150,0,37.5,37.5,True,37.5,37.5,1,True,0.919070541638,1,0.019070541638,18,3.87228463868,0.645380773114,1,1,2,0.660463383834,False,False,False,False,3480.63598194,1696.986,0,4.97379915032e-13,8.881784197e-14,1.11022302463e-16,0,0,0,37.5,187.5,True,YES
232,26,149,300,136.376110868,120,150,0,37.5,37.5,True,37.5,37.5,1,True,0.918848789785,1,0.018848789785,18,3.87609752883,0.646016254804,1,1,2,0.661004425361,False,False,False,False,3484.87741087,1696.986,0,4.97379915032e-13,8.881784197e-14,1.11022302463e-16,0,0,0,37.5,187.5,True,YES
233,26,21,300,142.757996645,120,150,0,37.5,37.5,True,37.5,37.5,1,True,0.918515028948,1,0.0185150289475,18,3.8818362872,0.646972714533,1,1,2,0.661818506012,False,False,False,False,3491.25929664,1696.986,0,4.97379915032e-13,8.881784197e-14,1.11022302463e-16,0,0,0,37.5,187.5,True,YES
234,26,3,300,144.255170166,120,150,0,37.5,37.5,True,37.5,37.5,1,True,0.918436711973,1,0.0184367119733,18,3.88318287544,0.647197145906,1,1,2,0.662009487179,False,False,False,False,3492.75647017,1696.986,0,4.97379915032e-13,8.881784197e-14,1.11022302463e-16,0,0,0,37.5,187.5,True,YES
235,26,23,300,144.933000564,120,150,0,37.5,37.5,True,37.5,37.5,1,True,0.918401252547,1,0.0184012525471,18,3.88379256611,0.647298761018,1,1,2,0.662095952,False,False,False,False,3493.43430056,1696.986,0,4.97379915032e-13,8.881784197e-14,1.11022302463e-16,0,0,0,37.5,187.5,True,YES
236,26,1,300,149.766910972,120,150,0,37.5,37.5,True,37.5,37.5,1,True,0.918148335882,1,0.0181483358817,18,3.88814119601,0.648023532668,1,1,2,0.662712571143,False,False,False,False,3498.26821097,1696.986,0,4.97379915032e-13,8.881784197e-14,1.11022302463e-16,0,0,0,37.5,187.5,True,YES
237,26,31,300,153.250787905,120,150,0,37.5,37.5,True,37.5,37.5,1,True,0.917966011567,1,0.0179660115666,18,3.89127603356,0.648546005593,1,1,2,0.66315697847,False,False,False,False,3501.75208791,1696.986,0,2.98427949019e-13,8.881784197e-14,1.11022302463e-16,0,0,0,37.5,187.5,True,YES
238,26,11,300,169.70899204,1.38404578989,150,0,37.5,37.5,True,37.5,37.5,1,True,0.925985312441,1,0.0259853124414,18,3.79960565664,0.633267609441,1,1,2,0.65012561899,False,False,False,False,3399.59433783,1696.986,0,2.98427949019e-13,8.881784197e-14,1.11022302463e-16,0,0,0,37.5,187.5,True,YES
239,26,13,300,174.620295249,120,150,0,37.5,37.5,True,37.5,37.5,1,True,0.91684687203,1,0.0168468720304,18,3.91051751807,0.651752919678,1,1,2,0.665882897276,False,False,False,False,3523.12159525,1696.986,0,4.97379915032e-13,8.881784197e-14,1.11022302463e-16,0,0,0,37.5,187.5,True,YES
240,26,1,300,185.757475553,120,150,0,37.5,37.5,True,37.5,37.5,1,True,0.916263066442,1,0.0162630664416,18,3.9205543711,0.653425728517,1,1,2,0.667303568738,False,False,False,False,3534.25877555,1696.986,0,2.98427949019e-13,8.881784197e-14,1.11022302463e-16,0,0,0,37.5,187.5,True,YES
241,26,13,300,187.452057273,120,150,0,37.5,37.5,True,37.5,37.5,1,True,0.916174204682,1,0.0161742046817,18,3.92208205281,0.653680342136,1,1,2,0.667519731521,False,False,False,False,3535.95335727,1696.986,0,4.97379915032e-13,8.881784197e-14,1.11022302463e-16,0,0,0,37.5,187.5,True,YES
242,26,1,300,188.214257275,120,150,0,37.5,37.5,True,37.5,37.5,1,True,0.91613423305,1,0.0161342330504,18,3.92276922814,0.653794871357,1,1,2,0.667616958625,False,False,False,False,3536.71555727,1696.986,0,2.98427949019e-13,8.881784197e-14,1.11022302463e-16,0,0,0,37.5,187.5,True,YES
243,26,14,300,200,0,150,0,37.5,37.5,True,37.5,37.5,1,True,0.924515607364,1,0.0245156073637,18,3.82549116432,0.63758186072,1,1,2,0.653813024157,False,False,False,False,3428.5013,1696.986,0,2.98427949019e-13,8.881784197e-14,1.11022302463e-16,0,0,0,37.5,187.5,True,YES
244,26,1,300,200,43.9385241151,150,0,37.5,37.5,True,37.5,37.5,1,True,0.921230541494,1,0.0212305414936,18,3.86491912157,0.644153186929,1,1,2,0.659417872564,False,False,False,False,3472.43982412,1696.986,0,4.97379915032e-13,8.881784197e-14,1.11022302463e-16,0,0,0,37.5,187.5,True,YES
245,26,1,300,200,105.149808139,150,0,37.5,37.5,True,37.5,37.5,1,True,0.916634452046,1,0.0166344520457,18,3.92000658651,0.653334431084,1,1,2,0.667226053987,False,False,False,False,3533.65110814,1696.986,0,4.97379915032e-13,8.881784197e-14,1.11022302463e-16,0,0,0,37.5,187.5,True,YES
246,26,2234,300,200,120,150,0,37.5,37.5,True,37.5,37.5,1,True,0.915515937765,1,0.0155159377646,18,3.93339839837,0.655566399728,1,1,2,0.669120361452,False,False,False,False,3548.5013,1696.986,0,2.98427949019e-13,8.881784197e-14,1.11022302463e-16,0,0,0,37.5,187.5,True,YES
247,27,461,0,0,0,0,150,37.5,187.5,True,187.5,187.5,1,True,0.934964885262,1,0.0349648852616,33,3.31999360961,0.553332268269,1,1,2,0.578672867525,False,False,False,False,2873.500725,1662.9345,0,1.13686837722e-13,1.4921397451e-13,1.11022302463e-16,0,0,0,187.5,187.5,True,YES
248,27,1,0,0,0,45.685143313,104.314856687,37.5,141.814856687,True,141.814856687,141.814856687,1,True,0.934964885262,1,0.0349648852616,33,3.31999360961,0.553332268269,1,1,2,0.578672867525,False,False,False,False,2873.500725,1662.9345,0,1.13686837722e-13,1.4921397451e-13,1.11022302463e-16,0,0,0,141.814856687,187.5,True,YES
249,27,1,0,0,0,86.7628485649,63.2371514351,37.5,100.737151435,True,100.737151435,100.737151435,1,True,0.934964885262,1,0.0349648852616,33,3.31999360961,0.553332268269,1,1,2,0.578672867525,False,False,False,False,2873.500725,1662.9345,0,1.13686837722e-13,1.4921397451e-13,1.11022302463e-16,0,0,0,100.737151435,187.5,True,YES
250,27,1,0,0,0,110.805534918,39.1944650818,37.5,76.6944650818,True,76.6944650818,76.6944650818,1,True,0.934964885262,1,0.0349648852616,33,3.31999360961,0.553332268269,1,1,2,0.578672867525,False,False,False,False,2873.500725,1662.9345,0,1.13686837722e-13,1.4921397451e-13,1.11022302463e-16,0,0,0,76.6944650818,187.5,True,YES
251,27,19,0,0,0,150,0,37.5,37.5,True,37.5,37.5,1,True,0.934964885262,1,0.0349648852616,33,3.31999360961,0.553332268269,1,1,2,0.578672867525,False,False,False,False,2873.500725,1662.9345,0,1.13686837722e-13,1.4921397451e-13,1.11022302463e-16,0,0,0,37.5,187.5,True,YES
252,27,1,0,0,44.1377812822,0,150,37.5,187.5,True,187.5,187.5,1,True,0.934040408995,1,0.0340404089954,18,3.35826824489,0.559711374148,1,1,2,0.584303133404,False,False,False,False,2917.63850628,1662.9345,0,1.13686837722e-13,1.4921397451e-13,1.11022302463e-16,0,0,0,187.5,187.5,True,YES
253,27,2,0,0,109.342905558,0,150,37.5,187.5,True,187.5,187.5,1,True,0.929211146383,1,0.0292111463831,18,3.41507061064,0.569178435107,1,1,2,0.592620773659,False,False,False,False,2982.84363056,1662.9345,0,4.12114786741e-13,1.4921397451e-13,1.11022302463e-16,0,0,0,187.5,187.5,True,YES
254,27,7,0,0,120,0,150,37.5,187.5,True,187.5,187.5,1,True,0.928419465709,1,0.0284194657091,18,3.42438282642,0.57073047107,1,1,2,0.593980204819,False,False,False,False,2993.500725,1662.9345,0,1.13686837722e-13,1.4921397451e-13,1.11022302463e-16,0,0,0,187.5,187.5,True,YES
255,27,2,0,0,120,150,0,37.5,37.5,True,37.5,37.5,1,True,0.928419465709,1,0.0284194657091,18,3.42438282642,0.57073047107,1,1,2,0.593980204819,False,False,False,False,2993.500725,1662.9345,0,1.13686837722e-13,1.4921397451e-13,1.11022302463e-16,0,0,0,37.5,187.5,True,YES
256,27,1,0,14.2064399668,0,0,150,37.5,187.5,True,187.5,187.5,1,True,0.934760913099,1,0.0347609130985,33,3.33229707888,0.555382846479,1,1,2,0.580485057261,False,False,False,False,2887.70716497,1662.9345,0,1.13686837722e-13,1.4921397451e-13,1.11022302463e-16,0,0,0,187.5,187.5,True,YES
257,27,4,0,200,120,150,0,37.5,37.5,True,37.5,37.5,1,True,0.918011196863,1,0.0180111968627,18,3.60052746578,0.600087910964,1,1,2,0.619492433643,False,False,False,False,3193.500725,1662.9345,0,2.27373675443e-13,1.4921397451e-13,1.11022302463e-16,0,0,0,37.5,187.5,True,YES
258,27,4,178.340984127,0,0,150,0,37.5,37.5,True,37.5,37.5,1,True,0.934268171149,1,0.0342681711486,33,3.47549837705,0.579249729508,1,1,2,0.601422247503,False,False,False,False,3051.84170913,1662.9345,0,4.12114786741e-13,1.4921397451e-13,1.11022302463e-16,0,0,0,37.5,187.5,True,YES
259,27,4,183.36479678,0,0,150,0,37.5,37.5,True,37.5,37.5,1,True,0.934248537394,1,0.0342485373943,33,3.47991062666,0.579985104443,1,1,2,0.602063090793,False,False,False,False,3056.86552178,1662.9345,0,4.12114786741e-13,1.4921397451e-13,1.11022302463e-16,0,0,0,37.5,187.5,True,YES
260,27,1,234.073166276,0,0,150,0,37.5,37.5,True,37.5,37.5,1,True,0.934050338971,1,0.034050338971,33,3.52453779112,0.587422965187,1,1,2,0.608531508422,False,False,False,False,3107.57389128,1662.9345,0,1.70530256582e-13,1.4921397451e-13,1.11022302463e-16,0,0,0,37.5,187.5,True,YES
261,27,1,254.762699127,0,0,150,0,37.5,37.5,True,37.5,37.5,1,True,0.933969459908,1,0.0339694599079,33,3.54279313565,0.590465522609,1,1,2,0.611170688904,False,False,False,False,3128.26342413,1662.9345,0,4.12114786741e-13,1.4921397451e-13,1.11022302463e-16,0,0,0,37.5,187.5,True,YES
262,27,3,300,0,0,44.3795011527,105.620498847,37.5,143.120498847,True,143.120498847,143.120498847,1,True,0.933792594851,1,0.033792594851,33,3.58280030184,0.59713338364,1,1,2,0.61694121076,False,False,False,False,3173.500725,1662.9345,0,1.13686837722e-13,1.4921397451e-13,1.11022302463e-16,0,0,0,143.120498847,187.5,True,YES
263,27,2,300,0,0,149.420679981,0.57932001885,37.5,38.0793200189,True,38.0793200189,38.0793200189,1,True,0.933792594851,1,0.033792594851,33,3.58280030184,0.59713338364,1,1,2,0.61694121076,False,False,False,False,3173.500725,1662.9345,0,1.13686837722e-13,1.4921397451e-13,1.11022302463e-16,0,0,0,38.0793200189,187.5,True,YES
264,27,692,300,0,0,150,0,37.5,37.5,True,37.5,37.5,1,True,0.933792594851,1,0.033792594851,33,3.58280030184,0.59713338364,1,1,2,0.61694121076,False,False,False,False,3173.500725,1662.9345,0,1.13686837722e-13,1.4921397451e-13,1.11022302463e-16,0,0,0,37.5,187.5,True,YES
265,27,71,300,0,1.05195365288,150,0,37.5,37.5,True,37.5,37.5,1,True,0.933777473755,1,0.0337774737553,33,3.58373211343,0.597288685572,1,1,2,0.617075399172,False,False,False,False,3174.55267865,1662.9345,0,1.13686837722e-13,1.4921397451e-13,1.11022302463e-16,0,0,0,37.5,187.5,True,YES
266,27,13,300,0,1.97576655168,150,0,37.5,37.5,True,37.5,37.5,1,True,0.933764194391,1,0.033764194391,33,3.58455047387,0.597425078978,1,1,2,0.617193241802,False,False,False,False,3175.47649155,1662.9345,0,4.12114786741e-13,1.4921397451e-13,1.11022302463e-16,0,0,0,37.5,187.5,True,YES
267,27,17,300,0,9.24136084166,150,0,37.5,37.5,True,37.5,37.5,1,True,0.933659748398,1,0.0336597483983,33,3.59098849013,0.598498081689,1,1,2,0.618120049323,False,False,False,False,3182.74208584,1662.9345,0,4.12114786741e-13,1.4921397451e-13,1.11022302463e-16,0,0,0,37.5,187.5,True,YES
268,27,9,300,0,9.24341993441,150,0,37.5,37.5,True,37.5,37.5,1,True,0.933659718796,1,0.0336597187963,33,3.59099031514,0.598498385856,1,1,2,0.618120311983,False,False,False,False,3182.74414493,1662.9345,0,1.13686837722e-13,1.4921397451e-13,1.11022302463e-16,0,0,0,37.5,187.5,True,YES
269,27,19,300,0,13.3788072202,150,0,37.5,37.5,True,37.5,37.5,1,True,0.933600265634,1,0.0336002656341,33,3.59465607592,0.599109345987,1,1,2,0.618647826716,False,False,False,False,3186.87953222,1662.9345,0,1.13686837722e-13,1.4921397451e-13,1.11022302463e-16,0,0,0,37.5,187.5,True,YES
270,27,3,300,0,22.741583296,150,0,37.5,37.5,True,37.5,37.5,1,True,0.933465645956,1,0.0334656459558,33,3.6029593454,0.600493224234,1,1,2,0.619842153145,False,False,False,False,3196.2423083,1662.9345,0,4.12114786741e-13,1.4921397451e-13,1.11022302463e-16,0,0,0,37.5,187.5,True,YES
271,27,1,300,0,23.011504757,146.889564037,3.11043596332,37.5,40.6104359633,True,40.6104359633,40.6104359633,1,True,0.933461764689,1,0.0334617646885,33,3.60319879916,0.600533133194,1,1,2,0.619876584635,False,False,False,False,3196.51222976,1662.9345,0,1.13686837722e-13,1.4921397451e-13,1.11022302463e-16,0,0,0,40.6104359633,187.5,True,YES
272,27,2,300,0,23.5441042127,146.889564037,3.11043596332,37.5,40.6104359633,True,40.6104359633,40.6104359633,1,True,0.933454106262,1,0.0334541062623,33,3.60367129346,0.600611882243,1,1,2,0.619944523631,False,False,False,False,3197.04482921,1662.9345,0,4.12114786741e-13,1.4921397451e-13,1.11022302463e-16,0,0,0,40.6104359633,187.5,True,YES
273,27,16,300,0,31.470175903,150,0,37.5,37.5,True,37.5,37.5,1,True,0.933340127193,1,0.0333401271929,33,3.61070486566,0.601784144277,1,1,2,0.620955582404,False,False,False,False,3204.9709009,1662.9345,0,1.13686837722e-13,1.4921397451e-13,1.11022302463e-16,0,0,0,37.5,187.5,True,YES
274,27,2,300,0,31.7973688254,150,0,37.5,37.5,True,37.5,37.5,1,True,0.93333542177,1,0.0333354217704,33,3.61099529515,0.601832549191,1,1,2,0.620997319508,False,False,False,False,3205.29809383,1662.9345,0,4.12114786741e-13,1.4921397451e-13,1.11022302463e-16,0,0,0,37.5,187.5,True,YES
275,27,2,300,0,38.6436562376,150,0,37.5,37.5,True,37.5,37.5,1,True,0.933236958591,1,0.0332369585914,33,3.61707377271,0.602845628785,1,1,2,0.621870639763,False,False,False,False,3212.14438124,1662.9345,0,4.12114786741e-13,1.4921397451e-13,1.11022302463e-16,0,0,0,37.5,187.5,True,YES
276,27,21,300,0,39.0922061733,150,0,37.5,37.5,True,37.5,37.5,1,True,0.933230507192,1,0.0332305071919,33,3.61747211361,0.602912018934,1,1,2,0.621927857306,False,False,False,False,3212.59293117,1662.9345,0,1.13686837722e-13,1.4921397451e-13,1.11022302463e-16,0,0,0,37.5,187.5,True,YES
277,27,24,300,0,39.1082945105,150,0,37.5,37.5,True,37.5,37.5,1,True,0.933230275796,1,0.0332302757959,33,3.61748640129,0.602914400215,1,1,2,0.621929909553,False,False,False,False,3212.60901951,1662.9345,0,1.13686837722e-13,1.4921397451e-13,1.11022302463e-16,0,0,0,37.5,187.5,True,YES
278,27,31,300,0,44.7012212403,150,0,37.5,37.5,True,37.5,37.5,1,True,0.932825281588,1,0.0328252815881,18,3.62245426722,0.603742377869,1,1,2,0.622643349685,False,False,False,False,3218.20194624,1662.9345,0,1.13686837722e-13,1.4921397451e-13,1.11022302463e-16,0,0,0,37.5,187.5,True,YES
279,27,7,300,0,54.024124794,150,0,37.5,37.5,True,37.5,37.5,1,True,0.932135435682,1,0.0321354356822,18,3.63073929212,0.605123215353,1,1,2,0.623832589929,False,False,False,False,3227.52484979,1662.9345,0,1.13686837722e-13,1.4921397451e-13,1.11022302463e-16,0,0,0,37.5,187.5,True,YES
280,27,69,300,0,62.2408900548,150,0,37.5,37.5,True,37.5,37.5,1,True,0.931527014657,1,0.0315270146575,18,3.63804548497,0.606340914161,1,1,2,0.624880729907,False,False,False,False,3235.74161505,1662.9345,0,1.13686837722e-13,1.4921397451e-13,1.11022302463e-16,0,0,0,37.5,187.5,True,YES
281,27,33,300,0,62.2408900548,150,0,37.5,37.5,True,37.5,37.5,1,True,0.931527014657,1,0.0315270146575,18,3.63804548497,0.606340914161,1,1,2,0.624880729907,False,False,False,False,3235.74161505,1662.9345,0,1.13686837722e-13,1.4921397451e-13,1.11022302463e-16,0,0,0,37.5,187.5,True,YES
282,27,1,300,0,62.2408900548,150,0,37.5,37.5,True,37.5,37.5,1,True,0.931527014657,1,0.0315270146575,18,3.63804548497,0.606340914161,1,1,2,0.624880729907,False,False,False,False,3235.74161505,1662.9345,0,4.12114786741e-13,1.4921397451e-13,1.11022302463e-16,0,0,0,37.5,187.5,True,YES
283,27,23,300,0,62.2429491475,150,0,37.5,37.5,True,37.5,37.5,1,True,0.931526862139,1,0.0315268621395,18,3.63804731636,0.606341219393,1,1,2,0.624880992567,False,False,False,False,3235.74367415,1662.9345,0,4.12114786741e-13,1.4921397451e-13,1.11022302463e-16,0,0,0,37.5,187.5,True,YES
284,27,16,300,0,62.2429491475,150,0,37.5,37.5,True,37.5,37.5,1,True,0.931526862139,1,0.0315268621395,18,3.63804731636,0.606341219393,1,1,2,0.624880992567,False,False,False,False,3235.74367415,1662.9345,0,1.13686837722e-13,1.4921397451e-13,1.11022302463e-16,0,0,0,37.5,187.5,True,YES
285,27,2,300,0,75.7573994685,150,0,37.5,37.5,True,37.5,37.5,1,True,0.930525301771,1,0.0305253017715,18,3.65007253499,0.608345422499,1,1,2,0.626604911312,False,False,False,False,3249.25812447,1662.9345,0,4.12114786741e-13,1.4921397451e-13,1.11022302463e-16,0,0,0,37.5,187.5,True,YES
286,27,30,300,0,80.7759320214,150,0,37.5,37.5,True,37.5,37.5,1,True,0.930153102073,1,0.0301531020732,18,3.65454069778,0.609090116297,1,1,2,0.627245081066,False,False,False,False,3254.27665702,1662.9345,0,1.13686837722e-13,1.4921397451e-13,1.11022302463e-16,0,0,0,37.5,187.5,True,YES
287,27,4,300,0,82.6051975251,150,0,37.5,37.5,True,37.5,37.5,1,True,0.93001739747,1,0.0300173974698,18,3.65616970749,0.609361617916,1,1,2,0.627478424267,False,False,False,False,3256.10592253,1662.9345,0,1.13686837722e-13,1.4921397451e-13,1.11022302463e-16,0,0,0,37.5,187.5,True,YES
288,27,161,300,0,82.7519907553,150,0,37.5,37.5,True,37.5,37.5,1,True,0.930006506712,1,0.0300065067122,18,3.65630043899,0.609383406498,1,1,2,0.627497149379,False,False,False,False,3256.25271576,1662.9345,0,4.12114786741e-13,1.4921397451e-13,1.11022302463e-16,0,0,0,37.5,187.5,True,YES
289,27,1,300,0,83.607248347,150,0,37.5,37.5,True,37.5,37.5,1,True,0.929943051638,1,0.0299430516376,18,3.65706214075,0.609510356792,1,1,2,0.627606247016,False,False,False,False,3257.10797335,1662.9345,0,1.13686837722e-13,1.4921397451e-13,1.11022302463e-16,0,0,0,37.5,187.5,True,YES
290,27,14,300,0,84.4697051161,150,0,37.5,37.5,True,37.5,37.5,1,True,0.929879058041,1,0.0298790580413,18,3.65783029606,0.609638382677,1,1,2,0.627716262988,False,False,False,False,3257.97043012,1662.9345,0,1.13686837722e-13,1.4921397451e-13,1.11022302463e-16,0,0,0,37.5,187.5,True,YES
291,27,6,300,0,84.4697051162,150,0,37.5,37.5,True,37.5,37.5,1,True,0.929879058041,1,0.0298790580413,18,3.65783029606,0.609638382677,1,1,2,0.627716262988,False,False,False,False,3257.97043012,1662.9345,0,1.13686837722e-13,1.4921397451e-13,1.11022302463e-16,0,0,0,37.5,187.5,True,YES
292,27,2,300,0,87.3469690714,150,0,37.5,37.5,True,37.5,37.5,1,True,0.929665535517,1,0.0296655355167,18,3.66039326237,0.610065543729,1,1,2,0.62808329007,False,False,False,False,3260.84769407,1662.9345,0,1.13686837722e-13,1.4921397451e-13,1.11022302463e-16,0,0,0,37.5,187.5,True,YES
293,27,2,300,0,87.3469690714,150,0,37.5,37.5,True,37.5,37.5,1,True,0.929665535517,1,0.0296655355167,18,3.66039326237,0.610065543729,1,1,2,0.62808329007,False,False,False,False,3260.84769407,1662.9345,0,1.13686837722e-13,1.4921397451e-13,1.11022302463e-16,0,0,0,37.5,187.5,True,YES
294,27,20,300,0,87.3469690714,150,0,37.5,37.5,True,37.5,37.5,1,True,0.929665535517,1,0.0296655355167,18,3.66039326237,0.610065543729,1,1,2,0.62808329007,False,False,False,False,3260.84769407,1662.9345,0,4.12114786741e-13,1.4921397451e-13,1.11022302463e-16,0,0,0,37.5,187.5,True,YES
295,27,24,300,0,91.6811691829,150,0,37.5,37.5,True,37.5,37.5,1,True,0.929343800763,1,0.0293438007627,18,3.66425489744,0.610709149573,1,1,2,0.628636165596,False,False,False,False,3265.18189418,1662.9345,0,1.13686837722e-13,1.4921397451e-13,1.11022302463e-16,0,0,0,37.5,187.5,True,YES
296,27,1,300,0,111.149992159,150,0,37.5,37.5,True,37.5,37.5,1,True,0.927897222228,1,0.0278972222277,18,3.68161397827,0.613602329712,1,1,2,0.631119630929,False,False,False,False,3284.65071716,1662.9345,0,4.12114786741e-13,1.4921397451e-13,1.11022302463e-16,0,0,0,37.5,187.5,True,YES
297,27,6,300,0,111.149992159,150,0,37.5,37.5,True,37.5,37.5,1,True,0.927897222228,1,0.0278972222277,18,3.68161397827,0.613602329712,1,1,2,0.631119630929,False,False,False,False,3284.65071716,1662.9345,0,1.13686837722e-13,1.4921397451e-13,1.11022302463e-16,0,0,0,37.5,187.5,True,YES
298,27,5,300,0,120,146.889564037,3.11043596332,37.5,40.6104359633,True,40.6104359633,40.6104359633,1,True,0.927238900087,1,0.0272389000867,18,3.6895119158,0.614918652634,1,1,2,0.632248548055,False,False,False,False,3293.500725,1662.9345,0,1.13686837722e-13,1.4921397451e-13,1.11022302463e-16,0,0,0,40.6104359633,187.5,True,YES
299,27,1193,300,0,120,150,0,37.5,37.5,True,37.5,37.5,1,True,0.927238900087,1,0.0272389000867,18,3.6895119158,0.614918652634,1,1,2,0.632248548055,False,False,False,False,3293.500725,1662.9345,0,1.13686837722e-13,1.4921397451e-13,1.11022302463e-16,0,0,0,37.5,187.5,True,YES
300,27,64,300,109.21075156,120,150,0,37.5,37.5,True,37.5,37.5,1,True,0.921562714408,1,0.0215627144082,18,3.7873204966,0.631220082767,1,1,2,0.646179596474,False,False,False,False,3402.71147656,1662.9345,0,4.12114786741e-13,1.4921397451e-13,1.11022302463e-16,0,0,0,37.5,187.5,True,YES
301,27,1,300,126.421958934,120,150,0,37.5,37.5,True,37.5,37.5,1,True,0.920664976548,1,0.0206649765484,18,3.80279138468,0.633798564113,1,1,2,0.648375077778,False,False,False,False,3419.92268393,1662.9345,0,2.27373675443e-13,1.4921397451e-13,1.11022302463e-16,0,0,0,37.5,187.5,True,YES
302,27,55,300,132.134681941,91.6811691829,150,0,37.5,37.5,True,37.5,37.5,1,True,0.92248738825,1,0.0224873882496,18,3.78247419948,0.630412366579,1,1,2,0.645491416802,False,False,False,False,3397.31657612,1662.9345,0,1.13686837722e-13,1.4921397451e-13,1.11022302463e-16,0,0,0,37.5,187.5,True,YES
303,27,3,300,136.228178116,98.2607448214,150,0,37.5,37.5,True,37.5,37.5,1,True,0.921781791292,1,0.0217817912921,18,3.79206336863,0.632010561439,1,1,2,0.646852886054,False,False,False,False,3407.98964794,1662.9345,0,4.12114786741e-13,1.4921397451e-13,1.11022302463e-16,0,0,0,37.5,187.5,True,YES
304,27,1,300,143.586402026,120,150,0,37.5,37.5,True,37.5,37.5,1,True,0.919768805251,1,0.0197688052507,18,3.81823507266,0.636372512109,1,1,2,0.650564593777,False,False,False,False,3437.08712703,1662.9345,0,2.27373675443e-13,1.4921397451e-13,1.11022302463e-16,0,0,0,37.5,187.5,True,YES
305,27,9,300,143.588346055,120,150,0,37.5,37.5,True,37.5,37.5,1,True,0.919768703702,1,0.0197687037017,18,3.81823682263,0.636372803771,1,1,2,0.65056484176,False,False,False,False,3437.08907105,1662.9345,0,2.27373675443e-13,1.4921397451e-13,1.11022302463e-16,0,0,0,37.5,187.5,True,YES
306,27,34,300,144.255170166,120,150,0,37.5,37.5,True,37.5,37.5,1,True,0.919733870579,1,0.0197338705795,18,3.81883709341,0.636472848902,1,1,2,0.650649902606,False,False,False,False,3437.75589517,1662.9345,0,2.27373675443e-13,1.4921397451e-13,1.11022302463e-16,0,0,0,37.5,187.5,True,YES
307,27,5,300,144.300773135,120,150,0,37.5,37.5,True,37.5,37.5,1,True,0.919731488353,1,0.0197314883532,18,3.81887814572,0.636479690954,1,1,2,0.650655719773,False,False,False,False,3437.80149814,1662.9345,0,2.27373675443e-13,1.4921397451e-13,1.11022302463e-16,0,0,0,37.5,187.5,True,YES
308,27,1,300,147.065700632,120,150,0,37.5,37.5,True,37.5,37.5,1,True,0.919587041425,1,0.0195870414248,18,3.82136735744,0.636894559573,1,1,2,0.651008417088,False,False,False,False,3440.56642563,1662.9345,0,2.27373675443e-13,1.4921397451e-13,1.11022302463e-16,0,0,0,37.5,187.5,True,YES
309,27,58,300,153.250787905,120,150,0,37.5,37.5,True,37.5,37.5,1,True,0.919263834371,1,0.0192638343709,18,3.82693704456,0.63782284076,1,1,2,0.651797393897,False,False,False,False,3446.75151291,1662.9345,0,2.27373675443e-13,1.4921397451e-13,1.11022302463e-16,0,0,0,37.5,187.5,True,YES
310,27,2,300,180.199286547,120,150,0,37.5,37.5,True,37.5,37.5,1,True,0.917854289185,1,0.0178542891851,18,3.85122615819,0.641871026365,1,1,2,0.655234975216,False,False,False,False,3473.70001155,1662.9345,0,2.27373675443e-13,1.4921397451e-13,1.11022302463e-16,0,0,0,37.5,187.5,True,YES
311,27,12,300,200,0,150,0,37.5,37.5,True,37.5,37.5,1,True,0.925804248775,1,0.025804248775,18,3.76109801692,0.626849669486,1,1,2,0.642453439584,False,False,False,False,3373.500725,1662.9345,0,1.13686837722e-13,1.4921397451e-13,1.11022302463e-16,0,0,0,37.5,187.5,True,YES
312,27,2,300,200,39.0922061733,150,0,37.5,37.5,True,37.5,37.5,1,True,0.922886172917,1,0.0228861729166,18,3.79620095163,0.632700158606,1,1,2,0.64744008613,False,False,False,False,3412.59293117,1662.9345,0,1.13686837722e-13,1.4921397451e-13,1.11022302463e-16,0,0,0,37.5,187.5,True,YES
313,27,119,300,200,94.9457786905,150,0,37.5,37.5,True,37.5,37.5,1,True,0.918700846836,1,0.0187008468361,18,3.84648830757,0.641081384595,1,1,2,0.654564831743,False,False,False,False,3468.44650369,1662.9345,0,2.27373675443e-13,1.4921397451e-13,1.11022302463e-16,0,0,0,37.5,187.5,True,YES
314,27,2430,300,200,120,150,0,37.5,37.5,True,37.5,37.5,1,True,0.916817228837,1,0.0168172288367,18,3.86909530341,0.644849217235,1,1,2,0.657760776879,False,False,False,False,3493.500725,1662.9345,0,2.27373675443e-13,1.4921397451e-13,1.11022302463e-16,0,0,0,37.5,187.5,True,YES
315,28,458,0,0,0,0,150,37.5,187.5,True,187.5,187.5,1,True,0.936211024363,1,0.0362110243634,33,3.25415971845,0.542359953075,1,1,2,0.567106884555,False,False,False,False,2817.500815,1628.2643,0,2.13162820728e-13,2.09610107049e-13,1.11022302463e-16,0,0,0,187.5,187.5,True,YES
316,28,3,0,0,0,62.288091946,87.711908054,37.5,125.211908054,True,125.211908054,125.211908054,1,True,0.936211024363,1,0.0362110243634,33,3.25415971845,0.542359953075,1,1,2,0.567106884555,False,False,False,False,2817.500815,1628.2643,0,2.13162820728e-13,2.09610107049e-13,1.11022302463e-16,0,0,0,125.211908054,187.5,True,YES
317,28,1,0,0,0,98.3980159547,51.6019840453,37.5,89.1019840453,True,89.1019840453,89.1019840453,1,True,0.936211024363,1,0.0362110243634,33,3.25415971845,0.542359953075,1,1,2,0.567106884555,False,False,False,False,2817.500815,1628.2643,0,2.13162820728e-13,2.09610107049e-13,1.11022302463e-16,0,0,0,89.1019840453,187.5,True,YES
318,28,1,0,0,0,122.440702308,27.559297692,37.5,65.059297692,True,65.059297692,65.059297692,1,True,0.936211024363,1,0.0362110243634,33,3.25415971845,0.542359953075,1,1,2,0.567106884555,False,False,False,False,2817.500815,1628.2643,0,2.13162820728e-13,2.09610107049e-13,1.11022302463e-16,0,0,0,65.059297692,187.5,True,YES
319,28,16,0,0,0,150,0,37.5,37.5,True,37.5,37.5,1,True,0.936211024363,1,0.0362110243634,33,3.25415971845,0.542359953075,1,1,2,0.567106884555,False,False,False,False,2817.500815,1628.2643,0,2.13162820728e-13,2.09610107049e-13,1.11022302463e-16,0,0,0,37.5,187.5,True,YES
320,28,1,0,0,96.7999036163,0,150,37.5,187.5,True,187.5,187.5,1,True,0.931446175135,1,0.0314461751351,18,3.33832193013,0.556386988355,1,1,2,0.579454791011,False,False,False,False,2914.30071862,1628.2643,0,8.52651282912e-14,2.09610107049e-13,1.11022302463e-16,0,0,0,187.5,187.5,True,YES
321,28,2,0,0,96.8000836899,0,150,37.5,187.5,True,187.5,187.5,1,True,0.931446161796,1,0.0314461617958,18,3.33832208733,0.556387014555,1,1,2,0.579454813982,False,False,False,False,2914.30089869,1628.2643,0,8.52651282912e-14,2.09610107049e-13,1.11022302463e-16,0,0,0,187.5,187.5,True,YES
322,28,1,0,0,96.9255252413,139.425382733,10.574617267,37.5,48.074617267,True,48.074617267,48.074617267,1,True,0.931436869427,1,0.0314368694274,18,3.33843159633,0.556405266054,1,1,2,0.57947081545,False,False,False,False,2914.42634024,1628.2643,0,2.13162820728e-13,2.09610107049e-13,1.11022302463e-16,0,0,0,48.074617267,187.5,True,YES
323,28,7,0,0,120,0,150,37.5,187.5,True,187.5,187.5,1,True,0.929725995399,1,0.0297259953993,18,3.35859429952,0.559765716587,1,1,2,0.58241422185,False,False,False,False,2937.500815,1628.2643,0,8.52651282912e-14,2.09610107049e-13,1.11022302463e-16,0,0,0,187.5,187.5,True,YES
324,28,1,0,0,120,56.0589278567,93.9410721433,37.5,131.441072143,True,131.441072143,131.441072143,1,True,0.929725995399,1,0.0297259953993,18,3.35859429952,0.559765716587,1,1,2,0.58241422185,False,False,False,False,2937.500815,1628.2643,0,8.52651282912e-14,2.09610107049e-13,1.11022302463e-16,0,0,0,131.441072143,187.5,True,YES
325,28,1,0,0,120,119.202380463,30.7976195373,37.5,68.2976195373,True,68.2976195373,68.2976195373,1,True,0.929725995399,1,0.0297259953993,18,3.35859429952,0.559765716587,1,1,2,0.58241422185,False,False,False,False,2937.500815,1628.2643,0,8.52651282912e-14,2.09610107049e-13,1.11022302463e-16,0,0,0,68.2976195373,187.5,True,YES
326,28,1,0,0,120,150,0,37.5,37.5,True,37.5,37.5,1,True,0.929725995399,1,0.0297259953993,18,3.35859429952,0.559765716587,1,1,2,0.58241422185,False,False,False,False,2937.500815,1628.2643,0,8.52651282912e-14,2.09610107049e-13,1.11022302463e-16,0,0,0,37.5,187.5,True,YES
327,28,2,0,200,120,0,150,37.5,187.5,True,187.5,187.5,1,True,0.919332518613,1,0.0193325186128,18,3.53484879376,0.589141465627,1,1,2,0.607926450674,False,False,False,False,3137.500815,1628.2643,0,2.13162820728e-13,2.09610107049e-13,1.11022302463e-16,0,0,0,187.5,187.5,True,YES
328,28,2,0,200,120,150,0,37.5,37.5,True,37.5,37.5,1,True,0.919332518613,1,0.0193325186128,18,3.53484879376,0.589141465627,1,1,2,0.607926450674,False,False,False,False,3137.500815,1628.2643,0,2.13162820728e-13,2.09610107049e-13,1.11022302463e-16,0,0,0,37.5,187.5,True,YES
329,28,7,151.527024653,0,0,150,0,37.5,37.5,True,37.5,37.5,1,True,0.935619884315,1,0.0356198843146,33,3.38620302748,0.564367171246,1,1,2,0.586435845185,False,False,False,False,2969.02783965,1628.2643,0,1.42108547152e-13,2.09610107049e-13,1.11022302463e-16,0,0,0,37.5,187.5,True,YES
330,28,3,156.550837306,0,0,150,0,37.5,37.5,True,37.5,37.5,1,True,0.935600278926,1,0.0356002789263,33,3.39060877443,0.565101462405,1,1,2,0.587076688475,False,False,False,False,2974.05165231,1628.2643,0,2.13162820728e-13,2.09610107049e-13,1.11022302463e-16,0,0,0,37.5,187.5,True,YES
331,28,1,188.646982611,200,120,150,0,37.5,37.5,True,37.5,37.5,1,True,0.91858298481,1,0.0185829848099,18,3.70330984421,0.617218307368,1,1,2,0.63199047561,False,False,False,False,3326.14779761,1628.2643,0,2.13162820728e-13,2.09610107049e-13,1.11022302463e-16,0,0,0,37.5,187.5,True,YES
332,28,1,189.53443268,200,120,150,0,37.5,37.5,True,37.5,37.5,1,True,0.91857945734,1,0.0185794573404,18,3.70410693285,0.617351155474,1,1,2,0.632103679756,False,False,False,False,3327.03524768,1628.2643,0,2.13162820728e-13,2.09610107049e-13,1.11022302463e-16,0,0,0,37.5,187.5,True,YES
333,28,1,190.380390522,200,120,150,0,37.5,37.5,True,37.5,37.5,1,True,0.918576094783,1,0.0185760947831,18,3.7048667923,0.617477798717,1,1,2,0.632211591107,False,False,False,False,3327.88120552,1628.2643,0,2.13162820728e-13,2.09610107049e-13,1.11022302463e-16,0,0,0,37.5,187.5,True,YES
334,28,1,195.934104173,200,120,150,0,37.5,37.5,True,37.5,37.5,1,True,0.918554019287,1,0.0185540192872,18,3.70985619546,0.61830936591,1,1,2,0.632920029174,False,False,False,False,3333.43491917,1628.2643,0,2.13162820728e-13,2.09610107049e-13,1.11022302463e-16,0,0,0,37.5,187.5,True,YES
335,28,1,254.762699127,0,0,150,0,37.5,37.5,True,37.5,37.5,1,True,0.935216925375,1,0.035216925375,33,3.47707459381,0.579512432301,1,1,2,0.599604705935,False,False,False,False,3072.26351413,1628.2643,0,1.42108547152e-13,2.09610107049e-13,1.11022302463e-16,0,0,0,37.5,187.5,True,YES
336,28,1,300,0,0,44.3795011527,105.620498847,37.5,143.120498847,True,143.120498847,143.120498847,1,True,0.935040296279,1,0.0350402962792,33,3.51710903473,0.586184839122,1,1,2,0.605375227791,False,False,False,False,3117.500815,1628.2643,0,1.42108547152e-13,2.09610107049e-13,1.11022302463e-16,0,0,0,143.120498847,187.5,True,YES
337,28,14,300,0,0,139.003275401,10.9967245989,37.5,48.4967245989,True,48.4967245989,48.4967245989,1,True,0.935040296279,1,0.0350402962792,33,3.51710903473,0.586184839122,1,1,2,0.605375227791,False,False,False,False,3117.500815,1628.2643,0,1.42108547152e-13,2.09610107049e-13,1.11022302463e-16,0,0,0,48.4967245989,187.5,True,YES
338,28,954,300,0,0,150,0,37.5,37.5,True,37.5,37.5,1,True,0.935040296279,1,0.0350402962792,33,3.51710903473,0.586184839122,1,1,2,0.605375227791,False,False,False,False,3117.500815,1628.2643,0,1.42108547152e-13,2.09610107049e-13,1.11022302463e-16,0,0,0,37.5,187.5,True,YES
339,28,20,300,0,9.24136084169,150,0,37.5,37.5,True,37.5,37.5,1,True,0.93490762712,1,0.0349076271197,33,3.52530300327,0.587550500544,1,1,2,0.606554066353,False,False,False,False,3126.74217584,1628.2643,0,2.41584530158e-13,2.09610107049e-13,1.11022302463e-16,0,0,0,37.5,187.5,True,YES
340,28,1,300,0,22.741583296,150,0,37.5,37.5,True,37.5,37.5,1,True,0.934713783811,1,0.0347137838113,33,3.5372824245,0.589547070751,1,1,2,0.608276170176,False,False,False,False,3140.2423983,1628.2643,0,1.42108547152e-13,2.09610107049e-13,1.11022302463e-16,0,0,0,37.5,187.5,True,YES
341,28,4,300,0,23.011504757,150,0,37.5,37.5,True,37.5,37.5,1,True,0.934709907727,1,0.0347099077268,33,3.53752205098,0.589587008497,1,1,2,0.608310601666,False,False,False,False,3140.51231976,1628.2643,0,8.52651282912e-14,2.09610107049e-13,1.11022302463e-16,0,0,0,37.5,187.5,True,YES
342,28,4,300,0,23.0135638498,150,0,37.5,37.5,True,37.5,37.5,1,True,0.934709878158,1,0.0347098781581,33,3.53752387899,0.589587313165,1,1,2,0.608310864326,False,False,False,False,3140.51437885,1628.2643,0,2.13162820728e-13,2.09610107049e-13,1.11022302463e-16,0,0,0,37.5,187.5,True,YES
343,28,2,300,0,23.5441042127,150,0,37.5,37.5,True,37.5,37.5,1,True,0.934702259527,1,0.0347022595272,33,3.53799488625,0.589665814376,1,1,2,0.608378540662,False,False,False,False,3141.04491921,1628.2643,0,2.41584530158e-13,2.09610107049e-13,1.11022302463e-16,0,0,0,37.5,187.5,True,YES
344,28,2,300,0,23.5461633054,150,0,37.5,37.5,True,37.5,37.5,1,True,0.934702229958,1,0.0347022299582,33,3.53799671433,0.589666119054,1,1,2,0.608378803322,False,False,False,False,3141.04697831,1628.2643,0,8.52651282912e-14,2.09610107049e-13,1.11022302463e-16,0,0,0,37.5,187.5,True,YES
345,28,1,300,0,29.592686541,150,0,37.5,37.5,True,37.5,37.5,1,True,0.934615396682,1,0.0346153966822,33,3.54336593342,0.590560988903,1,1,2,0.609150104744,False,False,False,False,3147.09350154,1628.2643,0,8.52651282912e-14,2.09610107049e-13,1.11022302463e-16,0,0,0,37.5,187.5,True,YES
346,28,1,300,0,29.592686541,150,0,37.5,37.5,True,37.5,37.5,1,True,0.934615396682,1,0.0346153966822,33,3.54336593342,0.590560988903,1,1,2,0.609150104744,False,False,False,False,3147.09350154,1628.2643,0,2.13162820728e-13,2.09610107049e-13,1.11022302463e-16,0,0,0,37.5,187.5,True,YES
347,28,7,300,0,30.573533403,150,0,37.5,37.5,True,37.5,37.5,1,True,0.934601310117,1,0.0346013101168,33,3.5442371159,0.590706185983,1,1,2,0.609275222692,False,False,False,False,3148.0743484,1628.2643,0,8.52651282912e-14,2.09610107049e-13,1.11022302463e-16,0,0,0,37.5,187.5,True,YES
348,28,11,300,0,30.5735334031,150,0,37.5,37.5,True,37.5,37.5,1,True,0.934601310117,1,0.0346013101168,33,3.5442371159,0.590706185983,1,1,2,0.609275222692,False,False,False,False,3148.0743484,1628.2643,0,8.52651282912e-14,2.09610107049e-13,1.11022302463e-16,0,0,0,37.5,187.5,True,YES
349,28,11,300,0,30.5755924958,150,0,37.5,37.5,True,37.5,37.5,1,True,0.934601280545,1,0.0346012805447,33,3.54423894484,0.590706490806,1,1,2,0.609275485352,False,False,False,False,3148.0764075,1628.2643,0,2.41584530158e-13,2.09610107049e-13,1.11022302463e-16,0,0,0,37.5,187.5,True,YES
350,28,6,300,0,31.7953097327,150,0,37.5,37.5,True,37.5,37.5,1,True,0.934583763113,1,0.0345837631133,33,3.54532237066,0.590887061777,1,1,2,0.609431073878,False,False,False,False,3149.29612473,1628.2643,0,8.52651282912e-14,2.09610107049e-13,1.11022302463e-16,0,0,0,37.5,187.5,True,YES
351,28,4,300,0,34.8273167066,150,0,37.5,37.5,True,37.5,37.5,1,True,0.934540216373,1,0.0345402163733,33,3.54801596397,0.591335993995,1,1,2,0.609817840157,False,False,False,False,3152.32813171,1628.2643,0,8.52651282912e-14,2.09610107049e-13,1.11022302463e-16,0,0,0,37.5,187.5,True,YES
352,28,2,300,0,34.8273167066,150,0,37.5,37.5,True,37.5,37.5,1,True,0.934540216373,1,0.0345402163733,33,3.54801596397,0.591335993995,1,1,2,0.609817840157,False,False,False,False,3152.32813171,1628.2643,0,8.52651282912e-14,2.09610107049e-13,1.11022302463e-16,0,0,0,37.5,187.5,True,YES
353,28,2,300,0,34.8273167066,150,0,37.5,37.5,True,37.5,37.5,1,True,0.934540216373,1,0.0345402163733,33,3.54801596397,0.591335993995,1,1,2,0.609817840157,False,False,False,False,3152.32813171,1628.2643,0,8.52651282912e-14,2.09610107049e-13,1.11022302463e-16,0,0,0,37.5,187.5,True,YES
354,28,1,300,0,34.8293757993,150,0,37.5,37.5,True,37.5,37.5,1,True,0.934540186799,1,0.0345401867992,33,3.54801779343,0.591336298905,1,1,2,0.609818102817,False,False,False,False,3152.3301908,1628.2643,0,2.41584530158e-13,2.09610107049e-13,1.11022302463e-16,0,0,0,37.5,187.5,True,YES
355,28,1,300,0,34.9205036847,150,0,37.5,37.5,True,37.5,37.5,1,True,0.934538877957,1,0.0345388779573,33,3.54809875865,0.591349793109,1,1,2,0.609829727195,False,False,False,False,3152.42131868,1628.2643,0,8.52651282912e-14,2.09610107049e-13,1.11022302463e-16,0,0,0,37.5,187.5,True,YES
356,28,5,300,0,38.6436562376,150,0,37.5,37.5,True,37.5,37.5,1,True,0.934485401891,1,0.0344854018914,33,3.5514071231,0.591901187183,1,1,2,0.610304656794,False,False,False,False,3156.14447124,1628.2643,0,2.13162820728e-13,2.09610107049e-13,1.11022302463e-16,0,0,0,37.5,187.5,True,YES
357,28,5,300,0,38.6436562376,150,0,37.5,37.5,True,37.5,37.5,1,True,0.934485401891,1,0.0344854018914,33,3.5514071231,0.591901187183,1,1,2,0.610304656794,False,False,False,False,3156.14447124,1628.2643,0,8.52651282912e-14,2.09610107049e-13,1.11022302463e-16,0,0,0,37.5,187.5,True,YES
358,28,3,300,0,38.6457153304,150,0,37.5,37.5,True,37.5,37.5,1,True,0.934485372316,1,0.0344853723156,33,3.55140895302,0.59190149217,1,1,2,0.610304919454,False,False,False,False,3156.14653033,1628.2643,0,2.13162820728e-13,2.09610107049e-13,1.11022302463e-16,0,0,0,37.5,187.5,True,YES
359,28,58,300,0,44.7012212403,150,0,37.5,37.5,True,37.5,37.5,1,True,0.934125649034,1,0.0341256490341,18,3.55679158072,0.592798596786,1,1,2,0.611077366716,False,False,False,False,3162.20203624,1628.2643,0,8.52651282912e-14,2.09610107049e-13,1.11022302463e-16,0,0,0,37.5,187.5,True,YES
360,28,12,300,0,62.2408900548,150,0,37.5,37.5,True,37.5,37.5,1,True,0.932829191894,1,0.0328291918943,18,3.57239442692,0.595399071154,1,1,2,0.613314746938,False,False,False,False,3179.74170505,1628.2643,0,8.52651282912e-14,2.09610107049e-13,1.11022302463e-16,0,0,0,37.5,187.5,True,YES
361,28,20,300,0,62.2408900548,150,0,37.5,37.5,True,37.5,37.5,1,True,0.932829191894,1,0.0328291918943,18,3.57239442692,0.595399071154,1,1,2,0.613314746938,False,False,False,False,3179.74170505,1628.2643,0,2.13162820728e-13,2.09610107049e-13,1.11022302463e-16,0,0,0,37.5,187.5,True,YES
362,28,22,300,0,62.2408900548,150,0,37.5,37.5,True,37.5,37.5,1,True,0.932829191894,1,0.0328291918943,18,3.57239442692,0.595399071154,1,1,2,0.613314746938,False,False,False,False,3179.74170505,1628.2643,0,2.13162820728e-13,2.09610107049e-13,1.11022302463e-16,0,0,0,37.5,187.5,True,YES
363,28,6,300,0,62.2408900548,150,0,37.5,37.5,True,37.5,37.5,1,True,0.932829191894,1,0.0328291918943,18,3.57239442692,0.595399071154,1,1,2,0.613314746938,False,False,False,False,3179.74170505,1628.2643,0,8.52651282912e-14,2.09610107049e-13,1.11022302463e-16,0,0,0,37.5,187.5,True,YES
364,28,146,300,0,62.2408900548,150,0,37.5,37.5,True,37.5,37.5,1,True,0.932829191894,1,0.0328291918943,18,3.57239442692,0.595399071154,1,1,2,0.613314746938,False,False,False,False,3179.74170505,1628.2643,0,8.52651282912e-14,2.09610107049e-13,1.11022302463e-16,0,0,0,37.5,187.5,True,YES
365,28,6,300,0,62.2429491475,150,0,37.5,37.5,True,37.5,37.5,1,True,0.932829039589,1,0.0328290395892,18,3.5723962597,0.595399376616,1,1,2,0.613315009598,False,False,False,False,3179.74376415,1628.2643,0,1.42108547152e-13,2.09610107049e-13,1.11022302463e-16,0,0,0,37.5,187.5,True,YES
366,28,49,300,0,62.2429491475,150,0,37.5,37.5,True,37.5,37.5,1,True,0.932829039589,1,0.0328290395892,18,3.5723962597,0.595399376616,1,1,2,0.613315009598,False,False,False,False,3179.74376415,1628.2643,0,1.42108547152e-13,2.09610107049e-13,1.11022302463e-16,0,0,0,37.5,187.5,True,YES
367,28,1,300,0,62.2429491475,150,0,37.5,37.5,True,37.5,37.5,1,True,0.932829039589,1,0.0328290395892,18,3.5723962597,0.595399376616,1,1,2,0.613315009598,False,False,False,False,3179.74376415,1628.2643,0,8.52651282912e-14,2.09610107049e-13,1.11022302463e-16,0,0,0,37.5,187.5,True,YES
368,28,9,300,0,84.4697051161,150,0,37.5,37.5,True,37.5,37.5,1,True,0.931183539802,1,0.0311835398015,18,3.59219429351,0.598699048919,1,1,2,0.616150280019,False,False,False,False,3201.97052012,1628.2643,0,8.52651282912e-14,2.09610107049e-13,1.11022302463e-16,0,0,0,37.5,187.5,True,YES
369,28,5,300,0,104.834012586,150,0,37.5,37.5,True,37.5,37.5,1,True,0.929673364875,1,0.0296733648745,18,3.61035820546,0.601726367577,1,1,2,0.618747974379,False,False,False,False,3222.33482759,1628.2643,0,8.52651282912e-14,2.09610107049e-13,1.11022302463e-16,0,0,0,37.5,187.5,True,YES
370,28,6,300,0,105.836063408,150,0,37.5,37.5,True,37.5,37.5,1,True,0.929598991528,1,0.0295989915279,18,3.61125258911,0.601875431519,1,1,2,0.618875797129,False,False,False,False,3223.33687841,1628.2643,0,8.52651282912e-14,2.09610107049e-13,1.11022302463e-16,0,0,0,37.5,187.5,True,YES
371,28,21,300,0,109.415555454,150,0,37.5,37.5,True,37.5,37.5,1,True,0.929333268969,1,0.0293332689693,18,3.61444793745,0.602407989575,1,1,2,0.619332401229,False,False,False,False,3226.91637045,1628.2643,0,2.41584530158e-13,2.09610107049e-13,1.11022302463e-16,0,0,0,37.5,187.5,True,YES
372,28,22,300,0,109.575784133,150,0,37.5,37.5,True,37.5,37.5,1,True,0.929321372663,1,0.029321372663,18,3.61459098756,0.602431831259,1,1,2,0.619352840183,False,False,False,False,3227.07659913,1628.2643,0,8.52651282912e-14,2.09610107049e-13,1.11022302463e-16,0,0,0,37.5,187.5,True,YES
373,28,1,300,0,111.152051252,150,0,37.5,37.5,True,37.5,37.5,1,True,0.929204333332,1,0.0292043333316,18,3.61599833537,0.602666389229,1,1,2,0.61955391062,False,False,False,False,3228.65286625,1628.2643,0,2.41584530158e-13,2.09610107049e-13,1.11022302463e-16,0,0,0,37.5,187.5,True,YES
374,28,8,300,0,120,146.889564037,3.11043596332,37.5,40.6104359633,True,40.6104359633,40.6104359633,1,True,0.928547090915,1,0.0285470909154,18,3.62390068266,0.60398344711,1,1,2,0.620682565086,False,False,False,False,3237.500815,1628.2643,0,2.41584530158e-13,2.09610107049e-13,1.11022302463e-16,0,0,0,40.6104359633,187.5,True,YES
375,28,1065,300,0,120,150,0,37.5,37.5,True,37.5,37.5,1,True,0.928547090915,1,0.0285470909154,18,3.62390068266,0.60398344711,1,1,2,0.620682565086,False,False,False,False,3237.500815,1628.2643,0,2.41584530158e-13,2.09610107049e-13,1.11022302463e-16,0,0,0,37.5,187.5,True,YES
376,28,2,300,10.0422994862,120,150,0,37.5,37.5,True,37.5,37.5,1,True,0.92802733156,1,0.0280273315597,18,3.63287502002,0.605479170004,1,1,2,0.621963572298,False,False,False,False,3247.54311449,1628.2643,0,8.52651282912e-14,2.09610107049e-13,1.11022302463e-16,0,0,0,37.5,187.5,True,YES
377,28,3,300,87.3755375011,120,150,0,37.5,37.5,True,37.5,37.5,1,True,0.924015000171,1,0.0240150001708,18,3.7021679311,0.617027988517,1,1,2,0.631828288617,False,False,False,False,3324.8763525,1628.2643,0,8.52651282912e-14,2.09610107049e-13,1.11022302463e-16,0,0,0,37.5,187.5,True,YES
378,28,5,300,119.317546196,120,150,0,37.5,37.5,True,37.5,37.5,1,True,0.92235263836,1,0.0223526383596,18,3.73088114803,0.621813524671,1,1,2,0.635902847792,False,False,False,False,3356.8183612,1628.2643,0,2.41584530158e-13,2.09610107049e-13,1.11022302463e-16,0,0,0,37.5,187.5,True,YES
379,28,16,300,153.250787905,44.7012212403,150,0,37.5,37.5,True,37.5,37.5,1,True,0.926209883089,1,0.026209883089,18,3.69370708906,0.615617848177,1,1,2,0.630626212559,False,False,False,False,3315.45282415,1628.2643,0,1.42108547152e-13,2.09610107049e-13,1.11022302463e-16,0,0,0,37.5,187.5,True,YES
380,28,1,300,170.718361868,0,150,0,37.5,37.5,True,37.5,37.5,1,True,0.928630671126,1,0.0286306711259,18,3.66928194417,0.611546990694,1,1,2,0.627152257353,False,False,False,False,3288.21917687,1628.2643,0,8.52651282912e-14,2.09610107049e-13,1.11022302463e-16,0,0,0,37.5,187.5,True,YES
381,28,1,300,170.718361868,0,150,0,37.5,37.5,True,37.5,37.5,1,True,0.928630671126,1,0.0286306711259,18,3.66928194417,0.611546990694,1,1,2,0.627152257353,False,False,False,False,3288.21917687,1628.2643,0,1.42108547152e-13,2.09610107049e-13,1.11022302463e-16,0,0,0,37.5,187.5,True,YES
382,28,34,300,180.199286547,120,150,0,37.5,37.5,True,37.5,37.5,1,True,0.919175836491,1,0.019175836491,18,3.78575205405,0.630958675676,1,1,2,0.643668992247,False,False,False,False,3417.70010155,1628.2643,0,2.41584530158e-13,2.09610107049e-13,1.11022302463e-16,0,0,0,37.5,187.5,True,YES
383,28,1,300,187.452057273,120,150,0,37.5,37.5,True,37.5,37.5,1,True,0.918796655593,1,0.0187966555928,18,3.79230099121,0.632050165202,1,1,2,0.644594163979,False,False,False,False,3424.95287227,1628.2643,0,2.41584530158e-13,2.09610107049e-13,1.11022302463e-16,0,0,0,37.5,187.5,True,YES
384,28,30,300,196.775721126,120,150,0,37.5,37.5,True,37.5,37.5,1,True,0.918308976667,1,0.0183089766674,18,3.80072360969,0.633453934948,1,1,2,0.645783501207,False,False,False,False,3434.27653613,1628.2643,0,2.13162820728e-13,2.09610107049e-13,1.11022302463e-16,0,0,0,37.5,187.5,True,YES
385,28,230,300,200,0,150,0,37.5,37.5,True,37.5,37.5,1,True,0.927114463949,1,0.027114463949,18,3.69554546558,0.615924244264,1,1,2,0.630887456615,False,False,False,False,3317.500815,1628.2643,0,1.42108547152e-13,2.09610107049e-13,1.11022302463e-16,0,0,0,37.5,187.5,True,YES
386,28,40,300,200,12.3868132984,150,0,37.5,37.5,True,37.5,37.5,1,True,0.92619214123,1,0.0261921412304,18,3.70666915812,0.61777819302,1,1,2,0.632467532692,False,False,False,False,3329.8876283,1628.2643,0,8.52651282912e-14,2.09610107049e-13,1.11022302463e-16,0,0,0,37.5,187.5,True,YES
387,28,1,300,200,23.2020315477,150,0,37.5,37.5,True,37.5,37.5,1,True,0.925386087838,1,0.0253860878376,18,3.71638805019,0.619398008365,1,1,2,0.633847134305,False,False,False,False,3340.70284655,1628.2643,0,4.68958205602e-13,2.09610107049e-13,1.11022302463e-16,0,0,0,37.5,187.5,True,YES
388,28,2,300,200,102.195057118,150,0,37.5,37.5,True,37.5,37.5,1,True,0.91947734466,1,0.0194773446603,18,3.78755389248,0.63125898208,1,1,2,0.643923575024,False,False,False,False,3419.69587212,1628.2643,0,2.13162820728e-13,2.09610107049e-13,1.11022302463e-16,0,0,0,37.5,187.5,True,YES
389,28,2457,300,200,120,150,0,37.5,37.5,True,37.5,37.5,1,True,0.918140268862,1,0.0181402688616,18,3.80363727027,0.633939545045,1,1,2,0.646194793909,False,False,False,False,3437.500815,1628.2643,0,2.13162820728e-13,2.09610107049e-13,1.11022302463e-16,0,0,0,37.5,187.5,True,YES
390,29,493,0,0,0,0,150,37.5,187.5,True,187.5,187.5,1,True,0.93696679434,1,0.0369667943399,33,3.21419004734,0.535698341224,1,1,2,0.560084735416,False,False,False,False,2783.501135,1607.2147,0,2.98427949019e-13,1.84741111298e-13,1.11022302463e-16,0,0,0,187.5,187.5,True,YES
391,29,2,0,0,0,1.95198522322,148.048014777,37.5,185.548014777,True,185.548014777,185.548014777,1,True,0.93696679434,1,0.0369667943399,33,3.21419004734,0.535698341224,1,1,2,0.560084735416,False,False,False,False,2783.501135,1607.2147,0,2.98427949019e-13,1.84741111298e-13,1.11022302463e-16,0,0,0,185.548014777,187.5,True,YES
392,29,34,0,0,0,4.864202921,145.135797079,37.5,182.635797079,True,182.635797079,182.635797079,1,True,0.93696679434,1,0.0369667943399,33,3.21419004734,0.535698341224,1,1,2,0.560084735416,False,False,False,False,2783.501135,1607.2147,0,2.98427949019e-13,1.84741111298e-13,1.11022302463e-16,0,0,0,182.635797079,187.5,True,YES
393,29,1,0,0,0,48.0269979376,101.973002062,37.5,139.473002062,True,139.473002062,139.473002062,1,True,0.93696679434,1,0.0369667943399,33,3.21419004734,0.535698341224,1,1,2,0.560084735416,False,False,False,False,2783.501135,1607.2147,0,2.98427949019e-13,1.84741111298e-13,1.11022302463e-16,0,0,0,139.473002062,187.5,True,YES
394,29,4,0,0,0,49.6642606156,100.335739384,37.5,137.835739384,True,137.835739384,137.835739384,1,True,0.93696679434,1,0.0369667943399,33,3.21419004734,0.535698341224,1,1,2,0.560084735416,False,False,False,False,2783.501135,1607.2147,0,2.98427949019e-13,1.84741111298e-13,1.11022302463e-16,0,0,0,137.835739384,187.5,True,YES
395,29,1,0,0,0,61.3473702537,88.6526297463,37.5,126.152629746,True,126.152629746,126.152629746,1,True,0.93696679434,1,0.0369667943399,33,3.21419004734,0.535698341224,1,1,2,0.560084735416,False,False,False,False,2783.501135,1607.2147,0,2.98427949019e-13,1.84741111298e-13,1.11022302463e-16,0,0,0,126.152629746,187.5,True,YES
396,29,1,0,0,0,61.3473702537,88.6526297463,37.5,126.152629746,True,126.152629746,126.152629746,1,True,0.93696679434,1,0.0369667943399,33,3.21419004734,0.535698341224,1,1,2,0.560084735416,False,False,False,False,2783.501135,1607.2147,0,2.98427949019e-13,1.84741111298e-13,1.11022302463e-16,0,0,0,126.152629746,187.5,True,YES
397,29,1,0,0,0,68.8736222566,81.1263777434,37.5,118.626377743,True,118.626377743,118.626377743,1,True,0.93696679434,1,0.0369667943399,33,3.21419004734,0.535698341224,1,1,2,0.560084735416,False,False,False,False,2783.501135,1607.2147,0,2.98427949019e-13,1.84741111298e-13,1.11022302463e-16,0,0,0,118.626377743,187.5,True,YES
398,29,39,0,0,0,150,0,37.5,37.5,True,37.5,37.5,1,True,0.93696679434,1,0.0369667943399,33,3.21419004734,0.535698341224,1,1,2,0.560084735416,False,False,False,False,2783.501135,1607.2147,0,2.98427949019e-13,1.84741111298e-13,1.11022302463e-16,0,0,0,37.5,187.5,True,YES
399,29,5,0,0,120,0,150,37.5,187.5,True,187.5,187.5,1,True,0.930518344375,1,0.030518344375,18,3.3186530299,0.553108838316,1,1,2,0.57539207271,False,False,False,False,2903.501135,1607.2147,0,2.98427949019e-13,1.84741111298e-13,1.11022302463e-16,0,0,0,187.5,187.5,True,YES
400,29,4,0,0,120,150,0,37.5,37.5,True,37.5,37.5,1,True,0.930518344375,1,0.030518344375,18,3.3186530299,0.553108838316,1,1,2,0.57539207271,False,False,False,False,2903.501135,1607.2147,0,2.98427949019e-13,1.84741111298e-13,1.11022302463e-16,0,0,0,37.5,187.5,True,YES
401,29,1,0,200,120,61.5492867991,88.4507132009,37.5,125.950713201,True,125.950713201,125.950713201,1,True,0.920133817701,1,0.0201338177005,18,3.49497616399,0.582496027331,1,1,2,0.600904301534,False,False,False,False,3103.501135,1607.2147,0,2.98427949019e-13,1.84741111298e-13,1.11022302463e-16,0,0,0,125.950713201,187.5,True,YES
402,29,6,0,200,120,150,0,37.5,37.5,True,37.5,37.5,1,True,0.920133817701,1,0.0201338177005,18,3.49497616399,0.582496027331,1,1,2,0.600904301534,False,False,False,False,3103.501135,1607.2147,0,2.98427949019e-13,1.84741111298e-13,1.11022302463e-16,0,0,0,37.5,187.5,True,YES
403,29,1,9.86769553952,0,0,150,0,37.5,37.5,True,37.5,37.5,1,True,0.936928340708,1,0.0369283407085,33,3.22273928752,0.537123214587,1,1,2,0.561343469949,False,False,False,False,2793.36883054,1607.2147,0,2.98427949019e-13,1.84741111298e-13,1.11022302463e-16,0,0,0,37.5,187.5,True,YES
404,29,1,11.6533413664,0,0,63.2112262828,86.7887737172,37.5,124.288773717,True,124.288773717,124.288773717,1,True,0.936921382019,1,0.0369213820189,33,3.22428715201,0.537381192002,1,1,2,0.561571248973,False,False,False,False,2795.15447637,1607.2147,0,2.98427949019e-13,1.84741111298e-13,1.11022302463e-16,0,0,0,124.288773717,187.5,True,YES
405,29,19,12.7954560094,0,0,0,150,37.5,187.5,True,187.5,187.5,1,True,0.936916931153,1,0.0369169311532,33,3.22527730851,0.537546218085,1,1,2,0.561716938424,False,False,False,False,2796.29659101,1607.2147,0,2.98427949019e-13,1.84741111298e-13,1.11022302463e-16,0,0,0,187.5,187.5,True,YES
406,29,5,12.7954560094,0,0,0,150,37.5,187.5,True,187.5,187.5,1,True,0.936916931153,1,0.0369169311532,33,3.22527730851,0.537546218085,1,1,2,0.561716938424,False,False,False,False,2796.29659101,1607.2147,0,2.98427949019e-13,1.84741111298e-13,1.11022302463e-16,0,0,0,187.5,187.5,True,YES
407,29,41,12.7954560094,0,0,146.889564037,3.11043596332,37.5,40.6104359633,True,40.6104359633,40.6104359633,1,True,0.936916931153,1,0.0369169311532,33,3.22527730851,0.537546218085,1,1,2,0.561716938424,False,False,False,False,2796.29659101,1607.2147,0,2.98427949019e-13,1.84741111298e-13,1.11022302463e-16,0,0,0,40.6104359633,187.5,True,YES
408,29,20,12.7954560094,0,0,150,0,37.5,37.5,True,37.5,37.5,1,True,0.936916931153,1,0.0369169311532,33,3.22527730851,0.537546218085,1,1,2,0.561716938424,False,False,False,False,2796.29659101,1607.2147,0,2.98427949019e-13,1.84741111298e-13,1.11022302463e-16,0,0,0,37.5,187.5,True,YES
409,29,14,12.7954560094,0,0,0,150,37.5,187.5,True,187.5,187.5,1,True,0.936916931153,1,0.0369169311532,33,3.22527730851,0.537546218085,1,1,2,0.561716938424,False,False,False,False,2796.29659101,1607.2147,0,2.98427949019e-13,1.84741111298e-13,1.11022302463e-16,0,0,0,187.5,187.5,True,YES
410,29,22,12.7954560094,0,0,139.003275401,10.9967245989,37.5,48.4967245989,True,48.4967245989,48.4967245989,1,True,0.936916931153,1,0.0369169311532,33,3.22527730851,0.537546218085,1,1,2,0.561716938424,False,False,False,False,2796.29659101,1607.2147,0,2.98427949019e-13,1.84741111298e-13,1.11022302463e-16,0,0,0,48.4967245989,187.5,True,YES
411,29,75,12.7954560094,0,0,150,0,37.5,37.5,True,37.5,37.5,1,True,0.936916931153,1,0.0369169311532,33,3.22527730851,0.537546218085,1,1,2,0.561716938424,False,False,False,False,2796.29659101,1607.2147,0,2.98427949019e-13,1.84741111298e-13,1.11022302463e-16,0,0,0,37.5,187.5,True,YES
412,29,8,12.7954560094,0,0,150,0,37.5,37.5,True,37.5,37.5,1,True,0.936916931153,1,0.0369169311532,33,3.22527730851,0.537546218085,1,1,2,0.561716938424,False,False,False,False,2796.29659101,1607.2147,0,2.98427949019e-13,1.84741111298e-13,1.11022302463e-16,0,0,0,37.5,187.5,True,YES
413,29,41,22.8324484035,0,0,150,0,37.5,37.5,True,37.5,37.5,1,True,0.93687781569,1,0.0368778156898,33,3.23398319,0.538997198334,1,1,2,0.562997268657,False,False,False,False,2806.3335834,1607.2147,0,2.98427949019e-13,1.84741111298e-13,1.11022302463e-16,0,0,0,37.5,187.5,True,YES
414,29,6,26.1205130538,0,0,63.2112262828,86.7887737172,37.5,124.288773717,True,124.288773717,124.288773717,1,True,0.93686500132,1,0.0368650013195,33,3.236836866,0.539472811,1,1,2,0.563416697946,False,False,False,False,2809.62164805,1607.2147,0,2.98427949019e-13,1.84741111298e-13,1.11022302463e-16,0,0,0,124.288773717,187.5,True,YES
415,29,36,39.6094154831,0,0,150,0,37.5,37.5,True,37.5,37.5,1,True,0.936812430023,1,0.0368124300228,33,3.24855233483,0.541425389139,1,1,2,0.565137357773,False,False,False,False,2823.11055048,1607.2147,0,2.98427949019e-13,1.84741111298e-13,1.11022302463e-16,0,0,0,37.5,187.5,True,YES
416,29,69,39.6094154831,0,0,150,0,37.5,37.5,True,37.5,37.5,1,True,0.936812430023,1,0.0368124300228,33,3.24855233483,0.541425389139,1,1,2,0.565137357773,False,False,False,False,2823.11055048,1607.2147,0,2.98427949019e-13,1.84741111298e-13,1.11022302463e-16,0,0,0,37.5,187.5,True,YES
417,29,24,39.6094154831,0,0,150,0,37.5,37.5,True,37.5,37.5,1,True,0.936812430023,1,0.0368124300228,33,3.24855233483,0.541425389139,1,1,2,0.565137357773,False,False,False,False,2823.11055048,1607.2147,0,2.98427949019e-13,1.84741111298e-13,1.11022302463e-16,0,0,0,37.5,187.5,True,YES
418,29,102,39.6094154831,0,0,150,0,37.5,37.5,True,37.5,37.5,1,True,0.936812430023,1,0.0368124300228,33,3.24855233483,0.541425389139,1,1,2,0.565137357773,False,False,False,False,2823.11055048,1607.2147,0,2.98427949019e-13,1.84741111298e-13,1.11022302463e-16,0,0,0,37.5,187.5,True,YES
419,29,1,51.6625973034,0,0,150,0,37.5,37.5,True,37.5,37.5,1,True,0.93676545177,1,0.0367654517702,33,3.25903244551,0.543172074251,1,1,2,0.566674875436,False,False,False,False,2835.1637323,1607.2147,0,2.98427949019e-13,1.84741111298e-13,1.11022302463e-16,0,0,0,37.5,187.5,True,YES
420,29,1,62.1202949703,0,0,150,0,37.5,37.5,True,37.5,37.5,1,True,0.936724690137,1,0.0367246901375,33,3.26813408761,0.544689014602,1,1,2,0.568008871315,False,False,False,False,2845.62142997,1607.2147,0,2.98427949019e-13,1.84741111298e-13,1.11022302463e-16,0,0,0,37.5,187.5,True,YES
421,29,1,82.8242121426,0,0,150,0,37.5,37.5,True,37.5,37.5,1,True,0.936643985931,1,0.0366439859315,33,3.28617712358,0.547696187264,1,1,2,0.570649886677,False,False,False,False,2866.32534714,1607.2147,0,2.98427949019e-13,1.84741111298e-13,1.11022302463e-16,0,0,0,37.5,187.5,True,YES
422,29,2,88.1375552253,0,0,150,0,37.5,37.5,True,37.5,37.5,1,True,0.936623273312,1,0.0366232733124,33,3.29081264418,0.54846877403,1,1,2,0.5713276628,False,False,False,False,2871.63869023,1607.2147,0,2.98427949019e-13,1.84741111298e-13,1.11022302463e-16,0,0,0,37.5,187.5,True,YES
423,29,30,92.1685574922,0,0,150,0,37.5,37.5,True,37.5,37.5,1,True,0.936607559244,1,0.0366075592437,33,3.2943307776,0.549055129599,1,1,2,0.571841862061,False,False,False,False,2875.66969249,1607.2147,0,2.98427949019e-13,1.84741111298e-13,1.11022302463e-16,0,0,0,37.5,187.5,True,YES
424,29,3,132.254914111,0,0,150,0,37.5,37.5,True,37.5,37.5,1,True,0.936451276125,1,0.0364512761254,33,3.32938018704,0.554896697839,1,1,2,0.576955323575,False,False,False,False,2915.75604911,1607.2147,0,2.98427949019e-13,1.84741111298e-13,1.11022302463e-16,0,0,0,37.5,187.5,True,YES
425,29,1,134.114662423,0,0,0,150,37.5,187.5,True,187.5,187.5,1,True,0.936444024964,1,0.0364440249639,33,3.33100901129,0.555168168548,1,1,2,0.577192555198,False,False,False,False,2917.61579742,1607.2147,0,2.98427949019e-13,1.84741111298e-13,1.11022302463e-16,0,0,0,187.5,187.5,True,YES
426,29,1,137.675662159,200,120,150,0,37.5,37.5,True,37.5,37.5,1,True,0.919587340469,1,0.0195873404685,18,3.61778469817,0.602964116362,1,1,2,0.618466366516,False,False,False,False,3241.17679716,1607.2147,0,2.98427949019e-13,1.84741111298e-13,1.11022302463e-16,0,0,0,37.5,187.5,True,YES
427,29,24,141.786662227,0,0,33.7205026091,116.279497391,37.5,153.779497391,True,153.779497391,153.779497391,1,True,0.936414111232,1,0.0364141112316,33,3.33773093411,0.556288489018,1,1,2,0.57817120427,False,False,False,False,2925.28779723,1607.2147,0,2.98427949019e-13,1.84741111298e-13,1.11022302463e-16,0,0,0,153.779497391,187.5,True,YES
428,29,7,151.527024653,0,0,146.889564037,3.11043596332,37.5,40.6104359633,True,40.6104359633,40.6104359633,1,True,0.936376131414,1,0.0363761314135,33,3.34627096779,0.557711827965,1,1,2,0.579413696046,False,False,False,False,2935.02815965,1607.2147,0,2.98427949019e-13,1.84741111298e-13,1.11022302463e-16,0,0,0,40.6104359633,187.5,True,YES
429,29,1,151.527024653,0,0,150,0,37.5,37.5,True,37.5,37.5,1,True,0.936376131414,1,0.0363761314135,33,3.34627096779,0.557711827965,1,1,2,0.579413696046,False,False,False,False,2935.02815965,1607.2147,0,2.98427949019e-13,1.84741111298e-13,1.11022302463e-16,0,0,0,37.5,187.5,True,YES
430,29,3,151.527024653,0,0,139.003275401,10.9967245989,37.5,48.4967245989,True,48.4967245989,48.4967245989,1,True,0.936376131414,1,0.0363761314135,33,3.34627096779,0.557711827965,1,1,2,0.579413696046,False,False,False,False,2935.02815965,1607.2147,0,2.98427949019e-13,1.84741111298e-13,1.11022302463e-16,0,0,0,48.4967245989,187.5,True,YES
431,29,2,151.527024653,0,0,150,0,37.5,37.5,True,37.5,37.5,1,True,0.936376131414,1,0.0363761314135,33,3.34627096779,0.557711827965,1,1,2,0.579413696046,False,False,False,False,2935.02815965,1607.2147,0,2.98427949019e-13,1.84741111298e-13,1.11022302463e-16,0,0,0,37.5,187.5,True,YES
432,29,6,156.550837306,0,0,146.889564037,3.11043596332,37.5,40.6104359633,True,40.6104359633,40.6104359633,1,True,0.936356541859,1,0.0363565418595,33,3.35067824354,0.558446373924,1,1,2,0.580054539335,False,False,False,False,2940.05197231,1607.2147,0,2.98427949019e-13,1.84741111298e-13,1.11022302463e-16,0,0,0,40.6104359633,187.5,True,YES
433,29,1,156.550837306,0,0,139.003275401,10.9967245989,37.5,48.4967245989,True,48.4967245989,48.4967245989,1,True,0.936356541859,1,0.0363565418595,33,3.35067824354,0.558446373924,1,1,2,0.580054539335,False,False,False,False,2940.05197231,1607.2147,0,2.98427949019e-13,1.84741111298e-13,1.11022302463e-16,0,0,0,48.4967245989,187.5,True,YES
434,29,3,178.340984127,0,0,150,0,37.5,37.5,True,37.5,37.5,1,True,0.936271569922,1,0.0362715699223,33,3.36981421306,0.561635702176,1,1,2,0.582834115394,False,False,False,False,2961.84211913,1607.2147,0,2.98427949019e-13,1.84741111298e-13,1.11022302463e-16,0,0,0,37.5,187.5,True,YES
435,29,1,178.340984127,0,0,150,0,37.5,37.5,True,37.5,37.5,1,True,0.936271569922,1,0.0362715699223,33,3.36981421306,0.561635702176,1,1,2,0.582834115394,False,False,False,False,2961.84211913,1607.2147,0,2.98427949019e-13,1.84741111298e-13,1.11022302463e-16,0,0,0,37.5,187.5,True,YES
436,29,3,178.340984127,0,0,150,0,37.5,37.5,True,37.5,37.5,1,True,0.936271569922,1,0.0362715699223,33,3.36981421306,0.561635702176,1,1,2,0.582834115394,False,False,False,False,2961.84211913,1607.2147,0,2.98427949019e-13,1.84741111298e-13,1.11022302463e-16,0,0,0,37.5,187.5,True,YES
437,29,1,183.36479678,0,0,150,0,37.5,37.5,True,37.5,37.5,1,True,0.93625197818,1,0.0362519781804,33,3.37423066032,0.56237177672,1,1,2,0.583474958684,False,False,False,False,2966.86593178,1607.2147,0,2.98427949019e-13,1.84741111298e-13,1.11022302463e-16,0,0,0,37.5,187.5,True,YES
438,29,1,183.36479678,0,0,150,0,37.5,37.5,True,37.5,37.5,1,True,0.93625197818,1,0.0362519781804,33,3.37423066032,0.56237177672,1,1,2,0.583474958684,False,False,False,False,2966.86593178,1607.2147,0,2.98427949019e-13,1.84741111298e-13,1.11022302463e-16,0,0,0,37.5,187.5,True,YES
439,29,2,191.370438265,0,0,0,150,37.5,187.5,True,187.5,187.5,1,True,0.936220757128,1,0.0362207571282,33,3.38127194548,0.563545324247,1,1,2,0.584496167471,False,False,False,False,2974.87157326,1607.2147,0,2.98427949019e-13,1.84741111298e-13,1.11022302463e-16,0,0,0,187.5,187.5,True,YES
440,29,2,201.695906812,0,0,150,0,37.5,37.5,True,37.5,37.5,1,True,0.936180487488,1,0.036180487488,33,3.39035993227,0.565059988712,1,1,2,0.585813296053,False,False,False,False,2985.19704181,1607.2147,0,2.98427949019e-13,1.84741111298e-13,1.11022302463e-16,0,0,0,37.5,187.5,True,YES
441,29,1,213.94392889,0,0,146.889564037,3.11043596332,37.5,40.6104359633,True,40.6104359633,40.6104359633,1,True,0.936132717585,1,0.0361327175847,33,3.40114921798,0.566858202996,1,1,2,0.587375667762,False,False,False,False,2997.44506389,1607.2147,0,2.98427949019e-13,1.84741111298e-13,1.11022302463e-16,0,0,0,40.6104359633,187.5,True,YES
442,29,1,213.94392889,0,0,150,0,37.5,37.5,True,37.5,37.5,1,True,0.936132717585,1,0.0361327175847,33,3.40114921798,0.566858202996,1,1,2,0.587375667762,False,False,False,False,2997.44506389,1607.2147,0,2.98427949019e-13,1.84741111298e-13,1.11022302463e-16,0,0,0,37.5,187.5,True,YES
443,29,12,217.478406003,0,0,150,0,37.5,37.5,True,37.5,37.5,1,True,0.936118931916,1,0.0361189319155,33,3.40426457512,0.567377429187,1,1,2,0.587826529707,False,False,False,False,3000.979541,1607.2147,0,2.98427949019e-13,1.84741111298e-13,1.11022302463e-16,0,0,0,37.5,187.5,True,YES
444,29,1,253.61974475,0,0,150,0,37.5,37.5,True,37.5,37.5,1,True,0.935977956684,1,0.0359779566842,33,3.43616680767,0.572694467944,1,1,2,0.592436760227,False,False,False,False,3037.12087975,1607.2147,0,2.98427949019e-13,1.84741111298e-13,1.11022302463e-16,0,0,0,37.5,187.5,True,YES
445,29,3,256.974298526,0,0,146.889564037,3.11043596332,37.5,40.6104359633,True,40.6104359633,40.6104359633,1,True,0.935964870619,1,0.035964870619,33,3.43913215125,0.573188691875,1,1,2,0.592864670945,False,False,False,False,3040.47543353,1607.2147,0,2.98427949019e-13,1.84741111298e-13,1.11022302463e-16,0,0,0,40.6104359633,187.5,True,YES
446,29,1,256.974298526,0,0,150,0,37.5,37.5,True,37.5,37.5,1,True,0.935964870619,1,0.035964870619,33,3.43913215125,0.573188691875,1,1,2,0.592864670945,False,False,False,False,3040.47543353,1607.2147,0,2.98427949019e-13,1.84741111298e-13,1.11022302463e-16,0,0,0,37.5,187.5,True,YES
447,29,19,267.01129092,0,0,150,0,37.5,37.5,True,37.5,37.5,1,True,0.935925715366,1,0.0359257153658,33,3.44800886782,0.574668144637,1,1,2,0.594145001178,False,False,False,False,3050.51242592,1607.2147,0,2.98427949019e-13,1.84741111298e-13,1.11022302463e-16,0,0,0,37.5,187.5,True,YES
448,29,3,283.788258,0,0,150,0,37.5,37.5,True,37.5,37.5,1,True,0.935860263179,1,0.0358602631785,33,3.46286056784,0.577143427973,1,1,2,0.596285090294,False,False,False,False,3067.289393,1607.2147,0,2.98427949019e-13,1.84741111298e-13,1.11022302463e-16,0,0,0,37.5,187.5,True,YES
449,29,1,298.328284322,0,0,0,150,37.5,187.5,True,187.5,187.5,1,True,0.935803534293,1,0.0358035342926,33,3.47574620214,0.57929103369,1,1,2,0.598139832687,False,False,False,False,3081.82941932,1607.2147,0,2.98427949019e-13,1.84741111298e-13,1.11022302463e-16,0,0,0,187.5,187.5,True,YES
450,29,12,300,0,0,0,150,37.5,187.5,True,187.5,187.5,1,True,0.935797011762,1,0.0357970117616,33,3.47722854317,0.579538090528,1,1,2,0.598353078652,False,False,False,False,3083.501135,1607.2147,0,2.98427949019e-13,1.84741111298e-13,1.11022302463e-16,0,0,0,187.5,187.5,True,YES
451,29,13,300,0,0,23.8820520055,126.117947994,37.5,163.617947994,True,163.617947994,163.617947994,1,True,0.935797011762,1,0.0357970117616,33,3.47722854317,0.579538090528,1,1,2,0.598353078652,False,False,False,False,3083.501135,1607.2147,0,2.98427949019e-13,1.84741111298e-13,1.11022302463e-16,0,0,0,163.617947994,187.5,True,YES
452,29,32,300,0,0,139.003275401,10.9967245989,37.5,48.4967245989,True,48.4967245989,48.4967245989,1,True,0.935797011762,1,0.0357970117616,33,3.47722854317,0.579538090528,1,1,2,0.598353078652,False,False,False,False,3083.501135,1607.2147,0,2.98427949019e-13,1.84741111298e-13,1.11022302463e-16,0,0,0,48.4967245989,187.5,True,YES
453,29,28,300,0,0,146.889564037,3.11043596332,37.5,40.6104359633,True,40.6104359633,40.6104359633,1,True,0.935797011762,1,0.0357970117616,33,3.47722854317,0.579538090528,1,1,2,0.598353078652,False,False,False,False,3083.501135,1607.2147,0,2.98427949019e-13,1.84741111298e-13,1.11022302463e-16,0,0,0,40.6104359633,187.5,True,YES
454,29,2000,300,0,0,150,0,37.5,37.5,True,37.5,37.5,1,True,0.935797011762,1,0.0357970117616,33,3.47722854317,0.579538090528,1,1,2,0.598353078652,False,False,False,False,3083.501135,1607.2147,0,2.98427949019e-13,1.84741111298e-13,1.11022302463e-16,0,0,0,37.5,187.5,True,YES
455,29,3,300,0,98.4744489674,150,0,37.5,37.5,True,37.5,37.5,1,True,0.930937232396,1,0.0309372323958,18,3.56484329373,0.594140548955,1,1,2,0.610914592028,False,False,False,False,3181.97558397,1607.2147,0,2.98427949019e-13,1.84741111298e-13,1.11022302463e-16,0,0,0,37.5,187.5,True,YES
456,29,1,300,0,106.997161804,150,0,37.5,37.5,True,37.5,37.5,1,True,0.930305336599,1,0.0303053365985,18,3.5724527252,0.595408787534,1,1,2,0.612001759029,False,False,False,False,3190.4982968,1607.2147,0,2.98427949019e-13,1.84741111298e-13,1.11022302463e-16,0,0,0,37.5,187.5,True,YES
457,29,752,300,0,120,150,0,37.5,37.5,True,37.5,37.5,1,True,0.929340445017,1,0.0293404450172,18,3.58407011843,0.597345019739,1,1,2,0.613660415946,False,False,False,False,3203.501135,1607.2147,0,2.98427949019e-13,1.84741111298e-13,1.11022302463e-16,0,0,0,37.5,187.5,True,YES
458,29,67,300,47.6860072616,120,150,0,37.5,37.5,True,37.5,37.5,1,True,0.926871878589,1,0.0268718785891,18,3.62675570254,0.604459283757,1,1,2,0.619743297591,False,False,False,False,3251.18714226,1607.2147,0,2.98427949019e-13,1.84741111298e-13,1.11022302463e-16,0,0,0,37.5,187.5,True,YES
459,29,24,300,71.453867201,0,150,0,37.5,37.5,True,37.5,37.5,1,True,0.934541215879,1,0.0345412158793,18,3.54074570646,0.59012428441,1,1,2,0.607467815703,False,False,False,False,3154.9550022,1607.2147,0,2.98427949019e-13,1.84741111298e-13,1.11022302463e-16,0,0,0,37.5,187.5,True,YES
460,29,1,300,94.7621729715,0,150,0,37.5,37.5,True,37.5,37.5,1,True,0.933342151611,1,0.0333421516111,18,3.56153011312,0.593588352187,1,1,2,0.610441049855,False,False,False,False,3178.26330797,1607.2147,0,2.98427949019e-13,1.84741111298e-13,1.11022302463e-16,0,0,0,37.5,187.5,True,YES
461,29,87,300,138.018712258,120,150,0,37.5,37.5,True,37.5,37.5,1,True,0.922177501037,1,0.0221775010366,18,3.70795010505,0.617991684174,1,1,2,0.631266240791,False,False,False,False,3341.51984726,1607.2147,0,2.98427949019e-13,1.84741111298e-13,1.11022302463e-16,0,0,0,37.5,187.5,True,YES
462,29,5,300,185.84403397,0,150,0,37.5,37.5,True,37.5,37.5,1,True,0.928641722691,1,0.0286417226912,18,3.64304226242,0.607173710403,1,1,2,0.622059556253,False,False,False,False,3269.34516897,1607.2147,0,2.98427949019e-13,1.84741111298e-13,1.11022302463e-16,0,0,0,37.5,187.5,True,YES
463,29,14,300,195.443487707,120,150,0,37.5,37.5,True,37.5,37.5,1,True,0.919180806268,1,0.0191808062682,18,3.75978239266,0.626630398776,1,1,2,0.638591410848,False,False,False,False,3398.94462271,1607.2147,0,2.98427949019e-13,1.84741111298e-13,1.11022302463e-16,0,0,0,37.5,187.5,True,YES
464,29,9,300,200,0,150,0,37.5,37.5,True,37.5,37.5,1,True,0.927909042935,1,0.0279090429351,18,3.65575146795,0.609291911326,1,1,2,0.623865307475,False,False,False,False,3283.501135,1607.2147,0,2.98427949019e-13,1.84741111298e-13,1.11022302463e-16,0,0,0,37.5,187.5,True,YES
465,29,1591,300,200,120,150,0,37.5,37.5,True,37.5,37.5,1,True,0.918942607567,1,0.0189426075673,18,3.76390210657,0.627317017762,1,1,2,0.63917264477,False,False,False,False,3403.501135,1607.2147,0,2.98427949019e-13,1.84741111298e-13,1.11022302463e-16,0,0,0,37.5,187.5,True,YES
466,30,1215,0,0,0,0,150,37.5,187.5,True,187.5,187.5,1,True,0.938698339763,1,0.0386983397631,33,3.12249569414,0.520415949024,1,1,2,0.543974918617,False,False,False,False,2705.500995,1558.9239,0,1.56319401867e-13,1.10134124043e-13,1.11022302463e-16,0,0,0,187.5,187.5,True,YES
467,30,1,0,0,0,1.95198522322,148.048014777,37.5,185.548014777,True,185.548014777,185.548014777,1,True,0.938698339763,1,0.0386983397631,33,3.12249569414,0.520415949024,1,1,2,0.543974918617,False,False,False,False,2705.500995,1558.9239,0,1.56319401867e-13,1.10134124043e-13,1.11022302463e-16,0,0,0,185.548014777,187.5,True,YES
468,30,2,0,0,0,25.2204234147,124.779576585,37.5,162.279576585,True,162.279576585,162.279576585,1,True,0.938698339763,1,0.0386983397631,33,3.12249569414,0.520415949024,1,1,2,0.543974918617,False,False,False,False,2705.500995,1558.9239,0,1.56319401867e-13,1.10134124043e-13,1.11022302463e-16,0,0,0,162.279576585,187.5,True,YES
469,30,1,0,0,0,139.404411542,10.5955884582,37.5,48.0955884582,True,48.0955884582,48.0955884582,1,True,0.938698339763,1,0.0386983397631,33,3.12249569414,0.520415949024,1,1,2,0.543974918617,False,False,False,False,2705.500995,1558.9239,0,1.56319401867e-13,1.10134124043e-13,1.11022302463e-16,0,0,0,48.0955884582,187.5,True,YES
470,30,401,0,0,0,150,0,37.5,37.5,True,37.5,37.5,1,True,0.938698339763,1,0.0386983397631,33,3.12249569414,0.520415949024,1,1,2,0.543974918617,False,False,False,False,2705.500995,1558.9239,0,1.56319401867e-13,1.10134124043e-13,1.11022302463e-16,0,0,0,37.5,187.5,True,YES
471,30,2,0,0,120,0,150,37.5,187.5,True,187.5,187.5,1,True,0.932333562063,1,0.0323335620626,18,3.22702643292,0.537837738819,1,1,2,0.559282255912,False,False,False,False,2825.500995,1558.9239,0,1.56319401867e-13,1.10134124043e-13,1.11022302463e-16,0,0,0,187.5,187.5,True,YES
472,30,1,0,200,88.2437306074,150,0,37.5,37.5,True,37.5,37.5,1,True,0.92434301189,1,0.0243430118896,18,3.37531497909,0.562552496516,1,1,2,0.580743618679,False,False,False,False,2993.74472561,1558.9239,0,2.77111666946e-13,1.10134124043e-13,1.11022302463e-16,0,0,0,37.5,187.5,True,YES
473,30,1,0,200,120,0,150,37.5,187.5,True,187.5,187.5,1,True,0.921969481168,1,0.0219694811685,18,3.40351289064,0.56725214844,1,1,2,0.584794484736,False,False,False,False,3025.500995,1558.9239,0,1.7763568394e-13,1.10134124043e-13,1.11022302463e-16,0,0,0,187.5,187.5,True,YES
474,30,6,0,200,120,150,0,37.5,37.5,True,37.5,37.5,1,True,0.921969481168,1,0.0219694811685,18,3.40351289064,0.56725214844,1,1,2,0.584794484736,False,False,False,False,3025.500995,1558.9239,0,1.7763568394e-13,1.10134124043e-13,1.11022302463e-16,0,0,0,37.5,187.5,True,YES
475,30,7,12.7954560094,0,0,0,150,37.5,187.5,True,187.5,187.5,1,True,0.93864856856,1,0.0386485685601,33,3.13358888841,0.522264814735,1,1,2,0.545607121625,False,False,False,False,2718.29645101,1558.9239,0,1.56319401867e-13,1.10134124043e-13,1.11022302463e-16,0,0,0,187.5,187.5,True,YES
476,30,28,12.7954560094,0,0,0,150,37.5,187.5,True,187.5,187.5,1,True,0.93864856856,1,0.0386485685601,33,3.13358888841,0.522264814735,1,1,2,0.545607121625,False,False,False,False,2718.29645101,1558.9239,0,1.56319401867e-13,1.10134124043e-13,1.11022302463e-16,0,0,0,187.5,187.5,True,YES
477,30,22,12.7954560094,0,0,139.003275401,10.9967245989,37.5,48.4967245989,True,48.4967245989,48.4967245989,1,True,0.93864856856,1,0.0386485685601,33,3.13358888841,0.522264814735,1,1,2,0.545607121625,False,False,False,False,2718.29645101,1558.9239,0,1.56319401867e-13,1.10134124043e-13,1.11022302463e-16,0,0,0,48.4967245989,187.5,True,YES
478,30,25,12.7954560094,0,0,139.003275401,10.9967245989,37.5,48.4967245989,True,48.4967245989,48.4967245989,1,True,0.93864856856,1,0.0386485685601,33,3.13358888841,0.522264814735,1,1,2,0.545607121625,False,False,False,False,2718.29645101,1558.9239,0,1.56319401867e-13,1.10134124043e-13,1.11022302463e-16,0,0,0,48.4967245989,187.5,True,YES
479,30,33,12.7954560094,0,0,139.003275401,10.9967245989,37.5,48.4967245989,True,48.4967245989,48.4967245989,1,True,0.93864856856,1,0.0386485685601,33,3.13358888841,0.522264814735,1,1,2,0.545607121625,False,False,False,False,2718.29645101,1558.9239,0,1.56319401867e-13,1.10134124043e-13,1.11022302463e-16,0,0,0,48.4967245989,187.5,True,YES
480,30,37,12.7954560094,0,0,0,150,37.5,187.5,True,187.5,187.5,1,True,0.93864856856,1,0.0386485685601,33,3.13358888841,0.522264814735,1,1,2,0.545607121625,False,False,False,False,2718.29645101,1558.9239,0,1.56319401867e-13,1.10134124043e-13,1.11022302463e-16,0,0,0,187.5,187.5,True,YES
481,30,71,12.7954560094,0,0,139.003275401,10.9967245989,37.5,48.4967245989,True,48.4967245989,48.4967245989,1,True,0.93864856856,1,0.0386485685601,33,3.13358888841,0.522264814735,1,1,2,0.545607121625,False,False,False,False,2718.29645101,1558.9239,0,1.56319401867e-13,1.10134124043e-13,1.11022302463e-16,0,0,0,48.4967245989,187.5,True,YES
482,30,84,12.7954560094,0,0,150,0,37.5,37.5,True,37.5,37.5,1,True,0.93864856856,1,0.0386485685601,33,3.13358888841,0.522264814735,1,1,2,0.545607121625,False,False,False,False,2718.29645101,1558.9239,0,1.7763568394e-13,1.10134124043e-13,1.11022302463e-16,0,0,0,37.5,187.5,True,YES
483,30,1,25.1422437956,0,0,150,0,37.5,37.5,True,37.5,37.5,1,True,0.938600540065,1,0.0386005400651,33,3.14430536424,0.52405089404,1,1,2,0.547182092002,False,False,False,False,2730.6432388,1558.9239,0,1.7763568394e-13,1.10134124043e-13,1.11022302463e-16,0,0,0,37.5,187.5,True,YES
484,30,13,38.6342838524,0,0,0,150,37.5,187.5,True,187.5,187.5,1,True,0.938548053776,1,0.0385480537756,33,3.15602949204,0.52600491534,1,1,2,0.548903152068,False,False,False,False,2744.13527885,1558.9239,0,2.77111666946e-13,1.10134124043e-13,1.11022302463e-16,0,0,0,187.5,187.5,True,YES
485,30,36,39.445204886,0,0,0,150,37.5,187.5,True,187.5,187.5,1,True,0.938544899064,1,0.0385448990638,33,3.15673460498,0.526122434163,1,1,2,0.549006594083,False,False,False,False,2744.94619989,1558.9239,0,2.77111666946e-13,1.10134124043e-13,1.11022302463e-16,0,0,0,187.5,187.5,True,YES
486,30,83,39.609415483,0,0,150,0,37.5,37.5,True,37.5,37.5,1,True,0.938544260237,1,0.0385442602369,33,3.15687739574,0.526146232623,1,1,2,0.549027540974,False,False,False,False,2745.11041048,1558.9239,0,1.56319401867e-13,1.10134124043e-13,1.11022302463e-16,0,0,0,37.5,187.5,True,YES
487,30,14,39.6094154831,0,0,0,150,37.5,187.5,True,187.5,187.5,1,True,0.938544260237,1,0.0385442602369,33,3.15687739574,0.526146232623,1,1,2,0.549027540974,False,False,False,False,2745.11041048,1558.9239,0,1.56319401867e-13,1.10134124043e-13,1.11022302463e-16,0,0,0,187.5,187.5,True,YES
488,30,29,39.6094154831,0,0,146.889564037,3.11043596332,37.5,40.6104359633,True,40.6104359633,40.6104359633,1,True,0.938544260237,1,0.0385442602369,33,3.15687739574,0.526146232623,1,1,2,0.549027540974,False,False,False,False,2745.11041048,1558.9239,0,1.7763568394e-13,1.10134124043e-13,1.11022302463e-16,0,0,0,40.6104359633,187.5,True,YES
489,30,12,39.6094154831,0,0,0,150,37.5,187.5,True,187.5,187.5,1,True,0.938544260237,1,0.0385442602369,33,3.15687739574,0.526146232623,1,1,2,0.549027540974,False,False,False,False,2745.11041048,1558.9239,0,2.77111666946e-13,1.10134124043e-13,1.11022302463e-16,0,0,0,187.5,187.5,True,YES
490,30,85,39.6094154831,0,0,150,0,37.5,37.5,True,37.5,37.5,1,True,0.938544260237,1,0.0385442602369,33,3.15687739574,0.526146232623,1,1,2,0.549027540974,False,False,False,False,2745.11041048,1558.9239,0,1.7763568394e-13,1.10134124043e-13,1.11022302463e-16,0,0,0,37.5,187.5,True,YES
491,30,7,39.6094154831,0,0,150,0,37.5,37.5,True,37.5,37.5,1,True,0.938544260237,1,0.0385442602369,33,3.15687739574,0.526146232623,1,1,2,0.549027540974,False,False,False,False,2745.11041048,1558.9239,0,2.77111666946e-13,1.10134124043e-13,1.11022302463e-16,0,0,0,37.5,187.5,True,YES
492,30,79,43.5243048361,0,0,143.452224498,6.54777550157,37.5,44.0477755016,True,44.0477755016,44.0477755016,1,True,0.938529030052,1,0.0385290300525,33,3.16028223821,0.526713706368,1,1,2,0.549526928739,False,False,False,False,2749.02529984,1558.9239,0,2.77111666946e-13,1.10134124043e-13,1.11022302463e-16,0,0,0,44.0477755016,187.5,True,YES
493,30,1,130.613894325,200,120,150,0,37.5,37.5,True,37.5,37.5,1,True,0.92145207498,1,0.0214520749804,18,3.52012853751,0.586688089585,1,1,2,0.601455742534,False,False,False,False,3156.11488932,1558.9239,0,1.7763568394e-13,1.10134124043e-13,1.11022302463e-16,0,0,0,37.5,187.5,True,YES
494,30,1,209.842893625,200,23.021056956,150,0,37.5,37.5,True,37.5,37.5,1,True,0.928373952238,1,0.0283739522383,18,3.5042229178,0.584037152967,1,1,2,0.599191539402,False,False,False,False,3138.36494558,1558.9239,0,1.7763568394e-13,1.10134124043e-13,1.11022302463e-16,0,0,0,37.5,187.5,True,YES
495,30,1,286.239392974,200,0,150,0,37.5,37.5,True,37.5,37.5,1,True,0.929783393831,1,0.0297833938312,18,3.55210507027,0.592017511711,1,1,2,0.606000171901,False,False,False,False,3191.74038797,1558.9239,0,2.77111666946e-13,1.10134124043e-13,1.11022302463e-16,0,0,0,37.5,187.5,True,YES
496,30,1714,300,0,0,150,0,37.5,37.5,True,37.5,37.5,1,True,0.937530717684,1,0.0375307176836,33,3.38574658782,0.56429109797,1,1,2,0.582243261853,False,False,False,False,3005.500995,1558.9239,0,1.56319401867e-13,1.10134124043e-13,1.11022302463e-16,0,0,0,37.5,187.5,True,YES
497,30,34,300,0,73.577902624,150,0,37.5,37.5,True,37.5,37.5,1,True,0.934591498226,1,0.0345914982262,18,3.4512274025,0.575204567084,1,1,2,0.591628943294,False,False,False,False,3079.07889762,1558.9239,0,1.7763568394e-13,1.10134124043e-13,1.11022302463e-16,0,0,0,37.5,187.5,True,YES
498,30,42,300,0,116.323275167,150,0,37.5,37.5,True,37.5,37.5,1,True,0.931430363781,1,0.0314303637809,18,3.48941692834,0.581569488057,1,1,2,0.597081591921,False,False,False,False,3121.82427017,1558.9239,0,1.56319401867e-13,1.10134124043e-13,1.11022302463e-16,0,0,0,37.5,187.5,True,YES
499,30,701,300,0,120,150,0,37.5,37.5,True,37.5,37.5,1,True,0.931157958928,1,0.0311579589278,18,3.49270671482,0.582117785803,1,1,2,0.597550599148,False,False,False,False,3125.500995,1558.9239,0,1.56319401867e-13,1.10134124043e-13,1.11022302463e-16,0,0,0,37.5,187.5,True,YES
500,30,4,300,13.6569005145,120,150,0,37.5,37.5,True,37.5,37.5,1,True,0.930453030993,1,0.0304530309929,18,3.50493309764,0.584155516274,1,1,2,0.599292689002,False,False,False,False,3139.15789551,1558.9239,0,1.56319401867e-13,1.10134124043e-13,1.11022302463e-16,0,0,0,37.5,187.5,True,YES
501,30,1,300,26.8402796155,0,150,0,37.5,37.5,True,37.5,37.5,1,True,0.937146370126,1,0.0371463701258,33,3.40959489261,0.568265815435,1,1,2,0.585667038629,False,False,False,False,3032.34127462,1558.9239,0,1.56319401867e-13,1.10134124043e-13,1.11022302463e-16,0,0,0,37.5,187.5,True,YES
502,30,1,300,44.7412885384,120,150,0,37.5,37.5,True,37.5,37.5,1,True,0.928846554191,1,0.0288465541906,18,3.53280056928,0.58880009488,1,1,2,0.603257849103,False,False,False,False,3170.24228354,1558.9239,0,1.7763568394e-13,1.10134124043e-13,1.11022302463e-16,0,0,0,37.5,187.5,True,YES
503,30,2,300,179.876220124,49.0745476392,150,0,37.5,37.5,True,37.5,37.5,1,True,0.927123631134,1,0.0271236311345,18,3.590532263,0.598422043833,1,1,2,0.611448483736,False,False,False,False,3234.45176276,1558.9239,0,1.56319401867e-13,1.10134124043e-13,1.11022302463e-16,0,0,0,37.5,187.5,True,YES
504,30,10,300,200,0,150,0,37.5,37.5,True,37.5,37.5,1,True,0.929729355076,1,0.0297293550763,18,3.56447476565,0.594079127608,1,1,2,0.607755490677,False,False,False,False,3205.500995,1558.9239,0,1.56319401867e-13,1.10134124043e-13,1.11022302463e-16,0,0,0,37.5,187.5,True,YES
505,30,3,300,200,118.395636596,150,0,37.5,37.5,True,37.5,37.5,1,True,0.920900860869,1,0.0209008608693,18,3.67131210108,0.61188535018,1,1,2,0.62285817354,False,False,False,False,3323.8966316,1558.9239,0,1.7763568394e-13,1.10134124043e-13,1.11022302463e-16,0,0,0,37.5,187.5,True,YES
506,30,1,300,200,120,57.4090310325,92.5909689675,37.5,130.090968967,True,130.090968967,130.090968967,1,True,0.920780645829,1,0.0207806458285,18,3.6727647071,0.612127451184,1,1,2,0.623062827971,False,False,False,False,3325.500995,1558.9239,0,1.7763568394e-13,1.10134124043e-13,1.11022302463e-16,0,0,0,130.090968967,187.5,True,YES
507,30,1,300,200,120,57.4090310325,92.5909689675,37.5,130.090968967,True,130.090968967,130.090968967,1,True,0.920780645829,1,0.0207806458285,18,3.6727647071,0.612127451184,1,1,2,0.623062827971,False,False,False,False,3325.500995,1558.9239,0,1.7763568394e-13,1.10134124043e-13,1.11022302463e-16,0,0,0,130.090968967,187.5,True,YES
508,30,1,300,200,120,86.6362122508,63.3637877492,37.5,100.863787749,True,100.863787749,100.863787749,1,True,0.920780645829,1,0.0207806458285,18,3.6727647071,0.612127451184,1,1,2,0.623062827971,False,False,False,False,3325.500995,1558.9239,0,1.7763568394e-13,1.10134124043e-13,1.11022302463e-16,0,0,0,100.863787749,187.5,True,YES
509,30,2,300,200,120,126.507435991,23.4925640095,37.5,60.9925640095,True,60.9925640095,60.9925640095,1,True,0.920780645829,1,0.0207806458285,18,3.6727647071,0.612127451184,1,1,2,0.623062827971,False,False,False,False,3325.500995,1558.9239,0,1.7763568394e-13,1.10134124043e-13,1.11022302463e-16,0,0,0,60.9925640095,187.5,True,YES
510,30,1,300,200,120,130.459492015,19.5405079852,37.5,57.0405079852,True,57.0405079852,57.0405079852,1,True,0.920780645829,1,0.0207806458285,18,3.6727647071,0.612127451184,1,1,2,0.623062827971,False,False,False,False,3325.500995,1558.9239,0,1.7763568394e-13,1.10134124043e-13,1.11022302463e-16,0,0,0,57.0405079852,187.5,True,YES
511,30,1037,300,200,120,150,0,37.5,37.5,True,37.5,37.5,1,True,0.920780645829,1,0.0207806458285,18,3.6727647071,0.612127451184,1,1,2,0.623062827971,False,False,False,False,3325.500995,1558.9239,0,1.7763568394e-13,1.10134124043e-13,1.11022302463e-16,0,0,0,37.5,187.5,True,YES
512,31,2355,0,0,0,0,150,37.5,187.5,True,187.5,187.5,1,True,0.939939529194,1,0.0399395291939,33,3.05666572287,0.509444287145,1,1,2,0.532408935648,False,False,False,False,2649.501085,1524.2537,0,2.55795384874e-13,6.03961325396e-14,1.11022302463e-16,0,0,0,187.5,187.5,True,YES
513,31,4,0,0,0,30.1885164253,119.811483575,37.5,157.311483575,True,157.311483575,157.311483575,1,True,0.939939529194,1,0.0399395291939,33,3.05666572287,0.509444287145,1,1,2,0.532408935648,False,False,False,False,2649.501085,1524.2537,0,2.55795384874e-13,6.03961325396e-14,1.11022302463e-16,0,0,0,157.311483575,187.5,True,YES
514,31,34,0,0,0,74.430632061,75.569367939,37.5,113.069367939,True,113.069367939,113.069367939,1,True,0.939939529194,1,0.0399395291939,33,3.05666572287,0.509444287145,1,1,2,0.532408935648,False,False,False,False,2649.501085,1524.2537,0,2.55795384874e-13,6.03961325396e-14,1.11022302463e-16,0,0,0,113.069367939,187.5,True,YES
515,31,17,0,0,0,75.0012864918,74.9987135082,37.5,112.498713508,True,112.498713508,112.498713508,1,True,0.939939529194,1,0.0399395291939,33,3.05666572287,0.509444287145,1,1,2,0.532408935648,False,False,False,False,2649.501085,1524.2537,0,2.55795384874e-13,6.03961325396e-14,1.11022302463e-16,0,0,0,112.498713508,187.5,True,YES
516,31,5,0,0,0,110.121654051,39.8783459494,37.5,77.3783459494,True,77.3783459494,77.3783459494,1,True,0.939939529194,1,0.0399395291939,33,3.05666572287,0.509444287145,1,1,2,0.532408935648,False,False,False,False,2649.501085,1524.2537,0,2.55795384874e-13,6.03961325396e-14,1.11022302463e-16,0,0,0,77.3783459494,187.5,True,YES
517,31,1,0,0,0,120.123035078,29.876964922,37.5,67.376964922,True,67.376964922,67.376964922,1,True,0.939939529194,1,0.0399395291939,33,3.05666572287,0.509444287145,1,1,2,0.532408935648,False,False,False,False,2649.501085,1524.2537,0,2.55795384874e-13,6.03961325396e-14,1.11022302463e-16,0,0,0,67.376964922,187.5,True,YES
518,31,483,0,0,0,150,0,37.5,37.5,True,37.5,37.5,1,True,0.939939529194,1,0.0399395291939,33,3.05666572287,0.509444287145,1,1,2,0.532408935648,False,False,False,False,2649.501085,1524.2537,0,2.55795384874e-13,6.03961325396e-14,1.11022302463e-16,0,0,0,37.5,187.5,True,YES
519,31,1,0,0,120,150,0,37.5,37.5,True,37.5,37.5,1,True,0.933634614376,1,0.0336346143764,18,3.16124747557,0.526874579261,1,1,2,0.547716272943,False,False,False,False,2769.501085,1524.2537,0,2.55795384874e-13,6.03961325396e-14,1.11022302463e-16,0,0,0,37.5,187.5,True,YES
520,31,1,0,114.548590212,0,150,0,37.5,37.5,True,37.5,37.5,1,True,0.936603550624,1,0.0366035506237,18,3.15647270684,0.526078784473,1,1,2,0.547020884873,False,False,False,False,2764.04967521,1524.2537,0,2.55795384874e-13,6.03961325396e-14,1.11022302463e-16,0,0,0,37.5,187.5,True,YES
521,31,3,0,200,0,150,0,37.5,37.5,True,37.5,37.5,1,True,0.932209805987,1,0.0322098059867,18,3.23156398287,0.538593997145,1,1,2,0.557921164472,False,False,False,False,2849.501085,1524.2537,0,2.55795384874e-13,6.03961325396e-14,1.11022302463e-16,0,0,0,37.5,187.5,True,YES
522,31,1,0,200,80.3512294195,150,0,37.5,37.5,True,37.5,37.5,1,True,0.926243418165,1,0.0262434181651,18,3.30263287791,0.550438812986,1,1,2,0.568170859228,False,False,False,False,2929.85231442,1524.2537,0,2.55795384874e-13,6.03961325396e-14,1.11022302463e-16,0,0,0,37.5,187.5,True,YES
523,31,1,0,200,100.893335587,150,0,37.5,37.5,True,37.5,37.5,1,True,0.924711908928,1,0.0247119089284,18,3.32086985276,0.553478308794,1,1,2,0.570791233794,False,False,False,False,2950.39442059,1524.2537,0,2.55795384874e-13,6.03961325396e-14,1.11022302463e-16,0,0,0,37.5,187.5,True,YES
524,31,1,0,200,120,0,150,37.5,187.5,True,187.5,187.5,1,True,0.923285138199,1,0.0232851381992,18,3.33785650317,0.556309417196,1,1,2,0.573228501767,False,False,False,False,2969.501085,1524.2537,0,2.55795384874e-13,6.03961325396e-14,1.11022302463e-16,0,0,0,187.5,187.5,True,YES
525,31,5,0,200,120,150,0,37.5,37.5,True,37.5,37.5,1,True,0.923285138199,1,0.0232851381992,18,3.33785650317,0.556309417196,1,1,2,0.573228501767,False,False,False,False,2969.501085,1524.2537,0,2.55795384874e-13,6.03961325396e-14,1.11022302463e-16,0,0,0,37.5,187.5,True,YES
526,31,35,12.7954560094,0,0,139.003275401,10.9967245989,37.5,48.4967245989,True,48.4967245989,48.4967245989,1,True,0.939889823717,1,0.0398898237173,33,3.06776338955,0.511293898258,1,1,2,0.534041138656,False,False,False,False,2662.29654101,1524.2537,0,2.55795384874e-13,6.03961325396e-14,1.11022302463e-16,0,0,0,48.4967245989,187.5,True,YES
527,31,6,39.609415483,0,0,150,0,37.5,37.5,True,37.5,37.5,1,True,0.939785653163,1,0.039785653163,33,3.09106205466,0.51517700911,1,1,2,0.537461558005,False,False,False,False,2689.11050048,1524.2537,0,2.55795384874e-13,6.03961325396e-14,1.11022302463e-16,0,0,0,37.5,187.5,True,YES
528,31,1,39.6094154831,0,0,146.889564037,3.11043596332,37.5,40.6104359633,True,40.6104359633,40.6104359633,1,True,0.939785653163,1,0.039785653163,33,3.09106205466,0.51517700911,1,1,2,0.537461558005,False,False,False,False,2689.11050048,1524.2537,0,2.62900812231e-13,6.03961325396e-14,1.11022302463e-16,0,0,0,40.6104359633,187.5,True,YES
529,31,8,39.6094154831,0,0,146.889564037,3.11043596333,37.5,40.6104359633,True,40.6104359633,40.6104359633,1,True,0.939785653163,1,0.039785653163,33,3.09106205466,0.51517700911,1,1,2,0.537461558005,False,False,False,False,2689.11050048,1524.2537,0,2.55795384874e-13,6.03961325396e-14,1.11022302463e-16,0,0,0,40.6104359633,187.5,True,YES
530,31,2,85.5978224483,0,0,150,0,37.5,37.5,True,37.5,37.5,1,True,0.939606964191,1,0.0396069641907,33,3.13115240375,0.521858733958,1,1,2,0.543327891814,False,False,False,False,2735.09890745,1524.2537,0,2.55795384874e-13,6.03961325396e-14,1.11022302463e-16,0,0,0,37.5,187.5,True,YES
531,31,1,133.72913639,200,68.2862490667,150,0,37.5,37.5,True,37.5,37.5,1,True,0.92661494585,1,0.0266149458496,18,3.41102654804,0.568504424673,1,1,2,0.583690478171,False,False,False,False,3051.51647046,1524.2537,0,2.62900812231e-13,6.03961325396e-14,1.11022302463e-16,0,0,0,37.5,187.5,True,YES
532,31,64,156.425747495,0,0,150,0,37.5,37.5,True,37.5,37.5,1,True,0.939331694231,1,0.0393316942312,33,3.19320759289,0.532201265481,1,1,2,0.552362782969,False,False,False,False,2805.9268325,1524.2537,0,2.55795384874e-13,6.03961325396e-14,1.11022302463e-16,0,0,0,37.5,187.5,True,YES
533,31,111,163.651119792,0,0,150,0,37.5,37.5,True,37.5,37.5,1,True,0.93930360857,1,0.0393036085701,33,3.19955851162,0.533259751937,1,1,2,0.553284459725,False,False,False,False,2813.15220479,1524.2537,0,2.55795384874e-13,6.03961325396e-14,1.11022302463e-16,0,0,0,37.5,187.5,True,YES
534,31,1,169.102485726,200,0,150,0,37.5,37.5,True,37.5,37.5,1,True,0.931547242354,1,0.0315472423538,18,3.38161453439,0.563602422398,1,1,2,0.579492071025,False,False,False,False,3018.60357073,1524.2537,0,2.55795384874e-13,6.03961325396e-14,1.11022302463e-16,0,0,0,37.5,187.5,True,YES
535,31,2,174.642566318,200,0,150,0,37.5,37.5,True,37.5,37.5,1,True,0.931525527687,1,0.0315255276872,18,3.38656081678,0.564426802797,1,1,2,0.580198770044,False,False,False,False,3024.14365132,1524.2537,0,2.55795384874e-13,6.03961325396e-14,1.11022302463e-16,0,0,0,37.5,187.5,True,YES
536,31,89,181.772896077,0,0,150,0,37.5,37.5,True,37.5,37.5,1,True,0.939233163928,1,0.0392331639282,33,3.21550333508,0.535917222513,1,1,2,0.555596094242,False,False,False,False,2831.27398108,1524.2537,0,2.55795384874e-13,6.03961325396e-14,1.11022302463e-16,0,0,0,37.5,187.5,True,YES
537,31,119,189.265763383,0,0,150,0,37.5,37.5,True,37.5,37.5,1,True,0.939204035419,1,0.0392040354186,33,3.22210281671,0.537017136118,1,1,2,0.556551892968,False,False,False,False,2838.76684838,1524.2537,0,2.62900812231e-13,6.03961325396e-14,1.11022302463e-16,0,0,0,37.5,187.5,True,YES
538,31,1,221.22164958,200,24.5263501092,150,0,37.5,37.5,True,37.5,37.5,1,True,0.929524124778,1,0.0295241247783,18,3.45020524581,0.575034207635,1,1,2,0.589269060478,False,False,False,False,3095.24908469,1524.2537,0,2.55795384874e-13,6.03961325396e-14,1.11022302463e-16,0,0,0,37.5,187.5,True,YES
539,31,55,247.675436971,0,0,150,0,37.5,37.5,True,37.5,37.5,1,True,0.93897693693,1,0.0389769369297,33,3.27368006094,0.545613343491,1,1,2,0.564002697759,False,False,False,False,2897.17652197,1524.2537,0,2.55795384874e-13,6.03961325396e-14,1.11022302463e-16,0,0,0,37.5,187.5,True,YES
540,31,88,258.677778924,0,0,150,0,37.5,37.5,True,37.5,37.5,1,True,0.93893415336,1,0.0389341533604,33,3.28342102791,0.547236837985,1,1,2,0.565406169086,False,False,False,False,2908.17886392,1524.2537,0,2.62900812231e-13,6.03961325396e-14,1.11022302463e-16,0,0,0,37.5,187.5,True,YES
541,31,6,271.093178703,200,0,150,0,37.5,37.5,True,37.5,37.5,1,True,0.931147402778,1,0.0311474027777,18,3.47296097021,0.578826828369,1,1,2,0.592502120511,False,False,False,False,3120.5942637,1524.2537,0,2.62900812231e-13,6.03961325396e-14,1.11022302463e-16,0,0,0,37.5,187.5,True,YES
542,31,3,271.093178703,200,0,150,0,37.5,37.5,True,37.5,37.5,1,True,0.931147402778,1,0.0311474027777,18,3.47296097021,0.578826828369,1,1,2,0.592502120511,False,False,False,False,3120.5942637,1524.2537,0,2.55795384874e-13,6.03961325396e-14,1.11022302463e-16,0,0,0,37.5,187.5,True,YES
543,31,48,296.224740919,0,0,150,0,37.5,37.5,True,37.5,37.5,1,True,0.938788134033,1,0.038788134033,33,3.3167227776,0.5527871296,1,1,2,0.570195702516,False,False,False,False,2945.72582592,1524.2537,0,2.62900812231e-13,6.03961325396e-14,1.11022302463e-16,0,0,0,37.5,187.5,True,YES
544,31,1239,300,0,0,150,0,37.5,37.5,True,37.5,37.5,1,True,0.938773450875,1,0.038773450875,33,3.3200762028,0.5533460338,1,1,2,0.570677278884,False,False,False,False,2949.501085,1524.2537,0,2.55795384874e-13,6.03961325396e-14,1.11022302463e-16,0,0,0,37.5,187.5,True,YES
545,31,23,300,0,25.5276180419,150,0,37.5,37.5,True,37.5,37.5,1,True,0.938408388134,1,0.0384083881336,33,3.34277506361,0.557129177268,1,1,2,0.573933611048,False,False,False,False,2975.02870304,1524.2537,0,2.55795384874e-13,6.03961325396e-14,1.11022302463e-16,0,0,0,37.5,187.5,True,YES
546,31,1,300,0,120,150,0,37.5,37.5,True,37.5,37.5,1,True,0.93246065155,1,0.0324606515495,18,3.42712507107,0.571187511846,1,1,2,0.585984616179,False,False,False,False,3069.501085,1524.2537,0,2.55795384874e-13,6.03961325396e-14,1.11022302463e-16,0,0,0,37.5,187.5,True,YES
547,31,16,300,200,0,150,0,37.5,37.5,True,37.5,37.5,1,True,0.931034046587,1,0.031034046587,18,3.49895790577,0.583159650962,1,1,2,0.596189507708,False,False,False,False,3149.501085,1524.2537,0,2.55795384874e-13,6.03961325396e-14,1.11022302463e-16,0,0,0,37.5,187.5,True,YES
548,31,1,300,200,98.0122210237,150,0,37.5,37.5,True,37.5,37.5,1,True,0.923741833019,1,0.0237418330194,18,3.58743529764,0.59790588294,1,1,2,0.60869205876,False,False,False,False,3247.51330602,1524.2537,0,2.55795384874e-13,6.03961325396e-14,1.11022302463e-16,0,0,0,37.5,187.5,True,YES
549,31,6,300,200,120,0,150,37.5,187.5,True,187.5,187.5,1,True,0.922097999101,1,0.0220979991009,18,3.60735175534,0.601225292557,1,1,2,0.611496845002,False,False,False,False,3269.501085,1524.2537,0,2.55795384874e-13,6.03961325396e-14,1.11022302463e-16,0,0,0,187.5,187.5,True,YES
550,31,1,300,200,120,94.8878697777,55.1121302223,37.5,92.6121302223,True,92.6121302223,92.6121302223,1,True,0.922097999101,1,0.0220979991009,18,3.60735175534,0.601225292557,1,1,2,0.611496845002,False,False,False,False,3269.501085,1524.2537,0,2.55795384874e-13,6.03961325396e-14,1.11022302463e-16,0,0,0,92.6121302223,187.5,True,YES
551,31,1015,300,200,120,150,0,37.5,37.5,True,37.5,37.5,1,True,0.922097999101,1,0.0220979991009,18,3.60735175534,0.601225292557,1,1,2,0.611496845002,False,False,False,False,3269.501085,1524.2537,0,2.55795384874e-13,6.03961325396e-14,1.11022302463e-16,0,0,0,37.5,187.5,True,YES
552,32,4086,0,0,0,0,150,37.5,187.5,True,187.5,187.5,1,True,0.936211024363,1,0.0362110243634,33,3.25415971845,0.542359953075,1,1,2,0.567106884555,False,False,False,False,2817.500815,1628.2643,0,2.13162820728e-13,2.09610107049e-13,1.11022302463e-16,0,0,0,187.5,187.5,True,YES
553,32,3,0,0,0,11.7087627612,138.291237239,37.5,175.791237239,True,175.791237239,175.791237239,1,True,0.936211024363,1,0.0362110243634,33,3.25415971845,0.542359953075,1,1,2,0.567106884555,False,False,False,False,2817.500815,1628.2643,0,2.13162820728e-13,2.09610107049e-13,1.11022302463e-16,0,0,0,175.791237239,187.5,True,YES
554,32,5,0,0,0,82.8261645949,67.1738354051,37.5,104.673835405,True,104.673835405,104.673835405,1,True,0.936211024363,1,0.0362110243634,33,3.25415971845,0.542359953075,1,1,2,0.567106884555,False,False,False,False,2817.500815,1628.2643,0,2.13162820728e-13,2.09610107049e-13,1.11022302463e-16,0,0,0,104.673835405,187.5,True,YES
555,32,33,0,0,0,87.781098327,62.218901673,37.5,99.718901673,True,99.718901673,99.718901673,1,True,0.936211024363,1,0.0362110243634,33,3.25415971845,0.542359953075,1,1,2,0.567106884555,False,False,False,False,2817.500815,1628.2643,0,2.13162820728e-13,2.09610107049e-13,1.11022302463e-16,0,0,0,99.718901673,187.5,True,YES
556,32,4,0,0,0,87.781098327,62.218901673,37.5,99.718901673,True,99.718901673,99.718901673,1,True,0.936211024363,1,0.0362110243634,33,3.25415971845,0.542359953075,1,1,2,0.567106884555,False,False,False,False,2817.500815,1628.2643,0,2.13162820728e-13,2.09610107049e-13,1.11022302463e-16,0,0,0,99.718901673,187.5,True,YES
557,32,195,0,0,0,150,0,37.5,37.5,True,37.5,37.5,1,True,0.936211024363,1,0.0362110243634,33,3.25415971845,0.542359953075,1,1,2,0.567106884555,False,False,False,False,2817.500815,1628.2643,0,2.13162820728e-13,2.09610107049e-13,1.11022302463e-16,0,0,0,37.5,187.5,True,YES
558,32,1,0,0,120,150,0,37.5,37.5,True,37.5,37.5,1,True,0.929725995399,1,0.0297259953993,18,3.35859429952,0.559765716587,1,1,2,0.58241422185,False,False,False,False,2937.500815,1628.2643,0,8.52651282912e-14,2.09610107049e-13,1.11022302463e-16,0,0,0,37.5,187.5,True,YES
559,32,7,0,200,0,0,150,37.5,187.5,True,187.5,187.5,1,True,0.928295187824,1,0.0282951878239,18,3.42878342845,0.571463904741,1,1,2,0.592619113379,False,False,False,False,3017.500815,1628.2643,0,2.13162820728e-13,2.09610107049e-13,1.11022302463e-16,0,0,0,187.5,187.5,True,YES
560,32,1,0,200,0,150,0,37.5,37.5,True,37.5,37.5,1,True,0.928295187824,1,0.0282951878239,18,3.42878342845,0.571463904741,1,1,2,0.592619113379,False,False,False,False,3017.500815,1628.2643,0,2.13162820728e-13,2.09610107049e-13,1.11022302463e-16,0,0,0,37.5,187.5,True,YES
561,32,1,0,200,30.456811306,150,0,37.5,37.5,True,37.5,37.5,1,True,0.9260286162,1,0.0260286161998,18,3.45561721295,0.575936202158,1,1,2,0.596504219076,False,False,False,False,3047.95762631,1628.2643,0,2.13162820728e-13,2.09610107049e-13,1.11022302463e-16,0,0,0,37.5,187.5,True,YES
562,32,1,0,200,120,0,150,37.5,187.5,True,187.5,187.5,1,True,0.919332518613,1,0.0193325186128,18,3.53484879376,0.589141465627,1,1,2,0.607926450674,False,False,False,False,3137.500815,1628.2643,0,2.13162820728e-13,2.09610107049e-13,1.11022302463e-16,0,0,0,187.5,187.5,True,YES
563,32,3,0,200,120,150,0,37.5,37.5,True,37.5,37.5,1,True,0.919332518613,1,0.0193325186128,18,3.53484879376,0.589141465627,1,1,2,0.607926450674,False,False,False,False,3137.500815,1628.2643,0,2.13162820728e-13,2.09610107049e-13,1.11022302463e-16,0,0,0,37.5,187.5,True,YES
564,32,2,8.00895036326,0,0,150,0,37.5,37.5,True,37.5,37.5,1,True,0.93617978904,1,0.0361797890403,33,3.26109645132,0.54351607522,1,1,2,0.568128515427,False,False,False,False,2825.50976536,1628.2643,0,2.13162820728e-13,2.09610107049e-13,1.11022302463e-16,0,0,0,37.5,187.5,True,YES
565,32,1,55.3814931876,0,0,150,0,37.5,37.5,True,37.5,37.5,1,True,0.935995012342,1,0.0359950123417,33,3.30222612602,0.550371021003,1,1,2,0.57417141119,False,False,False,False,2872.88230819,1628.2643,0,1.42108547152e-13,2.09610107049e-13,1.11022302463e-16,0,0,0,37.5,187.5,True,YES
566,32,23,71.5086618514,0,0,150,0,37.5,37.5,True,37.5,37.5,1,True,0.935932099965,1,0.0359320999646,33,3.31626603094,0.552711005157,1,1,2,0.576228611276,False,False,False,False,2889.00947685,1628.2643,0,2.13162820728e-13,2.09610107049e-13,1.11022302463e-16,0,0,0,37.5,187.5,True,YES
567,32,468,300,0,0,150,0,37.5,37.5,True,37.5,37.5,1,True,0.935040296279,1,0.0350402962792,33,3.51710903473,0.586184839122,1,1,2,0.605375227791,False,False,False,False,3117.500815,1628.2643,0,1.42108547152e-13,2.09610107049e-13,1.11022302463e-16,0,0,0,37.5,187.5,True,YES
568,32,1,300,0,62.6535121914,150,0,37.5,37.5,True,37.5,37.5,1,True,0.932798670941,1,0.0327986709412,18,3.57276170146,0.595460283576,1,1,2,0.61336738149,False,False,False,False,3180.15432719,1628.2643,0,1.42108547152e-13,2.09610107049e-13,1.11022302463e-16,0,0,0,37.5,187.5,True,YES
569,32,42,300,200,0,150,0,37.5,37.5,True,37.5,37.5,1,True,0.927114463949,1,0.027114463949,18,3.69554546558,0.615924244264,1,1,2,0.630887456615,False,False,False,False,3317.500815,1628.2643,0,1.42108547152e-13,2.09610107049e-13,1.11022302463e-16,0,0,0,37.5,187.5,True,YES
570,32,977,300,200,120,150,0,37.5,37.5,True,37.5,37.5,1,True,0.918140268862,1,0.0181402688616,18,3.80363727027,0.633939545045,1,1,2,0.646194793909,False,False,False,False,3437.500815,1628.2643,0,2.13162820728e-13,2.09610107049e-13,1.11022302463e-16,0,0,0,37.5,187.5,True,YES
571,33,1444,0,0,0,0,150,37.5,187.5,True,187.5,187.5,1,True,0.928703574058,1,0.0287035740578,33,3.65059407203,0.608432345339,1,1,2,0.637040730675,False,False,False,False,3151.525855,1842.4771,11.9752,1.27897692437e-13,1.27897692437e-13,1.11022302463e-16,0,0,0,187.5,187.5,True,YES
572,33,1,0,0,0,21.528177983,128.471822017,37.5,165.971822017,True,165.971822017,165.971822017,1,True,0.928703574058,1,0.0287035740578,33,3.65059407203,0.608432345339,1,1,2,0.637040730675,False,False,False,False,3151.525855,1842.4771,11.9752,1.27897692437e-13,1.27897692437e-13,1.11022302463e-16,0,0,0,165.971822017,187.5,True,YES
573,33,1,0,0,0,38.2230548829,111.776945117,37.5,149.276945117,True,149.276945117,149.276945117,1,True,0.928703574058,1,0.0287035740578,33,3.65059407203,0.608432345339,1,1,2,0.637040730675,False,False,False,False,3151.525855,1842.4771,11.9752,1.27897692437e-13,1.27897692437e-13,1.11022302463e-16,0,0,0,149.276945117,187.5,True,YES
574,33,8,0,0,0,42.789752431,107.210247569,37.5,144.710247569,True,144.710247569,144.710247569,1,True,0.928703574058,1,0.0287035740578,33,3.65059407203,0.608432345339,1,1,2,0.637040730675,False,False,False,False,3151.525855,1842.4771,11.9752,1.27897692437e-13,1.27897692437e-13,1.11022302463e-16,0,0,0,144.710247569,187.5,True,YES
575,33,15,0,0,0,48.7201258216,101.279874178,37.5,138.779874178,True,138.779874178,138.779874178,1,True,0.928703574058,1,0.0287035740578,33,3.65059407203,0.608432345339,1,1,2,0.637040730675,False,False,False,False,3151.525855,1842.4771,11.9752,1.27897692437e-13,1.27897692437e-13,1.11022302463e-16,0,0,0,138.779874178,187.5,True,YES
576,33,12,0,0,0,61.0191375911,88.9808624089,37.5,126.480862409,True,126.480862409,126.480862409,1,True,0.928703574058,1,0.0287035740578,33,3.65059407203,0.608432345339,1,1,2,0.637040730675,False,False,False,False,3151.525855,1842.4771,11.9752,1.27897692437e-13,1.27897692437e-13,1.11022302463e-16,0,0,0,126.480862409,187.5,True,YES
577,33,69,0,0,0,150,0,37.5,37.5,True,37.5,37.5,1,True,0.928703574058,1,0.0287035740578,33,3.65059407203,0.608432345339,1,1,2,0.637040730675,False,False,False,False,3151.525855,1842.4771,11.9752,1.27897692437e-13,1.27897692437e-13,1.11022302463e-16,0,0,0,37.5,187.5,True,YES
578,33,10,8.431084092,0,0,34.3649903267,115.635009673,37.5,153.135009673,True,153.135009673,153.135009673,1,True,0.928670426544,1,0.028670426544,33,3.65787502806,0.609645838011,1,1,2,0.638116209408,False,False,False,False,3159.95693909,1842.4771,11.9752,1.27897692437e-13,1.27897692437e-13,1.11022302463e-16,0,0,0,153.135009673,187.5,True,YES
579,33,11,13.84027178,0,0,150,0,37.5,37.5,True,37.5,37.5,1,True,0.928649159246,1,0.0286491592461,33,3.66254891853,0.610424819754,1,1,2,0.638806211579,False,False,False,False,3165.36612678,1842.4771,11.9752,1.27897692437e-13,1.27897692437e-13,1.11022302463e-16,0,0,0,37.5,187.5,True,YES
580,33,6,32.3133815542,0,0,150,0,37.5,37.5,True,37.5,37.5,1,True,0.928576524866,1,0.0285765248664,33,3.67852608367,0.613087680612,1,1,2,0.641162662597,False,False,False,False,3183.83923655,1842.4771,11.9752,1.56319401867e-13,1.27897692437e-13,1.11022302463e-16,0,0,0,37.5,187.5,True,YES
581,33,15,41.0957627504,0,0,150,0,37.5,37.5,True,37.5,37.5,1,True,0.928541991448,1,0.0285419914485,33,3.68613003815,0.614355006358,1,1,2,0.64228295319,False,False,False,False,3192.62161775,1842.4771,11.9752,1.56319401867e-13,1.27897692437e-13,1.11022302463e-16,0,0,0,37.5,187.5,True,YES
582,33,15,47.6036021573,0,0,14.0423737403,135.95762626,37.5,173.45762626,True,173.45762626,173.45762626,1,True,0.928516400984,1,0.0285164009839,33,3.69176802463,0.615294670772,1,1,2,0.643113100631,False,False,False,False,3199.12945716,1842.4771,11.9752,1.56319401867e-13,1.27897692437e-13,1.11022302463e-16,0,0,0,173.45762626,187.5,True,YES
583,33,1,73.9357786383,0,0,0,150,37.5,187.5,True,187.5,187.5,1,True,0.928412849029,1,0.0284128490291,33,3.71460961799,0.619101602999,1,1,2,0.64647206319,False,False,False,False,3225.46163364,1842.4771,11.9752,1.27897692437e-13,1.27897692437e-13,1.11022302463e-16,0,0,0,187.5,187.5,True,YES
584,33,5,76.0253466144,0,0,78.8347198273,71.1652801727,37.5,108.665280173,True,108.665280173,108.665280173,1,True,0.928404631255,1,0.0284046312552,33,3.71642417158,0.619404028596,1,1,2,0.646738610872,False,False,False,False,3227.55120161,1842.4771,11.9752,1.56319401867e-13,1.27897692437e-13,1.11022302463e-16,0,0,0,108.665280173,187.5,True,YES
585,33,3,81.2565384855,0,0,150,0,37.5,37.5,True,37.5,37.5,1,True,0.928384057903,1,0.0283840579026,33,3.7209681358,0.620161355967,1,1,2,0.647405907692,False,False,False,False,3232.78239349,1842.4771,11.9752,1.27897692437e-13,1.27897692437e-13,1.11022302463e-16,0,0,0,37.5,187.5,True,YES
586,33,1,89.3199660627,0,0,0,150,37.5,187.5,True,187.5,187.5,1,True,0.928352344975,1,0.0283523449748,33,3.72797579122,0.621329298537,1,1,2,0.648434487739,False,False,False,False,3240.84582106,1842.4771,11.9752,1.27897692437e-13,1.27897692437e-13,1.11022302463e-16,0,0,0,187.5,187.5,True,YES
587,33,1,95.6975342433,0,0,0,150,37.5,187.5,True,187.5,187.5,1,True,0.928327261653,1,0.0283272616533,33,3.733521341,0.622253556833,1,1,2,0.649248017633,False,False,False,False,3247.22338924,1842.4771,11.9752,3.8369307731e-13,1.27897692437e-13,1.11022302463e-16,0,0,0,187.5,187.5,True,YES
588,33,1,95.6975342433,0,0,0,150,37.5,187.5,True,187.5,187.5,1,True,0.928327261653,1,0.0283272616533,33,3.733521341,0.622253556833,1,1,2,0.649248017633,False,False,False,False,3247.22338924,1842.4771,11.9752,1.27897692437e-13,1.27897692437e-13,1.11022302463e-16,0,0,0,187.5,187.5,True,YES
589,33,1,120.406615481,0,0,0,150,37.5,187.5,True,187.5,187.5,1,True,0.928230073096,1,0.0282300730965,33,3.75503181816,0.62583863636,1,1,2,0.652399936306,False,False,False,False,3271.93247048,1842.4771,11.9752,1.27897692437e-13,1.27897692437e-13,1.11022302463e-16,0,0,0,187.5,187.5,True,YES
590,33,9,153.451932308,0,0,150,0,37.5,37.5,True,37.5,37.5,1,True,0.928100079607,1,0.0281000796067,33,3.78386046765,0.630643411275,1,1,2,0.656615234728,False,False,False,False,3304.97778731,1842.4771,11.9752,1.27897692437e-13,1.27897692437e-13,1.11022302463e-16,0,0,0,37.5,187.5,True,YES
591,33,6,154.366553609,0,0,150,0,37.5,37.5,True,37.5,37.5,1,True,0.928096481415,1,0.0280964814154,33,3.78465936133,0.630776560222,1,1,2,0.656731904868,False,False,False,False,3305.89240861,1842.4771,11.9752,1.27897692437e-13,1.27897692437e-13,1.11022302463e-16,0,0,0,37.5,187.5,True,YES
592,33,4,165.433406622,0,0,0,150,37.5,187.5,True,187.5,187.5,1,True,0.92805294245,1,0.0280529424496,33,3.7943300604,0.632388343401,1,1,2,0.6581436053,False,False,False,False,3316.95926162,1842.4771,11.9752,1.27897692437e-13,1.27897692437e-13,1.11022302463e-16,0,0,0,187.5,187.5,True,YES
593,33,4,166.808131684,0,0,112.629642151,37.3703578488,37.5,74.8703578488,True,74.8703578488,74.8703578488,1,True,0.928047533894,1,0.0280475338944,33,3.79553188779,0.632588647964,1,1,2,0.658318966801,False,False,False,False,3318.33398668,1842.4771,11.9752,1.27897692437e-13,1.27897692437e-13,1.11022302463e-16,0,0,0,74.8703578488,187.5,True,YES
594,33,1,174.540368651,0,0,0,150,37.5,187.5,True,187.5,187.5,1,True,0.928017112511,1,0.0280171125111,33,3.80229383243,0.633715638738,1,1,2,0.659305299796,False,False,False,False,3326.06622365,1842.4771,11.9752,1.27897692437e-13,1.27897692437e-13,1.11022302463e-16,0,0,0,187.5,187.5,True,YES
595,33,6,187.90367117,0,0,150,0,37.5,37.5,True,37.5,37.5,1,True,0.927964534152,1,0.0279645341524,33,3.81398891245,0.635664818741,1,1,2,0.661009937954,False,False,False,False,3339.42952617,1842.4771,11.9752,3.8369307731e-13,1.27897692437e-13,1.11022302463e-16,0,0,0,37.5,187.5,True,YES
596,33,1,209.431635818,0,0,0,150,37.5,187.5,True,187.5,187.5,1,True,0.927879825393,1,0.0278798253929,33,3.83285234768,0.638808724613,1,1,2,0.663756069755,False,False,False,False,3360.95749082,1842.4771,11.9752,3.8369307731e-13,1.27897692437e-13,1.11022302463e-16,0,0,0,187.5,187.5,True,YES
597,33,1,229.206463657,0,0,0,150,37.5,187.5,True,187.5,187.5,1,True,0.927802008104,1,0.0278020081039,33,3.85020426399,0.641700710665,1,1,2,0.666278569419,False,False,False,False,3380.73231866,1842.4771,11.9752,1.27897692437e-13,1.27897692437e-13,1.11022302463e-16,0,0,0,187.5,187.5,True,YES
598,33,1,229.376498235,0,0,60.3225495356,89.6774504644,37.5,127.177450464,True,127.177450464,127.177450464,1,True,0.927801338961,1,0.0278013389608,33,3.85035356638,0.641725594397,1,1,2,0.666300259224,False,False,False,False,3380.90235323,1842.4771,11.9752,3.8369307731e-13,1.27897692437e-13,1.11022302463e-16,0,0,0,127.177450464,187.5,True,YES
599,33,7,229.376498235,0,0,68.135022784,81.864977216,37.5,119.364977216,True,119.364977216,119.364977216,1,True,0.927801338961,1,0.0278013389608,33,3.85035356638,0.641725594397,1,1,2,0.666300259224,False,False,False,False,3380.90235323,1842.4771,11.9752,3.8369307731e-13,1.27897692437e-13,1.11022302463e-16,0,0,0,119.364977216,187.5,True,YES
600,33,1,229.376498235,0,0,8.48556758989,141.51443241,37.5,179.01443241,True,179.01443241,179.01443241,1,True,0.927801338961,1,0.0278013389608,33,3.85035356638,0.641725594397,1,1,2,0.666300259224,False,False,False,False,3380.90235323,1842.4771,11.9752,1.27897692437e-13,1.27897692437e-13,1.11022302463e-16,0,0,0,179.01443241,187.5,True,YES
601,33,2,229.376498235,0,0,53.0697788097,96.9302211903,37.5,134.43022119,True,134.43022119,134.43022119,1,True,0.927801338961,1,0.0278013389608,33,3.85035356638,0.641725594397,1,1,2,0.666300259224,False,False,False,False,3380.90235323,1842.4771,11.9752,1.27897692437e-13,1.27897692437e-13,1.11022302463e-16,0,0,0,134.43022119,187.5,True,YES
602,33,1,229.376498235,0,0,58.3267789652,91.6732210348,37.5,129.173221035,True,129.173221035,129.173221035,1,True,0.927801338961,1,0.0278013389608,33,3.85035356638,0.641725594397,1,1,2,0.666300259224,False,False,False,False,3380.90235323,1842.4771,11.9752,1.27897692437e-13,1.27897692437e-13,1.11022302463e-16,0,0,0,129.173221035,187.5,True,YES
603,33,1,229.376498235,0,0,64.0998771486,85.9001228514,37.5,123.400122851,True,123.400122851,123.400122851,1,True,0.927801338961,1,0.0278013389608,33,3.85035356638,0.641725594397,1,1,2,0.666300259224,False,False,False,False,3380.90235323,1842.4771,11.9752,1.27897692437e-13,1.27897692437e-13,1.11022302463e-16,0,0,0,123.400122851,187.5,True,YES
604,33,4,229.376498235,0,0,119.067968882,30.9320311183,37.5,68.4320311183,True,68.4320311183,68.4320311183,1,True,0.927801338961,1,0.0278013389608,33,3.85035356638,0.641725594397,1,1,2,0.666300259224,False,False,False,False,3380.90235323,1842.4771,11.9752,1.27897692437e-13,1.27897692437e-13,1.11022302463e-16,0,0,0,68.4320311183,187.5,True,YES
605,33,1,229.376498235,0,0,146.327720919,3.67227908082,37.5,41.1722790808,True,41.1722790808,41.1722790808,1,True,0.927801338961,1,0.0278013389608,33,3.85035356638,0.641725594397,1,1,2,0.666300259224,False,False,False,False,3380.90235323,1842.4771,11.9752,1.27897692437e-13,1.27897692437e-13,1.11022302463e-16,0,0,0,41.1722790808,187.5,True,YES
606,33,2,230.361526134,0,0,0,150,37.5,187.5,True,187.5,187.5,1,True,0.927797462536,1,0.0277974625361,33,3.8512185244,0.641869754067,1,1,2,0.66642591051,False,False,False,False,3381.88738113,1842.4771,11.9752,1.27897692437e-13,1.27897692437e-13,1.11022302463e-16,0,0,0,187.5,187.5,True,YES
607,33,3,230.361526134,0,0,0,150,37.5,187.5,True,187.5,187.5,1,True,0.927797462536,1,0.0277974625361,33,3.8512185244,0.641869754067,1,1,2,0.66642591051,False,False,False,False,3381.88738113,1842.4771,11.9752,1.27897692437e-13,1.27897692437e-13,1.11022302463e-16,0,0,0,187.5,187.5,True,YES
608,33,3,236.723215761,0,0,150,0,37.5,37.5,True,37.5,37.5,1,True,0.927772426702,1,0.0277724267022,33,3.85680614363,0.642801023938,1,1,2,0.667237414918,False,False,False,False,3388.24907076,1842.4771,11.9752,3.8369307731e-13,1.27897692437e-13,1.11022302463e-16,0,0,0,37.5,187.5,True,YES
609,33,8,240.670718754,0,0,150,0,37.5,37.5,True,37.5,37.5,1,True,0.927756891334,1,0.027756891334,33,3.86027453156,0.643379088593,1,1,2,0.667740962916,False,False,False,False,3392.19657375,1842.4771,11.9752,1.27897692437e-13,1.27897692437e-13,1.11022302463e-16,0,0,0,37.5,187.5,True,YES
610,33,1,250.785621613,0,0,0,150,37.5,187.5,True,187.5,187.5,1,True,0.927717083023,1,0.0277170830231,33,3.86916596283,0.644860993805,1,1,2,0.669031231497,False,False,False,False,3402.31147661,1842.4771,11.9752,1.27897692437e-13,1.27897692437e-13,1.11022302463e-16,0,0,0,187.5,187.5,True,YES
611,33,1,251.515219119,0,0,150,0,37.5,37.5,True,37.5,37.5,1,True,0.927714211546,1,0.0277142115459,33,3.86980754252,0.644967923754,1,1,2,0.66912429979,False,False,False,False,3403.04107412,1842.4771,11.9752,1.27897692437e-13,1.27897692437e-13,1.11022302463e-16,0,0,0,37.5,187.5,True,YES
612,33,12,262.640415723,0,0,150,0,37.5,37.5,True,37.5,37.5,1,True,0.927670425005,1,0.0276704250048,33,3.87959446182,0.64659907697,1,1,2,0.670543442597,False,False,False,False,3414.16627072,1842.4771,11.9752,3.8369307731e-13,1.27897692437e-13,1.11022302463e-16,0,0,0,37.5,187.5,True,YES
613,33,5,262.640415723,0,0,150,0,37.5,37.5,True,37.5,37.5,1,True,0.927670425005,1,0.0276704250048,33,3.87959446182,0.64659907697,1,1,2,0.670543442597,False,False,False,False,3414.16627072,1842.4771,11.9752,3.8369307731e-13,1.27897692437e-13,1.11022302463e-16,0,0,0,37.5,187.5,True,YES
614,33,5,265.252793301,0,0,0,150,37.5,187.5,True,187.5,187.5,1,True,0.927660142911,1,0.0276601429113,33,3.88189363526,0.646982272544,1,1,2,0.67087668047,False,False,False,False,3416.7786483,1842.4771,11.9752,3.8369307731e-13,1.27897692437e-13,1.11022302463e-16,0,0,0,187.5,187.5,True,YES
615,33,3,265.252793301,0,0,0,150,37.5,187.5,True,187.5,187.5,1,True,0.927660142911,1,0.0276601429113,33,3.88189363526,0.646982272544,1,1,2,0.67087668047,False,False,False,False,3416.7786483,1842.4771,11.9752,3.8369307731e-13,1.27897692437e-13,1.11022302463e-16,0,0,0,187.5,187.5,True,YES
616,33,1,265.252793301,0,0,36.1831168892,113.816883111,37.5,151.316883111,True,151.316883111,151.316883111,1,True,0.927660142911,1,0.0276601429113,33,3.88189363526,0.646982272544,1,1,2,0.67087668047,False,False,False,False,3416.7786483,1842.4771,11.9752,3.8369307731e-13,1.27897692437e-13,1.11022302463e-16,0,0,0,151.316883111,187.5,True,YES
617,33,1,265.252793301,0,0,0,150,37.5,187.5,True,187.5,187.5,1,True,0.927660142911,1,0.0276601429113,33,3.88189363526,0.646982272544,1,1,2,0.67087668047,False,False,False,False,3416.7786483,1842.4771,11.9752,1.27897692437e-13,1.27897692437e-13,1.11022302463e-16,0,0,0,187.5,187.5,True,YES
618,33,1,265.252793301,0,0,0,150,37.5,187.5,True,187.5,187.5,1,True,0.927660142911,1,0.0276601429113,33,3.88189363526,0.646982272544,1,1,2,0.67087668047,False,False,False,False,3416.7786483,1842.4771,11.9752,3.8369307731e-13,1.27897692437e-13,1.11022302463e-16,0,0,0,187.5,187.5,True,YES
619,33,4,265.252793301,0,0,0,150,37.5,187.5,True,187.5,187.5,1,True,0.927660142911,1,0.0276601429113,33,3.88189363526,0.646982272544,1,1,2,0.67087668047,False,False,False,False,3416.7786483,1842.4771,11.9752,3.8369307731e-13,1.27897692437e-13,1.11022302463e-16,0,0,0,187.5,187.5,True,YES
620,33,1,265.252793301,0,0,0,150,37.5,187.5,True,187.5,187.5,1,True,0.927660142911,1,0.0276601429113,33,3.88189363526,0.646982272544,1,1,2,0.67087668047,False,False,False,False,3416.7786483,1842.4771,11.9752,1.27897692437e-13,1.27897692437e-13,1.11022302463e-16,0,0,0,187.5,187.5,True,YES
621,33,11,265.252793301,0,50.2232529498,150,0,37.5,37.5,True,37.5,37.5,1,True,0.926221137303,1,0.0262211373034,18,3.92617167828,0.654361946379,1,1,2,0.677283216077,False,False,False,False,3467.00190125,1842.4771,11.9752,2.98427949019e-13,1.27897692437e-13,1.11022302463e-16,0,0,0,37.5,187.5,True,YES
622,33,7,269.028052382,0,49.210694522,150,0,37.5,37.5,True,37.5,37.5,1,True,0.92628168339,1,0.0262816833896,18,3.9286114922,0.654768582033,1,1,2,0.677635629334,False,False,False,False,3469.7646019,1842.4771,11.9752,3.8369307731e-13,1.27897692437e-13,1.11022302463e-16,0,0,0,37.5,187.5,True,YES
623,33,2,274.900154038,0,0,150,0,37.5,37.5,True,37.5,37.5,1,True,0.927622170741,1,0.0276221707414,33,3.89038777751,0.648397962919,1,1,2,0.672107308843,False,False,False,False,3426.42600904,1842.4771,11.9752,1.27897692437e-13,1.27897692437e-13,1.11022302463e-16,0,0,0,37.5,187.5,True,YES
624,33,1,276.492224071,0,0,150,0,37.5,37.5,True,37.5,37.5,1,True,0.927615904178,1,0.0276159041782,33,3.89179005272,0.648631675454,1,1,2,0.672310395118,False,False,False,False,3428.01807907,1842.4771,11.9752,1.27897692437e-13,1.27897692437e-13,1.11022302463e-16,0,0,0,37.5,187.5,True,YES
625,33,10,297.553855845,0,0,150,0,37.5,37.5,True,37.5,37.5,1,True,0.927532999289,1,0.027532999289,33,3.91035455116,0.651725758527,1,1,2,0.674997040964,False,False,False,False,3449.07971085,1842.4771,11.9752,1.27897692437e-13,1.27897692437e-13,1.11022302463e-16,0,0,0,37.5,187.5,True,YES
626,33,10,300,0,0,0,150,37.5,187.5,True,187.5,187.5,1,True,0.927523370053,1,0.0275233700528,33,3.91251231203,0.652085385338,1,1,2,0.675309073911,False,False,False,False,3451.525855,1842.4771,11.9752,2.98427949019e-13,1.27897692437e-13,1.11022302463e-16,0,0,0,187.5,187.5,True,YES
627,33,1,300,0,0,41.3745281231,108.625471877,37.5,146.125471877,True,146.125471877,146.125471877,1,True,0.927523370053,1,0.0275233700528,33,3.91251231203,0.652085385338,1,1,2,0.675309073911,False,False,False,False,3451.525855,1842.4771,11.9752,2.98427949019e-13,1.27897692437e-13,1.11022302463e-16,0,0,0,146.125471877,187.5,True,YES
628,33,107,300,0,0,150,0,37.5,37.5,True,37.5,37.5,1,True,0.927523370053,1,0.0275233700528,33,3.91251231203,0.652085385338,1,1,2,0.675309073911,False,False,False,False,3451.525855,1842.4771,11.9752,2.98427949019e-13,1.27897692437e-13,1.11022302463e-16,0,0,0,37.5,187.5,True,YES
629,33,13,300,0,3.24648909881,150,0,37.5,37.5,True,37.5,37.5,1,True,0.92747638782,1,0.0274763878199,33,3.91537658643,0.652562764405,1,1,2,0.675723199775,False,False,False,False,3454.7723441,1842.4771,11.9752,2.98427949019e-13,1.27897692437e-13,1.11022302463e-16,0,0,0,37.5,187.5,True,YES
630,33,12,300,0,5.14202703548,150,0,37.5,37.5,True,37.5,37.5,1,True,0.927448955053,1,0.0274489550534,33,3.91704923517,0.652841539194,1,1,2,0.675964996763,False,False,False,False,3456.66788204,1842.4771,11.9752,1.56319401867e-13,1.27897692437e-13,1.11022302463e-16,0,0,0,37.5,187.5,True,YES
631,33,2,300,0,5.59692900697,150,0,37.5,37.5,True,37.5,37.5,1,True,0.927442371461,1,0.0274423714614,33,3.91745067713,0.652908446188,1,1,2,0.676023024579,False,False,False,False,3457.12278401,1842.4771,11.9752,1.56319401867e-13,1.27897692437e-13,1.11022302463e-16,0,0,0,37.5,187.5,True,YES
632,33,3,300,0,13.4094022553,150,0,37.5,37.5,True,37.5,37.5,1,True,0.927329297749,1,0.027329297749,33,3.92434685024,0.654057808373,1,1,2,0.677019592605,False,False,False,False,3464.93525726,1842.4771,11.9752,2.98427949019e-13,1.27897692437e-13,1.11022302463e-16,0,0,0,37.5,187.5,True,YES
633,33,1,300,0,37.5405588805,0,150,37.5,187.5,True,187.5,187.5,1,True,0.926979948724,1,0.0269799487235,33,3.94566931008,0.65761155168,1,1,2,0.680097790553,False,False,False,False,3489.06641388,1842.4771,11.9752,5.25801624462e-13,1.27897692437e-13,1.11022302463e-16,0,0,0,187.5,187.5,True,YES
634,33,2,300,0,41.4954424185,150,0,37.5,37.5,True,37.5,37.5,1,True,0.92673419637,1,0.0267341963696,18,3.94916695624,0.658194492706,1,1,2,0.680602280022,False,False,False,False,3493.02129742,1842.4771,11.9752,9.94759830064e-14,1.27897692437e-13,1.11022302463e-16,0,0,0,37.5,187.5,True,YES
635,33,4,300,0,41.541045388,150,0,37.5,37.5,True,37.5,37.5,1,True,0.92673080106,1,0.0267308010605,18,3.94920729193,0.658201215321,1,1,2,0.680608097189,False,False,False,False,3493.06690039,1842.4771,11.9752,9.94759830064e-14,1.27897692437e-13,1.11022302463e-16,0,0,0,37.5,187.5,True,YES
636,33,1,300,0,42.2078694989,150,0,37.5,37.5,True,37.5,37.5,1,True,0.926681152127,1,0.026681152127,18,3.94979710893,0.658299518155,1,1,2,0.680693158035,False,False,False,False,3493.7337245,1842.4771,11.9752,9.94759830064e-14,1.27897692437e-13,1.11022302463e-16,0,0,0,37.5,187.5,True,YES
637,33,1,300,0,42.2098135277,150,0,37.5,37.5,True,37.5,37.5,1,True,0.926681007379,1,0.0266810073789,18,3.94979882849,0.658299804749,1,1,2,0.680693406018,False,False,False,False,3493.73566853,1842.4771,11.9752,1.27897692437e-13,1.27897692437e-13,1.11022302463e-16,0,0,0,37.5,187.5,True,YES
638,33,2,300,0,61.070799537,150,0,37.5,37.5,True,37.5,37.5,1,True,0.925275593701,1,0.025275593701,18,3.96649179017,0.661081965028,1,1,2,0.683099334972,False,False,False,False,3512.59665454,1842.4771,11.9752,5.25801624462e-13,1.27897692437e-13,1.11022302463e-16,0,0,0,37.5,187.5,True,YES
639,33,12,300,0,69.8400668926,150,0,37.5,37.5,True,37.5,37.5,1,True,0.924621430145,1,0.0246214301452,18,3.97425965683,0.662376609471,1,1,2,0.684217952749,False,False,False,False,3521.36592189,1842.4771,11.9752,5.25801624462e-13,1.27897692437e-13,1.11022302463e-16,0,0,0,37.5,187.5,True,YES
640,33,7,300,0,76.5854639939,150,0,37.5,37.5,True,37.5,37.5,1,True,0.924117926727,1,0.0241179267273,18,3.98023759884,0.66337293314,1,1,2,0.685078403321,False,False,False,False,3528.11131899,1842.4771,11.9752,9.94759830064e-14,1.27897692437e-13,1.11022302463e-16,0,0,0,37.5,187.5,True,YES
641,33,18,300,0,81.5139876371,150,0,37.5,37.5,True,37.5,37.5,1,True,0.923749868495,1,0.0237498684951,18,3.98460693089,0.664101155148,1,1,2,0.685707091436,False,False,False,False,3533.03984264,1842.4771,11.9752,1.98951966013e-13,1.27897692437e-13,1.11022302463e-16,0,0,0,37.5,187.5,True,YES
642,33,1,300,0,102.871599549,150,0,37.5,37.5,True,37.5,37.5,1,True,0.922153201357,1,0.0221532013575,18,4.0035563102,0.667259385033,1,1,2,0.688431492847,False,False,False,False,3554.39745455,1842.4771,11.9752,2.98427949019e-13,1.27897692437e-13,1.11022302463e-16,0,0,0,37.5,187.5,True,YES
643,33,1,300,0,103.36773456,0,150,37.5,187.5,True,187.5,187.5,1,True,0.922116078095,1,0.0221160780954,18,4.00399679035,0.667332798391,1,1,2,0.688494780397,False,False,False,False,3554.89358956,1842.4771,11.9752,1.98951966013e-13,1.27897692437e-13,1.11022302463e-16,0,0,0,187.5,187.5,True,YES
644,33,7,300,0,109.316753211,150,0,37.5,37.5,True,37.5,37.5,1,True,0.921670826799,1,0.0216708267991,18,4.00927947947,0.668213246578,1,1,2,0.689253644022,False,False,False,False,3560.84260821,1842.4771,11.9752,2.98427949019e-13,1.27897692437e-13,1.11022302463e-16,0,0,0,37.5,187.5,True,YES
645,33,5,300,0,111.212291148,150,0,37.5,37.5,True,37.5,37.5,1,True,0.921528911026,1,0.0215289110255,18,4.01096309657,0.668493849428,1,1,2,0.68949544101,False,False,False,False,3562.73814615,1842.4771,11.9752,2.98427949019e-13,1.27897692437e-13,1.11022302463e-16,0,0,0,37.5,187.5,True,YES
646,33,2,300,0,120,0,150,37.5,187.5,True,187.5,187.5,1,True,0.920870704151,1,0.0208707041514,18,4.01877080672,0.669795134454,1,1,2,0.690616411206,False,False,False,False,3571.525855,1842.4771,11.9752,1.98951966013e-13,1.27897692437e-13,1.11022302463e-16,0,0,0,187.5,187.5,True,YES
647,33,21,300,0,120,150,0,37.5,37.5,True,37.5,37.5,1,True,0.920870704151,1,0.0208707041514,18,4.01877080672,0.669795134454,1,1,2,0.690616411206,False,False,False,False,3571.525855,1842.4771,11.9752,1.98951966013e-13,1.27897692437e-13,1.11022302463e-16,0,0,0,37.5,187.5,True,YES
648,33,7,300,23.4095718497,120,150,0,37.5,37.5,True,37.5,37.5,1,True,0.919648525704,1,0.0196485257039,18,4.03958940825,0.673264901375,1,1,2,0.693602562974,False,False,False,False,3594.93542685,1842.4771,11.9752,2.98427949019e-13,1.27897692437e-13,1.11022302463e-16,0,0,0,37.5,187.5,True,YES
649,33,2,300,44.0474566664,120,150,0,37.5,37.5,True,37.5,37.5,1,True,0.918569704124,1,0.0185697041243,18,4.0579665149,0.676327752484,1,1,2,0.696235155173,False,False,False,False,3615.57331167,1842.4771,11.9752,1.56319401867e-13,1.27897692437e-13,1.11022302463e-16,0,0,0,37.5,187.5,True,YES
650,33,1,300,44.5447280107,120,150,0,37.5,37.5,True,37.5,37.5,1,True,0.918543694207,1,0.0185436942066,18,4.05840958078,0.676401596796,1,1,2,0.696298587675,False,False,False,False,3616.07058301,1842.4771,11.9752,2.98427949019e-13,1.27897692437e-13,1.11022302463e-16,0,0,0,37.5,187.5,True,YES
651,33,3,300,52.7056479283,120,150,0,37.5,37.5,True,37.5,37.5,1,True,0.918116729716,1,0.0181167297158,18,4.06568270415,0.677613784025,1,1,2,0.697339603957,False,False,False,False,3624.23150293,1842.4771,11.9752,2.98427949019e-13,1.27897692437e-13,1.11022302463e-16,0,0,0,37.5,187.5,True,YES
652,33,4,300,62.4688914818,120,150,0,37.5,37.5,True,37.5,37.5,1,True,0.917605673559,1,0.017605673559,18,4.07438825856,0.67906470976,1,1,2,0.698585014475,False,False,False,False,3633.99474648,1842.4771,11.9752,2.98427949019e-13,1.27897692437e-13,1.11022302463e-16,0,0,0,37.5,187.5,True,YES
653,33,1,300,67.1894490382,120,150,0,37.5,37.5,True,37.5,37.5,1,True,0.917358474266,1,0.0173584742665,18,4.07859913792,0.679766522987,1,1,2,0.699187174198,False,False,False,False,3638.71530404,1842.4771,11.9752,1.98951966013e-13,1.27897692437e-13,1.11022302463e-16,0,0,0,37.5,187.5,True,YES
654,33,1,300,73.5695049571,69.8400668926,150,0,37.5,37.5,True,37.5,37.5,1,True,0.920790660994,1,0.0207906609939,18,4.03958940825,0.673264901375,1,1,2,0.693602562974,False,False,False,False,3594.93542685,1842.4771,11.9752,1.56319401867e-13,1.27897692437e-13,1.11022302463e-16,0,0,0,37.5,187.5,True,YES
655,33,1,300,139.06608258,69.8400668926,150,0,37.5,37.5,True,37.5,37.5,1,True,0.91736678988,1,0.0173667898797,18,4.09798539814,0.682997566357,1,1,2,0.701957381352,False,False,False,False,3660.43200447,1842.4771,11.9752,1.98951966013e-13,1.27897692437e-13,1.11022302463e-16,0,0,0,37.5,187.5,True,YES
656,33,14,300,200,0,150,0,37.5,37.5,True,37.5,37.5,1,True,0.919426116107,1,0.0194261161073,18,4.09003214336,0.681672023894,1,1,2,0.700821302735,False,False,False,False,3651.525855,1842.4771,11.9752,1.98951966013e-13,1.27897692437e-13,1.11022302463e-16,0,0,0,37.5,187.5,True,YES
657,33,1,300,200,6.97827976354,150,0,37.5,37.5,True,37.5,37.5,1,True,0.918902279471,1,0.0189022794708,18,4.0962634642,0.682710577366,1,1,2,0.701711460086,False,False,False,False,3658.50413476,1842.4771,11.9752,1.98951966013e-13,1.27897692437e-13,1.11022302463e-16,0,0,0,37.5,187.5,True,YES
658,33,1,300,200,37.5527490129,150,0,37.5,37.5,True,37.5,37.5,1,True,0.916603624814,1,0.0166036248139,18,4.1235934342,0.687265572367,1,1,2,0.705611574364,False,False,False,False,3689.07860401,1842.4771,11.9752,1.98951966013e-13,1.27897692437e-13,1.11022302463e-16,0,0,0,37.5,187.5,True,YES
659,33,1,300,200,102.287981771,150,0,37.5,37.5,True,37.5,37.5,1,True,0.91171756466,1,0.0117175646596,18,4.1816073686,0.696934561434,1,1,2,0.71386927472,False,False,False,False,3753.81383677,1842.4771,11.9752,1.98951966013e-13,1.27897692437e-13,1.11022302463e-16,0,0,0,37.5,187.5,True,YES
660,33,6,300,200,120,0,150,37.5,187.5,True,187.5,187.5,1,True,0.910376134915,1,0.0103761349146,18,4.19751463833,0.699585773054,1,1,2,0.716128640029,False,False,False,False,3771.525855,1842.4771,11.9752,1.98951966013e-13,1.27897692437e-13,1.11022302463e-16,0,0,0,187.5,187.5,True,YES
661,33,553,300,200,120,150,0,37.5,37.5,True,37.5,37.5,1,True,0.910376134915,1,0.0103761349146,18,4.19751463833,0.699585773054,1,1,2,0.716128640029,False,False,False,False,3771.525855,1842.4771,11.9752,1.98951966013e-13,1.27897692437e-13,1.11022302463e-16,0,0,0,37.5,187.5,True,YES
662,34,1827,0,0,0,0,150,37.5,187.5,True,187.5,187.5,1,True,0.929116358601,1,0.0291163586013,33,3.63109126518,0.605181877529,1,1,2,0.634156318085,False,False,False,False,3128.913855,1842.4771,34.5872,1.56319401867e-13,1.27897692437e-13,1.11022302463e-16,0,0,0,187.5,187.5,True,YES
663,34,11,0,0,0,10.7040097637,139.295990236,37.5,176.795990236,True,176.795990236,176.795990236,1,True,0.929116358601,1,0.0291163586013,33,3.63109126518,0.605181877529,1,1,2,0.634156318085,False,False,False,False,3128.913855,1842.4771,34.5872,1.56319401867e-13,1.27897692437e-13,1.11022302463e-16,0,0,0,176.795990236,187.5,True,YES
664,34,1,0,0,0,16.3427111528,133.657288847,37.5,171.157288847,True,171.157288847,171.157288847,1,True,0.929116358601,1,0.0291163586013,33,3.63109126518,0.605181877529,1,1,2,0.634156318085,False,False,False,False,3128.913855,1842.4771,34.5872,1.56319401867e-13,1.27897692437e-13,1.11022302463e-16,0,0,0,171.157288847,187.5,True,YES
665,34,2,0,0,0,46.3833281543,103.616671846,37.5,141.116671846,True,141.116671846,141.116671846,1,True,0.929116358601,1,0.0291163586013,33,3.63109126518,0.605181877529,1,1,2,0.634156318085,False,False,False,False,3128.913855,1842.4771,34.5872,1.56319401867e-13,1.27897692437e-13,1.11022302463e-16,0,0,0,141.116671846,187.5,True,YES
666,34,1,0,0,0,49.1860362169,100.813963783,37.5,138.313963783,True,138.313963783,138.313963783,1,True,0.929116358601,1,0.0291163586013,33,3.63109126518,0.605181877529,1,1,2,0.634156318085,False,False,False,False,3128.913855,1842.4771,34.5872,1.56319401867e-13,1.27897692437e-13,1.11022302463e-16,0,0,0,138.313963783,187.5,True,YES
667,34,1,0,0,0,60.8509373863,89.1490626137,37.5,126.649062614,True,126.649062614,126.649062614,1,True,0.929116358601,1,0.0291163586013,33,3.63109126518,0.605181877529,1,1,2,0.634156318085,False,False,False,False,3128.913855,1842.4771,34.5872,1.56319401867e-13,1.27897692437e-13,1.11022302463e-16,0,0,0,126.649062614,187.5,True,YES
668,34,2,0,0,0,68.7310596162,81.2689403838,37.5,118.768940384,True,118.768940384,118.768940384,1,True,0.929116358601,1,0.0291163586013,33,3.63109126518,0.605181877529,1,1,2,0.634156318085,False,False,False,False,3128.913855,1842.4771,34.5872,1.56319401867e-13,1.27897692437e-13,1.11022302463e-16,0,0,0,118.768940384,187.5,True,YES
669,34,1,0,0,0,68.7310596162,81.2689403838,37.5,118.768940384,True,118.768940384,118.768940384,1,True,0.929116358601,1,0.0291163586013,33,3.63109126518,0.605181877529,1,1,2,0.634156318085,False,False,False,False,3128.913855,1842.4771,34.5872,1.56319401867e-13,1.27897692437e-13,1.11022302463e-16,0,0,0,118.768940384,187.5,True,YES
670,34,28,0,0,0,70.3869013354,79.6130986646,37.5,117.113098665,True,117.113098665,117.113098665,1,True,0.929116358601,1,0.0291163586013,33,3.63109126518,0.605181877529,1,1,2,0.634156318085,False,False,False,False,3128.913855,1842.4771,34.5872,1.56319401867e-13,1.27897692437e-13,1.11022302463e-16,0,0,0,117.113098665,187.5,True,YES
671,34,14,0,0,0,70.3869013354,79.6130986646,37.5,117.113098665,True,117.113098665,117.113098665,1,True,0.929116358601,1,0.0291163586013,33,3.63109126518,0.605181877529,1,1,2,0.634156318085,False,False,False,False,3128.913855,1842.4771,34.5872,1.56319401867e-13,1.27897692437e-13,1.11022302463e-16,0,0,0,117.113098665,187.5,True,YES
672,34,3,0,0,0,70.3869013354,79.6130986646,37.5,117.113098665,True,117.113098665,117.113098665,1,True,0.929116358601,1,0.0291163586013,33,3.63109126518,0.605181877529,1,1,2,0.634156318085,False,False,False,False,3128.913855,1842.4771,34.5872,1.56319401867e-13,1.27897692437e-13,1.11022302463e-16,0,0,0,117.113098665,187.5,True,YES
673,34,19,0,0,0,74.104005533,75.895994467,37.5,113.395994467,True,113.395994467,113.395994467,1,True,0.929116358601,1,0.0291163586013,33,3.63109126518,0.605181877529,1,1,2,0.634156318085,False,False,False,False,3128.913855,1842.4771,34.5872,1.56319401867e-13,1.27897692437e-13,1.11022302463e-16,0,0,0,113.395994467,187.5,True,YES
674,34,1,0,0,0,79.5600232653,70.4399767347,37.5,107.939976735,True,107.939976735,107.939976735,1,True,0.929116358601,1,0.0291163586013,33,3.63109126518,0.605181877529,1,1,2,0.634156318085,False,False,False,False,3128.913855,1842.4771,34.5872,1.56319401867e-13,1.27897692437e-13,1.11022302463e-16,0,0,0,107.939976735,187.5,True,YES
675,34,2,0,0,0,86.1831168892,63.8168831108,37.5,101.316883111,True,101.316883111,101.316883111,1,True,0.929116358601,1,0.0291163586013,33,3.63109126518,0.605181877529,1,1,2,0.634156318085,False,False,False,False,3128.913855,1842.4771,34.5872,1.56319401867e-13,1.27897692437e-13,1.11022302463e-16,0,0,0,101.316883111,187.5,True,YES
676,34,1,0,0,0,134.040817949,15.959182051,37.5,53.459182051,True,53.459182051,53.459182051,1,True,0.929116358601,1,0.0291163586013,33,3.63109126518,0.605181877529,1,1,2,0.634156318085,False,False,False,False,3128.913855,1842.4771,34.5872,1.56319401867e-13,1.27897692437e-13,1.11022302463e-16,0,0,0,53.459182051,187.5,True,YES
677,34,2,0,0,0,134.729249688,15.2707503118,37.5,52.7707503118,True,52.7707503118,52.7707503118,1,True,0.929116358601,1,0.0291163586013,33,3.63109126518,0.605181877529,1,1,2,0.634156318085,False,False,False,False,3128.913855,1842.4771,34.5872,1.56319401867e-13,1.27897692437e-13,1.11022302463e-16,0,0,0,52.7707503118,187.5,True,YES
678,34,3,0,0,0,134.730276628,15.2697233719,37.5,52.7697233719,True,52.7697233719,52.7697233719,1,True,0.929116358601,1,0.0291163586013,33,3.63109126518,0.605181877529,1,1,2,0.634156318085,False,False,False,False,3128.913855,1842.4771,34.5872,1.56319401867e-13,1.27897692437e-13,1.11022302463e-16,0,0,0,52.7697233719,187.5,True,YES
679,34,1,0,0,0,140.340109859,9.659890141,37.5,47.159890141,True,47.159890141,47.159890141,1,True,0.929116358601,1,0.0291163586013,33,3.63109126518,0.605181877529,1,1,2,0.634156318085,False,False,False,False,3128.913855,1842.4771,34.5872,1.56319401867e-13,1.27897692437e-13,1.11022302463e-16,0,0,0,47.159890141,187.5,True,YES
680,34,17,0,0,0,150,0,37.5,37.5,True,37.5,37.5,1,True,0.929116358601,1,0.0291163586013,33,3.63109126518,0.605181877529,1,1,2,0.634156318085,False,False,False,False,3128.913855,1842.4771,34.5872,1.56319401867e-13,1.27897692437e-13,1.11022302463e-16,0,0,0,37.5,187.5,True,YES
681,34,4,0,0,120,61.3815843795,88.6184156205,37.5,126.11841562,True,126.11841562,126.11841562,1,True,0.92288131161,1,0.0228813116096,18,3.73499171368,0.622498618946,1,1,2,0.649463655379,False,False,False,False,3248.913855,1842.4771,34.5872,1.98951966013e-13,1.27897692437e-13,1.11022302463e-16,0,0,0,126.11841562,187.5,True,YES
682,34,1,0,200,0,150,0,37.5,37.5,True,37.5,37.5,1,True,0.921439875702,1,0.0214398757022,18,3.80478505543,0.634130842572,1,1,2,0.659668546908,False,False,False,False,3328.913855,1842.4771,34.5872,2.98427949019e-13,1.27897692437e-13,1.11022302463e-16,0,0,0,37.5,187.5,True,YES
683,34,1,0,200,120,150,0,37.5,37.5,True,37.5,37.5,1,True,0.912409868741,1,0.012409868741,18,3.91020826085,0.651701376809,1,1,2,0.674975884203,False,False,False,False,3448.913855,1842.4771,34.5872,2.98427949019e-13,1.27897692437e-13,1.11022302463e-16,0,0,0,37.5,187.5,True,YES
684,34,2,6.52238444506,0,0,0,150,37.5,187.5,True,187.5,187.5,1,True,0.929090726797,1,0.0290907267967,33,3.63671311429,0.606118852382,1,1,2,0.634988320907,False,False,False,False,3135.43623945,1842.4771,34.5872,9.94759830064e-14,1.27897692437e-13,1.11022302463e-16,0,0,0,187.5,187.5,True,YES
685,34,1,19.5370698492,0,0,0,150,37.5,187.5,True,187.5,187.5,1,True,0.929039579297,1,0.0290395792969,33,3.64793984191,0.607989973652,1,1,2,0.636648489067,False,False,False,False,3148.45092485,1842.4771,34.5872,9.94759830064e-14,1.27897692437e-13,1.11022302463e-16,0,0,0,187.5,187.5,True,YES
686,34,1,24.9356848725,0,0,150,0,37.5,37.5,True,37.5,37.5,1,True,0.929018362002,1,0.0290183620022,33,3.65260027709,0.608766712848,1,1,2,0.637337142576,False,False,False,False,3153.84953987,1842.4771,34.5872,3.8369307731e-13,1.27897692437e-13,1.11022302463e-16,0,0,0,37.5,187.5,True,YES
687,34,3,35.6396946362,0,0,150,0,37.5,37.5,True,37.5,37.5,1,True,0.928976292348,1,0.0289762923484,33,3.66184666972,0.610307778287,1,1,2,0.638702558308,False,False,False,False,3164.55354964,1842.4771,34.5872,3.8369307731e-13,1.27897692437e-13,1.11022302463e-16,0,0,0,37.5,187.5,True,YES
688,34,2,35.6396946362,0,0,150,0,37.5,37.5,True,37.5,37.5,1,True,0.928976292348,1,0.0289762923484,33,3.66184666972,0.610307778287,1,1,2,0.638702558308,False,False,False,False,3164.55354964,1842.4771,34.5872,9.94759830064e-14,1.27897692437e-13,1.11022302463e-16,0,0,0,37.5,187.5,True,YES
689,34,1,35.6396946362,0,120,150,0,37.5,37.5,True,37.5,37.5,1,True,0.922740298916,1,0.0227402989157,18,3.76603423835,0.627672373059,1,1,2,0.654009895603,False,False,False,False,3284.55354964,1842.4771,34.5872,2.98427949019e-13,1.27897692437e-13,1.11022302463e-16,0,0,0,37.5,187.5,True,YES
690,34,1,37.8543167421,0,0,100.671817516,49.3281824836,37.5,86.8281824836,True,86.8281824836,86.8281824836,1,True,0.928967588047,1,0.0289675880466,33,3.66376070692,0.610626784487,1,1,2,0.638985058038,False,False,False,False,3166.76817174,1842.4771,34.5872,1.56319401867e-13,1.27897692437e-13,1.11022302463e-16,0,0,0,86.8281824836,187.5,True,YES
691,34,3,44.6233424193,0,120,150,0,37.5,37.5,True,37.5,37.5,1,True,0.922704750643,1,0.0227047506432,18,3.77387190228,0.62897865038,1,1,2,0.655155859992,False,False,False,False,3293.53719742,1842.4771,34.5872,1.98951966013e-13,1.27897692437e-13,1.11022302463e-16,0,0,0,37.5,187.5,True,YES
692,34,2,45.195976782,0,0,150,0,37.5,37.5,True,37.5,37.5,1,True,0.928938731965,1,0.0289387319649,33,3.67010832105,0.611684720175,1,1,2,0.639921568592,False,False,False,False,3174.10983178,1842.4771,34.5872,3.8369307731e-13,1.27897692437e-13,1.11022302463e-16,0,0,0,37.5,187.5,True,YES
693,34,1,78.7301287105,0,120,0,150,37.5,187.5,True,187.5,187.5,1,True,0.922569777701,1,0.0225697777011,18,3.8036740589,0.633945676483,1,1,2,0.659506560674,False,False,False,False,3327.64398371,1842.4771,34.5872,1.98951966013e-13,1.27897692437e-13,1.11022302463e-16,0,0,0,187.5,187.5,True,YES
694,34,1,88.5748639065,0,0,150,0,37.5,37.5,True,37.5,37.5,1,True,0.9287682148,1,0.0287682148002,33,3.70768870326,0.617948117211,1,1,2,0.645455029065,False,False,False,False,3217.48871891,1842.4771,34.5872,9.94759830064e-14,1.27897692437e-13,1.11022302463e-16,0,0,0,37.5,187.5,True,YES
695,34,1,107.536517232,200,120,150,0,37.5,37.5,True,37.5,37.5,1,True,0.911979435948,1,0.011979435948,18,4.00537902254,0.667563170423,1,1,2,0.688693365376,False,False,False,False,3556.45037223,1842.4771,34.5872,1.98951966013e-13,1.27897692437e-13,1.11022302463e-16,0,0,0,37.5,187.5,True,YES
696,34,1,127.009582684,0,0,0,150,37.5,187.5,True,187.5,187.5,1,True,0.928617106402,1,0.0286171064025,33,3.74109065596,0.623515109326,1,1,2,0.650357805766,False,False,False,False,3255.92343768,1842.4771,34.5872,9.94759830064e-14,1.27897692437e-13,1.11022302463e-16,0,0,0,187.5,187.5,True,YES
697,34,7,127.009582684,0,0,0,150,37.5,187.5,True,187.5,187.5,1,True,0.928617106402,1,0.0286171064025,33,3.74109065596,0.623515109326,1,1,2,0.650357805766,False,False,False,False,3255.92343768,1842.4771,34.5872,9.94759830064e-14,1.27897692437e-13,1.11022302463e-16,0,0,0,187.5,187.5,True,YES
698,34,3,138.192968642,0,0,150,0,37.5,37.5,True,37.5,37.5,1,True,0.928573133633,1,0.0285731336326,33,3.75082775679,0.625137959465,1,1,2,0.651784371274,False,False,False,False,3267.10682364,1842.4771,34.5872,9.94759830064e-14,1.27897692437e-13,1.11022302463e-16,0,0,0,37.5,187.5,True,YES
699,34,2,186.837221298,0,0,150,0,37.5,37.5,True,37.5,37.5,1,True,0.92838184152,1,0.02838184152,33,3.7932739242,0.6322123207,1,1,2,0.657989487797,False,False,False,False,3315.7510763,1842.4771,34.5872,9.94759830064e-14,1.27897692437e-13,1.11022302463e-16,0,0,0,37.5,187.5,True,YES
700,34,3,190.916321248,0,0,150,0,37.5,37.5,True,37.5,37.5,1,True,0.928365798787,1,0.0283657987865,33,3.79684003655,0.632806672758,1,1,2,0.658509822454,False,False,False,False,3319.83017625,1842.4771,34.5872,3.8369307731e-13,1.27897692437e-13,1.11022302463e-16,0,0,0,37.5,187.5,True,YES
701,34,1,239.80796732,0,0,150,0,37.5,37.5,True,37.5,37.5,1,True,0.928173490758,1,0.0281734907577,33,3.83966256072,0.63994376012,1,1,2,0.664746496765,False,False,False,False,3368.72182232,1842.4771,34.5872,3.8369307731e-13,1.27897692437e-13,1.11022302463e-16,0,0,0,37.5,187.5,True,YES
702,34,1,248.419852575,200,120,75.1353125527,74.8646874473,37.5,112.364687447,True,112.364687447,112.364687447,1,True,0.911415219362,1,0.0114152193616,18,4.1309803206,0.6884967201,1,1,2,0.706664604819,False,False,False,False,3697.33370758,1842.4771,34.5872,1.98951966013e-13,1.27897692437e-13,1.11022302463e-16,0,0,0,112.364687447,187.5,True,YES
703,34,1,249.355238228,200,120,150,0,37.5,37.5,True,37.5,37.5,1,True,0.911411472115,1,0.0114114721154,18,4.1318175359,0.688636255983,1,1,2,0.706783923683,False,False,False,False,3698.26909323,1842.4771,34.5872,2.98427949019e-13,1.27897692437e-13,1.11022302463e-16,0,0,0,37.5,187.5,True,YES
704,34,2,254.09291178,200,120,150,0,37.5,37.5,True,37.5,37.5,1,True,0.911392492296,1,0.0113924922962,18,4.13605862856,0.689343104759,1,1,2,0.707388266742,False,False,False,False,3703.00676678,1842.4771,34.5872,2.98427949019e-13,1.27897692437e-13,1.11022302463e-16,0,0,0,37.5,187.5,True,YES
705,34,6,265.252793301,0,65.457562704,150,0,37.5,37.5,True,37.5,37.5,1,True,0.925904766517,1,0.0259047665175,18,3.91965834549,0.653276390916,1,1,2,0.676342109469,False,False,False,False,3459.624211,1842.4771,34.5872,9.94759830064e-14,1.27897692437e-13,1.11022302463e-16,0,0,0,37.5,187.5,True,YES
706,34,2,265.252793301,0,79.3843651124,150,0,37.5,37.5,True,37.5,37.5,1,True,0.924866355499,1,0.0248663554994,18,3.93195606624,0.655326011039,1,1,2,0.678118628318,False,False,False,False,3473.55101341,1842.4771,34.5872,1.56319401867e-13,1.27897692437e-13,1.11022302463e-16,0,0,0,37.5,187.5,True,YES
707,34,2,265.252793301,0,97.4154243791,74.104005533,75.895994467,37.5,113.395994467,True,113.395994467,113.395994467,1,True,0.923520188218,1,0.0235201882179,18,3.94789402521,0.657982337535,1,1,2,0.680418690868,False,False,False,False,3491.58207268,1842.4771,34.5872,1.98951966013e-13,1.27897692437e-13,1.11022302463e-16,0,0,0,113.395994467,187.5,True,YES
708,34,1,267.107170383,200,120,150,0,37.5,37.5,True,37.5,37.5,1,True,0.911340353222,1,0.0113403532222,18,4.1477143254,0.6912857209,1,1,2,0.709048380459,False,False,False,False,3716.02102538,1842.4771,34.5872,1.98951966013e-13,1.27897692437e-13,1.11022302463e-16,0,0,0,37.5,187.5,True,YES
709,34,1,284.610112693,0,0,150,0,37.5,37.5,True,37.5,37.5,1,True,0.927997233181,1,0.0279972331813,33,3.87902922676,0.646504871126,1,1,2,0.670461509688,False,False,False,False,3413.52396769,1842.4771,34.5872,3.8369307731e-13,1.27897692437e-13,1.11022302463e-16,0,0,0,37.5,187.5,True,YES
710,34,6,300,0,0,0,150,37.5,187.5,True,187.5,187.5,1,True,0.9279366796,1,0.0279366795999,33,3.89257910505,0.648763184174,1,1,2,0.67242466132,False,False,False,False,3428.913855,1842.4771,34.5872,1.56319401867e-13,1.27897692437e-13,1.11022302463e-16,0,0,0,187.5,187.5,True,YES
711,34,1,300,0,0,118.160226114,31.8397738865,37.5,69.3397738865,True,69.3397738865,69.3397738865,1,True,0.9279366796,1,0.0279366795999,33,3.89257910505,0.648763184174,1,1,2,0.67242466132,False,False,False,False,3428.913855,1842.4771,34.5872,1.56319401867e-13,1.27897692437e-13,1.11022302463e-16,0,0,0,69.3397738865,187.5,True,YES
712,34,3,300,0,0,123.60925858,26.3907414205,37.5,63.8907414205,True,63.8907414205,63.8907414205,1,True,0.9279366796,1,0.0279366795999,33,3.89257910505,0.648763184174,1,1,2,0.67242466132,False,False,False,False,3428.913855,1842.4771,34.5872,1.56319401867e-13,1.27897692437e-13,1.11022302463e-16,0,0,0,63.8907414205,187.5,True,YES
713,34,18,300,0,0,150,0,37.5,37.5,True,37.5,37.5,1,True,0.9279366796,1,0.0279366795999,33,3.89257910505,0.648763184174,1,1,2,0.67242466132,False,False,False,False,3428.913855,1842.4771,34.5872,1.56319401867e-13,1.27897692437e-13,1.11022302463e-16,0,0,0,37.5,187.5,True,YES
714,34,1,300,0,12.266131422,150,0,37.5,37.5,True,37.5,37.5,1,True,0.927759234356,1,0.027759234356,33,3.90338847195,0.650564745326,1,1,2,0.673989343079,False,False,False,False,3441.17998642,1842.4771,34.5872,1.56319401867e-13,1.27897692437e-13,1.11022302463e-16,0,0,0,37.5,187.5,True,YES
715,34,1,300,0,39.593720726,150,0,37.5,37.5,True,37.5,37.5,1,True,0.927363783819,1,0.027363783819,33,3.92750132615,0.654583554358,1,1,2,0.677475281636,False,False,False,False,3468.50757573,1842.4771,34.5872,3.8369307731e-13,1.27897692437e-13,1.11022302463e-16,0,0,0,37.5,187.5,True,YES
716,34,1,300,0,67.8643003409,150,0,37.5,37.5,True,37.5,37.5,1,True,0.925588339713,1,0.0255883397131,18,3.95249026965,0.658748378275,1,1,2,0.681081509117,False,False,False,False,3496.77815534,1842.4771,34.5872,9.94759830064e-14,1.27897692437e-13,1.11022302463e-16,0,0,0,37.5,187.5,True,YES
717,34,1,300,0,120,0,150,37.5,187.5,True,187.5,187.5,1,True,0.921693652384,1,0.0216936523838,18,3.99868871184,0.666448118641,1,1,2,0.687731998615,False,False,False,False,3548.913855,1842.4771,34.5872,1.98951966013e-13,1.27897692437e-13,1.11022302463e-16,0,0,0,187.5,187.5,True,YES
718,34,8,300,0,120,150,0,37.5,37.5,True,37.5,37.5,1,True,0.921693652384,1,0.0216936523838,18,3.99868871184,0.666448118641,1,1,2,0.687731998615,False,False,False,False,3548.913855,1842.4771,34.5872,1.98951966013e-13,1.27897692437e-13,1.11022302463e-16,0,0,0,37.5,187.5,True,YES
719,34,8,300,200,0,0,150,37.5,187.5,True,187.5,187.5,1,True,0.920250356186,1,0.020250356186,18,4.06985720032,0.678309533387,1,1,2,0.697936890144,False,False,False,False,3628.913855,1842.4771,34.5872,2.98427949019e-13,1.27897692437e-13,1.11022302463e-16,0,0,0,187.5,187.5,True,YES
720,34,1,300,200,0,146.162881872,3.83711812779,37.5,41.3371181278,True,41.3371181278,41.3371181278,1,True,0.920250356186,1,0.020250356186,18,4.06985720032,0.678309533387,1,1,2,0.697936890144,False,False,False,False,3628.913855,1842.4771,34.5872,2.98427949019e-13,1.27897692437e-13,1.11022302463e-16,0,0,0,41.3371181278,187.5,True,YES
721,34,9,300,200,0,150,0,37.5,37.5,True,37.5,37.5,1,True,0.920250356186,1,0.020250356186,18,4.06985720032,0.678309533387,1,1,2,0.697936890144,False,False,False,False,3628.913855,1842.4771,34.5872,2.98427949019e-13,1.27897692437e-13,1.11022302463e-16,0,0,0,37.5,187.5,True,YES
722,34,1,300,200,24.2131992498,150,0,37.5,37.5,True,37.5,37.5,1,True,0.918433101509,1,0.0184331015094,18,4.09146173617,0.681910289361,1,1,2,0.701025553543,False,False,False,False,3653.12705425,1842.4771,34.5872,1.98951966013e-13,1.27897692437e-13,1.11022302463e-16,0,0,0,37.5,187.5,True,YES
723,34,5,300,200,55.532948882,150,0,37.5,37.5,True,37.5,37.5,1,True,0.916077137076,1,0.0160771370758,18,4.11945021995,0.686575036659,1,1,2,0.70502073664,False,False,False,False,3684.44680388,1842.4771,34.5872,2.98427949019e-13,1.27897692437e-13,1.11022302463e-16,0,0,0,37.5,187.5,True,YES
724,34,1,300,200,86.3055144628,150,0,37.5,37.5,True,37.5,37.5,1,True,0.91375641728,1,0.0137564172796,18,4.14699612096,0.69116602016,1,1,2,0.708946120313,False,False,False,False,3715.21936946,1842.4771,34.5872,2.98427949019e-13,1.27897692437e-13,1.11022302463e-16,0,0,0,37.5,187.5,True,YES
725,34,1,300,200,95.1293272833,150,0,37.5,37.5,True,37.5,37.5,1,True,0.913089879353,1,0.0130898793535,18,4.15490306596,0.692483844327,1,1,2,0.710071695972,False,False,False,False,3724.04318228,1842.4771,34.5872,2.98427949019e-13,1.27897692437e-13,1.11022302463e-16,0,0,0,37.5,187.5,True,YES
726,34,1,300,200,101.192284523,0,150,37.5,187.5,True,187.5,187.5,1,True,0.912631610263,1,0.0126316102627,18,4.16033816848,0.693389694747,1,1,2,0.710845093734,False,False,False,False,3730.10613952,1842.4771,34.5872,1.98951966013e-13,1.27897692437e-13,1.11022302463e-16,0,0,0,187.5,187.5,True,YES
727,34,1,300,200,108.281175597,150,0,37.5,37.5,True,37.5,37.5,1,True,0.912095503895,1,0.0120955038947,18,4.16669516053,0.694449193421,1,1,2,0.71174936079,False,False,False,False,3737.1950306,1842.4771,34.5872,1.98951966013e-13,1.27897692437e-13,1.11022302463e-16,0,0,0,37.5,187.5,True,YES
728,34,518,300,200,120,150,0,37.5,37.5,True,37.5,37.5,1,True,0.911208561254,1,0.0112085612539,18,4.1772092306,0.696201538434,1,1,2,0.713244227439,False,False,False,False,3748.913855,1842.4771,34.5872,2.98427949019e-13,1.27897692437e-13,1.11022302463e-16,0,0,0,37.5,187.5,True,YES
729,35,1969,0,0,0,0,150,37.5,187.5,True,187.5,187.5,1,True,0.926349920801,1,0.0263499208009,33,3.78010519803,0.630017533006,1,1,2,0.661300910515,False,False,False,False,3244.51027,1939.6774,75.9904,3.41060513165e-13,1.06581410364e-13,1.11022302463e-16,0,0,0,187.5,187.5,True,YES
730,35,1,0,0,0,10.7040097637,139.295990236,37.5,176.795990236,True,176.795990236,176.795990236,1,True,0.926349920801,1,0.0263499208009,33,3.78010519803,0.630017533006,1,1,2,0.661300910515,False,False,False,False,3244.51027,1939.6774,75.9904,3.41060513165e-13,1.06581410364e-13,1.11022302463e-16,0,0,0,176.795990236,187.5,True,YES
731,35,2,0,0,0,11.0368664011,138.963133599,37.5,176.463133599,True,176.463133599,176.463133599,1,True,0.926349920801,1,0.0263499208009,33,3.78010519803,0.630017533006,1,1,2,0.661300910515,False,False,False,False,3244.51027,1939.6774,75.9904,3.41060513165e-13,1.06581410364e-13,1.11022302463e-16,0,0,0,176.463133599,187.5,True,YES
732,35,3,0,0,0,11.3411905718,138.658809428,37.5,176.158809428,True,176.158809428,176.158809428,1,True,0.926349920801,1,0.0263499208009,33,3.78010519803,0.630017533006,1,1,2,0.661300910515,False,False,False,False,3244.51027,1939.6774,75.9904,3.41060513165e-13,1.06581410364e-13,1.11022302463e-16,0,0,0,176.158809428,187.5,True,YES
733,35,2,0,0,0,21.332326699,128.667673301,37.5,166.167673301,True,166.167673301,166.167673301,1,True,0.926349920801,1,0.0263499208009,33,3.78010519803,0.630017533006,1,1,2,0.661300910515,False,False,False,False,3244.51027,1939.6774,75.9904,3.41060513165e-13,1.06581410364e-13,1.11022302463e-16,0,0,0,166.167673301,187.5,True,YES
734,35,2,0,0,0,56.1831168891,93.8168831109,37.5,131.316883111,True,131.316883111,131.316883111,1,True,0.926349920801,1,0.0263499208009,33,3.78010519803,0.630017533006,1,1,2,0.661300910515,False,False,False,False,3244.51027,1939.6774,75.9904,3.41060513165e-13,1.06581410364e-13,1.11022302463e-16,0,0,0,131.316883111,187.5,True,YES
735,35,2,0,0,0,74.104005533,75.895994467,37.5,113.395994467,True,113.395994467,113.395994467,1,True,0.926349920801,1,0.0263499208009,33,3.78010519803,0.630017533006,1,1,2,0.661300910515,False,False,False,False,3244.51027,1939.6774,75.9904,3.41060513165e-13,1.06581410364e-13,1.11022302463e-16,0,0,0,113.395994467,187.5,True,YES
736,35,1,0,0,0,83.8751494167,66.1248505833,37.5,103.624850583,True,103.624850583,103.624850583,1,True,0.926349920801,1,0.0263499208009,33,3.78010519803,0.630017533006,1,1,2,0.661300910515,False,False,False,False,3244.51027,1939.6774,75.9904,3.41060513165e-13,1.06581410364e-13,1.11022302463e-16,0,0,0,103.624850583,187.5,True,YES
737,35,9,0,0,0,150,0,37.5,37.5,True,37.5,37.5,1,True,0.926349920801,1,0.0263499208009,33,3.78010519803,0.630017533006,1,1,2,0.661300910515,False,False,False,False,3244.51027,1939.6774,75.9904,3.41060513165e-13,1.06581410364e-13,1.11022302463e-16,0,0,0,37.5,187.5,True,YES
738,35,1,0,0,25.0538849028,0,150,37.5,187.5,True,187.5,187.5,1,True,0.925986827115,1,0.0259868271149,33,3.80163098934,0.63360516489,1,1,2,0.664496812738,False,False,False,False,3269.5641549,1939.6774,75.9904,3.41060513165e-13,1.06581410364e-13,1.11022302463e-16,0,0,0,187.5,187.5,True,YES
739,35,1,0,0,120,0,150,37.5,187.5,True,187.5,187.5,1,True,0.920695432855,1,0.0206954328554,18,3.88359083491,0.647265139152,1,1,2,0.676608247809,False,False,False,False,3364.51027,1939.6774,75.9904,2.34479102801e-13,1.06581410364e-13,1.11022302463e-16,0,0,0,187.5,187.5,True,YES
740,35,1,0,200,0,0,150,37.5,187.5,True,187.5,187.5,1,True,0.919250569375,1,0.0192505693752,18,3.95309997549,0.658849995915,1,1,2,0.686813139339,False,False,False,False,3444.51027,1939.6774,75.9904,2.13162820728e-13,1.06581410364e-13,1.11022302463e-16,0,0,0,187.5,187.5,True,YES
741,35,1,0,200,0,150,0,37.5,37.5,True,37.5,37.5,1,True,0.919250569375,1,0.0192505693752,18,3.95309997549,0.658849995915,1,1,2,0.686813139339,False,False,False,False,3444.51027,1939.6774,75.9904,2.13162820728e-13,1.06581410364e-13,1.11022302463e-16,0,0,0,37.5,187.5,True,YES
742,35,2,0,200,18.2825981722,150,0,37.5,37.5,True,37.5,37.5,1,True,0.917877257654,1,0.0178772576539,18,3.96904054703,0.661506757838,1,1,2,0.689145288479,False,False,False,False,3462.79286817,1939.6774,75.9904,3.48165940522e-13,1.06581410364e-13,1.11022302463e-16,0,0,0,37.5,187.5,True,YES
743,35,5,0,200,120,150,0,37.5,37.5,True,37.5,37.5,1,True,0.910198842747,1,0.0101988427473,18,4.0580884516,0.676348075267,1,1,2,0.702120476633,False,False,False,False,3564.51027,1939.6774,75.9904,2.13162820728e-13,1.06581410364e-13,1.11022302463e-16,0,0,0,37.5,187.5,True,YES
744,35,3,29.4351261429,0,0,150,0,37.5,37.5,True,37.5,37.5,1,True,0.926233894903,1,0.0262338949032,33,3.80539969951,0.634233283251,1,1,2,0.665055688883,False,False,False,False,3273.94539614,1939.6774,75.9904,3.41060513165e-13,1.06581410364e-13,1.11022302463e-16,0,0,0,37.5,187.5,True,YES
745,35,3,35.6396946362,0,25.1388456523,150,0,37.5,37.5,True,37.5,37.5,1,True,0.925845055689,1,0.0258450556886,33,3.83239905744,0.63873317624,1,1,2,0.669053890652,False,False,False,False,3305.28881029,1939.6774,75.9904,3.41060513165e-13,1.06581410364e-13,1.11022302463e-16,0,0,0,37.5,187.5,True,YES
746,35,1,160.1325298,0,30.7317723821,150,0,37.5,37.5,True,37.5,37.5,1,True,0.925272838576,1,0.0252728385758,33,3.94514218594,0.657523697656,1,1,2,0.685647779273,False,False,False,False,3435.37457218,1939.6774,75.9904,3.41060513165e-13,1.06581410364e-13,1.11022302463e-16,0,0,0,37.5,187.5,True,YES
747,35,1,175.026482776,200,0,0,150,37.5,187.5,True,187.5,187.5,1,True,0.918555111102,1,0.0185551111022,18,4.10650638874,0.684417731457,1,1,2,0.709139717733,False,False,False,False,3619.53675278,1939.6774,75.9904,2.13162820728e-13,1.06581410364e-13,1.11022302463e-16,0,0,0,187.5,187.5,True,YES
748,35,1,190.336744076,200,0,0,150,37.5,187.5,True,187.5,187.5,1,True,0.91849425156,1,0.0184942515604,18,4.12000743104,0.686667905173,1,1,2,0.711092712181,False,False,False,False,3634.84701408,1939.6774,75.9904,2.13162820728e-13,1.06581410364e-13,1.11022302463e-16,0,0,0,187.5,187.5,True,YES
749,35,1,211.862033505,200,0,0,150,37.5,187.5,True,187.5,187.5,1,True,0.918408679952,1,0.0184086799522,18,4.13901036939,0.689835061565,1,1,2,0.713838502728,False,False,False,False,3656.37230351,1939.6774,75.9904,2.13162820728e-13,1.06581410364e-13,1.11022302463e-16,0,0,0,187.5,187.5,True,YES
750,35,1,249.816839307,200,0,0,150,37.5,187.5,True,187.5,187.5,1,True,0.918257775038,1,0.0182577750385,18,4.17257728588,0.695429547646,1,1,2,0.718680061181,False,False,False,False,3694.32710931,1939.6774,75.9904,3.97903932026e-13,1.06581410364e-13,1.11022302463e-16,0,0,0,187.5,187.5,True,YES
751,35,1,273.123358778,0,0,150,0,37.5,37.5,True,37.5,37.5,1,True,0.925272778082,1,0.0252727780817,33,4.01697582298,0.669495970496,1,1,2,0.696140838646,False,False,False,False,3517.63362878,1939.6774,75.9904,3.41060513165e-13,1.06581410364e-13,1.11022302463e-16,0,0,0,37.5,187.5,True,YES
752,35,1,282.214623023,200,0,0,150,37.5,187.5,True,187.5,187.5,1,True,0.918128944726,1,0.018128944726,18,4.20128871233,0.700214785388,1,1,2,0.722812759539,False,False,False,False,3726.72489302,1939.6774,75.9904,5.11590769747e-13,1.06581410364e-13,1.11022302463e-16,0,0,0,187.5,187.5,True,YES
753,35,11,300,0,0,0,150,37.5,187.5,True,187.5,187.5,1,True,0.925166714325,1,0.0251667143246,33,4.0405323251,0.673422054184,1,1,2,0.699569253751,False,False,False,False,3544.51027,1939.6774,75.9904,3.41060513165e-13,1.06581410364e-13,1.11022302463e-16,0,0,0,187.5,187.5,True,YES
754,35,1,300,0,0,118.113552539,31.8864474606,37.5,69.3864474606,True,69.3864474606,69.3864474606,1,True,0.925166714325,1,0.0251667143246,33,4.0405323251,0.673422054184,1,1,2,0.699569253751,False,False,False,False,3544.51027,1939.6774,75.9904,3.41060513165e-13,1.06581410364e-13,1.11022302463e-16,0,0,0,69.3864474606,187.5,True,YES
755,35,15,300,0,0,150,0,37.5,37.5,True,37.5,37.5,1,True,0.925166714325,1,0.0251667143246,33,4.0405323251,0.673422054184,1,1,2,0.699569253751,False,False,False,False,3544.51027,1939.6774,75.9904,3.41060513165e-13,1.06581410364e-13,1.11022302463e-16,0,0,0,37.5,187.5,True,YES
756,35,1,300,0,107.088076137,150,0,37.5,37.5,True,37.5,37.5,1,True,0.920473337057,1,0.0204733370573,18,4.13479369468,0.689132282447,1,1,2,0.713229531264,False,False,False,False,3651.59834614,1939.6774,75.9904,3.41060513165e-13,1.06581410364e-13,1.11022302463e-16,0,0,0,37.5,187.5,True,YES
757,35,1,300,0,120,0,150,37.5,187.5,True,187.5,187.5,1,True,0.91950495029,1,0.0195049502896,18,4.14620114502,0.691033524171,1,1,2,0.714876591045,False,False,False,False,3664.51027,1939.6774,75.9904,2.34479102801e-13,1.06581410364e-13,1.11022302463e-16,0,0,0,187.5,187.5,True,YES
758,35,5,300,200,0,0,150,37.5,187.5,True,187.5,187.5,1,True,0.918058213199,1,0.0180582131995,18,4.21707310563,0.702845517605,1,1,2,0.725081482575,False,False,False,False,3744.51027,1939.6774,75.9904,2.13162820728e-13,1.06581410364e-13,1.11022302463e-16,0,0,0,187.5,187.5,True,YES
759,35,17,300,200,0,150,0,37.5,37.5,True,37.5,37.5,1,True,0.918058213199,1,0.0180582131995,18,4.21707310563,0.702845517605,1,1,2,0.725081482575,False,False,False,False,3744.51027,1939.6774,75.9904,2.13162820728e-13,1.06581410364e-13,1.11022302463e-16,0,0,0,37.5,187.5,True,YES
760,35,1,300,200,120,19.7575112765,130.242488724,37.5,167.742488724,True,167.742488724,167.742488724,1,True,0.908994613221,1,0.00899461322104,18,4.32397826579,0.720663044298,1,1,2,0.740388819869,False,False,False,False,3864.51027,1939.6774,75.9904,2.13162820728e-13,1.06581410364e-13,1.11022302463e-16,0,0,0,167.742488724,187.5,True,YES
761,35,514,300,200,120,150,0,37.5,37.5,True,37.5,37.5,1,True,0.908994613221,1,0.00899461322104,18,4.32397826579,0.720663044298,1,1,2,0.740388819869,False,False,False,False,3864.51027,1939.6774,75.9904,2.13162820728e-13,1.06581410364e-13,1.11022302463e-16,0,0,0,37.5,187.5,True,YES
762,36,2009,0,0,0,0,150,37.5,187.5,True,187.5,187.5,1,True,0.924995049914,1,0.0249950499137,33,3.85742950478,0.642904917464,1,1,2,0.676326824964,False,False,False,False,3292.96369,2009.0178,139.5368,2.41584530158e-13,1.56319401867e-13,1.11022302463e-16,0,0,0,187.5,187.5,True,YES
763,36,2,0,0,0,10.7040097637,139.295990236,37.5,176.795990236,True,176.795990236,176.795990236,1,True,0.924995049914,1,0.0249950499137,33,3.85742950478,0.642904917464,1,1,2,0.676326824964,False,False,False,False,3292.96369,2009.0178,139.5368,2.41584530158e-13,1.56319401867e-13,1.11022302463e-16,0,0,0,176.795990236,187.5,True,YES
764,36,1,0,0,0,150,0,37.5,37.5,True,37.5,37.5,1,True,0.924995049914,1,0.0249950499137,33,3.85742950478,0.642904917464,1,1,2,0.676326824964,False,False,False,False,3292.96369,2009.0178,139.5368,2.41584530158e-13,1.56319401867e-13,1.11022302463e-16,0,0,0,37.5,187.5,True,YES
765,36,1,0,0,120,0,150,37.5,187.5,True,187.5,187.5,1,True,0.920372742525,1,0.0203727425248,18,3.9603628205,0.660060470083,1,1,2,0.691634162259,False,False,False,False,3412.96369,2009.0178,139.5368,2.41584530158e-13,1.56319401867e-13,1.11022302463e-16,0,0,0,187.5,187.5,True,YES
766,36,2,0,200,0,0,150,37.5,187.5,True,187.5,187.5,1,True,0.918927371667,1,0.0189273716668,18,4.02950963026,0.671584938377,1,1,2,0.701839053788,False,False,False,False,3492.96369,2009.0178,139.5368,2.41584530158e-13,1.56319401867e-13,1.11022302463e-16,0,0,0,187.5,187.5,True,YES
767,36,2,0,200,0,12.301603341,137.698396659,37.5,175.198396659,True,175.198396659,175.198396659,1,True,0.918927371667,1,0.0189273716668,18,4.02950963026,0.671584938377,1,1,2,0.701839053788,False,False,False,False,3492.96369,2009.0178,139.5368,2.41584530158e-13,1.56319401867e-13,1.11022302463e-16,0,0,0,175.198396659,187.5,True,YES
768,36,1,0,200,0,93.2764582212,56.7235417788,37.5,94.2235417788,True,94.2235417788,94.2235417788,1,True,0.918927371667,1,0.0189273716668,18,4.02950963026,0.671584938377,1,1,2,0.701839053788,False,False,False,False,3492.96369,2009.0178,139.5368,2.41584530158e-13,1.56319401867e-13,1.11022302463e-16,0,0,0,94.2235417788,187.5,True,YES
769,36,5,0,200,0,150,0,37.5,37.5,True,37.5,37.5,1,True,0.918927371667,1,0.0189273716668,18,4.02950963026,0.671584938377,1,1,2,0.701839053788,False,False,False,False,3492.96369,2009.0178,139.5368,2.41584530158e-13,1.56319401867e-13,1.11022302463e-16,0,0,0,37.5,187.5,True,YES
770,36,1,0,200,4.13850703294,102.393965004,47.606034996,37.5,85.106034996,True,85.106034996,85.106034996,1,True,0.918616574858,1,0.0186165748577,18,4.03309760571,0.672182934286,1,1,2,0.70236696648,False,False,False,False,3497.10219703,2009.0178,139.5368,2.41584530158e-13,1.56319401867e-13,1.11022302463e-16,0,0,0,85.106034996,187.5,True,YES
771,36,1,136.864891697,200,0,150,0,37.5,37.5,True,37.5,37.5,1,True,0.918383399926,1,0.0183833999262,18,4.14871161365,0.691451935608,1,1,2,0.719297695963,False,False,False,False,3629.8285817,2009.0178,139.5368,2.41584530158e-13,1.56319401867e-13,1.11022302463e-16,0,0,0,37.5,187.5,True,YES
772,36,30,300,0,0,0,150,37.5,187.5,True,187.5,187.5,1,True,0.923810108134,1,0.0238101081344,33,4.11649615552,0.686082692586,1,1,2,0.7145951682,False,False,False,False,3592.96369,2009.0178,139.5368,2.41584530158e-13,1.56319401867e-13,1.11022302463e-16,0,0,0,187.5,187.5,True,YES
773,36,3,300,0,0,150,0,37.5,37.5,True,37.5,37.5,1,True,0.923810108134,1,0.0238101081344,33,4.11649615552,0.686082692586,1,1,2,0.7145951682,False,False,False,False,3592.96369,2009.0178,139.5368,2.41584530158e-13,1.56319401867e-13,1.11022302463e-16,0,0,0,37.5,187.5,True,YES
774,36,1,300,0,120,150,0,37.5,37.5,True,37.5,37.5,1,True,0.919181842025,1,0.0191818420253,18,4.22164089946,0.703606816576,1,1,2,0.729902505494,False,False,False,False,3712.96369,2009.0178,139.5368,2.41584530158e-13,1.56319401867e-13,1.11022302463e-16,0,0,0,37.5,187.5,True,YES
775,36,1,300,16.4619021077,0,0,150,37.5,187.5,True,187.5,187.5,1,True,0.923570893853,1,0.0235708938534,33,4.13087225967,0.688478709944,1,1,2,0.716695067267,False,False,False,False,3609.42559211,2009.0178,139.5368,2.41584530158e-13,1.56319401867e-13,1.11022302463e-16,0,0,0,187.5,187.5,True,YES
776,36,1,300,95.0725003725,0,150,0,37.5,37.5,True,37.5,37.5,1,True,0.922427717341,1,0.0224277173406,33,4.19973373706,0.699955622844,1,1,2,0.726722725122,False,False,False,False,3688.03619037,2009.0178,139.5368,2.13162820728e-13,1.56319401867e-13,1.11022302463e-16,0,0,0,37.5,187.5,True,YES
777,36,1,300,108.379413727,40.0175650334,0,150,37.5,187.5,True,187.5,187.5,1,True,0.91952072373,1,0.0195207237304,18,4.24663774938,0.70777295823,1,1,2,0.733524856595,False,False,False,False,3741.36066876,2009.0178,139.5368,2.13162820728e-13,1.56319401867e-13,1.11022302463e-16,0,0,0,187.5,187.5,True,YES
778,36,1,300,126.200551262,0,150,0,37.5,37.5,True,37.5,37.5,1,True,0.921590055883,1,0.0215900558825,18,4.22709535901,0.704515893169,1,1,2,0.730693454908,False,False,False,False,3719.16424126,2009.0178,139.5368,2.13162820728e-13,1.56319401867e-13,1.11022302463e-16,0,0,0,37.5,187.5,True,YES
779,36,1,300,135.819764951,0,0,150,37.5,187.5,True,187.5,187.5,1,True,0.921088439728,1,0.0210884397279,18,4.23556118769,0.705926864614,1,1,2,0.731920492811,False,False,False,False,3728.78345495,2009.0178,139.5368,2.41584530158e-13,1.56319401867e-13,1.11022302463e-16,0,0,0,187.5,187.5,True,YES
780,36,1,300,175.547349346,0,150,0,37.5,37.5,True,37.5,37.5,1,True,0.919013852489,1,0.0190138524894,18,4.2705770072,0.711762834533,1,1,2,0.73698818893,False,False,False,False,3768.51103935,2009.0178,139.5368,2.13162820728e-13,1.56319401867e-13,1.11022302463e-16,0,0,0,37.5,187.5,True,YES
781,36,5,300,178.966549283,0,150,0,37.5,37.5,True,37.5,37.5,1,True,0.918835081849,1,0.0188350818492,18,4.27359453513,0.712265755856,1,1,2,0.737424345986,False,False,False,False,3771.93023928,2009.0178,139.5368,2.13162820728e-13,1.56319401867e-13,1.11022302463e-16,0,0,0,37.5,187.5,True,YES
782,36,2,300,200,0,0,150,37.5,187.5,True,187.5,187.5,1,True,0.91773459558,1,0.0177345955803,18,4.29217032215,0.715361720359,1,1,2,0.740107397024,False,False,False,False,3792.96369,2009.0178,139.5368,2.41584530158e-13,1.56319401867e-13,1.11022302463e-16,0,0,0,187.5,187.5,True,YES
783,36,6,300,200,0,150,0,37.5,37.5,True,37.5,37.5,1,True,0.91773459558,1,0.0177345955803,18,4.29217032215,0.715361720359,1,1,2,0.740107397024,False,False,False,False,3792.96369,2009.0178,139.5368,2.41584530158e-13,1.56319401867e-13,1.11022302463e-16,0,0,0,37.5,187.5,True,YES
784,36,3,300,200,120,0,150,37.5,187.5,True,187.5,187.5,1,True,0.90866776765,1,0.00866776765037,18,4.39857219561,0.733095365935,1,1,2,0.755414734318,False,False,False,False,3912.96369,2009.0178,139.5368,2.41584530158e-13,1.56319401867e-13,1.11022302463e-16,0,0,0,187.5,187.5,True,YES
785,36,500,300,200,120,150,0,37.5,37.5,True,37.5,37.5,1,True,0.90866776765,1,0.00866776765037,18,4.39857219561,0.733095365935,1,1,2,0.755414734318,False,False,False,False,3912.96369,2009.0178,139.5368,2.41584530158e-13,1.56319401867e-13,1.11022302463e-16,0,0,0,37.5,187.5,True,YES
786,37,2018,0,0,0,0,150,37.5,187.5,True,187.5,187.5,1,True,0.924398915944,1,0.0243989159441,33,3.89239787135,0.648732978558,1,1,2,0.683269277728,False,False,False,False,3312.718,2043.688,175.7824,2.27373675443e-13,1.7763568394e-13,1.11022302463e-16,0,0,0,187.5,187.5,True,YES
787,37,6,0,0,0,150,0,37.5,37.5,True,37.5,37.5,1,True,0.924398915944,1,0.0243989159441,33,3.89239787135,0.648732978558,1,1,2,0.683269277728,False,False,False,False,3312.718,2043.688,175.7824,2.27373675443e-13,1.7763568394e-13,1.11022302463e-16,0,0,0,37.5,187.5,True,YES
788,37,1,0,86.7060728862,0,150,0,37.5,37.5,True,37.5,37.5,1,True,0.923139063441,1,0.023139063441,33,3.96645240343,0.661075400571,1,1,2,0.694329603587,False,False,False,False,3399.42407289,2043.688,175.7824,2.27373675443e-13,1.7763568394e-13,1.11022302463e-16,0,0,0,37.5,187.5,True,YES
789,37,5,0,200,0,0,150,37.5,187.5,True,187.5,187.5,1,True,0.918928931432,1,0.0189289314317,18,4.06396953592,0.677328255986,1,1,2,0.708781506552,False,False,False,False,3512.718,2043.688,175.7824,2.27373675443e-13,1.7763568394e-13,1.11022302463e-16,0,0,0,187.5,187.5,True,YES
790,37,1,0,200,0,150,0,37.5,37.5,True,37.5,37.5,1,True,0.918928931432,1,0.0189289314317,18,4.06396953592,0.677328255986,1,1,2,0.708781506552,False,False,False,False,3512.718,2043.688,175.7824,2.27373675443e-13,1.7763568394e-13,1.11022302463e-16,0,0,0,37.5,187.5,True,YES
791,37,1,0,200,120,150,0,37.5,37.5,True,37.5,37.5,1,True,0.909874005049,1,0.00987400504907,18,4.16812916173,0.694688193622,1,1,2,0.724088843846,False,False,False,False,3632.718,2043.688,175.7824,2.27373675443e-13,1.7763568394e-13,1.11022302463e-16,0,0,0,37.5,187.5,True,YES
792,37,1,23.8857575559,200,0,0,150,37.5,187.5,True,187.5,187.5,1,True,0.918834020458,1,0.0188340204579,18,4.08463300424,0.680772167373,1,1,2,0.711828401114,False,False,False,False,3536.60375756,2043.688,175.7824,2.27373675443e-13,1.7763568394e-13,1.11022302463e-16,0,0,0,187.5,187.5,True,YES
793,37,1,137.354040745,0,0,0,150,37.5,187.5,True,187.5,187.5,1,True,0.923856232694,1,0.023856232694,33,4.00994485345,0.668324142241,1,1,2,0.700790316315,False,False,False,False,3450.07204074,2043.688,175.7824,2.27373675443e-13,1.7763568394e-13,1.11022302463e-16,0,0,0,187.5,187.5,True,YES
794,37,1,144.372955795,187.037636871,0,96.7310236332,53.2689763668,37.5,90.7689763668,True,90.7689763668,90.7689763668,1,True,0.919033009101,1,0.0190330091015,18,4.17807776869,0.696346294782,1,1,2,0.725544392102,False,False,False,False,3644.12859267,2043.688,175.7824,2.27373675443e-13,1.7763568394e-13,1.11022302463e-16,0,0,0,90.7689763668,187.5,True,YES
795,37,1,284.628403425,0,0,0,150,37.5,187.5,True,187.5,187.5,1,True,0.923274000069,1,0.0232740000691,33,4.13733752401,0.689556254002,1,1,2,0.719576802518,False,False,False,False,3597.34640342,2043.688,175.7824,5.25801624462e-13,1.7763568394e-13,1.11022302463e-16,0,0,0,187.5,187.5,True,YES
796,37,1,285.65442507,0,0,0,150,37.5,187.5,True,187.5,187.5,1,True,0.92326994252,1,0.02326994252,33,4.13822966386,0.689704943977,1,1,2,0.719707683013,False,False,False,False,3598.37242507,2043.688,175.7824,2.27373675443e-13,1.7763568394e-13,1.11022302463e-16,0,0,0,187.5,187.5,True,YES
797,37,25,300,0,0,0,150,37.5,187.5,True,187.5,187.5,1,True,0.923213209029,1,0.0232132090287,33,4.15070981747,0.691784969579,1,1,2,0.721537620964,False,False,False,False,3612.718,2043.688,175.7824,2.27373675443e-13,1.7763568394e-13,1.11022302463e-16,0,0,0,187.5,187.5,True,YES
798,37,1,300,0,0,11.3017750555,138.698224944,37.5,176.198224944,True,176.198224944,176.198224944,1,True,0.923213209029,1,0.0232132090287,33,4.15070981747,0.691784969579,1,1,2,0.721537620964,False,False,False,False,3612.718,2043.688,175.7824,2.27373675443e-13,1.7763568394e-13,1.11022302463e-16,0,0,0,176.198224944,187.5,True,YES
799,37,5,300,0,0,56.5320991522,93.4679008478,37.5,130.967900848,True,130.967900848,130.967900848,1,True,0.923213209029,1,0.0232132090287,33,4.15070981747,0.691784969579,1,1,2,0.721537620964,False,False,False,False,3612.718,2043.688,175.7824,2.27373675443e-13,1.7763568394e-13,1.11022302463e-16,0,0,0,130.967900848,187.5,True,YES
800,37,7,300,0,0,150,0,37.5,37.5,True,37.5,37.5,1,True,0.923213209029,1,0.0232132090287,33,4.15070981747,0.691784969579,1,1,2,0.721537620964,False,False,False,False,3612.718,2043.688,175.7824,2.27373675443e-13,1.7763568394e-13,1.11022302463e-16,0,0,0,37.5,187.5,True,YES
801,37,1,300,43.1331333512,0,150,0,37.5,37.5,True,37.5,37.5,1,True,0.922585887575,1,0.0225858875745,33,4.18830611949,0.698051019915,1,1,2,0.727039732804,False,False,False,False,3655.85113335,2043.688,175.7824,2.27373675443e-13,1.7763568394e-13,1.11022302463e-16,0,0,0,37.5,187.5,True,YES
802,37,1,300,95.6411692721,0,150,0,37.5,37.5,True,37.5,37.5,1,True,0.921821642852,1,0.0218216428518,33,4.23421638201,0.705702730335,1,1,2,0.733737717941,False,False,False,False,3708.35916927,2043.688,175.7824,2.98427949019e-13,1.7763568394e-13,1.11022302463e-16,0,0,0,37.5,187.5,True,YES
803,37,1,300,108.989690851,0,150,0,37.5,37.5,True,37.5,37.5,1,True,0.921627256564,1,0.0216272565641,33,4.24591200774,0.70765200129,1,1,2,0.735440470626,False,False,False,False,3721.70769085,2043.688,175.7824,2.98427949019e-13,1.7763568394e-13,1.11022302463e-16,0,0,0,37.5,187.5,True,YES
804,37,1,300,195.608081836,0,0,150,37.5,187.5,True,187.5,187.5,1,True,0.917966054485,1,0.0179660544853,18,4.32203750411,0.720339584018,1,1,2,0.746489611682,False,False,False,False,3808.32608184,2043.688,175.7824,2.27373675443e-13,1.7763568394e-13,1.11022302463e-16,0,0,0,187.5,187.5,True,YES
805,37,5,300,200,0,150,0,37.5,37.5,True,37.5,37.5,1,True,0.917736157372,1,0.0177361573723,18,4.32590790342,0.72098465057,1,1,2,0.747049849788,False,False,False,False,3812.718,2043.688,175.7824,2.27373675443e-13,1.7763568394e-13,1.11022302463e-16,0,0,0,37.5,187.5,True,YES
806,37,1,300,200,48.3296620863,150,0,37.5,37.5,True,37.5,37.5,1,True,0.91409534059,1,0.0140953405896,18,4.36856380178,0.728093966964,1,1,2,0.753214836778,False,False,False,False,3861.04766209,2043.688,175.7824,2.98427949019e-13,1.7763568394e-13,1.11022302463e-16,0,0,0,37.5,187.5,True,YES
807,37,1,300,200,73.7054334002,150,0,37.5,37.5,True,37.5,37.5,1,True,0.912177890419,1,0.0121778904192,18,4.3910076002,0.731834600034,1,1,2,0.7564517992,False,False,False,False,3886.4234334,2043.688,175.7824,2.27373675443e-13,1.7763568394e-13,1.11022302463e-16,0,0,0,37.5,187.5,True,YES
808,37,1,300,200,90.1307483695,150,0,37.5,37.5,True,37.5,37.5,1,True,0.910934605039,1,0.0109346050392,18,4.40555206461,0.734258677435,1,1,2,0.75854703117,False,False,False,False,3902.84874837,2043.688,175.7824,2.27373675443e-13,1.7763568394e-13,1.11022302463e-16,0,0,0,37.5,187.5,True,YES
809,37,1,300,200,112.947009069,150,0,37.5,37.5,True,37.5,37.5,1,True,0.909204747179,1,0.00920474717925,18,4.42577749156,0.737629581926,1,1,2,0.761457499489,False,False,False,False,3925.66500907,2043.688,175.7824,2.27373675443e-13,1.7763568394e-13,1.11022302463e-16,0,0,0,37.5,187.5,True,YES
810,37,3,300,200,120,0,150,37.5,187.5,True,187.5,187.5,1,True,0.908669345026,1,0.00866934502622,18,4.43203469175,0.738672448625,1,1,2,0.762357187082,False,False,False,False,3932.718,2043.688,175.7824,2.27373675443e-13,1.7763568394e-13,1.11022302463e-16,0,0,0,187.5,187.5,True,YES
811,37,1,300,200,120,131.191005095,18.8089949052,37.5,56.3089949052,True,56.3089949052,56.3089949052,1,True,0.908669345026,1,0.00866934502622,18,4.43203469175,0.738672448625,1,1,2,0.762357187082,False,False,False,False,3932.718,2043.688,175.7824,2.27373675443e-13,1.7763568394e-13,1.11022302463e-16,0,0,0,56.3089949052,187.5,True,YES
812,37,489,300,200,120,150,0,37.5,37.5,True,37.5,37.5,1,True,0.908669345026,1,0.00866934502622,18,4.43203469175,0.738672448625,1,1,2,0.762357187082,False,False,False,False,3932.718,2043.688,175.7824,2.27373675443e-13,1.7763568394e-13,1.11022302463e-16,0,0,0,37.5,187.5,True,YES
813,38,2024,0,0,0,0,150,37.5,187.5,True,187.5,187.5,1,True,0.923815761045,1,0.023815761045,33,3.93300026192,0.655500043654,1,1,2,0.692365433943,False,False,False,False,3321.496105,2106.2181,268.004,4.40536496171e-13,1.63424829225e-13,1.11022302463e-16,0,0,0,187.5,187.5,True,YES
814,38,7,0,0,0,150,0,37.5,37.5,True,37.5,37.5,1,True,0.923815761045,1,0.023815761045,33,3.93300026192,0.655500043654,1,1,2,0.692365433943,False,False,False,False,3321.496105,2106.2181,268.004,4.40536496171e-13,1.63424829225e-13,1.11022302463e-16,0,0,0,37.5,187.5,True,YES
815,38,1,0,173.832305995,0,150,0,37.5,37.5,True,37.5,37.5,1,True,0.921276595381,1,0.0212765953805,18,4.08086698944,0.680144498239,1,1,2,0.71453968178,False,False,False,False,3495.32841099,2106.2181,268.004,1.63424829225e-13,1.63424829225e-13,1.11022302463e-16,0,0,0,37.5,187.5,True,YES
816,38,4,0,200,0,0,150,37.5,187.5,True,187.5,187.5,1,True,0.919910915404,1,0.019910915404,18,4.10330226797,0.683883711328,1,1,2,0.717877662767,False,False,False,False,3521.496105,2106.2181,268.004,4.40536496171e-13,1.63424829225e-13,1.11022302463e-16,0,0,0,187.5,187.5,True,YES
817,38,1,0,200,120,87.5523567231,62.4476432769,37.5,99.9476432769,True,99.9476432769,99.9476432769,1,True,0.910865750987,1,0.0108657509871,18,4.20673847149,0.701123078581,1,1,2,0.733185000061,False,False,False,False,3641.496105,2106.2181,268.004,1.63424829225e-13,1.63424829225e-13,1.11022302463e-16,0,0,0,99.9476432769,187.5,True,YES
818,38,3,0.573388941988,0,0,0,150,37.5,187.5,True,187.5,187.5,1,True,0.923813494829,1,0.0238134948285,33,3.93348451215,0.655580752026,1,1,2,0.692438576092,False,False,False,False,3322.06949394,2106.2181,268.004,4.68958205602e-13,1.63424829225e-13,1.11022302463e-16,0,0,0,187.5,187.5,True,YES
819,38,1,0.57338894199,0,0,0,150,37.5,187.5,True,187.5,187.5,1,True,0.923813494829,1,0.0238134948285,33,3.93348451215,0.655580752026,1,1,2,0.692438576092,False,False,False,False,3322.06949394,2106.2181,268.004,1.27897692437e-13,1.63424829225e-13,1.11022302463e-16,0,0,0,187.5,187.5,True,YES
820,38,1,44.3982319122,0,0,0,150,37.5,187.5,True,187.5,187.5,1,True,0.923640268583,1,0.0236402685831,33,3.9705666311,0.661761105184,1,1,2,0.698028923202,False,False,False,False,3365.89433691,2106.2181,268.004,1.27897692437e-13,1.63424829225e-13,1.11022302463e-16,0,0,0,187.5,187.5,True,YES
821,38,1,61.0830749802,0,0,0,150,37.5,187.5,True,187.5,187.5,1,True,0.923574309945,1,0.0235743099449,33,3.98472039089,0.664120065149,1,1,2,0.700157260874,False,False,False,False,3382.57917998,2106.2181,268.004,1.27897692437e-13,1.63424829225e-13,1.11022302463e-16,0,0,0,187.5,187.5,True,YES
822,38,1,91.289798131,0,0,0,150,37.5,187.5,True,187.5,187.5,1,True,0.923454884531,1,0.0234548845305,33,4.01039428303,0.668399047172,1,1,2,0.704010465039,False,False,False,False,3412.78590313,2106.2181,268.004,1.27897692437e-13,1.63424829225e-13,1.11022302463e-16,0,0,0,187.5,187.5,True,YES
823,38,3,182.110716861,200,120,150,0,37.5,37.5,True,37.5,37.5,1,True,0.910135466342,1,0.0101354663415,18,4.36533203926,0.727555339876,1,1,2,0.75641525146,False,False,False,False,3823.60682186,2106.2181,268.004,1.63424829225e-13,1.63424829225e-13,1.11022302463e-16,0,0,0,37.5,187.5,True,YES
824,38,1,184.587833333,200,120,150,0,37.5,37.5,True,37.5,37.5,1,True,0.910125528784,1,0.0101255287838,18,4.36750191619,0.727916986032,1,1,2,0.756731235272,False,False,False,False,3826.08393833,2106.2181,268.004,1.63424829225e-13,1.63424829225e-13,1.11022302463e-16,0,0,0,37.5,187.5,True,YES
825,38,1,208.364309427,0,0,0,150,37.5,187.5,True,187.5,187.5,1,True,0.922991872297,1,0.0229918722967,33,4.11048284635,0.685080474391,1,1,2,0.718944623647,False,False,False,False,3529.86041443,2106.2181,268.004,4.40536496171e-13,1.63424829225e-13,1.11022302463e-16,0,0,0,187.5,187.5,True,YES
826,38,1,211.521209831,0,0,0,150,37.5,187.5,True,187.5,187.5,1,True,0.92297938401,1,0.0229793840103,33,4.1131941398,0.685532356633,1,1,2,0.719347321474,False,False,False,False,3533.01731483,2106.2181,268.004,4.68958205602e-13,1.63424829225e-13,1.11022302463e-16,0,0,0,187.5,187.5,True,YES
827,38,1,228.598142728,200,13.5272372425,0,150,37.5,187.5,True,187.5,187.5,1,True,0.917986955277,1,0.0179869552766,18,4.3128878222,0.718814637034,1,1,2,0.748763453256,False,False,False,False,3763.62148497,2106.2181,268.004,1.63424829225e-13,1.63424829225e-13,1.11022302463e-16,0,0,0,187.5,187.5,True,YES
828,38,23,300,0,0,0,150,37.5,187.5,True,187.5,187.5,1,True,0.922629304695,1,0.0226293046947,33,4.18943775742,0.698239626237,1,1,2,0.730633777179,False,False,False,False,3621.496105,2106.2181,268.004,4.40536496171e-13,1.63424829225e-13,1.11022302463e-16,0,0,0,187.5,187.5,True,YES
829,38,1,300,0,0,123.973342631,26.0266573691,37.5,63.5266573691,True,63.5266573691,63.5266573691,1,True,0.922629304695,1,0.0226293046947,33,4.18943775742,0.698239626237,1,1,2,0.730633777179,False,False,False,False,3621.496105,2106.2181,268.004,4.40536496171e-13,1.63424829225e-13,1.11022302463e-16,0,0,0,63.5266573691,187.5,True,YES
830,38,10,300,0,0,150,0,37.5,37.5,True,37.5,37.5,1,True,0.922629304695,1,0.0226293046947,33,4.18943775742,0.698239626237,1,1,2,0.730633777179,False,False,False,False,3621.496105,2106.2181,268.004,4.40536496171e-13,1.63424829225e-13,1.11022302463e-16,0,0,0,37.5,187.5,True,YES
831,38,2,300,72.2152097,120,0,150,37.5,187.5,True,187.5,187.5,1,True,0.916386721916,1,0.0163867219164,18,4.35666715238,0.726111192064,1,1,2,0.755152969245,False,False,False,False,3813.7113147,2106.2181,268.004,4.40536496171e-13,1.63424829225e-13,1.11022302463e-16,0,0,0,187.5,187.5,True,YES
832,38,1,300,155.992682496,0,150,0,37.5,37.5,True,37.5,37.5,1,True,0.92035710941,1,0.0203571094105,33,4.3249943612,0.720832393534,1,1,2,0.750532382232,False,False,False,False,3777.4887875,2106.2181,268.004,4.40536496171e-13,1.63424829225e-13,1.11022302463e-16,0,0,0,37.5,187.5,True,YES
833,38,1,300,181.184668021,0,150,0,37.5,37.5,True,37.5,37.5,1,True,0.91970285683,1,0.0197028568297,18,4.34701457857,0.724502429761,1,1,2,0.753745900728,False,False,False,False,3802.68077302,2106.2181,268.004,1.63424829225e-13,1.63424829225e-13,1.11022302463e-16,0,0,0,37.5,187.5,True,YES
834,38,1,300,195.230830527,120,150,0,37.5,37.5,True,37.5,37.5,1,True,0.909914261258,1,0.00991426125842,18,4.46474788198,0.744124646997,1,1,2,0.770844982582,False,False,False,False,3936.72693553,2106.2181,268.004,4.40536496171e-13,1.63424829225e-13,1.11022302463e-16,0,0,0,37.5,187.5,True,YES
835,38,11,300,200,0,150,0,37.5,37.5,True,37.5,37.5,1,True,0.918719416256,1,0.018719416256,18,4.36348337516,0.727247229193,1,1,2,0.756146006003,False,False,False,False,3821.496105,2106.2181,268.004,4.40536496171e-13,1.63424829225e-13,1.11022302463e-16,0,0,0,37.5,187.5,True,YES
836,38,1,300,200,70.6816474064,150,0,37.5,37.5,True,37.5,37.5,1,True,0.913395582061,1,0.0133955820611,18,4.42551718346,0.737586197243,1,1,2,0.765162237814,False,False,False,False,3892.17775241,2106.2181,268.004,1.63424829225e-13,1.63424829225e-13,1.11022302463e-16,0,0,0,37.5,187.5,True,YES
837,38,1,300,200,113.748278778,150,0,37.5,37.5,True,37.5,37.5,1,True,0.910136479048,1,0.0101364790483,18,4.46344071819,0.743906786366,1,1,2,0.770655866585,False,False,False,False,3935.24438378,2106.2181,268.004,1.63424829225e-13,1.63424829225e-13,1.11022302463e-16,0,0,0,37.5,187.5,True,YES
838,38,1,300,200,120,0,150,37.5,187.5,True,187.5,187.5,1,True,0.909662404328,1,0.00966240432792,18,4.46895359458,0.744825599096,1,1,2,0.771453343297,False,False,False,False,3941.496105,2106.2181,268.004,1.63424829225e-13,1.63424829225e-13,1.11022302463e-16,0,0,0,187.5,187.5,True,YES
839,38,1,300,200,120,76.7616085354,73.2383914646,37.5,110.738391465,True,110.738391465,110.738391465,1,True,0.909662404328,1,0.00966240432792,18,4.46895359458,0.744825599096,1,1,2,0.771453343297,False,False,False,False,3941.496105,2106.2181,268.004,1.63424829225e-13,1.63424829225e-13,1.11022302463e-16,0,0,0,110.738391465,187.5,True,YES
840,38,476,300,200,120,150,0,37.5,37.5,True,37.5,37.5,1,True,0.909662404328,1,0.00966240432792,18,4.46895359458,0.744825599096,1,1,2,0.771453343297,False,False,False,False,3941.496105,2106.2181,268.004,1.63424829225e-13,1.63424829225e-13,1.11022302463e-16,0,0,0,37.5,187.5,True,YES
841,39,1992,0,0,0,0,150,37.5,187.5,True,187.5,187.5,1,True,0.926829715699,1,0.0268297156992,33,3.78011531497,0.630019219161,1,1,2,0.666343852833,False,False,False,False,3180.0332,2043.688,308.4672,2.98427949019e-13,1.7763568394e-13,1.11022302463e-16,0,0,0,187.5,187.5,True,YES
842,39,1,0,0,0,5.83980684274,144.160193157,37.5,181.660193157,True,181.660193157,181.660193157,1,True,0.926829715699,1,0.0268297156992,33,3.78011531497,0.630019219161,1,1,2,0.666343852833,False,False,False,False,3180.0332,2043.688,308.4672,2.98427949019e-13,1.7763568394e-13,1.11022302463e-16,0,0,0,181.660193157,187.5,True,YES
843,39,1,0,0,0,40.3835029239,109.616497076,37.5,147.116497076,True,147.116497076,147.116497076,1,True,0.926829715699,1,0.0268297156992,33,3.78011531497,0.630019219161,1,1,2,0.666343852833,False,False,False,False,3180.0332,2043.688,308.4672,2.98427949019e-13,1.7763568394e-13,1.11022302463e-16,0,0,0,147.116497076,187.5,True,YES
844,39,6,0,0,0,74.104005533,75.895994467,37.5,113.395994467,True,113.395994467,113.395994467,1,True,0.926829715699,1,0.0268297156992,33,3.78011531497,0.630019219161,1,1,2,0.666343852833,False,False,False,False,3180.0332,2043.688,308.4672,2.98427949019e-13,1.7763568394e-13,1.11022302463e-16,0,0,0,113.395994467,187.5,True,YES
845,39,1,0,0,0,80.6517810346,69.3482189654,37.5,106.848218965,True,106.848218965,106.848218965,1,True,0.926829715699,1,0.0268297156992,33,3.78011531497,0.630019219161,1,1,2,0.666343852833,False,False,False,False,3180.0332,2043.688,308.4672,2.98427949019e-13,1.7763568394e-13,1.11022302463e-16,0,0,0,106.848218965,187.5,True,YES
846,39,1,0,0,0,92.8555656466,57.1444343534,37.5,94.6444343534,True,94.6444343534,94.6444343534,1,True,0.926829715699,1,0.0268297156992,33,3.78011531497,0.630019219161,1,1,2,0.666343852833,False,False,False,False,3180.0332,2043.688,308.4672,2.98427949019e-13,1.7763568394e-13,1.11022302463e-16,0,0,0,94.6444343534,187.5,True,YES
847,39,2,0,0,0,150,0,37.5,37.5,True,37.5,37.5,1,True,0.926829715699,1,0.0268297156992,33,3.78011531497,0.630019219161,1,1,2,0.666343852833,False,False,False,False,3180.0332,2043.688,308.4672,2.98427949019e-13,1.7763568394e-13,1.11022302463e-16,0,0,0,37.5,187.5,True,YES
848,39,1,0,0,120,0,150,37.5,187.5,True,187.5,187.5,1,True,0.925090223041,1,0.0250902230412,33,3.88160788365,0.646934647276,1,1,2,0.681651190127,False,False,False,False,3300.0332,2043.688,308.4672,2.98427949019e-13,1.7763568394e-13,1.11022302463e-16,0,0,0,187.5,187.5,True,YES
849,39,1,0,107.552411266,0,0,150,37.5,187.5,True,187.5,187.5,1,True,0.925270812467,1,0.0252708124673,33,3.87103084368,0.645171807281,1,1,2,0.680063361467,False,False,False,False,3287.58561127,2043.688,308.4672,2.98427949019e-13,1.7763568394e-13,1.11022302463e-16,0,0,0,187.5,187.5,True,YES
850,39,1,0,200,0,0,150,37.5,187.5,True,187.5,187.5,1,True,0.9237575836,1,0.0237575836004,18,3.94984620896,0.658307701494,1,1,2,0.691856081657,False,False,False,False,3380.0332,2043.688,308.4672,2.98427949019e-13,1.7763568394e-13,1.11022302463e-16,0,0,0,187.5,187.5,True,YES
851,39,3,0,200,0,150,0,37.5,37.5,True,37.5,37.5,1,True,0.9237575836,1,0.0237575836004,18,3.94984620896,0.658307701494,1,1,2,0.691856081657,False,False,False,False,3380.0332,2043.688,308.4672,2.98427949019e-13,1.7763568394e-13,1.11022302463e-16,0,0,0,37.5,187.5,True,YES
852,39,1,0,200,52.7135936598,150,0,37.5,37.5,True,37.5,37.5,1,True,0.919811795793,1,0.0198117957927,18,3.99504833397,0.665841388994,1,1,2,0.698580287974,False,False,False,False,3432.74679366,2043.688,308.4672,2.98427949019e-13,1.7763568394e-13,1.11022302463e-16,0,0,0,37.5,187.5,True,YES
853,39,1,0,200,93.8661445935,150,0,37.5,37.5,True,37.5,37.5,1,True,0.916719585684,1,0.016719585684,18,4.03046365791,0.671743942985,1,1,2,0.703829754455,False,False,False,False,3473.89934459,2043.688,308.4672,2.27373675443e-13,1.7763568394e-13,1.11022302463e-16,0,0,0,37.5,187.5,True,YES
854,39,1,0,200,107.577335025,150,0,37.5,37.5,True,37.5,37.5,1,True,0.915687005216,1,0.0156870052164,18,4.04228745704,0.673714576174,1,1,2,0.705578769594,False,False,False,False,3487.61053503,2043.688,308.4672,2.27373675443e-13,1.7763568394e-13,1.11022302463e-16,0,0,0,37.5,187.5,True,YES
855,39,1,0,200,111.618076749,150,0,37.5,37.5,True,37.5,37.5,1,True,0.915382477479,1,0.0153824774791,18,4.04577424973,0.674295708288,1,1,2,0.706094211231,False,False,False,False,3491.65127675,2043.688,308.4672,2.27373675443e-13,1.7763568394e-13,1.11022302463e-16,0,0,0,37.5,187.5,True,YES
856,39,1,0,200,120,150,0,37.5,37.5,True,37.5,37.5,1,True,0.9147504563,1,0.0147504563,18,4.05301036792,0.675501727986,1,1,2,0.707163418951,False,False,False,False,3500.0332,2043.688,308.4672,2.77111666946e-13,1.7763568394e-13,1.11022302463e-16,0,0,0,37.5,187.5,True,YES
857,39,1,2.89535162328,0,0,60.9025560907,89.0974439093,37.5,126.597443909,True,126.597443909,126.597443909,1,True,0.9268183095,1,0.0268183095002,33,3.78255136199,0.630425226998,1,1,2,0.666713187198,False,False,False,False,3182.92855162,2043.688,308.4672,2.27373675443e-13,1.7763568394e-13,1.11022302463e-16,0,0,0,126.597443909,187.5,True,YES
858,39,1,18.1596789442,0,0,0,150,37.5,187.5,True,187.5,187.5,1,True,0.926758173566,1,0.0267581735661,33,3.79540489701,0.632567482836,1,1,2,0.668660322256,False,False,False,False,3198.19287894,2043.688,308.4672,2.27373675443e-13,1.7763568394e-13,1.11022302463e-16,0,0,0,187.5,187.5,True,YES
859,39,1,35.6396946362,0,0,150,0,37.5,37.5,True,37.5,37.5,1,True,0.926689303827,1,0.0266893038273,33,3.81014603482,0.635024339136,1,1,2,0.670890093057,False,False,False,False,3215.67289464,2043.688,308.4672,2.98427949019e-13,1.7763568394e-13,1.11022302463e-16,0,0,0,37.5,187.5,True,YES
860,39,1,173.727616384,200,0,49.9801452813,100.019854719,37.5,137.519854719,True,137.519854719,137.519854719,1,True,0.923070658706,1,0.0230706587064,18,4.09949711323,0.683249518872,1,1,2,0.714016975168,False,False,False,False,3553.76081638,2043.688,308.4672,2.27373675443e-13,1.7763568394e-13,1.11022302463e-16,0,0,0,137.519854719,187.5,True,YES
861,39,1,192.430000007,0,0,0,150,37.5,187.5,True,187.5,187.5,1,True,0.926071334681,1,0.0260713346814,33,3.94337021807,0.657228369678,1,1,2,0.690890443797,False,False,False,False,3372.46320001,2043.688,308.4672,2.98427949019e-13,1.7763568394e-13,1.11022302463e-16,0,0,0,187.5,187.5,True,YES
862,39,1,236.864891697,200,0,150,0,37.5,37.5,True,37.5,37.5,1,True,0.922820885093,1,0.0228208850925,18,4.15434861886,0.692391436477,1,1,2,0.722070838243,False,False,False,False,3616.8980917,2043.688,308.4672,2.27373675443e-13,1.7763568394e-13,1.11022302463e-16,0,0,0,37.5,187.5,True,YES
863,39,1,239.920662706,0,0,150,0,37.5,37.5,True,37.5,37.5,1,True,0.92588407486,1,0.0258840748595,33,3.98406137809,0.664010229682,1,1,2,0.696948407065,False,False,False,False,3419.95386271,2043.688,308.4672,2.27373675443e-13,1.7763568394e-13,1.11022302463e-16,0,0,0,37.5,187.5,True,YES
864,39,15,300,0,0,0,150,37.5,187.5,True,187.5,187.5,1,True,0.92564712252,1,0.0256471225199,33,4.03575169138,0.672625281896,1,1,2,0.704612196069,False,False,False,False,3480.0332,2043.688,308.4672,2.27373675443e-13,1.7763568394e-13,1.11022302463e-16,0,0,0,187.5,187.5,True,YES
865,39,1,300,0,0,88.1135525394,61.8864474606,37.5,99.3864474606,True,99.3864474606,99.3864474606,1,True,0.92564712252,1,0.0256471225199,33,4.03575169138,0.672625281896,1,1,2,0.704612196069,False,False,False,False,3480.0332,2043.688,308.4672,2.27373675443e-13,1.7763568394e-13,1.11022302463e-16,0,0,0,99.3864474606,187.5,True,YES
866,39,1,300,0,0,127.468244986,22.5317550137,37.5,60.0317550137,True,60.0317550137,60.0317550137,1,True,0.92564712252,1,0.0256471225199,33,4.03575169138,0.672625281896,1,1,2,0.704612196069,False,False,False,False,3480.0332,2043.688,308.4672,2.27373675443e-13,1.7763568394e-13,1.11022302463e-16,0,0,0,60.0317550137,187.5,True,YES
867,39,3,300,0,0,148.950825652,1.04917434792,37.5,38.5491743479,True,38.5491743479,38.5491743479,1,True,0.92564712252,1,0.0256471225199,33,4.03575169138,0.672625281896,1,1,2,0.704612196069,False,False,False,False,3480.0332,2043.688,308.4672,2.27373675443e-13,1.7763568394e-13,1.11022302463e-16,0,0,0,38.5491743479,187.5,True,YES
868,39,7,300,0,0,148.950825652,1.04917434792,37.5,38.5491743479,True,38.5491743479,38.5491743479,1,True,0.92564712252,1,0.0256471225199,33,4.03575169138,0.672625281896,1,1,2,0.704612196069,False,False,False,False,3480.0332,2043.688,308.4672,2.27373675443e-13,1.7763568394e-13,1.11022302463e-16,0,0,0,38.5491743479,187.5,True,YES
869,39,1,300,0,52.6058141458,0,150,37.5,187.5,True,187.5,187.5,1,True,0.92488398832,1,0.0248839883198,33,4.08120068676,0.68020011446,1,1,2,0.711322653908,False,False,False,False,3532.63901415,2043.688,308.4672,3.8369307731e-13,1.7763568394e-13,1.11022302463e-16,0,0,0,187.5,187.5,True,YES
870,39,1,300,0,72.6543421879,150,0,37.5,37.5,True,37.5,37.5,1,True,0.924592985548,1,0.0245929855484,33,4.09856675117,0.683094458528,1,1,2,0.713880067083,False,False,False,False,3552.68754219,2043.688,308.4672,2.27373675443e-13,1.7763568394e-13,1.11022302463e-16,0,0,0,37.5,187.5,True,YES
871,39,1,300,0.399636999953,0,0,150,37.5,187.5,True,187.5,187.5,1,True,0.925641327497,1,0.025641327497,33,4.03609630388,0.672682717314,1,1,2,0.704663174221,False,False,False,False,3480.432837,2043.688,308.4672,2.27373675443e-13,1.7763568394e-13,1.11022302463e-16,0,0,0,187.5,187.5,True,YES
872,39,3,300,63.9379125377,120,150,0,37.5,37.5,True,37.5,37.5,1,True,0.920680170658,1,0.0206801706576,18,4.19539568514,0.699232614189,1,1,2,0.728075526639,False,False,False,False,3663.97111254,2043.688,308.4672,2.98427949019e-13,1.7763568394e-13,1.11022302463e-16,0,0,0,37.5,187.5,True,YES
873,39,1,300,72.6543421879,0,150,0,37.5,37.5,True,37.5,37.5,1,True,0.924592985548,1,0.0245929855484,33,4.09856675117,0.683094458528,1,1,2,0.713880067083,False,False,False,False,3552.68754219,2043.688,308.4672,2.27373675443e-13,1.7763568394e-13,1.11022302463e-16,0,0,0,37.5,187.5,True,YES
874,39,1,300,147.684789043,120,150,0,37.5,37.5,True,37.5,37.5,1,True,0.916299447688,1,0.0162994476876,18,4.26872940894,0.71145490149,1,1,2,0.738758374022,False,False,False,False,3747.71798904,2043.688,308.4672,2.98427949019e-13,1.7763568394e-13,1.11022302463e-16,0,0,0,37.5,187.5,True,YES
875,39,1,300,158.152750401,0,150,0,37.5,37.5,True,37.5,37.5,1,True,0.92335095351,1,0.0233509535095,33,4.17289559551,0.695482599252,1,1,2,0.724786341855,False,False,False,False,3638.1859504,2043.688,308.4672,2.98427949019e-13,1.7763568394e-13,1.11022302463e-16,0,0,0,37.5,187.5,True,YES
876,39,1,300,200,0,43.8415193874,106.158480613,37.5,143.658480613,True,143.658480613,143.658480613,1,True,0.922571052432,1,0.0225710524321,18,4.20943048338,0.701571747231,1,1,2,0.730124424892,False,False,False,False,3680.0332,2043.688,308.4672,2.27373675443e-13,1.7763568394e-13,1.11022302463e-16,0,0,0,143.658480613,187.5,True,YES
877,39,1,300,200,0,57.592767693,92.407232307,37.5,129.907232307,True,129.907232307,129.907232307,1,True,0.922571052432,1,0.0225710524321,18,4.20943048338,0.701571747231,1,1,2,0.730124424892,False,False,False,False,3680.0332,2043.688,308.4672,2.27373675443e-13,1.7763568394e-13,1.11022302463e-16,0,0,0,129.907232307,187.5,True,YES
878,39,14,300,200,0,150,0,37.5,37.5,True,37.5,37.5,1,True,0.922571052432,1,0.0225710524321,18,4.20943048338,0.701571747231,1,1,2,0.730124424892,False,False,False,False,3680.0332,2043.688,308.4672,2.27373675443e-13,1.7763568394e-13,1.11022302463e-16,0,0,0,37.5,187.5,True,YES
879,39,1,300,200,77.3990927089,150,0,37.5,37.5,True,37.5,37.5,1,True,0.916764135968,1,0.0167641359676,18,4.27726058075,0.712876763458,1,1,2,0.739997541712,False,False,False,False,3757.43229271,2043.688,308.4672,2.98427949019e-13,1.7763568394e-13,1.11022302463e-16,0,0,0,37.5,187.5,True,YES
880,39,1,300,200,120,0,150,37.5,187.5,True,187.5,187.5,1,True,0.913552226656,1,0.0135522266557,18,4.31473208467,0.719122014111,1,1,2,0.745431762187,False,False,False,False,3800.0332,2043.688,308.4672,2.98427949019e-13,1.7763568394e-13,1.11022302463e-16,0,0,0,187.5,187.5,True,YES
881,39,1,300,200,120,6.1290644058,143.870935594,37.5,181.370935594,True,181.370935594,181.370935594,1,True,0.913552226656,1,0.0135522266557,18,4.31473208467,0.719122014111,1,1,2,0.745431762187,False,False,False,False,3800.0332,2043.688,308.4672,2.98427949019e-13,1.7763568394e-13,1.11022302463e-16,0,0,0,181.370935594,187.5,True,YES
882,39,1,300,200,120,127.489701308,22.5102986918,37.5,60.0102986918,True,60.0102986918,60.0102986918,1,True,0.913552226656,1,0.0135522266557,18,4.31473208467,0.719122014111,1,1,2,0.745431762187,False,False,False,False,3800.0332,2043.688,308.4672,2.98427949019e-13,1.7763568394e-13,1.11022302463e-16,0,0,0,60.0102986918,187.5,True,YES
883,39,503,300,200,120,150,0,37.5,37.5,True,37.5,37.5,1,True,0.913552226656,1,0.0135522266557,18,4.31473208467,0.719122014111,1,1,2,0.745431762187,False,False,False,False,3800.0332,2043.688,308.4672,2.98427949019e-13,1.7763568394e-13,1.11022302463e-16,0,0,0,37.5,187.5,True,YES
884,40,1621,0,0,0,0,150,37.5,187.5,True,187.5,187.5,1,True,0.926051161147,1,0.0260511611468,33,3.81596747025,0.635994578375,1,1,2,0.67176969161,False,False,False,False,3222.5684,2043.688,265.932,2.98427949019e-13,1.7763568394e-13,1.11022302463e-16,0,0,0,187.5,187.5,True,YES
885,40,15,0,0,0,9.21254877954,140.78745122,37.5,178.28745122,True,178.28745122,178.28745122,1,True,0.926051161147,1,0.0260511611468,33,3.81596747025,0.635994578375,1,1,2,0.67176969161,False,False,False,False,3222.5684,2043.688,265.932,2.98427949019e-13,1.7763568394e-13,1.11022302463e-16,0,0,0,178.28745122,187.5,True,YES
886,40,9,0,0,0,27.0552443518,122.944755648,37.5,160.444755648,True,160.444755648,160.444755648,1,True,0.926051161147,1,0.0260511611468,33,3.81596747025,0.635994578375,1,1,2,0.67176969161,False,False,False,False,3222.5684,2043.688,265.932,2.98427949019e-13,1.7763568394e-13,1.11022302463e-16,0,0,0,160.444755648,187.5,True,YES
887,40,13,0,0,0,46.5911071743,103.408892826,37.5,140.908892826,True,140.908892826,140.908892826,1,True,0.926051161147,1,0.0260511611468,33,3.81596747025,0.635994578375,1,1,2,0.67176969161,False,False,False,False,3222.5684,2043.688,265.932,2.98427949019e-13,1.7763568394e-13,1.11022302463e-16,0,0,0,140.908892826,187.5,True,YES
888,40,20,0,0,0,48.7201258216,101.279874178,37.5,138.779874178,True,138.779874178,138.779874178,1,True,0.926051161147,1,0.0260511611468,33,3.81596747025,0.635994578375,1,1,2,0.67176969161,False,False,False,False,3222.5684,2043.688,265.932,2.98427949019e-13,1.7763568394e-13,1.11022302463e-16,0,0,0,138.779874178,187.5,True,YES
889,40,9,0,0,0,50.4112774107,99.5887225893,37.5,137.088722589,True,137.088722589,137.088722589,1,True,0.926051161147,1,0.0260511611468,33,3.81596747025,0.635994578375,1,1,2,0.67176969161,False,False,False,False,3222.5684,2043.688,265.932,2.98427949019e-13,1.7763568394e-13,1.11022302463e-16,0,0,0,137.088722589,187.5,True,YES
890,40,1,0,0,0,50.4112774107,99.5887225893,37.5,137.088722589,True,137.088722589,137.088722589,1,True,0.926051161147,1,0.0260511611468,33,3.81596747025,0.635994578375,1,1,2,0.67176969161,False,False,False,False,3222.5684,2043.688,265.932,2.98427949019e-13,1.7763568394e-13,1.11022302463e-16,0,0,0,137.088722589,187.5,True,YES
891,40,3,0,0,0,53.718087588,96.281912412,37.5,133.781912412,True,133.781912412,133.781912412,1,True,0.926051161147,1,0.0260511611468,33,3.81596747025,0.635994578375,1,1,2,0.67176969161,False,False,False,False,3222.5684,2043.688,265.932,2.98427949019e-13,1.7763568394e-13,1.11022302463e-16,0,0,0,133.781912412,187.5,True,YES
892,40,10,0,0,0,60.0065791633,89.9934208367,37.5,127.493420837,True,127.493420837,127.493420837,1,True,0.926051161147,1,0.0260511611468,33,3.81596747025,0.635994578375,1,1,2,0.67176969161,False,False,False,False,3222.5684,2043.688,265.932,2.98427949019e-13,1.7763568394e-13,1.11022302463e-16,0,0,0,127.493420837,187.5,True,YES
893,40,11,0,0,0,74.104005533,75.895994467,37.5,113.395994467,True,113.395994467,113.395994467,1,True,0.926051161147,1,0.0260511611468,33,3.81596747025,0.635994578375,1,1,2,0.67176969161,False,False,False,False,3222.5684,2043.688,265.932,2.98427949019e-13,1.7763568394e-13,1.11022302463e-16,0,0,0,113.395994467,187.5,True,YES
894,40,3,0,0,0,84.8662249062,65.1337750938,37.5,102.633775094,True,102.633775094,102.633775094,1,True,0.926051161147,1,0.0260511611468,33,3.81596747025,0.635994578375,1,1,2,0.67176969161,False,False,False,False,3222.5684,2043.688,265.932,2.98427949019e-13,1.7763568394e-13,1.11022302463e-16,0,0,0,102.633775094,187.5,True,YES
895,40,6,0,0,0,145.482009232,4.51799076775,37.5,42.0179907677,True,42.0179907677,42.0179907677,1,True,0.926051161147,1,0.0260511611468,33,3.81596747025,0.635994578375,1,1,2,0.67176969161,False,False,False,False,3222.5684,2043.688,265.932,2.98427949019e-13,1.7763568394e-13,1.11022302463e-16,0,0,0,42.0179907677,187.5,True,YES
896,40,42,0,0,0,150,0,37.5,37.5,True,37.5,37.5,1,True,0.926051161147,1,0.0260511611468,33,3.81596747025,0.635994578375,1,1,2,0.67176969161,False,False,False,False,3222.5684,2043.688,265.932,2.98427949019e-13,1.7763568394e-13,1.11022302463e-16,0,0,0,37.5,187.5,True,YES
897,40,1,0,200,0,150,0,37.5,37.5,True,37.5,37.5,1,True,0.922212400143,1,0.0222124001432,18,3.98630594586,0.66438432431,1,1,2,0.697281920434,False,False,False,False,3422.5684,2043.688,265.932,2.27373675443e-13,1.7763568394e-13,1.11022302463e-16,0,0,0,37.5,187.5,True,YES
898,40,7,17.5773563301,0,0,70.3869013354,79.6130986646,37.5,117.113098665,True,117.113098665,117.113098665,1,True,0.925981855003,1,0.0259818550032,33,3.83082303998,0.638470506663,1,1,2,0.674011879294,False,False,False,False,3240.14575633,2043.688,265.932,2.98427949019e-13,1.7763568394e-13,1.11022302463e-16,0,0,0,117.113098665,187.5,True,YES
899,40,3,17.5773563301,0,0,70.3869013354,79.6130986646,37.5,117.113098665,True,117.113098665,117.113098665,1,True,0.925981855003,1,0.0259818550032,33,3.83082303998,0.638470506663,1,1,2,0.674011879294,False,False,False,False,3240.14575633,2043.688,265.932,2.27373675443e-13,1.7763568394e-13,1.11022302463e-16,0,0,0,117.113098665,187.5,True,YES
900,40,6,32.3133815542,0,0,0,150,37.5,187.5,True,187.5,187.5,1,True,0.925923748009,1,0.0259237480088,33,3.84329494747,0.640549157911,1,1,2,0.675891623531,False,False,False,False,3254.88178155,2043.688,265.932,2.27373675443e-13,1.7763568394e-13,1.11022302463e-16,0,0,0,187.5,187.5,True,YES
901,40,2,46.8832941525,0,0,129.034893678,20.9651063217,37.5,58.4651063217,True,58.4651063217,58.4651063217,1,True,0.925866292443,1,0.0258662924432,33,3.85564197271,0.642606995452,1,1,2,0.677750178252,False,False,False,False,3269.45169415,2043.688,265.932,2.27373675443e-13,1.7763568394e-13,1.11022302463e-16,0,0,0,58.4651063217,187.5,True,YES
902,40,10,66.257905948,0,0,150,0,37.5,37.5,True,37.5,37.5,1,True,0.925789884315,1,0.0257898843146,33,3.87208459516,0.645347432526,1,1,2,0.6802216259,False,False,False,False,3288.82630595,2043.688,265.932,2.27373675443e-13,1.7763568394e-13,1.11022302463e-16,0,0,0,37.5,187.5,True,YES
903,40,12,75.9870299175,0,0,150,0,37.5,37.5,True,37.5,37.5,1,True,0.925751512953,1,0.0257515129528,33,3.88035160334,0.646725267224,1,1,2,0.681462684085,False,False,False,False,3298.55542992,2043.688,265.932,2.98427949019e-13,1.7763568394e-13,1.11022302463e-16,0,0,0,37.5,187.5,True,YES
904,40,5,75.9870299175,0,0,150,0,37.5,37.5,True,37.5,37.5,1,True,0.925751512953,1,0.0257515129528,33,3.88035160335,0.646725267224,1,1,2,0.681462684085,False,False,False,False,3298.55542992,2043.688,265.932,2.27373675443e-13,1.7763568394e-13,1.11022302463e-16,0,0,0,37.5,187.5,True,YES
905,40,4,76.9619157117,0,0,150,0,37.5,37.5,True,37.5,37.5,1,True,0.925747667946,1,0.0257476679459,33,3.88118035469,0.646863392449,1,1,2,0.681587041632,False,False,False,False,3299.53031571,2043.688,265.932,2.27373675443e-13,1.7763568394e-13,1.11022302463e-16,0,0,0,37.5,187.5,True,YES
906,40,13,83.4798972234,0,0,74.104005533,75.895994467,37.5,113.395994467,True,113.395994467,113.395994467,1,True,0.925721960233,1,0.0257219602335,33,3.88672303939,0.647787173232,1,1,2,0.682418482811,False,False,False,False,3306.04829722,2043.688,265.932,2.27373675443e-13,1.7763568394e-13,1.11022302463e-16,0,0,0,113.395994467,187.5,True,YES
907,40,7,83.4798972234,0,0,70.3869013354,79.6130986646,37.5,117.113098665,True,117.113098665,117.113098665,1,True,0.925721960233,1,0.0257219602335,33,3.88672303939,0.647787173232,1,1,2,0.682418482811,False,False,False,False,3306.04829722,2043.688,265.932,2.27373675443e-13,1.7763568394e-13,1.11022302463e-16,0,0,0,117.113098665,187.5,True,YES
908,40,10,101.601673509,0,0,150,0,37.5,37.5,True,37.5,37.5,1,True,0.92565048199,1,0.02565048199,33,3.90214906416,0.650358177361,1,1,2,0.684730117327,False,False,False,False,3324.17007351,2043.688,265.932,2.98427949019e-13,1.7763568394e-13,1.11022302463e-16,0,0,0,37.5,187.5,True,YES
909,40,18,101.601673509,0,0,150,0,37.5,37.5,True,37.5,37.5,1,True,0.92565048199,1,0.02565048199,33,3.90214906416,0.650358177361,1,1,2,0.684730117327,False,False,False,False,3324.17007351,2043.688,265.932,2.98427949019e-13,1.7763568394e-13,1.11022302463e-16,0,0,0,37.5,187.5,True,YES
910,40,7,108.827045805,0,0,70.3869013354,79.6130986646,37.5,117.113098665,True,117.113098665,117.113098665,1,True,0.925621981207,1,0.0256219812071,33,3.90830605988,0.651384343313,1,1,2,0.685651794084,False,False,False,False,3331.39544581,2043.688,265.932,2.27373675443e-13,1.7763568394e-13,1.11022302463e-16,0,0,0,117.113098665,187.5,True,YES
911,40,6,108.827045805,0,0,70.3869013354,79.6130986646,37.5,117.113098665,True,117.113098665,117.113098665,1,True,0.925621981207,1,0.0256219812071,33,3.90830605988,0.651384343313,1,1,2,0.685651794084,False,False,False,False,3331.39544581,2043.688,265.932,2.27373675443e-13,1.7763568394e-13,1.11022302463e-16,0,0,0,117.113098665,187.5,True,YES
912,40,1,141.915908965,0,0,150,0,37.5,37.5,True,37.5,37.5,1,True,0.925491449591,1,0.0254914495906,33,3.93654865417,0.656091442361,1,1,2,0.689872647326,False,False,False,False,3364.48430896,2043.688,265.932,2.27373675443e-13,1.7763568394e-13,1.11022302463e-16,0,0,0,37.5,187.5,True,YES
913,40,1,142.010469026,0,0,150,0,37.5,37.5,True,37.5,37.5,1,True,0.925491076536,1,0.0254910765361,33,3.93662947294,0.656104912157,1,1,2,0.689884709516,False,False,False,False,3364.57886903,2043.688,265.932,2.27373675443e-13,1.7763568394e-13,1.11022302463e-16,0,0,0,37.5,187.5,True,YES
914,40,1,209.431635818,0,0,0,150,37.5,187.5,True,187.5,187.5,1,True,0.925225050982,1,0.025225050982,33,3.99440670027,0.665734450046,1,1,2,0.69848503069,False,False,False,False,3432.00003582,2043.688,265.932,2.27373675443e-13,1.7763568394e-13,1.11022302463e-16,0,0,0,187.5,187.5,True,YES
915,40,2,209.431635818,0,0,137.56073674,12.4392632595,37.5,49.9392632595,True,49.9392632595,49.9392632595,1,True,0.925225050982,1,0.025225050982,33,3.99440670027,0.665734450046,1,1,2,0.69848503069,False,False,False,False,3432.00003582,2043.688,265.932,2.27373675443e-13,1.7763568394e-13,1.11022302463e-16,0,0,0,49.9392632595,187.5,True,YES
916,40,1,209.431635818,0,0,137.56073674,12.4392632595,37.5,49.9392632595,True,49.9392632595,49.9392632595,1,True,0.925225050982,1,0.025225050982,33,3.99440670027,0.665734450046,1,1,2,0.69848503069,False,False,False,False,3432.00003582,2043.688,265.932,2.98427949019e-13,1.7763568394e-13,1.11022302463e-16,0,0,0,49.9392632595,187.5,True,YES
917,40,1,209.431635818,0,0,150,0,37.5,37.5,True,37.5,37.5,1,True,0.925225050982,1,0.025225050982,33,3.99440670027,0.665734450046,1,1,2,0.69848503069,False,False,False,False,3432.00003582,2043.688,265.932,2.98427949019e-13,1.7763568394e-13,1.11022302463e-16,0,0,0,37.5,187.5,True,YES
918,40,1,230.361526134,0,0,150,0,37.5,37.5,True,37.5,37.5,1,True,0.925142451778,1,0.0251424517781,33,4.01240398217,0.668733997028,1,1,2,0.701154871445,False,False,False,False,3452.92992613,2043.688,265.932,2.98427949019e-13,1.7763568394e-13,1.11022302463e-16,0,0,0,37.5,187.5,True,YES
919,40,1,230.361526134,0,0,150,0,37.5,37.5,True,37.5,37.5,1,True,0.925142451778,1,0.0251424517781,33,4.01240398217,0.668733997028,1,1,2,0.701154871445,False,False,False,False,3452.92992613,2043.688,265.932,2.98427949019e-13,1.7763568394e-13,1.11022302463e-16,0,0,0,37.5,187.5,True,YES
920,40,9,230.361526134,0,0,150,0,37.5,37.5,True,37.5,37.5,1,True,0.925142451778,1,0.0251424517781,33,4.01240398217,0.668733997028,1,1,2,0.701154871445,False,False,False,False,3452.92992613,2043.688,265.932,2.98427949019e-13,1.7763568394e-13,1.11022302463e-16,0,0,0,37.5,187.5,True,YES
921,40,1,250.785621613,0,0,70.3869013354,79.6130986646,37.5,117.113098665,True,117.113098665,117.113098665,1,True,0.925061841569,1,0.0250618415687,33,4.02999364774,0.671665607956,1,1,2,0.703760192432,False,False,False,False,3473.35402161,2043.688,265.932,2.27373675443e-13,1.7763568394e-13,1.11022302463e-16,0,0,0,117.113098665,187.5,True,YES
922,40,4,265.252793301,0,0,150,0,37.5,37.5,True,37.5,37.5,1,True,0.925004738009,1,0.0250047380093,33,4.04246921049,0.673744868415,1,1,2,0.705605641404,False,False,False,False,3487.8211933,2043.688,265.932,2.98427949019e-13,1.7763568394e-13,1.11022302463e-16,0,0,0,37.5,187.5,True,YES
923,40,1,265.252793301,0,0,0,150,37.5,187.5,True,187.5,187.5,1,True,0.925004738009,1,0.0250047380093,33,4.04246921049,0.673744868415,1,1,2,0.705605641404,False,False,False,False,3487.8211933,2043.688,265.932,2.98427949019e-13,1.7763568394e-13,1.11022302463e-16,0,0,0,187.5,187.5,True,YES
924,40,1,265.252793301,0,0,36.1831168892,113.816883111,37.5,151.316883111,True,151.316883111,151.316883111,1,True,0.925004738009,1,0.0250047380093,33,4.04246921049,0.673744868415,1,1,2,0.705605641404,False,False,False,False,3487.8211933,2043.688,265.932,2.98427949019e-13,1.7763568394e-13,1.11022302463e-16,0,0,0,151.316883111,187.5,True,YES
925,40,1,265.252793301,0,0,0,150,37.5,187.5,True,187.5,187.5,1,True,0.925004738009,1,0.0250047380093,33,4.04246921049,0.673744868415,1,1,2,0.705605641404,False,False,False,False,3487.8211933,2043.688,265.932,2.98427949019e-13,1.7763568394e-13,1.11022302463e-16,0,0,0,187.5,187.5,True,YES
926,40,4,265.252793301,0,0,150,0,37.5,37.5,True,37.5,37.5,1,True,0.925004738009,1,0.0250047380093,33,4.04246921049,0.673744868415,1,1,2,0.705605641404,False,False,False,False,3487.8211933,2043.688,265.932,2.98427949019e-13,1.7763568394e-13,1.11022302463e-16,0,0,0,37.5,187.5,True,YES
927,40,1,265.252793301,0,0,70.3869013354,79.6130986646,37.5,117.113098665,True,117.113098665,117.113098665,1,True,0.925004738009,1,0.0250047380093,33,4.04246921049,0.673744868415,1,1,2,0.705605641404,False,False,False,False,3487.8211933,2043.688,265.932,2.98427949019e-13,1.7763568394e-13,1.11022302463e-16,0,0,0,117.113098665,187.5,True,YES
928,40,2,265.252793301,0,0,150,0,37.5,37.5,True,37.5,37.5,1,True,0.925004738009,1,0.0250047380093,33,4.04246921049,0.673744868415,1,1,2,0.705605641404,False,False,False,False,3487.8211933,2043.688,265.932,2.98427949019e-13,1.7763568394e-13,1.11022302463e-16,0,0,0,37.5,187.5,True,YES
929,40,1,265.252793301,0,0,70.3869013354,79.6130986646,37.5,117.113098665,True,117.113098665,117.113098665,1,True,0.925004738009,1,0.0250047380093,33,4.04246921049,0.673744868415,1,1,2,0.705605641404,False,False,False,False,3487.8211933,2043.688,265.932,2.98427949019e-13,1.7763568394e-13,1.11022302463e-16,0,0,0,117.113098665,187.5,True,YES
930,40,4,265.252793301,0,0,132.605803008,17.3941969917,37.5,54.8941969917,True,54.8941969917,54.8941969917,1,True,0.925004738009,1,0.0250047380093,33,4.04246921049,0.673744868415,1,1,2,0.705605641404,False,False,False,False,3487.8211933,2043.688,265.932,2.98427949019e-13,1.7763568394e-13,1.11022302463e-16,0,0,0,54.8941969917,187.5,True,YES
931,40,3,265.252793301,0,0,70.3869013354,79.6130986646,37.5,117.113098665,True,117.113098665,117.113098665,1,True,0.925004738009,1,0.0250047380093,33,4.04246921049,0.673744868415,1,1,2,0.705605641404,False,False,False,False,3487.8211933,2043.688,265.932,2.98427949019e-13,1.7763568394e-13,1.11022302463e-16,0,0,0,117.113098665,187.5,True,YES
932,40,3,265.252793301,0,0,132.605803008,17.3941969917,37.5,54.8941969917,True,54.8941969917,54.8941969917,1,True,0.925004738009,1,0.0250047380093,33,4.04246921049,0.673744868415,1,1,2,0.705605641404,False,False,False,False,3487.8211933,2043.688,265.932,2.98427949019e-13,1.7763568394e-13,1.11022302463e-16,0,0,0,54.8941969917,187.5,True,YES
933,40,6,265.252793301,0,0,150,0,37.5,37.5,True,37.5,37.5,1,True,0.925004738009,1,0.0250047380093,33,4.04246921049,0.673744868415,1,1,2,0.705605641404,False,False,False,False,3487.8211933,2043.688,265.932,2.98427949019e-13,1.7763568394e-13,1.11022302463e-16,0,0,0,37.5,187.5,True,YES
934,40,8,265.252793301,0,0,150,0,37.5,37.5,True,37.5,37.5,1,True,0.925004738009,1,0.0250047380093,33,4.04246921049,0.673744868415,1,1,2,0.705605641404,False,False,False,False,3487.8211933,2043.688,265.932,2.98427949019e-13,1.7763568394e-13,1.11022302463e-16,0,0,0,37.5,187.5,True,YES
935,40,4,267.25797094,0,0,150,0,37.5,37.5,True,37.5,37.5,1,True,0.924996823069,1,0.0249968230687,33,4.04419939427,0.674033232379,1,1,2,0.705861424158,False,False,False,False,3489.82637094,2043.688,265.932,2.98427949019e-13,1.7763568394e-13,1.11022302463e-16,0,0,0,37.5,187.5,True,YES
936,40,1,269.114527389,0,0,150,0,37.5,37.5,True,37.5,37.5,1,True,0.924989494713,1,0.024989494713,33,4.04580156542,0.674300260904,1,1,2,0.706098248623,False,False,False,False,3491.68292739,2043.688,265.932,2.98427949019e-13,1.7763568394e-13,1.11022302463e-16,0,0,0,37.5,187.5,True,YES
937,40,1,279.818537153,0,0,150,0,37.5,37.5,True,37.5,37.5,1,True,0.924947241813,1,0.024947241813,33,4.0550431439,0.675840523983,1,1,2,0.707463664355,False,False,False,False,3502.38693715,2043.688,265.932,2.98427949019e-13,1.7763568394e-13,1.11022302463e-16,0,0,0,37.5,187.5,True,YES
938,40,1,291.688543517,200,120,150,0,37.5,37.5,True,37.5,37.5,1,True,0.912023027289,1,0.0120230272889,18,4.34490356052,0.724150593421,1,1,2,0.749797382066,False,False,False,False,3834.25694352,2043.688,265.932,2.27373675443e-13,1.7763568394e-13,1.11022302463e-16,0,0,0,37.5,187.5,True,YES
939,40,14,300,0,0,0,150,37.5,187.5,True,187.5,187.5,1,True,0.92486757246,1,0.0248675724598,33,4.07248680465,0.678747800774,1,1,2,0.710038034846,False,False,False,False,3522.5684,2043.688,265.932,2.98427949019e-13,1.7763568394e-13,1.11022302463e-16,0,0,0,187.5,187.5,True,YES
940,40,39,300,0,0,150,0,37.5,37.5,True,37.5,37.5,1,True,0.92486757246,1,0.0248675724598,33,4.07248680465,0.678747800774,1,1,2,0.710038034846,False,False,False,False,3522.5684,2043.688,265.932,2.98427949019e-13,1.7763568394e-13,1.11022302463e-16,0,0,0,37.5,187.5,True,YES
941,40,1,300,0,32.3973028737,0,150,37.5,187.5,True,187.5,187.5,1,True,0.924397274274,1,0.024397274274,33,4.10054164592,0.683423607654,1,1,2,0.714170671867,False,False,False,False,3554.96570287,2043.688,265.932,2.98427949019e-13,1.7763568394e-13,1.11022302463e-16,0,0,0,187.5,187.5,True,YES
942,40,2,300,0,69.8400668926,150,0,37.5,37.5,True,37.5,37.5,1,True,0.923853434983,1,0.0238534349833,33,4.13304478978,0.688840798297,1,1,2,0.718946913684,False,False,False,False,3592.40846689,2043.688,265.932,2.27373675443e-13,1.7763568394e-13,1.11022302463e-16,0,0,0,37.5,187.5,True,YES
943,40,1,300,0,70.3540675498,150,0,37.5,37.5,True,37.5,37.5,1,True,0.923845967128,1,0.0238459671276,33,4.13349156273,0.688915260455,1,1,2,0.719012480196,False,False,False,False,3592.92246755,2043.688,265.932,2.98427949019e-13,1.7763568394e-13,1.11022302463e-16,0,0,0,37.5,187.5,True,YES
944,40,1,300,0,79.4462612106,0,150,37.5,187.5,True,187.5,187.5,1,True,0.923713857725,1,0.0237138577249,33,4.14139713876,0.69023285646,1,1,2,0.720172290822,False,False,False,False,3602.01466121,2043.688,265.932,2.27373675443e-13,1.7763568394e-13,1.11022302463e-16,0,0,0,187.5,187.5,True,YES
945,40,1,300,0,120,0,150,37.5,187.5,True,187.5,187.5,1,True,0.922465964298,1,0.022465964298,18,4.17671703495,0.696119505825,1,1,2,0.72534537214,False,False,False,False,3642.5684,2043.688,265.932,2.98427949019e-13,1.7763568394e-13,1.11022302463e-16,0,0,0,187.5,187.5,True,YES
946,40,1,300,0,120,114.777719773,35.2222802272,37.5,72.7222802272,True,72.7222802272,72.7222802272,1,True,0.922465964298,1,0.022465964298,18,4.17671703495,0.696119505825,1,1,2,0.72534537214,False,False,False,False,3642.5684,2043.688,265.932,2.98427949019e-13,1.7763568394e-13,1.11022302463e-16,0,0,0,72.7222802272,187.5,True,YES
947,40,28,300,0,120,150,0,37.5,37.5,True,37.5,37.5,1,True,0.922465964298,1,0.022465964298,18,4.17671703495,0.696119505825,1,1,2,0.72534537214,False,False,False,False,3642.5684,2043.688,265.932,2.98427949019e-13,1.7763568394e-13,1.11022302463e-16,0,0,0,37.5,187.5,True,YES
948,40,1,300,68.1657960437,120,150,0,37.5,37.5,True,37.5,37.5,1,True,0.918908784337,1,0.0189087843374,18,4.23629660376,0.70604943396,1,1,2,0.734040679073,False,False,False,False,3710.73419604,2043.688,265.932,2.27373675443e-13,1.7763568394e-13,1.11022302463e-16,0,0,0,37.5,187.5,True,YES
949,40,4,300,200,0,0,150,37.5,187.5,True,187.5,187.5,1,True,0.921023878357,1,0.0210238783572,18,4.24666647313,0.707777745522,1,1,2,0.73555026367,False,False,False,False,3722.5684,2043.688,265.932,2.27373675443e-13,1.7763568394e-13,1.11022302463e-16,0,0,0,187.5,187.5,True,YES
950,40,1,300,200,0,6.80545065937,143.194549341,37.5,180.694549341,True,180.694549341,180.694549341,1,True,0.921023878357,1,0.0210238783572,18,4.24666647313,0.707777745522,1,1,2,0.73555026367,False,False,False,False,3722.5684,2043.688,265.932,2.27373675443e-13,1.7763568394e-13,1.11022302463e-16,0,0,0,180.694549341,187.5,True,YES
951,40,1,300,200,0,16.864558187,133.135441813,37.5,170.635441813,True,170.635441813,170.635441813,1,True,0.921023878357,1,0.0210238783572,18,4.24666647313,0.707777745522,1,1,2,0.73555026367,False,False,False,False,3722.5684,2043.688,265.932,2.27373675443e-13,1.7763568394e-13,1.11022302463e-16,0,0,0,170.635441813,187.5,True,YES
952,40,3,300,200,0,56.6624049256,93.3375950744,37.5,130.837595074,True,130.837595074,130.837595074,1,True,0.921023878357,1,0.0210238783572,18,4.24666647313,0.707777745522,1,1,2,0.73555026367,False,False,False,False,3722.5684,2043.688,265.932,2.27373675443e-13,1.7763568394e-13,1.11022302463e-16,0,0,0,130.837595074,187.5,True,YES
953,40,6,300,200,0,150,0,37.5,37.5,True,37.5,37.5,1,True,0.921023878357,1,0.0210238783572,18,4.24666647313,0.707777745522,1,1,2,0.73555026367,False,False,False,False,3722.5684,2043.688,265.932,2.27373675443e-13,1.7763568394e-13,1.11022302463e-16,0,0,0,37.5,187.5,True,YES
954,40,1,300,200,87.1890764535,150,0,37.5,37.5,True,37.5,37.5,1,True,0.914468767862,1,0.0144687678617,18,4.32329881812,0.72054980302,1,1,2,0.746672202017,False,False,False,False,3809.75747645,2043.688,265.932,2.98427949019e-13,1.7763568394e-13,1.11022302463e-16,0,0,0,37.5,187.5,True,YES
955,40,1,300,200,104.833869666,150,0,37.5,37.5,True,37.5,37.5,1,True,0.913136459451,1,0.0131364594508,18,4.33885569882,0.72314261647,1,1,2,0.748922992027,False,False,False,False,3827.40226967,2043.688,265.932,2.98427949019e-13,1.7763568394e-13,1.11022302463e-16,0,0,0,37.5,187.5,True,YES
956,40,1,300,200,120,0,150,37.5,187.5,True,187.5,187.5,1,True,0.911989752435,1,0.0119897524348,18,4.35223994628,0.725373324381,1,1,2,0.750857600964,False,False,False,False,3842.5684,2043.688,265.932,2.27373675443e-13,1.7763568394e-13,1.11022302463e-16,0,0,0,187.5,187.5,True,YES
957,40,535,300,200,120,150,0,37.5,37.5,True,37.5,37.5,1,True,0.911989752435,1,0.0119897524348,18,4.35223994628,0.725373324381,1,1,2,0.750857600964,False,False,False,False,3842.5684,2043.688,265.932,2.27373675443e-13,1.7763568394e-13,1.11022302463e-16,0,0,0,37.5,187.5,True,YES
958,41,233,0,0,0,0,150,37.5,187.5,True,187.5,187.5,1,True,0.925946052931,1,0.0259460529306,33,3.81616207051,0.636027011752,1,1,2,0.67080445174,False,False,False,False,3236.05112,2022.6384,218.4496,3.12638803734e-13,9.59232693276e-14,1.11022302463e-16,0,0,0,187.5,187.5,True,YES
959,41,1,0,0,0,57.3322583682,92.6677416318,37.5,130.167741632,True,130.167741632,130.167741632,1,True,0.925946052931,1,0.0259460529306,33,3.81616207051,0.636027011752,1,1,2,0.67080445174,False,False,False,False,3236.05112,2022.6384,218.4496,3.12638803734e-13,9.59232693276e-14,1.11022302463e-16,0,0,0,130.167741632,187.5,True,YES
960,41,1,0,0,0,58.5819604838,91.4180395162,37.5,128.918039516,True,128.918039516,128.918039516,1,True,0.925946052931,1,0.0259460529306,33,3.81616207051,0.636027011752,1,1,2,0.67080445174,False,False,False,False,3236.05112,2022.6384,218.4496,3.12638803734e-13,9.59232693276e-14,1.11022302463e-16,0,0,0,128.918039516,187.5,True,YES
961,41,2,0,0,0,59.0234099574,90.9765900426,37.5,128.476590043,True,128.476590043,128.476590043,1,True,0.925946052931,1,0.0259460529306,33,3.81616207051,0.636027011752,1,1,2,0.67080445174,False,False,False,False,3236.05112,2022.6384,218.4496,3.12638803734e-13,9.59232693276e-14,1.11022302463e-16,0,0,0,128.476590043,187.5,True,YES
962,41,1,0,0,0,73.3785454522,76.6214545478,37.5,114.121454548,True,114.121454548,114.121454548,1,True,0.925946052931,1,0.0259460529306,33,3.81616207051,0.636027011752,1,1,2,0.67080445174,False,False,False,False,3236.05112,2022.6384,218.4496,3.12638803734e-13,9.59232693276e-14,1.11022302463e-16,0,0,0,114.121454548,187.5,True,YES
963,41,3,0,0,0,107.743535779,42.256464221,37.5,79.756464221,True,79.756464221,79.756464221,1,True,0.925946052931,1,0.0259460529306,33,3.81616207051,0.636027011752,1,1,2,0.67080445174,False,False,False,False,3236.05112,2022.6384,218.4496,3.12638803734e-13,9.59232693276e-14,1.11022302463e-16,0,0,0,79.756464221,187.5,True,YES
964,41,3,0,0,0,107.743535779,42.256464221,37.5,79.756464221,True,79.756464221,79.756464221,1,True,0.925946052931,1,0.0259460529306,33,3.81616207051,0.636027011752,1,1,2,0.67080445174,False,False,False,False,3236.05112,2022.6384,218.4496,3.12638803734e-13,9.59232693276e-14,1.11022302463e-16,0,0,0,79.756464221,187.5,True,YES
965,41,2,0,0,0,128.708642101,21.2913578994,37.5,58.7913578994,True,58.7913578994,58.7913578994,1,True,0.925946052931,1,0.0259460529306,33,3.81616207051,0.636027011752,1,1,2,0.67080445174,False,False,False,False,3236.05112,2022.6384,218.4496,3.12638803734e-13,9.59232693276e-14,1.11022302463e-16,0,0,0,58.7913578994,187.5,True,YES
966,41,13,0,0,0,150,0,37.5,37.5,True,37.5,37.5,1,True,0.925946052931,1,0.0259460529306,33,3.81616207051,0.636027011752,1,1,2,0.67080445174,False,False,False,False,3236.05112,2022.6384,218.4496,3.12638803734e-13,9.59232693276e-14,1.11022302463e-16,0,0,0,37.5,187.5,True,YES
967,41,1,0,146.186483597,120,0,150,37.5,187.5,True,187.5,187.5,1,True,0.915082980985,1,0.0150829809847,18,4.04434597051,0.674057661752,1,1,2,0.704759504137,False,False,False,False,3502.2376036,2022.6384,218.4496,3.12638803734e-13,9.59232693276e-14,1.11022302463e-16,0,0,0,187.5,187.5,True,YES
968,41,2,0,200,120,150,0,37.5,37.5,True,37.5,37.5,1,True,0.912253189533,1,0.012253189533,18,4.09103479149,0.681839131916,1,1,2,0.711624017858,False,False,False,False,3556.05112,2022.6384,218.4496,3.12638803734e-13,9.59232693276e-14,1.11022302463e-16,0,0,0,37.5,187.5,True,YES
969,41,1,77.1768978855,0,0,150,0,37.5,37.5,True,37.5,37.5,1,True,0.925641677267,1,0.0256416772668,33,3.88182250955,0.646970418258,1,1,2,0.680649225134,False,False,False,False,3313.22801789,2022.6384,218.4496,4.97379915032e-13,9.59232693276e-14,1.11022302463e-16,0,0,0,37.5,187.5,True,YES
970,41,2,78.3448519675,200,120,0,150,37.5,187.5,True,187.5,187.5,1,True,0.911939567447,1,0.011939567447,18,4.15931486885,0.693219144808,1,1,2,0.721617776811,False,False,False,False,3634.39597197,2022.6384,218.4496,3.12638803734e-13,9.59232693276e-14,1.11022302463e-16,0,0,0,187.5,187.5,True,YES
971,41,1,190.437072618,200,120,150,0,37.5,37.5,True,37.5,37.5,1,True,0.911490663707,1,0.0114906637068,18,4.25760964328,0.709601607214,1,1,2,0.735916388724,False,False,False,False,3746.48819262,2022.6384,218.4496,3.12638803734e-13,9.59232693276e-14,1.11022302463e-16,0,0,0,37.5,187.5,True,YES
972,41,1,192.236361636,0,0,150,0,37.5,37.5,True,37.5,37.5,1,True,0.925187711755,1,0.0251877117549,33,3.98048001551,0.663413335919,1,1,2,0.695326341971,False,False,False,False,3428.28748164,2022.6384,218.4496,4.12114786741e-13,9.59232693276e-14,1.11022302463e-16,0,0,0,37.5,187.5,True,YES
973,41,1,237.432338418,0,0,150,0,37.5,37.5,True,37.5,37.5,1,True,0.925009330713,1,0.025009330713,33,4.01947178533,0.669911964222,1,1,2,0.701091592479,False,False,False,False,3473.48345842,2022.6384,218.4496,3.12638803734e-13,9.59232693276e-14,1.11022302463e-16,0,0,0,37.5,187.5,True,YES
974,41,2,237.432338418,0,0,150,0,37.5,37.5,True,37.5,37.5,1,True,0.925009330713,1,0.025009330713,33,4.01947178533,0.669911964222,1,1,2,0.701091592479,False,False,False,False,3473.48345842,2022.6384,218.4496,3.12638803734e-13,9.59232693276e-14,1.11022302463e-16,0,0,0,37.5,187.5,True,YES
975,41,3,240.010224031,0,0,150,0,37.5,37.5,True,37.5,37.5,1,True,0.924999155188,1,0.0249991551881,33,4.0216997109,0.670283285149,1,1,2,0.701420430518,False,False,False,False,3476.06134403,2022.6384,218.4496,3.12638803734e-13,9.59232693276e-14,1.11022302463e-16,0,0,0,37.5,187.5,True,YES
976,41,1,263.892521493,0,0,150,0,37.5,37.5,True,37.5,37.5,1,True,0.924904880782,1,0.0249048807819,33,4.04235965629,0.673726609381,1,1,2,0.704466883706,False,False,False,False,3499.94364149,2022.6384,218.4496,3.12638803734e-13,9.59232693276e-14,1.11022302463e-16,0,0,0,37.5,187.5,True,YES
977,41,3,272.323605585,0,0,150,0,37.5,37.5,True,37.5,37.5,1,True,0.924871597122,1,0.0248715971225,33,4.04966162936,0.674943604893,1,1,2,0.705542362439,False,False,False,False,3508.37472558,2022.6384,218.4496,3.12638803734e-13,9.59232693276e-14,1.11022302463e-16,0,0,0,37.5,187.5,True,YES
978,41,6,272.323605585,0,0,150,0,37.5,37.5,True,37.5,37.5,1,True,0.924871597122,1,0.0248715971225,33,4.04966162936,0.674943604893,1,1,2,0.705542362439,False,False,False,False,3508.37472558,2022.6384,218.4496,3.12638803734e-13,9.59232693276e-14,1.11022302463e-16,0,0,0,37.5,187.5,True,YES
979,41,6,272.323605585,0,0,150,0,37.5,37.5,True,37.5,37.5,1,True,0.924871597122,1,0.0248715971225,33,4.04966162936,0.674943604893,1,1,2,0.705542362439,False,False,False,False,3508.37472558,2022.6384,218.4496,3.12638803734e-13,9.59232693276e-14,1.11022302463e-16,0,0,0,37.5,187.5,True,YES
980,41,5,272.324293107,0,0,150,0,37.5,37.5,True,37.5,37.5,1,True,0.924871594408,1,0.0248715944083,33,4.04966222498,0.674943704164,1,1,2,0.70554245014,False,False,False,False,3508.37541311,2022.6384,218.4496,3.12638803734e-13,9.59232693276e-14,1.11022302463e-16,0,0,0,37.5,187.5,True,YES
981,41,12,272.324293107,0,0,150,0,37.5,37.5,True,37.5,37.5,1,True,0.924871594408,1,0.0248715944083,33,4.04966222498,0.674943704164,1,1,2,0.70554245014,False,False,False,False,3508.37541311,2022.6384,218.4496,4.12114786741e-13,9.59232693276e-14,1.11022302463e-16,0,0,0,37.5,187.5,True,YES
982,41,2,274.770437262,0,0,150,0,37.5,37.5,True,37.5,37.5,1,True,0.924861937463,1,0.0248619374628,33,4.0517815963,0.675296932716,1,1,2,0.705854483087,False,False,False,False,3510.82155726,2022.6384,218.4496,4.97379915032e-13,9.59232693276e-14,1.11022302463e-16,0,0,0,37.5,187.5,True,YES
983,41,1,279.779232341,0,0,150,0,37.5,37.5,True,37.5,37.5,1,True,0.924842163309,1,0.024842163309,33,4.05612242956,0.676020404927,1,1,2,0.706493410718,False,False,False,False,3515.83035234,2022.6384,218.4496,3.12638803734e-13,9.59232693276e-14,1.11022302463e-16,0,0,0,37.5,187.5,True,YES
984,41,1,300,0,0,0,150,37.5,187.5,True,187.5,187.5,1,True,0.924762329717,1,0.0247623297172,33,4.07366218781,0.678943697969,1,1,2,0.709072794976,False,False,False,False,3536.05112,2022.6384,218.4496,3.12638803734e-13,9.59232693276e-14,1.11022302463e-16,0,0,0,187.5,187.5,True,YES
985,41,2,300,0,0,89.707255933,60.292744067,37.5,97.792744067,True,97.792744067,97.792744067,1,True,0.924762329717,1,0.0247623297172,33,4.07366218781,0.678943697969,1,1,2,0.709072794976,False,False,False,False,3536.05112,2022.6384,218.4496,3.12638803734e-13,9.59232693276e-14,1.11022302463e-16,0,0,0,97.792744067,187.5,True,YES
986,41,1,300,0,0,89.707255933,60.292744067,37.5,97.792744067,True,97.792744067,97.792744067,1,True,0.924762329717,1,0.0247623297172,33,4.07366218781,0.678943697969,1,1,2,0.709072794976,False,False,False,False,3536.05112,2022.6384,218.4496,3.12638803734e-13,9.59232693276e-14,1.11022302463e-16,0,0,0,97.792744067,187.5,True,YES
987,41,3,300,0,0,94.2252467007,55.7747532993,37.5,93.2747532993,True,93.2747532993,93.2747532993,1,True,0.924762329717,1,0.0247623297172,33,4.07366218781,0.678943697969,1,1,2,0.709072794976,False,False,False,False,3536.05112,2022.6384,218.4496,3.12638803734e-13,9.59232693276e-14,1.11022302463e-16,0,0,0,93.2747532993,187.5,True,YES
988,41,28,300,0,0,150,0,37.5,37.5,True,37.5,37.5,1,True,0.924762329717,1,0.0247623297172,33,4.07366218781,0.678943697969,1,1,2,0.709072794976,False,False,False,False,3536.05112,2022.6384,218.4496,3.12638803734e-13,9.59232693276e-14,1.11022302463e-16,0,0,0,37.5,187.5,True,YES
989,41,1,300,0,33.7637661947,150,0,37.5,37.5,True,37.5,37.5,1,True,0.924272134082,1,0.0242721340822,33,4.10300431621,0.683834052702,1,1,2,0.713379739621,False,False,False,False,3569.81488619,2022.6384,218.4496,3.12638803734e-13,9.59232693276e-14,1.11022302463e-16,0,0,0,37.5,187.5,True,YES
990,41,9,300,0,120,150,0,37.5,37.5,True,37.5,37.5,1,True,0.921538551598,1,0.0215385515982,18,4.17825033826,0.696375056377,1,1,2,0.72438013227,False,False,False,False,3656.05112,2022.6384,218.4496,3.12638803734e-13,9.59232693276e-14,1.11022302463e-16,0,0,0,37.5,187.5,True,YES
991,41,1,300,143.589912863,0,150,0,37.5,37.5,True,37.5,37.5,1,True,0.922675833591,1,0.0226758335912,33,4.19890750409,0.699817917348,1,1,2,0.727389288545,False,False,False,False,3679.64103286,2022.6384,218.4496,3.12638803734e-13,9.59232693276e-14,1.11022302463e-16,0,0,0,37.5,187.5,True,YES
992,41,4,300,200,120,0,150,37.5,187.5,True,187.5,187.5,1,True,0.91105167545,1,0.0110516754495,18,4.35433075652,0.725721792754,1,1,2,0.749892361094,False,False,False,False,3856.05112,2022.6384,218.4496,3.12638803734e-13,9.59232693276e-14,1.11022302463e-16,0,0,0,187.5,187.5,True,YES
993,41,115,300,200,120,150,0,37.5,37.5,True,37.5,37.5,1,True,0.91105167545,1,0.0110516754495,18,4.35433075652,0.725721792754,1,1,2,0.749892361094,False,False,False,False,3856.05112,2022.6384,218.4496,3.12638803734e-13,9.59232693276e-14,1.11022302463e-16,0,0,0,37.5,187.5,True,YES
994,42,280,0,0,0,0,150,37.5,187.5,True,187.5,187.5,1,True,0.927557827398,1,0.0275578273983,33,3.72358602307,0.620597670512,1,1,2,0.652878201242,False,False,False,False,3178.48147,1939.6774,142.0192,3.41060513165e-13,1.06581410364e-13,1.11022302463e-16,0,0,0,187.5,187.5,True,YES
995,42,2,0,0,0,21.8326099643,128.167390036,37.5,165.667390036,True,165.667390036,165.667390036,1,True,0.927557827398,1,0.0275578273983,33,3.72358602307,0.620597670512,1,1,2,0.652878201242,False,False,False,False,3178.48147,1939.6774,142.0192,3.41060513165e-13,1.06581410364e-13,1.11022302463e-16,0,0,0,165.667390036,187.5,True,YES
996,42,1,0,0,0,23.5237615535,126.476238447,37.5,163.976238447,True,163.976238447,163.976238447,1,True,0.927557827398,1,0.0275578273983,33,3.72358602307,0.620597670512,1,1,2,0.652878201242,False,False,False,False,3178.48147,1939.6774,142.0192,3.41060513165e-13,1.06581410364e-13,1.11022302463e-16,0,0,0,163.976238447,187.5,True,YES
997,42,1,0,0,0,35.9891683449,114.010831655,37.5,151.510831655,True,151.510831655,151.510831655,1,True,0.927557827398,1,0.0275578273983,33,3.72358602307,0.620597670512,1,1,2,0.652878201242,False,False,False,False,3178.48147,1939.6774,142.0192,3.41060513165e-13,1.06581410364e-13,1.11022302463e-16,0,0,0,151.510831655,187.5,True,YES
998,42,3,0,0,0,40.9871301114,109.012869889,37.5,146.512869889,True,146.512869889,146.512869889,1,True,0.927557827398,1,0.0275578273983,33,3.72358602307,0.620597670512,1,1,2,0.652878201242,False,False,False,False,3178.48147,1939.6774,142.0192,3.41060513165e-13,1.06581410364e-13,1.11022302463e-16,0,0,0,146.512869889,187.5,True,YES
999,42,3,0,0,0,43.115461237,106.884538763,37.5,144.384538763,True,144.384538763,144.384538763,1,True,0.927557827398,1,0.0275578273983,33,3.72358602307,0.620597670512,1,1,2,0.652878201242,False,False,False,False,3178.48147,1939.6774,142.0192,3.41060513165e-13,1.06581410364e-13,1.11022302463e-16,0,0,0,144.384538763,187.5,True,YES
1000,42,3,0,0,0,43.1161487587,106.883851241,37.5,144.383851241,True,144.383851241,144.383851241,1,True,0.927557827398,1,0.0275578273983,33,3.72358602307,0.620597670512,1,1,2,0.652878201242,False,False,False,False,3178.48147,1939.6774,142.0192,3.41060513165e-13,1.06581410364e-13,1.11022302463e-16,0,0,0,144.383851241,187.5,True,YES
1001,42,2,0,0,0,46.9175035019,103.082496498,37.5,140.582496498,True,140.582496498,140.582496498,1,True,0.927557827398,1,0.0275578273983,33,3.72358602307,0.620597670512,1,1,2,0.652878201242,False,False,False,False,3178.48147,1939.6774,142.0192,3.41060513165e-13,1.06581410364e-13,1.11022302463e-16,0,0,0,140.582496498,187.5,True,YES
1002,42,1,0,0,0,55.3422656062,94.6577343938,37.5,132.157734394,True,132.157734394,132.157734394,1,True,0.927557827398,1,0.0275578273983,33,3.72358602307,0.620597670512,1,1,2,0.652878201242,False,False,False,False,3178.48147,1939.6774,142.0192,3.41060513165e-13,1.06581410364e-13,1.11022302463e-16,0,0,0,132.157734394,187.5,True,YES
1003,42,5,0,0,0,72.243887375,77.756112625,37.5,115.256112625,True,115.256112625,115.256112625,1,True,0.927557827398,1,0.0275578273983,33,3.72358602307,0.620597670512,1,1,2,0.652878201242,False,False,False,False,3178.48147,1939.6774,142.0192,3.41060513165e-13,1.06581410364e-13,1.11022302463e-16,0,0,0,115.256112625,187.5,True,YES
1004,42,1,0,0,0,78.6703895318,71.3296104682,37.5,108.829610468,True,108.829610468,108.829610468,1,True,0.927557827398,1,0.0275578273983,33,3.72358602307,0.620597670512,1,1,2,0.652878201242,False,False,False,False,3178.48147,1939.6774,142.0192,3.41060513165e-13,1.06581410364e-13,1.11022302463e-16,0,0,0,108.829610468,187.5,True,YES
1005,42,3,0,0,0,89.707255933,60.292744067,37.5,97.792744067,True,97.792744067,97.792744067,1,True,0.927557827398,1,0.0275578273983,33,3.72358602307,0.620597670512,1,1,2,0.652878201242,False,False,False,False,3178.48147,1939.6774,142.0192,3.41060513165e-13,1.06581410364e-13,1.11022302463e-16,0,0,0,97.792744067,187.5,True,YES
1006,42,1,0,0,0,89.707255933,60.292744067,37.5,97.792744067,True,97.792744067,97.792744067,1,True,0.927557827398,1,0.0275578273983,33,3.72358602307,0.620597670512,1,1,2,0.652878201242,False,False,False,False,3178.48147,1939.6774,142.0192,3.41060513165e-13,1.06581410364e-13,1.11022302463e-16,0,0,0,97.792744067,187.5,True,YES
1007,42,18,0,0,0,150,0,37.5,37.5,True,37.5,37.5,1,True,0.927557827398,1,0.0275578273983,33,3.72358602307,0.620597670512,1,1,2,0.652878201242,False,False,False,False,3178.48147,1939.6774,142.0192,3.41060513165e-13,1.06581410364e-13,1.11022302463e-16,0,0,0,37.5,187.5,True,YES
1008,42,2,0,200,120,0,150,37.5,187.5,True,187.5,187.5,1,True,0.912627936125,1,0.0126279361255,18,4.00021512072,0.666702520119,1,1,2,0.69369776736,False,False,False,False,3498.48147,1939.6774,142.0192,2.13162820728e-13,1.06581410364e-13,1.11022302463e-16,0,0,0,187.5,187.5,True,YES
1009,42,3,0,200,120,150,0,37.5,37.5,True,37.5,37.5,1,True,0.912627936125,1,0.0126279361255,18,4.00021512072,0.666702520119,1,1,2,0.69369776736,False,False,False,False,3498.48147,1939.6774,142.0192,2.13162820728e-13,1.06581410364e-13,1.11022302463e-16,0,0,0,37.5,187.5,True,YES
1010,42,1,49.5286672483,0,0,150,0,37.5,37.5,True,37.5,37.5,1,True,0.927362843745,1,0.0273628437453,33,3.76595245087,0.627658741812,1,1,2,0.659196134703,False,False,False,False,3228.01013725,1939.6774,142.0192,3.41060513165e-13,1.06581410364e-13,1.11022302463e-16,0,0,0,37.5,187.5,True,YES
1011,42,1,89.898329952,0,0,150,0,37.5,37.5,True,37.5,37.5,1,True,0.927203886782,1,0.0272038867818,33,3.80061244181,0.633435406968,1,1,2,0.664345735065,False,False,False,False,3268.37979995,1939.6774,142.0192,3.41060513165e-13,1.06581410364e-13,1.11022302463e-16,0,0,0,37.5,187.5,True,YES
1012,42,1,96.5415141768,200,120,150,0,37.5,37.5,True,37.5,37.5,1,True,0.912241614355,1,0.0122416143546,18,4.08491599336,0.680819332227,1,1,2,0.706012713364,False,False,False,False,3595.02298418,1939.6774,142.0192,3.97903932026e-13,1.06581410364e-13,1.11022302463e-16,0,0,0,37.5,187.5,True,YES
1013,42,1,118.871673277,0,0,0,150,37.5,187.5,True,187.5,187.5,1,True,0.927089786426,1,0.0270897864262,33,3.82555697481,0.637592829136,1,1,2,0.668041607889,False,False,False,False,3297.35314328,1939.6774,142.0192,3.41060513165e-13,1.06581410364e-13,1.11022302463e-16,0,0,0,187.5,187.5,True,YES
1014,42,1,165.493926083,200,120,0,150,37.5,187.5,True,187.5,187.5,1,True,0.911965593309,1,0.0119655933091,18,4.1457284184,0.690954736401,1,1,2,0.714808361916,False,False,False,False,3663.97539608,1939.6774,142.0192,3.41060513165e-13,1.06581410364e-13,1.11022302463e-16,0,0,0,187.5,187.5,True,YES
1015,42,1,232.742448736,0,0,0,150,37.5,187.5,True,187.5,187.5,1,True,0.92664121411,1,0.0266412141104,33,3.92413009976,0.654021683293,1,1,2,0.682567094288,False,False,False,False,3411.22391874,1939.6774,142.0192,3.41060513165e-13,1.06581410364e-13,1.11022302463e-16,0,0,0,187.5,187.5,True,YES
1016,42,2,237.432338418,0,0,150,0,37.5,37.5,True,37.5,37.5,1,True,0.926622734524,1,0.0266227345238,33,3.92820767814,0.65470127969,1,1,2,0.683165341982,False,False,False,False,3415.91380842,1939.6774,142.0192,3.41060513165e-13,1.06581410364e-13,1.11022302463e-16,0,0,0,37.5,187.5,True,YES
1017,42,3,272.323605585,0,0,150,0,37.5,37.5,True,37.5,37.5,1,True,0.926485240786,1,0.0264852407859,33,3.95858612206,0.659764353676,1,1,2,0.687616111941,False,False,False,False,3450.80507558,1939.6774,142.0192,3.41060513165e-13,1.06581410364e-13,1.11022302463e-16,0,0,0,37.5,187.5,True,YES
1018,42,1,272.323605585,0,0,150,0,37.5,37.5,True,37.5,37.5,1,True,0.926485240786,1,0.0264852407859,33,3.95858612206,0.659764353676,1,1,2,0.687616111941,False,False,False,False,3450.80507558,1939.6774,142.0192,3.41060513165e-13,1.06581410364e-13,1.11022302463e-16,0,0,0,37.5,187.5,True,YES
1019,42,1,272.324293107,0,0,150,0,37.5,37.5,True,37.5,37.5,1,True,0.926485238076,1,0.0264852380764,33,3.95858672139,0.659764453565,1,1,2,0.687616199642,False,False,False,False,3450.80576311,1939.6774,142.0192,3.41060513165e-13,1.06581410364e-13,1.11022302463e-16,0,0,0,37.5,187.5,True,YES
1020,42,1,288.17804151,200,120,150,0,37.5,37.5,True,37.5,37.5,1,True,0.911474274046,1,0.0114742740461,18,4.25454329772,0.70909054962,1,1,2,0.730458088045,False,False,False,False,3786.65951151,1939.6774,142.0192,2.13162820728e-13,1.06581410364e-13,1.11022302463e-16,0,0,0,37.5,187.5,True,YES
1021,42,1,300,0,0,0,150,37.5,187.5,True,187.5,187.5,1,True,0.926376163712,1,0.0263761637123,33,3.98273546111,0.663789243519,1,1,2,0.691146544478,False,False,False,False,3478.48147,1939.6774,142.0192,3.41060513165e-13,1.06581410364e-13,1.11022302463e-16,0,0,0,187.5,187.5,True,YES
1022,42,9,300,0,0,150,0,37.5,37.5,True,37.5,37.5,1,True,0.926376163712,1,0.0263761637123,33,3.98273546111,0.663789243519,1,1,2,0.691146544478,False,False,False,False,3478.48147,1939.6774,142.0192,3.41060513165e-13,1.06581410364e-13,1.11022302463e-16,0,0,0,37.5,187.5,True,YES
1023,42,1,300,0,4.90150398614,150,0,37.5,37.5,True,37.5,37.5,1,True,0.926305141826,1,0.026305141826,33,3.98701710048,0.66450285008,1,1,2,0.691771785934,False,False,False,False,3483.38297399,1939.6774,142.0192,3.41060513165e-13,1.06581410364e-13,1.11022302463e-16,0,0,0,37.5,187.5,True,YES
1024,42,1,300,0,65.5563729581,150,0,37.5,37.5,True,37.5,37.5,1,True,0.925425812932,1,0.0254258129322,33,4.04011790031,0.673352983385,1,1,2,0.699508990417,False,False,False,False,3544.03784296,1939.6774,142.0192,3.41060513165e-13,1.06581410364e-13,1.11022302463e-16,0,0,0,37.5,187.5,True,YES
1025,42,2,300,0,120,0,150,37.5,187.5,True,187.5,187.5,1,True,0.921909523796,1,0.0219095237957,18,4.08796004212,0.681326673687,1,1,2,0.706453881772,False,False,False,False,3598.48147,1939.6774,142.0192,2.13162820728e-13,1.06581410364e-13,1.11022302463e-16,0,0,0,187.5,187.5,True,YES
1026,42,4,300,0,120,150,0,37.5,37.5,True,37.5,37.5,1,True,0.921909523796,1,0.0219095237957,18,4.08796004212,0.681326673687,1,1,2,0.706453881772,False,False,False,False,3598.48147,1939.6774,142.0192,2.13162820728e-13,1.06581410364e-13,1.11022302463e-16,0,0,0,37.5,187.5,True,YES
1027,42,2,300,200,0,150,0,37.5,37.5,True,37.5,37.5,1,True,0.920466566085,1,0.0204665660855,18,4.15855435713,0.693092392855,1,1,2,0.716658773302,False,False,False,False,3678.48147,1939.6774,142.0192,2.13162820728e-13,1.06581410364e-13,1.11022302463e-16,0,0,0,37.5,187.5,True,YES
1028,42,3,300,200,120,0,150,37.5,187.5,True,187.5,187.5,1,True,0.911426916062,1,0.0114269160624,18,4.2650685685,0.710844761417,1,1,2,0.731966110596,False,False,False,False,3798.48147,1939.6774,142.0192,2.13162820728e-13,1.06581410364e-13,1.11022302463e-16,0,0,0,187.5,187.5,True,YES
1029,42,108,300,200,120,150,0,37.5,37.5,True,37.5,37.5,1,True,0.911426916062,1,0.0114269160624,18,4.2650685685,0.710844761417,1,1,2,0.731966110596,False,False,False,False,3798.48147,1939.6774,142.0192,2.13162820728e-13,1.06581410364e-13,1.11022302463e-16,0,0,0,37.5,187.5,True,YES
1030,43,335,0,0,0,0,150,37.5,187.5,True,187.5,187.5,1,True,0.923975874081,1,0.023975874081,33,3.90084204105,0.650140340176,1,1,2,0.681717191539,False,False,False,False,3356.27041,1987.9682,42.2304,1.98951966013e-13,9.23705556488e-14,1.11022302463e-16,0,0,0,187.5,187.5,True,YES
1031,43,1,0,0,0,4.8410310268,145.158968973,37.5,182.658968973,True,182.658968973,182.658968973,1,True,0.923975874081,1,0.023975874081,33,3.90084204105,0.650140340176,1,1,2,0.681717191539,False,False,False,False,3356.27041,1987.9682,42.2304,1.98951966013e-13,9.23705556488e-14,1.11022302463e-16,0,0,0,182.658968973,187.5,True,YES
1032,43,1,0,0,0,18.3886902312,131.611309769,37.5,169.111309769,True,169.111309769,169.111309769,1,True,0.923975874081,1,0.023975874081,33,3.90084204105,0.650140340176,1,1,2,0.681717191539,False,False,False,False,3356.27041,1987.9682,42.2304,1.98951966013e-13,9.23705556488e-14,1.11022302463e-16,0,0,0,169.111309769,187.5,True,YES
1033,43,1,0,0,0,62.0308615179,87.9691384821,37.5,125.469138482,True,125.469138482,125.469138482,1,True,0.923975874081,1,0.023975874081,33,3.90084204105,0.650140340176,1,1,2,0.681717191539,False,False,False,False,3356.27041,1987.9682,42.2304,1.98951966013e-13,9.23705556488e-14,1.11022302463e-16,0,0,0,125.469138482,187.5,True,YES
1034,43,1,0,0,0,89.707255933,60.292744067,37.5,97.792744067,True,97.792744067,97.792744067,1,True,0.923975874081,1,0.023975874081,33,3.90084204105,0.650140340176,1,1,2,0.681717191539,False,False,False,False,3356.27041,1987.9682,42.2304,1.98951966013e-13,9.23705556488e-14,1.11022302463e-16,0,0,0,97.792744067,187.5,True,YES
1035,43,5,0,0,0,150,0,37.5,37.5,True,37.5,37.5,1,True,0.923975874081,1,0.023975874081,33,3.90084204105,0.650140340176,1,1,2,0.681717191539,False,False,False,False,3356.27041,1987.9682,42.2304,1.98951966013e-13,9.23705556488e-14,1.11022302463e-16,0,0,0,37.5,187.5,True,YES
1036,43,4,0,0,120,150,0,37.5,37.5,True,37.5,37.5,1,True,0.917624482581,1,0.0176244825806,18,4.00455659564,0.667426099273,1,1,2,0.697024528833,False,False,False,False,3476.27041,1987.9682,42.2304,1.98951966013e-13,9.23705556488e-14,1.11022302463e-16,0,0,0,37.5,187.5,True,YES
1037,43,1,0,105.672579611,120,150,0,37.5,37.5,True,37.5,37.5,1,True,0.91207485182,1,0.0120748518204,18,4.09662460387,0.682770767312,1,1,2,0.71050424399,False,False,False,False,3581.94298961,1987.9682,42.2304,2.55795384874e-13,9.23705556488e-14,1.11022302463e-16,0,0,0,37.5,187.5,True,YES
1038,43,5,0,200,120,0,150,37.5,187.5,True,187.5,187.5,1,True,0.907092357089,1,0.00709235708886,18,4.17935182674,0.69655863779,1,1,2,0.722536757657,False,False,False,False,3676.27041,1987.9682,42.2304,2.55795384874e-13,9.23705556488e-14,1.11022302463e-16,0,0,0,187.5,187.5,True,YES
1039,43,1,0,200,120,150,0,37.5,37.5,True,37.5,37.5,1,True,0.907092357089,1,0.00709235708886,18,4.17935182674,0.69655863779,1,1,2,0.722536757657,False,False,False,False,3676.27041,1987.9682,42.2304,2.55795384874e-13,9.23705556488e-14,1.11022302463e-16,0,0,0,37.5,187.5,True,YES
1040,43,1,72.4043134358,200,120,150,0,37.5,37.5,True,37.5,37.5,1,True,0.906800869799,1,0.00680086979898,18,4.24318038107,0.707196730179,1,1,2,0.731772734718,False,False,False,False,3748.67472344,1987.9682,42.2304,2.48689957516e-13,9.23705556488e-14,1.11022302463e-16,0,0,0,37.5,187.5,True,YES
1041,43,1,72.4043134358,200,120,150,0,37.5,37.5,True,37.5,37.5,1,True,0.906800869799,1,0.00680086979898,18,4.24318038107,0.707196730179,1,1,2,0.731772734718,False,False,False,False,3748.67472344,1987.9682,42.2304,2.48689957516e-13,9.23705556488e-14,1.11022302463e-16,0,0,0,37.5,187.5,True,YES
1042,43,1,88.9634582696,0,0,0,150,37.5,187.5,True,187.5,187.5,1,True,0.923624256506,1,0.0236242565061,33,3.9776442741,0.66294071235,1,1,2,0.69306547206,False,False,False,False,3445.23386827,1987.9682,42.2304,2.55795384874e-13,9.23705556488e-14,1.11022302463e-16,0,0,0,187.5,187.5,True,YES
1043,43,1,192.868970507,0,0,150,0,37.5,37.5,True,37.5,37.5,1,True,0.92321341268,1,0.0232134126797,33,4.06797343975,0.677995573291,1,1,2,0.706319778082,False,False,False,False,3549.13938051,1987.9682,42.2304,2.55795384874e-13,9.23705556488e-14,1.11022302463e-16,0,0,0,37.5,187.5,True,YES
1044,43,1,194.934440499,200,120,150,0,37.5,37.5,True,37.5,37.5,1,True,0.906307371053,1,0.0063073710526,18,4.35180934311,0.725301557184,1,1,2,0.747402817915,False,False,False,False,3871.2048505,1987.9682,42.2304,2.55795384874e-13,9.23705556488e-14,1.11022302463e-16,0,0,0,37.5,187.5,True,YES
1045,43,1,194.934440499,200,120,150,0,37.5,37.5,True,37.5,37.5,1,True,0.906307371053,1,0.0063073710526,18,4.35180934311,0.725301557184,1,1,2,0.747402817915,False,False,False,False,3871.2048505,1987.9682,42.2304,2.48689957516e-13,9.23705556488e-14,1.11022302463e-16,0,0,0,37.5,187.5,True,YES
1046,43,1,200.208856022,0,0,150,0,37.5,37.5,True,37.5,37.5,1,True,0.923184383757,1,0.0231843837573,33,4.07437876662,0.679063127769,1,1,2,0.707256062276,False,False,False,False,3556.47926602,1987.9682,42.2304,2.55795384874e-13,9.23705556488e-14,1.11022302463e-16,0,0,0,37.5,187.5,True,YES
1047,43,1,237.801464577,0,0,150,0,37.5,37.5,True,37.5,37.5,1,True,0.923035692342,1,0.0230356923421,33,4.10723388716,0.684538981193,1,1,2,0.712051418433,False,False,False,False,3594.07187458,1987.9682,42.2304,2.55795384874e-13,9.23705556488e-14,1.11022302463e-16,0,0,0,37.5,187.5,True,YES
1048,43,1,244.79669757,200,120,150,0,37.5,37.5,True,37.5,37.5,1,True,0.906106470346,1,0.00610647034566,18,4.39622392813,0.732703988022,1,1,2,0.753763304476,False,False,False,False,3921.06710757,1987.9682,42.2304,2.48689957516e-13,9.23705556488e-14,1.11022302463e-16,0,0,0,37.5,187.5,True,YES
1049,43,1,272.323605585,0,0,89.707255933,60.292744067,37.5,97.792744067,True,97.792744067,97.792744067,1,True,0.922899124558,1,0.022899124558,33,4.13747653699,0.689579422832,1,1,2,0.716455102238,False,False,False,False,3628.59401558,1987.9682,42.2304,2.55795384874e-13,9.23705556488e-14,1.11022302463e-16,0,0,0,97.792744067,187.5,True,YES
1050,43,4,300,0,0,0,150,37.5,187.5,True,187.5,187.5,1,True,0.922789623593,1,0.0227896235926,33,4.16177016127,0.693628360212,1,1,2,0.719985534774,False,False,False,False,3656.27041,1987.9682,42.2304,1.98951966013e-13,9.23705556488e-14,1.11022302463e-16,0,0,0,187.5,187.5,True,YES
1051,43,2,300,0,0,150,0,37.5,37.5,True,37.5,37.5,1,True,0.922789623593,1,0.0227896235926,33,4.16177016127,0.693628360212,1,1,2,0.719985534774,False,False,False,False,3656.27041,1987.9682,42.2304,1.98951966013e-13,9.23705556488e-14,1.11022302463e-16,0,0,0,37.5,187.5,True,YES
1052,43,1,300,200,0,0,150,37.5,187.5,True,187.5,187.5,1,True,0.914978411643,1,0.0149784116434,18,4.33852959414,0.72308826569,1,1,2,0.745497763598,False,False,False,False,3856.27041,1987.9682,42.2304,1.98951966013e-13,9.23705556488e-14,1.11022302463e-16,0,0,0,187.5,187.5,True,YES
1053,43,1,300,200,0,150,0,37.5,37.5,True,37.5,37.5,1,True,0.914978411643,1,0.0149784116434,18,4.33852959414,0.72308826569,1,1,2,0.745497763598,False,False,False,False,3856.27041,1987.9682,42.2304,1.98951966013e-13,9.23705556488e-14,1.11022302463e-16,0,0,0,37.5,187.5,True,YES
1054,43,1,300,200,120,0,150,37.5,187.5,True,187.5,187.5,1,True,0.905883997991,1,0.00588399799057,18,4.44553078244,0.740921797074,1,1,2,0.760805100893,False,False,False,False,3976.27041,1987.9682,42.2304,2.55795384874e-13,9.23705556488e-14,1.11022302463e-16,0,0,0,187.5,187.5,True,YES
1055,43,1,300,200,120,41.2224437397,108.77755626,37.5,146.27755626,True,146.27755626,146.27755626,1,True,0.905883997991,1,0.00588399799057,18,4.44553078244,0.740921797074,1,1,2,0.760805100893,False,False,False,False,3976.27041,1987.9682,42.2304,2.55795384874e-13,9.23705556488e-14,1.11022302463e-16,0,0,0,146.27755626,187.5,True,YES
1056,43,99,300,200,120,150,0,37.5,37.5,True,37.5,37.5,1,True,0.905883997991,1,0.00588399799057,18,4.44553078244,0.740921797074,1,1,2,0.760805100893,False,False,False,False,3976.27041,1987.9682,42.2304,2.55795384874e-13,9.23705556488e-14,1.11022302463e-16,0,0,0,37.5,187.5,True,YES
1057,44,346,0,0,0,0,150,37.5,187.5,True,187.5,187.5,1,True,0.913816673115,1,0.0138166731148,33,4.42402000361,0.737336667269,1,1,2,0.772609864292,False,False,False,False,3812.50041,2244.2802,0,1.42108547152e-13,3.8369307731e-13,1.11022302463e-16,0,0,0,187.5,187.5,True,YES
1058,44,5,0,0,0,150,0,37.5,37.5,True,37.5,37.5,1,True,0.913816673115,1,0.0138166731148,33,4.42402000361,0.737336667269,1,1,2,0.772609864292,False,False,False,False,3812.50041,2244.2802,0,1.42108547152e-13,3.8369307731e-13,1.11022302463e-16,0,0,0,37.5,187.5,True,YES
1059,44,1,0,0,74.3776523443,150,0,37.5,37.5,True,37.5,37.5,1,True,0.909698144475,1,0.00969814447501,18,4.48827524642,0.748045874404,1,1,2,0.782097562722,False,False,False,False,3886.87806234,2244.2802,0,2.98427949019e-13,3.8369307731e-13,1.11022302463e-16,0,0,0,37.5,187.5,True,YES
1060,44,1,0,0,120,0,150,37.5,187.5,True,187.5,187.5,1,True,0.906231180925,1,0.00623118092517,18,4.52784199048,0.754640331747,1,1,2,0.787917201586,False,False,False,False,3932.50041,2244.2802,0,1.42108547152e-13,3.8369307731e-13,1.11022302463e-16,0,0,0,187.5,187.5,True,YES
1061,44,1,0,0,120,100.139550981,49.8604490187,37.5,87.3604490187,True,87.3604490187,87.3604490187,1,True,0.906231180925,1,0.00623118092517,18,4.52784199048,0.754640331747,1,1,2,0.787917201586,False,False,False,False,3932.50041,2244.2802,0,1.42108547152e-13,3.8369307731e-13,1.11022302463e-16,0,0,0,87.3604490187,187.5,True,YES
1062,44,4,0,0,120,150,0,37.5,37.5,True,37.5,37.5,1,True,0.906231180925,1,0.00623118092517,18,4.52784199048,0.754640331747,1,1,2,0.787917201586,False,False,False,False,3932.50041,2244.2802,0,1.42108547152e-13,3.8369307731e-13,1.11022302463e-16,0,0,0,37.5,187.5,True,YES
1063,44,1,0,3.20775128139,120,0,150,37.5,187.5,True,187.5,187.5,1,True,0.906061100648,1,0.00606110064766,18,4.53062825079,0.755104708466,1,1,2,0.78832638601,False,False,False,False,3935.70816128,2244.2802,0,3.41060513165e-13,3.8369307731e-13,1.11022302463e-16,0,0,0,187.5,187.5,True,YES
1064,44,3,0,127.604823719,120,150,0,37.5,37.5,True,4.83169060317e-12,37.5,1.28845082751e-13,False,0.9,1,0,18,4.60631593385,0.767719322309,1,1,2,0.79941107599,True,False,False,False,4022.60523372,2244.2802,0,1.42108547152e-13,3.8369307731e-13,1.11022302463e-16,0,0,0,4.83169060317e-12,150,False,NO
1065,44,1,0,200,69.589552668,150,0,37.5,37.5,True,0,37.5,0,False,0.9,1,0,18,4.62552716803,0.770921194672,1,1,2,0.802215473168,True,False,False,False,4044.58996267,2244.2802,0,7.16227077646e-12,3.8369307731e-13,1.11022302463e-16,0,0,0,0,150,False,NO
1066,44,3,0,200,69.589552668,150,0,37.5,37.5,True,0,37.5,0,False,0.9,1,0,18,4.62552716803,0.770921194672,1,1,2,0.802215473168,True,False,False,False,4044.58996267,2244.2802,0,7.16227077646e-12,3.8369307731e-13,1.11022302463e-16,0,0,0,0,150,False,NO
1067,44,1,0,200,98.7694817742,0,150,37.5,187.5,True,0,187.5,0,False,0.9,1,0,18,4.52026147249,0.753376912082,1,1,2,0.786803526692,True,False,False,False,3923.76989177,2244.2802,0,9.23705556488e-12,3.8369307731e-13,1.11022302463e-16,0,0,0,0,-1.29034560814e-11,False,NO
1068,44,2,0,200,98.7694817742,0,150,37.5,187.5,True,0,187.5,0,False,0.9,1,0,18,4.52026147249,0.753376912082,1,1,2,0.786803526692,True,False,False,False,3923.76989177,2244.2802,0,1.73940861714e-11,3.8369307731e-13,1.11022302463e-16,0,0,0,0,-1.81330506166e-11,False,NO
1069,44,1,0,200,98.7694817742,0,150,37.5,187.5,True,0,187.5,0,False,0.9,1,0,18,4.52026147249,0.753376912082,1,1,2,0.786803526692,True,False,False,False,3923.76989177,2244.2802,0,1.73940861714e-11,3.8369307731e-13,1.11022302463e-16,0,0,0,0,-1.85877979675e-11,False,NO
1070,44,1,70.0172019091,0,0,0,150,37.5,187.5,True,187.5,187.5,1,True,0.913536872237,1,0.013536872237,33,4.4844995956,0.747416599266,1,1,2,0.781541338675,False,False,False,False,3882.51761191,2244.2802,0,1.42108547152e-13,3.8369307731e-13,1.11022302463e-16,0,0,0,187.5,187.5,True,YES
1071,44,1,82.4691045448,0,0,150,0,37.5,37.5,True,37.5,37.5,1,True,0.913487103299,1,0.0134871032992,33,4.49528432197,0.749214053662,1,1,2,0.783129717622,False,False,False,False,3894.96951454,2244.2802,0,1.42108547152e-13,3.8369307731e-13,1.11022302463e-16,0,0,0,37.5,187.5,True,YES
1072,44,1,257.438797525,0,0,0,150,37.5,187.5,True,187.5,187.5,1,True,0.912787480979,1,0.0127874809792,33,4.64770898068,0.774618163446,1,1,2,0.805449051845,False,False,False,False,4069.93920753,2244.2802,0,1.42108547152e-13,3.8369307731e-13,1.11022302463e-16,0,0,0,187.5,187.5,True,YES
1073,44,5,300,0,0,0,150,37.5,187.5,True,187.5,187.5,1,True,0.912617217452,1,0.0126172174515,33,4.68502435835,0.780837393059,1,1,2,0.810878207528,False,False,False,False,4112.50041,2244.2802,0,3.2684965845e-13,3.8369307731e-13,1.11022302463e-16,0,0,0,187.5,187.5,True,YES
1074,44,2,300,0,69.2802401733,150,0,37.5,37.5,True,37.5,37.5,1,True,0.908880309338,1,0.00888030933805,18,4.74595438477,0.790992397461,1,1,2,0.819715674229,False,False,False,False,4181.78065017,2244.2802,0,3.2684965845e-13,3.8369307731e-13,1.11022302463e-16,0,0,0,37.5,187.5,True,YES
1075,44,2,300,104.806304142,120,150,0,37.5,37.5,True,0,37.5,0,False,0.9,1,0,18,4.85027127026,0.808378545043,1,1,2,0.834771213985,True,False,False,False,4299.80671414,2244.2802,0,1.42108547152e-13,3.8369307731e-13,1.11022302463e-16,0,0,0,0,150,False,NO
1076,44,1,300,146.71202455,120,0,150,37.5,187.5,True,0,187.5,0,False,0.9,1,0,18,4.75470785118,0.79245130853,1,1,2,0.820982584007,True,False,False,False,4191.71243455,2244.2802,0,1.42108547152e-13,3.8369307731e-13,1.11022302463e-16,0,0,0,0,-9.94759830064e-12,False,NO
1077,44,1,300,200,0,108.960825877,41.0391741231,37.5,78.5391741231,True,78.5391741231,78.5391741231,1,True,0.903551745072,1,0.00355174507236,18,4.86152788765,0.810254647941,1,1,2,0.836390436351,False,False,False,False,4312.50041,2244.2802,0,1.42108547152e-13,3.8369307731e-13,1.11022302463e-16,0,0,0,78.5391741231,187.5,True,YES
1078,44,1,300,200,41.9607991076,150,0,37.5,37.5,True,37.5,37.5,1,True,0.90034175681,1,0.000341756809744,18,4.89878822136,0.81646470356,1,1,2,0.841743003894,False,False,False,False,4354.46120911,2244.2802,0,7.81597009336e-13,3.8369307731e-13,1.11022302463e-16,0,0,0,37.5,187.5,True,YES
1079,44,9,300,200,53.7144125081,150,0,37.5,37.5,True,0,37.5,0,False,0.9,1,0,18,4.87591690154,0.812652816923,1,1,2,0.838458765362,True,False,False,False,4328.71482251,2244.2802,0,1.3073986338e-11,3.8369307731e-13,1.11022302463e-16,0,0,0,0,150,False,NO
1080,44,78,300,200,53.7144125081,150,0,37.5,37.5,True,0,37.5,0,False,0.9,1,0,18,4.87591690154,0.812652816923,1,1,2,0.838458765362,True,False,False,False,4328.71482251,2244.2802,0,1.3073986338e-11,3.8369307731e-13,1.11022302463e-16,0,0,0,0,150,False,NO
1081,44,1,300,200,53.7144125081,150,0,37.5,37.5,True,0,37.5,0,False,0.9,1,0,18,4.87591690154,0.812652816923,1,1,2,0.838458765362,True,False,False,False,4328.71482251,2244.2802,0,1.3073986338e-11,3.8369307731e-13,1.11022302463e-16,0,0,0,0,150,False,NO
1082,44,1,300,200,82.8943416144,0,150,37.5,187.5,True,0,187.5,0,False,0.9,1,0,18,4.76898016947,0.794830028245,1,1,2,0.823046818886,True,False,False,False,4207.89475161,2244.2802,0,1.44098066812e-11,3.8369307731e-13,2.22044604925e-16,0,0,0,0,-1.08002495836e-12,False,NO
1083,45,344,0,0,0,0,150,37.5,187.5,True,187.5,187.5,1,True,0.911763936027,1,0.0117639360269,33,4.52984616185,0.754974360308,1,1,2,0.791197996401,False,False,False,False,3902.5,2300,0,0,0,1.11022302463e-16,0,0,0,187.5,187.5,True,YES
1084,45,1,0,0,0,62.0308615179,87.9691384821,37.5,125.469138482,True,125.469138482,125.469138482,1,True,0.911763936027,1,0.0117639360269,33,4.52984616185,0.754974360308,1,1,2,0.791197996401,False,False,False,False,3902.5,2300,0,0,0,1.11022302463e-16,0,0,0,125.469138482,187.5,True,YES
1085,45,5,0,0,0,150,0,37.5,37.5,True,37.5,37.5,1,True,0.911763936027,1,0.0117639360269,33,4.52984616185,0.754974360308,1,1,2,0.791197996401,False,False,False,False,3902.5,2300,0,0,0,1.11022302463e-16,0,0,0,37.5,187.5,True,YES
1086,45,1,0,0,120,16.9481997257,133.051800274,37.5,170.551800274,True,170.551800274,170.551800274,1,True,0.904075919583,1,0.00407591958321,18,4.63362776343,0.772271293904,1,1,2,0.806505333695,False,False,False,False,4022.5,2300,0,0,0,1.11022302463e-16,0,0,0,170.551800274,187.5,True,YES
1087,45,4,0,0,120,150,0,37.5,37.5,True,37.5,37.5,1,True,0.904075919583,1,0.00407591958321,18,4.63362776343,0.772271293904,1,1,2,0.806505333695,False,False,False,False,4022.5,2300,0,0,0,1.11022302463e-16,0,0,0,37.5,187.5,True,YES
1088,45,1,0,29.0876924809,46.1877909217,0,150,37.5,187.5,True,187.5,187.5,1,True,0.908154224893,1,0.00815422489348,18,4.59485557949,0.765809263248,1,1,2,0.800800223187,False,False,False,False,3977.7754834,2300,0,1.13686837722e-13,0,1.11022302463e-16,0,0,0,187.5,187.5,True,YES
1089,45,2,0,87.0006493085,120,150,0,37.5,37.5,True,2.72848410532e-12,37.5,7.27595761418e-14,False,0.9,1,0,18,4.67666433347,0.779444055579,1,1,2,0.812819693155,True,False,False,False,4072.00064931,2300,0,0,0,1.11022302463e-16,0,0,0,2.72848410532e-12,150,False,NO
1090,45,1,0,128.906369716,120,0,150,37.5,187.5,True,7.50333128963e-12,187.5,4.0017766878e-14,False,0.9,1,0,18,4.58285431886,0.763809053143,1,1,2,0.799031063178,True,False,False,False,3963.90636972,2300,0,5.68434188608e-14,0,1.11022302463e-16,0,0,0,7.50333128963e-12,7.50333128963e-12,False,NO
1091,45,3,0,200,41.315920353,150,0,37.5,37.5,True,0,37.5,0,False,0.9,1,0,18,4.70657310978,0.784428851631,1,1,2,0.81719698839,True,False,False,False,4106.31592035,2300,0,1.27329258248e-11,0,1.11022302463e-16,0,0,0,0,150,False,NO
1092,45,1,0,200,70.4958494593,0,150,37.5,187.5,True,0,187.5,0,False,0.9,1,0,18,4.60154073828,0.76692345638,1,1,2,0.801785041915,True,False,False,False,3985.49584946,2300,0,8.18545231596e-12,0,1.11022302463e-16,0,0,0,0,-2.72848410532e-12,False,NO
1093,45,2,0,200,70.4958494593,0,150,37.5,187.5,True,0,187.5,0,False,0.9,1,0,18,4.60154073828,0.76692345638,1,1,2,0.801785041915,True,False,False,False,3985.49584946,2300,0,8.18545231596e-12,0,1.11022302463e-16,0,0,0,0,-2.72848410532e-12,False,NO
1094,45,1,0,200,70.4958494593,0,150,37.5,187.5,True,0,187.5,0,False,0.9,1,0,18,4.60154073828,0.76692345638,1,1,2,0.801785041915,True,False,False,False,3985.49584946,2300,0,8.18545231596e-12,0,1.11022302463e-16,0,0,0,0,-3.63797880709e-12,False,NO
1095,45,1,63.2824677901,200,37.9671935336,150,0,37.5,37.5,True,0,37.5,0,False,0.9,1,0,18,4.75895327152,0.793158878586,1,1,2,0.82484220496,True,False,False,False,4166.24966132,2300,0,1.54614099301e-11,0,1.11022302463e-16,0,0,0,0,150,False,NO
1096,45,1,260.590321098,200,27.5262274472,150,0,37.5,37.5,True,4.54747350886e-12,37.5,1.21265960236e-13,False,0.9,1,0,18,4.92337523303,0.820562538838,1,1,2,0.848679158892,True,False,False,False,4353.11654854,2300,0,1.36424205266e-11,0,2.22044604925e-16,0,0,0,4.54747350886e-12,150,False,NO
1097,45,1,287.515204511,200,26.1014397873,150,0,37.5,37.5,True,0,37.5,0,False,0.9,1,0,18,4.94593608104,0.824322680173,1,1,2,0.851931980282,True,False,False,False,4378.6166443,2300,0,7.27595761418e-12,0,2.22044604925e-16,0,0,0,0,150,False,NO
1098,45,5,300,0,0,0,150,37.5,187.5,True,187.5,187.5,1,True,0.910561776359,1,0.0105617763587,33,4.79072084868,0.79845347478,1,1,2,0.829466339636,False,False,False,False,4202.5,2300,0,0,0,1.11022302463e-16,0,0,0,187.5,187.5,True,YES
1099,45,1,300,64.2021297318,120,150,0,37.5,37.5,True,0,37.5,0,False,0.9,1,0,18,4.91991454857,0.819985758096,1,1,2,0.84817983115,True,False,False,False,4349.20212973,2300,0,1.00044417195e-11,0,1.11022302463e-16,0,0,0,0,150,False,NO
1100,45,2,300,64.2021297318,120,150,0,37.5,37.5,True,0,37.5,0,False,0.9,1,0,18,4.91991454857,0.819985758096,1,1,2,0.84817983115,True,False,False,False,4349.20212973,2300,0,1.00044417195e-11,0,1.11022302463e-16,0,0,0,0,150,False,NO
1101,45,1,300,106.10785014,120,0,150,37.5,187.5,True,0,187.5,0,False,0.9,1,0,18,4.82462390208,0.80410398368,1,1,2,0.834391201172,True,False,False,False,4241.10785014,2300,0,1.13686837722e-11,0,1.11022302463e-16,0,0,0,0,-1.61435309565e-11,False,NO
1102,45,1,300,132.803267207,72.231430252,150,0,37.5,37.5,True,0,37.5,0,False,0.9,1,0,18,4.93834013176,0.823056688627,1,1,2,0.850837257324,True,False,False,False,4370.03469746,2300,0,1.13686837722e-13,0,2.22044604925e-16,0,0,0,0,150,False,NO
1103,45,1,300,200,0,0,150,37.5,187.5,True,187.5,187.5,1,True,0.90139007711,1,0.00139007711008,18,4.96709233355,0.827848722258,1,1,2,0.85497856846,False,False,False,False,4402.5,2300,0,0,0,1.11022302463e-16,0,0,0,187.5,187.5,True,YES
1104,45,1,300,200,0,150,0,37.5,37.5,True,37.5,37.5,1,True,0.90139007711,1,0.00139007711008,18,4.96709233355,0.827848722258,1,1,2,0.85497856846,False,False,False,False,4402.5,2300,0,0,0,1.11022302463e-16,0,0,0,37.5,187.5,True,YES
1105,45,1,300,200,2.56480379379,150,0,37.5,37.5,True,37.5,37.5,1,True,0.901193727849,1,0.00119372784925,18,4.96936574682,0.828227624469,1,1,2,0.855305737767,False,False,False,False,4405.06480379,2300,0,2.27373675443e-13,0,1.11022302463e-16,0,0,0,37.5,187.5,True,YES
1106,45,10,300,200,25.4407801931,150,0,37.5,37.5,True,2.72848410532e-12,37.5,7.27595761418e-14,False,0.9,1,0,18,4.95640698938,0.826067831563,1,1,2,0.853440280584,True,False,False,False,4390.44078019,2300,0,1.42108547152e-14,0,1.11022302463e-16,0,0,0,2.72848410532e-12,150,False,NO
1107,45,79,300,200,25.4407801931,150,0,37.5,37.5,True,0,37.5,0,False,0.9,1,0,18,4.95640698938,0.826067831563,1,1,2,0.853440280584,True,False,False,False,4390.44078019,2300,0,1.81898940355e-12,0,1.11022302463e-16,0,0,0,0,150,False,NO
1108,45,1,300,200,25.4407801931,150,0,37.5,37.5,True,0,37.5,0,False,0.9,1,0,18,4.95640698938,0.826067831563,1,1,2,0.853440280584,True,False,False,False,4390.44078019,2300,0,1.81898940355e-12,0,1.11022302463e-16,0,0,0,0,150,False,NO
1109,45,1,300,200,42.577291103,61.9094283226,88.0905716774,37.5,125.590571677,True,0,125.590571677,0,False,0.9,1,0,18,4.89366585693,0.815610976155,1,1,2,0.844389299413,True,False,False,False,4319.48671943,2300,0,1.5916157281e-11,0,1.11022302463e-16,0,0,0,0,61.9094283226,False,NO
1110,45,1,300,200,54.6207092994,0,150,37.5,187.5,True,0,187.5,0,False,0.9,1,0,18,4.84970731089,0.808284551815,1,1,2,0.838028334109,True,False,False,False,4269.6207093,2300,0,5.68434188608e-14,0,1.11022302463e-16,0,0,0,0,-3.86535248253e-12,False,NO
1111,46,308,0,0,0,0,150,37.5,187.5,True,187.5,187.5,1,True,0.913816673115,1,0.0138166731148,33,4.42402000361,0.737336667269,1,1,2,0.772609864292,False,False,False,False,3812.50041,2244.2802,0,1.42108547152e-13,3.8369307731e-13,1.11022302463e-16,0,0,0,187.5,187.5,True,YES
1112,46,5,0,0,0,72.2438873751,77.7561126249,37.5,115.256112625,True,115.256112625,115.256112625,1,True,0.913816673115,1,0.0138166731148,33,4.42402000361,0.737336667269,1,1,2,0.772609864292,False,False,False,False,3812.50041,2244.2802,0,1.42108547152e-13,3.8369307731e-13,1.11022302463e-16,0,0,0,115.256112625,187.5,True,YES
1113,46,1,0,0,0,72.2438873751,77.7561126249,37.5,115.256112625,True,115.256112625,115.256112625,1,True,0.913816673115,1,0.0138166731148,33,4.42402000361,0.737336667269,1,1,2,0.772609864292,False,False,False,False,3812.50041,2244.2802,0,1.42108547152e-13,3.8369307731e-13,1.11022302463e-16,0,0,0,115.256112625,187.5,True,YES
1114,46,1,0,0,0,72.2438908474,77.7561091526,37.5,115.256109153,True,115.256109153,115.256109153,1,True,0.913816673115,1,0.0138166731148,33,4.42402000361,0.737336667269,1,1,2,0.772609864292,False,False,False,False,3812.50041,2244.2802,0,1.42108547152e-13,3.8369307731e-13,1.11022302463e-16,0,0,0,115.256109153,187.5,True,YES
1115,46,1,0,0,0,72.2438908474,77.7561091526,37.5,115.256109153,True,115.256109153,115.256109153,1,True,0.913816673115,1,0.0138166731148,33,4.42402000361,0.737336667269,1,1,2,0.772609864292,False,False,False,False,3812.50041,2244.2802,0,1.42108547152e-13,3.8369307731e-13,1.11022302463e-16,0,0,0,115.256109153,187.5,True,YES
1116,46,5,0,0,0,72.2438908474,77.7561091526,37.5,115.256109153,True,115.256109153,115.256109153,1,True,0.913816673115,1,0.0138166731148,33,4.42402000361,0.737336667269,1,1,2,0.772609864292,False,False,False,False,3812.50041,2244.2802,0,1.42108547152e-13,3.8369307731e-13,1.11022302463e-16,0,0,0,115.256109153,187.5,True,YES
1117,46,1,0,0,0,76.8004031403,73.1995968597,37.5,110.69959686,True,110.69959686,110.69959686,1,True,0.913816673115,1,0.0138166731148,33,4.42402000361,0.737336667269,1,1,2,0.772609864292,False,False,False,False,3812.50041,2244.2802,0,1.42108547152e-13,3.8369307731e-13,1.11022302463e-16,0,0,0,110.69959686,187.5,True,YES
1118,46,3,0,0,0,89.7065684112,60.2934315888,37.5,97.7934315888,True,97.7934315888,97.7934315888,1,True,0.913816673115,1,0.0138166731148,33,4.42402000361,0.737336667269,1,1,2,0.772609864292,False,False,False,False,3812.50041,2244.2802,0,1.42108547152e-13,3.8369307731e-13,1.11022302463e-16,0,0,0,97.7934315888,187.5,True,YES
1119,46,4,0,0,0,89.707255933,60.292744067,37.5,97.792744067,True,97.792744067,97.792744067,1,True,0.913816673115,1,0.0138166731148,33,4.42402000361,0.737336667269,1,1,2,0.772609864292,False,False,False,False,3812.50041,2244.2802,0,1.42108547152e-13,3.8369307731e-13,1.11022302463e-16,0,0,0,97.792744067,187.5,True,YES
1120,46,1,0,0,0,89.707255933,60.292744067,37.5,97.792744067,True,97.792744067,97.792744067,1,True,0.913816673115,1,0.0138166731148,33,4.42402000361,0.737336667269,1,1,2,0.772609864292,False,False,False,False,3812.50041,2244.2802,0,1.42108547152e-13,3.8369307731e-13,1.11022302463e-16,0,0,0,97.792744067,187.5,True,YES
1121,46,1,0,0,0,117.881552978,32.1184470217,37.5,69.6184470217,True,69.6184470217,69.6184470217,1,True,0.913816673115,1,0.0138166731148,33,4.42402000361,0.737336667269,1,1,2,0.772609864292,False,False,False,False,3812.50041,2244.2802,0,1.42108547152e-13,3.8369307731e-13,1.11022302463e-16,0,0,0,69.6184470217,187.5,True,YES
1122,46,4,0,0,0,150,0,37.5,37.5,True,37.5,37.5,1,True,0.913816673115,1,0.0138166731148,33,4.42402000361,0.737336667269,1,1,2,0.772609864292,False,False,False,False,3812.50041,2244.2802,0,1.42108547152e-13,3.8369307731e-13,1.11022302463e-16,0,0,0,37.5,187.5,True,YES
1123,46,2,0,127.604823719,120,150,0,37.5,37.5,True,4.83169060317e-12,37.5,1.28845082751e-13,False,0.9,1,0,18,4.60631593385,0.767719322309,1,1,2,0.79941107599,True,False,False,False,4022.60523372,2244.2802,0,1.42108547152e-13,3.8369307731e-13,1.11022302463e-16,0,0,0,4.83169060317e-12,150,False,NO
1124,46,2,0,127.604823719,120,150,0,37.5,37.5,True,0,37.5,0,False,0.9,1,0,18,4.60631593385,0.767719322309,1,1,2,0.79941107599,True,False,False,False,4022.60523372,2244.2802,0,3.41060513165e-13,3.8369307731e-13,1.11022302463e-16,0,0,0,0,150,False,NO
1125,46,2,0,200,98.7694817742,0,150,37.5,187.5,True,0,187.5,0,False,0.9,1,0,18,4.52026147249,0.753376912082,1,1,2,0.786803526692,True,False,False,False,3923.76989177,2244.2802,0,9.23705556488e-12,3.8369307731e-13,1.11022302463e-16,0,0,0,0,-1.29034560814e-11,False,NO
1126,46,2,0,200,98.7694817742,0,150,37.5,187.5,True,0,187.5,0,False,0.9,1,0,18,4.52026147249,0.753376912082,1,1,2,0.786803526692,True,False,False,False,3923.76989177,2244.2802,0,1.73940861714e-11,3.8369307731e-13,1.11022302463e-16,0,0,0,0,-1.81330506166e-11,False,NO
1127,46,2,51.0690414794,0,0,72.2449177873,77.7550822127,37.5,115.255082213,True,115.255082213,115.255082213,1,True,0.913612600828,1,0.0136126008282,33,4.4681050259,0.744684170984,1,1,2,0.779124289652,False,False,False,False,3863.56945148,2244.2802,0,1.42108547152e-13,3.8369307731e-13,1.11022302463e-16,0,0,0,115.255082213,187.5,True,YES
1128,46,1,103.569842699,0,120,0,150,37.5,187.5,True,187.5,187.5,1,True,0.905813801301,1,0.00581380130069,18,4.61807933029,0.769679888381,1,1,2,0.801128689217,False,False,False,False,4036.0702527,2244.2802,0,1.42108547152e-13,3.8369307731e-13,1.11022302463e-16,0,0,0,187.5,187.5,True,YES
1129,46,1,188.917968556,0,70.0437400977,150,0,37.5,37.5,True,37.5,37.5,1,True,0.909268510176,1,0.00926851017618,18,4.6490426326,0.774840438767,1,1,2,0.805643316131,False,False,False,False,4071.46211865,2244.2802,0,1.42108547152e-13,3.8369307731e-13,1.11022302463e-16,0,0,0,37.5,187.5,True,YES
1130,46,1,191.067067099,0,0,150,0,37.5,37.5,True,37.5,37.5,1,True,0.913052933728,1,0.0130529337277,33,4.5897000076,0.764950001267,1,1,2,0.796982597974,False,False,False,False,4003.5674771,2244.2802,0,1.42108547152e-13,3.8369307731e-13,1.11022302463e-16,0,0,0,37.5,187.5,True,YES
1131,46,1,216.502448102,0,0,150,0,37.5,37.5,True,37.5,37.5,1,True,0.912951214422,1,0.0129512144215,33,4.61190390692,0.768650651154,1,1,2,0.800227164276,False,False,False,False,4029.0028581,2244.2802,0,1.42108547152e-13,3.8369307731e-13,1.11022302463e-16,0,0,0,37.5,187.5,True,YES
1132,46,1,292.197755797,200,83.3072140153,0,150,37.5,187.5,True,0,187.5,0,False,0.9,1,0,18,4.76246144992,0.793743574986,1,1,2,0.822104222165,True,False,False,False,4200.50537981,2244.2802,0,5.1443294069e-12,3.8369307731e-13,1.11022302463e-16,0,0,0,0,-1.10844666779e-11,False,NO
1133,46,1,300,0,0,0,150,37.5,187.5,True,187.5,187.5,1,True,0.912617217452,1,0.0126172174515,33,4.68502435835,0.780837393059,1,1,2,0.810878207528,False,False,False,False,4112.50041,2244.2802,0,3.2684965845e-13,3.8369307731e-13,1.11022302463e-16,0,0,0,187.5,187.5,True,YES
1134,46,1,300,0,0,63.21150387,86.78849613,37.5,124.28849613,True,124.28849613,124.28849613,1,True,0.912617217452,1,0.0126172174515,33,4.68502435835,0.780837393059,1,1,2,0.810878207528,False,False,False,False,4112.50041,2244.2802,0,3.2684965845e-13,3.8369307731e-13,1.11022302463e-16,0,0,0,124.28849613,187.5,True,YES
1135,46,1,300,0,0,118.570812812,31.4291871883,37.5,68.9291871883,True,68.9291871883,68.9291871883,1,True,0.912617217452,1,0.0126172174515,33,4.68502435835,0.780837393059,1,1,2,0.810878207528,False,False,False,False,4112.50041,2244.2802,0,3.2684965845e-13,3.8369307731e-13,1.11022302463e-16,0,0,0,68.9291871883,187.5,True,YES
1136,46,1,300,0,0,126.347148238,23.652851762,37.5,61.152851762,True,61.152851762,61.152851762,1,True,0.912617217452,1,0.0126172174515,33,4.68502435835,0.780837393059,1,1,2,0.810878207528,False,False,False,False,4112.50041,2244.2802,0,3.2684965845e-13,3.8369307731e-13,1.11022302463e-16,0,0,0,61.152851762,187.5,True,YES
1137,46,4,300,0,0,150,0,37.5,37.5,True,37.5,37.5,1,True,0.912617217452,1,0.0126172174515,33,4.68502435835,0.780837393059,1,1,2,0.810878207528,False,False,False,False,4112.50041,2244.2802,0,3.2684965845e-13,3.8369307731e-13,1.11022302463e-16,0,0,0,37.5,187.5,True,YES
1138,46,1,300,0,75.715166454,150,0,37.5,37.5,True,37.5,37.5,1,True,0.908391663465,1,0.00839166346474,18,4.75162533571,0.791937555952,1,1,2,0.820536520788,False,False,False,False,4188.21557645,2244.2802,0,3.2684965845e-13,3.8369307731e-13,1.11022302463e-16,0,0,0,37.5,187.5,True,YES
1139,46,2,300,0,100.64960554,150,0,37.5,37.5,True,37.5,37.5,1,True,0.906495741297,1,0.00649574129727,18,4.77361777581,0.795602962635,1,1,2,0.823717186365,False,False,False,False,4213.15001554,2244.2802,0,7.81597009336e-13,3.8369307731e-13,1.11022302463e-16,0,0,0,37.5,187.5,True,YES
1140,46,1,300,0,120,0,150,37.5,187.5,True,187.5,187.5,1,True,0.90502167201,1,0.00502167200979,18,4.79070488934,0.79845081489,1,1,2,0.826185544822,False,False,False,False,4232.50041,2244.2802,0,1.42108547152e-13,3.8369307731e-13,1.11022302463e-16,0,0,0,187.5,187.5,True,YES
1141,46,3,300,104.806304142,120,150,0,37.5,37.5,True,9.37916411203e-12,37.5,2.50111042988e-13,False,0.9,1,0,18,4.85027127026,0.808378545043,1,1,2,0.834771213985,True,False,False,False,4299.80671414,2244.2802,0,1.42108547152e-13,3.8369307731e-13,1.11022302463e-16,0,0,0,9.37916411203e-12,150,False,NO
1142,46,1,300,104.806304142,120,150,0,37.5,37.5,True,0,37.5,0,False,0.9,1,0,18,4.85027127026,0.808378545043,1,1,2,0.834771213985,True,False,False,False,4299.80671414,2244.2802,0,1.42108547152e-13,3.8369307731e-13,1.11022302463e-16,0,0,0,0,150,False,NO
1143,46,1,300,146.71202455,120,0,150,37.5,187.5,True,0,187.5,0,False,0.9,1,0,18,4.75470785118,0.79245130853,1,1,2,0.820982584007,True,False,False,False,4191.71243455,2244.2802,0,1.42108547152e-13,3.8369307731e-13,1.11022302463e-16,0,0,0,0,-9.94759830064e-12,False,NO
1144,46,2,300,200,0,150,0,37.5,37.5,True,37.5,37.5,1,True,0.903551745072,1,0.00355174507236,18,4.86152788765,0.810254647941,1,1,2,0.836390436351,False,False,False,False,4312.50041,2244.2802,0,1.42108547152e-13,3.8369307731e-13,1.11022302463e-16,0,0,0,37.5,187.5,True,YES
1145,46,1,300,200,40.3159788039,0,150,37.5,187.5,True,187.5,187.5,1,True,0.900467800543,1,0.000467800543455,18,4.89732622262,0.816221037103,1,1,2,0.841533188734,False,False,False,False,4352.8163888,2244.2802,0,7.81597009336e-13,3.8369307731e-13,1.11022302463e-16,0,0,0,187.5,187.5,True,YES
1146,46,2,300,200,53.7144125081,150,0,37.5,37.5,True,0,37.5,0,False,0.9,1,0,18,4.87591690154,0.812652816923,1,1,2,0.838458765362,True,False,False,False,4328.71482251,2244.2802,0,1.3073986338e-11,3.8369307731e-13,1.11022302463e-16,0,0,0,0,150,False,NO
1147,46,16,300,200,53.7144125081,150,0,37.5,37.5,True,0,37.5,0,False,0.9,1,0,18,4.87591690154,0.812652816923,1,1,2,0.838458765362,True,False,False,False,4328.71482251,2244.2802,0,1.3073986338e-11,3.8369307731e-13,1.11022302463e-16,0,0,0,0,150,False,NO
1148,46,82,300,200,53.7144125081,150,0,37.5,37.5,True,0,37.5,0,False,0.9,1,0,18,4.87591690154,0.812652816923,1,1,2,0.838458765362,True,False,False,False,4328.71482251,2244.2802,0,1.3073986338e-11,3.8369307731e-13,1.11022302463e-16,0,0,0,0,150,False,NO
1149,46,2,300,200,53.7144125081,150,0,37.5,37.5,True,0,37.5,0,False,0.9,1,0,18,4.87591690154,0.812652816923,1,1,2,0.838458765362,True,False,False,False,4328.71482251,2244.2802,0,1.3073986338e-11,3.8369307731e-13,1.11022302463e-16,0,0,0,0,150,False,NO
1150,46,2,300,200,53.7144125081,150,0,37.5,37.5,True,0,37.5,0,False,0.9,1,0,18,4.87591690154,0.812652816923,1,1,2,0.838458765362,True,False,False,False,4328.71482251,2244.2802,0,1.3073986338e-11,3.8369307731e-13,1.11022302463e-16,0,0,0,0,150,False,NO
1151,47,155,0,0,0,0,150,37.5,187.5,True,187.5,187.5,1,True,0.914818572114,1,0.0148185721142,33,4.37228244749,0.728713741249,1,1,2,0.763522196633,False,False,False,False,3768.49995,2217.039,0,2.41584530158e-13,2.91322521662e-13,1.11022302463e-16,0,0,0,187.5,187.5,True,YES
1152,47,2,0,0,0,150,0,37.5,37.5,True,37.5,37.5,1,True,0.914818572114,1,0.0148185721142,33,4.37228244749,0.728713741249,1,1,2,0.763522196633,False,False,False,False,3768.49995,2217.039,0,2.41584530158e-13,2.91322521662e-13,1.11022302463e-16,0,0,0,37.5,187.5,True,YES
1153,47,1,0,0,120,0,150,37.5,187.5,True,187.5,187.5,1,True,0.907283016657,1,0.00728301665667,18,4.47612486294,0.746020810491,1,1,2,0.778829533928,False,False,False,False,3888.49995,2217.039,0,2.91322521662e-13,2.91322521662e-13,1.11022302463e-16,0,0,0,187.5,187.5,True,YES
1154,47,1,0,147.456051396,120,150,0,37.5,37.5,True,5.68434188608e-12,37.5,1.51582450295e-13,False,0.9,1,0,18,4.5719702889,0.761995048151,1,1,2,0.792855653646,True,False,False,False,3998.4560014,2217.039,0,2.13162820728e-13,2.91322521662e-13,1.11022302463e-16,0,0,0,5.68434188608e-12,150,False,NO
1155,47,1,0,200,83.4124248359,150,0,37.5,37.5,True,0,37.5,0,False,0.9,1,0,18,4.58593160031,0.764321933386,1,1,2,0.794891066898,True,False,False,False,4014.41237484,2217.039,0,1.70388148035e-11,2.91322521662e-13,1.11022302463e-16,0,0,0,0,150,False,NO
1156,47,1,188.755953408,133.111530399,120,150,0,37.5,37.5,True,0,37.5,0,False,0.9,1,0,18,4.72526026242,0.787543377071,1,1,2,0.815103775512,True,False,False,False,4172.86743381,2217.039,0,2.13162820728e-13,2.91322521662e-13,1.11022302463e-16,0,0,0,0,150,False,NO
1157,47,2,190.549044265,0,0,150,0,37.5,37.5,True,37.5,37.5,1,True,0.914057739113,1,0.014057739113,33,4.53754678946,0.756257798243,1,1,2,0.787828850731,False,False,False,False,3959.04899427,2217.039,0,2.41584530158e-13,2.91322521662e-13,1.11022302463e-16,0,0,0,37.5,187.5,True,YES
1158,47,1,198.665705627,0,0,150,0,37.5,37.5,True,37.5,37.5,1,True,0.914025316471,1,0.0140253164706,33,4.54463037735,0.757438396224,1,1,2,0.78886422134,False,False,False,False,3967.16565563,2217.039,0,2.13162820728e-13,2.91322521662e-13,1.11022302463e-16,0,0,0,37.5,187.5,True,YES
1159,47,1,199.578021676,0,0,150,0,37.5,37.5,True,37.5,37.5,1,True,0.914021672081,1,0.0140216720805,33,4.54542679149,0.757571131915,1,1,2,0.788980597419,False,False,False,False,3968.07797168,2217.039,0,2.41584530158e-13,2.91322521662e-13,1.11022302463e-16,0,0,0,37.5,187.5,True,YES
1160,47,3,205.118956864,0,0,150,0,37.5,37.5,True,37.5,37.5,1,True,0.91399953763,1,0.0139995376302,33,4.55026473345,0.758377455575,1,1,2,0.789687405451,False,False,False,False,3973.61890686,2217.039,0,2.13162820728e-13,2.91322521662e-13,1.11022302463e-16,0,0,0,37.5,187.5,True,YES
1161,47,2,206.711026897,0,0,150,0,37.5,37.5,True,37.5,37.5,1,True,0.913993177667,1,0.0139931776669,33,4.55165510978,0.758609184963,1,1,2,0.789890491726,False,False,False,False,3975.2109769,2217.039,0,2.41584530158e-13,2.91322521662e-13,1.11022302463e-16,0,0,0,37.5,187.5,True,YES
1162,47,1,216.207584477,0,0,150,0,37.5,37.5,True,37.5,37.5,1,True,0.913955240126,1,0.0139552401265,33,4.55995132242,0.75999188707,1,1,2,0.791101883476,False,False,False,False,3984.70753448,2217.039,0,2.41584530158e-13,2.91322521662e-13,1.11022302463e-16,0,0,0,37.5,187.5,True,YES
1163,47,1,223.592066638,0,0,150,0,37.5,37.5,True,37.5,37.5,1,True,0.91392573897,1,0.0139257389705,33,4.56640565399,0.761067608999,1,1,2,0.79204385647,False,False,False,False,3992.09201664,2217.039,0,2.41584530158e-13,2.91322521662e-13,1.11022302463e-16,0,0,0,37.5,187.5,True,YES
1164,47,4,225.145116206,0,0,150,0,37.5,37.5,True,37.5,37.5,1,True,0.913919534385,1,0.0139195343848,33,4.56776343984,0.76129390664,1,1,2,0.792241965249,False,False,False,False,3993.64506621,2217.039,0,2.41584530158e-13,2.91322521662e-13,1.11022302463e-16,0,0,0,37.5,187.5,True,YES
1165,47,1,229.001254326,0,0,150,0,37.5,37.5,True,37.5,37.5,1,True,0.913904128552,1,0.0139041285517,33,4.57113528635,0.761855881058,1,1,2,0.79273385864,False,False,False,False,3997.50120433,2217.039,0,2.41584530158e-13,2.91322521662e-13,1.11022302463e-16,0,0,0,37.5,187.5,True,YES
1166,47,1,229.001254326,0,0,150,0,37.5,37.5,True,37.5,37.5,1,True,0.913904128552,1,0.0139041285517,33,4.57113528635,0.761855881058,1,1,2,0.79273385864,False,False,False,False,3997.50120433,2217.039,0,2.41584530158e-13,2.91322521662e-13,1.11022302463e-16,0,0,0,37.5,187.5,True,YES
1167,47,5,237.432338418,0,0,150,0,37.5,37.5,True,37.5,37.5,1,True,0.913870444239,1,0.0138704442389,33,4.57851017547,0.763085029245,1,1,2,0.793809337373,False,False,False,False,4005.93228842,2217.039,0,2.41584530158e-13,2.91322521662e-13,1.11022302463e-16,0,0,0,37.5,187.5,True,YES
1168,47,3,237.432338418,0,0,150,0,37.5,37.5,True,37.5,37.5,1,True,0.913870444239,1,0.0138704442389,33,4.57851017547,0.763085029245,1,1,2,0.793809337373,False,False,False,False,4005.93228842,2217.039,0,2.13162820728e-13,2.91322521662e-13,1.11022302463e-16,0,0,0,37.5,187.5,True,YES
1169,47,6,237.432338418,0,0,150,0,37.5,37.5,True,37.5,37.5,1,True,0.913870444239,1,0.0138704442389,33,4.57851017547,0.763085029245,1,1,2,0.793809337373,False,False,False,False,4005.93228842,2217.039,0,2.41584530158e-13,2.91322521662e-13,1.11022302463e-16,0,0,0,37.5,187.5,True,YES
1170,47,15,237.432338418,0,0,150,0,37.5,37.5,True,37.5,37.5,1,True,0.913870444239,1,0.0138704442389,33,4.57851017547,0.763085029246,1,1,2,0.793809337373,False,False,False,False,4005.93228842,2217.039,0,2.13162820728e-13,2.91322521662e-13,1.11022302463e-16,0,0,0,37.5,187.5,True,YES
1171,47,1,239.878482573,0,0,150,0,37.5,37.5,True,37.5,37.5,1,True,0.913860671042,1,0.0138606710421,33,4.58065056365,0.763441760608,1,1,2,0.79412137032,False,False,False,False,4008.37843257,2217.039,0,2.41584530158e-13,2.91322521662e-13,1.11022302463e-16,0,0,0,37.5,187.5,True,YES
1172,47,1,239.878482573,0,0,150,0,37.5,37.5,True,37.5,37.5,1,True,0.913860671042,1,0.0138606710421,33,4.58065056365,0.763441760608,1,1,2,0.79412137032,False,False,False,False,4008.37843257,2217.039,0,2.13162820728e-13,2.91322521662e-13,1.11022302463e-16,0,0,0,37.5,187.5,True,YES
1173,47,2,244.304093981,0,0,150,0,37.5,37.5,True,37.5,37.5,1,True,0.913842988919,1,0.0138429889195,33,4.58452377275,0.764087295458,1,1,2,0.794685906375,False,False,False,False,4012.80404398,2217.039,0,2.41584530158e-13,2.91322521662e-13,1.11022302463e-16,0,0,0,37.5,187.5,True,YES
1174,47,1,244.887965174,0,0,150,0,37.5,37.5,True,37.5,37.5,1,True,0.91384065609,1,0.0138406560904,33,4.58503484013,0.764172473355,1,1,2,0.794760385652,False,False,False,False,4013.38791517,2217.039,0,2.41584530158e-13,2.91322521662e-13,1.11022302463e-16,0,0,0,37.5,187.5,True,YES
1175,47,3,250.53220728,0,0,150,0,37.5,37.5,True,37.5,37.5,1,True,0.913818104487,1,0.0138181044871,33,4.58997618826,0.764996031376,1,1,2,0.795480371633,False,False,False,False,4019.03215728,2217.039,0,2.41584530158e-13,2.91322521662e-13,1.11022302463e-16,0,0,0,37.5,187.5,True,YES
1176,47,1,250.571279944,0,0,150,0,37.5,37.5,True,37.5,37.5,1,True,0.91381794837,1,0.0138179483701,33,4.59001040074,0.765001733456,1,1,2,0.795485355786,False,False,False,False,4019.07122994,2217.039,0,2.13162820728e-13,2.91322521662e-13,1.11022302463e-16,0,0,0,37.5,187.5,True,YES
1177,47,1,253.043135207,0,0,150,0,37.5,37.5,True,37.5,37.5,1,True,0.913808071881,1,0.0138080718806,33,4.59217494372,0.765362490619,1,1,2,0.795800668472,False,False,False,False,4021.54308521,2217.039,0,2.41584530158e-13,2.91322521662e-13,1.11022302463e-16,0,0,0,37.5,187.5,True,YES
1178,47,2,258.663282034,0,0,150,0,37.5,37.5,True,37.5,37.5,1,True,0.913785615751,1,0.0137856157506,33,4.5970975218,0.766182920301,1,1,2,0.796517580831,False,False,False,False,4027.16323203,2217.039,0,2.13162820728e-13,2.91322521662e-13,1.11022302463e-16,0,0,0,37.5,187.5,True,YES
1179,47,1,285.917119299,0,0,150,0,37.5,37.5,True,37.5,37.5,1,True,0.913676711175,1,0.0136767111748,33,4.62099120312,0.770165200521,1,1,2,0.799994111494,False,False,False,False,4054.4170693,2217.039,0,2.41584530158e-13,2.91322521662e-13,1.11022302463e-16,0,0,0,37.5,187.5,True,YES
1180,47,100,300,0,0,150,0,37.5,37.5,True,37.5,37.5,1,True,0.913620431805,1,0.0136204318049,33,4.63335232533,0.772225387556,1,1,2,0.801790539869,False,False,False,False,4068.49995,2217.039,0,2.41584530158e-13,2.91322521662e-13,1.11022302463e-16,0,0,0,37.5,187.5,True,YES
1181,47,2,300,0,37.0794427143,150,0,37.5,37.5,True,37.5,37.5,1,True,0.912367556871,1,0.0123675568711,18,4.66594514299,0.777657523832,1,1,2,0.806520436005,False,False,False,False,4105.57939271,2217.039,0,4.83169060317e-13,2.91322521662e-13,1.11022302463e-16,0,0,0,37.5,187.5,True,YES
1182,47,3,300,0,44.5186067061,150,0,37.5,37.5,True,37.5,37.5,1,True,0.911804789573,1,0.0118047895731,18,4.67249222314,0.778748703857,1,1,2,0.807469384275,False,False,False,False,4113.01855671,2217.039,0,4.83169060317e-13,2.91322521662e-13,1.11022302463e-16,0,0,0,37.5,187.5,True,YES
1183,47,3,300,0,44.5186067061,150,0,37.5,37.5,True,37.5,37.5,1,True,0.911804789573,1,0.0118047895731,18,4.67249222314,0.778748703857,1,1,2,0.807469384275,False,False,False,False,4113.01855671,2217.039,0,2.13162820728e-13,2.91322521662e-13,1.11022302463e-16,0,0,0,37.5,187.5,True,YES
1184,47,9,300,0,120,150,0,37.5,37.5,True,37.5,37.5,1,True,0.906074911826,1,0.00607491182572,18,4.73907098055,0.789845163425,1,1,2,0.817097877163,False,False,False,False,4188.49995,2217.039,0,4.26325641456e-13,2.91322521662e-13,1.11022302463e-16,0,0,0,37.5,187.5,True,YES
1185,47,1,300,11.1875473518,120,150,0,37.5,37.5,True,37.5,37.5,1,True,0.905481488605,1,0.0054814886051,18,4.7489616763,0.791493612716,1,1,2,0.818524973503,False,False,False,False,4199.68749735,2217.039,0,8.81072992343e-13,2.91322521662e-13,1.11022302463e-16,0,0,0,37.5,187.5,True,YES
1186,47,1,300,84.7654499758,120,150,0,37.5,37.5,True,37.5,37.5,1,True,0.901568949975,1,0.00156894997468,18,4.81415196126,0.802358660211,1,1,2,0.827910654944,False,False,False,False,4273.26539998,2217.039,0,2.13162820728e-13,2.91322521662e-13,1.11022302463e-16,0,0,0,37.5,187.5,True,YES
1187,47,1,300,84.7654499758,120,150,0,37.5,37.5,True,37.5,37.5,1,True,0.901568949975,1,0.00156894997468,18,4.81415196126,0.802358660211,1,1,2,0.827910654944,False,False,False,False,4273.26539998,2217.039,0,2.91322521662e-13,2.91322521662e-13,1.11022302463e-16,0,0,0,37.5,187.5,True,YES
1188,47,2,300,124.657531819,120,150,0,37.5,37.5,True,2.72848410532e-12,37.5,7.27595761418e-14,False,0.9,1,0,18,4.81627541046,0.802712568409,1,1,2,0.828215791641,True,False,False,False,4275.65748182,2217.039,0,2.13162820728e-13,2.91322521662e-13,1.11022302463e-16,0,0,0,2.72848410532e-12,150,False,NO
1189,47,9,300,124.657531819,120,150,0,37.5,37.5,True,1.5916157281e-12,37.5,4.24430860827e-14,False,0.9,1,0,18,4.81627541046,0.802712568409,1,1,2,0.828215791641,True,False,False,False,4275.65748182,2217.039,0,2.13162820728e-13,2.91322521662e-13,1.11022302463e-16,0,0,0,1.5916157281e-12,150,False,NO
1190,47,5,300,124.657531819,120,150,0,37.5,37.5,True,0,37.5,0,False,0.9,1,0,18,4.81627541046,0.802712568409,1,1,2,0.828215791641,True,False,False,False,4275.65748182,2217.039,0,3.06812353301e-11,2.91322521662e-13,1.11022302463e-16,0,0,0,0,150,False,NO
1191,47,1,300,200,0,150,0,37.5,37.5,True,37.5,37.5,1,True,0.904606696336,1,0.00460669633598,18,4.80992242668,0.80165373778,1,1,2,0.827302768693,False,False,False,False,4268.49995,2217.039,0,8.81072992343e-13,2.91322521662e-13,1.11022302463e-16,0,0,0,37.5,187.5,True,YES
1192,47,4,300,200,67.537284676,150,0,37.5,37.5,True,1.93267624127e-11,37.5,5.15380331005e-13,False,0.9,1,0,18,4.83659842094,0.806099736823,1,1,2,0.831134359092,True,False,False,False,4298.53723468,2217.039,0,2.13162820728e-13,2.91322521662e-13,1.11022302463e-16,0,0,0,1.93267624127e-11,150,False,NO
1193,47,13,300,200,67.537284676,150,0,37.5,37.5,True,1.04591890704e-11,37.5,2.78911708544e-13,False,0.9,1,0,18,4.83659842094,0.806099736823,1,1,2,0.831134359092,True,False,False,False,4298.53723468,2217.039,0,2.13162820728e-13,2.91322521662e-13,1.11022302463e-16,0,0,0,1.04591890704e-11,150,False,NO
1194,47,71,300,200,67.537284676,150,0,37.5,37.5,True,5.00222085975e-12,37.5,1.3339255626e-13,False,0.9,1,0,18,4.83659842094,0.806099736823,1,1,2,0.831134359092,True,False,False,False,4298.53723468,2217.039,0,2.13162820728e-13,2.91322521662e-13,1.11022302463e-16,0,0,0,5.00222085975e-12,150,False,NO
1195,47,2,300,200,67.537284676,150,0,37.5,37.5,True,4.32009983342e-12,37.5,1.15202662225e-13,False,0.9,1,0,18,4.83659842094,0.806099736823,1,1,2,0.831134359092,True,False,False,False,4298.53723468,2217.039,0,2.13162820728e-13,2.91322521662e-13,1.11022302463e-16,0,0,0,4.32009983342e-12,150,False,NO
1196,47,22,300,200,67.537284676,150,0,37.5,37.5,True,0,37.5,0,False,0.9,1,0,18,4.83659842094,0.806099736823,1,1,2,0.831134359092,True,False,False,False,4298.53723468,2217.039,0,5.13011855219e-12,2.91322521662e-13,2.22044604925e-16,0,0,0,0,150,False,NO
1197,47,1,300,200,95.8144099355,4.64088094675,145.359119053,37.5,182.859119053,True,2.16537898723e-11,182.859119053,1.18417883584e-13,False,0.9,1,0,18,4.73284585202,0.788807642004,1,1,2,0.816199246008,True,False,False,False,4181.45524088,2217.039,0,2.13162820728e-13,2.91322521662e-13,1.11022302463e-16,0,0,0,2.16537898723e-11,4.64088094677,False,NO
1198,47,3,300,200,96.7172137822,0,150,37.5,187.5,True,7.33280103304e-12,187.5,3.91082721762e-14,False,0.9,1,0,18,4.72954359617,0.788257266028,1,1,2,0.815722412617,True,False,False,False,4177.71716378,2217.039,0,2.13162820728e-13,2.91322521662e-13,1.11022302463e-16,0,0,0,7.33280103304e-12,7.33280103304e-12,False,NO
1199,47,1,300,200,96.7172137822,0,150,37.5,187.5,True,0,187.5,0,False,0.9,1,0,18,4.72954359617,0.788257266028,1,1,2,0.815722412617,True,False,False,False,4177.71716378,2217.039,0,1.88578042071e-11,2.91322521662e-13,1.11022302463e-16,0,0,0,0,-1.92699189938e-11,False,NO
1200,48,87,0,0,0,0,150,37.5,187.5,True,187.5,187.5,1,True,0.921168685541,1,0.021168685541,33,4.04305524105,0.673842540174,1,1,2,0.705692281788,False,False,False,False,3488.5004,2043.688,0,2.27373675443e-13,1.7763568394e-13,1.11022302463e-16,0,0,0,187.5,187.5,True,YES
1201,48,3,0,0,0,13.758821114,136.241178886,37.5,173.741178886,True,173.741178886,173.741178886,1,True,0.921168685541,1,0.021168685541,33,4.04305524105,0.673842540174,1,1,2,0.705692281788,False,False,False,False,3488.5004,2043.688,0,2.27373675443e-13,1.7763568394e-13,1.11022302463e-16,0,0,0,173.741178886,187.5,True,YES
1202,48,8,0,0,0,20.7658222225,129.234177777,37.5,166.734177777,True,166.734177777,166.734177777,1,True,0.921168685541,1,0.021168685541,33,4.04305524105,0.673842540174,1,1,2,0.705692281788,False,False,False,False,3488.5004,2043.688,0,2.27373675443e-13,1.7763568394e-13,1.11022302463e-16,0,0,0,166.734177777,187.5,True,YES
1203,48,1,0,0,0,80.4774670517,69.5225329483,37.5,107.022532948,True,107.022532948,107.022532948,1,True,0.921168685541,1,0.021168685541,33,4.04305524105,0.673842540174,1,1,2,0.705692281788,False,False,False,False,3488.5004,2043.688,0,2.27373675443e-13,1.7763568394e-13,1.11022302463e-16,0,0,0,107.022532948,187.5,True,YES
1204,48,3,0,0,0,89.820643235,60.179356765,37.5,97.679356765,True,97.679356765,97.679356765,1,True,0.921168685541,1,0.021168685541,33,4.04305524105,0.673842540174,1,1,2,0.705692281788,False,False,False,False,3488.5004,2043.688,0,2.27373675443e-13,1.7763568394e-13,1.11022302463e-16,0,0,0,97.679356765,187.5,True,YES
1205,48,4,0,0,0,93.4954300015,56.5045699985,37.5,94.0045699985,True,94.0045699985,94.0045699985,1,True,0.921168685541,1,0.021168685541,33,4.04305524105,0.673842540174,1,1,2,0.705692281788,False,False,False,False,3488.5004,2043.688,0,2.27373675443e-13,1.7763568394e-13,1.11022302463e-16,0,0,0,94.0045699985,187.5,True,YES
1206,48,2,0,0,0,150,0,37.5,37.5,True,37.5,37.5,1,True,0.921168685541,1,0.021168685541,33,4.04305524105,0.673842540174,1,1,2,0.705692281788,False,False,False,False,3488.5004,2043.688,0,2.27373675443e-13,1.7763568394e-13,1.11022302463e-16,0,0,0,37.5,187.5,True,YES
1207,48,1,0,0,7.30017286595,0,150,37.5,187.5,True,187.5,187.5,1,True,0.921062307345,1,0.021062307345,33,4.04935578662,0.674892631103,1,1,2,0.706623500191,False,False,False,False,3495.80057287,2043.688,0,2.27373675443e-13,1.7763568394e-13,1.11022302463e-16,0,0,0,187.5,187.5,True,YES
1208,48,1,0,0,74.111856631,0,150,37.5,187.5,True,187.5,187.5,1,True,0.917405866153,1,0.0174058661532,18,4.10717259589,0.684528765982,1,1,2,0.715146075013,False,False,False,False,3562.61225663,2043.688,0,2.27373675443e-13,1.7763568394e-13,1.11022302463e-16,0,0,0,187.5,187.5,True,YES
1209,48,1,0,196.229637562,120,0,150,37.5,187.5,True,187.5,187.5,1,True,0.903573590546,1,0.00357359054596,18,4.31886921544,0.719811535907,1,1,2,0.74603089616,False,False,False,False,3804.73003756,2043.688,0,2.27373675443e-13,1.7763568394e-13,1.11022302463e-16,0,0,0,187.5,187.5,True,YES
1210,48,1,0,200,120,126.571369123,23.4286308768,37.5,60.9286308768,True,60.9286308768,60.9286308768,1,True,0.903373088286,1,0.00337308828586,18,4.32219110384,0.720365183974,1,1,2,0.746511847906,False,False,False,False,3808.5004,2043.688,0,2.27373675443e-13,1.7763568394e-13,1.11022302463e-16,0,0,0,60.9286308768,187.5,True,YES
1211,48,1,0,200,120,150,0,37.5,37.5,True,37.5,37.5,1,True,0.903373088286,1,0.00337308828586,18,4.32219110384,0.720365183974,1,1,2,0.746511847906,False,False,False,False,3808.5004,2043.688,0,2.27373675443e-13,1.7763568394e-13,1.11022302463e-16,0,0,0,37.5,187.5,True,YES
1212,48,1,132.660546182,0,0,150,0,37.5,37.5,True,37.5,37.5,1,True,0.920642712449,1,0.0206427124495,33,4.15806051417,0.693010085695,1,1,2,0.722614612839,False,False,False,False,3621.16094618,2043.688,0,2.27373675443e-13,1.7763568394e-13,1.11022302463e-16,0,0,0,37.5,187.5,True,YES
1213,48,2,166.882650947,0,120,150,0,37.5,37.5,True,37.5,37.5,1,True,0.913281137389,1,0.0132811373887,18,4.29303829737,0.715506382896,1,1,2,0.742287360971,False,False,False,False,3775.38305095,2043.688,0,2.27373675443e-13,1.7763568394e-13,1.11022302463e-16,0,0,0,37.5,187.5,True,YES
1214,48,1,217.019735274,0,120,0,150,37.5,187.5,True,187.5,187.5,1,True,0.913080672111,1,0.0130806721114,18,4.33719551631,0.722865919386,1,1,2,0.74868290481,False,False,False,False,3825.52013527,2043.688,0,2.27373675443e-13,1.7763568394e-13,1.11022302463e-16,0,0,0,187.5,187.5,True,YES
1215,48,1,247.474967755,0,120,150,0,37.5,37.5,True,37.5,37.5,1,True,0.912958880146,1,0.0129588801456,18,4.36408142432,0.727346904053,1,1,2,0.75256780911,False,False,False,False,3855.97536776,2043.688,0,2.27373675443e-13,1.7763568394e-13,1.11022302463e-16,0,0,0,37.5,187.5,True,YES
1216,48,1,262.455910045,0,0,89.707255933,60.292744067,37.5,97.792744067,True,97.792744067,97.792744067,1,True,0.920127808253,1,0.020127808253,33,4.27157276436,0.71192879406,1,1,2,0.739171457954,False,False,False,False,3750.95631005,2043.688,0,2.27373675443e-13,1.7763568394e-13,1.11022302463e-16,0,0,0,97.792744067,187.5,True,YES
1217,48,1,299.137565059,0,120,150,0,37.5,37.5,True,37.5,37.5,1,True,0.912752241723,1,0.0127522417235,18,4.40979535889,0.734965893149,1,1,2,0.75915794913,False,False,False,False,3907.63796506,2043.688,0,2.98427949019e-13,1.7763568394e-13,1.11022302463e-16,0,0,0,37.5,187.5,True,YES
1218,48,1,300,0,0,150,0,37.5,37.5,True,37.5,37.5,1,True,0.91997881538,1,0.0199788153799,33,4.30457848368,0.71742974728,1,1,2,0.743960625024,False,False,False,False,3788.5004,2043.688,0,2.98427949019e-13,1.7763568394e-13,1.11022302463e-16,0,0,0,37.5,187.5,True,YES
1219,48,1,300,0,37.9794933917,150,0,37.5,37.5,True,37.5,37.5,1,True,0.91892816114,1,0.0189281611398,18,4.3380420717,0.723007011951,1,1,2,0.748805332654,False,False,False,False,3826.47989339,2043.688,0,2.27373675443e-13,1.7763568394e-13,1.11022302463e-16,0,0,0,37.5,187.5,True,YES
1220,48,81,300,0,120,150,0,37.5,37.5,True,37.5,37.5,1,True,0.912748791787,1,0.0127487917865,18,4.41055960374,0.73509326729,1,1,2,0.759267962318,False,False,False,False,3908.5004,2043.688,0,2.27373675443e-13,1.7763568394e-13,1.11022302463e-16,0,0,0,37.5,187.5,True,YES
1221,48,1,300,2.01615092848,120,150,0,37.5,37.5,True,37.5,37.5,1,True,0.912642659252,1,0.0126426592515,18,4.41234635273,0.735391058788,1,1,2,0.759525144837,False,False,False,False,3910.51655093,2043.688,0,2.98427949019e-13,1.7763568394e-13,1.11022302463e-16,0,0,0,37.5,187.5,True,YES
1222,48,2,300,6.99969639234,120,150,0,37.5,37.5,True,37.5,37.5,1,True,0.912380266635,1,0.0123802666354,18,4.41676370731,0.736127284551,1,1,2,0.760160851598,False,False,False,False,3915.50009639,2043.688,0,2.98427949019e-13,1.7763568394e-13,1.11022302463e-16,0,0,0,37.5,187.5,True,YES
1223,48,1,300,59.237831934,120,150,0,37.5,37.5,True,37.5,37.5,1,True,0.909625280087,1,0.00962528008721,18,4.46313872947,0.743856454912,1,1,2,0.766824407935,False,False,False,False,3967.73823193,2043.688,0,2.27373675443e-13,1.7763568394e-13,1.11022302463e-16,0,0,0,37.5,187.5,True,YES
1224,48,2,300,59.237831934,120,150,0,37.5,37.5,True,37.5,37.5,1,True,0.909625280087,1,0.00962528008721,18,4.46313872947,0.743856454912,1,1,2,0.766824407935,False,False,False,False,3967.73823193,2043.688,0,2.27373675443e-13,1.7763568394e-13,1.11022302463e-16,0,0,0,37.5,187.5,True,YES
1225,48,4,300,84.7654499758,120,150,0,37.5,37.5,True,37.5,37.5,1,True,0.908275939694,1,0.00827593969354,18,4.48584805694,0.747641342823,1,1,2,0.770080740099,False,False,False,False,3993.26584998,2043.688,0,2.98427949019e-13,1.7763568394e-13,1.11022302463e-16,0,0,0,37.5,187.5,True,YES
1226,48,1,300,84.7654499758,120,150,0,37.5,37.5,True,37.5,37.5,1,True,0.908275939694,1,0.00827593969354,18,4.48584805694,0.747641342823,1,1,2,0.770080740099,False,False,False,False,3993.26584998,2043.688,0,2.98427949019e-13,1.7763568394e-13,1.11022302463e-16,0,0,0,37.5,187.5,True,YES
1227,48,1,300,84.7654499758,120,150,0,37.5,37.5,True,37.5,37.5,1,True,0.908275939694,1,0.00827593969354,18,4.48584805694,0.747641342823,1,1,2,0.770080740099,False,False,False,False,3993.26584998,2043.688,0,2.98427949019e-13,1.7763568394e-13,1.11022302463e-16,0,0,0,37.5,187.5,True,YES
1228,48,4,300,84.7654499758,120,150,0,37.5,37.5,True,37.5,37.5,1,True,0.908275939694,1,0.00827593969354,18,4.48584805694,0.747641342823,1,1,2,0.770080740099,False,False,False,False,3993.26584998,2043.688,0,2.98427949019e-13,1.7763568394e-13,1.11022302463e-16,0,0,0,37.5,187.5,True,YES
1229,48,7,300,84.7654499758,120,150,0,37.5,37.5,True,37.5,37.5,1,True,0.908275939694,1,0.00827593969354,18,4.48584805694,0.747641342823,1,1,2,0.770080740099,False,False,False,False,3993.26584998,2043.688,0,2.98427949019e-13,1.7763568394e-13,1.11022302463e-16,0,0,0,37.5,187.5,True,YES
1230,48,1,300,84.7654499758,120,150,0,37.5,37.5,True,37.5,37.5,1,True,0.908275939694,1,0.00827593969354,18,4.48584805694,0.747641342823,1,1,2,0.770080740099,False,False,False,False,3993.26584998,2043.688,0,2.98427949019e-13,1.7763568394e-13,1.11022302463e-16,0,0,0,37.5,187.5,True,YES
1231,48,1,300,89.3219622687,120,150,0,37.5,37.5,True,37.5,37.5,1,True,0.908034880397,1,0.00803488039657,18,4.48990470741,0.748317451235,1,1,2,0.77066197402,False,False,False,False,3997.82236227,2043.688,0,2.98427949019e-13,1.7763568394e-13,1.11022302463e-16,0,0,0,37.5,187.5,True,YES
1232,48,1,300,106.572088587,120,150,0,37.5,37.5,True,37.5,37.5,1,True,0.907121693447,1,0.00712169344709,18,4.50527110504,0.750878517507,1,1,2,0.772862419869,False,False,False,False,4015.07248859,2043.688,0,2.27373675443e-13,1.7763568394e-13,1.11022302463e-16,0,0,0,37.5,187.5,True,YES
1233,48,1,300,112.284726959,120,150,0,37.5,37.5,True,37.5,37.5,1,True,0.90681907518,1,0.00681907517966,18,4.51036292093,0.751727153489,1,1,2,0.773591130556,False,False,False,False,4020.78512696,2043.688,0,2.27373675443e-13,1.7763568394e-13,1.11022302463e-16,0,0,0,37.5,187.5,True,YES
1234,48,1,300,180.149991211,120,150,0,37.5,37.5,True,37.5,37.5,1,True,0.903216259859,1,0.00321625985931,18,4.57096517848,0.761827529747,1,1,2,0.78224810131,False,False,False,False,4088.65039121,2043.688,0,2.98427949019e-13,1.7763568394e-13,1.11022302463e-16,0,0,0,37.5,187.5,True,YES
1235,48,3,300,180.149991211,120,150,0,37.5,37.5,True,37.5,37.5,1,True,0.903216259859,1,0.00321625985931,18,4.57096517848,0.761827529747,1,1,2,0.78224810131,False,False,False,False,4088.65039121,2043.688,0,2.98427949019e-13,1.7763568394e-13,1.11022302463e-16,0,0,0,37.5,187.5,True,YES
1236,48,3,300,182.536634914,120,150,0,37.5,37.5,True,37.5,37.5,1,True,0.903089296653,1,0.00308929665323,18,4.57310011506,0.76218335251,1,1,2,0.782552544312,False,False,False,False,4091.03703491,2043.688,0,2.98427949019e-13,1.7763568394e-13,1.11022302463e-16,0,0,0,37.5,187.5,True,YES
1237,48,5,300,182.536634914,120,150,0,37.5,37.5,True,37.5,37.5,1,True,0.903089296653,1,0.00308929665323,18,4.57310011506,0.76218335251,1,1,2,0.782552544312,False,False,False,False,4091.03703491,2043.688,0,2.27373675443e-13,1.7763568394e-13,1.11022302463e-16,0,0,0,37.5,187.5,True,YES
1238,48,2,300,182.536634914,120,150,0,37.5,37.5,True,37.5,37.5,1,True,0.903089296653,1,0.00308929665323,18,4.57310011506,0.76218335251,1,1,2,0.782552544312,False,False,False,False,4091.03703491,2043.688,0,2.27373675443e-13,1.7763568394e-13,1.11022302463e-16,0,0,0,37.5,187.5,True,YES
1239,48,1,300,182.537661854,120,150,0,37.5,37.5,True,37.5,37.5,1,True,0.903089242019,1,0.00308924201887,18,4.57310103375,0.762183505625,1,1,2,0.782552675309,False,False,False,False,4091.03806185,2043.688,0,2.98427949019e-13,1.7763568394e-13,1.11022302463e-16,0,0,0,37.5,187.5,True,YES
1240,48,3,300,183.124274803,120,150,0,37.5,37.5,True,37.5,37.5,1,True,0.903058033009,1,0.00305803300872,18,4.57362581775,0.762270969625,1,1,2,0.782627504328,False,False,False,False,4091.6246748,2043.688,0,2.77111666946e-13,1.7763568394e-13,1.11022302463e-16,0,0,0,37.5,187.5,True,YES
1241,48,3,300,183.124274803,120,150,0,37.5,37.5,True,37.5,37.5,1,True,0.903058033009,1,0.00305803300872,18,4.57362581775,0.762270969625,1,1,2,0.782627504328,False,False,False,False,4091.6246748,2043.688,0,2.98427949019e-13,1.7763568394e-13,1.11022302463e-16,0,0,0,37.5,187.5,True,YES
1242,48,1,300,187.093147207,120,150,0,37.5,37.5,True,37.5,37.5,1,True,0.902846852528,1,0.00284685252829,18,4.57717676579,0.762862794298,1,1,2,0.783133778233,False,False,False,False,4095.59354721,2043.688,0,2.27373675443e-13,1.7763568394e-13,1.11022302463e-16,0,0,0,37.5,187.5,True,YES
1243,48,1,300,196.576675822,120,150,0,37.5,37.5,True,37.5,37.5,1,True,0.902342041522,1,0.00234204152164,18,4.58566444911,0.764277408184,1,1,2,0.784343507993,False,False,False,False,4105.07707582,2043.688,0,2.98427949019e-13,1.7763568394e-13,1.11022302463e-16,0,0,0,37.5,187.5,True,YES
1244,48,221,300,200,120,150,0,37.5,37.5,True,37.5,37.5,1,True,0.902159747587,1,0.00215974758658,18,4.58872925527,0.764788209211,1,1,2,0.784780191142,False,False,False,False,4108.5004,2043.688,0,2.27373675443e-13,1.7763568394e-13,1.11022302463e-16,0,0,0,37.5,187.5,True,YES
