cohort,cohort_timing,stage,site,local_hour,time_resolution,metric,path_count,Stage89H_mean,Stage89N_mean,paired_difference_mean,paired_difference_ci95_low,paired_difference_ci95_high,descriptive_only
EARLY_A1,S1->A1,1,1,NOT_AVAILABLE_PAIRED,STAGE_AGGREGATE_ONLY,production_kg,1078,46.800000000000686,46.800000000000686,0.0,0.0,0.0,NO
EARLY_A1,S1->A1,1,1,NOT_AVAILABLE_PAIRED,STAGE_AGGREGATE_ONLY,ordinary_demand_kg,1078,14.839201083277215,14.839201083277215,0.0,0.0,0.0,NO
EARLY_A1,S1->A1,1,1,NOT_AVAILABLE_PAIRED,STAGE_AGGREGATE_ONLY,served_demand_kg,1078,14.839201083277215,14.839201083277215,0.0,0.0,0.0,NO
EARLY_A1,S1->A1,1,1,NOT_AVAILABLE_PAIRED,STAGE_AGGREGATE_ONLY,shortage_kg,1078,0.0,0.0,0.0,0.0,0.0,NO
EARLY_A1,S1->A1,1,1,NOT_AVAILABLE_PAIRED,STAGE_AGGREGATE_ONLY,htt_in_kg,1078,0.0,0.0,0.0,0.0,0.0,NO
EARLY_A1,S1->A1,1,1,NOT_AVAILABLE_PAIRED,STAGE_AGGREGATE_ONLY,htt_out_kg,1078,0.0,0.0,0.0,0.0,0.0,NO
EARLY_A1,S1->A1,1,1,NOT_AVAILABLE_PAIRED,STAGE_AGGREGATE_ONLY,ending_inventory_kg,1078,90.00535596159179,90.00535596159179,0.0,0.0,0.0,NO
EARLY_A1,S1->A1,1,1,NOT_AVAILABLE_PAIRED,STAGE_AGGREGATE_ONLY,beginning_inventory_kg,1078,58.04455704487038,58.04455704487038,0.0,0.0,0.0,NO
EARLY_A1,S1->A1,1,2,NOT_AVAILABLE_PAIRED,STAGE_AGGREGATE_ONLY,production_kg,1078,31.200000000000426,23.400000000000343,-7.800000000000106,-7.800000000000113,-7.8000000000001,NO
EARLY_A1,S1->A1,1,2,NOT_AVAILABLE_PAIRED,STAGE_AGGREGATE_ONLY,ordinary_demand_kg,1078,12.645962732919077,12.645962732919077,0.0,0.0,0.0,NO
EARLY_A1,S1->A1,1,2,NOT_AVAILABLE_PAIRED,STAGE_AGGREGATE_ONLY,served_demand_kg,1078,12.645962732919077,12.645962732919077,0.0,0.0,0.0,NO
EARLY_A1,S1->A1,1,2,NOT_AVAILABLE_PAIRED,STAGE_AGGREGATE_ONLY,shortage_kg,1078,0.0,0.0,0.0,0.0,0.0,NO
EARLY_A1,S1->A1,1,2,NOT_AVAILABLE_PAIRED,STAGE_AGGREGATE_ONLY,htt_in_kg,1078,0.0,0.0,0.0,0.0,0.0,NO
EARLY_A1,S1->A1,1,2,NOT_AVAILABLE_PAIRED,STAGE_AGGREGATE_ONLY,htt_out_kg,1078,0.0,0.0,0.0,0.0,0.0,NO
EARLY_A1,S1->A1,1,2,NOT_AVAILABLE_PAIRED,STAGE_AGGREGATE_ONLY,ending_inventory_kg,1078,68.86217520570662,61.06217520570508,-7.800000000000106,-7.800000000000113,-7.8000000000001,NO
EARLY_A1,S1->A1,1,2,NOT_AVAILABLE_PAIRED,STAGE_AGGREGATE_ONLY,beginning_inventory_kg,1078,50.308137938625556,50.308137938625556,0.0,0.0,0.0,NO
EARLY_A1,S1->A1,1,3,NOT_AVAILABLE_PAIRED,STAGE_AGGREGATE_ONLY,production_kg,1078,18.719999999999985,16.379999999999747,-2.339999999999998,-2.339999999999998,-2.339999999999998,NO
EARLY_A1,S1->A1,1,3,NOT_AVAILABLE_PAIRED,STAGE_AGGREGATE_ONLY,ordinary_demand_kg,1078,3.964491941739217,3.964491941739217,0.0,0.0,0.0,NO
EARLY_A1,S1->A1,1,3,NOT_AVAILABLE_PAIRED,STAGE_AGGREGATE_ONLY,served_demand_kg,1078,3.964491941739217,3.964491941739217,0.0,0.0,0.0,NO
EARLY_A1,S1->A1,1,3,NOT_AVAILABLE_PAIRED,STAGE_AGGREGATE_ONLY,shortage_kg,1078,0.0,0.0,0.0,0.0,0.0,NO
EARLY_A1,S1->A1,1,3,NOT_AVAILABLE_PAIRED,STAGE_AGGREGATE_ONLY,htt_in_kg,1078,0.0,0.0,0.0,0.0,0.0,NO
EARLY_A1,S1->A1,1,3,NOT_AVAILABLE_PAIRED,STAGE_AGGREGATE_ONLY,htt_out_kg,1078,0.0,0.0,0.0,0.0,0.0,NO
EARLY_A1,S1->A1,1,3,NOT_AVAILABLE_PAIRED,STAGE_AGGREGATE_ONLY,ending_inventory_kg,1078,40.017641500569894,37.67764150057048,-2.3400000000000043,-2.3400000000000043,-2.3400000000000043,NO
EARLY_A1,S1->A1,1,3,NOT_AVAILABLE_PAIRED,STAGE_AGGREGATE_ONLY,beginning_inventory_kg,1078,25.26213344230928,25.26213344230928,0.0,0.0,0.0,NO
EARLY_A1,S1->A1,1,4,NOT_AVAILABLE_PAIRED,STAGE_AGGREGATE_ONLY,production_kg,1078,23.400000000000343,23.400000000000343,0.0,0.0,0.0,NO
EARLY_A1,S1->A1,1,4,NOT_AVAILABLE_PAIRED,STAGE_AGGREGATE_ONLY,ordinary_demand_kg,1078,7.561272379628235,7.561272379628235,0.0,0.0,0.0,NO
EARLY_A1,S1->A1,1,4,NOT_AVAILABLE_PAIRED,STAGE_AGGREGATE_ONLY,served_demand_kg,1078,7.561272379628235,7.561272379628235,0.0,0.0,0.0,NO
EARLY_A1,S1->A1,1,4,NOT_AVAILABLE_PAIRED,STAGE_AGGREGATE_ONLY,shortage_kg,1078,0.0,0.0,0.0,0.0,0.0,NO
EARLY_A1,S1->A1,1,4,NOT_AVAILABLE_PAIRED,STAGE_AGGREGATE_ONLY,htt_in_kg,1078,0.0,0.0,0.0,0.0,0.0,NO
EARLY_A1,S1->A1,1,4,NOT_AVAILABLE_PAIRED,STAGE_AGGREGATE_ONLY,htt_out_kg,1078,0.0,0.0,0.0,0.0,0.0,NO
EARLY_A1,S1->A1,1,4,NOT_AVAILABLE_PAIRED,STAGE_AGGREGATE_ONLY,ending_inventory_kg,1078,48.86230846661568,48.86230846661568,0.0,0.0,0.0,NO
EARLY_A1,S1->A1,1,4,NOT_AVAILABLE_PAIRED,STAGE_AGGREGATE_ONLY,beginning_inventory_kg,1078,33.023580846242595,33.023580846242595,0.0,0.0,0.0,NO
EARLY_A1,S2->A1,1,1,NOT_AVAILABLE_PAIRED,STAGE_AGGREGATE_ONLY,production_kg,937,46.80000000000035,46.80000000000035,0.0,0.0,0.0,NO
EARLY_A1,S2->A1,1,1,NOT_AVAILABLE_PAIRED,STAGE_AGGREGATE_ONLY,ordinary_demand_kg,937,14.83920108327715,14.83920108327715,0.0,0.0,0.0,NO
EARLY_A1,S2->A1,1,1,NOT_AVAILABLE_PAIRED,STAGE_AGGREGATE_ONLY,served_demand_kg,937,14.83920108327715,14.83920108327715,0.0,0.0,0.0,NO
EARLY_A1,S2->A1,1,1,NOT_AVAILABLE_PAIRED,STAGE_AGGREGATE_ONLY,shortage_kg,937,0.0,0.0,0.0,0.0,0.0,NO
EARLY_A1,S2->A1,1,1,NOT_AVAILABLE_PAIRED,STAGE_AGGREGATE_ONLY,htt_in_kg,937,0.0,0.0,0.0,0.0,0.0,NO
EARLY_A1,S2->A1,1,1,NOT_AVAILABLE_PAIRED,STAGE_AGGREGATE_ONLY,htt_out_kg,937,0.0,0.0,0.0,0.0,0.0,NO
EARLY_A1,S2->A1,1,1,NOT_AVAILABLE_PAIRED,STAGE_AGGREGATE_ONLY,ending_inventory_kg,937,90.0053559615918,90.0053559615918,0.0,0.0,0.0,NO
EARLY_A1,S2->A1,1,1,NOT_AVAILABLE_PAIRED,STAGE_AGGREGATE_ONLY,beginning_inventory_kg,937,58.04455704487015,58.04455704487015,0.0,0.0,0.0,NO
EARLY_A1,S2->A1,1,2,NOT_AVAILABLE_PAIRED,STAGE_AGGREGATE_ONLY,production_kg,937,31.200000000000486,23.400000000000176,-7.8000000000001215,-7.8000000000001295,-7.8000000000001135,NO
EARLY_A1,S2->A1,1,2,NOT_AVAILABLE_PAIRED,STAGE_AGGREGATE_ONLY,ordinary_demand_kg,937,12.645962732919143,12.645962732919143,0.0,0.0,0.0,NO
EARLY_A1,S2->A1,1,2,NOT_AVAILABLE_PAIRED,STAGE_AGGREGATE_ONLY,served_demand_kg,937,12.645962732919143,12.645962732919143,0.0,0.0,0.0,NO
EARLY_A1,S2->A1,1,2,NOT_AVAILABLE_PAIRED,STAGE_AGGREGATE_ONLY,shortage_kg,937,0.0,0.0,0.0,0.0,0.0,NO
EARLY_A1,S2->A1,1,2,NOT_AVAILABLE_PAIRED,STAGE_AGGREGATE_ONLY,htt_in_kg,937,0.0,0.0,0.0,0.0,0.0,NO
EARLY_A1,S2->A1,1,2,NOT_AVAILABLE_PAIRED,STAGE_AGGREGATE_ONLY,htt_out_kg,937,0.0,0.0,0.0,0.0,0.0,NO
EARLY_A1,S2->A1,1,2,NOT_AVAILABLE_PAIRED,STAGE_AGGREGATE_ONLY,ending_inventory_kg,937,68.86217520570642,61.06217520570509,-7.8000000000001215,-7.8000000000001295,-7.8000000000001135,NO
EARLY_A1,S2->A1,1,2,NOT_AVAILABLE_PAIRED,STAGE_AGGREGATE_ONLY,beginning_inventory_kg,937,50.30813793862525,50.30813793862525,0.0,0.0,0.0,NO
EARLY_A1,S2->A1,1,3,NOT_AVAILABLE_PAIRED,STAGE_AGGREGATE_ONLY,production_kg,937,18.71999999999981,16.379999999999676,-2.3399999999999763,-2.3399999999999777,-2.339999999999975,NO
EARLY_A1,S2->A1,1,3,NOT_AVAILABLE_PAIRED,STAGE_AGGREGATE_ONLY,ordinary_demand_kg,937,3.964491941739198,3.964491941739198,0.0,0.0,0.0,NO
EARLY_A1,S2->A1,1,3,NOT_AVAILABLE_PAIRED,STAGE_AGGREGATE_ONLY,served_demand_kg,937,3.964491941739198,3.964491941739198,0.0,0.0,0.0,NO
EARLY_A1,S2->A1,1,3,NOT_AVAILABLE_PAIRED,STAGE_AGGREGATE_ONLY,shortage_kg,937,0.0,0.0,0.0,0.0,0.0,NO
EARLY_A1,S2->A1,1,3,NOT_AVAILABLE_PAIRED,STAGE_AGGREGATE_ONLY,htt_in_kg,937,0.0,0.0,0.0,0.0,0.0,NO
EARLY_A1,S2->A1,1,3,NOT_AVAILABLE_PAIRED,STAGE_AGGREGATE_ONLY,htt_out_kg,937,0.0,0.0,0.0,0.0,0.0,NO
EARLY_A1,S2->A1,1,3,NOT_AVAILABLE_PAIRED,STAGE_AGGREGATE_ONLY,ending_inventory_kg,937,40.017641500569894,37.67764150057005,-2.339999999999983,-2.3399999999999843,-2.3399999999999817,NO
EARLY_A1,S2->A1,1,3,NOT_AVAILABLE_PAIRED,STAGE_AGGREGATE_ONLY,beginning_inventory_kg,937,25.26213344230928,25.26213344230928,0.0,0.0,0.0,NO
EARLY_A1,S2->A1,1,4,NOT_AVAILABLE_PAIRED,STAGE_AGGREGATE_ONLY,production_kg,937,23.400000000000176,23.400000000000176,0.0,0.0,0.0,NO
EARLY_A1,S2->A1,1,4,NOT_AVAILABLE_PAIRED,STAGE_AGGREGATE_ONLY,ordinary_demand_kg,937,7.561272379628201,7.561272379628201,0.0,0.0,0.0,NO
EARLY_A1,S2->A1,1,4,NOT_AVAILABLE_PAIRED,STAGE_AGGREGATE_ONLY,served_demand_kg,937,7.561272379628201,7.561272379628201,0.0,0.0,0.0,NO
EARLY_A1,S2->A1,1,4,NOT_AVAILABLE_PAIRED,STAGE_AGGREGATE_ONLY,shortage_kg,937,0.0,0.0,0.0,0.0,0.0,NO
EARLY_A1,S2->A1,1,4,NOT_AVAILABLE_PAIRED,STAGE_AGGREGATE_ONLY,htt_in_kg,937,0.0,0.0,0.0,0.0,0.0,NO
EARLY_A1,S2->A1,1,4,NOT_AVAILABLE_PAIRED,STAGE_AGGREGATE_ONLY,htt_out_kg,937,0.0,0.0,0.0,0.0,0.0,NO
EARLY_A1,S2->A1,1,4,NOT_AVAILABLE_PAIRED,STAGE_AGGREGATE_ONLY,ending_inventory_kg,937,48.86230846661535,48.86230846661535,0.0,0.0,0.0,NO
EARLY_A1,S2->A1,1,4,NOT_AVAILABLE_PAIRED,STAGE_AGGREGATE_ONLY,beginning_inventory_kg,937,33.02358084624234,33.02358084624234,0.0,0.0,0.0,NO
EARLY_A1,S2->A1,2,1,NOT_AVAILABLE_PAIRED,STAGE_AGGREGATE_ONLY,production_kg,937,46.48159018143042,0.03745997865528282,-46.44413020277514,-46.59701659493911,-46.29124381061117,NO
EARLY_A1,S2->A1,2,1,NOT_AVAILABLE_PAIRED,STAGE_AGGREGATE_ONLY,ordinary_demand_kg,937,22.472918077183127,22.472918077183127,0.0,0.0,0.0,NO
EARLY_A1,S2->A1,2,1,NOT_AVAILABLE_PAIRED,STAGE_AGGREGATE_ONLY,served_demand_kg,937,22.472918077183127,22.472918077183127,0.0,0.0,0.0,NO
EARLY_A1,S2->A1,2,1,NOT_AVAILABLE_PAIRED,STAGE_AGGREGATE_ONLY,shortage_kg,937,0.0,0.0,0.0,0.0,0.0,NO
EARLY_A1,S2->A1,2,1,NOT_AVAILABLE_PAIRED,STAGE_AGGREGATE_ONLY,htt_in_kg,937,0.7341589350838719,0.0,-0.7341589350838719,-0.9808196852190552,-0.4874981849486885,NO
EARLY_A1,S2->A1,2,1,NOT_AVAILABLE_PAIRED,STAGE_AGGREGATE_ONLY,htt_out_kg,937,0.0,0.0,0.0,0.0,0.0,NO
EARLY_A1,S2->A1,2,1,NOT_AVAILABLE_PAIRED,STAGE_AGGREGATE_ONLY,ending_inventory_kg,937,114.7481870009246,67.56989786306417,-47.17828913785906,-47.461919532239364,-46.89465874347876,NO
EARLY_A1,S2->A1,2,1,NOT_AVAILABLE_PAIRED,STAGE_AGGREGATE_ONLY,beginning_inventory_kg,937,90.0053559615918,90.0053559615918,0.0,0.0,0.0,NO
EARLY_A1,S2->A1,2,2,NOT_AVAILABLE_PAIRED,STAGE_AGGREGATE_ONLY,production_kg,937,22.25146704595443,0.0,-22.25146704595443,-22.740723131966902,-21.76221095994196,NO
EARLY_A1,S2->A1,2,2,NOT_AVAILABLE_PAIRED,STAGE_AGGREGATE_ONLY,ordinary_demand_kg,937,14.658385093167556,14.658385093167556,0.0,0.0,0.0,NO
EARLY_A1,S2->A1,2,2,NOT_AVAILABLE_PAIRED,STAGE_AGGREGATE_ONLY,served_demand_kg,937,14.658385093167556,14.658385093167556,0.0,0.0,0.0,NO
EARLY_A1,S2->A1,2,2,NOT_AVAILABLE_PAIRED,STAGE_AGGREGATE_ONLY,shortage_kg,937,0.0,0.0,0.0,0.0,0.0,NO
EARLY_A1,S2->A1,2,2,NOT_AVAILABLE_PAIRED,STAGE_AGGREGATE_ONLY,htt_in_kg,937,0.2345885311382544,0.0,-0.2345885311382544,-0.31591936148657646,-0.15325770078993234,NO
EARLY_A1,S2->A1,2,2,NOT_AVAILABLE_PAIRED,STAGE_AGGREGATE_ONLY,htt_out_kg,937,0.0,0.0,0.0,0.0,0.0,NO
EARLY_A1,S2->A1,2,2,NOT_AVAILABLE_PAIRED,STAGE_AGGREGATE_ONLY,ending_inventory_kg,937,76.68984568963097,46.403790112538466,-30.286055577092647,-30.793831415991562,-29.77827973819373,NO
EARLY_A1,S2->A1,2,2,NOT_AVAILABLE_PAIRED,STAGE_AGGREGATE_ONLY,beginning_inventory_kg,937,68.86217520570642,61.06217520570509,-7.8000000000001215,-7.8000000000001295,-7.8000000000001135,NO
EARLY_A1,S2->A1,2,3,NOT_AVAILABLE_PAIRED,STAGE_AGGREGATE_ONLY,production_kg,937,9.777843658416579,0.0,-9.777843658416579,-10.142266983230112,-9.413420333603046,NO
EARLY_A1,S2->A1,2,3,NOT_AVAILABLE_PAIRED,STAGE_AGGREGATE_ONLY,ordinary_demand_kg,937,9.07472205464099,9.07472205464099,0.0,0.0,0.0,NO
EARLY_A1,S2->A1,2,3,NOT_AVAILABLE_PAIRED,STAGE_AGGREGATE_ONLY,served_demand_kg,937,9.07472205464099,9.07472205464099,0.0,0.0,0.0,NO
EARLY_A1,S2->A1,2,3,NOT_AVAILABLE_PAIRED,STAGE_AGGREGATE_ONLY,shortage_kg,937,0.0,0.0,0.0,0.0,0.0,NO
EARLY_A1,S2->A1,2,3,NOT_AVAILABLE_PAIRED,STAGE_AGGREGATE_ONLY,htt_in_kg,937,0.0,0.0,0.0,0.0,0.0,NO
EARLY_A1,S2->A1,2,3,NOT_AVAILABLE_PAIRED,STAGE_AGGREGATE_ONLY,htt_out_kg,937,0.968747466222128,0.0,-0.968747466222128,-1.2941766076618015,-0.6433183247824547,NO
EARLY_A1,S2->A1,2,3,NOT_AVAILABLE_PAIRED,STAGE_AGGREGATE_ONLY,ending_inventory_kg,937,39.75201563812398,28.602919445929505,-11.149096192194435,-11.674186745392822,-10.624005638996048,NO
EARLY_A1,S2->A1,2,3,NOT_AVAILABLE_PAIRED,STAGE_AGGREGATE_ONLY,beginning_inventory_kg,937,40.017641500569894,37.67764150057005,-2.339999999999983,-2.3399999999999843,-2.3399999999999817,NO
EARLY_A1,S2->A1,2,4,NOT_AVAILABLE_PAIRED,STAGE_AGGREGATE_ONLY,production_kg,937,23.022278548559377,1.036392742796152,-21.98588580576312,-22.137273588204387,-21.834498023321856,NO
EARLY_A1,S2->A1,2,4,NOT_AVAILABLE_PAIRED,STAGE_AGGREGATE_ONLY,ordinary_demand_kg,937,13.286980705718976,13.286980705718976,0.0,0.0,0.0,NO
EARLY_A1,S2->A1,2,4,NOT_AVAILABLE_PAIRED,STAGE_AGGREGATE_ONLY,served_demand_kg,937,13.286980705718976,13.286980705718976,0.0,0.0,0.0,NO
EARLY_A1,S2->A1,2,4,NOT_AVAILABLE_PAIRED,STAGE_AGGREGATE_ONLY,shortage_kg,937,0.0,0.0,0.0,0.0,0.0,NO
EARLY_A1,S2->A1,2,4,NOT_AVAILABLE_PAIRED,STAGE_AGGREGATE_ONLY,htt_in_kg,937,0.0,0.0,0.0,0.0,0.0,NO
EARLY_A1,S2->A1,2,4,NOT_AVAILABLE_PAIRED,STAGE_AGGREGATE_ONLY,htt_out_kg,937,0.0,0.0,0.0,0.0,0.0,NO
EARLY_A1,S2->A1,2,4,NOT_AVAILABLE_PAIRED,STAGE_AGGREGATE_ONLY,ending_inventory_kg,937,58.59760630945554,36.611720503692325,-21.98588580576312,-22.137273588204387,-21.834498023321856,NO
EARLY_A1,S2->A1,2,4,NOT_AVAILABLE_PAIRED,STAGE_AGGREGATE_ONLY,beginning_inventory_kg,937,48.86230846661535,48.86230846661535,0.0,0.0,0.0,NO
EARLY_A1,S3->A1,1,1,NOT_AVAILABLE_PAIRED,STAGE_AGGREGATE_ONLY,production_kg,767,46.79999999999979,46.79999999999979,0.0,0.0,0.0,NO
EARLY_A1,S3->A1,1,1,NOT_AVAILABLE_PAIRED,STAGE_AGGREGATE_ONLY,ordinary_demand_kg,767,14.839201083277036,14.839201083277036,0.0,0.0,0.0,NO
EARLY_A1,S3->A1,1,1,NOT_AVAILABLE_PAIRED,STAGE_AGGREGATE_ONLY,served_demand_kg,767,14.839201083277036,14.839201083277036,0.0,0.0,0.0,NO
EARLY_A1,S3->A1,1,1,NOT_AVAILABLE_PAIRED,STAGE_AGGREGATE_ONLY,shortage_kg,767,0.0,0.0,0.0,0.0,0.0,NO
EARLY_A1,S3->A1,1,1,NOT_AVAILABLE_PAIRED,STAGE_AGGREGATE_ONLY,htt_in_kg,767,0.0,0.0,0.0,0.0,0.0,NO
EARLY_A1,S3->A1,1,1,NOT_AVAILABLE_PAIRED,STAGE_AGGREGATE_ONLY,htt_out_kg,767,0.0,0.0,0.0,0.0,0.0,NO
EARLY_A1,S3->A1,1,1,NOT_AVAILABLE_PAIRED,STAGE_AGGREGATE_ONLY,ending_inventory_kg,767,90.00535596159182,90.00535596159182,0.0,0.0,0.0,NO
EARLY_A1,S3->A1,1,1,NOT_AVAILABLE_PAIRED,STAGE_AGGREGATE_ONLY,beginning_inventory_kg,767,58.04455704486976,58.04455704486976,0.0,0.0,0.0,NO
EARLY_A1,S3->A1,1,2,NOT_AVAILABLE_PAIRED,STAGE_AGGREGATE_ONLY,production_kg,767,31.200000000000433,23.399999999999896,-7.800000000000108,-7.800000000000116,-7.8000000000001,NO
EARLY_A1,S3->A1,1,2,NOT_AVAILABLE_PAIRED,STAGE_AGGREGATE_ONLY,ordinary_demand_kg,767,12.645962732919257,12.645962732919257,0.0,0.0,0.0,NO
EARLY_A1,S3->A1,1,2,NOT_AVAILABLE_PAIRED,STAGE_AGGREGATE_ONLY,served_demand_kg,767,12.645962732919257,12.645962732919257,0.0,0.0,0.0,NO
EARLY_A1,S3->A1,1,2,NOT_AVAILABLE_PAIRED,STAGE_AGGREGATE_ONLY,shortage_kg,767,0.0,0.0,0.0,0.0,0.0,NO
EARLY_A1,S3->A1,1,2,NOT_AVAILABLE_PAIRED,STAGE_AGGREGATE_ONLY,htt_in_kg,767,0.0,0.0,0.0,0.0,0.0,NO
EARLY_A1,S3->A1,1,2,NOT_AVAILABLE_PAIRED,STAGE_AGGREGATE_ONLY,htt_out_kg,767,0.0,0.0,0.0,0.0,0.0,NO
EARLY_A1,S3->A1,1,2,NOT_AVAILABLE_PAIRED,STAGE_AGGREGATE_ONLY,ending_inventory_kg,767,68.8621752057061,61.06217520570511,-7.800000000000108,-7.800000000000116,-7.8000000000001,NO
EARLY_A1,S3->A1,1,2,NOT_AVAILABLE_PAIRED,STAGE_AGGREGATE_ONLY,beginning_inventory_kg,767,50.30813793862472,50.30813793862472,0.0,0.0,0.0,NO
EARLY_A1,S3->A1,1,3,NOT_AVAILABLE_PAIRED,STAGE_AGGREGATE_ONLY,production_kg,767,18.719999999999768,16.379999999999782,-2.339999999999971,-2.339999999999973,-2.3399999999999688,NO
EARLY_A1,S3->A1,1,3,NOT_AVAILABLE_PAIRED,STAGE_AGGREGATE_ONLY,ordinary_demand_kg,767,3.964491941739198,3.964491941739198,0.0,0.0,0.0,NO
EARLY_A1,S3->A1,1,3,NOT_AVAILABLE_PAIRED,STAGE_AGGREGATE_ONLY,served_demand_kg,767,3.964491941739198,3.964491941739198,0.0,0.0,0.0,NO
EARLY_A1,S3->A1,1,3,NOT_AVAILABLE_PAIRED,STAGE_AGGREGATE_ONLY,shortage_kg,767,0.0,0.0,0.0,0.0,0.0,NO
EARLY_A1,S3->A1,1,3,NOT_AVAILABLE_PAIRED,STAGE_AGGREGATE_ONLY,htt_in_kg,767,0.0,0.0,0.0,0.0,0.0,NO
EARLY_A1,S3->A1,1,3,NOT_AVAILABLE_PAIRED,STAGE_AGGREGATE_ONLY,htt_out_kg,767,0.0,0.0,0.0,0.0,0.0,NO
EARLY_A1,S3->A1,1,3,NOT_AVAILABLE_PAIRED,STAGE_AGGREGATE_ONLY,ending_inventory_kg,767,40.0176415005699,37.6776415005698,-2.339999999999979,-2.3399999999999808,-2.339999999999977,NO
EARLY_A1,S3->A1,1,3,NOT_AVAILABLE_PAIRED,STAGE_AGGREGATE_ONLY,beginning_inventory_kg,767,25.26213344230928,25.26213344230928,0.0,0.0,0.0,NO
EARLY_A1,S3->A1,1,4,NOT_AVAILABLE_PAIRED,STAGE_AGGREGATE_ONLY,production_kg,767,23.399999999999896,23.399999999999896,0.0,0.0,0.0,NO
EARLY_A1,S3->A1,1,4,NOT_AVAILABLE_PAIRED,STAGE_AGGREGATE_ONLY,ordinary_demand_kg,767,7.561272379628143,7.561272379628143,0.0,0.0,0.0,NO
EARLY_A1,S3->A1,1,4,NOT_AVAILABLE_PAIRED,STAGE_AGGREGATE_ONLY,served_demand_kg,767,7.561272379628143,7.561272379628143,0.0,0.0,0.0,NO
EARLY_A1,S3->A1,1,4,NOT_AVAILABLE_PAIRED,STAGE_AGGREGATE_ONLY,shortage_kg,767,0.0,0.0,0.0,0.0,0.0,NO
EARLY_A1,S3->A1,1,4,NOT_AVAILABLE_PAIRED,STAGE_AGGREGATE_ONLY,htt_in_kg,767,0.0,0.0,0.0,0.0,0.0,NO
EARLY_A1,S3->A1,1,4,NOT_AVAILABLE_PAIRED,STAGE_AGGREGATE_ONLY,htt_out_kg,767,0.0,0.0,0.0,0.0,0.0,NO
EARLY_A1,S3->A1,1,4,NOT_AVAILABLE_PAIRED,STAGE_AGGREGATE_ONLY,ending_inventory_kg,767,48.862308466614806,48.862308466614806,0.0,0.0,0.0,NO
EARLY_A1,S3->A1,1,4,NOT_AVAILABLE_PAIRED,STAGE_AGGREGATE_ONLY,beginning_inventory_kg,767,33.02358084624239,33.02358084624239,0.0,0.0,0.0,NO
EARLY_A1,S3->A1,2,1,NOT_AVAILABLE_PAIRED,STAGE_AGGREGATE_ONLY,production_kg,767,46.571186440677735,0.526271186440678,-46.044915254237026,-46.41013384832142,-45.67969666015263,NO
EARLY_A1,S3->A1,2,1,NOT_AVAILABLE_PAIRED,STAGE_AGGREGATE_ONLY,ordinary_demand_kg,767,22.47291807718319,22.47291807718319,0.0,0.0,0.0,NO
EARLY_A1,S3->A1,2,1,NOT_AVAILABLE_PAIRED,STAGE_AGGREGATE_ONLY,served_demand_kg,767,22.322743579104827,22.47291807718319,0.15017449807836641,0.025791139098893592,0.27455785705783925,NO
EARLY_A1,S3->A1,2,1,NOT_AVAILABLE_PAIRED,STAGE_AGGREGATE_ONLY,shortage_kg,767,0.15017449807836628,0.0,-0.15017449807836628,-0.274557857057839,-0.025791139098893537,NO
EARLY_A1,S3->A1,2,1,NOT_AVAILABLE_PAIRED,STAGE_AGGREGATE_ONLY,htt_in_kg,767,0.5676470735345549,0.12339744314453481,-0.44424963039001997,-0.7403792948620221,-0.1481199659180178,NO
EARLY_A1,S3->A1,2,1,NOT_AVAILABLE_PAIRED,STAGE_AGGREGATE_ONLY,htt_out_kg,767,0.0,0.0,0.0,0.0,0.0,NO
EARLY_A1,S3->A1,2,1,NOT_AVAILABLE_PAIRED,STAGE_AGGREGATE_ONLY,ending_inventory_kg,767,114.82144589670128,68.18210651399411,-46.639339382705444,-47.09752044026067,-46.181158325150214,NO
EARLY_A1,S3->A1,2,1,NOT_AVAILABLE_PAIRED,STAGE_AGGREGATE_ONLY,beginning_inventory_kg,767,90.00535596159182,90.00535596159182,0.0,0.0,0.0,NO
EARLY_A1,S3->A1,2,2,NOT_AVAILABLE_PAIRED,STAGE_AGGREGATE_ONLY,production_kg,767,21.9391607497143,0.30809251888035083,-21.63106823083393,-22.179921172734677,-21.08221528893318,NO
EARLY_A1,S3->A1,2,2,NOT_AVAILABLE_PAIRED,STAGE_AGGREGATE_ONLY,ordinary_demand_kg,767,14.65838509316758,14.65838509316758,0.0,0.0,0.0,NO
EARLY_A1,S3->A1,2,2,NOT_AVAILABLE_PAIRED,STAGE_AGGREGATE_ONLY,served_demand_kg,767,14.5804009694089,14.65838509316758,0.07798412375867987,0.0070063031756916055,0.14896194434166815,NO
EARLY_A1,S3->A1,2,2,NOT_AVAILABLE_PAIRED,STAGE_AGGREGATE_ONLY,shortage_kg,767,0.07798412375867983,0.0,-0.07798412375867983,-0.1489619443416681,-0.007006303175691564,NO
EARLY_A1,S3->A1,2,2,NOT_AVAILABLE_PAIRED,STAGE_AGGREGATE_ONLY,htt_in_kg,767,0.18910358111899245,0.0,-0.18910358111899245,-0.2719763194456917,-0.10623084279229317,NO
EARLY_A1,S3->A1,2,2,NOT_AVAILABLE_PAIRED,STAGE_AGGREGATE_ONLY,htt_out_kg,767,0.0,0.07819140850761841,0.07819140850761841,-0.023667414506729004,0.1800502315219658,NO
EARLY_A1,S3->A1,2,2,NOT_AVAILABLE_PAIRED,STAGE_AGGREGATE_ONLY,ending_inventory_kg,767,76.4100385671302,46.63369122291061,-29.776347344219193,-30.33028935481408,-29.222405333624305,NO
EARLY_A1,S3->A1,2,2,NOT_AVAILABLE_PAIRED,STAGE_AGGREGATE_ONLY,beginning_inventory_kg,767,68.8621752057061,61.06217520570511,-7.800000000000108,-7.800000000000116,-7.8000000000001,NO
EARLY_A1,S3->A1,2,3,NOT_AVAILABLE_PAIRED,STAGE_AGGREGATE_ONLY,production_kg,767,10.58690444791363,0.16946930000947144,-10.41743514790416,-10.835902919207221,-9.998967376601097,NO
EARLY_A1,S3->A1,2,3,NOT_AVAILABLE_PAIRED,STAGE_AGGREGATE_ONLY,ordinary_demand_kg,767,9.074722054640967,9.074722054640967,0.0,0.0,0.0,NO
EARLY_A1,S3->A1,2,3,NOT_AVAILABLE_PAIRED,STAGE_AGGREGATE_ONLY,served_demand_kg,767,8.991901905511257,9.074722054640967,0.08282014912970963,0.021611295225473733,0.14402900303394553,NO
EARLY_A1,S3->A1,2,3,NOT_AVAILABLE_PAIRED,STAGE_AGGREGATE_ONLY,shortage_kg,767,0.08282014912970963,0.0,-0.08282014912970963,-0.14402900303394553,-0.021611295225473733,NO
EARLY_A1,S3->A1,2,3,NOT_AVAILABLE_PAIRED,STAGE_AGGREGATE_ONLY,htt_in_kg,767,0.0,0.0,0.0,0.0,0.0,NO
EARLY_A1,S3->A1,2,3,NOT_AVAILABLE_PAIRED,STAGE_AGGREGATE_ONLY,htt_out_kg,767,0.7567506546535484,0.3522339347848274,-0.40451671986872084,-0.8343382629270235,0.02530482318958177,NO
EARLY_A1,S3->A1,2,3,NOT_AVAILABLE_PAIRED,STAGE_AGGREGATE_ONLY,ending_inventory_kg,767,40.855893388319316,28.420154811154088,-12.435738577165163,-13.057344799864822,-11.814132354465503,NO
EARLY_A1,S3->A1,2,3,NOT_AVAILABLE_PAIRED,STAGE_AGGREGATE_ONLY,beginning_inventory_kg,767,40.0176415005699,37.6776415005698,-2.339999999999979,-2.3399999999999808,-2.339999999999977,NO
EARLY_A1,S3->A1,2,4,NOT_AVAILABLE_PAIRED,STAGE_AGGREGATE_ONLY,production_kg,767,23.094915254237154,1.5254237288135495,-21.5694915254237,-21.788869631492258,-21.350113419355143,NO
EARLY_A1,S3->A1,2,4,NOT_AVAILABLE_PAIRED,STAGE_AGGREGATE_ONLY,ordinary_demand_kg,767,13.28698070571885,13.28698070571885,0.0,0.0,0.0,NO
EARLY_A1,S3->A1,2,4,NOT_AVAILABLE_PAIRED,STAGE_AGGREGATE_ONLY,served_demand_kg,767,13.235010768147587,13.28698070571885,0.05196993757125997,-0.006854625550324379,0.11079450069284433,NO
EARLY_A1,S3->A1,2,4,NOT_AVAILABLE_PAIRED,STAGE_AGGREGATE_ONLY,shortage_kg,767,0.05196993757125997,0.0,-0.05196993757125997,-0.11079450069284433,0.006854625550324379,NO
EARLY_A1,S3->A1,2,4,NOT_AVAILABLE_PAIRED,STAGE_AGGREGATE_ONLY,htt_in_kg,767,0.0,0.3070279001479109,0.3070279001479109,0.05563084738637186,0.55842495290945,NO
EARLY_A1,S3->A1,2,4,NOT_AVAILABLE_PAIRED,STAGE_AGGREGATE_ONLY,htt_out_kg,767,0.0,0.0,0.0,0.0,0.0,NO
EARLY_A1,S3->A1,2,4,NOT_AVAILABLE_PAIRED,STAGE_AGGREGATE_ONLY,ending_inventory_kg,767,58.722212952704496,37.407779389857545,-21.314433562847036,-21.709662744518408,-20.919204381175664,NO
EARLY_A1,S3->A1,2,4,NOT_AVAILABLE_PAIRED,STAGE_AGGREGATE_ONLY,beginning_inventory_kg,767,48.862308466614806,48.862308466614806,0.0,0.0,0.0,NO
EARLY_A1,S3->A1,3,1,NOT_AVAILABLE_PAIRED,STAGE_AGGREGATE_ONLY,production_kg,767,26.660873760200566,7.513740297941461,-19.1471334622591,-19.84352734880351,-18.45073957571469,NO
EARLY_A1,S3->A1,3,1,NOT_AVAILABLE_PAIRED,STAGE_AGGREGATE_ONLY,ordinary_demand_kg,767,17.687880839539513,17.687880839539513,0.0,0.0,0.0,NO
EARLY_A1,S3->A1,3,1,NOT_AVAILABLE_PAIRED,STAGE_AGGREGATE_ONLY,served_demand_kg,767,17.687880839539513,17.687880839539513,0.0,0.0,0.0,NO
EARLY_A1,S3->A1,3,1,NOT_AVAILABLE_PAIRED,STAGE_AGGREGATE_ONLY,shortage_kg,767,0.0,0.0,0.0,0.0,0.0,NO
EARLY_A1,S3->A1,3,1,NOT_AVAILABLE_PAIRED,STAGE_AGGREGATE_ONLY,htt_in_kg,767,0.4049701321261766,0.0,-0.4049701321261766,-0.5699807269186343,-0.2399595373337189,NO
EARLY_A1,S3->A1,3,1,NOT_AVAILABLE_PAIRED,STAGE_AGGREGATE_ONLY,htt_out_kg,767,0.0,0.0,0.0,0.0,0.0,NO
EARLY_A1,S3->A1,3,1,NOT_AVAILABLE_PAIRED,STAGE_AGGREGATE_ONLY,ending_inventory_kg,767,124.19940894948664,58.00796597239595,-66.19144297709074,-67.06425432570413,-65.31863162847736,NO
EARLY_A1,S3->A1,3,1,NOT_AVAILABLE_PAIRED,STAGE_AGGREGATE_ONLY,beginning_inventory_kg,767,114.82144589670128,68.18210651399411,-46.639339382705444,-47.09752044026067,-46.181158325150214,NO
EARLY_A1,S3->A1,3,2,NOT_AVAILABLE_PAIRED,STAGE_AGGREGATE_ONLY,production_kg,767,6.221917795383755,2.3491525423728996,-3.8727652530109014,-4.03610803549183,-3.709422470529972,NO
EARLY_A1,S3->A1,3,2,NOT_AVAILABLE_PAIRED,STAGE_AGGREGATE_ONLY,ordinary_demand_kg,767,8.695652173913007,8.695652173913007,0.0,0.0,0.0,NO
EARLY_A1,S3->A1,3,2,NOT_AVAILABLE_PAIRED,STAGE_AGGREGATE_ONLY,served_demand_kg,767,8.695652173913007,8.695652173913007,0.0,0.0,0.0,NO
EARLY_A1,S3->A1,3,2,NOT_AVAILABLE_PAIRED,STAGE_AGGREGATE_ONLY,shortage_kg,767,0.0,0.0,0.0,0.0,0.0,NO
EARLY_A1,S3->A1,3,2,NOT_AVAILABLE_PAIRED,STAGE_AGGREGATE_ONLY,htt_in_kg,767,2.668663086293363,0.0,-2.668663086293363,-3.235876572093349,-2.1014496004933774,NO
EARLY_A1,S3->A1,3,2,NOT_AVAILABLE_PAIRED,STAGE_AGGREGATE_ONLY,htt_out_kg,767,0.4786541766642281,4.5778955248428534,4.099241348178626,3.3646300457233234,4.833852650633927,NO
EARLY_A1,S3->A1,3,2,NOT_AVAILABLE_PAIRED,STAGE_AGGREGATE_ONLY,ending_inventory_kg,767,76.12631309822936,35.70929606652733,-40.41701703170203,-41.84416912518124,-38.98986493822282,NO
EARLY_A1,S3->A1,3,2,NOT_AVAILABLE_PAIRED,STAGE_AGGREGATE_ONLY,beginning_inventory_kg,767,76.4100385671302,46.63369122291061,-29.776347344219193,-30.33028935481408,-29.222405333624305,NO
EARLY_A1,S3->A1,3,3,NOT_AVAILABLE_PAIRED,STAGE_AGGREGATE_ONLY,production_kg,767,3.3705200045304355,2.0693975674172966,-1.3011224371131243,-1.4352938548016787,-1.1669510194245698,NO
EARLY_A1,S3->A1,3,3,NOT_AVAILABLE_PAIRED,STAGE_AGGREGATE_ONLY,ordinary_demand_kg,767,9.96078600361963,9.96078600361963,0.0,0.0,0.0,NO
EARLY_A1,S3->A1,3,3,NOT_AVAILABLE_PAIRED,STAGE_AGGREGATE_ONLY,served_demand_kg,767,9.96078600361963,9.96078600361963,0.0,0.0,0.0,NO
EARLY_A1,S3->A1,3,3,NOT_AVAILABLE_PAIRED,STAGE_AGGREGATE_ONLY,shortage_kg,767,0.0,0.0,0.0,0.0,0.0,NO
EARLY_A1,S3->A1,3,3,NOT_AVAILABLE_PAIRED,STAGE_AGGREGATE_ONLY,htt_in_kg,767,0.05478175129141261,4.245552588727494,4.190770837436081,3.490542575416529,4.890999099455633,NO
EARLY_A1,S3->A1,3,3,NOT_AVAILABLE_PAIRED,STAGE_AGGREGATE_ONLY,htt_out_kg,767,3.2393858366769974,0.0,-3.2393858366769974,-3.8455309960232,-2.633240677330795,NO
EARLY_A1,S3->A1,3,3,NOT_AVAILABLE_PAIRED,STAGE_AGGREGATE_ONLY,ending_inventory_kg,767,31.081023303843978,24.77431896367864,-6.306704340165196,-7.704646894603842,-4.908761785726551,NO
EARLY_A1,S3->A1,3,3,NOT_AVAILABLE_PAIRED,STAGE_AGGREGATE_ONLY,beginning_inventory_kg,767,40.855893388319316,28.420154811154088,-12.435738577165163,-13.057344799864822,-11.814132354465503,NO
EARLY_A1,S3->A1,3,4,NOT_AVAILABLE_PAIRED,STAGE_AGGREGATE_ONLY,production_kg,767,11.86133897299014,4.44661016949152,-7.414728803498632,-7.621537010374055,-7.207920596623209,NO
EARLY_A1,S3->A1,3,4,NOT_AVAILABLE_PAIRED,STAGE_AGGREGATE_ONLY,ordinary_demand_kg,767,9.151746914653119,9.151746914653119,0.0,0.0,0.0,NO
EARLY_A1,S3->A1,3,4,NOT_AVAILABLE_PAIRED,STAGE_AGGREGATE_ONLY,served_demand_kg,767,9.151746914653119,9.151746914653119,0.0,0.0,0.0,NO
EARLY_A1,S3->A1,3,4,NOT_AVAILABLE_PAIRED,STAGE_AGGREGATE_ONLY,shortage_kg,767,0.0,0.0,0.0,0.0,0.0,NO
EARLY_A1,S3->A1,3,4,NOT_AVAILABLE_PAIRED,STAGE_AGGREGATE_ONLY,htt_in_kg,767,0.5896250436302736,0.34598691377636664,-0.24363812985390707,-0.5824112775372582,0.09513501782944403,NO
EARLY_A1,S3->A1,3,4,NOT_AVAILABLE_PAIRED,STAGE_AGGREGATE_ONLY,htt_out_kg,767,0.0,0.013643977661004706,0.013643977661004706,-0.006366573570091091,0.0336545288921005,NO
EARLY_A1,S3->A1,3,4,NOT_AVAILABLE_PAIRED,STAGE_AGGREGATE_ONLY,ending_inventory_kg,767,62.02143005467141,33.03498558081102,-28.986444473860598,-29.52806007519673,-28.444828872524464,NO
EARLY_A1,S3->A1,3,4,NOT_AVAILABLE_PAIRED,STAGE_AGGREGATE_ONLY,beginning_inventory_kg,767,58.722212952704496,37.407779389857545,-21.314433562847036,-21.709662744518408,-20.919204381175664,NO
EARLY_A1,S4->A1,1,1,NOT_AVAILABLE_PAIRED,STAGE_AGGREGATE_ONLY,production_kg,485,46.799999999999585,46.799999999999585,0.0,0.0,0.0,NO
EARLY_A1,S4->A1,1,1,NOT_AVAILABLE_PAIRED,STAGE_AGGREGATE_ONLY,ordinary_demand_kg,485,14.839201083276802,14.839201083276802,0.0,0.0,0.0,NO
EARLY_A1,S4->A1,1,1,NOT_AVAILABLE_PAIRED,STAGE_AGGREGATE_ONLY,served_demand_kg,485,14.839201083276802,14.839201083276802,0.0,0.0,0.0,NO
EARLY_A1,S4->A1,1,1,NOT_AVAILABLE_PAIRED,STAGE_AGGREGATE_ONLY,shortage_kg,485,0.0,0.0,0.0,0.0,0.0,NO
EARLY_A1,S4->A1,1,1,NOT_AVAILABLE_PAIRED,STAGE_AGGREGATE_ONLY,htt_in_kg,485,0.0,0.0,0.0,0.0,0.0,NO
EARLY_A1,S4->A1,1,1,NOT_AVAILABLE_PAIRED,STAGE_AGGREGATE_ONLY,htt_out_kg,485,0.0,0.0,0.0,0.0,0.0,NO
EARLY_A1,S4->A1,1,1,NOT_AVAILABLE_PAIRED,STAGE_AGGREGATE_ONLY,ending_inventory_kg,485,90.00535596159189,90.00535596159189,0.0,0.0,0.0,NO
EARLY_A1,S4->A1,1,1,NOT_AVAILABLE_PAIRED,STAGE_AGGREGATE_ONLY,beginning_inventory_kg,485,58.044557044869116,58.044557044869116,0.0,0.0,0.0,NO
EARLY_A1,S4->A1,1,2,NOT_AVAILABLE_PAIRED,STAGE_AGGREGATE_ONLY,production_kg,485,31.200000000000266,23.399999999999793,-7.800000000000066,-7.800000000000073,-7.80000000000006,NO
EARLY_A1,S4->A1,1,2,NOT_AVAILABLE_PAIRED,STAGE_AGGREGATE_ONLY,ordinary_demand_kg,485,12.645962732919314,12.645962732919314,0.0,0.0,0.0,NO
EARLY_A1,S4->A1,1,2,NOT_AVAILABLE_PAIRED,STAGE_AGGREGATE_ONLY,served_demand_kg,485,12.645962732919314,12.645962732919314,0.0,0.0,0.0,NO
EARLY_A1,S4->A1,1,2,NOT_AVAILABLE_PAIRED,STAGE_AGGREGATE_ONLY,shortage_kg,485,0.0,0.0,0.0,0.0,0.0,NO
EARLY_A1,S4->A1,1,2,NOT_AVAILABLE_PAIRED,STAGE_AGGREGATE_ONLY,htt_in_kg,485,0.0,0.0,0.0,0.0,0.0,NO
EARLY_A1,S4->A1,1,2,NOT_AVAILABLE_PAIRED,STAGE_AGGREGATE_ONLY,htt_out_kg,485,0.0,0.0,0.0,0.0,0.0,NO
EARLY_A1,S4->A1,1,2,NOT_AVAILABLE_PAIRED,STAGE_AGGREGATE_ONLY,ending_inventory_kg,485,68.86217520570504,61.06217520570518,-7.800000000000066,-7.800000000000073,-7.80000000000006,NO
EARLY_A1,S4->A1,1,2,NOT_AVAILABLE_PAIRED,STAGE_AGGREGATE_ONLY,beginning_inventory_kg,485,50.308137938624284,50.308137938624284,0.0,0.0,0.0,NO
EARLY_A1,S4->A1,1,3,NOT_AVAILABLE_PAIRED,STAGE_AGGREGATE_ONLY,production_kg,485,18.720000000000013,16.380000000000095,-2.3400000000000016,-2.3400000000000016,-2.3400000000000016,NO
EARLY_A1,S4->A1,1,3,NOT_AVAILABLE_PAIRED,STAGE_AGGREGATE_ONLY,ordinary_demand_kg,485,3.9644919417391984,3.9644919417391984,0.0,0.0,0.0,NO
EARLY_A1,S4->A1,1,3,NOT_AVAILABLE_PAIRED,STAGE_AGGREGATE_ONLY,served_demand_kg,485,3.9644919417391984,3.9644919417391984,0.0,0.0,0.0,NO
EARLY_A1,S4->A1,1,3,NOT_AVAILABLE_PAIRED,STAGE_AGGREGATE_ONLY,shortage_kg,485,0.0,0.0,0.0,0.0,0.0,NO
EARLY_A1,S4->A1,1,3,NOT_AVAILABLE_PAIRED,STAGE_AGGREGATE_ONLY,htt_in_kg,485,0.0,0.0,0.0,0.0,0.0,NO
EARLY_A1,S4->A1,1,3,NOT_AVAILABLE_PAIRED,STAGE_AGGREGATE_ONLY,htt_out_kg,485,0.0,0.0,0.0,0.0,0.0,NO
EARLY_A1,S4->A1,1,3,NOT_AVAILABLE_PAIRED,STAGE_AGGREGATE_ONLY,ending_inventory_kg,485,40.01764150056991,37.677641500569834,-2.340000000000014,-2.340000000000015,-2.340000000000013,NO
EARLY_A1,S4->A1,1,3,NOT_AVAILABLE_PAIRED,STAGE_AGGREGATE_ONLY,beginning_inventory_kg,485,25.26213344230928,25.26213344230928,0.0,0.0,0.0,NO
EARLY_A1,S4->A1,1,4,NOT_AVAILABLE_PAIRED,STAGE_AGGREGATE_ONLY,production_kg,485,23.399999999999793,23.399999999999793,0.0,0.0,0.0,NO
EARLY_A1,S4->A1,1,4,NOT_AVAILABLE_PAIRED,STAGE_AGGREGATE_ONLY,ordinary_demand_kg,485,7.561272379628009,7.561272379628009,0.0,0.0,0.0,NO
EARLY_A1,S4->A1,1,4,NOT_AVAILABLE_PAIRED,STAGE_AGGREGATE_ONLY,served_demand_kg,485,7.561272379628009,7.561272379628009,0.0,0.0,0.0,NO
EARLY_A1,S4->A1,1,4,NOT_AVAILABLE_PAIRED,STAGE_AGGREGATE_ONLY,shortage_kg,485,0.0,0.0,0.0,0.0,0.0,NO
EARLY_A1,S4->A1,1,4,NOT_AVAILABLE_PAIRED,STAGE_AGGREGATE_ONLY,htt_in_kg,485,0.0,0.0,0.0,0.0,0.0,NO
EARLY_A1,S4->A1,1,4,NOT_AVAILABLE_PAIRED,STAGE_AGGREGATE_ONLY,htt_out_kg,485,0.0,0.0,0.0,0.0,0.0,NO
EARLY_A1,S4->A1,1,4,NOT_AVAILABLE_PAIRED,STAGE_AGGREGATE_ONLY,ending_inventory_kg,485,48.86230846661444,48.86230846661444,0.0,0.0,0.0,NO
EARLY_A1,S4->A1,1,4,NOT_AVAILABLE_PAIRED,STAGE_AGGREGATE_ONLY,beginning_inventory_kg,485,33.023580846242545,33.023580846242545,0.0,0.0,0.0,NO
EARLY_A1,S4->A1,2,1,NOT_AVAILABLE_PAIRED,STAGE_AGGREGATE_ONLY,production_kg,485,46.69144329896866,1.314742268041237,-45.37670103092745,-46.062373341082356,-44.69102872077254,NO
EARLY_A1,S4->A1,2,1,NOT_AVAILABLE_PAIRED,STAGE_AGGREGATE_ONLY,ordinary_demand_kg,485,22.472918077183394,22.472918077183394,0.0,0.0,0.0,NO
EARLY_A1,S4->A1,2,1,NOT_AVAILABLE_PAIRED,STAGE_AGGREGATE_ONLY,served_demand_kg,485,22.05008196927652,22.472918077183394,0.42283610790688875,0.15660875518116046,0.689063460632617,NO
EARLY_A1,S4->A1,2,1,NOT_AVAILABLE_PAIRED,STAGE_AGGREGATE_ONLY,shortage_kg,485,0.42283610790688847,0.0,-0.42283610790688847,-0.6890634606326167,-0.1566087551811603,NO
EARLY_A1,S4->A1,2,1,NOT_AVAILABLE_PAIRED,STAGE_AGGREGATE_ONLY,htt_in_kg,485,0.4603647436436669,0.3709931500695184,-0.08937159357414864,-0.5455890194342923,0.366845832285995,NO
EARLY_A1,S4->A1,2,1,NOT_AVAILABLE_PAIRED,STAGE_AGGREGATE_ONLY,htt_out_kg,485,0.0,0.0,0.0,0.0,0.0,NO
EARLY_A1,S4->A1,2,1,NOT_AVAILABLE_PAIRED,STAGE_AGGREGATE_ONLY,ending_inventory_kg,485,115.10708203492939,69.21817330251965,-45.88890873240847,-46.672275346131975,-45.10554211868496,NO
EARLY_A1,S4->A1,2,1,NOT_AVAILABLE_PAIRED,STAGE_AGGREGATE_ONLY,beginning_inventory_kg,485,90.00535596159189,90.00535596159189,0.0,0.0,0.0,NO
EARLY_A1,S4->A1,2,2,NOT_AVAILABLE_PAIRED,STAGE_AGGREGATE_ONLY,production_kg,485,22.68319633625851,0.7767153855283073,-21.906480950730185,-22.56245196280572,-21.25050993865465,NO
EARLY_A1,S4->A1,2,2,NOT_AVAILABLE_PAIRED,STAGE_AGGREGATE_ONLY,ordinary_demand_kg,485,14.65838509316765,14.65838509316765,0.0,0.0,0.0,NO
EARLY_A1,S4->A1,2,2,NOT_AVAILABLE_PAIRED,STAGE_AGGREGATE_ONLY,served_demand_kg,485,14.399233815480713,14.65838509316765,0.2591512776869417,0.09431395334825643,0.42398860202562694,NO
EARLY_A1,S4->A1,2,2,NOT_AVAILABLE_PAIRED,STAGE_AGGREGATE_ONLY,shortage_kg,485,0.25915127768694163,0.0,-0.25915127768694163,-0.4239886020256269,-0.09431395334825637,NO
EARLY_A1,S4->A1,2,2,NOT_AVAILABLE_PAIRED,STAGE_AGGREGATE_ONLY,htt_in_kg,485,0.17809831040344887,0.0,-0.17809831040344887,-0.2865369289991747,-0.06965969180772301,NO
EARLY_A1,S4->A1,2,2,NOT_AVAILABLE_PAIRED,STAGE_AGGREGATE_ONLY,htt_out_kg,485,0.0,0.3037422256524809,0.3037422256524809,-0.001730401053797237,0.609214852358759,NO
EARLY_A1,S4->A1,2,2,NOT_AVAILABLE_PAIRED,STAGE_AGGREGATE_ONLY,ending_inventory_kg,485,77.32423603688687,46.876763272413434,-30.447472764473126,-31.10334391141105,-29.791601617535203,NO
EARLY_A1,S4->A1,2,2,NOT_AVAILABLE_PAIRED,STAGE_AGGREGATE_ONLY,beginning_inventory_kg,485,68.86217520570504,61.06217520570518,-7.800000000000066,-7.800000000000073,-7.80000000000006,NO
EARLY_A1,S4->A1,2,3,NOT_AVAILABLE_PAIRED,STAGE_AGGREGATE_ONLY,production_kg,485,11.314808935553561,0.39915574115614705,-10.91565319439742,-11.39991334860723,-10.43139304018761,NO
EARLY_A1,S4->A1,2,3,NOT_AVAILABLE_PAIRED,STAGE_AGGREGATE_ONLY,ordinary_demand_kg,485,9.074722054640995,9.074722054640995,0.0,0.0,0.0,NO
EARLY_A1,S4->A1,2,3,NOT_AVAILABLE_PAIRED,STAGE_AGGREGATE_ONLY,served_demand_kg,485,8.850192849165344,9.074722054640995,0.22452920547565464,0.09862925103459397,0.3504291599167153,NO
EARLY_A1,S4->A1,2,3,NOT_AVAILABLE_PAIRED,STAGE_AGGREGATE_ONLY,shortage_kg,485,0.22452920547565464,0.0,-0.22452920547565464,-0.3504291599167153,-0.09862925103459397,NO
EARLY_A1,S4->A1,2,3,NOT_AVAILABLE_PAIRED,STAGE_AGGREGATE_ONLY,htt_in_kg,485,0.0,0.0,0.0,0.0,0.0,NO
EARLY_A1,S4->A1,2,3,NOT_AVAILABLE_PAIRED,STAGE_AGGREGATE_ONLY,htt_out_kg,485,0.6384630540471166,0.7328850863336511,0.09442203228653467,-0.5415586257511189,0.7304026903241883,NO
EARLY_A1,S4->A1,2,3,NOT_AVAILABLE_PAIRED,STAGE_AGGREGATE_ONLY,ending_inventory_kg,485,41.84379453291136,28.269190100751786,-13.574604432159628,-14.386954096275337,-12.762254768043919,NO
EARLY_A1,S4->A1,2,3,NOT_AVAILABLE_PAIRED,STAGE_AGGREGATE_ONLY,beginning_inventory_kg,485,40.01764150056991,37.677641500569834,-2.340000000000014,-2.340000000000015,-2.340000000000013,NO
EARLY_A1,S4->A1,2,4,NOT_AVAILABLE_PAIRED,STAGE_AGGREGATE_ONLY,production_kg,485,23.273350515463708,1.8876804123711275,-21.38567010309276,-21.74114011110871,-21.03020009507681,NO
EARLY_A1,S4->A1,2,4,NOT_AVAILABLE_PAIRED,STAGE_AGGREGATE_ONLY,ordinary_demand_kg,485,13.286980705718694,13.286980705718694,0.0,0.0,0.0,NO
EARLY_A1,S4->A1,2,4,NOT_AVAILABLE_PAIRED,STAGE_AGGREGATE_ONLY,served_demand_kg,485,13.150001523185512,13.286980705718694,0.13697918253318353,0.017111261613553058,0.25684710345281403,NO
EARLY_A1,S4->A1,2,4,NOT_AVAILABLE_PAIRED,STAGE_AGGREGATE_ONLY,shortage_kg,485,0.13697918253318353,0.0,-0.13697918253318353,-0.25684710345281403,-0.017111261613553058,NO
EARLY_A1,S4->A1,2,4,NOT_AVAILABLE_PAIRED,STAGE_AGGREGATE_ONLY,htt_in_kg,485,0.0,0.6656341619166136,0.6656341619166136,0.19225719900558763,1.1390111248276396,NO
EARLY_A1,S4->A1,2,4,NOT_AVAILABLE_PAIRED,STAGE_AGGREGATE_ONLY,htt_out_kg,485,0.0,0.0,0.0,0.0,0.0,NO
EARLY_A1,S4->A1,2,4,NOT_AVAILABLE_PAIRED,STAGE_AGGREGATE_ONLY,ending_inventory_kg,485,58.98565745889245,38.128642335183756,-20.857015123709328,-21.564165917775792,-20.149864329642863,NO
EARLY_A1,S4->A1,2,4,NOT_AVAILABLE_PAIRED,STAGE_AGGREGATE_ONLY,beginning_inventory_kg,485,48.86230846661444,48.86230846661444,0.0,0.0,0.0,NO
EARLY_A1,S4->A1,3,1,NOT_AVAILABLE_PAIRED,STAGE_AGGREGATE_ONLY,production_kg,485,28.57901154718272,8.943230551577093,-19.635780995605636,-20.505973743613815,-18.765588247597456,NO
EARLY_A1,S4->A1,3,1,NOT_AVAILABLE_PAIRED,STAGE_AGGREGATE_ONLY,ordinary_demand_kg,485,17.687880839539517,17.687880839539517,0.0,0.0,0.0,NO
EARLY_A1,S4->A1,3,1,NOT_AVAILABLE_PAIRED,STAGE_AGGREGATE_ONLY,served_demand_kg,485,17.474762433260288,17.614941124737292,0.14017869147700357,0.013662607339432836,0.26669477561457433,NO
EARLY_A1,S4->A1,3,1,NOT_AVAILABLE_PAIRED,STAGE_AGGREGATE_ONLY,shortage_kg,485,0.21311840627922882,0.07293971480222515,-0.14017869147700368,-0.26669477561457444,-0.013662607339432892,NO
EARLY_A1,S4->A1,3,1,NOT_AVAILABLE_PAIRED,STAGE_AGGREGATE_ONLY,htt_in_kg,485,0.781704845113855,0.749456470585529,-0.03224837452832587,-0.9607695582667138,0.8962728092100621,NO
EARLY_A1,S4->A1,3,1,NOT_AVAILABLE_PAIRED,STAGE_AGGREGATE_ONLY,htt_out_kg,485,0.0,0.0,0.0,0.0,0.0,NO
EARLY_A1,S4->A1,3,1,NOT_AVAILABLE_PAIRED,STAGE_AGGREGATE_ONLY,ending_inventory_kg,485,126.99303599396441,61.29591919994508,-65.69711679401948,-67.2433861224997,-64.15084746553926,NO
EARLY_A1,S4->A1,3,1,NOT_AVAILABLE_PAIRED,STAGE_AGGREGATE_ONLY,beginning_inventory_kg,485,115.10708203492939,69.21817330251965,-45.88890873240847,-46.672275346131975,-45.10554211868496,NO
EARLY_A1,S4->A1,3,2,NOT_AVAILABLE_PAIRED,STAGE_AGGREGATE_ONLY,production_kg,485,7.516679013436391,3.3152340725433613,-4.201444940893051,-4.408028935470481,-3.9948609463156206,NO
EARLY_A1,S4->A1,3,2,NOT_AVAILABLE_PAIRED,STAGE_AGGREGATE_ONLY,ordinary_demand_kg,485,8.69565217391301,8.69565217391301,0.0,0.0,0.0,NO
EARLY_A1,S4->A1,3,2,NOT_AVAILABLE_PAIRED,STAGE_AGGREGATE_ONLY,served_demand_kg,485,8.606006275212875,8.69226767158218,0.08626139636930412,0.010687651988841224,0.16183514074976701,NO
EARLY_A1,S4->A1,3,2,NOT_AVAILABLE_PAIRED,STAGE_AGGREGATE_ONLY,shortage_kg,485,0.08964589870013442,0.003384502330830326,-0.08626139636930409,-0.16183514074976696,-0.01068765198884121,NO
EARLY_A1,S4->A1,3,2,NOT_AVAILABLE_PAIRED,STAGE_AGGREGATE_ONLY,htt_in_kg,485,1.8899248744934503,0.0,-1.8899248744934503,-2.4823181691428853,-1.2975315798440152,NO
EARLY_A1,S4->A1,3,2,NOT_AVAILABLE_PAIRED,STAGE_AGGREGATE_ONLY,htt_out_kg,485,0.060567767675081687,4.105425701341358,4.044857933666276,3.1234619491102547,4.966253918222298,NO
EARLY_A1,S4->A1,3,2,NOT_AVAILABLE_PAIRED,STAGE_AGGREGATE_ONLY,ending_inventory_kg,485,78.06426588192862,37.39430397203348,-40.66996190989515,-42.307500428403095,-39.032423391387205,NO
EARLY_A1,S4->A1,3,2,NOT_AVAILABLE_PAIRED,STAGE_AGGREGATE_ONLY,beginning_inventory_kg,485,77.32423603688687,46.876763272413434,-30.447472764473126,-31.10334391141105,-29.791601617535203,NO
EARLY_A1,S4->A1,3,3,NOT_AVAILABLE_PAIRED,STAGE_AGGREGATE_ONLY,production_kg,485,4.067585272773928,2.4183834345148307,-1.649201838259097,-1.818850832276196,-1.4795528442419978,NO
EARLY_A1,S4->A1,3,3,NOT_AVAILABLE_PAIRED,STAGE_AGGREGATE_ONLY,ordinary_demand_kg,485,9.960786003619743,9.960786003619743,0.0,0.0,0.0,NO
EARLY_A1,S4->A1,3,3,NOT_AVAILABLE_PAIRED,STAGE_AGGREGATE_ONLY,served_demand_kg,485,9.837559785018266,9.960786003619743,0.12322621860148146,0.024891237373844563,0.22156119982911837,NO
EARLY_A1,S4->A1,3,3,NOT_AVAILABLE_PAIRED,STAGE_AGGREGATE_ONLY,shortage_kg,485,0.12322621860148146,0.0,-0.12322621860148146,-0.22156119982911837,-0.024891237373844563,NO
EARLY_A1,S4->A1,3,3,NOT_AVAILABLE_PAIRED,STAGE_AGGREGATE_ONLY,htt_in_kg,485,0.09457140718067944,3.592854343813812,3.4982829366331325,2.6733067552184338,4.323259118047831,NO
EARLY_A1,S4->A1,3,3,NOT_AVAILABLE_PAIRED,STAGE_AGGREGATE_ONLY,htt_out_kg,485,2.195544428316649,0.6783646968264871,-1.517179731490162,-2.1988780643608274,-0.8354813986194964,NO
EARLY_A1,S4->A1,3,3,NOT_AVAILABLE_PAIRED,STAGE_AGGREGATE_ONLY,ending_inventory_kg,485,33.97284699953085,23.641277178633807,-10.331569820896897,-11.97467876296787,-8.688460878825925,NO
EARLY_A1,S4->A1,3,3,NOT_AVAILABLE_PAIRED,STAGE_AGGREGATE_ONLY,beginning_inventory_kg,485,41.84379453291136,28.269190100751786,-13.574604432159628,-14.386954096275337,-12.762254768043919,NO
EARLY_A1,S4->A1,3,4,NOT_AVAILABLE_PAIRED,STAGE_AGGREGATE_ONLY,production_kg,485,13.265725286619237,5.259373012088638,-8.006352274530611,-8.250431766368774,-7.76227278269245,NO
EARLY_A1,S4->A1,3,4,NOT_AVAILABLE_PAIRED,STAGE_AGGREGATE_ONLY,ordinary_demand_kg,485,9.151746914653243,9.151746914653243,0.0,0.0,0.0,NO
EARLY_A1,S4->A1,3,4,NOT_AVAILABLE_PAIRED,STAGE_AGGREGATE_ONLY,served_demand_kg,485,9.114007752118592,9.114007752118592,0.0,0.0,0.0,NO
EARLY_A1,S4->A1,3,4,NOT_AVAILABLE_PAIRED,STAGE_AGGREGATE_ONLY,shortage_kg,485,0.037739162534652454,0.037739162534652454,0.0,0.0,0.0,NO
EARLY_A1,S4->A1,3,4,NOT_AVAILABLE_PAIRED,STAGE_AGGREGATE_ONLY,htt_in_kg,485,0.0,0.4485701581067066,0.4485701581067066,0.04277339015641257,0.8543669260570006,NO
EARLY_A1,S4->A1,3,4,NOT_AVAILABLE_PAIRED,STAGE_AGGREGATE_ONLY,htt_out_kg,485,0.510088930796252,0.007090574338204598,-0.5029983564580472,-1.0043372824496999,-0.001659430466394607,NO
EARLY_A1,S4->A1,3,4,NOT_AVAILABLE_PAIRED,STAGE_AGGREGATE_ONLY,ending_inventory_kg,485,62.627286062597335,34.715487178922366,-27.911798883675193,-29.133510952332074,-26.69008681501831,NO
EARLY_A1,S4->A1,3,4,NOT_AVAILABLE_PAIRED,STAGE_AGGREGATE_ONLY,beginning_inventory_kg,485,58.98565745889245,38.128642335183756,-20.857015123709328,-21.564165917775792,-20.149864329642863,NO
EARLY_A1,S4->A1,4,1,NOT_AVAILABLE_PAIRED,STAGE_AGGREGATE_ONLY,production_kg,485,43.83516389211425,24.68597658708203,-19.149187305032566,-20.30671354138554,-17.99166106867959,NO
EARLY_A1,S4->A1,4,1,NOT_AVAILABLE_PAIRED,STAGE_AGGREGATE_ONLY,ordinary_demand_kg,485,14.839201083276802,14.839201083276802,0.0,0.0,0.0,NO
EARLY_A1,S4->A1,4,1,NOT_AVAILABLE_PAIRED,STAGE_AGGREGATE_ONLY,served_demand_kg,485,14.839201083276802,14.839201083276802,0.0,0.0,0.0,NO
EARLY_A1,S4->A1,4,1,NOT_AVAILABLE_PAIRED,STAGE_AGGREGATE_ONLY,shortage_kg,485,0.0,0.0,0.0,0.0,0.0,NO
EARLY_A1,S4->A1,4,1,NOT_AVAILABLE_PAIRED,STAGE_AGGREGATE_ONLY,htt_in_kg,485,1.0353639261464471,0.0,-1.0353639261464471,-1.3413508964486827,-0.7293769558442116,NO
EARLY_A1,S4->A1,4,1,NOT_AVAILABLE_PAIRED,STAGE_AGGREGATE_ONLY,htt_out_kg,485,0.0,0.0,0.0,0.0,0.0,NO
EARLY_A1,S4->A1,4,1,NOT_AVAILABLE_PAIRED,STAGE_AGGREGATE_ONLY,ending_inventory_kg,485,157.02436272894897,71.14269470375014,-85.88166802519892,-87.8056831335311,-83.95765291686673,NO
EARLY_A1,S4->A1,4,1,NOT_AVAILABLE_PAIRED,STAGE_AGGREGATE_ONLY,beginning_inventory_kg,485,126.99303599396441,61.29591919994508,-65.69711679401948,-67.2433861224997,-64.15084746553926,NO
EARLY_A1,S4->A1,4,2,NOT_AVAILABLE_PAIRED,STAGE_AGGREGATE_ONLY,production_kg,485,19.675187755435335,5.511782146847165,-14.163405608588183,-14.924225175892172,-13.402586041284195,NO
EARLY_A1,S4->A1,4,2,NOT_AVAILABLE_PAIRED,STAGE_AGGREGATE_ONLY,ordinary_demand_kg,485,12.645962732919314,12.645962732919314,0.0,0.0,0.0,NO
EARLY_A1,S4->A1,4,2,NOT_AVAILABLE_PAIRED,STAGE_AGGREGATE_ONLY,served_demand_kg,485,12.645962732919314,12.645962732919314,0.0,0.0,0.0,NO
EARLY_A1,S4->A1,4,2,NOT_AVAILABLE_PAIRED,STAGE_AGGREGATE_ONLY,shortage_kg,485,0.0,0.0,0.0,0.0,0.0,NO
EARLY_A1,S4->A1,4,2,NOT_AVAILABLE_PAIRED,STAGE_AGGREGATE_ONLY,htt_in_kg,485,2.39329572818306,1.4174496517966917,-0.9758460763863667,-1.7106142516862062,-0.24107790108652705,NO
EARLY_A1,S4->A1,4,2,NOT_AVAILABLE_PAIRED,STAGE_AGGREGATE_ONLY,htt_out_kg,485,2.4895219995829314,0.5352807398683848,-1.954241259714547,-2.7219562309514647,-1.1865262884776295,NO
EARLY_A1,S4->A1,4,2,NOT_AVAILABLE_PAIRED,STAGE_AGGREGATE_ONLY,ending_inventory_kg,485,84.99726463304481,31.142292297889536,-53.85497233515527,-55.392579902952136,-52.3173647673584,NO
EARLY_A1,S4->A1,4,2,NOT_AVAILABLE_PAIRED,STAGE_AGGREGATE_ONLY,beginning_inventory_kg,485,78.06426588192862,37.39430397203348,-40.66996190989515,-42.307500428403095,-39.032423391387205,NO
EARLY_A1,S4->A1,4,3,NOT_AVAILABLE_PAIRED,STAGE_AGGREGATE_ONLY,production_kg,485,7.874341119430696,8.176153120963445,0.3018120015327673,-0.5200801064152935,1.123704109480828,NO
EARLY_A1,S4->A1,4,3,NOT_AVAILABLE_PAIRED,STAGE_AGGREGATE_ONLY,ordinary_demand_kg,485,3.9644919417391984,3.9644919417391984,0.0,0.0,0.0,NO
EARLY_A1,S4->A1,4,3,NOT_AVAILABLE_PAIRED,STAGE_AGGREGATE_ONLY,served_demand_kg,485,3.9644919417391984,3.9644919417391984,0.0,0.0,0.0,NO
EARLY_A1,S4->A1,4,3,NOT_AVAILABLE_PAIRED,STAGE_AGGREGATE_ONLY,shortage_kg,485,0.0,0.0,0.0,0.0,0.0,NO
EARLY_A1,S4->A1,4,3,NOT_AVAILABLE_PAIRED,STAGE_AGGREGATE_ONLY,htt_in_kg,485,1.1034445662841514,0.5352807398683848,-0.5681638264157665,-1.1027253023752208,-0.03360235045631199,NO
EARLY_A1,S4->A1,4,3,NOT_AVAILABLE_PAIRED,STAGE_AGGREGATE_ONLY,htt_out_kg,485,3.7887026614983896,1.3973131664816247,-2.3913894950167656,-3.1828439288899455,-1.5999350611435859,NO
EARLY_A1,S4->A1,4,3,NOT_AVAILABLE_PAIRED,STAGE_AGGREGATE_ONLY,ending_inventory_kg,485,35.19743808200813,26.990905931245013,-8.206532150763117,-9.753108537090045,-6.659955764436189,NO
EARLY_A1,S4->A1,4,3,NOT_AVAILABLE_PAIRED,STAGE_AGGREGATE_ONLY,beginning_inventory_kg,485,33.97284699953085,23.641277178633807,-10.331569820896897,-11.97467876296787,-8.688460878825925,NO
EARLY_A1,S4->A1,4,4,NOT_AVAILABLE_PAIRED,STAGE_AGGREGATE_ONLY,production_kg,485,20.08428234521045,15.387537488204876,-4.6967448570057355,-5.354194763103404,-4.039294950908067,NO
EARLY_A1,S4->A1,4,4,NOT_AVAILABLE_PAIRED,STAGE_AGGREGATE_ONLY,ordinary_demand_kg,485,7.561272379628009,7.561272379628009,0.0,0.0,0.0,NO
EARLY_A1,S4->A1,4,4,NOT_AVAILABLE_PAIRED,STAGE_AGGREGATE_ONLY,served_demand_kg,485,7.561272379628009,7.561272379628009,0.0,0.0,0.0,NO
EARLY_A1,S4->A1,4,4,NOT_AVAILABLE_PAIRED,STAGE_AGGREGATE_ONLY,shortage_kg,485,0.0,0.0,0.0,0.0,0.0,NO
EARLY_A1,S4->A1,4,4,NOT_AVAILABLE_PAIRED,STAGE_AGGREGATE_ONLY,htt_in_kg,485,1.7461204404676653,0.0,-1.7461204404676653,-2.2859888621180904,-1.2062520188172403,NO
EARLY_A1,S4->A1,4,4,NOT_AVAILABLE_PAIRED,STAGE_AGGREGATE_ONLY,htt_out_kg,485,0.0,0.02013648531506705,0.02013648531506705,-0.019429240456355426,0.05970221108648953,NO
EARLY_A1,S4->A1,4,4,NOT_AVAILABLE_PAIRED,STAGE_AGGREGATE_ONLY,ending_inventory_kg,485,76.89641646864749,42.52161580218396,-34.37480066646364,-35.73645233841518,-33.01314899451211,NO
EARLY_A1,S4->A1,4,4,NOT_AVAILABLE_PAIRED,STAGE_AGGREGATE_ONLY,beginning_inventory_kg,485,62.627286062597335,34.715487178922366,-27.911798883675193,-29.133510952332074,-26.69008681501831,NO
EARLY_A1,S5->A1,1,1,NOT_AVAILABLE_PAIRED,STAGE_AGGREGATE_ONLY,production_kg,197,46.80000000000004,46.80000000000004,0.0,0.0,0.0,NO
EARLY_A1,S5->A1,1,1,NOT_AVAILABLE_PAIRED,STAGE_AGGREGATE_ONLY,ordinary_demand_kg,197,14.839201083276874,14.839201083276874,0.0,0.0,0.0,NO
EARLY_A1,S5->A1,1,1,NOT_AVAILABLE_PAIRED,STAGE_AGGREGATE_ONLY,served_demand_kg,197,14.839201083276874,14.839201083276874,0.0,0.0,0.0,NO
EARLY_A1,S5->A1,1,1,NOT_AVAILABLE_PAIRED,STAGE_AGGREGATE_ONLY,shortage_kg,197,0.0,0.0,0.0,0.0,0.0,NO
EARLY_A1,S5->A1,1,1,NOT_AVAILABLE_PAIRED,STAGE_AGGREGATE_ONLY,htt_in_kg,197,0.0,0.0,0.0,0.0,0.0,NO
EARLY_A1,S5->A1,1,1,NOT_AVAILABLE_PAIRED,STAGE_AGGREGATE_ONLY,htt_out_kg,197,0.0,0.0,0.0,0.0,0.0,NO
EARLY_A1,S5->A1,1,1,NOT_AVAILABLE_PAIRED,STAGE_AGGREGATE_ONLY,ending_inventory_kg,197,90.00535596159213,90.00535596159213,0.0,0.0,0.0,NO
EARLY_A1,S5->A1,1,1,NOT_AVAILABLE_PAIRED,STAGE_AGGREGATE_ONLY,beginning_inventory_kg,197,58.04455704486956,58.04455704486956,0.0,0.0,0.0,NO
EARLY_A1,S5->A1,1,2,NOT_AVAILABLE_PAIRED,STAGE_AGGREGATE_ONLY,production_kg,197,31.199999999999893,23.40000000000002,-7.799999999999973,-7.799999999999977,-7.79999999999997,NO
EARLY_A1,S5->A1,1,2,NOT_AVAILABLE_PAIRED,STAGE_AGGREGATE_ONLY,ordinary_demand_kg,197,12.645962732919273,12.645962732919273,0.0,0.0,0.0,NO
EARLY_A1,S5->A1,1,2,NOT_AVAILABLE_PAIRED,STAGE_AGGREGATE_ONLY,served_demand_kg,197,12.645962732919273,12.645962732919273,0.0,0.0,0.0,NO
EARLY_A1,S5->A1,1,2,NOT_AVAILABLE_PAIRED,STAGE_AGGREGATE_ONLY,shortage_kg,197,0.0,0.0,0.0,0.0,0.0,NO
EARLY_A1,S5->A1,1,2,NOT_AVAILABLE_PAIRED,STAGE_AGGREGATE_ONLY,htt_in_kg,197,0.0,0.0,0.0,0.0,0.0,NO
EARLY_A1,S5->A1,1,2,NOT_AVAILABLE_PAIRED,STAGE_AGGREGATE_ONLY,htt_out_kg,197,0.0,0.0,0.0,0.0,0.0,NO
EARLY_A1,S5->A1,1,2,NOT_AVAILABLE_PAIRED,STAGE_AGGREGATE_ONLY,ending_inventory_kg,197,68.86217520570564,61.06217520570546,-7.799999999999973,-7.799999999999977,-7.79999999999997,NO
EARLY_A1,S5->A1,1,2,NOT_AVAILABLE_PAIRED,STAGE_AGGREGATE_ONLY,beginning_inventory_kg,197,50.308137938624725,50.308137938624725,0.0,0.0,0.0,NO
EARLY_A1,S5->A1,1,3,NOT_AVAILABLE_PAIRED,STAGE_AGGREGATE_ONLY,production_kg,197,18.719999999999924,16.380000000000074,-2.3399999999999905,-2.339999999999992,-2.339999999999989,NO
EARLY_A1,S5->A1,1,3,NOT_AVAILABLE_PAIRED,STAGE_AGGREGATE_ONLY,ordinary_demand_kg,197,3.9644919417391997,3.9644919417391997,0.0,0.0,0.0,NO
EARLY_A1,S5->A1,1,3,NOT_AVAILABLE_PAIRED,STAGE_AGGREGATE_ONLY,served_demand_kg,197,3.9644919417391997,3.9644919417391997,0.0,0.0,0.0,NO
EARLY_A1,S5->A1,1,3,NOT_AVAILABLE_PAIRED,STAGE_AGGREGATE_ONLY,shortage_kg,197,0.0,0.0,0.0,0.0,0.0,NO
EARLY_A1,S5->A1,1,3,NOT_AVAILABLE_PAIRED,STAGE_AGGREGATE_ONLY,htt_in_kg,197,0.0,0.0,0.0,0.0,0.0,NO
EARLY_A1,S5->A1,1,3,NOT_AVAILABLE_PAIRED,STAGE_AGGREGATE_ONLY,htt_out_kg,197,0.0,0.0,0.0,0.0,0.0,NO
EARLY_A1,S5->A1,1,3,NOT_AVAILABLE_PAIRED,STAGE_AGGREGATE_ONLY,ending_inventory_kg,197,40.01764150056994,37.67764150056997,-2.340000000000016,-2.3400000000000176,-2.340000000000014,NO
EARLY_A1,S5->A1,1,3,NOT_AVAILABLE_PAIRED,STAGE_AGGREGATE_ONLY,beginning_inventory_kg,197,25.26213344230928,25.26213344230928,0.0,0.0,0.0,NO
EARLY_A1,S5->A1,1,4,NOT_AVAILABLE_PAIRED,STAGE_AGGREGATE_ONLY,production_kg,197,23.40000000000002,23.40000000000002,0.0,0.0,0.0,NO
EARLY_A1,S5->A1,1,4,NOT_AVAILABLE_PAIRED,STAGE_AGGREGATE_ONLY,ordinary_demand_kg,197,7.561272379628009,7.561272379628009,0.0,0.0,0.0,NO
EARLY_A1,S5->A1,1,4,NOT_AVAILABLE_PAIRED,STAGE_AGGREGATE_ONLY,served_demand_kg,197,7.561272379628009,7.561272379628009,0.0,0.0,0.0,NO
EARLY_A1,S5->A1,1,4,NOT_AVAILABLE_PAIRED,STAGE_AGGREGATE_ONLY,shortage_kg,197,0.0,0.0,0.0,0.0,0.0,NO
EARLY_A1,S5->A1,1,4,NOT_AVAILABLE_PAIRED,STAGE_AGGREGATE_ONLY,htt_in_kg,197,0.0,0.0,0.0,0.0,0.0,NO
EARLY_A1,S5->A1,1,4,NOT_AVAILABLE_PAIRED,STAGE_AGGREGATE_ONLY,htt_out_kg,197,0.0,0.0,0.0,0.0,0.0,NO
EARLY_A1,S5->A1,1,4,NOT_AVAILABLE_PAIRED,STAGE_AGGREGATE_ONLY,ending_inventory_kg,197,48.86230846661478,48.86230846661478,0.0,0.0,0.0,NO
EARLY_A1,S5->A1,1,4,NOT_AVAILABLE_PAIRED,STAGE_AGGREGATE_ONLY,beginning_inventory_kg,197,33.02358084624295,33.02358084624295,0.0,0.0,0.0,NO
EARLY_A1,S5->A1,2,1,NOT_AVAILABLE_PAIRED,STAGE_AGGREGATE_ONLY,production_kg,197,46.80000000000004,1.4253807106598986,-45.37461928934016,-46.50749407505552,-44.2417445036248,NO
EARLY_A1,S5->A1,2,1,NOT_AVAILABLE_PAIRED,STAGE_AGGREGATE_ONLY,ordinary_demand_kg,197,22.47291807718343,22.47291807718343,0.0,0.0,0.0,NO
EARLY_A1,S5->A1,2,1,NOT_AVAILABLE_PAIRED,STAGE_AGGREGATE_ONLY,served_demand_kg,197,22.052810659136135,22.47291807718343,0.4201074180472946,0.032109031315379455,0.8081058047792098,NO
EARLY_A1,S5->A1,2,1,NOT_AVAILABLE_PAIRED,STAGE_AGGREGATE_ONLY,shortage_kg,197,0.4201074180472936,0.0,-0.4201074180472936,-0.8081058047792078,-0.032109031315379455,NO
EARLY_A1,S5->A1,2,1,NOT_AVAILABLE_PAIRED,STAGE_AGGREGATE_ONLY,htt_in_kg,197,0.0,0.9371151156533828,0.9371151156533828,0.01925080878221741,1.8549794225245482,NO
EARLY_A1,S5->A1,2,1,NOT_AVAILABLE_PAIRED,STAGE_AGGREGATE_ONLY,htt_out_kg,197,0.0,0.0,0.0,0.0,0.0,NO
EARLY_A1,S5->A1,2,1,NOT_AVAILABLE_PAIRED,STAGE_AGGREGATE_ONLY,ending_inventory_kg,197,114.7525453024558,69.89493371072224,-44.85761159173397,-46.49147067419845,-43.22375250926949,NO
EARLY_A1,S5->A1,2,1,NOT_AVAILABLE_PAIRED,STAGE_AGGREGATE_ONLY,beginning_inventory_kg,197,90.00535596159213,90.00535596159213,0.0,0.0,0.0,NO
EARLY_A1,S5->A1,2,2,NOT_AVAILABLE_PAIRED,STAGE_AGGREGATE_ONLY,production_kg,197,22.70982405419909,0.9502538071065989,-21.759570247092494,-22.655502708879915,-20.863637785305073,NO
EARLY_A1,S5->A1,2,2,NOT_AVAILABLE_PAIRED,STAGE_AGGREGATE_ONLY,ordinary_demand_kg,197,14.658385093167748,14.658385093167748,0.0,0.0,0.0,NO
EARLY_A1,S5->A1,2,2,NOT_AVAILABLE_PAIRED,STAGE_AGGREGATE_ONLY,served_demand_kg,197,14.462377281710513,14.658385093167748,0.19600781145723523,-0.030333655395770404,0.4223492783102408,NO
EARLY_A1,S5->A1,2,2,NOT_AVAILABLE_PAIRED,STAGE_AGGREGATE_ONLY,shortage_kg,197,0.19600781145723523,0.0,-0.19600781145723523,-0.4223492783102408,0.030333655395770404,NO
EARLY_A1,S5->A1,2,2,NOT_AVAILABLE_PAIRED,STAGE_AGGREGATE_ONLY,htt_in_kg,197,0.0,0.0,0.0,0.0,0.0,NO
EARLY_A1,S5->A1,2,2,NOT_AVAILABLE_PAIRED,STAGE_AGGREGATE_ONLY,htt_out_kg,197,0.0,0.48682152519330196,0.48682152519330196,0.0031906190604099605,0.970452431326194,NO
EARLY_A1,S5->A1,2,2,NOT_AVAILABLE_PAIRED,STAGE_AGGREGATE_ONLY,ending_inventory_kg,197,77.10962197819418,46.867222394451,-30.242399583743037,-30.974307121941134,-29.51049204554494,NO
EARLY_A1,S5->A1,2,2,NOT_AVAILABLE_PAIRED,STAGE_AGGREGATE_ONLY,beginning_inventory_kg,197,68.86217520570564,61.06217520570546,-7.799999999999973,-7.799999999999977,-7.79999999999997,NO
EARLY_A1,S5->A1,2,3,NOT_AVAILABLE_PAIRED,STAGE_AGGREGATE_ONLY,production_kg,197,12.8377993992702,0.5463959390862944,-12.291403460183906,-12.985883447596013,-11.596923472771799,NO
EARLY_A1,S5->A1,2,3,NOT_AVAILABLE_PAIRED,STAGE_AGGREGATE_ONLY,ordinary_demand_kg,197,9.074722054641079,9.074722054641079,0.0,0.0,0.0,NO
EARLY_A1,S5->A1,2,3,NOT_AVAILABLE_PAIRED,STAGE_AGGREGATE_ONLY,served_demand_kg,197,8.890463738810801,9.074722054641079,0.1842583158302749,0.003962465466345905,0.3645541661942039,NO
EARLY_A1,S5->A1,2,3,NOT_AVAILABLE_PAIRED,STAGE_AGGREGATE_ONLY,shortage_kg,197,0.1842583158302749,0.0,-0.1842583158302749,-0.3645541661942039,-0.003962465466345905,NO
EARLY_A1,S5->A1,2,3,NOT_AVAILABLE_PAIRED,STAGE_AGGREGATE_ONLY,htt_in_kg,197,0.0,0.0,0.0,0.0,0.0,NO
EARLY_A1,S5->A1,2,3,NOT_AVAILABLE_PAIRED,STAGE_AGGREGATE_ONLY,htt_out_kg,197,0.0,1.382591230090196,1.382591230090196,0.2815713705855114,2.4836110895948806,NO
EARLY_A1,S5->A1,2,3,NOT_AVAILABLE_PAIRED,STAGE_AGGREGATE_ONLY,ending_inventory_kg,197,43.96497716102955,27.766724154925182,-16.198253006104377,-17.349899169433062,-15.046606842775693,NO
EARLY_A1,S5->A1,2,3,NOT_AVAILABLE_PAIRED,STAGE_AGGREGATE_ONLY,beginning_inventory_kg,197,40.01764150056994,37.67764150056997,-2.340000000000016,-2.3400000000000176,-2.340000000000014,NO
EARLY_A1,S5->A1,2,4,NOT_AVAILABLE_PAIRED,STAGE_AGGREGATE_ONLY,production_kg,197,23.40000000000002,2.2865482233502576,-21.113451776649743,-21.67783885771667,-20.549064695582818,NO
EARLY_A1,S5->A1,2,4,NOT_AVAILABLE_PAIRED,STAGE_AGGREGATE_ONLY,ordinary_demand_kg,197,13.28698070571878,13.28698070571878,0.0,0.0,0.0,NO
EARLY_A1,S5->A1,2,4,NOT_AVAILABLE_PAIRED,STAGE_AGGREGATE_ONLY,served_demand_kg,197,13.15208750058458,13.28698070571878,0.13489320513420103,-0.05273682867978491,0.32252323894818696,NO
EARLY_A1,S5->A1,2,4,NOT_AVAILABLE_PAIRED,STAGE_AGGREGATE_ONLY,shortage_kg,197,0.13489320513420103,0.0,-0.13489320513420103,-0.32252323894818696,0.05273682867978491,NO
EARLY_A1,S5->A1,2,4,NOT_AVAILABLE_PAIRED,STAGE_AGGREGATE_ONLY,htt_in_kg,197,0.0,0.9322976396301151,0.9322976396301151,0.13921741221168205,1.7253778670485482,NO
EARLY_A1,S5->A1,2,4,NOT_AVAILABLE_PAIRED,STAGE_AGGREGATE_ONLY,htt_out_kg,197,0.0,0.0,0.0,0.0,0.0,NO
EARLY_A1,S5->A1,2,4,NOT_AVAILABLE_PAIRED,STAGE_AGGREGATE_ONLY,ending_inventory_kg,197,59.11022096603029,38.794173623876254,-20.316047342153823,-21.546197150394143,-19.085897533913503,NO
EARLY_A1,S5->A1,2,4,NOT_AVAILABLE_PAIRED,STAGE_AGGREGATE_ONLY,beginning_inventory_kg,197,48.86230846661478,48.86230846661478,0.0,0.0,0.0,NO
EARLY_A1,S5->A1,3,1,NOT_AVAILABLE_PAIRED,STAGE_AGGREGATE_ONLY,production_kg,197,27.434612254684147,10.720050761421318,-16.7145614932628,-18.072345599399405,-15.356777387126193,NO
EARLY_A1,S5->A1,3,1,NOT_AVAILABLE_PAIRED,STAGE_AGGREGATE_ONLY,ordinary_demand_kg,197,17.687880839539535,17.687880839539535,0.0,0.0,0.0,NO
EARLY_A1,S5->A1,3,1,NOT_AVAILABLE_PAIRED,STAGE_AGGREGATE_ONLY,served_demand_kg,197,17.550233787719897,17.598094642384513,0.047860854664614226,-0.20200867277084672,0.2977303821000752,NO
EARLY_A1,S5->A1,3,1,NOT_AVAILABLE_PAIRED,STAGE_AGGREGATE_ONLY,shortage_kg,197,0.13764705181963816,0.08978619715502334,-0.047860854664614795,-0.2977303821000758,0.20200867277084622,NO
EARLY_A1,S5->A1,3,1,NOT_AVAILABLE_PAIRED,STAGE_AGGREGATE_ONLY,htt_in_kg,197,0.0,1.5759802358331056,1.5759802358331056,0.30191906368761745,2.850041407978594,NO
EARLY_A1,S5->A1,3,1,NOT_AVAILABLE_PAIRED,STAGE_AGGREGATE_ONLY,htt_out_kg,197,0.0,0.0,0.0,0.0,0.0,NO
EARLY_A1,S5->A1,3,1,NOT_AVAILABLE_PAIRED,STAGE_AGGREGATE_ONLY,ending_inventory_kg,197,124.63692376942042,64.59287006559234,-60.04405370382809,-63.319840274321145,-56.76826713333504,NO
EARLY_A1,S5->A1,3,1,NOT_AVAILABLE_PAIRED,STAGE_AGGREGATE_ONLY,beginning_inventory_kg,197,114.7525453024558,69.89493371072224,-44.85761159173397,-46.49147067419845,-43.22375250926949,NO
EARLY_A1,S5->A1,3,2,NOT_AVAILABLE_PAIRED,STAGE_AGGREGATE_ONLY,production_kg,197,8.287059293711014,4.828941189438962,-3.458118104272039,-3.704208637572684,-3.2120275709713937,NO
EARLY_A1,S5->A1,3,2,NOT_AVAILABLE_PAIRED,STAGE_AGGREGATE_ONLY,ordinary_demand_kg,197,8.695652173913016,8.695652173913016,0.0,0.0,0.0,NO
EARLY_A1,S5->A1,3,2,NOT_AVAILABLE_PAIRED,STAGE_AGGREGATE_ONLY,served_demand_kg,197,8.563231074817894,8.695652173913016,0.13242109909512242,-0.017584476216162714,0.28242667440640756,NO
EARLY_A1,S5->A1,3,2,NOT_AVAILABLE_PAIRED,STAGE_AGGREGATE_ONLY,shortage_kg,197,0.13242109909512242,0.0,-0.13242109909512242,-0.28242667440640756,0.017584476216162714,NO
EARLY_A1,S5->A1,3,2,NOT_AVAILABLE_PAIRED,STAGE_AGGREGATE_ONLY,htt_in_kg,197,0.9454855672369735,0.0,-0.9454855672369735,-1.9240319630086855,0.03306082853473857,NO
EARLY_A1,S5->A1,3,2,NOT_AVAILABLE_PAIRED,STAGE_AGGREGATE_ONLY,htt_out_kg,197,0.262486965507232,0.9939975068210838,0.7315105413138517,-0.3418876725523975,1.8049087551801009,NO
EARLY_A1,S5->A1,3,2,NOT_AVAILABLE_PAIRED,STAGE_AGGREGATE_ONLY,ending_inventory_kg,197,77.51644879881697,42.00651390315607,-35.509934895660976,-37.54253526468538,-33.477334526636575,NO
EARLY_A1,S5->A1,3,2,NOT_AVAILABLE_PAIRED,STAGE_AGGREGATE_ONLY,beginning_inventory_kg,197,77.10962197819418,46.867222394451,-30.242399583743037,-30.974307121941134,-29.51049204554494,NO
EARLY_A1,S5->A1,3,3,NOT_AVAILABLE_PAIRED,STAGE_AGGREGATE_ONLY,production_kg,197,4.924901538706695,2.836472680786856,-2.088428857919835,-2.323982804135489,-1.8528749117041814,NO
EARLY_A1,S5->A1,3,3,NOT_AVAILABLE_PAIRED,STAGE_AGGREGATE_ONLY,ordinary_demand_kg,197,9.960786003619715,9.960786003619715,0.0,0.0,0.0,NO
EARLY_A1,S5->A1,3,3,NOT_AVAILABLE_PAIRED,STAGE_AGGREGATE_ONLY,served_demand_kg,197,9.809098907117892,9.959730611927213,0.15063170480932167,-0.021229331047280003,0.32249274066592337,NO
EARLY_A1,S5->A1,3,3,NOT_AVAILABLE_PAIRED,STAGE_AGGREGATE_ONLY,shortage_kg,197,0.1516870965018236,0.0010553916925019492,-0.15063170480932167,-0.32249274066592337,0.021229331047280003,NO
EARLY_A1,S5->A1,3,3,NOT_AVAILABLE_PAIRED,STAGE_AGGREGATE_ONLY,htt_in_kg,197,0.262486965507232,0.4087032180126485,0.14621625250541648,-0.5139092373835329,0.8063417423943658,NO
EARLY_A1,S5->A1,3,3,NOT_AVAILABLE_PAIRED,STAGE_AGGREGATE_ONLY,htt_out_kg,197,0.0,0.8455860913731708,0.8455860913731708,0.13767545489898603,1.5534967278473555,NO
EARLY_A1,S5->A1,3,3,NOT_AVAILABLE_PAIRED,STAGE_AGGREGATE_ONLY,ending_inventory_kg,197,39.343266758125516,20.206583350424147,-19.136683407701288,-20.829044830692872,-17.444321984709703,NO
EARLY_A1,S5->A1,3,3,NOT_AVAILABLE_PAIRED,STAGE_AGGREGATE_ONLY,beginning_inventory_kg,197,43.96497716102955,27.766724154925182,-16.198253006104377,-17.349899169433062,-15.046606842775693,NO
EARLY_A1,S5->A1,3,4,NOT_AVAILABLE_PAIRED,STAGE_AGGREGATE_ONLY,production_kg,197,14.365495192728913,6.099827725823008,-8.265667466905905,-8.667623150621703,-7.863711783190107,NO
EARLY_A1,S5->A1,3,4,NOT_AVAILABLE_PAIRED,STAGE_AGGREGATE_ONLY,ordinary_demand_kg,197,9.151746914653192,9.151746914653192,0.0,0.0,0.0,NO
EARLY_A1,S5->A1,3,4,NOT_AVAILABLE_PAIRED,STAGE_AGGREGATE_ONLY,served_demand_kg,197,9.151746914653192,9.105291346558506,-0.04645556809468639,-0.13807250890982734,0.045161372720454555,NO
EARLY_A1,S5->A1,3,4,NOT_AVAILABLE_PAIRED,STAGE_AGGREGATE_ONLY,shortage_kg,197,0.0,0.04645556809468639,0.04645556809468639,-0.045161372720454555,0.13807250890982734,NO
EARLY_A1,S5->A1,3,4,NOT_AVAILABLE_PAIRED,STAGE_AGGREGATE_ONLY,htt_in_kg,197,0.0,0.0,0.0,0.0,0.0,NO
EARLY_A1,S5->A1,3,4,NOT_AVAILABLE_PAIRED,STAGE_AGGREGATE_ONLY,htt_out_kg,197,0.9454855672369735,0.1450998556515003,-0.8003857115854732,-1.616324000195297,0.015552577024350533,NO
EARLY_A1,S5->A1,3,4,NOT_AVAILABLE_PAIRED,STAGE_AGGREGATE_ONLY,ending_inventory_kg,197,63.3784836768691,35.64361014748946,-27.734873529379577,-29.916583473986613,-25.55316358477254,NO
EARLY_A1,S5->A1,3,4,NOT_AVAILABLE_PAIRED,STAGE_AGGREGATE_ONLY,beginning_inventory_kg,197,59.11022096603029,38.794173623876254,-20.316047342153823,-21.546197150394143,-19.085897533913503,NO
EARLY_A1,S5->A1,4,1,NOT_AVAILABLE_PAIRED,STAGE_AGGREGATE_ONLY,production_kg,197,45.82314397614549,31.314742530065804,-14.508401446079656,-16.2282340826972,-12.788568809462111,NO
EARLY_A1,S5->A1,4,1,NOT_AVAILABLE_PAIRED,STAGE_AGGREGATE_ONLY,ordinary_demand_kg,197,14.839201083276874,14.839201083276874,0.0,0.0,0.0,NO
EARLY_A1,S5->A1,4,1,NOT_AVAILABLE_PAIRED,STAGE_AGGREGATE_ONLY,served_demand_kg,197,14.658717094130328,14.7890413045752,0.1303242104448739,-0.02595328951628631,0.2866017104060341,NO
EARLY_A1,S5->A1,4,1,NOT_AVAILABLE_PAIRED,STAGE_AGGREGATE_ONLY,shortage_kg,197,0.18048398914654906,0.05015977870167533,-0.13032421044487374,-0.2866017104060338,0.025953289516286338,NO
EARLY_A1,S5->A1,4,1,NOT_AVAILABLE_PAIRED,STAGE_AGGREGATE_ONLY,htt_in_kg,197,0.5032111437760787,0.7886557367201431,0.2854445929440645,-0.7448173799968267,1.3157065658849558,NO
EARLY_A1,S5->A1,4,1,NOT_AVAILABLE_PAIRED,STAGE_AGGREGATE_ONLY,htt_out_kg,197,0.0,0.13726771580477767,0.13726771580477767,-0.13344360493686544,0.40797903654642076,NO
EARLY_A1,S5->A1,4,1,NOT_AVAILABLE_PAIRED,STAGE_AGGREGATE_ONLY,ending_inventory_kg,197,156.3045617952118,81.76995931199822,-74.53460248321359,-78.10576749027116,-70.96343747615602,NO
EARLY_A1,S5->A1,4,1,NOT_AVAILABLE_PAIRED,STAGE_AGGREGATE_ONLY,beginning_inventory_kg,197,124.63692376942042,64.59287006559234,-60.04405370382809,-63.319840274321145,-56.76826713333504,NO
EARLY_A1,S5->A1,4,2,NOT_AVAILABLE_PAIRED,STAGE_AGGREGATE_ONLY,production_kg,197,23.752064227819208,8.980692876279445,-14.771371351539715,-15.62305726228028,-13.91968544079915,NO
EARLY_A1,S5->A1,4,2,NOT_AVAILABLE_PAIRED,STAGE_AGGREGATE_ONLY,ordinary_demand_kg,197,12.645962732919273,12.645962732919273,0.0,0.0,0.0,NO
EARLY_A1,S5->A1,4,2,NOT_AVAILABLE_PAIRED,STAGE_AGGREGATE_ONLY,served_demand_kg,197,12.581770028691256,12.645962732919273,0.06419270422801675,-0.06240437390985089,0.1907897823658844,NO
EARLY_A1,S5->A1,4,2,NOT_AVAILABLE_PAIRED,STAGE_AGGREGATE_ONLY,shortage_kg,197,0.06419270422801675,0.0,-0.06419270422801675,-0.1907897823658844,0.06240437390985089,NO
EARLY_A1,S5->A1,4,2,NOT_AVAILABLE_PAIRED,STAGE_AGGREGATE_ONLY,htt_in_kg,197,1.428187869916151,0.10420584538275188,-1.3239820245333995,-2.072787190466806,-0.575176858599993,NO
EARLY_A1,S5->A1,4,2,NOT_AVAILABLE_PAIRED,STAGE_AGGREGATE_ONLY,htt_out_kg,197,2.0445372409615215,1.5016710415622743,-0.5428661993992473,-1.3551960173757414,0.26946361857724677,NO
EARLY_A1,S5->A1,4,2,NOT_AVAILABLE_PAIRED,STAGE_AGGREGATE_ONLY,ending_inventory_kg,197,88.07039362689953,36.94377885033667,-51.12661477656298,-52.78926838946115,-49.46396116366481,NO
EARLY_A1,S5->A1,4,2,NOT_AVAILABLE_PAIRED,STAGE_AGGREGATE_ONLY,beginning_inventory_kg,197,77.51644879881697,42.00651390315607,-35.509934895660976,-37.54253526468538,-33.477334526636575,NO
EARLY_A1,S5->A1,4,3,NOT_AVAILABLE_PAIRED,STAGE_AGGREGATE_ONLY,production_kg,197,10.748183242531644,10.89556570229525,0.14738245976363382,-1.1466431885946693,1.4414081081219368,NO
EARLY_A1,S5->A1,4,3,NOT_AVAILABLE_PAIRED,STAGE_AGGREGATE_ONLY,ordinary_demand_kg,197,3.9644919417391997,3.9644919417391997,0.0,0.0,0.0,NO
EARLY_A1,S5->A1,4,3,NOT_AVAILABLE_PAIRED,STAGE_AGGREGATE_ONLY,served_demand_kg,197,3.9330969828736833,3.9644919417391997,0.031394958865516395,-0.013994341970695712,0.0767842597017285,NO
EARLY_A1,S5->A1,4,3,NOT_AVAILABLE_PAIRED,STAGE_AGGREGATE_ONLY,shortage_kg,197,0.031394958865516395,0.0,-0.031394958865516395,-0.0767842597017285,0.013994341970695712,NO
EARLY_A1,S5->A1,4,3,NOT_AVAILABLE_PAIRED,STAGE_AGGREGATE_ONLY,htt_in_kg,197,1.3305092920710775,0.9064818525021844,-0.42402743956889316,-1.3300847207743995,0.4820298416366133,NO
EARLY_A1,S5->A1,4,3,NOT_AVAILABLE_PAIRED,STAGE_AGGREGATE_ONLY,htt_out_kg,197,1.6607560412418512,0.4533038324729209,-1.2074522087689303,-1.916471501875712,-0.49843291566214876,NO
EARLY_A1,S5->A1,4,3,NOT_AVAILABLE_PAIRED,STAGE_AGGREGATE_ONLY,ending_inventory_kg,197,45.828106268612736,27.59083513100961,-18.23727113760313,-21.12819645809515,-15.34634581711111,NO
EARLY_A1,S5->A1,4,3,NOT_AVAILABLE_PAIRED,STAGE_AGGREGATE_ONLY,beginning_inventory_kg,197,39.343266758125516,20.206583350424147,-19.136683407701288,-20.829044830692872,-17.444321984709703,NO
EARLY_A1,S5->A1,4,4,NOT_AVAILABLE_PAIRED,STAGE_AGGREGATE_ONLY,production_kg,197,23.0567403356923,17.76639759526744,-5.290342740424834,-6.239675403843949,-4.34101007700572,NO
EARLY_A1,S5->A1,4,4,NOT_AVAILABLE_PAIRED,STAGE_AGGREGATE_ONLY,ordinary_demand_kg,197,7.561272379628009,7.561272379628009,0.0,0.0,0.0,NO
EARLY_A1,S5->A1,4,4,NOT_AVAILABLE_PAIRED,STAGE_AGGREGATE_ONLY,served_demand_kg,197,7.446126099735197,7.522890286330405,0.07676418659520833,-0.0300111466191868,0.18353951980960345,NO
EARLY_A1,S5->A1,4,4,NOT_AVAILABLE_PAIRED,STAGE_AGGREGATE_ONLY,shortage_kg,197,0.11514627989281248,0.03838209329760416,-0.07676418659520833,-0.18353951980960345,0.0300111466191868,NO
EARLY_A1,S5->A1,4,4,NOT_AVAILABLE_PAIRED,STAGE_AGGREGATE_ONLY,htt_in_kg,197,0.6233711390573492,0.6070509352623904,-0.016320203794958837,-0.6757253903102654,0.6430849827203478,NO
EARLY_A1,S5->A1,4,4,NOT_AVAILABLE_PAIRED,STAGE_AGGREGATE_ONLY,htt_out_kg,197,0.17998616261728478,0.31415178002749694,0.13416561741021216,-0.5814345380117106,0.849765772832135,NO
EARLY_A1,S5->A1,4,4,NOT_AVAILABLE_PAIRED,STAGE_AGGREGATE_ONLY,ending_inventory_kg,197,79.43248288926615,46.18001661166124,-33.25246627760479,-35.23939088019117,-31.2655416750184,NO
EARLY_A1,S5->A1,4,4,NOT_AVAILABLE_PAIRED,STAGE_AGGREGATE_ONLY,beginning_inventory_kg,197,63.3784836768691,35.64361014748946,-27.734873529379577,-29.916583473986613,-25.55316358477254,NO
EARLY_A1,S5->A1,5,1,NOT_AVAILABLE_PAIRED,STAGE_AGGREGATE_ONLY,production_kg,197,9.033762577249098,1.3399856303009294,-7.6937769469481685,-9.115207350846289,-6.272346543050048,NO
EARLY_A1,S5->A1,5,1,NOT_AVAILABLE_PAIRED,STAGE_AGGREGATE_ONLY,ordinary_demand_kg,197,22.47291807718343,22.47291807718343,0.0,0.0,0.0,NO
EARLY_A1,S5->A1,5,1,NOT_AVAILABLE_PAIRED,STAGE_AGGREGATE_ONLY,served_demand_kg,197,22.47291807718343,22.47291807718343,0.0,0.0,0.0,NO
EARLY_A1,S5->A1,5,1,NOT_AVAILABLE_PAIRED,STAGE_AGGREGATE_ONLY,shortage_kg,197,0.0,0.0,0.0,0.0,0.0,NO
EARLY_A1,S5->A1,5,1,NOT_AVAILABLE_PAIRED,STAGE_AGGREGATE_ONLY,htt_in_kg,197,0.6352732187212219,0.0,-0.6352732187212219,-1.0690161845918025,-0.20153025285064136,NO
EARLY_A1,S5->A1,5,1,NOT_AVAILABLE_PAIRED,STAGE_AGGREGATE_ONLY,htt_out_kg,197,0.0,0.06621581391619796,0.06621581391619796,-0.0643711222336707,0.19680275006606662,NO
EARLY_A1,S5->A1,5,1,NOT_AVAILABLE_PAIRED,STAGE_AGGREGATE_ONLY,ending_inventory_kg,197,143.5006795139985,60.570811051199485,-82.92986846279916,-86.43184660140032,-79.427890324198,NO
EARLY_A1,S5->A1,5,1,NOT_AVAILABLE_PAIRED,STAGE_AGGREGATE_ONLY,beginning_inventory_kg,197,156.3045617952118,81.76995931199822,-74.53460248321359,-78.10576749027116,-70.96343747615602,NO
EARLY_A1,S5->A1,5,2,NOT_AVAILABLE_PAIRED,STAGE_AGGREGATE_ONLY,production_kg,197,0.008142258119497564,0.11766099656113362,0.10951873844163605,0.011524474071389568,0.20751300281188254,NO
EARLY_A1,S5->A1,5,2,NOT_AVAILABLE_PAIRED,STAGE_AGGREGATE_ONLY,ordinary_demand_kg,197,14.658385093167748,14.658385093167748,0.0,0.0,0.0,NO
EARLY_A1,S5->A1,5,2,NOT_AVAILABLE_PAIRED,STAGE_AGGREGATE_ONLY,served_demand_kg,197,14.658385093167748,14.658385093167748,0.0,0.0,0.0,NO
EARLY_A1,S5->A1,5,2,NOT_AVAILABLE_PAIRED,STAGE_AGGREGATE_ONLY,shortage_kg,197,0.0,0.0,0.0,0.0,0.0,NO
EARLY_A1,S5->A1,5,2,NOT_AVAILABLE_PAIRED,STAGE_AGGREGATE_ONLY,htt_in_kg,197,8.70411731114748,1.1922415284127006,-7.511875782734782,-9.248865301258899,-5.7748862642106635,NO
EARLY_A1,S5->A1,5,2,NOT_AVAILABLE_PAIRED,STAGE_AGGREGATE_ONLY,htt_out_kg,197,5.6247036691512085,3.987807654903354,-1.636896014247855,-3.5476405177157924,0.2738484892200821,NO
EARLY_A1,S5->A1,5,2,NOT_AVAILABLE_PAIRED,STAGE_AGGREGATE_ONLY,ending_inventory_kg,197,76.49956443384767,19.607488627239402,-56.89207580660831,-59.77329751685334,-54.01085409636328,NO
EARLY_A1,S5->A1,5,2,NOT_AVAILABLE_PAIRED,STAGE_AGGREGATE_ONLY,beginning_inventory_kg,197,88.07039362689953,36.94377885033667,-51.12661477656298,-52.78926838946115,-49.46396116366481,NO
EARLY_A1,S5->A1,5,3,NOT_AVAILABLE_PAIRED,STAGE_AGGREGATE_ONLY,production_kg,197,0.0,0.13835886814456205,0.13835886814456205,0.06941328391557344,0.20730445237355066,NO
EARLY_A1,S5->A1,5,3,NOT_AVAILABLE_PAIRED,STAGE_AGGREGATE_ONLY,ordinary_demand_kg,197,9.074722054641079,9.074722054641079,0.0,0.0,0.0,NO
EARLY_A1,S5->A1,5,3,NOT_AVAILABLE_PAIRED,STAGE_AGGREGATE_ONLY,served_demand_kg,197,9.074722054641079,9.074722054641079,0.0,0.0,0.0,NO
EARLY_A1,S5->A1,5,3,NOT_AVAILABLE_PAIRED,STAGE_AGGREGATE_ONLY,shortage_kg,197,0.0,0.0,0.0,0.0,0.0,NO
EARLY_A1,S5->A1,5,3,NOT_AVAILABLE_PAIRED,STAGE_AGGREGATE_ONLY,htt_in_kg,197,0.10722148899495867,2.815148579921372,2.7079270909264133,1.9599578221025338,3.4558963597502927,NO
EARLY_A1,S5->A1,5,3,NOT_AVAILABLE_PAIRED,STAGE_AGGREGATE_ONLY,htt_out_kg,197,15.563003612853356,0.9986554130646612,-14.564348199788693,-16.65789116002322,-12.470805239554165,NO
EARLY_A1,S5->A1,5,3,NOT_AVAILABLE_PAIRED,STAGE_AGGREGATE_ONLY,ending_inventory_kg,197,21.297602090113276,20.470965111369843,-0.826636978743451,-3.5788698427130887,1.925595885226187,NO
EARLY_A1,S5->A1,5,3,NOT_AVAILABLE_PAIRED,STAGE_AGGREGATE_ONLY,beginning_inventory_kg,197,45.828106268612736,27.59083513100961,-18.23727113760313,-21.12819645809515,-15.34634581711111,NO
EARLY_A1,S5->A1,5,4,NOT_AVAILABLE_PAIRED,STAGE_AGGREGATE_ONLY,production_kg,197,5.8987961358823915,2.265401819122845,-3.633394316759554,-4.399041816737367,-2.8677468167817413,NO
EARLY_A1,S5->A1,5,4,NOT_AVAILABLE_PAIRED,STAGE_AGGREGATE_ONLY,ordinary_demand_kg,197,13.28698070571878,13.28698070571878,0.0,0.0,0.0,NO
EARLY_A1,S5->A1,5,4,NOT_AVAILABLE_PAIRED,STAGE_AGGREGATE_ONLY,served_demand_kg,197,13.28698070571878,13.28698070571878,0.0,0.0,0.0,NO
EARLY_A1,S5->A1,5,4,NOT_AVAILABLE_PAIRED,STAGE_AGGREGATE_ONLY,shortage_kg,197,0.0,0.0,0.0,0.0,0.0,NO
EARLY_A1,S5->A1,5,4,NOT_AVAILABLE_PAIRED,STAGE_AGGREGATE_ONLY,htt_in_kg,197,11.741095263140899,1.523450562897474,-10.21764470024343,-12.536696319812032,-7.898593080674827,NO
EARLY_A1,S5->A1,5,4,NOT_AVAILABLE_PAIRED,STAGE_AGGREGATE_ONLY,htt_out_kg,197,0.0,0.47816178934733516,0.47816178934733516,-0.12868540268810985,1.0850089813827801,NO
EARLY_A1,S5->A1,5,4,NOT_AVAILABLE_PAIRED,STAGE_AGGREGATE_ONLY,ending_inventory_kg,197,83.78539358257052,36.20372649861549,-47.58166708395509,-50.748507841079835,-44.414826326830344,NO
EARLY_A1,S5->A1,5,4,NOT_AVAILABLE_PAIRED,STAGE_AGGREGATE_ONLY,beginning_inventory_kg,197,79.43248288926615,46.18001661166124,-33.25246627760479,-35.23939088019117,-31.2655416750184,NO
EARLY_LF8,S3->LF8,1,1,NOT_AVAILABLE_PAIRED,STAGE_AGGREGATE_ONLY,production_kg,135,46.80000000000012,46.80000000000012,0.0,0.0,0.0,NO
EARLY_LF8,S3->LF8,1,1,NOT_AVAILABLE_PAIRED,STAGE_AGGREGATE_ONLY,ordinary_demand_kg,135,14.839201083276928,14.839201083276928,0.0,0.0,0.0,NO
EARLY_LF8,S3->LF8,1,1,NOT_AVAILABLE_PAIRED,STAGE_AGGREGATE_ONLY,served_demand_kg,135,14.839201083276928,14.839201083276928,0.0,0.0,0.0,NO
EARLY_LF8,S3->LF8,1,1,NOT_AVAILABLE_PAIRED,STAGE_AGGREGATE_ONLY,shortage_kg,135,0.0,0.0,0.0,0.0,0.0,NO
EARLY_LF8,S3->LF8,1,1,NOT_AVAILABLE_PAIRED,STAGE_AGGREGATE_ONLY,htt_in_kg,135,0.0,0.0,0.0,0.0,0.0,NO
EARLY_LF8,S3->LF8,1,1,NOT_AVAILABLE_PAIRED,STAGE_AGGREGATE_ONLY,htt_out_kg,135,0.0,0.0,0.0,0.0,0.0,NO
EARLY_LF8,S3->LF8,1,1,NOT_AVAILABLE_PAIRED,STAGE_AGGREGATE_ONLY,ending_inventory_kg,135,90.00535596159231,90.00535596159231,0.0,0.0,0.0,NO
EARLY_LF8,S3->LF8,1,1,NOT_AVAILABLE_PAIRED,STAGE_AGGREGATE_ONLY,beginning_inventory_kg,135,58.04455704486937,58.04455704486937,0.0,0.0,0.0,NO
EARLY_LF8,S3->LF8,1,2,NOT_AVAILABLE_PAIRED,STAGE_AGGREGATE_ONLY,production_kg,135,31.199999999999925,23.40000000000006,-7.799999999999981,-7.799999999999985,-7.799999999999978,NO
EARLY_LF8,S3->LF8,1,2,NOT_AVAILABLE_PAIRED,STAGE_AGGREGATE_ONLY,ordinary_demand_kg,135,12.645962732919312,12.645962732919312,0.0,0.0,0.0,NO
EARLY_LF8,S3->LF8,1,2,NOT_AVAILABLE_PAIRED,STAGE_AGGREGATE_ONLY,served_demand_kg,135,12.645962732919312,12.645962732919312,0.0,0.0,0.0,NO
EARLY_LF8,S3->LF8,1,2,NOT_AVAILABLE_PAIRED,STAGE_AGGREGATE_ONLY,shortage_kg,135,0.0,0.0,0.0,0.0,0.0,NO
EARLY_LF8,S3->LF8,1,2,NOT_AVAILABLE_PAIRED,STAGE_AGGREGATE_ONLY,htt_in_kg,135,0.0,0.0,0.0,0.0,0.0,NO
EARLY_LF8,S3->LF8,1,2,NOT_AVAILABLE_PAIRED,STAGE_AGGREGATE_ONLY,htt_out_kg,135,0.0,0.0,0.0,0.0,0.0,NO
EARLY_LF8,S3->LF8,1,2,NOT_AVAILABLE_PAIRED,STAGE_AGGREGATE_ONLY,ending_inventory_kg,135,68.86217520570544,61.06217520570568,-7.799999999999981,-7.799999999999984,-7.7999999999999785,NO
EARLY_LF8,S3->LF8,1,2,NOT_AVAILABLE_PAIRED,STAGE_AGGREGATE_ONLY,beginning_inventory_kg,135,50.308137938624874,50.308137938624874,0.0,0.0,0.0,NO
EARLY_LF8,S3->LF8,1,3,NOT_AVAILABLE_PAIRED,STAGE_AGGREGATE_ONLY,production_kg,135,18.71999999999998,16.380000000000056,-2.3399999999999976,-2.339999999999998,-2.339999999999997,NO
EARLY_LF8,S3->LF8,1,3,NOT_AVAILABLE_PAIRED,STAGE_AGGREGATE_ONLY,ordinary_demand_kg,135,3.964491941739201,3.964491941739201,0.0,0.0,0.0,NO
EARLY_LF8,S3->LF8,1,3,NOT_AVAILABLE_PAIRED,STAGE_AGGREGATE_ONLY,served_demand_kg,135,3.964491941739201,3.964491941739201,0.0,0.0,0.0,NO
EARLY_LF8,S3->LF8,1,3,NOT_AVAILABLE_PAIRED,STAGE_AGGREGATE_ONLY,shortage_kg,135,0.0,0.0,0.0,0.0,0.0,NO
EARLY_LF8,S3->LF8,1,3,NOT_AVAILABLE_PAIRED,STAGE_AGGREGATE_ONLY,htt_in_kg,135,0.0,0.0,0.0,0.0,0.0,NO
EARLY_LF8,S3->LF8,1,3,NOT_AVAILABLE_PAIRED,STAGE_AGGREGATE_ONLY,htt_out_kg,135,0.0,0.0,0.0,0.0,0.0,NO
EARLY_LF8,S3->LF8,1,3,NOT_AVAILABLE_PAIRED,STAGE_AGGREGATE_ONLY,ending_inventory_kg,135,40.017641500569965,37.677641500570076,-2.3400000000000083,-2.340000000000009,-2.3400000000000074,NO
EARLY_LF8,S3->LF8,1,3,NOT_AVAILABLE_PAIRED,STAGE_AGGREGATE_ONLY,beginning_inventory_kg,135,25.26213344230928,25.26213344230928,0.0,0.0,0.0,NO
EARLY_LF8,S3->LF8,1,4,NOT_AVAILABLE_PAIRED,STAGE_AGGREGATE_ONLY,production_kg,135,23.40000000000006,23.40000000000006,0.0,0.0,0.0,NO
EARLY_LF8,S3->LF8,1,4,NOT_AVAILABLE_PAIRED,STAGE_AGGREGATE_ONLY,ordinary_demand_kg,135,7.56127237962801,7.56127237962801,0.0,0.0,0.0,NO
EARLY_LF8,S3->LF8,1,4,NOT_AVAILABLE_PAIRED,STAGE_AGGREGATE_ONLY,served_demand_kg,135,7.56127237962801,7.56127237962801,0.0,0.0,0.0,NO
EARLY_LF8,S3->LF8,1,4,NOT_AVAILABLE_PAIRED,STAGE_AGGREGATE_ONLY,shortage_kg,135,0.0,0.0,0.0,0.0,0.0,NO
EARLY_LF8,S3->LF8,1,4,NOT_AVAILABLE_PAIRED,STAGE_AGGREGATE_ONLY,htt_in_kg,135,0.0,0.0,0.0,0.0,0.0,NO
EARLY_LF8,S3->LF8,1,4,NOT_AVAILABLE_PAIRED,STAGE_AGGREGATE_ONLY,htt_out_kg,135,0.0,0.0,0.0,0.0,0.0,NO
EARLY_LF8,S3->LF8,1,4,NOT_AVAILABLE_PAIRED,STAGE_AGGREGATE_ONLY,ending_inventory_kg,135,48.86230846661483,48.86230846661483,0.0,0.0,0.0,NO
EARLY_LF8,S3->LF8,1,4,NOT_AVAILABLE_PAIRED,STAGE_AGGREGATE_ONLY,beginning_inventory_kg,135,33.023580846242915,33.023580846242915,0.0,0.0,0.0,NO
EARLY_LF8,S3->LF8,2,1,NOT_AVAILABLE_PAIRED,STAGE_AGGREGATE_ONLY,production_kg,135,45.760000000000105,4.896666666666666,-40.863333333333415,-43.34164490965541,-38.38502175701142,NO
EARLY_LF8,S3->LF8,2,1,NOT_AVAILABLE_PAIRED,STAGE_AGGREGATE_ONLY,ordinary_demand_kg,135,22.472918077183447,22.472918077183447,0.0,0.0,0.0,NO
EARLY_LF8,S3->LF8,2,1,NOT_AVAILABLE_PAIRED,STAGE_AGGREGATE_ONLY,served_demand_kg,135,20.350198919850364,22.472918077183447,2.122719157333098,1.00886774307041,3.236570571595786,NO
EARLY_LF8,S3->LF8,2,1,NOT_AVAILABLE_PAIRED,STAGE_AGGREGATE_ONLY,shortage_kg,135,2.1227191573330977,0.0,-2.1227191573330977,-3.2365705715957858,-1.0088677430704096,NO
EARLY_LF8,S3->LF8,2,1,NOT_AVAILABLE_PAIRED,STAGE_AGGREGATE_ONLY,htt_in_kg,135,4.637063368263495,2.930085813419966,-1.7069775548435262,-3.19748182878783,-0.21647328089922246,NO
EARLY_LF8,S3->LF8,2,1,NOT_AVAILABLE_PAIRED,STAGE_AGGREGATE_ONLY,htt_out_kg,135,0.0,0.0,0.0,0.0,0.0,NO
EARLY_LF8,S3->LF8,2,1,NOT_AVAILABLE_PAIRED,STAGE_AGGREGATE_ONLY,ending_inventory_kg,135,120.05222041000526,75.35919036449563,-44.693030045509964,-46.772766903106444,-42.613293187913484,NO
EARLY_LF8,S3->LF8,2,1,NOT_AVAILABLE_PAIRED,STAGE_AGGREGATE_ONLY,beginning_inventory_kg,135,90.00535596159231,90.00535596159231,0.0,0.0,0.0,NO
EARLY_LF8,S3->LF8,2,2,NOT_AVAILABLE_PAIRED,STAGE_AGGREGATE_ONLY,production_kg,135,21.0888987360569,2.966182448274267,-18.122716287782644,-20.093077867920872,-16.152354707644417,NO
EARLY_LF8,S3->LF8,2,2,NOT_AVAILABLE_PAIRED,STAGE_AGGREGATE_ONLY,ordinary_demand_kg,135,14.658385093167684,14.658385093167684,0.0,0.0,0.0,NO
EARLY_LF8,S3->LF8,2,2,NOT_AVAILABLE_PAIRED,STAGE_AGGREGATE_ONLY,served_demand_kg,135,13.483159341926605,14.658385093167684,1.175225751241081,0.5115069557669976,1.8389445467151646,NO
EARLY_LF8,S3->LF8,2,2,NOT_AVAILABLE_PAIRED,STAGE_AGGREGATE_ONLY,shortage_kg,135,1.1752257512410806,0.0,-1.1752257512410806,-1.8389445467151642,-0.5115069557669971,NO
EARLY_LF8,S3->LF8,2,2,NOT_AVAILABLE_PAIRED,STAGE_AGGREGATE_ONLY,htt_in_kg,135,0.38000815177214337,0.0,-0.38000815177214337,-0.6455913823894583,-0.11442492115482833,NO
EARLY_LF8,S3->LF8,2,2,NOT_AVAILABLE_PAIRED,STAGE_AGGREGATE_ONLY,htt_out_kg,135,4.37377945023863,1.4922204243039627,-2.8815590259346675,-5.876706830405199,0.11358877853586469,NO
EARLY_LF8,S3->LF8,2,2,NOT_AVAILABLE_PAIRED,STAGE_AGGREGATE_ONLY,ending_inventory_kg,135,72.47414330136924,47.877752136508064,-24.596391164861213,-28.16461489433974,-21.028167435382688,NO
EARLY_LF8,S3->LF8,2,2,NOT_AVAILABLE_PAIRED,STAGE_AGGREGATE_ONLY,beginning_inventory_kg,135,68.86217520570544,61.06217520570568,-7.799999999999981,-7.799999999999984,-7.7999999999999785,NO
EARLY_LF8,S3->LF8,2,3,NOT_AVAILABLE_PAIRED,STAGE_AGGREGATE_ONLY,production_kg,135,8.610793866401247,1.6296237567048792,-6.981170109696367,-8.050937107140122,-5.911403112252612,NO
EARLY_LF8,S3->LF8,2,3,NOT_AVAILABLE_PAIRED,STAGE_AGGREGATE_ONLY,ordinary_demand_kg,135,9.07472205464105,9.07472205464105,0.0,0.0,0.0,NO
EARLY_LF8,S3->LF8,2,3,NOT_AVAILABLE_PAIRED,STAGE_AGGREGATE_ONLY,served_demand_kg,135,8.200859930860792,9.07472205464105,0.8738621237802485,0.4164719982366452,1.3312522493238519,NO
EARLY_LF8,S3->LF8,2,3,NOT_AVAILABLE_PAIRED,STAGE_AGGREGATE_ONLY,shortage_kg,135,0.8738621237802485,0.0,-0.8738621237802485,-1.3312522493238519,-0.4164719982366452,NO
EARLY_LF8,S3->LF8,2,3,NOT_AVAILABLE_PAIRED,STAGE_AGGREGATE_ONLY,htt_in_kg,135,0.6012199183203047,0.0,-0.6012199183203047,-1.1454333289006464,-0.057006507739963186,NO
EARLY_LF8,S3->LF8,2,3,NOT_AVAILABLE_PAIRED,STAGE_AGGREGATE_ONLY,htt_out_kg,135,1.6220692990243992,2.9632874971810512,1.341218198156652,-0.9194150068060449,3.601851403119349,NO
EARLY_LF8,S3->LF8,2,3,NOT_AVAILABLE_PAIRED,STAGE_AGGREGATE_ONLY,ending_inventory_kg,135,39.40672605540648,27.269255705452974,-12.137470349953578,-15.093355315245153,-9.181585384662002,NO
EARLY_LF8,S3->LF8,2,3,NOT_AVAILABLE_PAIRED,STAGE_AGGREGATE_ONLY,beginning_inventory_kg,135,40.017641500569965,37.677641500570076,-2.3400000000000083,-2.340000000000009,-2.3400000000000074,NO
EARLY_LF8,S3->LF8,2,4,NOT_AVAILABLE_PAIRED,STAGE_AGGREGATE_ONLY,production_kg,135,22.18666666666672,3.3150000000000017,-18.87166666666668,-20.12231512001104,-17.62101821332232,NO
EARLY_LF8,S3->LF8,2,4,NOT_AVAILABLE_PAIRED,STAGE_AGGREGATE_ONLY,ordinary_demand_kg,135,13.286980705718813,13.286980705718813,0.0,0.0,0.0,NO
EARLY_LF8,S3->LF8,2,4,NOT_AVAILABLE_PAIRED,STAGE_AGGREGATE_ONLY,served_demand_kg,135,12.401181992004222,13.286980705718813,0.8857987137145868,0.3195141902277425,1.4520832372014312,NO
EARLY_LF8,S3->LF8,2,4,NOT_AVAILABLE_PAIRED,STAGE_AGGREGATE_ONLY,shortage_kg,135,0.8857987137145868,0.0,-0.8857987137145868,-1.4520832372014312,-0.3195141902277425,NO
EARLY_LF8,S3->LF8,2,4,NOT_AVAILABLE_PAIRED,STAGE_AGGREGATE_ONLY,htt_in_kg,135,0.37755731090707406,1.5254221080650472,1.1478647971579732,-0.2132537205067735,2.5089833148227196,NO
EARLY_LF8,S3->LF8,2,4,NOT_AVAILABLE_PAIRED,STAGE_AGGREGATE_ONLY,htt_out_kg,135,0.0,0.0,0.0,0.0,0.0,NO
EARLY_LF8,S3->LF8,2,4,NOT_AVAILABLE_PAIRED,STAGE_AGGREGATE_ONLY,ending_inventory_kg,135,59.025350452184405,40.41574986896097,-18.609600583223287,-20.53276982798502,-16.686431338461553,NO
EARLY_LF8,S3->LF8,2,4,NOT_AVAILABLE_PAIRED,STAGE_AGGREGATE_ONLY,beginning_inventory_kg,135,48.86230846661483,48.86230846661483,0.0,0.0,0.0,NO
EARLY_LF8,S3->LF8,3,1,NOT_AVAILABLE_PAIRED,STAGE_AGGREGATE_ONLY,production_kg,135,28.81492985106885,10.963333333333331,-17.8515965177355,-19.992041402997334,-15.711151632473669,NO
EARLY_LF8,S3->LF8,3,1,NOT_AVAILABLE_PAIRED,STAGE_AGGREGATE_ONLY,ordinary_demand_kg,135,17.68788083953955,17.68788083953955,0.0,0.0,0.0,NO
EARLY_LF8,S3->LF8,3,1,NOT_AVAILABLE_PAIRED,STAGE_AGGREGATE_ONLY,served_demand_kg,135,16.054063606348777,17.294816820883117,1.240753214534345,0.479915265183003,2.0015911638856867,NO
EARLY_LF8,S3->LF8,3,1,NOT_AVAILABLE_PAIRED,STAGE_AGGREGATE_ONLY,shortage_kg,135,1.63381723319078,0.3930640186564355,-1.240753214534345,-2.0015911638856867,-0.479915265183003,NO
EARLY_LF8,S3->LF8,3,1,NOT_AVAILABLE_PAIRED,STAGE_AGGREGATE_ONLY,htt_in_kg,135,5.533003478249167,7.744935784361309,2.2119323061121428,-2.744773411228449,7.1686380234527345,NO
EARLY_LF8,S3->LF8,3,1,NOT_AVAILABLE_PAIRED,STAGE_AGGREGATE_ONLY,htt_out_kg,135,0.0,0.0,0.0,0.0,0.0,NO
EARLY_LF8,S3->LF8,3,1,NOT_AVAILABLE_PAIRED,STAGE_AGGREGATE_ONLY,ending_inventory_kg,135,138.34609013297484,76.77264266130724,-61.57344747166763,-67.87966190104306,-55.26723304229218,NO
EARLY_LF8,S3->LF8,3,1,NOT_AVAILABLE_PAIRED,STAGE_AGGREGATE_ONLY,beginning_inventory_kg,135,120.05222041000526,75.35919036449563,-44.693030045509964,-46.772766903106444,-42.613293187913484,NO
EARLY_LF8,S3->LF8,3,2,NOT_AVAILABLE_PAIRED,STAGE_AGGREGATE_ONLY,production_kg,135,8.384243404035926,3.707087026664584,-4.677156377371334,-5.487603302279925,-3.8667094524627443,NO
EARLY_LF8,S3->LF8,3,2,NOT_AVAILABLE_PAIRED,STAGE_AGGREGATE_ONLY,ordinary_demand_kg,135,8.695652173913022,8.695652173913022,0.0,0.0,0.0,NO
EARLY_LF8,S3->LF8,3,2,NOT_AVAILABLE_PAIRED,STAGE_AGGREGATE_ONLY,served_demand_kg,135,7.987117552334926,8.644247342832891,0.6571297904979669,0.27451257918318694,1.039747001812747,NO
EARLY_LF8,S3->LF8,3,2,NOT_AVAILABLE_PAIRED,STAGE_AGGREGATE_ONLY,shortage_kg,135,0.7085346215780993,0.051404831080132524,-0.6571297904979669,-1.039747001812747,-0.27451257918318694,NO
EARLY_LF8,S3->LF8,3,2,NOT_AVAILABLE_PAIRED,STAGE_AGGREGATE_ONLY,htt_in_kg,135,10.923403810230235,0.16946886097708,-10.753934949253155,-13.470195770247027,-8.037674128259283,NO
EARLY_LF8,S3->LF8,3,2,NOT_AVAILABLE_PAIRED,STAGE_AGGREGATE_ONLY,htt_out_kg,135,1.6477333361899646,16.42910950412401,14.781376167934056,11.821629998215727,17.741122337652385,NO
EARLY_LF8,S3->LF8,3,2,NOT_AVAILABLE_PAIRED,STAGE_AGGREGATE_ONLY,ending_inventory_kg,135,82.14693962711056,26.68095117719287,-55.46598844991775,-61.054783891612296,-49.87719300822321,NO
EARLY_LF8,S3->LF8,3,2,NOT_AVAILABLE_PAIRED,STAGE_AGGREGATE_ONLY,beginning_inventory_kg,135,72.47414330136924,47.877752136508064,-24.596391164861213,-28.16461489433974,-21.028167435382688,NO
EARLY_LF8,S3->LF8,3,3,NOT_AVAILABLE_PAIRED,STAGE_AGGREGATE_ONLY,production_kg,135,3.2531406270733325,2.9270020066624496,-0.3261386204108828,-0.7013933533685263,0.049116112546760626,NO
EARLY_LF8,S3->LF8,3,3,NOT_AVAILABLE_PAIRED,STAGE_AGGREGATE_ONLY,ordinary_demand_kg,135,9.960786003619742,9.960786003619742,0.0,0.0,0.0,NO
EARLY_LF8,S3->LF8,3,3,NOT_AVAILABLE_PAIRED,STAGE_AGGREGATE_ONLY,served_demand_kg,135,9.278649094633204,9.960786003619742,0.6821369089865436,0.25901313934626935,1.1052606786268178,NO
EARLY_LF8,S3->LF8,3,3,NOT_AVAILABLE_PAIRED,STAGE_AGGREGATE_ONLY,shortage_kg,135,0.6821369089865438,0.0,-0.6821369089865438,-1.105260678626818,-0.2590131393462696,NO
EARLY_LF8,S3->LF8,3,3,NOT_AVAILABLE_PAIRED,STAGE_AGGREGATE_ONLY,htt_in_kg,135,0.1835472972648923,10.693966406776282,10.510419109511389,8.162994359906392,12.857843859116386,NO
EARLY_LF8,S3->LF8,3,3,NOT_AVAILABLE_PAIRED,STAGE_AGGREGATE_ONLY,htt_out_kg,135,15.048236734040314,2.9076812660681863,-12.140555467972124,-14.595853399088172,-9.685257536856076,NO
EARLY_LF8,S3->LF8,3,3,NOT_AVAILABLE_PAIRED,STAGE_AGGREGATE_ONLY,ending_inventory_kg,135,18.516528151071167,28.021756849203708,9.505228698132516,4.8915126331739405,14.118944763091092,NO
EARLY_LF8,S3->LF8,3,3,NOT_AVAILABLE_PAIRED,STAGE_AGGREGATE_ONLY,beginning_inventory_kg,135,39.40672605540648,27.269255705452974,-12.137470349953578,-15.093355315245153,-9.181585384662002,NO
EARLY_LF8,S3->LF8,3,4,NOT_AVAILABLE_PAIRED,STAGE_AGGREGATE_ONLY,production_kg,135,10.429846859357323,5.9583333333333295,-4.471513526023993,-5.248923348273841,-3.694103703774145,NO
EARLY_LF8,S3->LF8,3,4,NOT_AVAILABLE_PAIRED,STAGE_AGGREGATE_ONLY,ordinary_demand_kg,135,9.151746914653218,9.151746914653218,0.0,0.0,0.0,NO
EARLY_LF8,S3->LF8,3,4,NOT_AVAILABLE_PAIRED,STAGE_AGGREGATE_ONLY,served_demand_kg,135,8.38793277035973,8.812793325221621,0.4248605548618955,0.10130104446772797,0.7484200652560631,NO
EARLY_LF8,S3->LF8,3,4,NOT_AVAILABLE_PAIRED,STAGE_AGGREGATE_ONLY,shortage_kg,135,0.763814144293496,0.3389535894316007,-0.4248605548618955,-0.7484200652560631,-0.10130104446772797,NO
EARLY_LF8,S3->LF8,3,4,NOT_AVAILABLE_PAIRED,STAGE_AGGREGATE_ONLY,htt_in_kg,135,1.9310105777279183,1.639660551365656,-0.2913500263622625,-2.361803564230516,1.779103511505991,NO
EARLY_LF8,S3->LF8,3,4,NOT_AVAILABLE_PAIRED,STAGE_AGGREGATE_ONLY,htt_out_kg,135,1.8749950932419333,0.911240833288117,-0.9637542599538165,-3.0872628077902946,1.1597542878826617,NO
EARLY_LF8,S3->LF8,3,4,NOT_AVAILABLE_PAIRED,STAGE_AGGREGATE_ONLY,ending_inventory_kg,135,61.12328002566792,38.289709595150356,-22.8335704305176,-26.688889593527392,-18.978251267507808,NO
EARLY_LF8,S3->LF8,3,4,NOT_AVAILABLE_PAIRED,STAGE_AGGREGATE_ONLY,beginning_inventory_kg,135,59.025350452184405,40.41574986896097,-18.609600583223287,-20.53276982798502,-16.686431338461553,NO
EARLY_LF8,S4->LF8,1,1,NOT_AVAILABLE_PAIRED,STAGE_AGGREGATE_ONLY,production_kg,175,46.80000000000013,46.80000000000013,0.0,0.0,0.0,NO
EARLY_LF8,S4->LF8,1,1,NOT_AVAILABLE_PAIRED,STAGE_AGGREGATE_ONLY,ordinary_demand_kg,175,14.83920108327689,14.83920108327689,0.0,0.0,0.0,NO
EARLY_LF8,S4->LF8,1,1,NOT_AVAILABLE_PAIRED,STAGE_AGGREGATE_ONLY,served_demand_kg,175,14.83920108327689,14.83920108327689,0.0,0.0,0.0,NO
EARLY_LF8,S4->LF8,1,1,NOT_AVAILABLE_PAIRED,STAGE_AGGREGATE_ONLY,shortage_kg,175,0.0,0.0,0.0,0.0,0.0,NO
EARLY_LF8,S4->LF8,1,1,NOT_AVAILABLE_PAIRED,STAGE_AGGREGATE_ONLY,htt_in_kg,175,0.0,0.0,0.0,0.0,0.0,NO
EARLY_LF8,S4->LF8,1,1,NOT_AVAILABLE_PAIRED,STAGE_AGGREGATE_ONLY,htt_out_kg,175,0.0,0.0,0.0,0.0,0.0,NO
EARLY_LF8,S4->LF8,1,1,NOT_AVAILABLE_PAIRED,STAGE_AGGREGATE_ONLY,ending_inventory_kg,175,90.00535596159217,90.00535596159217,0.0,0.0,0.0,NO
EARLY_LF8,S4->LF8,1,1,NOT_AVAILABLE_PAIRED,STAGE_AGGREGATE_ONLY,beginning_inventory_kg,175,58.0445570448695,58.0445570448695,0.0,0.0,0.0,NO
EARLY_LF8,S4->LF8,1,2,NOT_AVAILABLE_PAIRED,STAGE_AGGREGATE_ONLY,production_kg,175,31.1999999999999,23.400000000000066,-7.799999999999975,-7.7999999999999785,-7.799999999999971,NO
EARLY_LF8,S4->LF8,1,2,NOT_AVAILABLE_PAIRED,STAGE_AGGREGATE_ONLY,ordinary_demand_kg,175,12.645962732919296,12.645962732919296,0.0,0.0,0.0,NO
EARLY_LF8,S4->LF8,1,2,NOT_AVAILABLE_PAIRED,STAGE_AGGREGATE_ONLY,served_demand_kg,175,12.645962732919296,12.645962732919296,0.0,0.0,0.0,NO
EARLY_LF8,S4->LF8,1,2,NOT_AVAILABLE_PAIRED,STAGE_AGGREGATE_ONLY,shortage_kg,175,0.0,0.0,0.0,0.0,0.0,NO
EARLY_LF8,S4->LF8,1,2,NOT_AVAILABLE_PAIRED,STAGE_AGGREGATE_ONLY,htt_in_kg,175,0.0,0.0,0.0,0.0,0.0,NO
EARLY_LF8,S4->LF8,1,2,NOT_AVAILABLE_PAIRED,STAGE_AGGREGATE_ONLY,htt_out_kg,175,0.0,0.0,0.0,0.0,0.0,NO
EARLY_LF8,S4->LF8,1,2,NOT_AVAILABLE_PAIRED,STAGE_AGGREGATE_ONLY,ending_inventory_kg,175,68.8621752057056,61.06217520570552,-7.799999999999975,-7.7999999999999785,-7.799999999999971,NO
EARLY_LF8,S4->LF8,1,2,NOT_AVAILABLE_PAIRED,STAGE_AGGREGATE_ONLY,beginning_inventory_kg,175,50.30813793862482,50.30813793862482,0.0,0.0,0.0,NO
EARLY_LF8,S4->LF8,1,3,NOT_AVAILABLE_PAIRED,STAGE_AGGREGATE_ONLY,production_kg,175,18.71999999999994,16.380000000000067,-2.3399999999999923,-2.3399999999999936,-2.339999999999991,NO
EARLY_LF8,S4->LF8,1,3,NOT_AVAILABLE_PAIRED,STAGE_AGGREGATE_ONLY,ordinary_demand_kg,175,3.9644919417392,3.9644919417392,0.0,0.0,0.0,NO
EARLY_LF8,S4->LF8,1,3,NOT_AVAILABLE_PAIRED,STAGE_AGGREGATE_ONLY,served_demand_kg,175,3.9644919417392,3.9644919417392,0.0,0.0,0.0,NO
EARLY_LF8,S4->LF8,1,3,NOT_AVAILABLE_PAIRED,STAGE_AGGREGATE_ONLY,shortage_kg,175,0.0,0.0,0.0,0.0,0.0,NO
EARLY_LF8,S4->LF8,1,3,NOT_AVAILABLE_PAIRED,STAGE_AGGREGATE_ONLY,htt_in_kg,175,0.0,0.0,0.0,0.0,0.0,NO
EARLY_LF8,S4->LF8,1,3,NOT_AVAILABLE_PAIRED,STAGE_AGGREGATE_ONLY,htt_out_kg,175,0.0,0.0,0.0,0.0,0.0,NO
EARLY_LF8,S4->LF8,1,3,NOT_AVAILABLE_PAIRED,STAGE_AGGREGATE_ONLY,ending_inventory_kg,175,40.01764150056995,37.67764150057,-2.3400000000000136,-2.340000000000015,-2.3400000000000123,NO
EARLY_LF8,S4->LF8,1,3,NOT_AVAILABLE_PAIRED,STAGE_AGGREGATE_ONLY,beginning_inventory_kg,175,25.26213344230928,25.26213344230928,0.0,0.0,0.0,NO
EARLY_LF8,S4->LF8,1,4,NOT_AVAILABLE_PAIRED,STAGE_AGGREGATE_ONLY,production_kg,175,23.400000000000066,23.400000000000066,0.0,0.0,0.0,NO
EARLY_LF8,S4->LF8,1,4,NOT_AVAILABLE_PAIRED,STAGE_AGGREGATE_ONLY,ordinary_demand_kg,175,7.561272379628009,7.561272379628009,0.0,0.0,0.0,NO
EARLY_LF8,S4->LF8,1,4,NOT_AVAILABLE_PAIRED,STAGE_AGGREGATE_ONLY,served_demand_kg,175,7.561272379628009,7.561272379628009,0.0,0.0,0.0,NO
EARLY_LF8,S4->LF8,1,4,NOT_AVAILABLE_PAIRED,STAGE_AGGREGATE_ONLY,shortage_kg,175,0.0,0.0,0.0,0.0,0.0,NO
EARLY_LF8,S4->LF8,1,4,NOT_AVAILABLE_PAIRED,STAGE_AGGREGATE_ONLY,htt_in_kg,175,0.0,0.0,0.0,0.0,0.0,NO
EARLY_LF8,S4->LF8,1,4,NOT_AVAILABLE_PAIRED,STAGE_AGGREGATE_ONLY,htt_out_kg,175,0.0,0.0,0.0,0.0,0.0,NO
EARLY_LF8,S4->LF8,1,4,NOT_AVAILABLE_PAIRED,STAGE_AGGREGATE_ONLY,ending_inventory_kg,175,48.86230846661485,48.86230846661485,0.0,0.0,0.0,NO
EARLY_LF8,S4->LF8,1,4,NOT_AVAILABLE_PAIRED,STAGE_AGGREGATE_ONLY,beginning_inventory_kg,175,33.023580846242936,33.023580846242936,0.0,0.0,0.0,NO
EARLY_LF8,S4->LF8,2,1,NOT_AVAILABLE_PAIRED,STAGE_AGGREGATE_ONLY,production_kg,175,46.80000000000013,2.406857142857143,-44.393142857142976,-45.939777510120344,-42.84650820416561,NO
EARLY_LF8,S4->LF8,2,1,NOT_AVAILABLE_PAIRED,STAGE_AGGREGATE_ONLY,ordinary_demand_kg,175,22.47291807718341,22.47291807718341,0.0,0.0,0.0,NO
EARLY_LF8,S4->LF8,2,1,NOT_AVAILABLE_PAIRED,STAGE_AGGREGATE_ONLY,served_demand_kg,175,21.60589191845846,22.47291807718341,0.8670261587249557,0.22880554484083482,1.5052467726090766,NO
EARLY_LF8,S4->LF8,2,1,NOT_AVAILABLE_PAIRED,STAGE_AGGREGATE_ONLY,shortage_kg,175,0.8670261587249554,0.0,-0.8670261587249554,-1.505246772609076,-0.2288055448408347,NO
EARLY_LF8,S4->LF8,2,1,NOT_AVAILABLE_PAIRED,STAGE_AGGREGATE_ONLY,htt_in_kg,175,0.0,0.5408333650963326,0.5408333650963326,-0.21178734256572718,1.2934540727583923,NO
EARLY_LF8,S4->LF8,2,1,NOT_AVAILABLE_PAIRED,STAGE_AGGREGATE_ONLY,htt_out_kg,175,0.0,0.0,0.0,0.0,0.0,NO
EARLY_LF8,S4->LF8,2,1,NOT_AVAILABLE_PAIRED,STAGE_AGGREGATE_ONLY,ending_inventory_kg,175,115.1994640431335,70.48012839236243,-44.7193356507715,-46.31116760193335,-43.12750369960965,NO
EARLY_LF8,S4->LF8,2,1,NOT_AVAILABLE_PAIRED,STAGE_AGGREGATE_ONLY,beginning_inventory_kg,175,90.00535596159217,90.00535596159217,0.0,0.0,0.0,NO
EARLY_LF8,S4->LF8,2,2,NOT_AVAILABLE_PAIRED,STAGE_AGGREGATE_ONLY,production_kg,175,23.224681717705174,1.3948969256070234,-21.829784792098156,-22.926231679439724,-20.73333790475659,NO
EARLY_LF8,S4->LF8,2,2,NOT_AVAILABLE_PAIRED,STAGE_AGGREGATE_ONLY,ordinary_demand_kg,175,14.658385093167729,14.658385093167729,0.0,0.0,0.0,NO
EARLY_LF8,S4->LF8,2,2,NOT_AVAILABLE_PAIRED,STAGE_AGGREGATE_ONLY,served_demand_kg,175,14.149067418257761,14.658385093167729,0.5093176749099592,0.12457880591387066,0.8940565439060477,NO
EARLY_LF8,S4->LF8,2,2,NOT_AVAILABLE_PAIRED,STAGE_AGGREGATE_ONLY,shortage_kg,175,0.5093176749099589,0.0,-0.5093176749099589,-0.8940565439060475,-0.12457880591387044,NO
EARLY_LF8,S4->LF8,2,2,NOT_AVAILABLE_PAIRED,STAGE_AGGREGATE_ONLY,htt_in_kg,175,0.0,0.0,0.0,0.0,0.0,NO
EARLY_LF8,S4->LF8,2,2,NOT_AVAILABLE_PAIRED,STAGE_AGGREGATE_ONLY,htt_out_kg,175,0.0,0.3306220391727669,0.3306220391727669,-0.11652469387292641,0.7777687722184602,NO
EARLY_LF8,S4->LF8,2,2,NOT_AVAILABLE_PAIRED,STAGE_AGGREGATE_ONLY,ending_inventory_kg,175,77.93778950515296,47.468064998971954,-30.469724506180896,-31.41460102784573,-29.52484798451606,NO
EARLY_LF8,S4->LF8,2,2,NOT_AVAILABLE_PAIRED,STAGE_AGGREGATE_ONLY,beginning_inventory_kg,175,68.8621752057056,61.06217520570552,-7.799999999999975,-7.7999999999999785,-7.799999999999971,NO
EARLY_LF8,S4->LF8,2,3,NOT_AVAILABLE_PAIRED,STAGE_AGGREGATE_ONLY,production_kg,175,11.66072100820429,0.6734580726110482,-10.987262935593238,-11.802515271265195,-10.17201059992128,NO
EARLY_LF8,S4->LF8,2,3,NOT_AVAILABLE_PAIRED,STAGE_AGGREGATE_ONLY,ordinary_demand_kg,175,9.074722054641072,9.074722054641072,0.0,0.0,0.0,NO
EARLY_LF8,S4->LF8,2,3,NOT_AVAILABLE_PAIRED,STAGE_AGGREGATE_ONLY,served_demand_kg,175,8.659877617857477,9.074722054641072,0.41484443678359045,0.13124644847989098,0.6984424250872899,NO
EARLY_LF8,S4->LF8,2,3,NOT_AVAILABLE_PAIRED,STAGE_AGGREGATE_ONLY,shortage_kg,175,0.41484443678359045,0.0,-0.41484443678359045,-0.6984424250872899,-0.13124644847989098,NO
EARLY_LF8,S4->LF8,2,3,NOT_AVAILABLE_PAIRED,STAGE_AGGREGATE_ONLY,htt_in_kg,175,0.0,0.0,0.0,0.0,0.0,NO
EARLY_LF8,S4->LF8,2,3,NOT_AVAILABLE_PAIRED,STAGE_AGGREGATE_ONLY,htt_out_kg,175,0.0,0.8112500476444989,0.8112500476444989,-0.10785037280708398,1.730350468096082,NO
EARLY_LF8,S4->LF8,2,3,NOT_AVAILABLE_PAIRED,STAGE_AGGREGATE_ONLY,ending_inventory_kg,175,43.01848489091697,28.465127470895656,-14.55335742002134,-15.697407215950832,-13.409307624091849,NO
EARLY_LF8,S4->LF8,2,3,NOT_AVAILABLE_PAIRED,STAGE_AGGREGATE_ONLY,beginning_inventory_kg,175,40.01764150056995,37.67764150057,-2.3400000000000136,-2.340000000000015,-2.3400000000000123,NO
EARLY_LF8,S4->LF8,2,4,NOT_AVAILABLE_PAIRED,STAGE_AGGREGATE_ONLY,production_kg,175,23.400000000000066,2.4737142857142884,-20.92628571428572,-21.685647074928095,-20.166924353643342,NO
EARLY_LF8,S4->LF8,2,4,NOT_AVAILABLE_PAIRED,STAGE_AGGREGATE_ONLY,ordinary_demand_kg,175,13.286980705718797,13.286980705718797,0.0,0.0,0.0,NO
EARLY_LF8,S4->LF8,2,4,NOT_AVAILABLE_PAIRED,STAGE_AGGREGATE_ONLY,served_demand_kg,175,13.211055101686119,13.286980705718797,0.07592560403267885,-0.07392811070457807,0.2257793187699358,NO
EARLY_LF8,S4->LF8,2,4,NOT_AVAILABLE_PAIRED,STAGE_AGGREGATE_ONLY,shortage_kg,175,0.07592560403267885,0.0,-0.07592560403267885,-0.2257793187699358,0.07392811070457807,NO
EARLY_LF8,S4->LF8,2,4,NOT_AVAILABLE_PAIRED,STAGE_AGGREGATE_ONLY,htt_in_kg,175,0.0,0.6010387217209331,0.6010387217209331,-0.10806201281064187,1.3101394562525082,NO
EARLY_LF8,S4->LF8,2,4,NOT_AVAILABLE_PAIRED,STAGE_AGGREGATE_ONLY,htt_out_kg,175,0.0,0.0,0.0,0.0,0.0,NO
EARLY_LF8,S4->LF8,2,4,NOT_AVAILABLE_PAIRED,STAGE_AGGREGATE_ONLY,ending_inventory_kg,175,59.05125336492877,38.65008076833111,-20.401172596597466,-21.664491511072598,-19.137853682122334,NO
EARLY_LF8,S4->LF8,2,4,NOT_AVAILABLE_PAIRED,STAGE_AGGREGATE_ONLY,beginning_inventory_kg,175,48.86230846661485,48.86230846661485,0.0,0.0,0.0,NO
EARLY_LF8,S4->LF8,3,1,NOT_AVAILABLE_PAIRED,STAGE_AGGREGATE_ONLY,production_kg,175,32.64029911653853,13.137428571428547,-19.502870545109936,-21.136989392717254,-17.868751697502617,NO
EARLY_LF8,S4->LF8,3,1,NOT_AVAILABLE_PAIRED,STAGE_AGGREGATE_ONLY,ordinary_demand_kg,175,17.687880839539538,17.687880839539538,0.0,0.0,0.0,NO
EARLY_LF8,S4->LF8,3,1,NOT_AVAILABLE_PAIRED,STAGE_AGGREGATE_ONLY,served_demand_kg,175,16.324279572055296,17.58680723474217,1.2625276626868813,0.604613535063901,1.9204417903098616,NO
EARLY_LF8,S4->LF8,3,1,NOT_AVAILABLE_PAIRED,STAGE_AGGREGATE_ONLY,shortage_kg,175,1.3636012674842515,0.10107360479736914,-1.2625276626868822,-1.9204417903098625,-0.6046135350639019,NO
EARLY_LF8,S4->LF8,3,1,NOT_AVAILABLE_PAIRED,STAGE_AGGREGATE_ONLY,htt_in_kg,175,0.324470809841128,5.016902297532986,4.692431487691858,1.8778025177157653,7.50706045766795,NO
EARLY_LF8,S4->LF8,3,1,NOT_AVAILABLE_PAIRED,STAGE_AGGREGATE_ONLY,htt_out_kg,175,0.0,0.0,0.0,0.0,0.0,NO
EARLY_LF8,S4->LF8,3,1,NOT_AVAILABLE_PAIRED,STAGE_AGGREGATE_ONLY,ending_inventory_kg,175,131.83995439745811,71.04765202658201,-60.79230237087614,-65.09174894622133,-56.49285579553096,NO
EARLY_LF8,S4->LF8,3,1,NOT_AVAILABLE_PAIRED,STAGE_AGGREGATE_ONLY,beginning_inventory_kg,175,115.1994640431335,70.48012839236243,-44.7193356507715,-46.31116760193335,-43.12750369960965,NO
EARLY_LF8,S4->LF8,3,2,NOT_AVAILABLE_PAIRED,STAGE_AGGREGATE_ONLY,production_kg,175,10.556712320653304,6.478709838446231,-4.078002482207059,-4.427355177610044,-3.7286497868040738,NO
EARLY_LF8,S4->LF8,3,2,NOT_AVAILABLE_PAIRED,STAGE_AGGREGATE_ONLY,ordinary_demand_kg,175,8.695652173913018,8.695652173913018,0.0,0.0,0.0,NO
EARLY_LF8,S4->LF8,3,2,NOT_AVAILABLE_PAIRED,STAGE_AGGREGATE_ONLY,served_demand_kg,175,7.901682143394489,8.695652173913018,0.7939700305185334,0.42507869215192845,1.1628613688851384,NO
EARLY_LF8,S4->LF8,3,2,NOT_AVAILABLE_PAIRED,STAGE_AGGREGATE_ONLY,shortage_kg,175,0.7939700305185334,0.0,-0.7939700305185334,-1.1628613688851384,-0.42507869215192845,NO
EARLY_LF8,S4->LF8,3,2,NOT_AVAILABLE_PAIRED,STAGE_AGGREGATE_ONLY,htt_in_kg,175,1.5797351681956024,0.0,-1.5797351681956024,-2.7622350932221353,-0.3972352431690698,NO
EARLY_LF8,S4->LF8,3,2,NOT_AVAILABLE_PAIRED,STAGE_AGGREGATE_ONLY,htt_out_kg,175,0.6095706955037768,6.497344710898553,5.887774015394777,3.174832002166639,8.600716028622916,NO
EARLY_LF8,S4->LF8,3,2,NOT_AVAILABLE_PAIRED,STAGE_AGGREGATE_ONLY,ending_inventory_kg,175,81.56298415510355,38.753777952606754,-42.80920620249686,-46.17395366856614,-39.44445873642758,NO
EARLY_LF8,S4->LF8,3,2,NOT_AVAILABLE_PAIRED,STAGE_AGGREGATE_ONLY,beginning_inventory_kg,175,77.93778950515296,47.468064998971954,-30.469724506180896,-31.41460102784573,-29.52484798451606,NO
EARLY_LF8,S4->LF8,3,3,NOT_AVAILABLE_PAIRED,STAGE_AGGREGATE_ONLY,production_kg,175,4.781552393068512,3.633851297073281,-1.1477010959952245,-1.373075906291562,-0.922326285698887,NO
EARLY_LF8,S4->LF8,3,3,NOT_AVAILABLE_PAIRED,STAGE_AGGREGATE_ONLY,ordinary_demand_kg,175,9.960786003619722,9.960786003619722,0.0,0.0,0.0,NO
EARLY_LF8,S4->LF8,3,3,NOT_AVAILABLE_PAIRED,STAGE_AGGREGATE_ONLY,served_demand_kg,175,9.16392312333015,9.960786003619722,0.79686288028958,0.39253177741660455,1.2011939831625553,NO
EARLY_LF8,S4->LF8,3,3,NOT_AVAILABLE_PAIRED,STAGE_AGGREGATE_ONLY,shortage_kg,175,0.79686288028958,0.0,-0.79686288028958,-1.2011939831625553,-0.39253177741660455,NO
EARLY_LF8,S4->LF8,3,3,NOT_AVAILABLE_PAIRED,STAGE_AGGREGATE_ONLY,htt_in_kg,175,0.6984653714609911,0.9220447760684557,0.22357940460746462,-0.7541334326336755,1.2012922418486047,NO
EARLY_LF8,S4->LF8,3,3,NOT_AVAILABLE_PAIRED,STAGE_AGGREGATE_ONLY,htt_out_kg,175,0.30869104774711775,3.541321346185075,3.232630298437958,1.7959819173987777,4.669278679477138,NO
EARLY_LF8,S4->LF8,3,3,NOT_AVAILABLE_PAIRED,STAGE_AGGREGATE_ONLY,ending_inventory_kg,175,39.02588848436919,19.51891619423245,-19.506972290136645,-22.023947222829833,-16.989997357443457,NO
EARLY_LF8,S4->LF8,3,3,NOT_AVAILABLE_PAIRED,STAGE_AGGREGATE_ONLY,beginning_inventory_kg,175,43.01848489091697,28.465127470895656,-14.55335742002134,-15.697407215950832,-13.409307624091849,NO
EARLY_LF8,S4->LF8,3,4,NOT_AVAILABLE_PAIRED,STAGE_AGGREGATE_ONLY,production_kg,175,14.02035593065228,7.370999999999991,-6.649355930652266,-7.157907165143045,-6.140804696161488,NO
EARLY_LF8,S4->LF8,3,4,NOT_AVAILABLE_PAIRED,STAGE_AGGREGATE_ONLY,ordinary_demand_kg,175,9.151746914653199,9.151746914653199,0.0,0.0,0.0,NO
EARLY_LF8,S4->LF8,3,4,NOT_AVAILABLE_PAIRED,STAGE_AGGREGATE_ONLY,served_demand_kg,175,8.675253171595042,9.151746914653199,0.4764937430581621,0.1844458704067809,0.7685416157095433,NO
EARLY_LF8,S4->LF8,3,4,NOT_AVAILABLE_PAIRED,STAGE_AGGREGATE_ONLY,shortage_kg,175,0.4764937430581621,0.0,-0.4764937430581621,-0.7685416157095433,-0.1844458704067809,NO
EARLY_LF8,S4->LF8,3,4,NOT_AVAILABLE_PAIRED,STAGE_AGGREGATE_ONLY,htt_in_kg,175,0.07679626673334285,4.15769744841669,4.080901181683347,1.5800694296641091,6.581732933702586,NO
EARLY_LF8,S4->LF8,3,4,NOT_AVAILABLE_PAIRED,STAGE_AGGREGATE_ONLY,htt_out_kg,175,1.7612058729801703,0.05797846493450171,-1.7032274080456689,-2.893795635311648,-0.5126591807796896,NO
EARLY_LF8,S4->LF8,3,4,NOT_AVAILABLE_PAIRED,STAGE_AGGREGATE_ONLY,ending_inventory_kg,175,62.71194651773918,40.96905283716026,-21.74289368057887,-25.54193470316036,-17.94385265799738,NO
EARLY_LF8,S4->LF8,3,4,NOT_AVAILABLE_PAIRED,STAGE_AGGREGATE_ONLY,beginning_inventory_kg,175,59.05125336492877,38.65008076833111,-20.401172596597466,-21.664491511072598,-19.137853682122334,NO
EARLY_LF8,S4->LF8,4,1,NOT_AVAILABLE_PAIRED,STAGE_AGGREGATE_ONLY,production_kg,175,45.47086944093264,28.071815548288345,-17.399053892644247,-19.706816648684345,-15.091291136604148,NO
EARLY_LF8,S4->LF8,4,1,NOT_AVAILABLE_PAIRED,STAGE_AGGREGATE_ONLY,ordinary_demand_kg,175,14.83920108327689,14.83920108327689,0.0,0.0,0.0,NO
EARLY_LF8,S4->LF8,4,1,NOT_AVAILABLE_PAIRED,STAGE_AGGREGATE_ONLY,served_demand_kg,175,13.684069386597299,14.233929009576649,0.5498596229793555,0.10197173724635666,0.9977475087123544,NO
EARLY_LF8,S4->LF8,4,1,NOT_AVAILABLE_PAIRED,STAGE_AGGREGATE_ONLY,shortage_kg,175,1.155131696679605,0.6052720737002496,-0.5498596229793555,-0.9977475087123544,-0.10197173724635661,NO
EARLY_LF8,S4->LF8,4,1,NOT_AVAILABLE_PAIRED,STAGE_AGGREGATE_ONLY,htt_in_kg,175,1.854211216218004,3.014371507231453,1.1601602910134488,-1.4214870121279226,3.74180759415482,NO
EARLY_LF8,S4->LF8,4,1,NOT_AVAILABLE_PAIRED,STAGE_AGGREGATE_ONLY,htt_out_kg,175,0.0,0.15592150566658972,0.15592150566658972,-0.1518194353407156,0.463662446673895,NO
EARLY_LF8,S4->LF8,4,1,NOT_AVAILABLE_PAIRED,STAGE_AGGREGATE_ONLY,ending_inventory_kg,175,165.48096566801172,87.74398856685836,-77.73697710115319,-83.58652091657517,-71.8874332857312,NO
EARLY_LF8,S4->LF8,4,1,NOT_AVAILABLE_PAIRED,STAGE_AGGREGATE_ONLY,beginning_inventory_kg,175,131.83995439745811,71.04765202658201,-60.79230237087614,-65.09174894622133,-56.49285579553096,NO
EARLY_LF8,S4->LF8,4,2,NOT_AVAILABLE_PAIRED,STAGE_AGGREGATE_ONLY,production_kg,175,21.57161001567902,8.418747983103088,-13.152862032575925,-14.508018580255827,-11.797705484896023,NO
EARLY_LF8,S4->LF8,4,2,NOT_AVAILABLE_PAIRED,STAGE_AGGREGATE_ONLY,ordinary_demand_kg,175,12.645962732919296,12.645962732919296,0.0,0.0,0.0,NO
EARLY_LF8,S4->LF8,4,2,NOT_AVAILABLE_PAIRED,STAGE_AGGREGATE_ONLY,served_demand_kg,175,12.15475823829746,12.223358158153676,0.06859991985621744,-0.2176500224181872,0.3548498621306221,NO
EARLY_LF8,S4->LF8,4,2,NOT_AVAILABLE_PAIRED,STAGE_AGGREGATE_ONLY,shortage_kg,175,0.49120449462184346,0.4226045747656255,-0.06859991985621781,-0.3548498621306229,0.21765002241818726,NO
EARLY_LF8,S4->LF8,4,2,NOT_AVAILABLE_PAIRED,STAGE_AGGREGATE_ONLY,htt_in_kg,175,1.349907512332624,1.552183709643756,0.20227619731113208,-1.0395985473365772,1.4441509419588412,NO
EARLY_LF8,S4->LF8,4,2,NOT_AVAILABLE_PAIRED,STAGE_AGGREGATE_ONLY,htt_out_kg,175,3.0413002805285902,4.076904034296599,1.0356037537680083,-0.4146523712808241,2.4858598788168407,NO
EARLY_LF8,S4->LF8,4,2,NOT_AVAILABLE_PAIRED,STAGE_AGGREGATE_ONLY,ending_inventory_kg,175,89.28844316428916,32.42444745290333,-56.86399571138588,-59.26662932206163,-54.46136210071013,NO
EARLY_LF8,S4->LF8,4,2,NOT_AVAILABLE_PAIRED,STAGE_AGGREGATE_ONLY,beginning_inventory_kg,175,81.56298415510355,38.753777952606754,-42.80920620249686,-46.17395366856614,-39.44445873642758,NO
EARLY_LF8,S4->LF8,4,3,NOT_AVAILABLE_PAIRED,STAGE_AGGREGATE_ONLY,production_kg,175,7.314727181211319,13.525271992139112,6.210544810927811,5.100340433690333,7.320749188165289,NO
EARLY_LF8,S4->LF8,4,3,NOT_AVAILABLE_PAIRED,STAGE_AGGREGATE_ONLY,ordinary_demand_kg,175,3.9644919417392,3.9644919417392,0.0,0.0,0.0,NO
EARLY_LF8,S4->LF8,4,3,NOT_AVAILABLE_PAIRED,STAGE_AGGREGATE_ONLY,served_demand_kg,175,3.789287643596273,3.8965292227379567,0.10724157914168403,0.007893322410077258,0.2065898358732908,NO
EARLY_LF8,S4->LF8,4,3,NOT_AVAILABLE_PAIRED,STAGE_AGGREGATE_ONLY,shortage_kg,175,0.17520429814292762,0.0679627190012436,-0.10724157914168399,-0.20658983587329077,-0.007893322410077216,NO
EARLY_LF8,S4->LF8,4,3,NOT_AVAILABLE_PAIRED,STAGE_AGGREGATE_ONLY,htt_in_kg,175,1.7496487786333992,1.8708062523816558,0.12115747374825574,-0.6575462907116935,0.8998612382082048,NO
EARLY_LF8,S4->LF8,4,3,NOT_AVAILABLE_PAIRED,STAGE_AGGREGATE_ONLY,htt_out_kg,175,2.1185092008777304,0.8925684910323141,-1.2259407098454154,-2.110028191376376,-0.34185322831445497,NO
EARLY_LF8,S4->LF8,4,3,NOT_AVAILABLE_PAIRED,STAGE_AGGREGATE_ONLY,ending_inventory_kg,175,42.18246759973988,30.125896724983033,-12.05657087475684,-15.160912647561359,-8.952229101952321,NO
EARLY_LF8,S4->LF8,4,3,NOT_AVAILABLE_PAIRED,STAGE_AGGREGATE_ONLY,beginning_inventory_kg,175,39.02588848436919,19.51891619423245,-19.506972290136645,-22.023947222829833,-16.989997357443457,NO
EARLY_LF8,S4->LF8,4,4,NOT_AVAILABLE_PAIRED,STAGE_AGGREGATE_ONLY,production_kg,175,22.800018100330412,15.845142857142847,-6.954875243187498,-8.213995549068251,-5.695754937306745,NO
EARLY_LF8,S4->LF8,4,4,NOT_AVAILABLE_PAIRED,STAGE_AGGREGATE_ONLY,ordinary_demand_kg,175,7.561272379628009,7.561272379628009,0.0,0.0,0.0,NO
EARLY_LF8,S4->LF8,4,4,NOT_AVAILABLE_PAIRED,STAGE_AGGREGATE_ONLY,served_demand_kg,175,7.06651362757977,7.258821484442889,0.19230785686311966,-0.02505925489199412,0.40967496861823344,NO
EARLY_LF8,S4->LF8,4,4,NOT_AVAILABLE_PAIRED,STAGE_AGGREGATE_ONLY,shortage_kg,175,0.4947587520482405,0.30245089518512086,-0.19230785686311966,-0.4096749686182335,0.025059254891994148,NO
EARLY_LF8,S4->LF8,4,4,NOT_AVAILABLE_PAIRED,STAGE_AGGREGATE_ONLY,htt_in_kg,175,1.6385004777134826,3.4261839483921688,1.7876834706786866,0.27152154530438954,3.3038453960529837,NO
EARLY_LF8,S4->LF8,4,4,NOT_AVAILABLE_PAIRED,STAGE_AGGREGATE_ONLY,htt_out_kg,175,1.4324585034911905,4.738151386653537,3.3056928831623478,0.4390275096331093,6.172358256691586,NO
EARLY_LF8,S4->LF8,4,4,NOT_AVAILABLE_PAIRED,STAGE_AGGREGATE_ONLY,ending_inventory_kg,175,78.65149296471198,48.24340677159879,-30.40808619311315,-34.22899723656504,-26.587175149661253,NO
EARLY_LF8,S4->LF8,4,4,NOT_AVAILABLE_PAIRED,STAGE_AGGREGATE_ONLY,beginning_inventory_kg,175,62.71194651773918,40.96905283716026,-21.74289368057887,-25.54193470316036,-17.94385265799738,NO
EARLY_LF8,S5->LF8,1,1,NOT_AVAILABLE_PAIRED,STAGE_AGGREGATE_ONLY,production_kg,69,46.80000000000005,46.80000000000005,0.0,0.0,0.0,NO
EARLY_LF8,S5->LF8,1,1,NOT_AVAILABLE_PAIRED,STAGE_AGGREGATE_ONLY,ordinary_demand_kg,69,14.839201083276885,14.839201083276885,0.0,0.0,0.0,NO
EARLY_LF8,S5->LF8,1,1,NOT_AVAILABLE_PAIRED,STAGE_AGGREGATE_ONLY,served_demand_kg,69,14.839201083276885,14.839201083276885,0.0,0.0,0.0,NO
EARLY_LF8,S5->LF8,1,1,NOT_AVAILABLE_PAIRED,STAGE_AGGREGATE_ONLY,shortage_kg,69,0.0,0.0,0.0,0.0,0.0,NO
EARLY_LF8,S5->LF8,1,1,NOT_AVAILABLE_PAIRED,STAGE_AGGREGATE_ONLY,htt_in_kg,69,0.0,0.0,0.0,0.0,0.0,NO
EARLY_LF8,S5->LF8,1,1,NOT_AVAILABLE_PAIRED,STAGE_AGGREGATE_ONLY,htt_out_kg,69,0.0,0.0,0.0,0.0,0.0,NO
EARLY_LF8,S5->LF8,1,1,NOT_AVAILABLE_PAIRED,STAGE_AGGREGATE_ONLY,ending_inventory_kg,69,90.0053559615926,90.0053559615926,0.0,0.0,0.0,NO
EARLY_LF8,S5->LF8,1,1,NOT_AVAILABLE_PAIRED,STAGE_AGGREGATE_ONLY,beginning_inventory_kg,69,58.04455704486954,58.04455704486954,0.0,0.0,0.0,NO
EARLY_LF8,S5->LF8,1,2,NOT_AVAILABLE_PAIRED,STAGE_AGGREGATE_ONLY,production_kg,69,31.200000000000024,23.400000000000023,-7.800000000000006,-7.800000000000007,-7.800000000000005,NO
EARLY_LF8,S5->LF8,1,2,NOT_AVAILABLE_PAIRED,STAGE_AGGREGATE_ONLY,ordinary_demand_kg,69,12.645962732919308,12.645962732919308,0.0,0.0,0.0,NO
EARLY_LF8,S5->LF8,1,2,NOT_AVAILABLE_PAIRED,STAGE_AGGREGATE_ONLY,served_demand_kg,69,12.645962732919308,12.645962732919308,0.0,0.0,0.0,NO
EARLY_LF8,S5->LF8,1,2,NOT_AVAILABLE_PAIRED,STAGE_AGGREGATE_ONLY,shortage_kg,69,0.0,0.0,0.0,0.0,0.0,NO
EARLY_LF8,S5->LF8,1,2,NOT_AVAILABLE_PAIRED,STAGE_AGGREGATE_ONLY,htt_in_kg,69,0.0,0.0,0.0,0.0,0.0,NO
EARLY_LF8,S5->LF8,1,2,NOT_AVAILABLE_PAIRED,STAGE_AGGREGATE_ONLY,htt_out_kg,69,0.0,0.0,0.0,0.0,0.0,NO
EARLY_LF8,S5->LF8,1,2,NOT_AVAILABLE_PAIRED,STAGE_AGGREGATE_ONLY,ending_inventory_kg,69,68.86217520570548,61.062175205705465,-7.800000000000006,-7.800000000000008,-7.800000000000004,NO
EARLY_LF8,S5->LF8,1,2,NOT_AVAILABLE_PAIRED,STAGE_AGGREGATE_ONLY,beginning_inventory_kg,69,50.30813793862486,50.30813793862486,0.0,0.0,0.0,NO
EARLY_LF8,S5->LF8,1,3,NOT_AVAILABLE_PAIRED,STAGE_AGGREGATE_ONLY,production_kg,69,18.72000000000002,16.380000000000006,-2.3400000000000025,-2.340000000000003,-2.340000000000002,NO
EARLY_LF8,S5->LF8,1,3,NOT_AVAILABLE_PAIRED,STAGE_AGGREGATE_ONLY,ordinary_demand_kg,69,3.964491941739204,3.964491941739204,0.0,0.0,0.0,NO
EARLY_LF8,S5->LF8,1,3,NOT_AVAILABLE_PAIRED,STAGE_AGGREGATE_ONLY,served_demand_kg,69,3.964491941739204,3.964491941739204,0.0,0.0,0.0,NO
EARLY_LF8,S5->LF8,1,3,NOT_AVAILABLE_PAIRED,STAGE_AGGREGATE_ONLY,shortage_kg,69,0.0,0.0,0.0,0.0,0.0,NO
EARLY_LF8,S5->LF8,1,3,NOT_AVAILABLE_PAIRED,STAGE_AGGREGATE_ONLY,htt_in_kg,69,0.0,0.0,0.0,0.0,0.0,NO
EARLY_LF8,S5->LF8,1,3,NOT_AVAILABLE_PAIRED,STAGE_AGGREGATE_ONLY,htt_out_kg,69,0.0,0.0,0.0,0.0,0.0,NO
EARLY_LF8,S5->LF8,1,3,NOT_AVAILABLE_PAIRED,STAGE_AGGREGATE_ONLY,ending_inventory_kg,69,40.01764150057004,37.67764150057015,-2.3400000000000034,-2.3400000000000034,-2.3400000000000034,NO
EARLY_LF8,S5->LF8,1,3,NOT_AVAILABLE_PAIRED,STAGE_AGGREGATE_ONLY,beginning_inventory_kg,69,25.262133442309285,25.262133442309285,0.0,0.0,0.0,NO
EARLY_LF8,S5->LF8,1,4,NOT_AVAILABLE_PAIRED,STAGE_AGGREGATE_ONLY,production_kg,69,23.400000000000023,23.400000000000023,0.0,0.0,0.0,NO
EARLY_LF8,S5->LF8,1,4,NOT_AVAILABLE_PAIRED,STAGE_AGGREGATE_ONLY,ordinary_demand_kg,69,7.5612723796280115,7.5612723796280115,0.0,0.0,0.0,NO
EARLY_LF8,S5->LF8,1,4,NOT_AVAILABLE_PAIRED,STAGE_AGGREGATE_ONLY,served_demand_kg,69,7.5612723796280115,7.5612723796280115,0.0,0.0,0.0,NO
EARLY_LF8,S5->LF8,1,4,NOT_AVAILABLE_PAIRED,STAGE_AGGREGATE_ONLY,shortage_kg,69,0.0,0.0,0.0,0.0,0.0,NO
EARLY_LF8,S5->LF8,1,4,NOT_AVAILABLE_PAIRED,STAGE_AGGREGATE_ONLY,htt_in_kg,69,0.0,0.0,0.0,0.0,0.0,NO
EARLY_LF8,S5->LF8,1,4,NOT_AVAILABLE_PAIRED,STAGE_AGGREGATE_ONLY,htt_out_kg,69,0.0,0.0,0.0,0.0,0.0,NO
EARLY_LF8,S5->LF8,1,4,NOT_AVAILABLE_PAIRED,STAGE_AGGREGATE_ONLY,ending_inventory_kg,69,48.862308466614664,48.862308466614664,0.0,0.0,0.0,NO
EARLY_LF8,S5->LF8,1,4,NOT_AVAILABLE_PAIRED,STAGE_AGGREGATE_ONLY,beginning_inventory_kg,69,33.023580846242815,33.023580846242815,0.0,0.0,0.0,NO
EARLY_LF8,S5->LF8,2,1,NOT_AVAILABLE_PAIRED,STAGE_AGGREGATE_ONLY,production_kg,69,46.80000000000005,2.034782608695652,-44.76521739130439,-47.07472752081818,-42.4557072617906,NO
EARLY_LF8,S5->LF8,2,1,NOT_AVAILABLE_PAIRED,STAGE_AGGREGATE_ONLY,ordinary_demand_kg,69,22.472918077183515,22.472918077183515,0.0,0.0,0.0,NO
EARLY_LF8,S5->LF8,2,1,NOT_AVAILABLE_PAIRED,STAGE_AGGREGATE_ONLY,served_demand_kg,69,21.9248698858654,22.472918077183515,0.5480481913181166,-0.10238854579984347,1.1984849284360766,NO
EARLY_LF8,S5->LF8,2,1,NOT_AVAILABLE_PAIRED,STAGE_AGGREGATE_ONLY,shortage_kg,69,0.5480481913181138,0.0,-0.5480481913181138,-1.1984849284360708,0.10238854579984313,NO
EARLY_LF8,S5->LF8,2,1,NOT_AVAILABLE_PAIRED,STAGE_AGGREGATE_ONLY,htt_in_kg,69,0.0,2.057518236779526,2.057518236779526,-0.27779718669351405,4.392833660252567,NO
EARLY_LF8,S5->LF8,2,1,NOT_AVAILABLE_PAIRED,STAGE_AGGREGATE_ONLY,htt_out_kg,69,0.0,0.0,0.0,0.0,0.0,NO
EARLY_LF8,S5->LF8,2,1,NOT_AVAILABLE_PAIRED,STAGE_AGGREGATE_ONLY,ending_inventory_kg,69,114.88048607572716,71.62473872988431,-43.25574734584283,-47.28301780071318,-39.22847689097247,NO
EARLY_LF8,S5->LF8,2,1,NOT_AVAILABLE_PAIRED,STAGE_AGGREGATE_ONLY,beginning_inventory_kg,69,90.0053559615926,90.0053559615926,0.0,0.0,0.0,NO
EARLY_LF8,S5->LF8,2,2,NOT_AVAILABLE_PAIRED,STAGE_AGGREGATE_ONLY,production_kg,69,23.770659910859038,1.3565217391304347,-22.414138171728602,-24.08156145245344,-20.746714891003766,NO
EARLY_LF8,S5->LF8,2,2,NOT_AVAILABLE_PAIRED,STAGE_AGGREGATE_ONLY,ordinary_demand_kg,69,14.658385093167688,14.658385093167688,0.0,0.0,0.0,NO
EARLY_LF8,S5->LF8,2,2,NOT_AVAILABLE_PAIRED,STAGE_AGGREGATE_ONLY,served_demand_kg,69,14.658385093167688,14.658385093167688,0.0,0.0,0.0,NO
EARLY_LF8,S5->LF8,2,2,NOT_AVAILABLE_PAIRED,STAGE_AGGREGATE_ONLY,shortage_kg,69,0.0,0.0,0.0,0.0,0.0,NO
EARLY_LF8,S5->LF8,2,2,NOT_AVAILABLE_PAIRED,STAGE_AGGREGATE_ONLY,htt_in_kg,69,0.0,0.0,0.0,0.0,0.0,NO
EARLY_LF8,S5->LF8,2,2,NOT_AVAILABLE_PAIRED,STAGE_AGGREGATE_ONLY,htt_out_kg,69,0.0,1.1774486074677548,1.1774486074677548,-0.15909274795368922,2.513989962889199,NO
EARLY_LF8,S5->LF8,2,2,NOT_AVAILABLE_PAIRED,STAGE_AGGREGATE_ONLY,ending_inventory_kg,69,77.97445002339678,46.58286324420053,-31.391586779196356,-32.60641756311166,-30.17675599528105,NO
EARLY_LF8,S5->LF8,2,2,NOT_AVAILABLE_PAIRED,STAGE_AGGREGATE_ONLY,beginning_inventory_kg,69,68.86217520570548,61.062175205705465,-7.800000000000006,-7.800000000000008,-7.800000000000004,NO
EARLY_LF8,S5->LF8,2,3,NOT_AVAILABLE_PAIRED,STAGE_AGGREGATE_ONLY,production_kg,69,13.871365981697794,0.8139130434782608,-13.057452938219534,-14.036593517252266,-12.078312359186802,NO
EARLY_LF8,S5->LF8,2,3,NOT_AVAILABLE_PAIRED,STAGE_AGGREGATE_ONLY,ordinary_demand_kg,69,9.074722054641033,9.074722054641033,0.0,0.0,0.0,NO
EARLY_LF8,S5->LF8,2,3,NOT_AVAILABLE_PAIRED,STAGE_AGGREGATE_ONLY,served_demand_kg,69,8.943204343704206,9.074722054641033,0.13151771093682665,-0.13092179510324983,0.3939572169769031,NO
EARLY_LF8,S5->LF8,2,3,NOT_AVAILABLE_PAIRED,STAGE_AGGREGATE_ONLY,shortage_kg,69,0.13151771093682665,0.0,-0.13151771093682665,-0.3939572169769031,0.13092179510324983,NO
EARLY_LF8,S5->LF8,2,3,NOT_AVAILABLE_PAIRED,STAGE_AGGREGATE_ONLY,htt_in_kg,69,0.0,0.0,0.0,0.0,0.0,NO
EARLY_LF8,S5->LF8,2,3,NOT_AVAILABLE_PAIRED,STAGE_AGGREGATE_ONLY,htt_out_kg,69,0.0,2.057518236779526,2.057518236779526,-0.27779718669351405,4.392833660252567,NO
EARLY_LF8,S5->LF8,2,3,NOT_AVAILABLE_PAIRED,STAGE_AGGREGATE_ONLY,ending_inventory_kg,69,44.94580313856372,27.359314252627797,-17.5864888859359,-19.543778301468045,-15.629199470403757,NO
EARLY_LF8,S5->LF8,2,3,NOT_AVAILABLE_PAIRED,STAGE_AGGREGATE_ONLY,beginning_inventory_kg,69,40.01764150057004,37.67764150057015,-2.3400000000000034,-2.3400000000000034,-2.3400000000000034,NO
EARLY_LF8,S5->LF8,2,4,NOT_AVAILABLE_PAIRED,STAGE_AGGREGATE_ONLY,production_kg,69,23.400000000000023,2.289130434782609,-21.110869565217385,-22.253256314783805,-19.968482815650965,NO
EARLY_LF8,S5->LF8,2,4,NOT_AVAILABLE_PAIRED,STAGE_AGGREGATE_ONLY,ordinary_demand_kg,69,13.28698070571878,13.28698070571878,0.0,0.0,0.0,NO
EARLY_LF8,S5->LF8,2,4,NOT_AVAILABLE_PAIRED,STAGE_AGGREGATE_ONLY,served_demand_kg,69,13.28698070571878,13.28698070571878,0.0,0.0,0.0,NO
EARLY_LF8,S5->LF8,2,4,NOT_AVAILABLE_PAIRED,STAGE_AGGREGATE_ONLY,shortage_kg,69,0.0,0.0,0.0,0.0,0.0,NO
EARLY_LF8,S5->LF8,2,4,NOT_AVAILABLE_PAIRED,STAGE_AGGREGATE_ONLY,htt_in_kg,69,0.0,1.1774486074677548,1.1774486074677548,-0.15909274795368922,2.513989962889199,NO
EARLY_LF8,S5->LF8,2,4,NOT_AVAILABLE_PAIRED,STAGE_AGGREGATE_ONLY,htt_out_kg,69,0.0,0.0,0.0,0.0,0.0,NO
EARLY_LF8,S5->LF8,2,4,NOT_AVAILABLE_PAIRED,STAGE_AGGREGATE_ONLY,ending_inventory_kg,69,58.97532776089608,39.04190680314638,-19.933420957749632,-22.383421685624317,-17.483420229874948,NO
EARLY_LF8,S5->LF8,2,4,NOT_AVAILABLE_PAIRED,STAGE_AGGREGATE_ONLY,beginning_inventory_kg,69,48.862308466614664,48.862308466614664,0.0,0.0,0.0,NO
EARLY_LF8,S5->LF8,3,1,NOT_AVAILABLE_PAIRED,STAGE_AGGREGATE_ONLY,production_kg,69,24.066985428921292,13.650000000000015,-10.416985428921304,-12.009051262596667,-8.824919595245941,NO
EARLY_LF8,S5->LF8,3,1,NOT_AVAILABLE_PAIRED,STAGE_AGGREGATE_ONLY,ordinary_demand_kg,69,17.68788083953959,17.68788083953959,0.0,0.0,0.0,NO
EARLY_LF8,S5->LF8,3,1,NOT_AVAILABLE_PAIRED,STAGE_AGGREGATE_ONLY,served_demand_kg,69,17.003985708155792,17.68788083953959,0.6838951313838041,-0.02977815100609338,1.3975684137737017,NO
EARLY_LF8,S5->LF8,3,1,NOT_AVAILABLE_PAIRED,STAGE_AGGREGATE_ONLY,shortage_kg,69,0.6838951313838055,0.0,-0.6838951313838055,-1.3975684137737034,0.02977815100609249,NO
EARLY_LF8,S5->LF8,3,1,NOT_AVAILABLE_PAIRED,STAGE_AGGREGATE_ONLY,htt_in_kg,69,0.0,2.4651524712041115,2.4651524712041115,0.4660680735440095,4.464236868864214,NO
EARLY_LF8,S5->LF8,3,1,NOT_AVAILABLE_PAIRED,STAGE_AGGREGATE_ONLY,htt_out_kg,69,0.0,0.0,0.0,0.0,0.0,NO
EARLY_LF8,S5->LF8,3,1,NOT_AVAILABLE_PAIRED,STAGE_AGGREGATE_ONLY,ending_inventory_kg,69,121.94348579649272,70.05201036154885,-51.891475434943914,-57.19407664025803,-46.588874229629795,NO
EARLY_LF8,S5->LF8,3,1,NOT_AVAILABLE_PAIRED,STAGE_AGGREGATE_ONLY,beginning_inventory_kg,69,114.88048607572716,71.62473872988431,-43.25574734584283,-47.28301780071318,-39.22847689097247,NO
EARLY_LF8,S5->LF8,3,2,NOT_AVAILABLE_PAIRED,STAGE_AGGREGATE_ONLY,production_kg,69,9.597468701891813,7.065217391304338,-2.532251310587469,-2.801485697383412,-2.2630169237915263,NO
EARLY_LF8,S5->LF8,3,2,NOT_AVAILABLE_PAIRED,STAGE_AGGREGATE_ONLY,ordinary_demand_kg,69,8.69565217391304,8.69565217391304,0.0,0.0,0.0,NO
EARLY_LF8,S5->LF8,3,2,NOT_AVAILABLE_PAIRED,STAGE_AGGREGATE_ONLY,served_demand_kg,69,8.569628229363577,8.69565217391304,0.12602394454946433,-0.12545292135090133,0.37750081044982997,NO
EARLY_LF8,S5->LF8,3,2,NOT_AVAILABLE_PAIRED,STAGE_AGGREGATE_ONLY,shortage_kg,69,0.12602394454946433,0.0,-0.12602394454946433,-0.37750081044982997,0.12545292135090133,NO
EARLY_LF8,S5->LF8,3,2,NOT_AVAILABLE_PAIRED,STAGE_AGGREGATE_ONLY,htt_in_kg,69,1.5414399502063174,0.0,-1.5414399502063174,-3.2943538961018564,0.21147399568922154,NO
EARLY_LF8,S5->LF8,3,2,NOT_AVAILABLE_PAIRED,STAGE_AGGREGATE_ONLY,htt_out_kg,69,0.7494193073177492,0.009039659279255869,-0.7403796480384933,-2.2361230290214733,0.7553637329444866,NO
EARLY_LF8,S5->LF8,3,2,NOT_AVAILABLE_PAIRED,STAGE_AGGREGATE_ONLY,ending_inventory_kg,69,79.79431113881364,44.94338880231253,-34.85092233650109,-37.441488288493325,-32.26035638450886,NO
EARLY_LF8,S5->LF8,3,2,NOT_AVAILABLE_PAIRED,STAGE_AGGREGATE_ONLY,beginning_inventory_kg,69,77.97445002339678,46.58286324420053,-31.391586779196356,-32.60641756311166,-30.17675599528105,NO
EARLY_LF8,S5->LF8,3,3,NOT_AVAILABLE_PAIRED,STAGE_AGGREGATE_ONLY,production_kg,69,6.463289541631631,3.6070068814801073,-2.856282660151528,-3.280143531802953,-2.4324217885001027,NO
EARLY_LF8,S5->LF8,3,3,NOT_AVAILABLE_PAIRED,STAGE_AGGREGATE_ONLY,ordinary_demand_kg,69,9.960786003619763,9.960786003619763,0.0,0.0,0.0,NO
EARLY_LF8,S5->LF8,3,3,NOT_AVAILABLE_PAIRED,STAGE_AGGREGATE_ONLY,served_demand_kg,69,9.672067568732235,9.960786003619763,0.288718434887529,-0.11565948343251653,0.6930963532075746,NO
EARLY_LF8,S5->LF8,3,3,NOT_AVAILABLE_PAIRED,STAGE_AGGREGATE_ONLY,shortage_kg,69,0.288718434887529,0.0,-0.288718434887529,-0.6930963532075746,0.11565948343251653,NO
EARLY_LF8,S5->LF8,3,3,NOT_AVAILABLE_PAIRED,STAGE_AGGREGATE_ONLY,htt_in_kg,69,0.7494193073177492,0.009039659279255869,-0.7403796480384933,-2.2361230290214733,0.7553637329444866,NO
EARLY_LF8,S5->LF8,3,3,NOT_AVAILABLE_PAIRED,STAGE_AGGREGATE_ONLY,htt_out_kg,69,0.0,2.4651524712041115,2.4651524712041115,0.4660680735440095,4.464236868864214,NO
EARLY_LF8,S5->LF8,3,3,NOT_AVAILABLE_PAIRED,STAGE_AGGREGATE_ONLY,ending_inventory_kg,69,42.486444418780856,18.549422318563295,-23.937022100217565,-27.46495233972431,-20.40909186071082,NO
EARLY_LF8,S5->LF8,3,3,NOT_AVAILABLE_PAIRED,STAGE_AGGREGATE_ONLY,beginning_inventory_kg,69,44.94580313856372,27.359314252627797,-17.5864888859359,-19.543778301468045,-15.629199470403757,NO
EARLY_LF8,S5->LF8,3,4,NOT_AVAILABLE_PAIRED,STAGE_AGGREGATE_ONLY,production_kg,69,15.896739130434776,7.545652173913048,-8.351086956521732,-9.134607713053029,-7.567566199990434,NO
EARLY_LF8,S5->LF8,3,4,NOT_AVAILABLE_PAIRED,STAGE_AGGREGATE_ONLY,ordinary_demand_kg,69,9.151746914653234,9.151746914653234,0.0,0.0,0.0,NO
EARLY_LF8,S5->LF8,3,4,NOT_AVAILABLE_PAIRED,STAGE_AGGREGATE_ONLY,served_demand_kg,69,9.151746914653234,9.151746914653234,0.0,0.0,0.0,NO
EARLY_LF8,S5->LF8,3,4,NOT_AVAILABLE_PAIRED,STAGE_AGGREGATE_ONLY,shortage_kg,69,0.0,0.0,0.0,0.0,0.0,NO
EARLY_LF8,S5->LF8,3,4,NOT_AVAILABLE_PAIRED,STAGE_AGGREGATE_ONLY,htt_in_kg,69,0.0,0.0,0.0,0.0,0.0,NO
EARLY_LF8,S5->LF8,3,4,NOT_AVAILABLE_PAIRED,STAGE_AGGREGATE_ONLY,htt_out_kg,69,1.5414399502063174,0.0,-1.5414399502063174,-3.2943538961018564,0.21147399568922154,NO
EARLY_LF8,S5->LF8,3,4,NOT_AVAILABLE_PAIRED,STAGE_AGGREGATE_ONLY,ending_inventory_kg,69,64.17888002647123,37.4358120624062,-26.743067964065038,-31.420656959443047,-22.065478968687028,NO
EARLY_LF8,S5->LF8,3,4,NOT_AVAILABLE_PAIRED,STAGE_AGGREGATE_ONLY,beginning_inventory_kg,69,58.97532776089608,39.04190680314638,-19.933420957749632,-22.383421685624317,-17.483420229874948,NO
EARLY_LF8,S5->LF8,4,1,NOT_AVAILABLE_PAIRED,STAGE_AGGREGATE_ONLY,production_kg,69,46.53592906203509,39.25434782608694,-7.281581235948095,-8.558425317077182,-6.004737154819008,NO
EARLY_LF8,S5->LF8,4,1,NOT_AVAILABLE_PAIRED,STAGE_AGGREGATE_ONLY,ordinary_demand_kg,69,14.839201083276885,14.839201083276885,0.0,0.0,0.0,NO
EARLY_LF8,S5->LF8,4,1,NOT_AVAILABLE_PAIRED,STAGE_AGGREGATE_ONLY,served_demand_kg,69,14.53199736913029,14.839201083276885,0.30720371414659564,-0.15718204693794752,0.7715894752311387,NO
EARLY_LF8,S5->LF8,4,1,NOT_AVAILABLE_PAIRED,STAGE_AGGREGATE_ONLY,shortage_kg,69,0.3072037141465959,0.0,-0.3072037141465959,-0.7715894752311393,0.15718204693794746,NO
EARLY_LF8,S5->LF8,4,1,NOT_AVAILABLE_PAIRED,STAGE_AGGREGATE_ONLY,htt_in_kg,69,0.0011761117919361218,2.54933307799461,2.5481569662026744,-0.46230764041434025,5.558621572819689,NO
EARLY_LF8,S5->LF8,4,1,NOT_AVAILABLE_PAIRED,STAGE_AGGREGATE_ONLY,htt_out_kg,69,2.458656185338639,0.0,-2.458656185338639,-4.678785265530417,-0.23852710514686093,NO
EARLY_LF8,S5->LF8,4,1,NOT_AVAILABLE_PAIRED,STAGE_AGGREGATE_ONLY,ending_inventory_kg,69,151.4899374158508,97.01649018235346,-54.47344723349731,-62.15070445955967,-46.79619000743495,NO
EARLY_LF8,S5->LF8,4,1,NOT_AVAILABLE_PAIRED,STAGE_AGGREGATE_ONLY,beginning_inventory_kg,69,121.94348579649272,70.05201036154885,-51.891475434943914,-57.19407664025803,-46.588874229629795,NO
EARLY_LF8,S5->LF8,4,2,NOT_AVAILABLE_PAIRED,STAGE_AGGREGATE_ONLY,production_kg,69,28.126411584827338,17.7453014918051,-10.381110093022254,-11.66656320602873,-9.095656980015779,NO
EARLY_LF8,S5->LF8,4,2,NOT_AVAILABLE_PAIRED,STAGE_AGGREGATE_ONLY,ordinary_demand_kg,69,12.645962732919308,12.645962732919308,0.0,0.0,0.0,NO
EARLY_LF8,S5->LF8,4,2,NOT_AVAILABLE_PAIRED,STAGE_AGGREGATE_ONLY,served_demand_kg,69,12.279413088486866,12.645962732919308,0.3665496444324435,-0.14683836362559982,0.8799376524904867,NO
EARLY_LF8,S5->LF8,4,2,NOT_AVAILABLE_PAIRED,STAGE_AGGREGATE_ONLY,shortage_kg,69,0.3665496444324435,0.0,-0.3665496444324435,-0.8799376524904867,0.14683836362559982,NO
EARLY_LF8,S5->LF8,4,2,NOT_AVAILABLE_PAIRED,STAGE_AGGREGATE_ONLY,htt_in_kg,69,0.5852000134675664,0.3255363800974,-0.2596636333701664,-1.3100840719752238,0.7907568052348911,NO
EARLY_LF8,S5->LF8,4,2,NOT_AVAILABLE_PAIRED,STAGE_AGGREGATE_ONLY,htt_out_kg,69,5.665430301916304,6.488345512913426,0.8229152109971211,-1.4915095551992876,3.13733997719353,NO
EARLY_LF8,S5->LF8,4,2,NOT_AVAILABLE_PAIRED,STAGE_AGGREGATE_ONLY,ending_inventory_kg,69,90.56107934670544,43.87991842838232,-46.68116091832313,-48.79168250827433,-44.57063932837193,NO
EARLY_LF8,S5->LF8,4,2,NOT_AVAILABLE_PAIRED,STAGE_AGGREGATE_ONLY,beginning_inventory_kg,69,79.79431113881364,44.94338880231253,-34.85092233650109,-37.441488288493325,-32.26035638450886,NO
EARLY_LF8,S5->LF8,4,3,NOT_AVAILABLE_PAIRED,STAGE_AGGREGATE_ONLY,production_kg,69,16.24365503799587,9.995110920921281,-6.24854411707459,-7.501633636863844,-4.9954545972853355,NO
EARLY_LF8,S5->LF8,4,3,NOT_AVAILABLE_PAIRED,STAGE_AGGREGATE_ONLY,ordinary_demand_kg,69,3.964491941739204,3.964491941739204,0.0,0.0,0.0,NO
EARLY_LF8,S5->LF8,4,3,NOT_AVAILABLE_PAIRED,STAGE_AGGREGATE_ONLY,served_demand_kg,69,3.792122726880978,3.964491941739204,0.1723692148582265,-0.02327254364225434,0.36801097335870736,NO
EARLY_LF8,S5->LF8,4,3,NOT_AVAILABLE_PAIRED,STAGE_AGGREGATE_ONLY,shortage_kg,69,0.1723692148582265,0.0,-0.1723692148582265,-0.36801097335870736,0.02327254364225434,NO
EARLY_LF8,S5->LF8,4,3,NOT_AVAILABLE_PAIRED,STAGE_AGGREGATE_ONLY,htt_in_kg,69,6.312045843906965,0.3029082976147551,-6.0091375462922105,-9.159067226978623,-2.8592078656057978,NO
EARLY_LF8,S5->LF8,4,3,NOT_AVAILABLE_PAIRED,STAGE_AGGREGATE_ONLY,htt_out_kg,69,0.18398383143465785,3.445075938201358,3.2610921067667005,0.8797441904397045,5.642440023093696,NO
EARLY_LF8,S5->LF8,4,3,NOT_AVAILABLE_PAIRED,STAGE_AGGREGATE_ONLY,ending_inventory_kg,69,61.066038742368065,21.437873657158793,-39.628165085209275,-46.225133430430766,-33.031196739987784,NO
EARLY_LF8,S5->LF8,4,3,NOT_AVAILABLE_PAIRED,STAGE_AGGREGATE_ONLY,beginning_inventory_kg,69,42.486444418780856,18.549422318563295,-23.937022100217565,-27.46495233972431,-20.40909186071082,NO
EARLY_LF8,S5->LF8,4,4,NOT_AVAILABLE_PAIRED,STAGE_AGGREGATE_ONLY,production_kg,69,23.400000000000023,21.06847826086956,-2.3315217391304333,-3.1539636390286994,-1.5090798392321672,NO
EARLY_LF8,S5->LF8,4,4,NOT_AVAILABLE_PAIRED,STAGE_AGGREGATE_ONLY,ordinary_demand_kg,69,7.5612723796280115,7.5612723796280115,0.0,0.0,0.0,NO
EARLY_LF8,S5->LF8,4,4,NOT_AVAILABLE_PAIRED,STAGE_AGGREGATE_ONLY,served_demand_kg,69,7.025160583168819,7.451688721952243,0.42652813878342466,0.010240582833745515,0.8428156947331038,NO
EARLY_LF8,S5->LF8,4,4,NOT_AVAILABLE_PAIRED,STAGE_AGGREGATE_ONLY,shortage_kg,69,0.5361117964591932,0.10958365767576841,-0.42652813878342466,-0.8428156947331038,-0.01024058283374557,NO
EARLY_LF8,S5->LF8,4,4,NOT_AVAILABLE_PAIRED,STAGE_AGGREGATE_ONLY,htt_in_kg,69,2.1978974694512186,7.384088373120173,5.1861909036689555,1.125927042320555,9.246454765017356,NO
EARLY_LF8,S5->LF8,4,4,NOT_AVAILABLE_PAIRED,STAGE_AGGREGATE_ONLY,htt_out_kg,69,0.7882491199280856,0.6284446777121552,-0.15980444221593038,-1.696139365907647,1.3765304814757862,NO
EARLY_LF8,S5->LF8,4,4,NOT_AVAILABLE_PAIRED,STAGE_AGGREGATE_ONLY,ending_inventory_kg,69,81.96336779282547,57.8082452967315,-24.155122496094027,-30.16805606834318,-18.142188923844873,NO
EARLY_LF8,S5->LF8,4,4,NOT_AVAILABLE_PAIRED,STAGE_AGGREGATE_ONLY,beginning_inventory_kg,69,64.17888002647123,37.4358120624062,-26.743067964065038,-31.420656959443047,-22.065478968687028,NO
EARLY_LF8,S5->LF8,5,1,NOT_AVAILABLE_PAIRED,STAGE_AGGREGATE_ONLY,production_kg,69,23.488639900113004,10.552343940546233,-12.936295959566781,-16.027834166146683,-9.844757752986878,NO
EARLY_LF8,S5->LF8,5,1,NOT_AVAILABLE_PAIRED,STAGE_AGGREGATE_ONLY,ordinary_demand_kg,69,22.472918077183515,22.472918077183515,0.0,0.0,0.0,NO
EARLY_LF8,S5->LF8,5,1,NOT_AVAILABLE_PAIRED,STAGE_AGGREGATE_ONLY,served_demand_kg,69,21.751357582679564,21.82152914741008,0.07017156473051477,-0.7929851988096891,0.9333283282707187,NO
EARLY_LF8,S5->LF8,5,1,NOT_AVAILABLE_PAIRED,STAGE_AGGREGATE_ONLY,shortage_kg,69,0.7215604945039493,0.6513889297734348,-0.07017156473051449,-0.9333283282707182,0.7929851988096893,NO
EARLY_LF8,S5->LF8,5,1,NOT_AVAILABLE_PAIRED,STAGE_AGGREGATE_ONLY,htt_in_kg,69,2.4999415191343757,4.888291368473875,2.388349849339499,-2.7299349155023673,7.506634614181365,NO
EARLY_LF8,S5->LF8,5,1,NOT_AVAILABLE_PAIRED,STAGE_AGGREGATE_ONLY,htt_out_kg,69,0.24698591792031,0.0,-0.24698591792031,-0.5619709277833176,0.06799909194269754,NO
EARLY_LF8,S5->LF8,5,1,NOT_AVAILABLE_PAIRED,STAGE_AGGREGATE_ONLY,ending_inventory_kg,69,155.4801753344983,90.63559634396348,-64.84457899053479,-76.49151782328863,-53.19764015778094,NO
EARLY_LF8,S5->LF8,5,1,NOT_AVAILABLE_PAIRED,STAGE_AGGREGATE_ONLY,beginning_inventory_kg,69,151.4899374158508,97.01649018235346,-54.47344723349731,-62.15070445955967,-46.79619000743495,NO
EARLY_LF8,S5->LF8,5,2,NOT_AVAILABLE_PAIRED,STAGE_AGGREGATE_ONLY,production_kg,69,5.661991804400092,6.895149193591555,1.2331573891914633,0.0013092615747336556,2.4650055168081932,NO
EARLY_LF8,S5->LF8,5,2,NOT_AVAILABLE_PAIRED,STAGE_AGGREGATE_ONLY,ordinary_demand_kg,69,14.658385093167688,14.658385093167688,0.0,0.0,0.0,NO
EARLY_LF8,S5->LF8,5,2,NOT_AVAILABLE_PAIRED,STAGE_AGGREGATE_ONLY,served_demand_kg,69,14.054487962510285,14.233504365829493,0.17901640331921032,-0.4806089727297005,0.8386417793681211,NO
EARLY_LF8,S5->LF8,5,2,NOT_AVAILABLE_PAIRED,STAGE_AGGREGATE_ONLY,shortage_kg,69,0.6038971306574041,0.4248807273381942,-0.17901640331920987,-0.8386417793681205,0.4806089727297007,NO
EARLY_LF8,S5->LF8,5,2,NOT_AVAILABLE_PAIRED,STAGE_AGGREGATE_ONLY,htt_in_kg,69,11.281217371571415,2.393840446930817,-8.8873769246406,-12.566379907071598,-5.208373942209603,NO
EARLY_LF8,S5->LF8,5,2,NOT_AVAILABLE_PAIRED,STAGE_AGGREGATE_ONLY,htt_out_kg,69,0.7708356506887201,9.994378270694659,9.22354262000594,6.2071564824679175,12.239928757543963,NO
EARLY_LF8,S5->LF8,5,2,NOT_AVAILABLE_PAIRED,STAGE_AGGREGATE_ONLY,ending_inventory_kg,69,92.67896490947801,28.941025432380556,-63.73793947709743,-67.80547159951465,-59.67040735468021,NO
EARLY_LF8,S5->LF8,5,2,NOT_AVAILABLE_PAIRED,STAGE_AGGREGATE_ONLY,beginning_inventory_kg,69,90.56107934670544,43.87991842838232,-46.68116091832313,-48.79168250827433,-44.57063932837193,NO
EARLY_LF8,S5->LF8,5,3,NOT_AVAILABLE_PAIRED,STAGE_AGGREGATE_ONLY,production_kg,69,2.716251053475215,3.5906481457194355,0.8743970922442205,0.05708894636580886,1.691705238122632,NO
EARLY_LF8,S5->LF8,5,3,NOT_AVAILABLE_PAIRED,STAGE_AGGREGATE_ONLY,ordinary_demand_kg,69,9.074722054641033,9.074722054641033,0.0,0.0,0.0,NO
EARLY_LF8,S5->LF8,5,3,NOT_AVAILABLE_PAIRED,STAGE_AGGREGATE_ONLY,served_demand_kg,69,9.074722054641033,8.868008463880328,-0.20671359076070547,-0.5070993330643732,0.09367215154296218,NO
EARLY_LF8,S5->LF8,5,3,NOT_AVAILABLE_PAIRED,STAGE_AGGREGATE_ONLY,shortage_kg,69,0.0,0.20671359076070547,0.20671359076070547,-0.09367215154296218,0.5070993330643732,NO
EARLY_LF8,S5->LF8,5,3,NOT_AVAILABLE_PAIRED,STAGE_AGGREGATE_ONLY,htt_in_kg,69,0.0,5.76975028266062,5.76975028266062,4.060953824761676,7.4785467405595645,NO
EARLY_LF8,S5->LF8,5,3,NOT_AVAILABLE_PAIRED,STAGE_AGGREGATE_ONLY,htt_out_kg,69,14.173027026472987,1.3773993558455664,-12.795627670627418,-16.814979474135505,-8.776275867119333,NO
EARLY_LF8,S5->LF8,5,3,NOT_AVAILABLE_PAIRED,STAGE_AGGREGATE_ONLY,ending_inventory_kg,69,40.534540714729246,20.55286426581295,-19.98167644891631,-26.291830611887942,-13.671522285944679,NO
EARLY_LF8,S5->LF8,5,3,NOT_AVAILABLE_PAIRED,STAGE_AGGREGATE_ONLY,beginning_inventory_kg,69,61.066038742368065,21.437873657158793,-39.628165085209275,-46.225133430430766,-33.031196739987784,NO
EARLY_LF8,S5->LF8,5,4,NOT_AVAILABLE_PAIRED,STAGE_AGGREGATE_ONLY,production_kg,69,7.821192296428957,5.1424859970222006,-2.678706299406757,-3.602880684432074,-1.7545319143814404,NO
EARLY_LF8,S5->LF8,5,4,NOT_AVAILABLE_PAIRED,STAGE_AGGREGATE_ONLY,ordinary_demand_kg,69,13.28698070571878,13.28698070571878,0.0,0.0,0.0,NO
EARLY_LF8,S5->LF8,5,4,NOT_AVAILABLE_PAIRED,STAGE_AGGREGATE_ONLY,served_demand_kg,69,12.392695218829893,13.09441576795474,0.70172054912485,-0.007195842325897539,1.4106369405755976,NO
EARLY_LF8,S5->LF8,5,4,NOT_AVAILABLE_PAIRED,STAGE_AGGREGATE_ONLY,shortage_kg,69,0.8942854868888891,0.1925649377640406,-0.7017205491248484,-1.4106369405755956,0.007195842325898871,NO
EARLY_LF8,S5->LF8,5,4,NOT_AVAILABLE_PAIRED,STAGE_AGGREGATE_ONLY,htt_in_kg,69,1.9077712954997987,3.6375480300107044,1.7297767345109052,-0.7089922561002857,4.168545725122096,NO
EARLY_LF8,S5->LF8,5,4,NOT_AVAILABLE_PAIRED,STAGE_AGGREGATE_ONLY,htt_out_kg,69,0.498081591123574,5.317652501535789,4.819570910412215,-0.062345981206292755,9.701487802030723,NO
EARLY_LF8,S5->LF8,5,4,NOT_AVAILABLE_PAIRED,STAGE_AGGREGATE_ONLY,ending_inventory_kg,69,78.80155457480082,48.176211054273885,-30.625343520526958,-36.5040828419033,-24.746604199150614,NO
EARLY_LF8,S5->LF8,5,4,NOT_AVAILABLE_PAIRED,STAGE_AGGREGATE_ONLY,beginning_inventory_kg,69,81.96336779282547,57.8082452967315,-24.155122496094027,-30.16805606834318,-18.142188923844873,NO
EARLY_STAGE7,S2->STAGE7,1,1,NOT_AVAILABLE_PAIRED,STAGE_AGGREGATE_ONLY,production_kg,80,46.80000000000007,46.80000000000007,0.0,0.0,0.0,NO
EARLY_STAGE7,S2->STAGE7,1,1,NOT_AVAILABLE_PAIRED,STAGE_AGGREGATE_ONLY,ordinary_demand_kg,80,14.839201083276896,14.839201083276896,0.0,0.0,0.0,NO
EARLY_STAGE7,S2->STAGE7,1,1,NOT_AVAILABLE_PAIRED,STAGE_AGGREGATE_ONLY,served_demand_kg,80,14.839201083276896,14.839201083276896,0.0,0.0,0.0,NO
EARLY_STAGE7,S2->STAGE7,1,1,NOT_AVAILABLE_PAIRED,STAGE_AGGREGATE_ONLY,shortage_kg,80,0.0,0.0,0.0,0.0,0.0,NO
EARLY_STAGE7,S2->STAGE7,1,1,NOT_AVAILABLE_PAIRED,STAGE_AGGREGATE_ONLY,htt_in_kg,80,0.0,0.0,0.0,0.0,0.0,NO
EARLY_STAGE7,S2->STAGE7,1,1,NOT_AVAILABLE_PAIRED,STAGE_AGGREGATE_ONLY,htt_out_kg,80,0.0,0.0,0.0,0.0,0.0,NO
EARLY_STAGE7,S2->STAGE7,1,1,NOT_AVAILABLE_PAIRED,STAGE_AGGREGATE_ONLY,ending_inventory_kg,80,90.0053559615926,90.0053559615926,0.0,0.0,0.0,NO
EARLY_STAGE7,S2->STAGE7,1,1,NOT_AVAILABLE_PAIRED,STAGE_AGGREGATE_ONLY,beginning_inventory_kg,80,58.0445570448695,58.0445570448695,0.0,0.0,0.0,NO
EARLY_STAGE7,S2->STAGE7,1,2,NOT_AVAILABLE_PAIRED,STAGE_AGGREGATE_ONLY,production_kg,80,31.199999999999996,23.400000000000034,-7.799999999999999,-7.799999999999999,-7.799999999999999,NO
EARLY_STAGE7,S2->STAGE7,1,2,NOT_AVAILABLE_PAIRED,STAGE_AGGREGATE_ONLY,ordinary_demand_kg,80,12.64596273291931,12.64596273291931,0.0,0.0,0.0,NO
EARLY_STAGE7,S2->STAGE7,1,2,NOT_AVAILABLE_PAIRED,STAGE_AGGREGATE_ONLY,served_demand_kg,80,12.64596273291931,12.64596273291931,0.0,0.0,0.0,NO
EARLY_STAGE7,S2->STAGE7,1,2,NOT_AVAILABLE_PAIRED,STAGE_AGGREGATE_ONLY,shortage_kg,80,0.0,0.0,0.0,0.0,0.0,NO
EARLY_STAGE7,S2->STAGE7,1,2,NOT_AVAILABLE_PAIRED,STAGE_AGGREGATE_ONLY,htt_in_kg,80,0.0,0.0,0.0,0.0,0.0,NO
EARLY_STAGE7,S2->STAGE7,1,2,NOT_AVAILABLE_PAIRED,STAGE_AGGREGATE_ONLY,htt_out_kg,80,0.0,0.0,0.0,0.0,0.0,NO
EARLY_STAGE7,S2->STAGE7,1,2,NOT_AVAILABLE_PAIRED,STAGE_AGGREGATE_ONLY,ending_inventory_kg,80,68.86217520570544,61.06217520570552,-7.799999999999999,-7.799999999999999,-7.799999999999999,NO
EARLY_STAGE7,S2->STAGE7,1,2,NOT_AVAILABLE_PAIRED,STAGE_AGGREGATE_ONLY,beginning_inventory_kg,80,50.30813793862487,50.30813793862487,0.0,0.0,0.0,NO
EARLY_STAGE7,S2->STAGE7,1,3,NOT_AVAILABLE_PAIRED,STAGE_AGGREGATE_ONLY,production_kg,80,18.72000000000002,16.38000000000002,-2.3400000000000025,-2.340000000000003,-2.340000000000002,NO
EARLY_STAGE7,S2->STAGE7,1,3,NOT_AVAILABLE_PAIRED,STAGE_AGGREGATE_ONLY,ordinary_demand_kg,80,3.9644919417392033,3.9644919417392033,0.0,0.0,0.0,NO
EARLY_STAGE7,S2->STAGE7,1,3,NOT_AVAILABLE_PAIRED,STAGE_AGGREGATE_ONLY,served_demand_kg,80,3.9644919417392033,3.9644919417392033,0.0,0.0,0.0,NO
EARLY_STAGE7,S2->STAGE7,1,3,NOT_AVAILABLE_PAIRED,STAGE_AGGREGATE_ONLY,shortage_kg,80,0.0,0.0,0.0,0.0,0.0,NO
EARLY_STAGE7,S2->STAGE7,1,3,NOT_AVAILABLE_PAIRED,STAGE_AGGREGATE_ONLY,htt_in_kg,80,0.0,0.0,0.0,0.0,0.0,NO
EARLY_STAGE7,S2->STAGE7,1,3,NOT_AVAILABLE_PAIRED,STAGE_AGGREGATE_ONLY,htt_out_kg,80,0.0,0.0,0.0,0.0,0.0,NO
EARLY_STAGE7,S2->STAGE7,1,3,NOT_AVAILABLE_PAIRED,STAGE_AGGREGATE_ONLY,ending_inventory_kg,80,40.01764150057002,37.67764150057015,-2.3400000000000034,-2.3400000000000034,-2.3400000000000034,NO
EARLY_STAGE7,S2->STAGE7,1,3,NOT_AVAILABLE_PAIRED,STAGE_AGGREGATE_ONLY,beginning_inventory_kg,80,25.262133442309285,25.262133442309285,0.0,0.0,0.0,NO
EARLY_STAGE7,S2->STAGE7,1,4,NOT_AVAILABLE_PAIRED,STAGE_AGGREGATE_ONLY,production_kg,80,23.400000000000034,23.400000000000034,0.0,0.0,0.0,NO
EARLY_STAGE7,S2->STAGE7,1,4,NOT_AVAILABLE_PAIRED,STAGE_AGGREGATE_ONLY,ordinary_demand_kg,80,7.561272379628011,7.561272379628011,0.0,0.0,0.0,NO
EARLY_STAGE7,S2->STAGE7,1,4,NOT_AVAILABLE_PAIRED,STAGE_AGGREGATE_ONLY,served_demand_kg,80,7.561272379628011,7.561272379628011,0.0,0.0,0.0,NO
EARLY_STAGE7,S2->STAGE7,1,4,NOT_AVAILABLE_PAIRED,STAGE_AGGREGATE_ONLY,shortage_kg,80,0.0,0.0,0.0,0.0,0.0,NO
EARLY_STAGE7,S2->STAGE7,1,4,NOT_AVAILABLE_PAIRED,STAGE_AGGREGATE_ONLY,htt_in_kg,80,0.0,0.0,0.0,0.0,0.0,NO
EARLY_STAGE7,S2->STAGE7,1,4,NOT_AVAILABLE_PAIRED,STAGE_AGGREGATE_ONLY,htt_out_kg,80,0.0,0.0,0.0,0.0,0.0,NO
EARLY_STAGE7,S2->STAGE7,1,4,NOT_AVAILABLE_PAIRED,STAGE_AGGREGATE_ONLY,ending_inventory_kg,80,48.862308466614664,48.862308466614664,0.0,0.0,0.0,NO
EARLY_STAGE7,S2->STAGE7,1,4,NOT_AVAILABLE_PAIRED,STAGE_AGGREGATE_ONLY,beginning_inventory_kg,80,33.023580846242844,33.023580846242844,0.0,0.0,0.0,NO
EARLY_STAGE7,S2->STAGE7,2,1,NOT_AVAILABLE_PAIRED,STAGE_AGGREGATE_ONLY,production_kg,80,43.94812500000005,1.0237500000000002,-42.92437500000004,-44.729509897799225,-41.119240102200855,NO
EARLY_STAGE7,S2->STAGE7,2,1,NOT_AVAILABLE_PAIRED,STAGE_AGGREGATE_ONLY,ordinary_demand_kg,80,22.472918077183515,22.472918077183515,0.0,0.0,0.0,NO
EARLY_STAGE7,S2->STAGE7,2,1,NOT_AVAILABLE_PAIRED,STAGE_AGGREGATE_ONLY,served_demand_kg,80,22.192006601218722,22.472918077183515,0.28091147596479377,-0.2782288303577512,0.8400517822873388,NO
EARLY_STAGE7,S2->STAGE7,2,1,NOT_AVAILABLE_PAIRED,STAGE_AGGREGATE_ONLY,shortage_kg,80,0.28091147596479377,0.0,-0.28091147596479377,-0.8400517822873388,0.2782288303577512,NO
EARLY_STAGE7,S2->STAGE7,2,1,NOT_AVAILABLE_PAIRED,STAGE_AGGREGATE_ONLY,htt_in_kg,80,6.700736616149153,0.5915364930741138,-6.10920012307504,-8.262032939970037,-3.956367306180043,NO
EARLY_STAGE7,S2->STAGE7,2,1,NOT_AVAILABLE_PAIRED,STAGE_AGGREGATE_ONLY,htt_out_kg,80,0.0,0.0,0.0,0.0,0.0,NO
EARLY_STAGE7,S2->STAGE7,2,1,NOT_AVAILABLE_PAIRED,STAGE_AGGREGATE_ONLY,ending_inventory_kg,80,118.46221097652305,69.14772437748324,-49.31448659903985,-52.24815457839875,-46.38081861968096,NO
EARLY_STAGE7,S2->STAGE7,2,1,NOT_AVAILABLE_PAIRED,STAGE_AGGREGATE_ONLY,beginning_inventory_kg,80,90.0053559615926,90.0053559615926,0.0,0.0,0.0,NO
EARLY_STAGE7,S2->STAGE7,2,2,NOT_AVAILABLE_PAIRED,STAGE_AGGREGATE_ONLY,production_kg,80,13.357499999999991,0.39,-12.96749999999999,-15.846917673829779,-10.088082326170202,NO
EARLY_STAGE7,S2->STAGE7,2,2,NOT_AVAILABLE_PAIRED,STAGE_AGGREGATE_ONLY,ordinary_demand_kg,80,14.658385093167686,14.658385093167686,0.0,0.0,0.0,NO
EARLY_STAGE7,S2->STAGE7,2,2,NOT_AVAILABLE_PAIRED,STAGE_AGGREGATE_ONLY,served_demand_kg,80,14.47515527950309,14.658385093167686,0.18322981366459626,-0.1814800074204108,0.5479396347496033,NO
EARLY_STAGE7,S2->STAGE7,2,2,NOT_AVAILABLE_PAIRED,STAGE_AGGREGATE_ONLY,shortage_kg,80,0.18322981366459626,0.0,-0.18322981366459626,-0.5479396347496033,0.1814800074204108,NO
EARLY_STAGE7,S2->STAGE7,2,2,NOT_AVAILABLE_PAIRED,STAGE_AGGREGATE_ONLY,htt_in_kg,80,2.0876395515151165,0.0,-2.0876395515151165,-2.8385364608350363,-1.336742642195197,NO
EARLY_STAGE7,S2->STAGE7,2,2,NOT_AVAILABLE_PAIRED,STAGE_AGGREGATE_ONLY,htt_out_kg,80,1.2507771900713125,0.26870018414343877,-0.9820770059278738,-2.9368523886027322,0.9726983767469848,NO
EARLY_STAGE7,S2->STAGE7,2,2,NOT_AVAILABLE_PAIRED,STAGE_AGGREGATE_ONLY,ending_inventory_kg,80,68.58138228764616,46.52508992839443,-22.056292359251845,-26.042633069388533,-18.069951649115158,NO
EARLY_STAGE7,S2->STAGE7,2,2,NOT_AVAILABLE_PAIRED,STAGE_AGGREGATE_ONLY,beginning_inventory_kg,80,68.86217520570544,61.06217520570552,-7.799999999999999,-7.799999999999999,-7.799999999999999,NO
EARLY_STAGE7,S2->STAGE7,2,3,NOT_AVAILABLE_PAIRED,STAGE_AGGREGATE_ONLY,production_kg,80,2.193750000000001,0.23399999999999999,-1.959750000000001,-2.4931501790652324,-1.4263498209347696,NO
EARLY_STAGE7,S2->STAGE7,2,3,NOT_AVAILABLE_PAIRED,STAGE_AGGREGATE_ONLY,ordinary_demand_kg,80,9.074722054641033,9.074722054641033,0.0,0.0,0.0,NO
EARLY_STAGE7,S2->STAGE7,2,3,NOT_AVAILABLE_PAIRED,STAGE_AGGREGATE_ONLY,served_demand_kg,80,8.96128802895802,9.074722054641033,0.113434025683013,-0.11235075455767868,0.3392188059237047,NO
EARLY_STAGE7,S2->STAGE7,2,3,NOT_AVAILABLE_PAIRED,STAGE_AGGREGATE_ONLY,shortage_kg,80,0.113434025683013,0.0,-0.113434025683013,-0.3392188059237047,0.11235075455767868,NO
EARLY_STAGE7,S2->STAGE7,2,3,NOT_AVAILABLE_PAIRED,STAGE_AGGREGATE_ONLY,htt_in_kg,80,0.12552958568079375,0.0,-0.12552958568079375,-0.37538997585900713,0.1243308044974196,NO
EARLY_STAGE7,S2->STAGE7,2,3,NOT_AVAILABLE_PAIRED,STAGE_AGGREGATE_ONLY,htt_out_kg,80,8.300256525429445,0.5915364930741138,-7.708720032355332,-10.864093284588577,-4.553346780122087,NO
EARLY_STAGE7,S2->STAGE7,2,3,NOT_AVAILABLE_PAIRED,STAGE_AGGREGATE_ONLY,ending_inventory_kg,80,25.075376531863505,28.245382952854964,3.170006420991503,0.1967871840038926,6.143225657979113,NO
EARLY_STAGE7,S2->STAGE7,2,3,NOT_AVAILABLE_PAIRED,STAGE_AGGREGATE_ONLY,beginning_inventory_kg,80,40.01764150057002,37.67764150057015,-2.3400000000000034,-2.3400000000000034,-2.3400000000000034,NO
EARLY_STAGE7,S2->STAGE7,2,4,NOT_AVAILABLE_PAIRED,STAGE_AGGREGATE_ONLY,production_kg,80,19.780312500000015,1.1699999999999995,-18.6103125,-19.805833119703788,-17.41479188029621,NO
EARLY_STAGE7,S2->STAGE7,2,4,NOT_AVAILABLE_PAIRED,STAGE_AGGREGATE_ONLY,ordinary_demand_kg,80,13.28698070571878,13.28698070571878,0.0,0.0,0.0,NO
EARLY_STAGE7,S2->STAGE7,2,4,NOT_AVAILABLE_PAIRED,STAGE_AGGREGATE_ONLY,served_demand_kg,80,13.120893446897293,13.28698070571878,0.166087258821485,-0.16450116037629703,0.49667567801926704,NO
EARLY_STAGE7,S2->STAGE7,2,4,NOT_AVAILABLE_PAIRED,STAGE_AGGREGATE_ONLY,shortage_kg,80,0.166087258821485,0.0,-0.166087258821485,-0.49667567801926704,0.16450116037629703,NO
EARLY_STAGE7,S2->STAGE7,2,4,NOT_AVAILABLE_PAIRED,STAGE_AGGREGATE_ONLY,htt_in_kg,80,0.6371279621556875,0.26870018414343877,-0.36842777801224874,-1.1017649261226428,0.3649093700981452,NO
EARLY_STAGE7,S2->STAGE7,2,4,NOT_AVAILABLE_PAIRED,STAGE_AGGREGATE_ONLY,htt_out_kg,80,0.0,0.0,0.0,0.0,0.0,NO
EARLY_STAGE7,S2->STAGE7,2,4,NOT_AVAILABLE_PAIRED,STAGE_AGGREGATE_ONLY,ending_inventory_kg,80,56.15885548187323,37.01402794503946,-19.144827536833734,-20.395212734859868,-17.8944423388076,NO
EARLY_STAGE7,S2->STAGE7,2,4,NOT_AVAILABLE_PAIRED,STAGE_AGGREGATE_ONLY,beginning_inventory_kg,80,48.862308466614664,48.862308466614664,0.0,0.0,0.0,NO
EARLY_STAGE7,S3->STAGE7,1,1,NOT_AVAILABLE_PAIRED,STAGE_AGGREGATE_ONLY,production_kg,1149,46.80000000000083,46.80000000000083,0.0,0.0,0.0,NO
EARLY_STAGE7,S3->STAGE7,1,1,NOT_AVAILABLE_PAIRED,STAGE_AGGREGATE_ONLY,ordinary_demand_kg,1149,14.839201083277171,14.839201083277171,0.0,0.0,0.0,NO
EARLY_STAGE7,S3->STAGE7,1,1,NOT_AVAILABLE_PAIRED,STAGE_AGGREGATE_ONLY,served_demand_kg,1149,14.839201083277171,14.839201083277171,0.0,0.0,0.0,NO
EARLY_STAGE7,S3->STAGE7,1,1,NOT_AVAILABLE_PAIRED,STAGE_AGGREGATE_ONLY,shortage_kg,1149,0.0,0.0,0.0,0.0,0.0,NO
EARLY_STAGE7,S3->STAGE7,1,1,NOT_AVAILABLE_PAIRED,STAGE_AGGREGATE_ONLY,htt_in_kg,1149,0.0,0.0,0.0,0.0,0.0,NO
EARLY_STAGE7,S3->STAGE7,1,1,NOT_AVAILABLE_PAIRED,STAGE_AGGREGATE_ONLY,htt_out_kg,1149,0.0,0.0,0.0,0.0,0.0,NO
EARLY_STAGE7,S3->STAGE7,1,1,NOT_AVAILABLE_PAIRED,STAGE_AGGREGATE_ONLY,ending_inventory_kg,1149,90.00535596159177,90.00535596159177,0.0,0.0,0.0,NO
EARLY_STAGE7,S3->STAGE7,1,1,NOT_AVAILABLE_PAIRED,STAGE_AGGREGATE_ONLY,beginning_inventory_kg,1149,58.04455704487036,58.04455704487036,0.0,0.0,0.0,NO
EARLY_STAGE7,S3->STAGE7,1,2,NOT_AVAILABLE_PAIRED,STAGE_AGGREGATE_ONLY,production_kg,1149,31.20000000000022,23.400000000000414,-7.800000000000055,-7.800000000000058,-7.800000000000051,NO
EARLY_STAGE7,S3->STAGE7,1,2,NOT_AVAILABLE_PAIRED,STAGE_AGGREGATE_ONLY,ordinary_demand_kg,1149,12.645962732919049,12.645962732919049,0.0,0.0,0.0,NO
EARLY_STAGE7,S3->STAGE7,1,2,NOT_AVAILABLE_PAIRED,STAGE_AGGREGATE_ONLY,served_demand_kg,1149,12.645962732919049,12.645962732919049,0.0,0.0,0.0,NO
EARLY_STAGE7,S3->STAGE7,1,2,NOT_AVAILABLE_PAIRED,STAGE_AGGREGATE_ONLY,shortage_kg,1149,0.0,0.0,0.0,0.0,0.0,NO
EARLY_STAGE7,S3->STAGE7,1,2,NOT_AVAILABLE_PAIRED,STAGE_AGGREGATE_ONLY,htt_in_kg,1149,0.0,0.0,0.0,0.0,0.0,NO
EARLY_STAGE7,S3->STAGE7,1,2,NOT_AVAILABLE_PAIRED,STAGE_AGGREGATE_ONLY,htt_out_kg,1149,0.0,0.0,0.0,0.0,0.0,NO
EARLY_STAGE7,S3->STAGE7,1,2,NOT_AVAILABLE_PAIRED,STAGE_AGGREGATE_ONLY,ending_inventory_kg,1149,68.86217520570669,61.062175205705074,-7.800000000000055,-7.800000000000058,-7.800000000000051,NO
EARLY_STAGE7,S3->STAGE7,1,2,NOT_AVAILABLE_PAIRED,STAGE_AGGREGATE_ONLY,beginning_inventory_kg,1149,50.308137938625684,50.308137938625684,0.0,0.0,0.0,NO
EARLY_STAGE7,S3->STAGE7,1,3,NOT_AVAILABLE_PAIRED,STAGE_AGGREGATE_ONLY,production_kg,1149,18.72000000000006,16.379999999999825,-2.3400000000000074,-2.340000000000008,-2.340000000000007,NO
EARLY_STAGE7,S3->STAGE7,1,3,NOT_AVAILABLE_PAIRED,STAGE_AGGREGATE_ONLY,ordinary_demand_kg,1149,3.9644919417392437,3.9644919417392437,0.0,0.0,0.0,NO
EARLY_STAGE7,S3->STAGE7,1,3,NOT_AVAILABLE_PAIRED,STAGE_AGGREGATE_ONLY,served_demand_kg,1149,3.9644919417392437,3.9644919417392437,0.0,0.0,0.0,NO
EARLY_STAGE7,S3->STAGE7,1,3,NOT_AVAILABLE_PAIRED,STAGE_AGGREGATE_ONLY,shortage_kg,1149,0.0,0.0,0.0,0.0,0.0,NO
EARLY_STAGE7,S3->STAGE7,1,3,NOT_AVAILABLE_PAIRED,STAGE_AGGREGATE_ONLY,htt_in_kg,1149,0.0,0.0,0.0,0.0,0.0,NO
EARLY_STAGE7,S3->STAGE7,1,3,NOT_AVAILABLE_PAIRED,STAGE_AGGREGATE_ONLY,htt_out_kg,1149,0.0,0.0,0.0,0.0,0.0,NO
EARLY_STAGE7,S3->STAGE7,1,3,NOT_AVAILABLE_PAIRED,STAGE_AGGREGATE_ONLY,ending_inventory_kg,1149,40.017641500569894,37.677641500570665,-2.3400000000000127,-2.340000000000013,-2.3400000000000123,NO
EARLY_STAGE7,S3->STAGE7,1,3,NOT_AVAILABLE_PAIRED,STAGE_AGGREGATE_ONLY,beginning_inventory_kg,1149,25.26213344230928,25.26213344230928,0.0,0.0,0.0,NO
EARLY_STAGE7,S3->STAGE7,1,4,NOT_AVAILABLE_PAIRED,STAGE_AGGREGATE_ONLY,production_kg,1149,23.400000000000414,23.400000000000414,0.0,0.0,0.0,NO
EARLY_STAGE7,S3->STAGE7,1,4,NOT_AVAILABLE_PAIRED,STAGE_AGGREGATE_ONLY,ordinary_demand_kg,1149,7.561272379628197,7.561272379628197,0.0,0.0,0.0,NO
EARLY_STAGE7,S3->STAGE7,1,4,NOT_AVAILABLE_PAIRED,STAGE_AGGREGATE_ONLY,served_demand_kg,1149,7.561272379628197,7.561272379628197,0.0,0.0,0.0,NO
EARLY_STAGE7,S3->STAGE7,1,4,NOT_AVAILABLE_PAIRED,STAGE_AGGREGATE_ONLY,shortage_kg,1149,0.0,0.0,0.0,0.0,0.0,NO
EARLY_STAGE7,S3->STAGE7,1,4,NOT_AVAILABLE_PAIRED,STAGE_AGGREGATE_ONLY,htt_in_kg,1149,0.0,0.0,0.0,0.0,0.0,NO
EARLY_STAGE7,S3->STAGE7,1,4,NOT_AVAILABLE_PAIRED,STAGE_AGGREGATE_ONLY,htt_out_kg,1149,0.0,0.0,0.0,0.0,0.0,NO
EARLY_STAGE7,S3->STAGE7,1,4,NOT_AVAILABLE_PAIRED,STAGE_AGGREGATE_ONLY,ending_inventory_kg,1149,48.862308466615815,48.862308466615815,0.0,0.0,0.0,NO
EARLY_STAGE7,S3->STAGE7,1,4,NOT_AVAILABLE_PAIRED,STAGE_AGGREGATE_ONLY,beginning_inventory_kg,1149,33.023580846242794,33.023580846242794,0.0,0.0,0.0,NO
EARLY_STAGE7,S3->STAGE7,2,1,NOT_AVAILABLE_PAIRED,STAGE_AGGREGATE_ONLY,production_kg,1149,46.09738903394332,3.5792428198433446,-42.51814621409971,-43.23529790458422,-41.800994523615195,NO
EARLY_STAGE7,S3->STAGE7,2,1,NOT_AVAILABLE_PAIRED,STAGE_AGGREGATE_ONLY,ordinary_demand_kg,1149,22.472918077183074,22.472918077183074,0.0,0.0,0.0,NO
EARLY_STAGE7,S3->STAGE7,2,1,NOT_AVAILABLE_PAIRED,STAGE_AGGREGATE_ONLY,served_demand_kg,1149,21.12600076251351,22.472918077183074,1.3469173146696036,1.0410062112670864,1.6528284180721209,NO
EARLY_STAGE7,S3->STAGE7,2,1,NOT_AVAILABLE_PAIRED,STAGE_AGGREGATE_ONLY,shortage_kg,1149,1.3469173146696032,0.0,-1.3469173146696032,-1.6528284180721204,-1.041006211267086,NO
EARLY_STAGE7,S3->STAGE7,2,1,NOT_AVAILABLE_PAIRED,STAGE_AGGREGATE_ONLY,htt_in_kg,1149,3.6226994323145862,1.6508122250107053,-1.971887207303877,-2.5289661727694885,-1.4148082418382653,NO
EARLY_STAGE7,S3->STAGE7,2,1,NOT_AVAILABLE_PAIRED,STAGE_AGGREGATE_ONLY,htt_out_kg,1149,0.0,0.0,0.0,0.0,0.0,NO
EARLY_STAGE7,S3->STAGE7,2,1,NOT_AVAILABLE_PAIRED,STAGE_AGGREGATE_ONLY,ending_inventory_kg,1149,118.59944366533728,72.76249292926302,-45.83695073607333,-46.58303590003226,-45.090865572114396,NO
EARLY_STAGE7,S3->STAGE7,2,1,NOT_AVAILABLE_PAIRED,STAGE_AGGREGATE_ONLY,beginning_inventory_kg,1149,90.00535596159177,90.00535596159177,0.0,0.0,0.0,NO
EARLY_STAGE7,S3->STAGE7,2,2,NOT_AVAILABLE_PAIRED,STAGE_AGGREGATE_ONLY,production_kg,1149,21.06512008079145,2.007338328525672,-19.057781752265683,-19.693816274734154,-18.421747229797212,NO
EARLY_STAGE7,S3->STAGE7,2,2,NOT_AVAILABLE_PAIRED,STAGE_AGGREGATE_ONLY,ordinary_demand_kg,1149,14.658385093167539,14.658385093167539,0.0,0.0,0.0,NO
EARLY_STAGE7,S3->STAGE7,2,2,NOT_AVAILABLE_PAIRED,STAGE_AGGREGATE_ONLY,served_demand_kg,1149,13.876756046968811,14.658385093167539,0.7816290461987433,0.597637625361107,0.9656204670363796,NO
EARLY_STAGE7,S3->STAGE7,2,2,NOT_AVAILABLE_PAIRED,STAGE_AGGREGATE_ONLY,shortage_kg,1149,0.7816290461987431,0.0,-0.7816290461987431,-0.9656204670363794,-0.5976376253611068,NO
EARLY_STAGE7,S3->STAGE7,2,2,NOT_AVAILABLE_PAIRED,STAGE_AGGREGATE_ONLY,htt_in_kg,1149,0.6741943481924357,0.0,-0.6741943481924357,-0.8039204707837818,-0.5444682256010897,NO
EARLY_STAGE7,S3->STAGE7,2,2,NOT_AVAILABLE_PAIRED,STAGE_AGGREGATE_ONLY,htt_out_kg,1149,2.308193736548263,0.7848947774667212,-1.5232989590815427,-2.2924852391022386,-0.7541126790608468,NO
EARLY_STAGE7,S3->STAGE7,2,2,NOT_AVAILABLE_PAIRED,STAGE_AGGREGATE_ONLY,ending_inventory_kg,1149,74.41653985117293,47.62623366359789,-26.79030618757528,-27.797946612215693,-25.782665762934865,NO
EARLY_STAGE7,S3->STAGE7,2,2,NOT_AVAILABLE_PAIRED,STAGE_AGGREGATE_ONLY,beginning_inventory_kg,1149,68.86217520570669,61.062175205705074,-7.800000000000055,-7.800000000000058,-7.800000000000051,NO
EARLY_STAGE7,S3->STAGE7,2,3,NOT_AVAILABLE_PAIRED,STAGE_AGGREGATE_ONLY,production_kg,1149,7.792581405176887,1.0406569091167324,-6.751924496060136,-7.103475083395219,-6.400373908725053,NO
EARLY_STAGE7,S3->STAGE7,2,3,NOT_AVAILABLE_PAIRED,STAGE_AGGREGATE_ONLY,ordinary_demand_kg,1149,9.074722054641144,9.074722054641144,0.0,0.0,0.0,NO
EARLY_STAGE7,S3->STAGE7,2,3,NOT_AVAILABLE_PAIRED,STAGE_AGGREGATE_ONLY,served_demand_kg,1149,8.458683481741177,9.074722054641144,0.6160385728999134,0.4838510063285141,0.7482261394713127,NO
EARLY_STAGE7,S3->STAGE7,2,3,NOT_AVAILABLE_PAIRED,STAGE_AGGREGATE_ONLY,shortage_kg,1149,0.6160385728999134,0.0,-0.6160385728999134,-0.7482261394713127,-0.4838510063285141,NO
EARLY_STAGE7,S3->STAGE7,2,3,NOT_AVAILABLE_PAIRED,STAGE_AGGREGATE_ONLY,htt_in_kg,1149,0.19294642383255886,0.0,-0.19294642383255886,-0.28767629494509395,-0.09821655272002379,NO
EARLY_STAGE7,S3->STAGE7,2,3,NOT_AVAILABLE_PAIRED,STAGE_AGGREGATE_ONLY,htt_out_kg,1149,2.5365306242574976,1.840639048455121,-0.6958915758023791,-1.407229352741206,0.01544620113644779,NO
EARLY_STAGE7,S3->STAGE7,2,3,NOT_AVAILABLE_PAIRED,STAGE_AGGREGATE_ONLY,ending_inventory_kg,1149,37.00795522358138,27.802937306591133,-9.20501791699025,-10.082860464658324,-8.327175369322177,NO
EARLY_STAGE7,S3->STAGE7,2,3,NOT_AVAILABLE_PAIRED,STAGE_AGGREGATE_ONLY,beginning_inventory_kg,1149,40.017641500569894,37.677641500570665,-2.3400000000000127,-2.340000000000013,-2.3400000000000123,NO
EARLY_STAGE7,S3->STAGE7,2,4,NOT_AVAILABLE_PAIRED,STAGE_AGGREGATE_ONLY,production_kg,1149,22.50391644908649,2.6246083550914014,-19.879308093994805,-20.24678775181327,-19.51182843617634,NO
EARLY_STAGE7,S3->STAGE7,2,4,NOT_AVAILABLE_PAIRED,STAGE_AGGREGATE_ONLY,ordinary_demand_kg,1149,13.286980705719081,13.286980705719081,0.0,0.0,0.0,NO
EARLY_STAGE7,S3->STAGE7,2,4,NOT_AVAILABLE_PAIRED,STAGE_AGGREGATE_ONLY,served_demand_kg,1149,12.720347063786742,13.286980705719081,0.566633641932307,0.4111674625343513,0.7220998213302627,NO
EARLY_STAGE7,S3->STAGE7,2,4,NOT_AVAILABLE_PAIRED,STAGE_AGGREGATE_ONLY,shortage_kg,1149,0.566633641932307,0.0,-0.566633641932307,-0.7220998213302627,-0.4111674625343513,NO
EARLY_STAGE7,S3->STAGE7,2,4,NOT_AVAILABLE_PAIRED,STAGE_AGGREGATE_ONLY,htt_in_kg,1149,0.3548841564661792,0.9747216009111371,0.6198374444449577,0.26146790066812425,0.9782069882217912,NO
EARLY_STAGE7,S3->STAGE7,2,4,NOT_AVAILABLE_PAIRED,STAGE_AGGREGATE_ONLY,htt_out_kg,1149,0.0,0.0,0.0,0.0,0.0,NO
EARLY_STAGE7,S3->STAGE7,2,4,NOT_AVAILABLE_PAIRED,STAGE_AGGREGATE_ONLY,ending_inventory_kg,1149,59.00076200838117,39.17465771689895,-19.82610429148215,-20.372433238313924,-19.279775344650375,NO
EARLY_STAGE7,S3->STAGE7,2,4,NOT_AVAILABLE_PAIRED,STAGE_AGGREGATE_ONLY,beginning_inventory_kg,1149,48.862308466615815,48.862308466615815,0.0,0.0,0.0,NO
EARLY_STAGE7,S3->STAGE7,3,1,NOT_AVAILABLE_PAIRED,STAGE_AGGREGATE_ONLY,production_kg,1149,27.31549859485457,10.758851617806416,-16.556646977048377,-17.26765763334947,-15.845636320747287,NO
EARLY_STAGE7,S3->STAGE7,3,1,NOT_AVAILABLE_PAIRED,STAGE_AGGREGATE_ONLY,ordinary_demand_kg,1149,17.68788083953986,17.68788083953986,0.0,0.0,0.0,NO
EARLY_STAGE7,S3->STAGE7,3,1,NOT_AVAILABLE_PAIRED,STAGE_AGGREGATE_ONLY,served_demand_kg,1149,16.382372573013246,17.249838255410562,0.8674656823972325,0.6529995238269503,1.081931840967515,NO
EARLY_STAGE7,S3->STAGE7,3,1,NOT_AVAILABLE_PAIRED,STAGE_AGGREGATE_ONLY,shortage_kg,1149,1.3055082665264879,0.43804258412925695,-0.8674656823972328,-1.0819318409675152,-0.6529995238269504,NO
EARLY_STAGE7,S3->STAGE7,3,1,NOT_AVAILABLE_PAIRED,STAGE_AGGREGATE_ONLY,htt_in_kg,1149,7.61079770615893,4.9401323745126025,-2.6706653316463362,-3.993574822996911,-1.3477558402957617,NO
EARLY_STAGE7,S3->STAGE7,3,1,NOT_AVAILABLE_PAIRED,STAGE_AGGREGATE_ONLY,htt_out_kg,1149,0.10878555055090836,0.004583250426387694,-0.10420230012452067,-0.19186017782273884,-0.01654442242630251,NO
EARLY_STAGE7,S3->STAGE7,3,1,NOT_AVAILABLE_PAIRED,STAGE_AGGREGATE_ONLY,ending_inventory_kg,1149,137.03458184278568,71.20705541574479,-65.82752642703977,-67.51503088347287,-64.14002197060667,NO
EARLY_STAGE7,S3->STAGE7,3,1,NOT_AVAILABLE_PAIRED,STAGE_AGGREGATE_ONLY,beginning_inventory_kg,1149,118.59944366533728,72.76249292926302,-45.83695073607333,-46.58303590003226,-45.090865572114396,NO
EARLY_STAGE7,S3->STAGE7,3,2,NOT_AVAILABLE_PAIRED,STAGE_AGGREGATE_ONLY,production_kg,1149,7.481936045932231,3.7864818820283963,-3.695454163903901,-3.9282410562394374,-3.4626672715683644,NO
EARLY_STAGE7,S3->STAGE7,3,2,NOT_AVAILABLE_PAIRED,STAGE_AGGREGATE_ONLY,ordinary_demand_kg,1149,8.69565217391317,8.69565217391317,0.0,0.0,0.0,NO
EARLY_STAGE7,S3->STAGE7,3,2,NOT_AVAILABLE_PAIRED,STAGE_AGGREGATE_ONLY,served_demand_kg,1149,8.065508871239206,8.589318676306428,0.52380980506717,0.4066383415592988,0.6409812685750412,NO
EARLY_STAGE7,S3->STAGE7,3,2,NOT_AVAILABLE_PAIRED,STAGE_AGGREGATE_ONLY,shortage_kg,1149,0.6301433026738996,0.10633349760673004,-0.52380980506717,-0.6409812685750412,-0.4066383415592988,NO
EARLY_STAGE7,S3->STAGE7,3,2,NOT_AVAILABLE_PAIRED,STAGE_AGGREGATE_ONLY,htt_in_kg,1149,7.218127470768959,0.03089713128397246,-7.187230339484987,-8.01028750664715,-6.3641731723228245,NO
EARLY_STAGE7,S3->STAGE7,3,2,NOT_AVAILABLE_PAIRED,STAGE_AGGREGATE_ONLY,htt_out_kg,1149,4.617952449712584,15.024227747709032,10.406275297996388,9.419081521665747,11.393469074327028,NO
EARLY_STAGE7,S3->STAGE7,3,2,NOT_AVAILABLE_PAIRED,STAGE_AGGREGATE_ONLY,ending_inventory_kg,1149,76.43314204692136,27.830066252893822,-48.60307579402757,-50.28469611882442,-46.921455469230715,NO
EARLY_STAGE7,S3->STAGE7,3,2,NOT_AVAILABLE_PAIRED,STAGE_AGGREGATE_ONLY,beginning_inventory_kg,1149,74.41653985117293,47.62623366359789,-26.79030618757528,-27.797946612215693,-25.782665762934865,NO
EARLY_STAGE7,S3->STAGE7,3,3,NOT_AVAILABLE_PAIRED,STAGE_AGGREGATE_ONLY,production_kg,1149,3.027592472571495,2.7236633298542032,-0.3039291427173105,-0.4126692254201735,-0.19518906001444747,NO
EARLY_STAGE7,S3->STAGE7,3,3,NOT_AVAILABLE_PAIRED,STAGE_AGGREGATE_ONLY,ordinary_demand_kg,1149,9.960786003619564,9.960786003619564,0.0,0.0,0.0,NO
EARLY_STAGE7,S3->STAGE7,3,3,NOT_AVAILABLE_PAIRED,STAGE_AGGREGATE_ONLY,served_demand_kg,1149,9.263602915872271,9.857446186407957,0.593843270535707,0.45898947265100926,0.7286970684204046,NO
EARLY_STAGE7,S3->STAGE7,3,3,NOT_AVAILABLE_PAIRED,STAGE_AGGREGATE_ONLY,shortage_kg,1149,0.697183087747319,0.1033398172116118,-0.5938432705357071,-0.7286970684204048,-0.45898947265100937,NO
EARLY_STAGE7,S3->STAGE7,3,3,NOT_AVAILABLE_PAIRED,STAGE_AGGREGATE_ONLY,htt_in_kg,1149,0.3698751179998635,9.10286940049442,8.732994282494555,8.04293578906679,9.42305277592232,NO
EARLY_STAGE7,S3->STAGE7,3,3,NOT_AVAILABLE_PAIRED,STAGE_AGGREGATE_ONLY,htt_out_kg,1149,12.108751491223032,2.7483796438873886,-9.360371847335633,-10.227278621658096,-8.493465073013171,NO
EARLY_STAGE7,S3->STAGE7,3,3,NOT_AVAILABLE_PAIRED,STAGE_AGGREGATE_ONLY,ending_inventory_kg,1149,19.033068407056838,27.023644206643908,7.990575799586937,6.602316158926804,9.37883544024707,NO
EARLY_STAGE7,S3->STAGE7,3,3,NOT_AVAILABLE_PAIRED,STAGE_AGGREGATE_ONLY,beginning_inventory_kg,1149,37.00795522358138,27.802937306591133,-9.20501791699025,-10.082860464658324,-8.327175369322177,NO
EARLY_STAGE7,S3->STAGE7,3,4,NOT_AVAILABLE_PAIRED,STAGE_AGGREGATE_ONLY,production_kg,1149,10.311468006837739,5.7998449634368265,-4.511623043401059,-4.727991625540685,-4.2952544612614325,NO
EARLY_STAGE7,S3->STAGE7,3,4,NOT_AVAILABLE_PAIRED,STAGE_AGGREGATE_ONLY,ordinary_demand_kg,1149,9.151746914653048,9.151746914653048,0.0,0.0,0.0,NO
EARLY_STAGE7,S3->STAGE7,3,4,NOT_AVAILABLE_PAIRED,STAGE_AGGREGATE_ONLY,served_demand_kg,1149,8.514074836023887,8.945159182233823,0.4310843462099511,0.3205375843570932,0.5416311080628091,NO
EARLY_STAGE7,S3->STAGE7,3,4,NOT_AVAILABLE_PAIRED,STAGE_AGGREGATE_ONLY,shortage_kg,1149,0.637672078629182,0.20658773241923034,-0.43108434620995106,-0.541631108062809,-0.3205375843570931,NO
EARLY_STAGE7,S3->STAGE7,3,4,NOT_AVAILABLE_PAIRED,STAGE_AGGREGATE_ONLY,htt_in_kg,1149,4.743435610099701,4.06088796862896,-0.6825476414707439,-1.6570574547976675,0.2919621718561799,NO
EARLY_STAGE7,S3->STAGE7,3,4,NOT_AVAILABLE_PAIRED,STAGE_AGGREGATE_ONLY,htt_out_kg,1149,3.106746413540949,0.35759623289720804,-2.7491501806437406,-3.5933897300880417,-1.9049106311994397,NO
EARLY_STAGE7,S3->STAGE7,3,4,NOT_AVAILABLE_PAIRED,STAGE_AGGREGATE_ONLY,ending_inventory_kg,1149,62.43484437575311,39.732635233833044,-22.702209141920225,-24.27642493784056,-21.12799334599989,NO
EARLY_STAGE7,S3->STAGE7,3,4,NOT_AVAILABLE_PAIRED,STAGE_AGGREGATE_ONLY,beginning_inventory_kg,1149,59.00076200838117,39.17465771689895,-19.82610429148215,-20.372433238313924,-19.279775344650375,NO
EARLY_STAGE7,S4->STAGE7,1,1,NOT_AVAILABLE_PAIRED,STAGE_AGGREGATE_ONLY,production_kg,2613,46.800000000001994,46.800000000001994,0.0,0.0,0.0,NO
EARLY_STAGE7,S4->STAGE7,1,1,NOT_AVAILABLE_PAIRED,STAGE_AGGREGATE_ONLY,ordinary_demand_kg,2613,14.839201083276427,14.839201083276427,0.0,0.0,0.0,NO
EARLY_STAGE7,S4->STAGE7,1,1,NOT_AVAILABLE_PAIRED,STAGE_AGGREGATE_ONLY,served_demand_kg,2613,14.839201083276427,14.839201083276427,0.0,0.0,0.0,NO
EARLY_STAGE7,S4->STAGE7,1,1,NOT_AVAILABLE_PAIRED,STAGE_AGGREGATE_ONLY,shortage_kg,2613,0.0,0.0,0.0,0.0,0.0,NO
EARLY_STAGE7,S4->STAGE7,1,1,NOT_AVAILABLE_PAIRED,STAGE_AGGREGATE_ONLY,htt_in_kg,2613,0.0,0.0,0.0,0.0,0.0,NO
EARLY_STAGE7,S4->STAGE7,1,1,NOT_AVAILABLE_PAIRED,STAGE_AGGREGATE_ONLY,htt_out_kg,2613,0.0,0.0,0.0,0.0,0.0,NO
EARLY_STAGE7,S4->STAGE7,1,1,NOT_AVAILABLE_PAIRED,STAGE_AGGREGATE_ONLY,ending_inventory_kg,2613,90.00535596159173,90.00535596159173,0.0,0.0,0.0,NO
EARLY_STAGE7,S4->STAGE7,1,1,NOT_AVAILABLE_PAIRED,STAGE_AGGREGATE_ONLY,beginning_inventory_kg,2613,58.04455704486715,58.04455704486715,0.0,0.0,0.0,NO
EARLY_STAGE7,S4->STAGE7,1,2,NOT_AVAILABLE_PAIRED,STAGE_AGGREGATE_ONLY,production_kg,2613,31.199999999998465,23.400000000000997,-7.799999999999616,-7.799999999999631,-7.799999999999601,NO
EARLY_STAGE7,S4->STAGE7,1,2,NOT_AVAILABLE_PAIRED,STAGE_AGGREGATE_ONLY,ordinary_demand_kg,2613,12.645962732919704,12.645962732919704,0.0,0.0,0.0,NO
EARLY_STAGE7,S4->STAGE7,1,2,NOT_AVAILABLE_PAIRED,STAGE_AGGREGATE_ONLY,served_demand_kg,2613,12.645962732919704,12.645962732919704,0.0,0.0,0.0,NO
EARLY_STAGE7,S4->STAGE7,1,2,NOT_AVAILABLE_PAIRED,STAGE_AGGREGATE_ONLY,shortage_kg,2613,0.0,0.0,0.0,0.0,0.0,NO
EARLY_STAGE7,S4->STAGE7,1,2,NOT_AVAILABLE_PAIRED,STAGE_AGGREGATE_ONLY,htt_in_kg,2613,0.0,0.0,0.0,0.0,0.0,NO
EARLY_STAGE7,S4->STAGE7,1,2,NOT_AVAILABLE_PAIRED,STAGE_AGGREGATE_ONLY,htt_out_kg,2613,0.0,0.0,0.0,0.0,0.0,NO
EARLY_STAGE7,S4->STAGE7,1,2,NOT_AVAILABLE_PAIRED,STAGE_AGGREGATE_ONLY,ending_inventory_kg,2613,68.86217520570342,61.06217520570503,-7.799999999999616,-7.79999999999963,-7.799999999999602,NO
EARLY_STAGE7,S4->STAGE7,1,2,NOT_AVAILABLE_PAIRED,STAGE_AGGREGATE_ONLY,beginning_inventory_kg,2613,50.30813793862673,50.30813793862673,0.0,0.0,0.0,NO
EARLY_STAGE7,S4->STAGE7,1,3,NOT_AVAILABLE_PAIRED,STAGE_AGGREGATE_ONLY,production_kg,2613,18.720000000000677,16.37999999999964,-2.3400000000000847,-2.340000000000088,-2.3400000000000816,NO
EARLY_STAGE7,S4->STAGE7,1,3,NOT_AVAILABLE_PAIRED,STAGE_AGGREGATE_ONLY,ordinary_demand_kg,2613,3.9644919417392823,3.9644919417392823,0.0,0.0,0.0,NO
EARLY_STAGE7,S4->STAGE7,1,3,NOT_AVAILABLE_PAIRED,STAGE_AGGREGATE_ONLY,served_demand_kg,2613,3.9644919417392823,3.9644919417392823,0.0,0.0,0.0,NO
EARLY_STAGE7,S4->STAGE7,1,3,NOT_AVAILABLE_PAIRED,STAGE_AGGREGATE_ONLY,shortage_kg,2613,0.0,0.0,0.0,0.0,0.0,NO
EARLY_STAGE7,S4->STAGE7,1,3,NOT_AVAILABLE_PAIRED,STAGE_AGGREGATE_ONLY,htt_in_kg,2613,0.0,0.0,0.0,0.0,0.0,NO
EARLY_STAGE7,S4->STAGE7,1,3,NOT_AVAILABLE_PAIRED,STAGE_AGGREGATE_ONLY,htt_out_kg,2613,0.0,0.0,0.0,0.0,0.0,NO
EARLY_STAGE7,S4->STAGE7,1,3,NOT_AVAILABLE_PAIRED,STAGE_AGGREGATE_ONLY,ending_inventory_kg,2613,40.01764150056989,37.67764150057218,-2.340000000000087,-2.34000000000009,-2.340000000000084,NO
EARLY_STAGE7,S4->STAGE7,1,3,NOT_AVAILABLE_PAIRED,STAGE_AGGREGATE_ONLY,beginning_inventory_kg,2613,25.26213344230933,25.26213344230933,0.0,0.0,0.0,NO
EARLY_STAGE7,S4->STAGE7,1,4,NOT_AVAILABLE_PAIRED,STAGE_AGGREGATE_ONLY,production_kg,2613,23.400000000000997,23.400000000000997,0.0,0.0,0.0,NO
EARLY_STAGE7,S4->STAGE7,1,4,NOT_AVAILABLE_PAIRED,STAGE_AGGREGATE_ONLY,ordinary_demand_kg,2613,7.561272379628147,7.561272379628147,0.0,0.0,0.0,NO
EARLY_STAGE7,S4->STAGE7,1,4,NOT_AVAILABLE_PAIRED,STAGE_AGGREGATE_ONLY,served_demand_kg,2613,7.561272379628147,7.561272379628147,0.0,0.0,0.0,NO
EARLY_STAGE7,S4->STAGE7,1,4,NOT_AVAILABLE_PAIRED,STAGE_AGGREGATE_ONLY,shortage_kg,2613,0.0,0.0,0.0,0.0,0.0,NO
EARLY_STAGE7,S4->STAGE7,1,4,NOT_AVAILABLE_PAIRED,STAGE_AGGREGATE_ONLY,htt_in_kg,2613,0.0,0.0,0.0,0.0,0.0,NO
EARLY_STAGE7,S4->STAGE7,1,4,NOT_AVAILABLE_PAIRED,STAGE_AGGREGATE_ONLY,htt_out_kg,2613,0.0,0.0,0.0,0.0,0.0,NO
EARLY_STAGE7,S4->STAGE7,1,4,NOT_AVAILABLE_PAIRED,STAGE_AGGREGATE_ONLY,ending_inventory_kg,2613,48.862308466616945,48.862308466616945,0.0,0.0,0.0,NO
EARLY_STAGE7,S4->STAGE7,1,4,NOT_AVAILABLE_PAIRED,STAGE_AGGREGATE_ONLY,beginning_inventory_kg,2613,33.02358084624445,33.02358084624445,0.0,0.0,0.0,NO
EARLY_STAGE7,S4->STAGE7,2,1,NOT_AVAILABLE_PAIRED,STAGE_AGGREGATE_ONLY,production_kg,2613,46.591791044778084,4.119402985074622,-42.47238805970316,-42.980685809326,-41.964090310080316,NO
EARLY_STAGE7,S4->STAGE7,2,1,NOT_AVAILABLE_PAIRED,STAGE_AGGREGATE_ONLY,ordinary_demand_kg,2613,22.472918077182943,22.472918077182943,0.0,0.0,0.0,NO
EARLY_STAGE7,S4->STAGE7,2,1,NOT_AVAILABLE_PAIRED,STAGE_AGGREGATE_ONLY,served_demand_kg,2613,21.24420973183622,22.472918077182943,1.2287083453467806,1.0415945687280175,1.4158221219655438,NO
EARLY_STAGE7,S4->STAGE7,2,1,NOT_AVAILABLE_PAIRED,STAGE_AGGREGATE_ONLY,shortage_kg,2613,1.2287083453467789,0.0,-1.2287083453467789,-1.4158221219655418,-1.041594568728016,NO
EARLY_STAGE7,S4->STAGE7,2,1,NOT_AVAILABLE_PAIRED,STAGE_AGGREGATE_ONLY,htt_in_kg,2613,1.5746617363912183,1.9775837964002538,0.40292206000903735,0.017434867310985647,0.7884092527070891,NO
EARLY_STAGE7,S4->STAGE7,2,1,NOT_AVAILABLE_PAIRED,STAGE_AGGREGATE_ONLY,htt_out_kg,2613,0.0,0.0,0.0,0.0,0.0,NO
EARLY_STAGE7,S4->STAGE7,2,1,NOT_AVAILABLE_PAIRED,STAGE_AGGREGATE_ONLY,ending_inventory_kg,2613,116.92759901092532,73.62942466588812,-43.298174345040785,-43.9304938238326,-42.66585486624897,NO
EARLY_STAGE7,S4->STAGE7,2,1,NOT_AVAILABLE_PAIRED,STAGE_AGGREGATE_ONLY,beginning_inventory_kg,2613,90.00535596159173,90.00535596159173,0.0,0.0,0.0,NO
EARLY_STAGE7,S4->STAGE7,2,2,NOT_AVAILABLE_PAIRED,STAGE_AGGREGATE_ONLY,production_kg,2613,22.52844696146808,2.5512244070418633,-19.977222554426394,-20.341236763608958,-19.61320834524383,NO
EARLY_STAGE7,S4->STAGE7,2,2,NOT_AVAILABLE_PAIRED,STAGE_AGGREGATE_ONLY,ordinary_demand_kg,2613,14.658385093168016,14.658385093168016,0.0,0.0,0.0,NO
EARLY_STAGE7,S4->STAGE7,2,2,NOT_AVAILABLE_PAIRED,STAGE_AGGREGATE_ONLY,served_demand_kg,2613,13.93529776377225,14.658385093168016,0.7230873293956043,0.6096504393693108,0.8365242194218977,NO
EARLY_STAGE7,S4->STAGE7,2,2,NOT_AVAILABLE_PAIRED,STAGE_AGGREGATE_ONLY,shortage_kg,2613,0.7230873293956042,0.0,-0.7230873293956042,-0.8365242194218976,-0.6096504393693107,NO
EARLY_STAGE7,S4->STAGE7,2,2,NOT_AVAILABLE_PAIRED,STAGE_AGGREGATE_ONLY,htt_in_kg,2613,0.22423038034565784,0.0,-0.22423038034565784,-0.27390008943564403,-0.17456067125567165,NO
EARLY_STAGE7,S4->STAGE7,2,2,NOT_AVAILABLE_PAIRED,STAGE_AGGREGATE_ONLY,htt_out_kg,2613,1.0877635393238998,1.6264329072680992,0.5386693679441982,0.08008516218294814,0.9972535737054482,NO
EARLY_STAGE7,S4->STAGE7,2,2,NOT_AVAILABLE_PAIRED,STAGE_AGGREGATE_ONLY,ending_inventory_kg,2613,76.59179124442349,47.3285816123138,-29.26320963211197,-29.777736160197925,-28.748683104026014,NO
EARLY_STAGE7,S4->STAGE7,2,2,NOT_AVAILABLE_PAIRED,STAGE_AGGREGATE_ONLY,beginning_inventory_kg,2613,68.86217520570342,61.06217520570503,-7.799999999999616,-7.79999999999963,-7.799999999999602,NO
EARLY_STAGE7,S4->STAGE7,2,3,NOT_AVAILABLE_PAIRED,STAGE_AGGREGATE_ONLY,production_kg,2613,10.521659465174002,1.4121962695037584,-9.109463195670203,-9.348879894650082,-8.870046496690325,NO
EARLY_STAGE7,S4->STAGE7,2,3,NOT_AVAILABLE_PAIRED,STAGE_AGGREGATE_ONLY,ordinary_demand_kg,2613,9.074722054640963,9.074722054640963,0.0,0.0,0.0,NO
EARLY_STAGE7,S4->STAGE7,2,3,NOT_AVAILABLE_PAIRED,STAGE_AGGREGATE_ONLY,served_demand_kg,2613,8.42528729604254,9.074722054640963,0.6494347585985003,0.559687142873421,0.7391823743235796,NO
EARLY_STAGE7,S4->STAGE7,2,3,NOT_AVAILABLE_PAIRED,STAGE_AGGREGATE_ONLY,shortage_kg,2613,0.6494347585985003,0.0,-0.6494347585985003,-0.7391823743235796,-0.559687142873421,NO
EARLY_STAGE7,S4->STAGE7,2,3,NOT_AVAILABLE_PAIRED,STAGE_AGGREGATE_ONLY,htt_in_kg,2613,0.0980896046473491,0.0,-0.0980896046473491,-0.14528038181686498,-0.050898827477833225,NO
EARLY_STAGE7,S4->STAGE7,2,3,NOT_AVAILABLE_PAIRED,STAGE_AGGREGATE_ONLY,htt_out_kg,2613,0.8872438031433054,2.503704843211299,1.6164610400679975,1.1711496510593074,2.061772429076688,NO
EARLY_STAGE7,S4->STAGE7,2,3,NOT_AVAILABLE_PAIRED,STAGE_AGGREGATE_ONLY,ending_inventory_kg,2613,41.32485947120521,27.51141087222024,-13.813448598983928,-14.32482753492513,-13.302069663042726,NO
EARLY_STAGE7,S4->STAGE7,2,3,NOT_AVAILABLE_PAIRED,STAGE_AGGREGATE_ONLY,beginning_inventory_kg,2613,40.01764150056989,37.67764150057218,-2.340000000000087,-2.34000000000009,-2.340000000000084,NO
EARLY_STAGE7,S4->STAGE7,2,4,NOT_AVAILABLE_PAIRED,STAGE_AGGREGATE_ONLY,production_kg,2613,23.103358208956216,3.114179104477649,-19.98917910447777,-20.23887853479123,-19.73947967416431,NO
EARLY_STAGE7,S4->STAGE7,2,4,NOT_AVAILABLE_PAIRED,STAGE_AGGREGATE_ONLY,ordinary_demand_kg,2613,13.286980705718584,13.286980705718584,0.0,0.0,0.0,NO
EARLY_STAGE7,S4->STAGE7,2,4,NOT_AVAILABLE_PAIRED,STAGE_AGGREGATE_ONLY,served_demand_kg,2613,12.859844701401478,13.286980705718584,0.4271360043170217,0.3372144618064925,0.5170575468275509,NO
EARLY_STAGE7,S4->STAGE7,2,4,NOT_AVAILABLE_PAIRED,STAGE_AGGREGATE_ONLY,shortage_kg,2613,0.4271360043170217,0.0,-0.4271360043170217,-0.5170575468275509,-0.3372144618064925,NO
EARLY_STAGE7,S4->STAGE7,2,4,NOT_AVAILABLE_PAIRED,STAGE_AGGREGATE_ONLY,htt_in_kg,2613,0.07802562108297742,2.1525539540791443,2.0745283329961666,1.7143337804076393,2.434722885584694,NO
EARLY_STAGE7,S4->STAGE7,2,4,NOT_AVAILABLE_PAIRED,STAGE_AGGREGATE_ONLY,htt_out_kg,2613,0.0,0.0,0.0,0.0,0.0,NO
EARLY_STAGE7,S4->STAGE7,2,4,NOT_AVAILABLE_PAIRED,STAGE_AGGREGATE_ONLY,ending_inventory_kg,2613,59.18384759525043,40.84206081945127,-18.341786775798642,-18.878857468446267,-17.804716083151018,NO
EARLY_STAGE7,S4->STAGE7,2,4,NOT_AVAILABLE_PAIRED,STAGE_AGGREGATE_ONLY,beginning_inventory_kg,2613,48.862308466616945,48.862308466616945,0.0,0.0,0.0,NO
EARLY_STAGE7,S4->STAGE7,3,1,NOT_AVAILABLE_PAIRED,STAGE_AGGREGATE_ONLY,production_kg,2613,31.77486771586984,13.164713405548572,-18.61015431032077,-19.064976618929375,-18.155332001712164,NO
EARLY_STAGE7,S4->STAGE7,3,1,NOT_AVAILABLE_PAIRED,STAGE_AGGREGATE_ONLY,ordinary_demand_kg,2613,17.68788083954068,17.68788083954068,0.0,0.0,0.0,NO
EARLY_STAGE7,S4->STAGE7,3,1,NOT_AVAILABLE_PAIRED,STAGE_AGGREGATE_ONLY,served_demand_kg,2613,16.106364323788856,17.398332649229587,1.2919683254405914,1.116429898326428,1.4675067525547547,NO
EARLY_STAGE7,S4->STAGE7,3,1,NOT_AVAILABLE_PAIRED,STAGE_AGGREGATE_ONLY,shortage_kg,2613,1.5815165157516502,0.2895481903110601,-1.2919683254405918,-1.4675067525547552,-1.1164298983264285,NO
EARLY_STAGE7,S4->STAGE7,3,1,NOT_AVAILABLE_PAIRED,STAGE_AGGREGATE_ONLY,htt_in_kg,2613,3.1212175407939093,6.196483382686983,3.075265841893076,2.161172507093506,3.989359176692646,NO
EARLY_STAGE7,S4->STAGE7,3,1,NOT_AVAILABLE_PAIRED,STAGE_AGGREGATE_ONLY,htt_out_kg,2613,0.0,0.0,0.0,0.0,0.0,NO
EARLY_STAGE7,S4->STAGE7,3,1,NOT_AVAILABLE_PAIRED,STAGE_AGGREGATE_ONLY,ending_inventory_kg,2613,135.71731994379752,75.59228880488939,-60.12503113890765,-61.52578995332647,-58.72427232448883,NO
EARLY_STAGE7,S4->STAGE7,3,1,NOT_AVAILABLE_PAIRED,STAGE_AGGREGATE_ONLY,beginning_inventory_kg,2613,116.92759901092532,73.62942466588812,-43.298174345040785,-43.9304938238326,-42.66585486624897,NO
EARLY_STAGE7,S4->STAGE7,3,2,NOT_AVAILABLE_PAIRED,STAGE_AGGREGATE_ONLY,production_kg,2613,10.254054084537872,6.160467356014235,-4.093586728523461,-4.221457946539322,-3.965715510507601,NO
EARLY_STAGE7,S4->STAGE7,3,2,NOT_AVAILABLE_PAIRED,STAGE_AGGREGATE_ONLY,ordinary_demand_kg,2613,8.695652173913079,8.695652173913079,0.0,0.0,0.0,NO
EARLY_STAGE7,S4->STAGE7,3,2,NOT_AVAILABLE_PAIRED,STAGE_AGGREGATE_ONLY,served_demand_kg,2613,7.936518931704359,8.682475996875766,0.7459570651714877,0.6542766058852139,0.8376375244577616,NO
EARLY_STAGE7,S4->STAGE7,3,2,NOT_AVAILABLE_PAIRED,STAGE_AGGREGATE_ONLY,shortage_kg,2613,0.7591332422088,0.013176177037312631,-0.7459570651714876,-0.8376375244577615,-0.6542766058852137,NO
EARLY_STAGE7,S4->STAGE7,3,2,NOT_AVAILABLE_PAIRED,STAGE_AGGREGATE_ONLY,htt_in_kg,2613,5.439337840921635,0.001171949200122939,-5.438165891721512,-5.923829961444865,-4.95250182199816,NO
EARLY_STAGE7,S4->STAGE7,3,2,NOT_AVAILABLE_PAIRED,STAGE_AGGREGATE_ONLY,htt_out_kg,2613,0.8093126244207227,10.595627052655868,9.786314428235142,9.052098775891094,10.52053008057919,NO
EARLY_STAGE7,S4->STAGE7,3,2,NOT_AVAILABLE_PAIRED,STAGE_AGGREGATE_ONLY,ending_inventory_kg,2613,83.53935161375807,34.21211786799434,-49.3272337457637,-50.468936303251176,-48.18553118827622,NO
EARLY_STAGE7,S4->STAGE7,3,2,NOT_AVAILABLE_PAIRED,STAGE_AGGREGATE_ONLY,beginning_inventory_kg,2613,76.59179124442349,47.3285816123138,-29.26320963211197,-29.777736160197925,-28.748683104026014,NO
EARLY_STAGE7,S4->STAGE7,3,3,NOT_AVAILABLE_PAIRED,STAGE_AGGREGATE_ONLY,production_kg,2613,4.629066429649839,3.658904058059351,-0.9701623715905549,-1.0438025741850792,-0.8965221689960305,NO
EARLY_STAGE7,S4->STAGE7,3,3,NOT_AVAILABLE_PAIRED,STAGE_AGGREGATE_ONLY,ordinary_demand_kg,2613,9.960786003619491,9.960786003619491,0.0,0.0,0.0,NO
EARLY_STAGE7,S4->STAGE7,3,3,NOT_AVAILABLE_PAIRED,STAGE_AGGREGATE_ONLY,served_demand_kg,2613,9.028954325354698,9.960388161745355,0.9314338363906858,0.8207679322998263,1.0420997404815453,NO
EARLY_STAGE7,S4->STAGE7,3,3,NOT_AVAILABLE_PAIRED,STAGE_AGGREGATE_ONLY,shortage_kg,2613,0.9318316782648206,0.00039784187413487214,-0.9314338363906858,-1.0420997404815453,-0.8207679322998263,NO
EARLY_STAGE7,S4->STAGE7,3,3,NOT_AVAILABLE_PAIRED,STAGE_AGGREGATE_ONLY,htt_in_kg,2613,0.5094708006281942,4.87513869597244,4.3656678953442425,3.9163974627142055,4.8149383279742795,NO
EARLY_STAGE7,S4->STAGE7,3,3,NOT_AVAILABLE_PAIRED,STAGE_AGGREGATE_ONLY,htt_out_kg,2613,5.334505418500214,3.2871840420122553,-2.047321376487971,-2.560519363330702,-1.5341233896452402,NO
EARLY_STAGE7,S4->STAGE7,3,3,NOT_AVAILABLE_PAIRED,STAGE_AGGREGATE_ONLY,ending_inventory_kg,2613,32.09993695762819,22.797881422495664,-9.302055535132949,-10.327125344615958,-8.27698572564994,NO
EARLY_STAGE7,S4->STAGE7,3,3,NOT_AVAILABLE_PAIRED,STAGE_AGGREGATE_ONLY,beginning_inventory_kg,2613,41.32485947120521,27.51141087222024,-13.813448598983928,-14.32482753492513,-13.302069663042726,NO
EARLY_STAGE7,S4->STAGE7,3,4,NOT_AVAILABLE_PAIRED,STAGE_AGGREGATE_ONLY,production_kg,2613,13.298281564608088,7.118574936468308,-6.179706628139492,-6.335308724710169,-6.024104531568815,NO
EARLY_STAGE7,S4->STAGE7,3,4,NOT_AVAILABLE_PAIRED,STAGE_AGGREGATE_ONLY,ordinary_demand_kg,2613,9.151746914652968,9.151746914652968,0.0,0.0,0.0,NO
EARLY_STAGE7,S4->STAGE7,3,4,NOT_AVAILABLE_PAIRED,STAGE_AGGREGATE_ONLY,served_demand_kg,2613,8.553420983360356,9.02750047273394,0.47407948937360334,0.3945556259615697,0.553603352785637,NO
EARLY_STAGE7,S4->STAGE7,3,4,NOT_AVAILABLE_PAIRED,STAGE_AGGREGATE_ONLY,shortage_kg,2613,0.5983259312926337,0.12424644191903157,-0.4740794893736032,-0.5536033527856369,-0.39455562596156957,NO
EARLY_STAGE7,S4->STAGE7,3,4,NOT_AVAILABLE_PAIRED,STAGE_AGGREGATE_ONLY,htt_in_kg,2613,0.5409275227441884,3.2287301699563447,2.6878026472121563,2.1086327720567564,3.2669725223675563,NO
EARLY_STAGE7,S4->STAGE7,3,4,NOT_AVAILABLE_PAIRED,STAGE_AGGREGATE_ONLY,htt_out_kg,2613,3.467135662166989,0.41871310314781185,-3.048422559019178,-3.5584011432813196,-2.5384439747570364,NO
EARLY_STAGE7,S4->STAGE7,3,4,NOT_AVAILABLE_PAIRED,STAGE_AGGREGATE_ONLY,ending_inventory_kg,2613,61.002500037076764,41.74315234999639,-19.25934768708025,-20.461990826073766,-18.056704548086735,NO
EARLY_STAGE7,S4->STAGE7,3,4,NOT_AVAILABLE_PAIRED,STAGE_AGGREGATE_ONLY,beginning_inventory_kg,2613,59.18384759525043,40.84206081945127,-18.341786775798642,-18.878857468446267,-17.804716083151018,NO
EARLY_STAGE7,S4->STAGE7,4,1,NOT_AVAILABLE_PAIRED,STAGE_AGGREGATE_ONLY,production_kg,2613,42.32184396351349,23.47510343615066,-18.846740527361764,-19.40411671901581,-18.289364335707717,NO
EARLY_STAGE7,S4->STAGE7,4,1,NOT_AVAILABLE_PAIRED,STAGE_AGGREGATE_ONLY,ordinary_demand_kg,2613,14.839201083276427,14.839201083276427,0.0,0.0,0.0,NO
EARLY_STAGE7,S4->STAGE7,4,1,NOT_AVAILABLE_PAIRED,STAGE_AGGREGATE_ONLY,served_demand_kg,2613,13.536914988016688,14.161031174966624,0.6241161869499854,0.4983839736032085,0.7498484002967623,NO
EARLY_STAGE7,S4->STAGE7,4,1,NOT_AVAILABLE_PAIRED,STAGE_AGGREGATE_ONLY,shortage_kg,2613,1.3022860952598356,0.6781699083098554,-0.6241161869499854,-0.7498484002967623,-0.4983839736032085,NO
EARLY_STAGE7,S4->STAGE7,4,1,NOT_AVAILABLE_PAIRED,STAGE_AGGREGATE_ONLY,htt_in_kg,2613,5.058462783692133,2.3500247624916146,-2.7084380212005117,-3.3303628431729666,-2.086513199228057,NO
EARLY_STAGE7,S4->STAGE7,4,1,NOT_AVAILABLE_PAIRED,STAGE_AGGREGATE_ONLY,htt_out_kg,2613,0.5710781471690091,0.46718873363109603,-0.10388941353791291,-0.341179895371075,0.13340106829524923,NO
EARLY_STAGE7,S4->STAGE7,4,1,NOT_AVAILABLE_PAIRED,STAGE_AGGREGATE_ONLY,ending_inventory_kg,2613,168.98963355581833,86.78919709493609,-82.20043646088229,-83.66293744952951,-80.73793547223507,NO
EARLY_STAGE7,S4->STAGE7,4,1,NOT_AVAILABLE_PAIRED,STAGE_AGGREGATE_ONLY,beginning_inventory_kg,2613,135.71731994379752,75.59228880488939,-60.12503113890765,-61.52578995332647,-58.72427232448883,NO
EARLY_STAGE7,S4->STAGE7,4,2,NOT_AVAILABLE_PAIRED,STAGE_AGGREGATE_ONLY,production_kg,2613,17.70557669745091,7.5170392294118855,-10.188537468038914,-10.656998312638736,-9.720076623439093,NO
EARLY_STAGE7,S4->STAGE7,4,2,NOT_AVAILABLE_PAIRED,STAGE_AGGREGATE_ONLY,ordinary_demand_kg,2613,12.645962732919704,12.645962732919704,0.0,0.0,0.0,NO
EARLY_STAGE7,S4->STAGE7,4,2,NOT_AVAILABLE_PAIRED,STAGE_AGGREGATE_ONLY,served_demand_kg,2613,11.857808625815776,12.177506605787476,0.319697979971677,0.2176078232193578,0.4217881367239962,NO
EARLY_STAGE7,S4->STAGE7,4,2,NOT_AVAILABLE_PAIRED,STAGE_AGGREGATE_ONLY,shortage_kg,2613,0.7881541071038844,0.468456127132207,-0.3196979799716771,-0.4217881367239963,-0.2176078232193579,NO
EARLY_STAGE7,S4->STAGE7,4,2,NOT_AVAILABLE_PAIRED,STAGE_AGGREGATE_ONLY,htt_in_kg,2613,3.883378531682242,4.507916483432817,0.6245379517505806,0.01537560266122917,1.2337003008399319,NO
EARLY_STAGE7,S4->STAGE7,4,2,NOT_AVAILABLE_PAIRED,STAGE_AGGREGATE_ONLY,htt_out_kg,2613,10.093823885263044,3.8495068435996553,-6.244317041663383,-7.050685721163355,-5.43794836216341,NO
EARLY_STAGE7,S4->STAGE7,4,2,NOT_AVAILABLE_PAIRED,STAGE_AGGREGATE_ONLY,ending_inventory_kg,2613,83.17667433181249,30.210060131452213,-52.96661420036026,-54.01525885027554,-51.91796955044498,NO
EARLY_STAGE7,S4->STAGE7,4,2,NOT_AVAILABLE_PAIRED,STAGE_AGGREGATE_ONLY,beginning_inventory_kg,2613,83.53935161375807,34.21211786799434,-49.3272337457637,-50.468936303251176,-48.18553118827622,NO
EARLY_STAGE7,S4->STAGE7,4,3,NOT_AVAILABLE_PAIRED,STAGE_AGGREGATE_ONLY,production_kg,2613,7.7523924438646254,7.806937970514279,0.05454552664965336,-0.2551780628968884,0.36426911619619506,NO
EARLY_STAGE7,S4->STAGE7,4,3,NOT_AVAILABLE_PAIRED,STAGE_AGGREGATE_ONLY,ordinary_demand_kg,2613,3.9644919417392823,3.9644919417392823,0.0,0.0,0.0,NO
EARLY_STAGE7,S4->STAGE7,4,3,NOT_AVAILABLE_PAIRED,STAGE_AGGREGATE_ONLY,served_demand_kg,2613,3.681398557560259,3.850700554203727,0.16930199664348722,0.1313408412625905,0.20726315202438395,NO
EARLY_STAGE7,S4->STAGE7,4,3,NOT_AVAILABLE_PAIRED,STAGE_AGGREGATE_ONLY,shortage_kg,2613,0.28309338417905544,0.11379138753556842,-0.16930199664348716,-0.2072631520243839,-0.13134084126259044,NO
EARLY_STAGE7,S4->STAGE7,4,3,NOT_AVAILABLE_PAIRED,STAGE_AGGREGATE_ONLY,htt_in_kg,2613,2.8947749769992663,1.895786685334265,-0.9989882916649978,-1.441401643632871,-0.5565749396971247,NO
EARLY_STAGE7,S4->STAGE7,4,3,NOT_AVAILABLE_PAIRED,STAGE_AGGREGATE_ONLY,htt_out_kg,2613,7.268315376258389,3.796884524333594,-3.4714308519248167,-4.062100254252431,-2.8807614495972027,NO
EARLY_STAGE7,S4->STAGE7,4,3,NOT_AVAILABLE_PAIRED,STAGE_AGGREGATE_ONLY,ending_inventory_kg,2613,31.797390444673486,24.853020999806315,-6.944369444866924,-7.812632612947634,-6.076106276786214,NO
EARLY_STAGE7,S4->STAGE7,4,3,NOT_AVAILABLE_PAIRED,STAGE_AGGREGATE_ONLY,beginning_inventory_kg,2613,32.09993695762819,22.797881422495664,-9.302055535132949,-10.327125344615958,-8.27698572564994,NO
EARLY_STAGE7,S4->STAGE7,4,4,NOT_AVAILABLE_PAIRED,STAGE_AGGREGATE_ONLY,production_kg,2613,17.554080800187638,14.654629364624855,-2.8994514355624363,-3.187309571803351,-2.611593299321522,NO
EARLY_STAGE7,S4->STAGE7,4,4,NOT_AVAILABLE_PAIRED,STAGE_AGGREGATE_ONLY,ordinary_demand_kg,2613,7.561272379628147,7.561272379628147,0.0,0.0,0.0,NO
EARLY_STAGE7,S4->STAGE7,4,4,NOT_AVAILABLE_PAIRED,STAGE_AGGREGATE_ONLY,served_demand_kg,2613,6.9049353009367715,7.199572596392854,0.2946372954560284,0.23174556007911304,0.35752903083294374,NO
EARLY_STAGE7,S4->STAGE7,4,4,NOT_AVAILABLE_PAIRED,STAGE_AGGREGATE_ONLY,shortage_kg,2613,0.656337078691256,0.3616997832352279,-0.29463729545602846,-0.35752903083294385,-0.2317455600791131,NO
EARLY_STAGE7,S4->STAGE7,4,4,NOT_AVAILABLE_PAIRED,STAGE_AGGREGATE_ONLY,htt_in_kg,2613,6.737092329593009,3.3786262195383094,-3.3584661100546866,-4.089713975481175,-2.627218244628198,NO
EARLY_STAGE7,S4->STAGE7,4,4,NOT_AVAILABLE_PAIRED,STAGE_AGGREGATE_ONLY,htt_out_kg,2613,0.6404912132761789,4.018774049232657,3.3782828359564787,2.7013371590279216,4.055228512885035,NO
EARLY_STAGE7,S4->STAGE7,4,4,NOT_AVAILABLE_PAIRED,STAGE_AGGREGATE_ONLY,ending_inventory_kg,2613,77.74824665264377,48.55806128853355,-29.19018536410998,-30.332525602297085,-28.047845125922873,NO
EARLY_STAGE7,S4->STAGE7,4,4,NOT_AVAILABLE_PAIRED,STAGE_AGGREGATE_ONLY,beginning_inventory_kg,2613,61.002500037076764,41.74315234999639,-19.25934768708025,-20.461990826073766,-18.056704548086735,NO
EARLY_STAGE7,S5->STAGE7,1,1,NOT_AVAILABLE_PAIRED,STAGE_AGGREGATE_ONLY,production_kg,1841,46.8000000000016,46.8000000000016,0.0,0.0,0.0,NO
EARLY_STAGE7,S5->STAGE7,1,1,NOT_AVAILABLE_PAIRED,STAGE_AGGREGATE_ONLY,ordinary_demand_kg,1841,14.83920108327667,14.83920108327667,0.0,0.0,0.0,NO
EARLY_STAGE7,S5->STAGE7,1,1,NOT_AVAILABLE_PAIRED,STAGE_AGGREGATE_ONLY,served_demand_kg,1841,14.83920108327667,14.83920108327667,0.0,0.0,0.0,NO
EARLY_STAGE7,S5->STAGE7,1,1,NOT_AVAILABLE_PAIRED,STAGE_AGGREGATE_ONLY,shortage_kg,1841,0.0,0.0,0.0,0.0,0.0,NO
EARLY_STAGE7,S5->STAGE7,1,1,NOT_AVAILABLE_PAIRED,STAGE_AGGREGATE_ONLY,htt_in_kg,1841,0.0,0.0,0.0,0.0,0.0,NO
EARLY_STAGE7,S5->STAGE7,1,1,NOT_AVAILABLE_PAIRED,STAGE_AGGREGATE_ONLY,htt_out_kg,1841,0.0,0.0,0.0,0.0,0.0,NO
EARLY_STAGE7,S5->STAGE7,1,1,NOT_AVAILABLE_PAIRED,STAGE_AGGREGATE_ONLY,ending_inventory_kg,1841,90.00535596159175,90.00535596159175,0.0,0.0,0.0,NO
EARLY_STAGE7,S5->STAGE7,1,1,NOT_AVAILABLE_PAIRED,STAGE_AGGREGATE_ONLY,beginning_inventory_kg,1841,58.044557044868206,58.044557044868206,0.0,0.0,0.0,NO
EARLY_STAGE7,S5->STAGE7,1,2,NOT_AVAILABLE_PAIRED,STAGE_AGGREGATE_ONLY,production_kg,1841,31.199999999999044,23.4000000000008,-7.799999999999761,-7.799999999999772,-7.79999999999975,NO
EARLY_STAGE7,S5->STAGE7,1,2,NOT_AVAILABLE_PAIRED,STAGE_AGGREGATE_ONLY,ordinary_demand_kg,1841,12.645962732919433,12.645962732919433,0.0,0.0,0.0,NO
EARLY_STAGE7,S5->STAGE7,1,2,NOT_AVAILABLE_PAIRED,STAGE_AGGREGATE_ONLY,served_demand_kg,1841,12.645962732919433,12.645962732919433,0.0,0.0,0.0,NO
EARLY_STAGE7,S5->STAGE7,1,2,NOT_AVAILABLE_PAIRED,STAGE_AGGREGATE_ONLY,shortage_kg,1841,0.0,0.0,0.0,0.0,0.0,NO
EARLY_STAGE7,S5->STAGE7,1,2,NOT_AVAILABLE_PAIRED,STAGE_AGGREGATE_ONLY,htt_in_kg,1841,0.0,0.0,0.0,0.0,0.0,NO
EARLY_STAGE7,S5->STAGE7,1,2,NOT_AVAILABLE_PAIRED,STAGE_AGGREGATE_ONLY,htt_out_kg,1841,0.0,0.0,0.0,0.0,0.0,NO
EARLY_STAGE7,S5->STAGE7,1,2,NOT_AVAILABLE_PAIRED,STAGE_AGGREGATE_ONLY,ending_inventory_kg,1841,68.86217520570715,61.062175205705046,-7.799999999999761,-7.799999999999772,-7.79999999999975,NO
EARLY_STAGE7,S5->STAGE7,1,2,NOT_AVAILABLE_PAIRED,STAGE_AGGREGATE_ONLY,beginning_inventory_kg,1841,50.308137938626416,50.308137938626416,0.0,0.0,0.0,NO
EARLY_STAGE7,S5->STAGE7,1,3,NOT_AVAILABLE_PAIRED,STAGE_AGGREGATE_ONLY,production_kg,1841,18.72000000000047,16.380000000000273,-2.340000000000059,-2.3400000000000616,-2.3400000000000563,NO
EARLY_STAGE7,S5->STAGE7,1,3,NOT_AVAILABLE_PAIRED,STAGE_AGGREGATE_ONLY,ordinary_demand_kg,1841,3.9644919417393973,3.9644919417393973,0.0,0.0,0.0,NO
EARLY_STAGE7,S5->STAGE7,1,3,NOT_AVAILABLE_PAIRED,STAGE_AGGREGATE_ONLY,served_demand_kg,1841,3.9644919417393973,3.9644919417393973,0.0,0.0,0.0,NO
EARLY_STAGE7,S5->STAGE7,1,3,NOT_AVAILABLE_PAIRED,STAGE_AGGREGATE_ONLY,shortage_kg,1841,0.0,0.0,0.0,0.0,0.0,NO
EARLY_STAGE7,S5->STAGE7,1,3,NOT_AVAILABLE_PAIRED,STAGE_AGGREGATE_ONLY,htt_in_kg,1841,0.0,0.0,0.0,0.0,0.0,NO
EARLY_STAGE7,S5->STAGE7,1,3,NOT_AVAILABLE_PAIRED,STAGE_AGGREGATE_ONLY,htt_out_kg,1841,0.0,0.0,0.0,0.0,0.0,NO
EARLY_STAGE7,S5->STAGE7,1,3,NOT_AVAILABLE_PAIRED,STAGE_AGGREGATE_ONLY,ending_inventory_kg,1841,40.01764150056989,37.67764150057168,-2.3400000000000625,-2.340000000000065,-2.34000000000006,NO
EARLY_STAGE7,S5->STAGE7,1,3,NOT_AVAILABLE_PAIRED,STAGE_AGGREGATE_ONLY,beginning_inventory_kg,1841,25.26213344230928,25.26213344230928,0.0,0.0,0.0,NO
EARLY_STAGE7,S5->STAGE7,1,4,NOT_AVAILABLE_PAIRED,STAGE_AGGREGATE_ONLY,production_kg,1841,23.4000000000008,23.4000000000008,0.0,0.0,0.0,NO
EARLY_STAGE7,S5->STAGE7,1,4,NOT_AVAILABLE_PAIRED,STAGE_AGGREGATE_ONLY,ordinary_demand_kg,1841,7.5612723796279555,7.5612723796279555,0.0,0.0,0.0,NO
EARLY_STAGE7,S5->STAGE7,1,4,NOT_AVAILABLE_PAIRED,STAGE_AGGREGATE_ONLY,served_demand_kg,1841,7.5612723796279555,7.5612723796279555,0.0,0.0,0.0,NO
EARLY_STAGE7,S5->STAGE7,1,4,NOT_AVAILABLE_PAIRED,STAGE_AGGREGATE_ONLY,shortage_kg,1841,0.0,0.0,0.0,0.0,0.0,NO
EARLY_STAGE7,S5->STAGE7,1,4,NOT_AVAILABLE_PAIRED,STAGE_AGGREGATE_ONLY,htt_in_kg,1841,0.0,0.0,0.0,0.0,0.0,NO
EARLY_STAGE7,S5->STAGE7,1,4,NOT_AVAILABLE_PAIRED,STAGE_AGGREGATE_ONLY,htt_out_kg,1841,0.0,0.0,0.0,0.0,0.0,NO
EARLY_STAGE7,S5->STAGE7,1,4,NOT_AVAILABLE_PAIRED,STAGE_AGGREGATE_ONLY,ending_inventory_kg,1841,48.86230846661657,48.86230846661657,0.0,0.0,0.0,NO
EARLY_STAGE7,S5->STAGE7,1,4,NOT_AVAILABLE_PAIRED,STAGE_AGGREGATE_ONLY,beginning_inventory_kg,1841,33.0235808462439,33.0235808462439,0.0,0.0,0.0,NO
EARLY_STAGE7,S5->STAGE7,2,1,NOT_AVAILABLE_PAIRED,STAGE_AGGREGATE_ONLY,production_kg,1841,46.8000000000016,4.499511135252592,-42.30048886474874,-42.93127234496064,-41.66970538453685,NO
EARLY_STAGE7,S5->STAGE7,2,1,NOT_AVAILABLE_PAIRED,STAGE_AGGREGATE_ONLY,ordinary_demand_kg,1841,22.472918077182985,22.472918077182985,0.0,0.0,0.0,NO
EARLY_STAGE7,S5->STAGE7,2,1,NOT_AVAILABLE_PAIRED,STAGE_AGGREGATE_ONLY,served_demand_kg,1841,21.531507145365673,22.472918077182985,0.941410931817372,0.7534790895654778,1.1293427740692663,NO
EARLY_STAGE7,S5->STAGE7,2,1,NOT_AVAILABLE_PAIRED,STAGE_AGGREGATE_ONLY,shortage_kg,1841,0.9414109318173693,0.0,-0.9414109318173693,-1.1293427740692632,-0.7534790895654754,NO
EARLY_STAGE7,S5->STAGE7,2,1,NOT_AVAILABLE_PAIRED,STAGE_AGGREGATE_ONLY,htt_in_kg,1841,0.0,1.96657512076944,1.96657512076944,1.536072596119668,2.3970776454192118,NO
EARLY_STAGE7,S5->STAGE7,2,1,NOT_AVAILABLE_PAIRED,STAGE_AGGREGATE_ONLY,htt_out_kg,1841,0.0,0.0,0.0,0.0,0.0,NO
EARLY_STAGE7,S5->STAGE7,2,1,NOT_AVAILABLE_PAIRED,STAGE_AGGREGATE_ONLY,ending_inventory_kg,1841,115.27384881622834,73.9985241404316,-41.275324675796625,-42.11582481232288,-40.43482453927037,NO
EARLY_STAGE7,S5->STAGE7,2,1,NOT_AVAILABLE_PAIRED,STAGE_AGGREGATE_ONLY,beginning_inventory_kg,1841,90.00535596159175,90.00535596159175,0.0,0.0,0.0,NO
EARLY_STAGE7,S5->STAGE7,2,2,NOT_AVAILABLE_PAIRED,STAGE_AGGREGATE_ONLY,production_kg,1841,23.570613877576978,2.9216805670627064,-20.648933310514376,-21.033917518118688,-20.263949102910065,NO
EARLY_STAGE7,S5->STAGE7,2,2,NOT_AVAILABLE_PAIRED,STAGE_AGGREGATE_ONLY,ordinary_demand_kg,1841,14.658385093167507,14.658385093167507,0.0,0.0,0.0,NO
EARLY_STAGE7,S5->STAGE7,2,2,NOT_AVAILABLE_PAIRED,STAGE_AGGREGATE_ONLY,served_demand_kg,1841,14.038299650829714,14.658385093167507,0.6200854423378133,0.5036969643607728,0.7364739203148537,NO
EARLY_STAGE7,S5->STAGE7,2,2,NOT_AVAILABLE_PAIRED,STAGE_AGGREGATE_ONLY,shortage_kg,1841,0.6200854423378133,0.0,-0.6200854423378133,-0.7364739203148537,-0.5036969643607728,NO
EARLY_STAGE7,S5->STAGE7,2,2,NOT_AVAILABLE_PAIRED,STAGE_AGGREGATE_ONLY,htt_in_kg,1841,0.0,0.0,0.0,0.0,0.0,NO
EARLY_STAGE7,S5->STAGE7,2,2,NOT_AVAILABLE_PAIRED,STAGE_AGGREGATE_ONLY,htt_out_kg,1841,0.0,2.5318464952815147,2.5318464952815147,2.052360059101883,3.0113329314611463,NO
EARLY_STAGE7,S5->STAGE7,2,2,NOT_AVAILABLE_PAIRED,STAGE_AGGREGATE_ONLY,ending_inventory_kg,1841,78.39448943245398,46.79362418432085,-31.600865248133662,-32.01214213663088,-31.189588359636446,NO
EARLY_STAGE7,S5->STAGE7,2,2,NOT_AVAILABLE_PAIRED,STAGE_AGGREGATE_ONLY,beginning_inventory_kg,1841,68.86217520570715,61.062175205705046,-7.799999999999761,-7.799999999999772,-7.79999999999975,NO
EARLY_STAGE7,S5->STAGE7,2,3,NOT_AVAILABLE_PAIRED,STAGE_AGGREGATE_ONLY,production_kg,1841,12.56271359148035,1.6814454596559392,-10.881268131824351,-11.142800097044226,-10.619736166604476,NO
EARLY_STAGE7,S5->STAGE7,2,3,NOT_AVAILABLE_PAIRED,STAGE_AGGREGATE_ONLY,ordinary_demand_kg,1841,9.074722054641365,9.074722054641365,0.0,0.0,0.0,NO
EARLY_STAGE7,S5->STAGE7,2,3,NOT_AVAILABLE_PAIRED,STAGE_AGGREGATE_ONLY,served_demand_kg,1841,8.433921475008898,9.074722054641365,0.6408005796324476,0.5345084333035132,0.7470927259613821,NO
EARLY_STAGE7,S5->STAGE7,2,3,NOT_AVAILABLE_PAIRED,STAGE_AGGREGATE_ONLY,shortage_kg,1841,0.6408005796324476,0.0,-0.6408005796324476,-0.7470927259613821,-0.5345084333035132,NO
EARLY_STAGE7,S5->STAGE7,2,3,NOT_AVAILABLE_PAIRED,STAGE_AGGREGATE_ONLY,htt_in_kg,1841,0.0,0.0,0.0,0.0,0.0,NO
EARLY_STAGE7,S5->STAGE7,2,3,NOT_AVAILABLE_PAIRED,STAGE_AGGREGATE_ONLY,htt_out_kg,1841,0.0,2.7152798015358917,2.7152798015358917,2.2151044053053575,3.215455197766426,NO
EARLY_STAGE7,S5->STAGE7,2,3,NOT_AVAILABLE_PAIRED,STAGE_AGGREGATE_ONLY,ending_inventory_kg,1841,44.14643361704193,27.569085104048447,-16.57734851299275,-17.060933363335632,-16.093763662649867,NO
EARLY_STAGE7,S5->STAGE7,2,3,NOT_AVAILABLE_PAIRED,STAGE_AGGREGATE_ONLY,beginning_inventory_kg,1841,40.01764150056989,37.67764150057168,-2.3400000000000625,-2.340000000000065,-2.34000000000006,NO
EARLY_STAGE7,S5->STAGE7,2,4,NOT_AVAILABLE_PAIRED,STAGE_AGGREGATE_ONLY,production_kg,1841,23.4000000000008,3.425475285171135,-19.97452471482898,-20.279011694516793,-19.670037735141168,NO
EARLY_STAGE7,S5->STAGE7,2,4,NOT_AVAILABLE_PAIRED,STAGE_AGGREGATE_ONLY,ordinary_demand_kg,1841,13.286980705718655,13.286980705718655,0.0,0.0,0.0,NO
EARLY_STAGE7,S5->STAGE7,2,4,NOT_AVAILABLE_PAIRED,STAGE_AGGREGATE_ONLY,served_demand_kg,1841,13.113766399940694,13.286980705718655,0.17321430577797461,0.10430457509783282,0.24212403645811642,NO
EARLY_STAGE7,S5->STAGE7,2,4,NOT_AVAILABLE_PAIRED,STAGE_AGGREGATE_ONLY,shortage_kg,1841,0.17321430577797461,0.0,-0.17321430577797461,-0.24212403645811642,-0.10430457509783282,NO
EARLY_STAGE7,S5->STAGE7,2,4,NOT_AVAILABLE_PAIRED,STAGE_AGGREGATE_ONLY,htt_in_kg,1841,0.0,3.2805511760479664,3.2805511760479664,2.7348981656125666,3.8262041864833662,NO
EARLY_STAGE7,S5->STAGE7,2,4,NOT_AVAILABLE_PAIRED,STAGE_AGGREGATE_ONLY,htt_out_kg,1841,0.0,0.0,0.0,0.0,0.0,NO
EARLY_STAGE7,S5->STAGE7,2,4,NOT_AVAILABLE_PAIRED,STAGE_AGGREGATE_ONLY,ending_inventory_kg,1841,59.14854206667504,42.28135422211495,-16.867187844558977,-17.672060472878755,-16.0623152162392,NO
EARLY_STAGE7,S5->STAGE7,2,4,NOT_AVAILABLE_PAIRED,STAGE_AGGREGATE_ONLY,beginning_inventory_kg,1841,48.86230846661657,48.86230846661657,0.0,0.0,0.0,NO
EARLY_STAGE7,S5->STAGE7,3,1,NOT_AVAILABLE_PAIRED,STAGE_AGGREGATE_ONLY,production_kg,1841,29.778505232709275,14.496306355241618,-15.28219887746741,-15.764950813196577,-14.799446941738243,NO
EARLY_STAGE7,S5->STAGE7,3,1,NOT_AVAILABLE_PAIRED,STAGE_AGGREGATE_ONLY,ordinary_demand_kg,1841,17.687880839540412,17.687880839540412,0.0,0.0,0.0,NO
EARLY_STAGE7,S5->STAGE7,3,1,NOT_AVAILABLE_PAIRED,STAGE_AGGREGATE_ONLY,served_demand_kg,1841,16.298741022058636,17.336106300679546,1.0373652786207894,0.8371770203090775,1.2375535369325013,NO
EARLY_STAGE7,S5->STAGE7,3,1,NOT_AVAILABLE_PAIRED,STAGE_AGGREGATE_ONLY,shortage_kg,1841,1.3891398174816163,0.35177453886082827,-1.03736527862079,-1.2375535369325021,-0.8371770203090781,NO
EARLY_STAGE7,S5->STAGE7,3,1,NOT_AVAILABLE_PAIRED,STAGE_AGGREGATE_ONLY,htt_in_kg,1841,0.707054716399815,5.889919394004182,5.182864677604365,4.320560176773555,6.045169178435175,NO
EARLY_STAGE7,S5->STAGE7,3,1,NOT_AVAILABLE_PAIRED,STAGE_AGGREGATE_ONLY,htt_out_kg,1841,0.0,0.0,0.0,0.0,0.0,NO
EARLY_STAGE7,S5->STAGE7,3,1,NOT_AVAILABLE_PAIRED,STAGE_AGGREGATE_ONLY,ending_inventory_kg,1841,129.4606677432761,77.04864358899766,-52.41202415427894,-54.04157590112388,-50.782472407434,NO
EARLY_STAGE7,S5->STAGE7,3,1,NOT_AVAILABLE_PAIRED,STAGE_AGGREGATE_ONLY,beginning_inventory_kg,1841,115.27384881622834,73.9985241404316,-41.275324675796625,-42.11582481232288,-40.43482453927037,NO
EARLY_STAGE7,S5->STAGE7,3,2,NOT_AVAILABLE_PAIRED,STAGE_AGGREGATE_ONLY,production_kg,1841,10.918098909804279,7.58305923514203,-3.3350396746622364,-3.4365362093969996,-3.233543139927473,NO
EARLY_STAGE7,S5->STAGE7,3,2,NOT_AVAILABLE_PAIRED,STAGE_AGGREGATE_ONLY,ordinary_demand_kg,1841,8.69565217391345,8.69565217391345,0.0,0.0,0.0,NO
EARLY_STAGE7,S5->STAGE7,3,2,NOT_AVAILABLE_PAIRED,STAGE_AGGREGATE_ONLY,served_demand_kg,1841,8.018634675655704,8.688595947995282,0.6699612723395103,0.5650455722556085,0.7748769724234121,NO
EARLY_STAGE7,S5->STAGE7,3,2,NOT_AVAILABLE_PAIRED,STAGE_AGGREGATE_ONLY,shortage_kg,1841,0.6770174982576763,0.007056225918165943,-0.6699612723395103,-0.7748769724234121,-0.5650455722556085,NO
EARLY_STAGE7,S5->STAGE7,3,2,NOT_AVAILABLE_PAIRED,STAGE_AGGREGATE_ONLY,htt_in_kg,1841,3.4429272632953265,0.0,-3.4429272632953265,-4.007964104667812,-2.877890421922842,NO
EARLY_STAGE7,S5->STAGE7,3,2,NOT_AVAILABLE_PAIRED,STAGE_AGGREGATE_ONLY,htt_out_kg,1841,0.693807269123159,4.93982554650726,4.2460182773841035,3.4604364092985387,5.031600145469668,NO
EARLY_STAGE7,S5->STAGE7,3,2,NOT_AVAILABLE_PAIRED,STAGE_AGGREGATE_ONLY,ending_inventory_kg,1841,84.04307366077335,40.74826192495871,-43.29481173581488,-44.53941004966092,-42.05021342196884,NO
EARLY_STAGE7,S5->STAGE7,3,2,NOT_AVAILABLE_PAIRED,STAGE_AGGREGATE_ONLY,beginning_inventory_kg,1841,78.39448943245398,46.79362418432085,-31.600865248133662,-32.01214213663088,-31.189588359636446,NO
EARLY_STAGE7,S5->STAGE7,3,3,NOT_AVAILABLE_PAIRED,STAGE_AGGREGATE_ONLY,production_kg,1841,5.7073093341611605,4.020543027682164,-1.6867663064790284,-1.7675485778677331,-1.6059840350903236,NO
EARLY_STAGE7,S5->STAGE7,3,3,NOT_AVAILABLE_PAIRED,STAGE_AGGREGATE_ONLY,ordinary_demand_kg,1841,9.960786003619516,9.960786003619516,0.0,0.0,0.0,NO
EARLY_STAGE7,S5->STAGE7,3,3,NOT_AVAILABLE_PAIRED,STAGE_AGGREGATE_ONLY,served_demand_kg,1841,9.102917434334536,9.959091988165227,0.8561745538307171,0.7289486097787045,0.9834004978827297,NO
EARLY_STAGE7,S5->STAGE7,3,3,NOT_AVAILABLE_PAIRED,STAGE_AGGREGATE_ONLY,shortage_kg,1841,0.8578685692850044,0.0016940154542874882,-0.8561745538307171,-0.9834004978827297,-0.7289486097787045,NO
EARLY_STAGE7,S5->STAGE7,3,3,NOT_AVAILABLE_PAIRED,STAGE_AGGREGATE_ONLY,htt_in_kg,1841,0.9163257478602183,0.6632715181095029,-0.253054229750716,-0.5887425399277122,0.08263408042628012,NO
EARLY_STAGE7,S5->STAGE7,3,3,NOT_AVAILABLE_PAIRED,STAGE_AGGREGATE_ONLY,htt_out_kg,1841,0.23905428529667938,3.359745500497799,3.120691215201118,2.681610859594573,3.5597715708076634,NO
EARLY_STAGE7,S5->STAGE7,3,3,NOT_AVAILABLE_PAIRED,STAGE_AGGREGATE_ONLY,ending_inventory_kg,1841,41.428096979431615,18.934062161177803,-22.494034818254125,-23.35493472248693,-21.63313491402132,NO
EARLY_STAGE7,S5->STAGE7,3,3,NOT_AVAILABLE_PAIRED,STAGE_AGGREGATE_ONLY,beginning_inventory_kg,1841,44.14643361704193,27.569085104048447,-16.57734851299275,-17.060933363335632,-16.093763662649867,NO
EARLY_STAGE7,S5->STAGE7,3,4,NOT_AVAILABLE_PAIRED,STAGE_AGGREGATE_ONLY,production_kg,1841,14.98548102317281,7.920956210927735,-7.064524812244901,-7.248730322765479,-6.880319301724323,NO
EARLY_STAGE7,S5->STAGE7,3,4,NOT_AVAILABLE_PAIRED,STAGE_AGGREGATE_ONLY,ordinary_demand_kg,1841,9.151746914652994,9.151746914652994,0.0,0.0,0.0,NO
EARLY_STAGE7,S5->STAGE7,3,4,NOT_AVAILABLE_PAIRED,STAGE_AGGREGATE_ONLY,served_demand_kg,1841,8.806412695029792,9.044035159647935,0.23762246461815031,0.15357260137287812,0.3216723278634225,NO
EARLY_STAGE7,S5->STAGE7,3,4,NOT_AVAILABLE_PAIRED,STAGE_AGGREGATE_ONLY,shortage_kg,1841,0.34533421962321587,0.1077117550050653,-0.2376224646181503,-0.3216723278634225,-0.1535726013728781,NO
EARLY_STAGE7,S5->STAGE7,3,4,NOT_AVAILABLE_PAIRED,STAGE_AGGREGATE_ONLY,htt_in_kg,1841,0.012175947566285348,2.1808971994485473,2.168721251882262,1.5932214690592397,2.744221034705284,NO
EARLY_STAGE7,S5->STAGE7,3,4,NOT_AVAILABLE_PAIRED,STAGE_AGGREGATE_ONLY,htt_out_kg,1841,4.145622120701803,0.43451706455717737,-3.7111050561446266,-4.303821876763159,-3.118388235526094,NO
EARLY_STAGE7,S5->STAGE7,3,4,NOT_AVAILABLE_PAIRED,STAGE_AGGREGATE_ONLY,ending_inventory_kg,1841,61.19416422168217,42.90465540828648,-18.289508813394992,-19.84732542502313,-16.731692201766855,NO
EARLY_STAGE7,S5->STAGE7,3,4,NOT_AVAILABLE_PAIRED,STAGE_AGGREGATE_ONLY,beginning_inventory_kg,1841,59.14854206667504,42.28135422211495,-16.867187844558977,-17.672060472878755,-16.0623152162392,NO
EARLY_STAGE7,S5->STAGE7,4,1,NOT_AVAILABLE_PAIRED,STAGE_AGGREGATE_ONLY,production_kg,1841,45.80646649552117,32.331676709260286,-13.474789786259636,-14.115434778885561,-12.834144793633712,NO
EARLY_STAGE7,S5->STAGE7,4,1,NOT_AVAILABLE_PAIRED,STAGE_AGGREGATE_ONLY,ordinary_demand_kg,1841,14.83920108327667,14.83920108327667,0.0,0.0,0.0,NO
EARLY_STAGE7,S5->STAGE7,4,1,NOT_AVAILABLE_PAIRED,STAGE_AGGREGATE_ONLY,served_demand_kg,1841,13.658786852531204,14.404614931979944,0.7458280794487999,0.614242931581289,0.8774132273163109,NO
EARLY_STAGE7,S5->STAGE7,4,1,NOT_AVAILABLE_PAIRED,STAGE_AGGREGATE_ONLY,shortage_kg,1841,1.1804142307455634,0.43458615129676137,-0.7458280794488004,-0.8774132273163113,-0.6142429315812894,NO
EARLY_STAGE7,S5->STAGE7,4,1,NOT_AVAILABLE_PAIRED,STAGE_AGGREGATE_ONLY,htt_in_kg,1841,2.1812893507295423,2.512257621121499,0.33096827039195575,-0.3404832042365704,1.002419745020482,NO
EARLY_STAGE7,S5->STAGE7,4,1,NOT_AVAILABLE_PAIRED,STAGE_AGGREGATE_ONLY,htt_out_kg,1841,0.8451101622944326,0.696400928698797,-0.1487092335956355,-0.5018164336176648,0.20439796642639377,NO
EARLY_STAGE7,S5->STAGE7,4,1,NOT_AVAILABLE_PAIRED,STAGE_AGGREGATE_ONLY,ending_inventory_kg,1841,162.9445265747012,96.79156205870156,-66.15296451599988,-67.9967436268932,-64.30918540510656,NO
EARLY_STAGE7,S5->STAGE7,4,1,NOT_AVAILABLE_PAIRED,STAGE_AGGREGATE_ONLY,beginning_inventory_kg,1841,129.4606677432761,77.04864358899766,-52.41202415427894,-54.04157590112388,-50.782472407434,NO
EARLY_STAGE7,S5->STAGE7,4,2,NOT_AVAILABLE_PAIRED,STAGE_AGGREGATE_ONLY,production_kg,1841,24.502937498016202,12.879987533764918,-11.622949964251294,-12.005808469612468,-11.24009145889012,NO
EARLY_STAGE7,S5->STAGE7,4,2,NOT_AVAILABLE_PAIRED,STAGE_AGGREGATE_ONLY,ordinary_demand_kg,1841,12.645962732919433,12.645962732919433,0.0,0.0,0.0,NO
EARLY_STAGE7,S5->STAGE7,4,2,NOT_AVAILABLE_PAIRED,STAGE_AGGREGATE_ONLY,served_demand_kg,1841,11.974121727811879,12.295009562275007,0.320887834463097,0.2124017192642205,0.4293739496619735,NO
EARLY_STAGE7,S5->STAGE7,4,2,NOT_AVAILABLE_PAIRED,STAGE_AGGREGATE_ONLY,shortage_kg,1841,0.6718410051074921,0.35095317064439485,-0.320887834463097,-0.4293739496619735,-0.21240171926422047,NO
EARLY_STAGE7,S5->STAGE7,4,2,NOT_AVAILABLE_PAIRED,STAGE_AGGREGATE_ONLY,htt_in_kg,1841,1.73842659812937,4.170254029386892,2.4318274312575174,1.5547660629364863,3.3088887995785488,NO
EARLY_STAGE7,S5->STAGE7,4,2,NOT_AVAILABLE_PAIRED,STAGE_AGGREGATE_ONLY,htt_out_kg,1841,5.940067806904409,6.380692571800523,0.44062476489611063,-0.2219974395701792,1.1032469693624005,NO
EARLY_STAGE7,S5->STAGE7,4,2,NOT_AVAILABLE_PAIRED,STAGE_AGGREGATE_ONLY,ending_inventory_kg,1841,92.37024822220279,39.12280135403532,-53.247446868167835,-54.26374086360133,-52.23115287273434,NO
EARLY_STAGE7,S5->STAGE7,4,2,NOT_AVAILABLE_PAIRED,STAGE_AGGREGATE_ONLY,beginning_inventory_kg,1841,84.04307366077335,40.74826192495871,-43.29481173581488,-44.53941004966092,-42.05021342196884,NO
EARLY_STAGE7,S5->STAGE7,4,3,NOT_AVAILABLE_PAIRED,STAGE_AGGREGATE_ONLY,production_kg,1841,10.70767355647959,12.73281402230536,2.025140465825508,1.6329603147665999,2.417320616884416,NO
EARLY_STAGE7,S5->STAGE7,4,3,NOT_AVAILABLE_PAIRED,STAGE_AGGREGATE_ONLY,ordinary_demand_kg,1841,3.9644919417393973,3.9644919417393973,0.0,0.0,0.0,NO
EARLY_STAGE7,S5->STAGE7,4,3,NOT_AVAILABLE_PAIRED,STAGE_AGGREGATE_ONLY,served_demand_kg,1841,3.700611423290575,3.918619992265889,0.21800856897528853,0.1746960491468042,0.26132108880377286,NO
EARLY_STAGE7,S5->STAGE7,4,3,NOT_AVAILABLE_PAIRED,STAGE_AGGREGATE_ONLY,shortage_kg,1841,0.26388051844879185,0.04587194947350354,-0.2180085689752885,-0.26132108880377286,-0.17469604914680414,NO
EARLY_STAGE7,S5->STAGE7,4,3,NOT_AVAILABLE_PAIRED,STAGE_AGGREGATE_ONLY,htt_in_kg,1841,3.3791152068524997,2.241315165163706,-1.1378000416887966,-1.6999234891616721,-0.575676594215921,NO
EARLY_STAGE7,S5->STAGE7,4,3,NOT_AVAILABLE_PAIRED,STAGE_AGGREGATE_ONLY,htt_out_kg,1841,2.21049563307086,2.2016986131795075,-0.008797019891350892,-0.43542856283002745,0.41783452304732566,NO
EARLY_STAGE7,S5->STAGE7,4,3,NOT_AVAILABLE_PAIRED,STAGE_AGGREGATE_ONLY,ending_inventory_kg,1841,49.60377868640238,27.787872743200964,-21.815905943201315,-23.06437662548122,-20.56743526092141,NO
EARLY_STAGE7,S5->STAGE7,4,3,NOT_AVAILABLE_PAIRED,STAGE_AGGREGATE_ONLY,beginning_inventory_kg,1841,41.428096979431615,18.934062161177803,-22.494034818254125,-23.35493472248693,-21.63313491402132,NO
EARLY_STAGE7,S5->STAGE7,4,4,NOT_AVAILABLE_PAIRED,STAGE_AGGREGATE_ONLY,production_kg,1841,23.02807740605359,17.695442109367505,-5.3326352966853205,-5.672866437950054,-4.992404155420587,NO
EARLY_STAGE7,S5->STAGE7,4,4,NOT_AVAILABLE_PAIRED,STAGE_AGGREGATE_ONLY,ordinary_demand_kg,1841,7.5612723796279555,7.5612723796279555,0.0,0.0,0.0,NO
EARLY_STAGE7,S5->STAGE7,4,4,NOT_AVAILABLE_PAIRED,STAGE_AGGREGATE_ONLY,served_demand_kg,1841,6.951966868750253,7.261254534875391,0.3092876661251561,0.23686263261887583,0.3817126996314364,NO
EARLY_STAGE7,S5->STAGE7,4,4,NOT_AVAILABLE_PAIRED,STAGE_AGGREGATE_ONLY,shortage_kg,1841,0.6093055108777379,0.30001784475258175,-0.3092876661251561,-0.3817126996314364,-0.23686263261887583,NO
EARLY_STAGE7,S5->STAGE7,4,4,NOT_AVAILABLE_PAIRED,STAGE_AGGREGATE_ONLY,htt_in_kg,1841,3.398005299163896,5.628826079247693,2.230820780083798,1.5516699138946057,2.9099716462729903,NO
EARLY_STAGE7,S5->STAGE7,4,4,NOT_AVAILABLE_PAIRED,STAGE_AGGREGATE_ONLY,htt_out_kg,1841,1.7011628526056009,5.273860781240951,3.572697928635351,2.5970548981203785,4.548340959150323,NO
EARLY_STAGE7,S5->STAGE7,4,4,NOT_AVAILABLE_PAIRED,STAGE_AGGREGATE_ONLY,ending_inventory_kg,1841,78.96711720554337,53.69380828078519,-25.273308924757238,-26.60656382887751,-23.940054020636968,NO
EARLY_STAGE7,S5->STAGE7,4,4,NOT_AVAILABLE_PAIRED,STAGE_AGGREGATE_ONLY,beginning_inventory_kg,1841,61.19416422168217,42.90465540828648,-18.289508813394992,-19.84732542502313,-16.731692201766855,NO
EARLY_STAGE7,S5->STAGE7,5,1,NOT_AVAILABLE_PAIRED,STAGE_AGGREGATE_ONLY,production_kg,1841,15.455329739379854,10.09746263948074,-5.357867099899196,-5.903589043821451,-4.812145155976942,NO
EARLY_STAGE7,S5->STAGE7,5,1,NOT_AVAILABLE_PAIRED,STAGE_AGGREGATE_ONLY,ordinary_demand_kg,1841,22.472918077182985,22.472918077182985,0.0,0.0,0.0,NO
EARLY_STAGE7,S5->STAGE7,5,1,NOT_AVAILABLE_PAIRED,STAGE_AGGREGATE_ONLY,served_demand_kg,1841,21.824890635970934,21.6784306626856,-0.14645997328533772,-0.3040699587388671,0.011150012168191642,NO
EARLY_STAGE7,S5->STAGE7,5,1,NOT_AVAILABLE_PAIRED,STAGE_AGGREGATE_ONLY,shortage_kg,1841,0.6480274412120811,0.7944874144974189,0.1464599732853377,-0.011150012168191559,0.30406995873886694,NO
EARLY_STAGE7,S5->STAGE7,5,1,NOT_AVAILABLE_PAIRED,STAGE_AGGREGATE_ONLY,htt_in_kg,1841,3.589885237433422,4.03046046185589,0.44057522442246905,-0.3080752911386078,1.189225739983546,NO
EARLY_STAGE7,S5->STAGE7,5,1,NOT_AVAILABLE_PAIRED,STAGE_AGGREGATE_ONLY,htt_out_kg,1841,1.5619016531649659,0.31107143696346523,-1.2508302162015006,-1.6186693486169887,-0.8829910837860124,NO
EARLY_STAGE7,S5->STAGE7,5,1,NOT_AVAILABLE_PAIRED,STAGE_AGGREGATE_ONLY,ending_inventory_kg,1841,158.60294926237876,88.92998306038848,-69.67296620198978,-71.49082541837308,-67.85510698560648,NO
EARLY_STAGE7,S5->STAGE7,5,1,NOT_AVAILABLE_PAIRED,STAGE_AGGREGATE_ONLY,beginning_inventory_kg,1841,162.9445265747012,96.79156205870156,-66.15296451599988,-67.9967436268932,-64.30918540510656,NO
EARLY_STAGE7,S5->STAGE7,5,2,NOT_AVAILABLE_PAIRED,STAGE_AGGREGATE_ONLY,production_kg,1841,5.1001927883141285,5.478859174736921,0.3786663864227821,0.11090728241906034,0.6464254904265039,NO
EARLY_STAGE7,S5->STAGE7,5,2,NOT_AVAILABLE_PAIRED,STAGE_AGGREGATE_ONLY,ordinary_demand_kg,1841,14.658385093167507,14.658385093167507,0.0,0.0,0.0,NO
EARLY_STAGE7,S5->STAGE7,5,2,NOT_AVAILABLE_PAIRED,STAGE_AGGREGATE_ONLY,served_demand_kg,1841,14.280278369221147,14.218629993809131,-0.061648375412017224,-0.17507525829322748,0.051778507469193026,NO
EARLY_STAGE7,S5->STAGE7,5,2,NOT_AVAILABLE_PAIRED,STAGE_AGGREGATE_ONLY,shortage_kg,1841,0.37810672394636663,0.4397550993583837,0.06164837541201712,-0.05177850746919317,0.1750752582932274,NO
EARLY_STAGE7,S5->STAGE7,5,2,NOT_AVAILABLE_PAIRED,STAGE_AGGREGATE_ONLY,htt_in_kg,1841,9.85724173247232,3.5593558527925504,-6.297885879679785,-7.075701838967092,-5.520069920392478,NO
EARLY_STAGE7,S5->STAGE7,5,2,NOT_AVAILABLE_PAIRED,STAGE_AGGREGATE_ONLY,htt_out_kg,1841,8.931301383178464,5.059341195901948,-3.8719601872765157,-4.75749010633655,-2.9864302682164814,NO
EARLY_STAGE7,S5->STAGE7,5,2,NOT_AVAILABLE_PAIRED,STAGE_AGGREGATE_ONLY,ending_inventory_kg,1841,84.11610299058974,28.883045191853743,-55.23305779873625,-56.70305620708989,-53.76305939038261,NO
EARLY_STAGE7,S5->STAGE7,5,2,NOT_AVAILABLE_PAIRED,STAGE_AGGREGATE_ONLY,beginning_inventory_kg,1841,92.37024822220279,39.12280135403532,-53.247446868167835,-54.26374086360133,-52.23115287273434,NO
EARLY_STAGE7,S5->STAGE7,5,3,NOT_AVAILABLE_PAIRED,STAGE_AGGREGATE_ONLY,production_kg,1841,2.480507593047001,3.0498470546491765,0.5693394616021725,0.39851828203767314,0.7401606411666719,NO
EARLY_STAGE7,S5->STAGE7,5,3,NOT_AVAILABLE_PAIRED,STAGE_AGGREGATE_ONLY,ordinary_demand_kg,1841,9.074722054641365,9.074722054641365,0.0,0.0,0.0,NO
EARLY_STAGE7,S5->STAGE7,5,3,NOT_AVAILABLE_PAIRED,STAGE_AGGREGATE_ONLY,served_demand_kg,1841,8.969795971274682,8.892702509199387,-0.07709346207530389,-0.1269540408901509,-0.027232883260456905,NO
EARLY_STAGE7,S5->STAGE7,5,3,NOT_AVAILABLE_PAIRED,STAGE_AGGREGATE_ONLY,shortage_kg,1841,0.10492608336669329,0.18201954544199714,0.07709346207530388,0.02723288326045689,0.12695404089015086,NO
EARLY_STAGE7,S5->STAGE7,5,3,NOT_AVAILABLE_PAIRED,STAGE_AGGREGATE_ONLY,htt_in_kg,1841,0.1905417036296411,1.8588762964673806,1.6683345928377376,1.4450868597820776,1.8915823258933975,NO
EARLY_STAGE7,S5->STAGE7,5,3,NOT_AVAILABLE_PAIRED,STAGE_AGGREGATE_ONLY,htt_out_kg,1841,20.897712086856817,4.464548719909055,-16.433163366947753,-17.392800205407962,-15.473526528487543,NO
EARLY_STAGE7,S5->STAGE7,5,3,NOT_AVAILABLE_PAIRED,STAGE_AGGREGATE_ONLY,ending_inventory_kg,1841,22.407319924947892,19.339344865209448,-3.0679750597383864,-3.979864841891823,-2.1560852775849497,NO
EARLY_STAGE7,S5->STAGE7,5,3,NOT_AVAILABLE_PAIRED,STAGE_AGGREGATE_ONLY,beginning_inventory_kg,1841,49.60377868640238,27.787872743200964,-21.815905943201315,-23.06437662548122,-20.56743526092141,NO
EARLY_STAGE7,S5->STAGE7,5,4,NOT_AVAILABLE_PAIRED,STAGE_AGGREGATE_ONLY,production_kg,1841,9.107097118029266,6.275184431029665,-2.831912686999679,-3.0813092565378652,-2.5825161174614926,NO
EARLY_STAGE7,S5->STAGE7,5,4,NOT_AVAILABLE_PAIRED,STAGE_AGGREGATE_ONLY,ordinary_demand_kg,1841,13.286980705718655,13.286980705718655,0.0,0.0,0.0,NO
EARLY_STAGE7,S5->STAGE7,5,4,NOT_AVAILABLE_PAIRED,STAGE_AGGREGATE_ONLY,served_demand_kg,1841,12.776725830431307,12.871627534005908,0.09490170357461011,0.007462750793767195,0.18234065635545305,NO
EARLY_STAGE7,S5->STAGE7,5,4,NOT_AVAILABLE_PAIRED,STAGE_AGGREGATE_ONLY,shortage_kg,1841,0.5102548752873903,0.4153531717127808,-0.09490170357460977,-0.18234065635545266,-0.00746275079376689,NO
EARLY_STAGE7,S5->STAGE7,5,4,NOT_AVAILABLE_PAIRED,STAGE_AGGREGATE_ONLY,htt_in_kg,1841,17.965794584328407,3.7213152873048285,-14.244479297023577,-15.370066475209072,-13.118892118838083,NO
EARLY_STAGE7,S5->STAGE7,5,4,NOT_AVAILABLE_PAIRED,STAGE_AGGREGATE_ONLY,htt_out_kg,1841,0.2125481346635598,3.335046545646175,3.122498410982616,2.4265771525201467,3.8184196694450856,NO
EARLY_STAGE7,S5->STAGE7,5,4,NOT_AVAILABLE_PAIRED,STAGE_AGGREGATE_ONLY,ending_inventory_kg,1841,93.05073494280543,47.48363391946739,-45.56710102333769,-47.078923292160226,-44.05527875451516,NO
EARLY_STAGE7,S5->STAGE7,5,4,NOT_AVAILABLE_PAIRED,STAGE_AGGREGATE_ONLY,beginning_inventory_kg,1841,78.96711720554337,53.69380828078519,-25.273308924757238,-26.60656382887751,-23.940054020636968,NO
STAGE6_TO_A1,S6->A1,1,1,NOT_AVAILABLE_PAIRED,STAGE_AGGREGATE_ONLY,production_kg,33,46.799999999999976,46.799999999999976,0.0,0.0,0.0,NO
STAGE6_TO_A1,S6->A1,1,1,NOT_AVAILABLE_PAIRED,STAGE_AGGREGATE_ONLY,ordinary_demand_kg,33,14.839201083276906,14.839201083276906,0.0,0.0,0.0,NO
STAGE6_TO_A1,S6->A1,1,1,NOT_AVAILABLE_PAIRED,STAGE_AGGREGATE_ONLY,served_demand_kg,33,14.839201083276906,14.839201083276906,0.0,0.0,0.0,NO
STAGE6_TO_A1,S6->A1,1,1,NOT_AVAILABLE_PAIRED,STAGE_AGGREGATE_ONLY,shortage_kg,33,0.0,0.0,0.0,0.0,0.0,NO
STAGE6_TO_A1,S6->A1,1,1,NOT_AVAILABLE_PAIRED,STAGE_AGGREGATE_ONLY,htt_in_kg,33,0.0,0.0,0.0,0.0,0.0,NO
STAGE6_TO_A1,S6->A1,1,1,NOT_AVAILABLE_PAIRED,STAGE_AGGREGATE_ONLY,htt_out_kg,33,0.0,0.0,0.0,0.0,0.0,NO
STAGE6_TO_A1,S6->A1,1,1,NOT_AVAILABLE_PAIRED,STAGE_AGGREGATE_ONLY,ending_inventory_kg,33,90.0053559615926,90.0053559615926,0.0,0.0,0.0,NO
STAGE6_TO_A1,S6->A1,1,1,NOT_AVAILABLE_PAIRED,STAGE_AGGREGATE_ONLY,beginning_inventory_kg,33,58.044557044869464,58.044557044869464,0.0,0.0,0.0,NO
STAGE6_TO_A1,S6->A1,1,2,NOT_AVAILABLE_PAIRED,STAGE_AGGREGATE_ONLY,production_kg,33,31.200000000000017,23.399999999999988,-7.800000000000004,-7.800000000000005,-7.800000000000003,NO
STAGE6_TO_A1,S6->A1,1,2,NOT_AVAILABLE_PAIRED,STAGE_AGGREGATE_ONLY,ordinary_demand_kg,33,12.645962732919301,12.645962732919301,0.0,0.0,0.0,NO
STAGE6_TO_A1,S6->A1,1,2,NOT_AVAILABLE_PAIRED,STAGE_AGGREGATE_ONLY,served_demand_kg,33,12.645962732919301,12.645962732919301,0.0,0.0,0.0,NO
STAGE6_TO_A1,S6->A1,1,2,NOT_AVAILABLE_PAIRED,STAGE_AGGREGATE_ONLY,shortage_kg,33,0.0,0.0,0.0,0.0,0.0,NO
STAGE6_TO_A1,S6->A1,1,2,NOT_AVAILABLE_PAIRED,STAGE_AGGREGATE_ONLY,htt_in_kg,33,0.0,0.0,0.0,0.0,0.0,NO
STAGE6_TO_A1,S6->A1,1,2,NOT_AVAILABLE_PAIRED,STAGE_AGGREGATE_ONLY,htt_out_kg,33,0.0,0.0,0.0,0.0,0.0,NO
STAGE6_TO_A1,S6->A1,1,2,NOT_AVAILABLE_PAIRED,STAGE_AGGREGATE_ONLY,ending_inventory_kg,33,68.86217520570547,61.06217520570546,-7.800000000000004,-7.800000000000007,-7.800000000000002,NO
STAGE6_TO_A1,S6->A1,1,2,NOT_AVAILABLE_PAIRED,STAGE_AGGREGATE_ONLY,beginning_inventory_kg,33,50.308137938624824,50.308137938624824,0.0,0.0,0.0,NO
STAGE6_TO_A1,S6->A1,1,3,NOT_AVAILABLE_PAIRED,STAGE_AGGREGATE_ONLY,production_kg,33,18.720000000000013,16.38,-2.3400000000000016,-2.340000000000002,-2.340000000000001,NO
STAGE6_TO_A1,S6->A1,1,3,NOT_AVAILABLE_PAIRED,STAGE_AGGREGATE_ONLY,ordinary_demand_kg,33,3.9644919417392113,3.9644919417392113,0.0,0.0,0.0,NO
STAGE6_TO_A1,S6->A1,1,3,NOT_AVAILABLE_PAIRED,STAGE_AGGREGATE_ONLY,served_demand_kg,33,3.9644919417392113,3.9644919417392113,0.0,0.0,0.0,NO
STAGE6_TO_A1,S6->A1,1,3,NOT_AVAILABLE_PAIRED,STAGE_AGGREGATE_ONLY,shortage_kg,33,0.0,0.0,0.0,0.0,0.0,NO
STAGE6_TO_A1,S6->A1,1,3,NOT_AVAILABLE_PAIRED,STAGE_AGGREGATE_ONLY,htt_in_kg,33,0.0,0.0,0.0,0.0,0.0,NO
STAGE6_TO_A1,S6->A1,1,3,NOT_AVAILABLE_PAIRED,STAGE_AGGREGATE_ONLY,htt_out_kg,33,0.0,0.0,0.0,0.0,0.0,NO
STAGE6_TO_A1,S6->A1,1,3,NOT_AVAILABLE_PAIRED,STAGE_AGGREGATE_ONLY,ending_inventory_kg,33,40.0176415005701,37.6776415005701,-2.3400000000000034,-2.3400000000000034,-2.3400000000000034,NO
STAGE6_TO_A1,S6->A1,1,3,NOT_AVAILABLE_PAIRED,STAGE_AGGREGATE_ONLY,beginning_inventory_kg,33,25.26213344230929,25.26213344230929,0.0,0.0,0.0,NO
STAGE6_TO_A1,S6->A1,1,4,NOT_AVAILABLE_PAIRED,STAGE_AGGREGATE_ONLY,production_kg,33,23.399999999999988,23.399999999999988,0.0,0.0,0.0,NO
STAGE6_TO_A1,S6->A1,1,4,NOT_AVAILABLE_PAIRED,STAGE_AGGREGATE_ONLY,ordinary_demand_kg,33,7.561272379628015,7.561272379628015,0.0,0.0,0.0,NO
STAGE6_TO_A1,S6->A1,1,4,NOT_AVAILABLE_PAIRED,STAGE_AGGREGATE_ONLY,served_demand_kg,33,7.561272379628015,7.561272379628015,0.0,0.0,0.0,NO
STAGE6_TO_A1,S6->A1,1,4,NOT_AVAILABLE_PAIRED,STAGE_AGGREGATE_ONLY,shortage_kg,33,0.0,0.0,0.0,0.0,0.0,NO
STAGE6_TO_A1,S6->A1,1,4,NOT_AVAILABLE_PAIRED,STAGE_AGGREGATE_ONLY,htt_in_kg,33,0.0,0.0,0.0,0.0,0.0,NO
STAGE6_TO_A1,S6->A1,1,4,NOT_AVAILABLE_PAIRED,STAGE_AGGREGATE_ONLY,htt_out_kg,33,0.0,0.0,0.0,0.0,0.0,NO
STAGE6_TO_A1,S6->A1,1,4,NOT_AVAILABLE_PAIRED,STAGE_AGGREGATE_ONLY,ending_inventory_kg,33,48.86230846661467,48.86230846661467,0.0,0.0,0.0,NO
STAGE6_TO_A1,S6->A1,1,4,NOT_AVAILABLE_PAIRED,STAGE_AGGREGATE_ONLY,beginning_inventory_kg,33,33.0235808462428,33.0235808462428,0.0,0.0,0.0,NO
STAGE6_TO_A1,S6->A1,2,1,NOT_AVAILABLE_PAIRED,STAGE_AGGREGATE_ONLY,production_kg,33,46.799999999999976,2.836363636363636,-43.96363636363634,-47.984594820799224,-39.942677906473456,NO
STAGE6_TO_A1,S6->A1,2,1,NOT_AVAILABLE_PAIRED,STAGE_AGGREGATE_ONLY,ordinary_demand_kg,33,22.47291807718351,22.47291807718351,0.0,0.0,0.0,NO
STAGE6_TO_A1,S6->A1,2,1,NOT_AVAILABLE_PAIRED,STAGE_AGGREGATE_ONLY,served_demand_kg,33,22.47291807718351,22.47291807718351,0.0,0.0,0.0,NO
STAGE6_TO_A1,S6->A1,2,1,NOT_AVAILABLE_PAIRED,STAGE_AGGREGATE_ONLY,shortage_kg,33,0.0,0.0,0.0,0.0,0.0,NO
STAGE6_TO_A1,S6->A1,2,1,NOT_AVAILABLE_PAIRED,STAGE_AGGREGATE_ONLY,htt_in_kg,33,0.0,0.0,0.0,0.0,0.0,NO
STAGE6_TO_A1,S6->A1,2,1,NOT_AVAILABLE_PAIRED,STAGE_AGGREGATE_ONLY,htt_out_kg,33,0.0,0.0,0.0,0.0,0.0,NO
STAGE6_TO_A1,S6->A1,2,1,NOT_AVAILABLE_PAIRED,STAGE_AGGREGATE_ONLY,ending_inventory_kg,33,114.33243788440903,70.36880152077276,-43.9636363636363,-47.984594820799174,-39.94267790647342,NO
STAGE6_TO_A1,S6->A1,2,1,NOT_AVAILABLE_PAIRED,STAGE_AGGREGATE_ONLY,beginning_inventory_kg,33,90.0053559615926,90.0053559615926,0.0,0.0,0.0,NO
STAGE6_TO_A1,S6->A1,2,2,NOT_AVAILABLE_PAIRED,STAGE_AGGREGATE_ONLY,production_kg,33,23.452489437524275,1.8909090909090909,-21.561580346615184,-24.08112033093984,-19.04204036229053,NO
STAGE6_TO_A1,S6->A1,2,2,NOT_AVAILABLE_PAIRED,STAGE_AGGREGATE_ONLY,ordinary_demand_kg,33,14.658385093167693,14.658385093167693,0.0,0.0,0.0,NO
STAGE6_TO_A1,S6->A1,2,2,NOT_AVAILABLE_PAIRED,STAGE_AGGREGATE_ONLY,served_demand_kg,33,14.157240394581985,14.658385093167693,0.5011446985857091,-0.215120168841631,1.2174095660130493,NO
STAGE6_TO_A1,S6->A1,2,2,NOT_AVAILABLE_PAIRED,STAGE_AGGREGATE_ONLY,shortage_kg,33,0.5011446985857091,0.0,-0.5011446985857091,-1.2174095660130493,0.215120168841631,NO
STAGE6_TO_A1,S6->A1,2,2,NOT_AVAILABLE_PAIRED,STAGE_AGGREGATE_ONLY,htt_in_kg,33,0.0,0.0,0.0,0.0,0.0,NO
STAGE6_TO_A1,S6->A1,2,2,NOT_AVAILABLE_PAIRED,STAGE_AGGREGATE_ONLY,htt_out_kg,33,0.0,1.9236652735787092,1.9236652735787092,-1.880549263601933,5.727879810759351,NO
STAGE6_TO_A1,S6->A1,2,2,NOT_AVAILABLE_PAIRED,STAGE_AGGREGATE_ONLY,ending_inventory_kg,33,78.1574242486478,46.37103392986816,-31.78639031877962,-35.12806665838531,-28.444713979173933,NO
STAGE6_TO_A1,S6->A1,2,2,NOT_AVAILABLE_PAIRED,STAGE_AGGREGATE_ONLY,beginning_inventory_kg,33,68.86217520570547,61.06217520570546,-7.800000000000004,-7.800000000000007,-7.800000000000002,NO
STAGE6_TO_A1,S6->A1,2,3,NOT_AVAILABLE_PAIRED,STAGE_AGGREGATE_ONLY,production_kg,33,13.084686134877733,1.1345454545454545,-11.95014068033228,-13.538953096707433,-10.361328263957128,NO
STAGE6_TO_A1,S6->A1,2,3,NOT_AVAILABLE_PAIRED,STAGE_AGGREGATE_ONLY,ordinary_demand_kg,33,9.074722054641036,9.074722054641036,0.0,0.0,0.0,NO
STAGE6_TO_A1,S6->A1,2,3,NOT_AVAILABLE_PAIRED,STAGE_AGGREGATE_ONLY,served_demand_kg,33,8.524738899814308,9.074722054641036,0.5499831548267297,-0.22969805013077904,1.3296643597842384,NO
STAGE6_TO_A1,S6->A1,2,3,NOT_AVAILABLE_PAIRED,STAGE_AGGREGATE_ONLY,shortage_kg,33,0.5499831548267297,0.0,-0.5499831548267297,-1.3296643597842384,0.22969805013077904,NO
STAGE6_TO_A1,S6->A1,2,3,NOT_AVAILABLE_PAIRED,STAGE_AGGREGATE_ONLY,htt_in_kg,33,0.0,0.0,0.0,0.0,0.0,NO
STAGE6_TO_A1,S6->A1,2,3,NOT_AVAILABLE_PAIRED,STAGE_AGGREGATE_ONLY,htt_out_kg,33,0.0,1.4340278619978515,1.4340278619978515,-1.4869913055563753,4.355047029552078,NO
STAGE6_TO_A1,S6->A1,2,3,NOT_AVAILABLE_PAIRED,STAGE_AGGREGATE_ONLY,ending_inventory_kg,33,44.577588735633555,28.30343703847668,-16.274151697156856,-19.221427881685052,-13.326875512628659,NO
STAGE6_TO_A1,S6->A1,2,3,NOT_AVAILABLE_PAIRED,STAGE_AGGREGATE_ONLY,beginning_inventory_kg,33,40.0176415005701,37.6776415005701,-2.3400000000000034,-2.3400000000000034,-2.3400000000000034,NO
STAGE6_TO_A1,S6->A1,2,4,NOT_AVAILABLE_PAIRED,STAGE_AGGREGATE_ONLY,production_kg,33,23.399999999999988,2.659090909090908,-20.740909090909085,-22.704739875211693,-18.777078306606477,NO
STAGE6_TO_A1,S6->A1,2,4,NOT_AVAILABLE_PAIRED,STAGE_AGGREGATE_ONLY,ordinary_demand_kg,33,13.286980705718802,13.286980705718802,0.0,0.0,0.0,NO
STAGE6_TO_A1,S6->A1,2,4,NOT_AVAILABLE_PAIRED,STAGE_AGGREGATE_ONLY,served_demand_kg,33,13.286980705718802,13.286980705718802,0.0,0.0,0.0,NO
STAGE6_TO_A1,S6->A1,2,4,NOT_AVAILABLE_PAIRED,STAGE_AGGREGATE_ONLY,shortage_kg,33,0.0,0.0,0.0,0.0,0.0,NO
STAGE6_TO_A1,S6->A1,2,4,NOT_AVAILABLE_PAIRED,STAGE_AGGREGATE_ONLY,htt_in_kg,33,0.0,3.357693135576561,3.357693135576561,-1.4345581582874214,8.149944429440543,NO
STAGE6_TO_A1,S6->A1,2,4,NOT_AVAILABLE_PAIRED,STAGE_AGGREGATE_ONLY,htt_out_kg,33,0.0,0.0,0.0,0.0,0.0,NO
STAGE6_TO_A1,S6->A1,2,4,NOT_AVAILABLE_PAIRED,STAGE_AGGREGATE_ONLY,ending_inventory_kg,33,58.97532776089605,41.59211180556345,-17.383215955332545,-24.08259409441408,-10.68383781625101,NO
STAGE6_TO_A1,S6->A1,2,4,NOT_AVAILABLE_PAIRED,STAGE_AGGREGATE_ONLY,beginning_inventory_kg,33,48.86230846661467,48.86230846661467,0.0,0.0,0.0,NO
STAGE6_TO_A1,S6->A1,3,1,NOT_AVAILABLE_PAIRED,STAGE_AGGREGATE_ONLY,production_kg,33,24.64870621695645,12.940909090909093,-11.707797126047357,-14.185251259356207,-9.230342992738507,NO
STAGE6_TO_A1,S6->A1,3,1,NOT_AVAILABLE_PAIRED,STAGE_AGGREGATE_ONLY,ordinary_demand_kg,33,17.687880839539606,17.687880839539606,0.0,0.0,0.0,NO
STAGE6_TO_A1,S6->A1,3,1,NOT_AVAILABLE_PAIRED,STAGE_AGGREGATE_ONLY,served_demand_kg,33,17.163403518582257,17.687880839539606,0.5244773209573457,-0.3678935545515012,1.4168481964661925,NO
STAGE6_TO_A1,S6->A1,3,1,NOT_AVAILABLE_PAIRED,STAGE_AGGREGATE_ONLY,shortage_kg,33,0.5244773209573446,0.0,-0.5244773209573446,-1.4168481964661908,0.3678935545515015,NO
STAGE6_TO_A1,S6->A1,3,1,NOT_AVAILABLE_PAIRED,STAGE_AGGREGATE_ONLY,htt_in_kg,33,0.0,2.3095301428590487,2.3095301428590487,-0.4596389316444438,5.078699217362541,NO
STAGE6_TO_A1,S6->A1,3,1,NOT_AVAILABLE_PAIRED,STAGE_AGGREGATE_ONLY,htt_out_kg,33,0.0,0.0,0.0,0.0,0.0,NO
STAGE6_TO_A1,S6->A1,3,1,NOT_AVAILABLE_PAIRED,STAGE_AGGREGATE_ONLY,ending_inventory_kg,33,121.81774058278323,67.9313599150013,-53.88638066778192,-60.52119049085773,-47.251570844706116,NO
STAGE6_TO_A1,S6->A1,3,1,NOT_AVAILABLE_PAIRED,STAGE_AGGREGATE_ONLY,beginning_inventory_kg,33,114.33243788440903,70.36880152077276,-43.9636363636363,-47.984594820799174,-39.94267790647342,NO
STAGE6_TO_A1,S6->A1,3,2,NOT_AVAILABLE_PAIRED,STAGE_AGGREGATE_ONLY,production_kg,33,9.745952648774283,7.209090909090913,-2.5368617396833706,-2.9464168719268367,-2.1273066074399045,NO
STAGE6_TO_A1,S6->A1,3,2,NOT_AVAILABLE_PAIRED,STAGE_AGGREGATE_ONLY,ordinary_demand_kg,33,8.695652173913036,8.695652173913036,0.0,0.0,0.0,NO
STAGE6_TO_A1,S6->A1,3,2,NOT_AVAILABLE_PAIRED,STAGE_AGGREGATE_ONLY,served_demand_kg,33,8.432147562582339,8.695652173913036,0.2635046113306982,-0.2732367176442953,0.8002459403056916,NO
STAGE6_TO_A1,S6->A1,3,2,NOT_AVAILABLE_PAIRED,STAGE_AGGREGATE_ONLY,shortage_kg,33,0.2635046113306982,0.0,-0.2635046113306982,-0.8002459403056916,0.2732367176442953,NO
STAGE6_TO_A1,S6->A1,3,2,NOT_AVAILABLE_PAIRED,STAGE_AGGREGATE_ONLY,htt_in_kg,33,1.9204364998967998,0.0,-1.9204364998967998,-4.6443575632988905,0.8034845635052907,NO
STAGE6_TO_A1,S6->A1,3,2,NOT_AVAILABLE_PAIRED,STAGE_AGGREGATE_ONLY,htt_out_kg,33,1.7796949153007484,0.006300368588572272,-1.7733945467121763,-5.398938196892761,1.852149103468408,NO
STAGE6_TO_A1,S6->A1,3,2,NOT_AVAILABLE_PAIRED,STAGE_AGGREGATE_ONLY,ending_inventory_kg,33,79.61197091943572,44.87817229645754,-34.73379862297825,-41.118659248286725,-28.348937997669776,NO
STAGE6_TO_A1,S6->A1,3,2,NOT_AVAILABLE_PAIRED,STAGE_AGGREGATE_ONLY,beginning_inventory_kg,33,78.1574242486478,46.37103392986816,-31.78639031877962,-35.12806665838531,-28.444713979173933,NO
STAGE6_TO_A1,S6->A1,3,3,NOT_AVAILABLE_PAIRED,STAGE_AGGREGATE_ONLY,production_kg,33,5.939455727053286,3.664598103365566,-2.2748576236877223,-2.7974646343729193,-1.7522506130025253,NO
STAGE6_TO_A1,S6->A1,3,3,NOT_AVAILABLE_PAIRED,STAGE_AGGREGATE_ONLY,ordinary_demand_kg,33,9.960786003619752,9.960786003619752,0.0,0.0,0.0,NO
STAGE6_TO_A1,S6->A1,3,3,NOT_AVAILABLE_PAIRED,STAGE_AGGREGATE_ONLY,served_demand_kg,33,9.658944003510063,9.960786003619752,0.3018420001096894,-0.3129900343704244,0.9166740345898032,NO
STAGE6_TO_A1,S6->A1,3,3,NOT_AVAILABLE_PAIRED,STAGE_AGGREGATE_ONLY,shortage_kg,33,0.3018420001096894,0.0,-0.3018420001096894,-0.9166740345898032,0.3129900343704244,NO
STAGE6_TO_A1,S6->A1,3,3,NOT_AVAILABLE_PAIRED,STAGE_AGGREGATE_ONLY,htt_in_kg,33,1.7796949153007484,0.006300368588572272,-1.7733945467121763,-5.398938196892761,1.852149103468408,NO
STAGE6_TO_A1,S6->A1,3,3,NOT_AVAILABLE_PAIRED,STAGE_AGGREGATE_ONLY,htt_out_kg,33,0.0,2.3095301428590487,2.3095301428590487,-0.4596389316444438,5.078699217362541,NO
STAGE6_TO_A1,S6->A1,3,3,NOT_AVAILABLE_PAIRED,STAGE_AGGREGATE_ONLY,ending_inventory_kg,33,42.6377953744775,19.704019363952,-22.933776010525506,-29.204448039831725,-16.663103981219287,NO
STAGE6_TO_A1,S6->A1,3,3,NOT_AVAILABLE_PAIRED,STAGE_AGGREGATE_ONLY,beginning_inventory_kg,33,44.577588735633555,28.30343703847668,-16.274151697156856,-19.221427881685052,-13.326875512628659,NO
STAGE6_TO_A1,S6->A1,3,4,NOT_AVAILABLE_PAIRED,STAGE_AGGREGATE_ONLY,production_kg,33,15.865909090909092,7.534090909090908,-8.331818181818184,-9.523458381638957,-7.140177981997411,NO
STAGE6_TO_A1,S6->A1,3,4,NOT_AVAILABLE_PAIRED,STAGE_AGGREGATE_ONLY,ordinary_demand_kg,33,9.151746914653222,9.151746914653222,0.0,0.0,0.0,NO
STAGE6_TO_A1,S6->A1,3,4,NOT_AVAILABLE_PAIRED,STAGE_AGGREGATE_ONLY,served_demand_kg,33,9.151746914653222,9.151746914653222,0.0,0.0,0.0,NO
STAGE6_TO_A1,S6->A1,3,4,NOT_AVAILABLE_PAIRED,STAGE_AGGREGATE_ONLY,shortage_kg,33,0.0,0.0,0.0,0.0,0.0,NO
STAGE6_TO_A1,S6->A1,3,4,NOT_AVAILABLE_PAIRED,STAGE_AGGREGATE_ONLY,htt_in_kg,33,0.0,0.0,0.0,0.0,0.0,NO
STAGE6_TO_A1,S6->A1,3,4,NOT_AVAILABLE_PAIRED,STAGE_AGGREGATE_ONLY,htt_out_kg,33,1.9204364998967998,0.0,-1.9204364998967998,-4.6443575632988905,0.8034845635052907,NO
STAGE6_TO_A1,S6->A1,3,4,NOT_AVAILABLE_PAIRED,STAGE_AGGREGATE_ONLY,ending_inventory_kg,33,63.76905343725505,39.97445580000117,-23.794597637253904,-34.021697450723345,-13.567497823784464,NO
STAGE6_TO_A1,S6->A1,3,4,NOT_AVAILABLE_PAIRED,STAGE_AGGREGATE_ONLY,beginning_inventory_kg,33,58.97532776089605,41.59211180556345,-17.383215955332545,-24.08259409441408,-10.68383781625101,NO
STAGE6_TO_A1,S6->A1,4,1,NOT_AVAILABLE_PAIRED,STAGE_AGGREGATE_ONLY,production_kg,33,46.652289038849744,38.888526040556215,-7.763762998293542,-9.444446678728179,-6.083079317858905,NO
STAGE6_TO_A1,S6->A1,4,1,NOT_AVAILABLE_PAIRED,STAGE_AGGREGATE_ONLY,ordinary_demand_kg,33,14.839201083276906,14.839201083276906,0.0,0.0,0.0,NO
STAGE6_TO_A1,S6->A1,4,1,NOT_AVAILABLE_PAIRED,STAGE_AGGREGATE_ONLY,served_demand_kg,33,14.389528323177606,14.839201083276906,0.44967276009929996,-0.4662806785926992,1.3656261987912992,NO
STAGE6_TO_A1,S6->A1,4,1,NOT_AVAILABLE_PAIRED,STAGE_AGGREGATE_ONLY,shortage_kg,33,0.44967276009929996,0.0,-0.44967276009929996,-1.3656261987912992,0.4662806785926992,NO
STAGE6_TO_A1,S6->A1,4,1,NOT_AVAILABLE_PAIRED,STAGE_AGGREGATE_ONLY,htt_in_kg,33,0.18885957643874515,3.353191659531406,3.164332083092661,-2.8227006527537353,9.151364818939058,NO
STAGE6_TO_A1,S6->A1,4,1,NOT_AVAILABLE_PAIRED,STAGE_AGGREGATE_ONLY,htt_out_kg,33,0.9637957905207182,0.0,-0.9637957905207182,-2.926983572518856,0.9993919914774196,NO
STAGE6_TO_A1,S6->A1,4,1,NOT_AVAILABLE_PAIRED,STAGE_AGGREGATE_ONLY,ending_inventory_kg,33,153.3055650843735,95.333876531812,-57.97168855256151,-68.93171737146024,-47.011659733662775,NO
STAGE6_TO_A1,S6->A1,4,1,NOT_AVAILABLE_PAIRED,STAGE_AGGREGATE_ONLY,beginning_inventory_kg,33,121.81774058278323,67.9313599150013,-53.88638066778192,-60.52119049085773,-47.251570844706116,NO
STAGE6_TO_A1,S6->A1,4,2,NOT_AVAILABLE_PAIRED,STAGE_AGGREGATE_ONLY,production_kg,33,28.245454545454535,17.066651595193818,-11.17880295026073,-13.21608574024788,-9.14152016027358,NO
STAGE6_TO_A1,S6->A1,4,2,NOT_AVAILABLE_PAIRED,STAGE_AGGREGATE_ONLY,ordinary_demand_kg,33,12.645962732919301,12.645962732919301,0.0,0.0,0.0,NO
STAGE6_TO_A1,S6->A1,4,2,NOT_AVAILABLE_PAIRED,STAGE_AGGREGATE_ONLY,served_demand_kg,33,11.992721802793799,12.645962732919301,0.6532409301255018,-0.2875035183694903,1.5939853786204938,NO
STAGE6_TO_A1,S6->A1,4,2,NOT_AVAILABLE_PAIRED,STAGE_AGGREGATE_ONLY,shortage_kg,33,0.6532409301255003,0.0,-0.6532409301255003,-1.59398537862049,0.2875035183694895,NO
STAGE6_TO_A1,S6->A1,4,2,NOT_AVAILABLE_PAIRED,STAGE_AGGREGATE_ONLY,htt_in_kg,33,0.2331825562340191,0.0,-0.2331825562340191,-0.5968878960424251,0.13052278357438687,NO
STAGE6_TO_A1,S6->A1,4,2,NOT_AVAILABLE_PAIRED,STAGE_AGGREGATE_ONLY,htt_out_kg,33,6.245406029810386,4.470371490087318,-1.7750345397230685,-4.458369613185263,0.9083005337391261,NO
STAGE6_TO_A1,S6->A1,4,2,NOT_AVAILABLE_PAIRED,STAGE_AGGREGATE_ONLY,ending_inventory_kg,33,89.85248018852019,44.82848966864471,-45.023990519875476,-50.26266070457265,-39.7853203351783,NO
STAGE6_TO_A1,S6->A1,4,2,NOT_AVAILABLE_PAIRED,STAGE_AGGREGATE_ONLY,beginning_inventory_kg,33,79.61197091943572,44.87817229645754,-34.73379862297825,-41.118659248286725,-28.348937997669776,NO
STAGE6_TO_A1,S6->A1,4,3,NOT_AVAILABLE_PAIRED,STAGE_AGGREGATE_ONLY,production_kg,33,16.230658397665884,10.343662486078992,-5.886995911586891,-7.549682318960448,-4.224309504213334,NO
STAGE6_TO_A1,S6->A1,4,3,NOT_AVAILABLE_PAIRED,STAGE_AGGREGATE_ONLY,ordinary_demand_kg,33,3.9644919417392113,3.9644919417392113,0.0,0.0,0.0,NO
STAGE6_TO_A1,S6->A1,4,3,NOT_AVAILABLE_PAIRED,STAGE_AGGREGATE_ONLY,served_demand_kg,33,3.6987527767830954,3.9644919417392113,0.2657391649561157,-0.07649872655717327,0.6079770564694047,NO
STAGE6_TO_A1,S6->A1,4,3,NOT_AVAILABLE_PAIRED,STAGE_AGGREGATE_ONLY,shortage_kg,33,0.2657391649561157,0.0,-0.2657391649561157,-0.6079770564694047,0.07649872655717327,NO
STAGE6_TO_A1,S6->A1,4,3,NOT_AVAILABLE_PAIRED,STAGE_AGGREGATE_ONLY,htt_in_kg,33,5.91226719717902,0.4069633398143132,-5.505303857364707,-9.728237567654508,-1.2823701470749054,NO
STAGE6_TO_A1,S6->A1,4,3,NOT_AVAILABLE_PAIRED,STAGE_AGGREGATE_ONLY,htt_out_kg,33,0.25360233377470304,2.613054274527303,2.3594519407526,-0.8724324430608461,5.591336324566045,NO
STAGE6_TO_A1,S6->A1,4,3,NOT_AVAILABLE_PAIRED,STAGE_AGGREGATE_ONLY,ending_inventory_kg,33,60.82836585876462,23.877098973578825,-36.951266885185795,-46.28035284776697,-27.62218092260462,NO
STAGE6_TO_A1,S6->A1,4,3,NOT_AVAILABLE_PAIRED,STAGE_AGGREGATE_ONLY,beginning_inventory_kg,33,42.6377953744775,19.704019363952,-22.933776010525506,-29.204448039831725,-16.663103981219287,NO
STAGE6_TO_A1,S6->A1,4,4,NOT_AVAILABLE_PAIRED,STAGE_AGGREGATE_ONLY,production_kg,33,23.399999999999988,21.09545454545454,-2.304545454545453,-3.1936331900085775,-1.4154577190823283,NO
STAGE6_TO_A1,S6->A1,4,4,NOT_AVAILABLE_PAIRED,STAGE_AGGREGATE_ONLY,ordinary_demand_kg,33,7.561272379628015,7.561272379628015,0.0,0.0,0.0,NO
STAGE6_TO_A1,S6->A1,4,4,NOT_AVAILABLE_PAIRED,STAGE_AGGREGATE_ONLY,served_demand_kg,33,6.706359582373453,7.561272379628015,0.8549127972545623,0.01871653674874396,1.6911090577603805,NO
STAGE6_TO_A1,S6->A1,4,4,NOT_AVAILABLE_PAIRED,STAGE_AGGREGATE_ONLY,shortage_kg,33,0.8549127972545623,0.0,-0.8549127972545623,-1.6911090577603805,-0.01871653674874396,NO
STAGE6_TO_A1,S6->A1,4,4,NOT_AVAILABLE_PAIRED,STAGE_AGGREGATE_ONLY,htt_in_kg,33,1.1284948242540214,3.7110940482339485,2.582599223979927,-2.8751034051450173,8.040301853104872,NO
STAGE6_TO_A1,S6->A1,4,4,NOT_AVAILABLE_PAIRED,STAGE_AGGREGATE_ONLY,htt_out_kg,33,0.0,0.3878232829650464,0.3878232829650464,-0.2912176819984089,1.0668642479285018,NO
STAGE6_TO_A1,S6->A1,4,4,NOT_AVAILABLE_PAIRED,STAGE_AGGREGATE_ONLY,ending_inventory_kg,33,81.59118867913556,56.83190873109653,-24.759279948039026,-35.33521371116932,-14.183346184908737,NO
STAGE6_TO_A1,S6->A1,4,4,NOT_AVAILABLE_PAIRED,STAGE_AGGREGATE_ONLY,beginning_inventory_kg,33,63.76905343725505,39.97445580000117,-23.794597637253904,-34.021697450723345,-13.567497823784464,NO
STAGE6_TO_A1,S6->A1,5,1,NOT_AVAILABLE_PAIRED,STAGE_AGGREGATE_ONLY,production_kg,33,16.943762615050392,5.672727272727272,-11.271035342323122,-15.624090345562477,-6.917980339083767,NO
STAGE6_TO_A1,S6->A1,5,1,NOT_AVAILABLE_PAIRED,STAGE_AGGREGATE_ONLY,ordinary_demand_kg,33,22.47291807718351,22.47291807718351,0.0,0.0,0.0,NO
STAGE6_TO_A1,S6->A1,5,1,NOT_AVAILABLE_PAIRED,STAGE_AGGREGATE_ONLY,served_demand_kg,33,22.47291807718351,22.47291807718351,0.0,0.0,0.0,NO
STAGE6_TO_A1,S6->A1,5,1,NOT_AVAILABLE_PAIRED,STAGE_AGGREGATE_ONLY,shortage_kg,33,0.0,0.0,0.0,0.0,0.0,NO
STAGE6_TO_A1,S6->A1,5,1,NOT_AVAILABLE_PAIRED,STAGE_AGGREGATE_ONLY,htt_in_kg,33,1.6917013747508474,1.2017604166278788,-0.4899409581229687,-3.333946658944762,2.3540647426988244,NO
STAGE6_TO_A1,S6->A1,5,1,NOT_AVAILABLE_PAIRED,STAGE_AGGREGATE_ONLY,htt_out_kg,33,0.2498512136622718,0.0,-0.2498512136622718,-0.7587814816749273,0.2590790543503837,NO
STAGE6_TO_A1,S6->A1,5,1,NOT_AVAILABLE_PAIRED,STAGE_AGGREGATE_ONLY,ending_inventory_kg,33,149.21825978332896,79.73544614398367,-69.48281363934532,-84.06270145344672,-54.90292582524393,NO
STAGE6_TO_A1,S6->A1,5,1,NOT_AVAILABLE_PAIRED,STAGE_AGGREGATE_ONLY,beginning_inventory_kg,33,153.3055650843735,95.333876531812,-57.97168855256151,-68.93171737146024,-47.011659733662775,NO
STAGE6_TO_A1,S6->A1,5,2,NOT_AVAILABLE_PAIRED,STAGE_AGGREGATE_ONLY,production_kg,33,2.5947948083351973,3.7818181818181817,1.187023373482985,-0.6293912481344808,3.003437995100451,NO
STAGE6_TO_A1,S6->A1,5,2,NOT_AVAILABLE_PAIRED,STAGE_AGGREGATE_ONLY,ordinary_demand_kg,33,14.658385093167693,14.658385093167693,0.0,0.0,0.0,NO
STAGE6_TO_A1,S6->A1,5,2,NOT_AVAILABLE_PAIRED,STAGE_AGGREGATE_ONLY,served_demand_kg,33,14.658385093167693,14.658385093167693,0.0,0.0,0.0,NO
STAGE6_TO_A1,S6->A1,5,2,NOT_AVAILABLE_PAIRED,STAGE_AGGREGATE_ONLY,shortage_kg,33,0.0,0.0,0.0,0.0,0.0,NO
STAGE6_TO_A1,S6->A1,5,2,NOT_AVAILABLE_PAIRED,STAGE_AGGREGATE_ONLY,htt_in_kg,33,18.696496761301113,2.6709566019201962,-16.02554015938091,-22.976107570461544,-9.074972748300274,NO
STAGE6_TO_A1,S6->A1,5,2,NOT_AVAILABLE_PAIRED,STAGE_AGGREGATE_ONLY,htt_out_kg,33,0.0,4.509708037634842,4.509708037634842,1.4591594364205336,7.56025663884915,NO
STAGE6_TO_A1,S6->A1,5,2,NOT_AVAILABLE_PAIRED,STAGE_AGGREGATE_ONLY,ending_inventory_kg,33,96.48538666498878,32.113171321580545,-64.37221534340827,-71.03623719469402,-57.70819349212251,NO
STAGE6_TO_A1,S6->A1,5,2,NOT_AVAILABLE_PAIRED,STAGE_AGGREGATE_ONLY,beginning_inventory_kg,33,89.85248018852019,44.82848966864471,-45.023990519875476,-50.26266070457265,-39.7853203351783,NO
STAGE6_TO_A1,S6->A1,5,3,NOT_AVAILABLE_PAIRED,STAGE_AGGREGATE_ONLY,production_kg,33,0.9895583930649999,1.8223931496896142,0.8328347566246144,-0.0964363097168266,1.7621058229660553,NO
STAGE6_TO_A1,S6->A1,5,3,NOT_AVAILABLE_PAIRED,STAGE_AGGREGATE_ONLY,ordinary_demand_kg,33,9.074722054641036,9.074722054641036,0.0,0.0,0.0,NO
STAGE6_TO_A1,S6->A1,5,3,NOT_AVAILABLE_PAIRED,STAGE_AGGREGATE_ONLY,served_demand_kg,33,9.074722054641036,9.074722054641036,0.0,0.0,0.0,NO
STAGE6_TO_A1,S6->A1,5,3,NOT_AVAILABLE_PAIRED,STAGE_AGGREGATE_ONLY,shortage_kg,33,0.0,0.0,0.0,0.0,0.0,NO
STAGE6_TO_A1,S6->A1,5,3,NOT_AVAILABLE_PAIRED,STAGE_AGGREGATE_ONLY,htt_in_kg,33,0.0,4.509708037634842,4.509708037634842,1.4591594364205336,7.56025663884915,NO
STAGE6_TO_A1,S6->A1,5,3,NOT_AVAILABLE_PAIRED,STAGE_AGGREGATE_ONLY,htt_out_kg,33,20.39043869183423,2.4769746054971815,-17.913464086337047,-26.20131733052432,-9.625610842149774,NO
STAGE6_TO_A1,S6->A1,5,3,NOT_AVAILABLE_PAIRED,STAGE_AGGREGATE_ONLY,ending_inventory_kg,33,32.352763505354346,18.657503500765053,-13.6952600045893,-23.514305428160597,-3.876214581018006,NO
STAGE6_TO_A1,S6->A1,5,3,NOT_AVAILABLE_PAIRED,STAGE_AGGREGATE_ONLY,beginning_inventory_kg,33,60.82836585876462,23.877098973578825,-36.951266885185795,-46.28035284776697,-27.62218092260462,NO
STAGE6_TO_A1,S6->A1,5,4,NOT_AVAILABLE_PAIRED,STAGE_AGGREGATE_ONLY,production_kg,33,5.677917046067875,2.9726487064389087,-2.705268339628965,-3.799479930771416,-1.6110567484865141,NO
STAGE6_TO_A1,S6->A1,5,4,NOT_AVAILABLE_PAIRED,STAGE_AGGREGATE_ONLY,ordinary_demand_kg,33,13.286980705718802,13.286980705718802,0.0,0.0,0.0,NO
STAGE6_TO_A1,S6->A1,5,4,NOT_AVAILABLE_PAIRED,STAGE_AGGREGATE_ONLY,served_demand_kg,33,13.286980705718802,13.286980705718802,0.0,0.0,0.0,NO
STAGE6_TO_A1,S6->A1,5,4,NOT_AVAILABLE_PAIRED,STAGE_AGGREGATE_ONLY,shortage_kg,33,0.0,0.0,0.0,0.0,0.0,NO
STAGE6_TO_A1,S6->A1,5,4,NOT_AVAILABLE_PAIRED,STAGE_AGGREGATE_ONLY,htt_in_kg,33,0.25209176944454303,0.05603204115103545,-0.1960597282935076,-0.7255553533008203,0.33343589671380514,NO
STAGE6_TO_A1,S6->A1,5,4,NOT_AVAILABLE_PAIRED,STAGE_AGGREGATE_ONLY,htt_out_kg,33,0.0,1.4517744542019302,1.4517744542019302,-0.61942841548227,3.5229773238861304,NO
STAGE6_TO_A1,S6->A1,5,4,NOT_AVAILABLE_PAIRED,STAGE_AGGREGATE_ONLY,ending_inventory_kg,33,74.23421678892922,45.121834318765856,-29.112382470163396,-39.840135024832506,-18.384629915494287,NO
STAGE6_TO_A1,S6->A1,5,4,NOT_AVAILABLE_PAIRED,STAGE_AGGREGATE_ONLY,beginning_inventory_kg,33,81.59118867913556,56.83190873109653,-24.759279948039026,-35.33521371116932,-14.183346184908737,NO
STAGE6_TO_A1,S6->A1,6,1,NOT_AVAILABLE_PAIRED,STAGE_AGGREGATE_ONLY,production_kg,33,12.105141024747752,9.077664496325044,-3.0274765284227048,-5.575730066863365,-0.47922298998204527,NO
STAGE6_TO_A1,S6->A1,6,1,NOT_AVAILABLE_PAIRED,STAGE_AGGREGATE_ONLY,ordinary_demand_kg,33,17.687880839539606,17.687880839539606,0.0,0.0,0.0,NO
STAGE6_TO_A1,S6->A1,6,1,NOT_AVAILABLE_PAIRED,STAGE_AGGREGATE_ONLY,served_demand_kg,33,17.687880839539606,17.687880839539606,0.0,0.0,0.0,NO
STAGE6_TO_A1,S6->A1,6,1,NOT_AVAILABLE_PAIRED,STAGE_AGGREGATE_ONLY,shortage_kg,33,0.0,0.0,0.0,0.0,0.0,NO
STAGE6_TO_A1,S6->A1,6,1,NOT_AVAILABLE_PAIRED,STAGE_AGGREGATE_ONLY,htt_in_kg,33,0.14241459334227694,0.0,-0.14241459334227694,-0.3821240873310263,0.09729490064647245,NO
STAGE6_TO_A1,S6->A1,6,1,NOT_AVAILABLE_PAIRED,STAGE_AGGREGATE_ONLY,htt_out_kg,33,0.0,0.1223365424534206,0.1223365424534206,-0.12685483999357391,0.3715279249004151,NO
STAGE6_TO_A1,S6->A1,6,1,NOT_AVAILABLE_PAIRED,STAGE_AGGREGATE_ONLY,ending_inventory_kg,33,143.77793456187925,71.00289325831568,-72.77504130356357,-87.10017193694539,-58.44991067018175,NO
STAGE6_TO_A1,S6->A1,6,1,NOT_AVAILABLE_PAIRED,STAGE_AGGREGATE_ONLY,beginning_inventory_kg,33,149.21825978332896,79.73544614398367,-69.48281363934532,-84.06270145344672,-54.90292582524393,NO
STAGE6_TO_A1,S6->A1,6,2,NOT_AVAILABLE_PAIRED,STAGE_AGGREGATE_ONLY,production_kg,33,1.8444531212399489,3.0287420372630462,1.1842889160230956,0.36891723924503583,1.9996605928011553,NO
STAGE6_TO_A1,S6->A1,6,2,NOT_AVAILABLE_PAIRED,STAGE_AGGREGATE_ONLY,ordinary_demand_kg,33,8.695652173913036,8.695652173913036,0.0,0.0,0.0,NO
STAGE6_TO_A1,S6->A1,6,2,NOT_AVAILABLE_PAIRED,STAGE_AGGREGATE_ONLY,served_demand_kg,33,8.695652173913036,8.695652173913036,0.0,0.0,0.0,NO
STAGE6_TO_A1,S6->A1,6,2,NOT_AVAILABLE_PAIRED,STAGE_AGGREGATE_ONLY,shortage_kg,33,0.0,0.0,0.0,0.0,0.0,NO
STAGE6_TO_A1,S6->A1,6,2,NOT_AVAILABLE_PAIRED,STAGE_AGGREGATE_ONLY,htt_in_kg,33,3.562440078615129,0.4487555945811352,-3.113684484033994,-5.464699099320564,-0.7626698687474245,NO
STAGE6_TO_A1,S6->A1,6,2,NOT_AVAILABLE_PAIRED,STAGE_AGGREGATE_ONLY,htt_out_kg,33,10.410959102925913,5.541790729976302,-4.869168372949607,-10.539746837160159,0.8014100912609443,NO
STAGE6_TO_A1,S6->A1,6,2,NOT_AVAILABLE_PAIRED,STAGE_AGGREGATE_ONLY,ending_inventory_kg,33,82.78566858800492,21.353226049535383,-61.432442538469566,-67.45022706233094,-55.414658014608186,NO
STAGE6_TO_A1,S6->A1,6,2,NOT_AVAILABLE_PAIRED,STAGE_AGGREGATE_ONLY,beginning_inventory_kg,33,96.48538666498878,32.113171321580545,-64.37221534340827,-71.03623719469402,-57.70819349212251,NO
STAGE6_TO_A1,S6->A1,6,3,NOT_AVAILABLE_PAIRED,STAGE_AGGREGATE_ONLY,production_kg,33,0.9974175957628509,2.5262947026295586,1.5288771068667069,0.7540630027698811,2.3036912109635326,NO
STAGE6_TO_A1,S6->A1,6,3,NOT_AVAILABLE_PAIRED,STAGE_AGGREGATE_ONLY,ordinary_demand_kg,33,9.960786003619752,9.960786003619752,0.0,0.0,0.0,NO
STAGE6_TO_A1,S6->A1,6,3,NOT_AVAILABLE_PAIRED,STAGE_AGGREGATE_ONLY,served_demand_kg,33,9.960786003619752,9.960786003619752,0.0,0.0,0.0,NO
STAGE6_TO_A1,S6->A1,6,3,NOT_AVAILABLE_PAIRED,STAGE_AGGREGATE_ONLY,shortage_kg,33,0.0,0.0,0.0,0.0,0.0,NO
STAGE6_TO_A1,S6->A1,6,3,NOT_AVAILABLE_PAIRED,STAGE_AGGREGATE_ONLY,htt_in_kg,33,4.46864465720024,5.447790641045322,0.9791459838450832,-2.140428600997786,4.098720568687953,NO
STAGE6_TO_A1,S6->A1,6,3,NOT_AVAILABLE_PAIRED,STAGE_AGGREGATE_ONLY,htt_out_kg,33,6.857282178995019,0.0691756569180109,-6.7881065220770065,-9.602582445172928,-3.9736305989810843,NO
STAGE6_TO_A1,S6->A1,6,3,NOT_AVAILABLE_PAIRED,STAGE_AGGREGATE_ONLY,ending_inventory_kg,33,21.000757575702675,16.601627183902167,-4.399130391800502,-12.377100196401386,3.5788394128003835,NO
STAGE6_TO_A1,S6->A1,6,3,NOT_AVAILABLE_PAIRED,STAGE_AGGREGATE_ONLY,beginning_inventory_kg,33,32.352763505354346,18.657503500765053,-13.6952600045893,-23.514305428160597,-3.876214581018006,NO
STAGE6_TO_A1,S6->A1,6,4,NOT_AVAILABLE_PAIRED,STAGE_AGGREGATE_ONLY,production_kg,33,6.757929928981788,5.785153632908736,-0.9727762960730493,-2.3342273223259316,0.388674730179833,NO
STAGE6_TO_A1,S6->A1,6,4,NOT_AVAILABLE_PAIRED,STAGE_AGGREGATE_ONLY,ordinary_demand_kg,33,9.151746914653222,9.151746914653222,0.0,0.0,0.0,NO
STAGE6_TO_A1,S6->A1,6,4,NOT_AVAILABLE_PAIRED,STAGE_AGGREGATE_ONLY,served_demand_kg,33,9.151746914653222,9.151746914653222,0.0,0.0,0.0,NO
STAGE6_TO_A1,S6->A1,6,4,NOT_AVAILABLE_PAIRED,STAGE_AGGREGATE_ONLY,shortage_kg,33,0.0,0.0,0.0,0.0,0.0,NO
STAGE6_TO_A1,S6->A1,6,4,NOT_AVAILABLE_PAIRED,STAGE_AGGREGATE_ONLY,htt_in_kg,33,9.094741952763291,0.10280051944180575,-8.991941433321486,-14.463359202614175,-3.520523664028798,NO
STAGE6_TO_A1,S6->A1,6,4,NOT_AVAILABLE_PAIRED,STAGE_AGGREGATE_ONLY,htt_out_kg,33,0.0,0.2660438257205285,0.2660438257205285,-0.27586971371130403,0.807957365152361,NO
STAGE6_TO_A1,S6->A1,6,4,NOT_AVAILABLE_PAIRED,STAGE_AGGREGATE_ONLY,ending_inventory_kg,33,80.9351417560211,41.59199773074267,-39.343144025278434,-51.82567004271614,-26.860618007840728,NO
STAGE6_TO_A1,S6->A1,6,4,NOT_AVAILABLE_PAIRED,STAGE_AGGREGATE_ONLY,beginning_inventory_kg,33,74.23421678892922,45.121834318765856,-29.112382470163396,-39.840135024832506,-18.384629915494287,NO
STAGE6_TO_STAGE7,S6->STAGE7,1,1,NOT_AVAILABLE_PAIRED,STAGE_AGGREGATE_ONLY,production_kg,441,46.79999999999962,46.79999999999962,0.0,0.0,0.0,NO
STAGE6_TO_STAGE7,S6->STAGE7,1,1,NOT_AVAILABLE_PAIRED,STAGE_AGGREGATE_ONLY,ordinary_demand_kg,441,14.839201083276807,14.839201083276807,0.0,0.0,0.0,NO
STAGE6_TO_STAGE7,S6->STAGE7,1,1,NOT_AVAILABLE_PAIRED,STAGE_AGGREGATE_ONLY,served_demand_kg,441,14.839201083276807,14.839201083276807,0.0,0.0,0.0,NO
STAGE6_TO_STAGE7,S6->STAGE7,1,1,NOT_AVAILABLE_PAIRED,STAGE_AGGREGATE_ONLY,shortage_kg,441,0.0,0.0,0.0,0.0,0.0,NO
STAGE6_TO_STAGE7,S6->STAGE7,1,1,NOT_AVAILABLE_PAIRED,STAGE_AGGREGATE_ONLY,htt_in_kg,441,0.0,0.0,0.0,0.0,0.0,NO
STAGE6_TO_STAGE7,S6->STAGE7,1,1,NOT_AVAILABLE_PAIRED,STAGE_AGGREGATE_ONLY,htt_out_kg,441,0.0,0.0,0.0,0.0,0.0,NO
STAGE6_TO_STAGE7,S6->STAGE7,1,1,NOT_AVAILABLE_PAIRED,STAGE_AGGREGATE_ONLY,ending_inventory_kg,441,90.0053559615919,90.0053559615919,0.0,0.0,0.0,NO
STAGE6_TO_STAGE7,S6->STAGE7,1,1,NOT_AVAILABLE_PAIRED,STAGE_AGGREGATE_ONLY,beginning_inventory_kg,441,58.0445570448692,58.0445570448692,0.0,0.0,0.0,NO
STAGE6_TO_STAGE7,S6->STAGE7,1,2,NOT_AVAILABLE_PAIRED,STAGE_AGGREGATE_ONLY,production_kg,441,31.20000000000022,23.39999999999981,-7.800000000000055,-7.80000000000006,-7.80000000000005,NO
STAGE6_TO_STAGE7,S6->STAGE7,1,2,NOT_AVAILABLE_PAIRED,STAGE_AGGREGATE_ONLY,ordinary_demand_kg,441,12.64596273291929,12.64596273291929,0.0,0.0,0.0,NO
STAGE6_TO_STAGE7,S6->STAGE7,1,2,NOT_AVAILABLE_PAIRED,STAGE_AGGREGATE_ONLY,served_demand_kg,441,12.64596273291929,12.64596273291929,0.0,0.0,0.0,NO
STAGE6_TO_STAGE7,S6->STAGE7,1,2,NOT_AVAILABLE_PAIRED,STAGE_AGGREGATE_ONLY,shortage_kg,441,0.0,0.0,0.0,0.0,0.0,NO
STAGE6_TO_STAGE7,S6->STAGE7,1,2,NOT_AVAILABLE_PAIRED,STAGE_AGGREGATE_ONLY,htt_in_kg,441,0.0,0.0,0.0,0.0,0.0,NO
STAGE6_TO_STAGE7,S6->STAGE7,1,2,NOT_AVAILABLE_PAIRED,STAGE_AGGREGATE_ONLY,htt_out_kg,441,0.0,0.0,0.0,0.0,0.0,NO
STAGE6_TO_STAGE7,S6->STAGE7,1,2,NOT_AVAILABLE_PAIRED,STAGE_AGGREGATE_ONLY,ending_inventory_kg,441,68.86217520570504,61.0621752057052,-7.800000000000055,-7.80000000000006,-7.80000000000005,NO
STAGE6_TO_STAGE7,S6->STAGE7,1,2,NOT_AVAILABLE_PAIRED,STAGE_AGGREGATE_ONLY,beginning_inventory_kg,441,50.30813793862431,50.30813793862431,0.0,0.0,0.0,NO
STAGE6_TO_STAGE7,S6->STAGE7,1,3,NOT_AVAILABLE_PAIRED,STAGE_AGGREGATE_ONLY,production_kg,441,18.72000000000008,16.38000000000009,-2.34000000000001,-2.340000000000011,-2.340000000000009,NO
STAGE6_TO_STAGE7,S6->STAGE7,1,3,NOT_AVAILABLE_PAIRED,STAGE_AGGREGATE_ONLY,ordinary_demand_kg,441,3.9644919417391984,3.9644919417391984,0.0,0.0,0.0,NO
STAGE6_TO_STAGE7,S6->STAGE7,1,3,NOT_AVAILABLE_PAIRED,STAGE_AGGREGATE_ONLY,served_demand_kg,441,3.9644919417391984,3.9644919417391984,0.0,0.0,0.0,NO
STAGE6_TO_STAGE7,S6->STAGE7,1,3,NOT_AVAILABLE_PAIRED,STAGE_AGGREGATE_ONLY,shortage_kg,441,0.0,0.0,0.0,0.0,0.0,NO
STAGE6_TO_STAGE7,S6->STAGE7,1,3,NOT_AVAILABLE_PAIRED,STAGE_AGGREGATE_ONLY,htt_in_kg,441,0.0,0.0,0.0,0.0,0.0,NO
STAGE6_TO_STAGE7,S6->STAGE7,1,3,NOT_AVAILABLE_PAIRED,STAGE_AGGREGATE_ONLY,htt_out_kg,441,0.0,0.0,0.0,0.0,0.0,NO
STAGE6_TO_STAGE7,S6->STAGE7,1,3,NOT_AVAILABLE_PAIRED,STAGE_AGGREGATE_ONLY,ending_inventory_kg,441,40.017641500569916,37.67764150056984,-2.340000000000024,-2.3400000000000256,-2.340000000000022,NO
STAGE6_TO_STAGE7,S6->STAGE7,1,3,NOT_AVAILABLE_PAIRED,STAGE_AGGREGATE_ONLY,beginning_inventory_kg,441,25.26213344230928,25.26213344230928,0.0,0.0,0.0,NO
STAGE6_TO_STAGE7,S6->STAGE7,1,4,NOT_AVAILABLE_PAIRED,STAGE_AGGREGATE_ONLY,production_kg,441,23.39999999999981,23.39999999999981,0.0,0.0,0.0,NO
STAGE6_TO_STAGE7,S6->STAGE7,1,4,NOT_AVAILABLE_PAIRED,STAGE_AGGREGATE_ONLY,ordinary_demand_kg,441,7.561272379628009,7.561272379628009,0.0,0.0,0.0,NO
STAGE6_TO_STAGE7,S6->STAGE7,1,4,NOT_AVAILABLE_PAIRED,STAGE_AGGREGATE_ONLY,served_demand_kg,441,7.561272379628009,7.561272379628009,0.0,0.0,0.0,NO
STAGE6_TO_STAGE7,S6->STAGE7,1,4,NOT_AVAILABLE_PAIRED,STAGE_AGGREGATE_ONLY,shortage_kg,441,0.0,0.0,0.0,0.0,0.0,NO
STAGE6_TO_STAGE7,S6->STAGE7,1,4,NOT_AVAILABLE_PAIRED,STAGE_AGGREGATE_ONLY,htt_in_kg,441,0.0,0.0,0.0,0.0,0.0,NO
STAGE6_TO_STAGE7,S6->STAGE7,1,4,NOT_AVAILABLE_PAIRED,STAGE_AGGREGATE_ONLY,htt_out_kg,441,0.0,0.0,0.0,0.0,0.0,NO
STAGE6_TO_STAGE7,S6->STAGE7,1,4,NOT_AVAILABLE_PAIRED,STAGE_AGGREGATE_ONLY,ending_inventory_kg,441,48.86230846661446,48.86230846661446,0.0,0.0,0.0,NO
STAGE6_TO_STAGE7,S6->STAGE7,1,4,NOT_AVAILABLE_PAIRED,STAGE_AGGREGATE_ONLY,beginning_inventory_kg,441,33.02358084624259,33.02358084624259,0.0,0.0,0.0,NO
STAGE6_TO_STAGE7,S6->STAGE7,2,1,NOT_AVAILABLE_PAIRED,STAGE_AGGREGATE_ONLY,production_kg,441,46.79999999999962,4.881632653061223,-41.91836734693847,-43.25866956994851,-40.578065123928425,NO
STAGE6_TO_STAGE7,S6->STAGE7,2,1,NOT_AVAILABLE_PAIRED,STAGE_AGGREGATE_ONLY,ordinary_demand_kg,441,22.47291807718345,22.47291807718345,0.0,0.0,0.0,NO
STAGE6_TO_STAGE7,S6->STAGE7,2,1,NOT_AVAILABLE_PAIRED,STAGE_AGGREGATE_ONLY,served_demand_kg,441,21.643703135237658,22.47291807718345,0.8292149419458139,0.5109077511216196,1.1475221327700083,NO
STAGE6_TO_STAGE7,S6->STAGE7,2,1,NOT_AVAILABLE_PAIRED,STAGE_AGGREGATE_ONLY,shortage_kg,441,0.8292149419458101,0.0,-0.8292149419458101,-1.1475221327700031,-0.5109077511216171,NO
STAGE6_TO_STAGE7,S6->STAGE7,2,1,NOT_AVAILABLE_PAIRED,STAGE_AGGREGATE_ONLY,htt_in_kg,441,0.0,3.1119380134511188,3.1119380134511188,2.0129358245251012,4.210940202377136,NO
STAGE6_TO_STAGE7,S6->STAGE7,2,1,NOT_AVAILABLE_PAIRED,STAGE_AGGREGATE_ONLY,htt_out_kg,441,0.0,0.0,0.0,0.0,0.0,NO
STAGE6_TO_STAGE7,S6->STAGE7,2,1,NOT_AVAILABLE_PAIRED,STAGE_AGGREGATE_ONLY,ending_inventory_kg,441,115.16165282635534,75.52600855092128,-39.63564427543313,-41.674699728863196,-37.59658882200306,NO
STAGE6_TO_STAGE7,S6->STAGE7,2,1,NOT_AVAILABLE_PAIRED,STAGE_AGGREGATE_ONLY,beginning_inventory_kg,441,90.0053559615919,90.0053559615919,0.0,0.0,0.0,NO
STAGE6_TO_STAGE7,S6->STAGE7,2,2,NOT_AVAILABLE_PAIRED,STAGE_AGGREGATE_ONLY,production_kg,441,23.291806679795023,3.254421768707486,-20.03738491108752,-20.78132019538009,-19.293449626794953,NO
STAGE6_TO_STAGE7,S6->STAGE7,2,2,NOT_AVAILABLE_PAIRED,STAGE_AGGREGATE_ONLY,ordinary_demand_kg,441,14.65838509316767,14.65838509316767,0.0,0.0,0.0,NO
STAGE6_TO_STAGE7,S6->STAGE7,2,2,NOT_AVAILABLE_PAIRED,STAGE_AGGREGATE_ONLY,served_demand_kg,441,14.305132840254915,14.65838509316767,0.3532522529127592,0.19557525571149487,0.5109292501140235,NO
STAGE6_TO_STAGE7,S6->STAGE7,2,2,NOT_AVAILABLE_PAIRED,STAGE_AGGREGATE_ONLY,shortage_kg,441,0.3532522529127592,0.0,-0.3532522529127592,-0.5109292501140235,-0.19557525571149487,NO
STAGE6_TO_STAGE7,S6->STAGE7,2,2,NOT_AVAILABLE_PAIRED,STAGE_AGGREGATE_ONLY,htt_in_kg,441,0.0,0.0,0.0,0.0,0.0,NO
STAGE6_TO_STAGE7,S6->STAGE7,2,2,NOT_AVAILABLE_PAIRED,STAGE_AGGREGATE_ONLY,htt_out_kg,441,0.0,2.663596778306385,2.663596778306385,1.7604120884161736,3.566781468196597,NO
STAGE6_TO_STAGE7,S6->STAGE7,2,2,NOT_AVAILABLE_PAIRED,STAGE_AGGREGATE_ONLY,ending_inventory_kg,441,77.84884904524567,46.9946151029387,-30.854233942306706,-31.52710878064784,-30.181359103965573,NO
STAGE6_TO_STAGE7,S6->STAGE7,2,2,NOT_AVAILABLE_PAIRED,STAGE_AGGREGATE_ONLY,beginning_inventory_kg,441,68.86217520570504,61.0621752057052,-7.800000000000055,-7.80000000000006,-7.80000000000005,NO
STAGE6_TO_STAGE7,S6->STAGE7,2,3,NOT_AVAILABLE_PAIRED,STAGE_AGGREGATE_ONLY,production_kg,441,13.723771367057923,1.9526530612244917,-11.77111830583344,-12.265106818304128,-11.277129793362752,NO
STAGE6_TO_STAGE7,S6->STAGE7,2,3,NOT_AVAILABLE_PAIRED,STAGE_AGGREGATE_ONLY,ordinary_demand_kg,441,9.074722054641002,9.074722054641002,0.0,0.0,0.0,NO
STAGE6_TO_STAGE7,S6->STAGE7,2,3,NOT_AVAILABLE_PAIRED,STAGE_AGGREGATE_ONLY,served_demand_kg,441,8.519126826805845,9.074722054641002,0.5555952278351655,0.35175269549862576,0.7594377601717052,NO
STAGE6_TO_STAGE7,S6->STAGE7,2,3,NOT_AVAILABLE_PAIRED,STAGE_AGGREGATE_ONLY,shortage_kg,441,0.5555952278351655,0.0,-0.5555952278351655,-0.7594377601717052,-0.35175269549862576,NO
STAGE6_TO_STAGE7,S6->STAGE7,2,3,NOT_AVAILABLE_PAIRED,STAGE_AGGREGATE_ONLY,htt_in_kg,441,0.0,0.0,0.0,0.0,0.0,NO
STAGE6_TO_STAGE7,S6->STAGE7,2,3,NOT_AVAILABLE_PAIRED,STAGE_AGGREGATE_ONLY,htt_out_kg,441,0.0,4.292328294415336,4.292328294415336,3.0189626380539787,5.565693950776693,NO
STAGE6_TO_STAGE7,S6->STAGE7,2,3,NOT_AVAILABLE_PAIRED,STAGE_AGGREGATE_ONLY,ending_inventory_kg,441,45.22228604082228,26.263244212738353,-18.959041828083933,-20.06460840905999,-17.853475247107877,NO
STAGE6_TO_STAGE7,S6->STAGE7,2,3,NOT_AVAILABLE_PAIRED,STAGE_AGGREGATE_ONLY,beginning_inventory_kg,441,40.017641500569916,37.67764150056984,-2.340000000000024,-2.3400000000000256,-2.340000000000022,NO
STAGE6_TO_STAGE7,S6->STAGE7,2,4,NOT_AVAILABLE_PAIRED,STAGE_AGGREGATE_ONLY,production_kg,441,23.39999999999981,3.7209183673469273,-19.67908163265307,-20.321521351756065,-19.036641913550074,NO
STAGE6_TO_STAGE7,S6->STAGE7,2,4,NOT_AVAILABLE_PAIRED,STAGE_AGGREGATE_ONLY,ordinary_demand_kg,441,13.2869807057187,13.2869807057187,0.0,0.0,0.0,NO
STAGE6_TO_STAGE7,S6->STAGE7,2,4,NOT_AVAILABLE_PAIRED,STAGE_AGGREGATE_ONLY,served_demand_kg,441,13.2869807057187,13.2869807057187,0.0,0.0,0.0,NO
STAGE6_TO_STAGE7,S6->STAGE7,2,4,NOT_AVAILABLE_PAIRED,STAGE_AGGREGATE_ONLY,shortage_kg,441,0.0,0.0,0.0,0.0,0.0,NO
STAGE6_TO_STAGE7,S6->STAGE7,2,4,NOT_AVAILABLE_PAIRED,STAGE_AGGREGATE_ONLY,htt_in_kg,441,0.0,3.8439870592706042,3.8439870592706042,2.713963740334358,4.9740103782068505,NO
STAGE6_TO_STAGE7,S6->STAGE7,2,4,NOT_AVAILABLE_PAIRED,STAGE_AGGREGATE_ONLY,htt_out_kg,441,0.0,0.0,0.0,0.0,0.0,NO
STAGE6_TO_STAGE7,S6->STAGE7,2,4,NOT_AVAILABLE_PAIRED,STAGE_AGGREGATE_ONLY,ending_inventory_kg,441,58.975327760895425,43.14023318751354,-15.83509457338249,-17.572290223172118,-14.097898923592862,NO
STAGE6_TO_STAGE7,S6->STAGE7,2,4,NOT_AVAILABLE_PAIRED,STAGE_AGGREGATE_ONLY,beginning_inventory_kg,441,48.86230846661446,48.86230846661446,0.0,0.0,0.0,NO
STAGE6_TO_STAGE7,S6->STAGE7,3,1,NOT_AVAILABLE_PAIRED,STAGE_AGGREGATE_ONLY,production_kg,441,26.051904232249033,15.838775510204101,-10.213128722044942,-10.889162387549344,-9.53709505654054,NO
STAGE6_TO_STAGE7,S6->STAGE7,3,1,NOT_AVAILABLE_PAIRED,STAGE_AGGREGATE_ONLY,ordinary_demand_kg,441,17.687880839539517,17.687880839539517,0.0,0.0,0.0,NO
STAGE6_TO_STAGE7,S6->STAGE7,3,1,NOT_AVAILABLE_PAIRED,STAGE_AGGREGATE_ONLY,served_demand_kg,441,16.811883427960545,17.246686532884336,0.43480310492379953,0.1239221228355652,0.7456840870120338,NO
STAGE6_TO_STAGE7,S6->STAGE7,3,1,NOT_AVAILABLE_PAIRED,STAGE_AGGREGATE_ONLY,shortage_kg,441,0.8759974115789838,0.44119430665518267,-0.43480310492380103,-0.7456840870120356,-0.12392212283556653,NO
STAGE6_TO_STAGE7,S6->STAGE7,3,1,NOT_AVAILABLE_PAIRED,STAGE_AGGREGATE_ONLY,htt_in_kg,441,0.0,4.524674090926639,4.524674090926639,3.150987311253896,5.898360870599381,NO
STAGE6_TO_STAGE7,S6->STAGE7,3,1,NOT_AVAILABLE_PAIRED,STAGE_AGGREGATE_ONLY,htt_out_kg,441,0.0,0.0,0.0,0.0,0.0,NO
STAGE6_TO_STAGE7,S6->STAGE7,3,1,NOT_AVAILABLE_PAIRED,STAGE_AGGREGATE_ONLY,ending_inventory_kg,441,124.40167363064296,78.64277161916756,-45.758902011475485,-48.940198574186326,-42.57760544876464,NO
STAGE6_TO_STAGE7,S6->STAGE7,3,1,NOT_AVAILABLE_PAIRED,STAGE_AGGREGATE_ONLY,beginning_inventory_kg,441,115.16165282635534,75.52600855092128,-39.63564427543313,-41.674699728863196,-37.59658882200306,NO
STAGE6_TO_STAGE7,S6->STAGE7,3,2,NOT_AVAILABLE_PAIRED,STAGE_AGGREGATE_ONLY,production_kg,441,11.202157274981866,8.85238095238099,-2.3497763226009076,-2.470444053230348,-2.229108591971467,NO
STAGE6_TO_STAGE7,S6->STAGE7,3,2,NOT_AVAILABLE_PAIRED,STAGE_AGGREGATE_ONLY,ordinary_demand_kg,441,8.69565217391301,8.69565217391301,0.0,0.0,0.0,NO
STAGE6_TO_STAGE7,S6->STAGE7,3,2,NOT_AVAILABLE_PAIRED,STAGE_AGGREGATE_ONLY,served_demand_kg,441,8.262390161690178,8.69565217391301,0.433262012222835,0.2588007726742303,0.6077232517714397,NO
STAGE6_TO_STAGE7,S6->STAGE7,3,2,NOT_AVAILABLE_PAIRED,STAGE_AGGREGATE_ONLY,shortage_kg,441,0.433262012222835,0.0,-0.433262012222835,-0.6077232517714397,-0.2588007726742303,NO
STAGE6_TO_STAGE7,S6->STAGE7,3,2,NOT_AVAILABLE_PAIRED,STAGE_AGGREGATE_ONLY,htt_in_kg,441,4.6823763542862045,0.0,-4.6823763542862045,-6.125136689431898,-3.2396160191405117,NO
STAGE6_TO_STAGE7,S6->STAGE7,3,2,NOT_AVAILABLE_PAIRED,STAGE_AGGREGATE_ONLY,htt_out_kg,441,1.124284330712749,1.0303466206007075,-0.09393771011204151,-1.144963147975372,0.9570877277512888,NO
STAGE6_TO_STAGE7,S6->STAGE7,3,2,NOT_AVAILABLE_PAIRED,STAGE_AGGREGATE_ONLY,ending_inventory_kg,441,84.34670818211075,46.120997260805964,-38.22571092130475,-40.52718266328824,-35.92423917932127,NO
STAGE6_TO_STAGE7,S6->STAGE7,3,2,NOT_AVAILABLE_PAIRED,STAGE_AGGREGATE_ONLY,beginning_inventory_kg,441,77.84884904524567,46.9946151029387,-30.854233942306706,-31.52710878064784,-30.181359103965573,NO
STAGE6_TO_STAGE7,S6->STAGE7,3,3,NOT_AVAILABLE_PAIRED,STAGE_AGGREGATE_ONLY,production_kg,441,6.778547127816229,4.336775363555654,-2.4417717642605843,-2.607410123415372,-2.2761334051057966,NO
STAGE6_TO_STAGE7,S6->STAGE7,3,3,NOT_AVAILABLE_PAIRED,STAGE_AGGREGATE_ONLY,ordinary_demand_kg,441,9.960786003619775,9.960786003619775,0.0,0.0,0.0,NO
STAGE6_TO_STAGE7,S6->STAGE7,3,3,NOT_AVAILABLE_PAIRED,STAGE_AGGREGATE_ONLY,served_demand_kg,441,9.258206538445801,9.958428722855345,0.7002221844095624,0.46214301691092896,0.9383013519081959,NO
STAGE6_TO_STAGE7,S6->STAGE7,3,3,NOT_AVAILABLE_PAIRED,STAGE_AGGREGATE_ONLY,shortage_kg,441,0.7025794651739942,0.0023572807644317933,-0.7002221844095624,-0.9383013519081959,-0.46214301691092896,NO
STAGE6_TO_STAGE7,S6->STAGE7,3,3,NOT_AVAILABLE_PAIRED,STAGE_AGGREGATE_ONLY,htt_in_kg,441,1.2023523102691178,0.08878080631623043,-1.1135715039528873,-1.8511238160345231,-0.37601919187125143,NO
STAGE6_TO_STAGE7,S6->STAGE7,3,3,NOT_AVAILABLE_PAIRED,STAGE_AGGREGATE_ONLY,htt_out_kg,441,0.0,3.1821694205410296,3.1821694205410296,2.291944268053628,4.072394573028431,NO
STAGE6_TO_STAGE7,S6->STAGE7,3,3,NOT_AVAILABLE_PAIRED,STAGE_AGGREGATE_ONLY,ending_inventory_kg,441,43.9449789404617,17.548202239213825,-26.39677670124796,-28.129994669088344,-24.663558733407573,NO
STAGE6_TO_STAGE7,S6->STAGE7,3,3,NOT_AVAILABLE_PAIRED,STAGE_AGGREGATE_ONLY,beginning_inventory_kg,441,45.22228604082228,26.263244212738353,-18.959041828083933,-20.06460840905999,-17.853475247107877,NO
STAGE6_TO_STAGE7,S6->STAGE7,3,4,NOT_AVAILABLE_PAIRED,STAGE_AGGREGATE_ONLY,production_kg,441,16.32959183673468,8.496428571428565,-7.8331632653061485,-8.196770776588876,-7.469555754023422,NO
STAGE6_TO_STAGE7,S6->STAGE7,3,4,NOT_AVAILABLE_PAIRED,STAGE_AGGREGATE_ONLY,ordinary_demand_kg,441,9.15174691465327,9.15174691465327,0.0,0.0,0.0,NO
STAGE6_TO_STAGE7,S6->STAGE7,3,4,NOT_AVAILABLE_PAIRED,STAGE_AGGREGATE_ONLY,served_demand_kg,441,9.006481090611153,9.007172149376835,0.0006910587656820667,-0.12485026342180211,0.12623238095316625,NO
STAGE6_TO_STAGE7,S6->STAGE7,3,4,NOT_AVAILABLE_PAIRED,STAGE_AGGREGATE_ONLY,shortage_kg,441,0.14526582404211458,0.14457476527643254,-0.0006910587656820345,-0.1262323809531662,0.12485026342180211,NO
STAGE6_TO_STAGE7,S6->STAGE7,3,4,NOT_AVAILABLE_PAIRED,STAGE_AGGREGATE_ONLY,htt_in_kg,441,0.0,0.07303748144178218,0.07303748144178218,-0.012625983435074262,0.15870094631863862,NO
STAGE6_TO_STAGE7,S6->STAGE7,3,4,NOT_AVAILABLE_PAIRED,STAGE_AGGREGATE_ONLY,htt_out_kg,441,4.760444333842573,0.4739763375429167,-4.286467996299657,-5.614662076517377,-2.9582739160819367,NO
STAGE6_TO_STAGE7,S6->STAGE7,3,4,NOT_AVAILABLE_PAIRED,STAGE_AGGREGATE_ONLY,ending_inventory_kg,441,61.53799417317677,42.22855075346415,-19.309443419712846,-22.5248212385738,-16.09406560085189,NO
STAGE6_TO_STAGE7,S6->STAGE7,3,4,NOT_AVAILABLE_PAIRED,STAGE_AGGREGATE_ONLY,beginning_inventory_kg,441,58.975327760895425,43.14023318751354,-15.83509457338249,-17.572290223172118,-14.097898923592862,NO
STAGE6_TO_STAGE7,S6->STAGE7,4,1,NOT_AVAILABLE_PAIRED,STAGE_AGGREGATE_ONLY,production_kg,441,46.52029462337025,39.4213479988851,-7.098946624485571,-7.67954099633714,-6.518352252634001,NO
STAGE6_TO_STAGE7,S6->STAGE7,4,1,NOT_AVAILABLE_PAIRED,STAGE_AGGREGATE_ONLY,ordinary_demand_kg,441,14.839201083276807,14.839201083276807,0.0,0.0,0.0,NO
STAGE6_TO_STAGE7,S6->STAGE7,4,1,NOT_AVAILABLE_PAIRED,STAGE_AGGREGATE_ONLY,served_demand_kg,441,13.894386693314953,14.60365820893908,0.7092715156241334,0.425016524696048,0.9935265065522187,NO
STAGE6_TO_STAGE7,S6->STAGE7,4,1,NOT_AVAILABLE_PAIRED,STAGE_AGGREGATE_ONLY,shortage_kg,441,0.9448143899618633,0.23554287433772858,-0.7092715156241346,-0.9935265065522201,-0.42501652469604917,NO
STAGE6_TO_STAGE7,S6->STAGE7,4,1,NOT_AVAILABLE_PAIRED,STAGE_AGGREGATE_ONLY,htt_in_kg,441,1.598978251564042,4.048604935184936,2.4496266836208944,0.9071918211887444,3.992061546053044,NO
STAGE6_TO_STAGE7,S6->STAGE7,4,1,NOT_AVAILABLE_PAIRED,STAGE_AGGREGATE_ONLY,htt_out_kg,441,2.1839659107023626,0.9275608263859253,-1.256405084316438,-2.4299223574719333,-0.08288781116094257,NO
STAGE6_TO_STAGE7,S6->STAGE7,4,1,NOT_AVAILABLE_PAIRED,STAGE_AGGREGATE_ONLY,ending_inventory_kg,441,156.4425939015604,106.58150551791292,-49.86108838364801,-53.10884071610036,-46.61333605119566,NO
STAGE6_TO_STAGE7,S6->STAGE7,4,1,NOT_AVAILABLE_PAIRED,STAGE_AGGREGATE_ONLY,beginning_inventory_kg,441,124.40167363064296,78.64277161916756,-45.758902011475485,-48.940198574186326,-42.57760544876464,NO
STAGE6_TO_STAGE7,S6->STAGE7,4,2,NOT_AVAILABLE_PAIRED,STAGE_AGGREGATE_ONLY,production_kg,441,28.556415731969885,18.460396039653826,-10.096019692316123,-10.700554770666978,-9.491484613965268,NO
STAGE6_TO_STAGE7,S6->STAGE7,4,2,NOT_AVAILABLE_PAIRED,STAGE_AGGREGATE_ONLY,ordinary_demand_kg,441,12.64596273291929,12.64596273291929,0.0,0.0,0.0,NO
STAGE6_TO_STAGE7,S6->STAGE7,4,2,NOT_AVAILABLE_PAIRED,STAGE_AGGREGATE_ONLY,served_demand_kg,441,11.843976058525554,12.531260123096892,0.6872840645713263,0.4260113779524549,0.9485567511901977,NO
STAGE6_TO_STAGE7,S6->STAGE7,4,2,NOT_AVAILABLE_PAIRED,STAGE_AGGREGATE_ONLY,shortage_kg,441,0.8019866743937228,0.11470260982239727,-0.6872840645713255,-0.9485567511901967,-0.4260113779524543,NO
STAGE6_TO_STAGE7,S6->STAGE7,4,2,NOT_AVAILABLE_PAIRED,STAGE_AGGREGATE_ONLY,htt_in_kg,441,2.534626392032066,5.503525400301523,2.968899008269455,0.7190010988692177,5.2187969176696924,NO
STAGE6_TO_STAGE7,S6->STAGE7,4,2,NOT_AVAILABLE_PAIRED,STAGE_AGGREGATE_ONLY,htt_out_kg,441,6.832661230549097,5.899952405092466,-0.9327088254566307,-1.835668397371943,-0.0297492535413183,NO
STAGE6_TO_STAGE7,S6->STAGE7,4,2,NOT_AVAILABLE_PAIRED,STAGE_AGGREGATE_ONLY,ending_inventory_kg,441,96.76111301703817,51.65370617257188,-45.1074068444661,-46.682959799129506,-43.53185388980269,NO
STAGE6_TO_STAGE7,S6->STAGE7,4,2,NOT_AVAILABLE_PAIRED,STAGE_AGGREGATE_ONLY,beginning_inventory_kg,441,84.34670818211075,46.120997260805964,-38.22571092130475,-40.52718266328824,-35.92423917932127,NO
STAGE6_TO_STAGE7,S6->STAGE7,4,3,NOT_AVAILABLE_PAIRED,STAGE_AGGREGATE_ONLY,production_kg,441,16.50379046794799,10.76238208312093,-5.741408384827018,-6.222376596294547,-5.260440173359489,NO
STAGE6_TO_STAGE7,S6->STAGE7,4,3,NOT_AVAILABLE_PAIRED,STAGE_AGGREGATE_ONLY,ordinary_demand_kg,441,3.9644919417391984,3.9644919417391984,0.0,0.0,0.0,NO
STAGE6_TO_STAGE7,S6->STAGE7,4,3,NOT_AVAILABLE_PAIRED,STAGE_AGGREGATE_ONLY,served_demand_kg,441,3.595842378476377,3.941277521477836,0.34543514300146066,0.24291816452605677,0.4479521214768646,NO
STAGE6_TO_STAGE7,S6->STAGE7,4,3,NOT_AVAILABLE_PAIRED,STAGE_AGGREGATE_ONLY,shortage_kg,441,0.368649563262823,0.023214420261362514,-0.3454351430014606,-0.4479521214768645,-0.24291816452605672,NO
STAGE6_TO_STAGE7,S6->STAGE7,4,3,NOT_AVAILABLE_PAIRED,STAGE_AGGREGATE_ONLY,htt_in_kg,441,7.475674843928782,1.809990076403958,-5.665684767524819,-7.136317726798207,-4.195051808251431,NO
STAGE6_TO_STAGE7,S6->STAGE7,4,3,NOT_AVAILABLE_PAIRED,STAGE_AGGREGATE_ONLY,htt_out_kg,441,0.26517289569926056,3.826450722128001,3.561277826428741,2.6380593606268707,4.484496292230611,NO
STAGE6_TO_STAGE7,S6->STAGE7,4,3,NOT_AVAILABLE_PAIRED,STAGE_AGGREGATE_ONLY,ending_inventory_kg,441,64.06342897816288,22.352846155132877,-41.710582823030045,-44.45311235730222,-38.96805328875787,NO
STAGE6_TO_STAGE7,S6->STAGE7,4,3,NOT_AVAILABLE_PAIRED,STAGE_AGGREGATE_ONLY,beginning_inventory_kg,441,43.9449789404617,17.548202239213825,-26.39677670124796,-28.129994669088344,-24.663558733407573,NO
STAGE6_TO_STAGE7,S6->STAGE7,4,4,NOT_AVAILABLE_PAIRED,STAGE_AGGREGATE_ONLY,production_kg,441,23.39999999999981,21.117967768177287,-2.2820322318226784,-2.5984531075166624,-1.9656113561286948,NO
STAGE6_TO_STAGE7,S6->STAGE7,4,4,NOT_AVAILABLE_PAIRED,STAGE_AGGREGATE_ONLY,ordinary_demand_kg,441,7.561272379628009,7.561272379628009,0.0,0.0,0.0,NO
STAGE6_TO_STAGE7,S6->STAGE7,4,4,NOT_AVAILABLE_PAIRED,STAGE_AGGREGATE_ONLY,served_demand_kg,441,6.820319899749277,7.34183853287397,0.5215186331246947,0.32130380251895463,0.7217334637304348,NO
STAGE6_TO_STAGE7,S6->STAGE7,4,4,NOT_AVAILABLE_PAIRED,STAGE_AGGREGATE_ONLY,shortage_kg,441,0.7409524798787337,0.21943384675403924,-0.5215186331246946,-0.7217334637304347,-0.3213038025189545,NO
STAGE6_TO_STAGE7,S6->STAGE7,4,4,NOT_AVAILABLE_PAIRED,STAGE_AGGREGATE_ONLY,htt_in_kg,441,2.758949387562855,5.76816068689624,3.0092112993333857,1.72868565246884,4.289736946197931,NO
STAGE6_TO_STAGE7,S6->STAGE7,4,4,NOT_AVAILABLE_PAIRED,STAGE_AGGREGATE_ONLY,htt_out_kg,441,5.086428838137024,6.476317145180264,1.3898883070432388,-0.9131215784751769,3.6928981925616546,NO
STAGE6_TO_STAGE7,S6->STAGE7,4,4,NOT_AVAILABLE_PAIRED,STAGE_AGGREGATE_ONLY,ending_inventory_kg,441,75.79019482285317,55.296523530483405,-20.493671292370056,-23.385120010093384,-17.602222574646728,NO
STAGE6_TO_STAGE7,S6->STAGE7,4,4,NOT_AVAILABLE_PAIRED,STAGE_AGGREGATE_ONLY,beginning_inventory_kg,441,61.53799417317677,42.22855075346415,-19.309443419712846,-22.5248212385738,-16.09406560085189,NO
STAGE6_TO_STAGE7,S6->STAGE7,5,1,NOT_AVAILABLE_PAIRED,STAGE_AGGREGATE_ONLY,production_kg,441,23.51257640738601,12.093887164285515,-11.418689243100541,-12.653089807489295,-10.184288678711788,NO
STAGE6_TO_STAGE7,S6->STAGE7,5,1,NOT_AVAILABLE_PAIRED,STAGE_AGGREGATE_ONLY,ordinary_demand_kg,441,22.47291807718345,22.47291807718345,0.0,0.0,0.0,NO
STAGE6_TO_STAGE7,S6->STAGE7,5,1,NOT_AVAILABLE_PAIRED,STAGE_AGGREGATE_ONLY,served_demand_kg,441,21.20282156587596,21.786551577393304,0.5837300115173587,0.11288431778527264,1.0545757052494449,NO
STAGE6_TO_STAGE7,S6->STAGE7,5,1,NOT_AVAILABLE_PAIRED,STAGE_AGGREGATE_ONLY,shortage_kg,441,1.2700965113075233,0.6863664997901643,-0.5837300115173586,-1.0545757052494449,-0.11288431778527241,NO
STAGE6_TO_STAGE7,S6->STAGE7,5,1,NOT_AVAILABLE_PAIRED,STAGE_AGGREGATE_ONLY,htt_in_kg,441,2.753610911610283,3.495060569738689,0.7414496581284071,-0.8313579678547098,2.314257284111524,NO
STAGE6_TO_STAGE7,S6->STAGE7,5,1,NOT_AVAILABLE_PAIRED,STAGE_AGGREGATE_ONLY,htt_out_kg,441,0.18917123469285357,0.3147977406541834,0.1256265059613299,-0.17138338011503568,0.4226363920376955,NO
STAGE6_TO_STAGE7,S6->STAGE7,5,1,NOT_AVAILABLE_PAIRED,STAGE_AGGREGATE_ONLY,ending_inventory_kg,441,161.31678841998817,100.06910393388945,-61.2476844860988,-65.52910952718538,-56.96625944501221,NO
STAGE6_TO_STAGE7,S6->STAGE7,5,1,NOT_AVAILABLE_PAIRED,STAGE_AGGREGATE_ONLY,beginning_inventory_kg,441,156.4425939015604,106.58150551791292,-49.86108838364801,-53.10884071610036,-46.61333605119566,NO
STAGE6_TO_STAGE7,S6->STAGE7,5,2,NOT_AVAILABLE_PAIRED,STAGE_AGGREGATE_ONLY,production_kg,441,5.551251710737866,6.374182731483712,0.8229310207458491,0.277655205258748,1.3682068362329503,NO
STAGE6_TO_STAGE7,S6->STAGE7,5,2,NOT_AVAILABLE_PAIRED,STAGE_AGGREGATE_ONLY,ordinary_demand_kg,441,14.65838509316767,14.65838509316767,0.0,0.0,0.0,NO
STAGE6_TO_STAGE7,S6->STAGE7,5,2,NOT_AVAILABLE_PAIRED,STAGE_AGGREGATE_ONLY,served_demand_kg,441,13.975805993262835,14.297088822134677,0.3212828288718454,0.03150395388848409,0.6110617038552066,NO
STAGE6_TO_STAGE7,S6->STAGE7,5,2,NOT_AVAILABLE_PAIRED,STAGE_AGGREGATE_ONLY,shortage_kg,441,0.6825790999048452,0.361296271033,-0.32128282887184517,-0.6110617038552064,-0.03150395388848387,NO
STAGE6_TO_STAGE7,S6->STAGE7,5,2,NOT_AVAILABLE_PAIRED,STAGE_AGGREGATE_ONLY,htt_in_kg,441,11.142431354681976,2.707197163850946,-8.43523419083103,-10.044319054957851,-6.8261493267042095,NO
STAGE6_TO_STAGE7,S6->STAGE7,5,2,NOT_AVAILABLE_PAIRED,STAGE_AGGREGATE_ONLY,htt_out_kg,441,1.1853172482954473,8.185784995729225,7.000467747433782,5.817802813153046,8.183132681714518,NO
STAGE6_TO_STAGE7,S6->STAGE7,5,2,NOT_AVAILABLE_PAIRED,STAGE_AGGREGATE_ONLY,ending_inventory_kg,441,98.29367284089976,38.25221225004275,-60.04146059085695,-62.25873771342259,-57.82418346829131,NO
STAGE6_TO_STAGE7,S6->STAGE7,5,2,NOT_AVAILABLE_PAIRED,STAGE_AGGREGATE_ONLY,beginning_inventory_kg,441,96.76111301703817,51.65370617257188,-45.1074068444661,-46.682959799129506,-43.53185388980269,NO
STAGE6_TO_STAGE7,S6->STAGE7,5,3,NOT_AVAILABLE_PAIRED,STAGE_AGGREGATE_ONLY,production_kg,441,2.9898566041971484,3.5927992739187706,0.6029426697216184,0.24335450587444074,0.962530833568796,NO
STAGE6_TO_STAGE7,S6->STAGE7,5,3,NOT_AVAILABLE_PAIRED,STAGE_AGGREGATE_ONLY,ordinary_demand_kg,441,9.074722054641002,9.074722054641002,0.0,0.0,0.0,NO
STAGE6_TO_STAGE7,S6->STAGE7,5,3,NOT_AVAILABLE_PAIRED,STAGE_AGGREGATE_ONLY,served_demand_kg,441,8.922150673110089,8.938544716637317,0.016394043527227727,-0.09421816277463327,0.12700624982908873,NO
STAGE6_TO_STAGE7,S6->STAGE7,5,3,NOT_AVAILABLE_PAIRED,STAGE_AGGREGATE_ONLY,shortage_kg,441,0.15257138153091487,0.13617733800368717,-0.016394043527227748,-0.12700624982908876,0.09421816277463325,NO
STAGE6_TO_STAGE7,S6->STAGE7,5,3,NOT_AVAILABLE_PAIRED,STAGE_AGGREGATE_ONLY,htt_in_kg,441,0.17154888688474773,4.954952744509804,4.783403857625055,4.042627671517083,5.524180043733027,NO
STAGE6_TO_STAGE7,S6->STAGE7,5,3,NOT_AVAILABLE_PAIRED,STAGE_AGGREGATE_ONLY,htt_out_kg,441,13.459017841441925,3.14004806710883,-10.318969774333086,-12.304098137866537,-8.333841410799634,NO
STAGE6_TO_STAGE7,S6->STAGE7,5,3,NOT_AVAILABLE_PAIRED,STAGE_AGGREGATE_ONLY,ending_inventory_kg,441,44.843665954692725,18.822005389815242,-26.021660564877525,-28.94696047532988,-23.09636065442517,NO
STAGE6_TO_STAGE7,S6->STAGE7,5,3,NOT_AVAILABLE_PAIRED,STAGE_AGGREGATE_ONLY,beginning_inventory_kg,441,64.06342897816288,22.352846155132877,-41.710582823030045,-44.45311235730222,-38.96805328875787,NO
STAGE6_TO_STAGE7,S6->STAGE7,5,4,NOT_AVAILABLE_PAIRED,STAGE_AGGREGATE_ONLY,production_kg,441,8.469907955813364,6.024838975390268,-2.44506898042306,-2.7860247346153386,-2.1041132262307816,NO
STAGE6_TO_STAGE7,S6->STAGE7,5,4,NOT_AVAILABLE_PAIRED,STAGE_AGGREGATE_ONLY,ordinary_demand_kg,441,13.2869807057187,13.2869807057187,0.0,0.0,0.0,NO
STAGE6_TO_STAGE7,S6->STAGE7,5,4,NOT_AVAILABLE_PAIRED,STAGE_AGGREGATE_ONLY,served_demand_kg,441,12.454702748646273,12.901256639778257,0.4465538911319883,0.16642111379411312,0.7266866684698634,NO
STAGE6_TO_STAGE7,S6->STAGE7,5,4,NOT_AVAILABLE_PAIRED,STAGE_AGGREGATE_ONLY,shortage_kg,441,0.8322779570724349,0.38572406594044695,-0.446553891131988,-0.7266866684698632,-0.1664211137941129,NO
STAGE6_TO_STAGE7,S6->STAGE7,5,4,NOT_AVAILABLE_PAIRED,STAGE_AGGREGATE_ONLY,htt_in_kg,441,1.5439385508646946,3.9241795711371865,2.3802410202724933,1.2467132398634337,3.513768800681553,NO
STAGE6_TO_STAGE7,S6->STAGE7,5,4,NOT_AVAILABLE_PAIRED,STAGE_AGGREGATE_ONLY,htt_out_kg,441,0.7780233796114872,3.4407592457443887,2.6627358661329006,1.4357209722546804,3.889750760011121,NO
STAGE6_TO_STAGE7,S6->STAGE7,5,4,NOT_AVAILABLE_PAIRED,STAGE_AGGREGATE_ONLY,ending_inventory_kg,441,72.57131520127362,48.903526191488204,-23.667789009785494,-26.91900314163347,-20.416574877937517,NO
STAGE6_TO_STAGE7,S6->STAGE7,5,4,NOT_AVAILABLE_PAIRED,STAGE_AGGREGATE_ONLY,beginning_inventory_kg,441,75.79019482285317,55.296523530483405,-20.493671292370056,-23.385120010093384,-17.602222574646728,NO
STAGE6_TO_STAGE7,S6->STAGE7,6,1,NOT_AVAILABLE_PAIRED,STAGE_AGGREGATE_ONLY,production_kg,441,19.283050965213405,17.055673945308772,-2.2273770199046075,-3.4264405208826476,-1.0283135189265675,NO
STAGE6_TO_STAGE7,S6->STAGE7,6,1,NOT_AVAILABLE_PAIRED,STAGE_AGGREGATE_ONLY,ordinary_demand_kg,441,17.687880839539517,17.687880839539517,0.0,0.0,0.0,NO
STAGE6_TO_STAGE7,S6->STAGE7,6,1,NOT_AVAILABLE_PAIRED,STAGE_AGGREGATE_ONLY,served_demand_kg,441,16.97784682723201,16.593489113291014,-0.3843577139409987,-0.7294566888097198,-0.039258739072277615,NO
STAGE6_TO_STAGE7,S6->STAGE7,6,1,NOT_AVAILABLE_PAIRED,STAGE_AGGREGATE_ONLY,shortage_kg,441,0.7100340123075112,1.0943917262485099,0.3843577139409987,0.039258739072277615,0.7294566888097198,NO
STAGE6_TO_STAGE7,S6->STAGE7,6,1,NOT_AVAILABLE_PAIRED,STAGE_AGGREGATE_ONLY,htt_in_kg,441,2.23015271922955,2.2689936610471872,0.038840941817637274,-1.069573992181248,1.1472558758165223,NO
STAGE6_TO_STAGE7,S6->STAGE7,6,1,NOT_AVAILABLE_PAIRED,STAGE_AGGREGATE_ONLY,htt_out_kg,441,2.9437619802307493,0.47591230502818993,-2.46784967520256,-3.627272488411105,-1.3084268619940145,NO
STAGE6_TO_STAGE7,S6->STAGE7,6,1,NOT_AVAILABLE_PAIRED,STAGE_AGGREGATE_ONLY,ending_inventory_kg,441,162.90838329696786,102.32437012192585,-60.584013175042166,-64.57971903915204,-56.58830731093229,NO
STAGE6_TO_STAGE7,S6->STAGE7,6,1,NOT_AVAILABLE_PAIRED,STAGE_AGGREGATE_ONLY,beginning_inventory_kg,441,161.31678841998817,100.06910393388945,-61.2476844860988,-65.52910952718538,-56.96625944501221,NO
STAGE6_TO_STAGE7,S6->STAGE7,6,2,NOT_AVAILABLE_PAIRED,STAGE_AGGREGATE_ONLY,production_kg,441,6.328896935922418,8.437648681646504,2.108751745724096,1.4700879882296762,2.747415503218516,NO
STAGE6_TO_STAGE7,S6->STAGE7,6,2,NOT_AVAILABLE_PAIRED,STAGE_AGGREGATE_ONLY,ordinary_demand_kg,441,8.69565217391301,8.69565217391301,0.0,0.0,0.0,NO
STAGE6_TO_STAGE7,S6->STAGE7,6,2,NOT_AVAILABLE_PAIRED,STAGE_AGGREGATE_ONLY,served_demand_kg,441,8.304695580766879,8.335033408790983,0.030337828024102752,-0.16401865069470256,0.22469430674290808,NO
STAGE6_TO_STAGE7,S6->STAGE7,6,2,NOT_AVAILABLE_PAIRED,STAGE_AGGREGATE_ONLY,shortage_kg,441,0.3909565931461324,0.3606187651220297,-0.030337828024102717,-0.22469430674290802,0.16401865069470262,NO
STAGE6_TO_STAGE7,S6->STAGE7,6,2,NOT_AVAILABLE_PAIRED,STAGE_AGGREGATE_ONLY,htt_in_kg,441,5.573948495776285,1.8041080589392995,-3.7698404368369847,-4.678442537395208,-2.861238336278762,NO
STAGE6_TO_STAGE7,S6->STAGE7,6,2,NOT_AVAILABLE_PAIRED,STAGE_AGGREGATE_ONLY,htt_out_kg,441,13.491094290561055,6.864159827609188,-6.626934462951859,-8.85057907501384,-4.403289850889878,NO
STAGE6_TO_STAGE7,S6->STAGE7,6,2,NOT_AVAILABLE_PAIRED,STAGE_AGGREGATE_ONLY,ending_inventory_kg,441,88.4007284012704,33.29477575422838,-55.10595264704203,-58.4777893584014,-51.73411593568266,NO
STAGE6_TO_STAGE7,S6->STAGE7,6,2,NOT_AVAILABLE_PAIRED,STAGE_AGGREGATE_ONLY,beginning_inventory_kg,441,98.29367284089976,38.25221225004275,-60.04146059085695,-62.25873771342259,-57.82418346829131,NO
STAGE6_TO_STAGE7,S6->STAGE7,6,3,NOT_AVAILABLE_PAIRED,STAGE_AGGREGATE_ONLY,production_kg,441,2.4268482816888737,4.632949203167856,2.20610092147899,1.8787335820305757,2.5334682609274046,NO
STAGE6_TO_STAGE7,S6->STAGE7,6,3,NOT_AVAILABLE_PAIRED,STAGE_AGGREGATE_ONLY,ordinary_demand_kg,441,9.960786003619775,9.960786003619775,0.0,0.0,0.0,NO
STAGE6_TO_STAGE7,S6->STAGE7,6,3,NOT_AVAILABLE_PAIRED,STAGE_AGGREGATE_ONLY,served_demand_kg,441,9.844543511976992,9.728080825325234,-0.11646268665176478,-0.2769560098348649,0.04403063653133536,NO
STAGE6_TO_STAGE7,S6->STAGE7,6,3,NOT_AVAILABLE_PAIRED,STAGE_AGGREGATE_ONLY,shortage_kg,441,0.11624249164278469,0.23270517829454948,0.11646268665176486,-0.04403063653133528,0.276956009834865,NO
STAGE6_TO_STAGE7,S6->STAGE7,6,3,NOT_AVAILABLE_PAIRED,STAGE_AGGREGATE_ONLY,htt_in_kg,441,1.6861695656575966,4.6689784943102275,2.982808928652629,2.3683173482862685,3.5973005090189893,NO
STAGE6_TO_STAGE7,S6->STAGE7,6,3,NOT_AVAILABLE_PAIRED,STAGE_AGGREGATE_ONLY,htt_out_kg,441,16.627778906489777,2.0984531334979146,-14.529325772991866,-16.130546718945308,-12.928104827038425,NO
STAGE6_TO_STAGE7,S6->STAGE7,6,3,NOT_AVAILABLE_PAIRED,STAGE_AGGREGATE_ONLY,ending_inventory_kg,441,22.48436138357247,16.297399128470236,-6.186962255102245,-8.447886318534774,-3.9260381916697176,NO
STAGE6_TO_STAGE7,S6->STAGE7,6,3,NOT_AVAILABLE_PAIRED,STAGE_AGGREGATE_ONLY,beginning_inventory_kg,441,44.843665954692725,18.822005389815242,-26.021660564877525,-28.94696047532988,-23.09636065442517,NO
STAGE6_TO_STAGE7,S6->STAGE7,6,4,NOT_AVAILABLE_PAIRED,STAGE_AGGREGATE_ONLY,production_kg,441,10.00500005362142,9.427661211146695,-0.5773388424746996,-1.1645161020992725,0.009838417149873213,NO
STAGE6_TO_STAGE7,S6->STAGE7,6,4,NOT_AVAILABLE_PAIRED,STAGE_AGGREGATE_ONLY,ordinary_demand_kg,441,9.15174691465327,9.15174691465327,0.0,0.0,0.0,NO
STAGE6_TO_STAGE7,S6->STAGE7,6,4,NOT_AVAILABLE_PAIRED,STAGE_AGGREGATE_ONLY,served_demand_kg,441,8.697991961529327,8.630834481296972,-0.06715748023235496,-0.2028935419914359,0.06857858152672597,NO
STAGE6_TO_STAGE7,S6->STAGE7,6,4,NOT_AVAILABLE_PAIRED,STAGE_AGGREGATE_ONLY,shortage_kg,441,0.45375495312393566,0.5209124333562906,0.0671574802323549,-0.06857858152672602,0.20289354199143583,NO
STAGE6_TO_STAGE7,S6->STAGE7,6,4,NOT_AVAILABLE_PAIRED,STAGE_AGGREGATE_ONLY,htt_in_kg,441,23.606568612511875,2.709628031876551,-20.896940580635324,-23.69685544677281,-18.09702571449784,NO
STAGE6_TO_STAGE7,S6->STAGE7,6,4,NOT_AVAILABLE_PAIRED,STAGE_AGGREGATE_ONLY,htt_out_kg,441,0.03420421589370569,2.0131829800379757,1.9789787641442698,0.8844817636198756,3.0734757646686637,NO
STAGE6_TO_STAGE7,S6->STAGE7,6,4,NOT_AVAILABLE_PAIRED,STAGE_AGGREGATE_ONLY,ending_inventory_kg,441,97.45068768998406,50.396797973176604,-47.05388971680742,-50.59738336496526,-43.51039606864958,NO
STAGE6_TO_STAGE7,S6->STAGE7,6,4,NOT_AVAILABLE_PAIRED,STAGE_AGGREGATE_ONLY,beginning_inventory_kg,441,72.57131520127362,48.903526191488204,-23.667789009785494,-26.91900314163347,-20.416574877937517,NO
