check,result,actual,expected
B2_retained_hash_00_report_zh.md,PASS,,
B2_retained_hash_analysis_control_card.json,PASS,,
B2_retained_hash_C_identity_full_QA.csv,PASS,,
B2_retained_hash_C_MFCV_example_state01_M12.npz,PASS,,
B2_retained_hash_C_MFCV_example_state01_M23.npz,PASS,,
B2_retained_hash_C_MFCV_example_state01_W1.npz,PASS,,
B2_retained_hash_C_MFCV_example_state01_W2.npz,PASS,,
B2_retained_hash_C_MFCV_example_state01_W3.npz,PASS,,
B2_retained_hash_C_MFCV_example_state18_M12.npz,PASS,,
B2_retained_hash_C_MFCV_example_state18_M23.npz,PASS,,
B2_retained_hash_C_MFCV_example_state18_W1.npz,PASS,,
B2_retained_hash_C_MFCV_example_state18_W2.npz,PASS,,
B2_retained_hash_C_MFCV_example_state18_W3.npz,PASS,,
B2_retained_hash_C_MFCV_example_state35_M12.npz,PASS,,
B2_retained_hash_C_MFCV_example_state35_M23.npz,PASS,,
B2_retained_hash_C_MFCV_example_state35_W1.npz,PASS,,
B2_retained_hash_C_MFCV_example_state35_W2.npz,PASS,,
B2_retained_hash_C_MFCV_example_state35_W3.npz,PASS,,
B2_retained_hash_C_MFCV_W0_and_examples.npz,PASS,,
B2_retained_hash_closeout_source_manifest.csv,PASS,,
B2_retained_hash_continuous_boundary_exposure.csv,PASS,,
B2_retained_hash_edge_open_closed_QA.csv,PASS,,
B2_retained_hash_effective_speed_quantiles.csv,PASS,,
B2_retained_hash_effective_speed_threshold_shares.csv,PASS,,
B2_retained_hash_final_closeout.json,PASS,,
B2_retained_hash_final_summary.json,PASS,,
B2_retained_hash_fleet_inventory_upper_bound.csv,PASS,,
B2_retained_hash_independent_shortest_path_QA.csv,PASS,,
B2_retained_hash_independent_validation.csv,PASS,,
B2_retained_hash_loading_rate_scale.csv,PASS,,
B2_retained_hash_OD_equivalent_distance_histogram.npz,PASS,,
B2_retained_hash_OD_equivalent_distance_quantiles.csv,PASS,,
B2_retained_hash_OD_travel_time_quantiles.csv,PASS,,
B2_retained_hash_P_H_inventory_joint.csv,PASS,,
B2_retained_hash_P_H_joint_scale.csv,PASS,,
B2_retained_hash_physical_edge_identity.csv,PASS,,
B2_retained_hash_preflight.json,PASS,,
B2_retained_hash_prelog_QA.json,PASS,,
B2_retained_hash_question_coverage.csv,PASS,,
B2_retained_hash_source_manifest.csv,PASS,,
B2_retained_hash_station_inventory_scale.csv,PASS,,
B2_retained_hash_summary.json,PASS,,
B2_closeout_PASS,PASS,,
B2_reach_C_MFCV_example_state01_M12,PASS,,
B2_C_C_MFCV_example_state01_M12,PASS,0.0,1e-10
formal_source_C_MFCV_example_state01_M12,PASS,,
edge_time_C_MFCV_example_state01_M12,PASS,,
route_C_MFCV_example_state01_M12_24_1,PASS,,
route_C_MFCV_example_state01_M12_24_2,PASS,,
route_C_MFCV_example_state01_M12_24_3,PASS,,
route_C_MFCV_example_state01_M12_24_4,PASS,,
route_C_MFCV_example_state01_M12_24_5,PASS,,
route_C_MFCV_example_state01_M12_24_6,PASS,,
route_C_MFCV_example_state01_M12_24_7,PASS,,
route_C_MFCV_example_state01_M12_24_8,PASS,,
route_C_MFCV_example_state01_M12_24_9,PASS,,
route_C_MFCV_example_state01_M12_24_10,PASS,,
route_C_MFCV_example_state01_M12_24_11,PASS,,
route_C_MFCV_example_state01_M12_24_12,PASS,,
route_C_MFCV_example_state01_M12_24_13,PASS,,
route_C_MFCV_example_state01_M12_24_14,PASS,,
route_C_MFCV_example_state01_M12_24_15,PASS,,
route_C_MFCV_example_state01_M12_24_16,PASS,,
route_C_MFCV_example_state01_M12_24_17,PASS,,
route_C_MFCV_example_state01_M12_24_18,PASS,,
route_C_MFCV_example_state01_M12_24_19,PASS,,
route_C_MFCV_example_state01_M12_24_20,PASS,,
route_C_MFCV_example_state01_M12_24_21,PASS,,
route_C_MFCV_example_state01_M12_24_22,PASS,,
route_C_MFCV_example_state01_M12_24_23,PASS,,
route_C_MFCV_example_state01_M12_24_24,PASS,,
route_C_MFCV_example_state01_M12_24_25,PASS,,
route_C_MFCV_example_state01_M12_24_26,PASS,,
route_C_MFCV_example_state01_M12_24_27,PASS,,
route_C_MFCV_example_state01_M12_24_28,PASS,,
route_C_MFCV_example_state01_M12_24_29,PASS,,
route_C_MFCV_example_state01_M12_24_30,PASS,,
route_C_MFCV_example_state01_M12_24_31,PASS,,
route_C_MFCV_example_state01_M12_24_32,PASS,,
route_C_MFCV_example_state01_M12_24_33,PASS,,
route_C_MFCV_example_state01_M12_14_1,PASS,,
route_C_MFCV_example_state01_M12_14_2,PASS,,
route_C_MFCV_example_state01_M12_14_3,PASS,,
route_C_MFCV_example_state01_M12_14_4,PASS,,
route_C_MFCV_example_state01_M12_14_5,PASS,,
route_C_MFCV_example_state01_M12_14_6,PASS,,
route_C_MFCV_example_state01_M12_14_7,PASS,,
route_C_MFCV_example_state01_M12_14_8,PASS,,
route_C_MFCV_example_state01_M12_14_9,PASS,,
route_C_MFCV_example_state01_M12_14_10,PASS,,
route_C_MFCV_example_state01_M12_14_11,PASS,,
route_C_MFCV_example_state01_M12_14_12,PASS,,
route_C_MFCV_example_state01_M12_14_13,PASS,,
route_C_MFCV_example_state01_M12_14_14,PASS,,
route_C_MFCV_example_state01_M12_14_15,PASS,,
route_C_MFCV_example_state01_M12_14_16,PASS,,
route_C_MFCV_example_state01_M12_14_17,PASS,,
route_C_MFCV_example_state01_M12_14_18,PASS,,
route_C_MFCV_example_state01_M12_14_19,PASS,,
route_C_MFCV_example_state01_M12_14_20,PASS,,
route_C_MFCV_example_state01_M12_14_21,PASS,,
route_C_MFCV_example_state01_M12_14_22,PASS,,
route_C_MFCV_example_state01_M12_14_23,PASS,,
route_C_MFCV_example_state01_M12_14_24,PASS,,
route_C_MFCV_example_state01_M12_14_25,PASS,,
route_C_MFCV_example_state01_M12_14_26,PASS,,
route_C_MFCV_example_state01_M12_14_27,PASS,,
route_C_MFCV_example_state01_M12_14_28,PASS,,
route_C_MFCV_example_state01_M12_14_29,PASS,,
route_C_MFCV_example_state01_M12_14_30,PASS,,
route_C_MFCV_example_state01_M12_14_31,PASS,,
route_C_MFCV_example_state01_M12_14_32,PASS,,
route_C_MFCV_example_state01_M12_14_33,PASS,,
route_C_MFCV_example_state01_M12_18_1,PASS,,
route_C_MFCV_example_state01_M12_18_2,PASS,,
route_C_MFCV_example_state01_M12_18_3,PASS,,
route_C_MFCV_example_state01_M12_18_4,PASS,,
route_C_MFCV_example_state01_M12_18_5,PASS,,
route_C_MFCV_example_state01_M12_18_6,PASS,,
route_C_MFCV_example_state01_M12_18_7,PASS,,
route_C_MFCV_example_state01_M12_18_8,PASS,,
route_C_MFCV_example_state01_M12_18_9,PASS,,
route_C_MFCV_example_state01_M12_18_10,PASS,,
route_C_MFCV_example_state01_M12_18_11,PASS,,
route_C_MFCV_example_state01_M12_18_12,PASS,,
route_C_MFCV_example_state01_M12_18_13,PASS,,
route_C_MFCV_example_state01_M12_18_14,PASS,,
route_C_MFCV_example_state01_M12_18_15,PASS,,
route_C_MFCV_example_state01_M12_18_16,PASS,,
route_C_MFCV_example_state01_M12_18_17,PASS,,
route_C_MFCV_example_state01_M12_18_18,PASS,,
route_C_MFCV_example_state01_M12_18_19,PASS,,
route_C_MFCV_example_state01_M12_18_20,PASS,,
route_C_MFCV_example_state01_M12_18_21,PASS,,
route_C_MFCV_example_state01_M12_18_22,PASS,,
route_C_MFCV_example_state01_M12_18_23,PASS,,
route_C_MFCV_example_state01_M12_18_24,PASS,,
route_C_MFCV_example_state01_M12_18_25,PASS,,
route_C_MFCV_example_state01_M12_18_26,PASS,,
route_C_MFCV_example_state01_M12_18_27,PASS,,
route_C_MFCV_example_state01_M12_18_28,PASS,,
route_C_MFCV_example_state01_M12_18_29,PASS,,
route_C_MFCV_example_state01_M12_18_30,PASS,,
route_C_MFCV_example_state01_M12_18_31,PASS,,
route_C_MFCV_example_state01_M12_18_32,PASS,,
route_C_MFCV_example_state01_M12_18_33,PASS,,
route_C_MFCV_example_state01_M12_31_1,PASS,,
route_C_MFCV_example_state01_M12_31_2,PASS,,
route_C_MFCV_example_state01_M12_31_3,PASS,,
route_C_MFCV_example_state01_M12_31_4,PASS,,
route_C_MFCV_example_state01_M12_31_5,PASS,,
route_C_MFCV_example_state01_M12_31_6,PASS,,
route_C_MFCV_example_state01_M12_31_7,PASS,,
route_C_MFCV_example_state01_M12_31_8,PASS,,
route_C_MFCV_example_state01_M12_31_9,PASS,,
route_C_MFCV_example_state01_M12_31_10,PASS,,
route_C_MFCV_example_state01_M12_31_11,PASS,,
route_C_MFCV_example_state01_M12_31_12,PASS,,
route_C_MFCV_example_state01_M12_31_13,PASS,,
route_C_MFCV_example_state01_M12_31_14,PASS,,
route_C_MFCV_example_state01_M12_31_15,PASS,,
route_C_MFCV_example_state01_M12_31_16,PASS,,
route_C_MFCV_example_state01_M12_31_17,PASS,,
route_C_MFCV_example_state01_M12_31_18,PASS,,
route_C_MFCV_example_state01_M12_31_19,PASS,,
route_C_MFCV_example_state01_M12_31_20,PASS,,
route_C_MFCV_example_state01_M12_31_21,PASS,,
route_C_MFCV_example_state01_M12_31_22,PASS,,
route_C_MFCV_example_state01_M12_31_23,PASS,,
route_C_MFCV_example_state01_M12_31_24,PASS,,
route_C_MFCV_example_state01_M12_31_25,PASS,,
route_C_MFCV_example_state01_M12_31_26,PASS,,
route_C_MFCV_example_state01_M12_31_27,PASS,,
route_C_MFCV_example_state01_M12_31_28,PASS,,
route_C_MFCV_example_state01_M12_31_29,PASS,,
route_C_MFCV_example_state01_M12_31_30,PASS,,
route_C_MFCV_example_state01_M12_31_31,PASS,,
route_C_MFCV_example_state01_M12_31_32,PASS,,
route_C_MFCV_example_state01_M12_31_33,PASS,,
B2_reach_C_MFCV_example_state01_M23,PASS,,
B2_C_C_MFCV_example_state01_M23,PASS,0.0,1e-10
formal_source_C_MFCV_example_state01_M23,PASS,,
edge_time_C_MFCV_example_state01_M23,PASS,,
route_C_MFCV_example_state01_M23_24_1,PASS,,
route_C_MFCV_example_state01_M23_24_2,PASS,,
route_C_MFCV_example_state01_M23_24_3,PASS,,
route_C_MFCV_example_state01_M23_24_4,PASS,,
route_C_MFCV_example_state01_M23_24_5,PASS,,
route_C_MFCV_example_state01_M23_24_6,PASS,,
route_C_MFCV_example_state01_M23_24_7,PASS,,
route_C_MFCV_example_state01_M23_24_8,PASS,,
route_C_MFCV_example_state01_M23_24_9,PASS,,
route_C_MFCV_example_state01_M23_24_10,PASS,,
route_C_MFCV_example_state01_M23_24_11,PASS,,
route_C_MFCV_example_state01_M23_24_12,PASS,,
route_C_MFCV_example_state01_M23_24_13,PASS,,
route_C_MFCV_example_state01_M23_24_14,PASS,,
route_C_MFCV_example_state01_M23_24_15,PASS,,
route_C_MFCV_example_state01_M23_24_16,PASS,,
route_C_MFCV_example_state01_M23_24_17,PASS,,
route_C_MFCV_example_state01_M23_24_18,PASS,,
route_C_MFCV_example_state01_M23_24_19,PASS,,
route_C_MFCV_example_state01_M23_24_20,PASS,,
route_C_MFCV_example_state01_M23_24_21,PASS,,
route_C_MFCV_example_state01_M23_24_22,PASS,,
route_C_MFCV_example_state01_M23_24_23,PASS,,
route_C_MFCV_example_state01_M23_24_24,PASS,,
route_C_MFCV_example_state01_M23_24_25,PASS,,
route_C_MFCV_example_state01_M23_24_26,PASS,,
route_C_MFCV_example_state01_M23_24_27,PASS,,
route_C_MFCV_example_state01_M23_24_28,PASS,,
route_C_MFCV_example_state01_M23_24_29,PASS,,
route_C_MFCV_example_state01_M23_24_30,PASS,,
route_C_MFCV_example_state01_M23_24_31,PASS,,
route_C_MFCV_example_state01_M23_24_32,PASS,,
route_C_MFCV_example_state01_M23_24_33,PASS,,
route_C_MFCV_example_state01_M23_14_1,PASS,,
route_C_MFCV_example_state01_M23_14_2,PASS,,
route_C_MFCV_example_state01_M23_14_3,PASS,,
route_C_MFCV_example_state01_M23_14_4,PASS,,
route_C_MFCV_example_state01_M23_14_5,PASS,,
route_C_MFCV_example_state01_M23_14_6,PASS,,
route_C_MFCV_example_state01_M23_14_7,PASS,,
route_C_MFCV_example_state01_M23_14_8,PASS,,
route_C_MFCV_example_state01_M23_14_9,PASS,,
route_C_MFCV_example_state01_M23_14_10,PASS,,
route_C_MFCV_example_state01_M23_14_11,PASS,,
route_C_MFCV_example_state01_M23_14_12,PASS,,
route_C_MFCV_example_state01_M23_14_13,PASS,,
route_C_MFCV_example_state01_M23_14_14,PASS,,
route_C_MFCV_example_state01_M23_14_15,PASS,,
route_C_MFCV_example_state01_M23_14_16,PASS,,
route_C_MFCV_example_state01_M23_14_17,PASS,,
route_C_MFCV_example_state01_M23_14_18,PASS,,
route_C_MFCV_example_state01_M23_14_19,PASS,,
route_C_MFCV_example_state01_M23_14_20,PASS,,
route_C_MFCV_example_state01_M23_14_21,PASS,,
route_C_MFCV_example_state01_M23_14_22,PASS,,
route_C_MFCV_example_state01_M23_14_23,PASS,,
route_C_MFCV_example_state01_M23_14_24,PASS,,
route_C_MFCV_example_state01_M23_14_25,PASS,,
route_C_MFCV_example_state01_M23_14_26,PASS,,
route_C_MFCV_example_state01_M23_14_27,PASS,,
route_C_MFCV_example_state01_M23_14_28,PASS,,
route_C_MFCV_example_state01_M23_14_29,PASS,,
route_C_MFCV_example_state01_M23_14_30,PASS,,
route_C_MFCV_example_state01_M23_14_31,PASS,,
route_C_MFCV_example_state01_M23_14_32,PASS,,
route_C_MFCV_example_state01_M23_14_33,PASS,,
route_C_MFCV_example_state01_M23_18_1,PASS,,
route_C_MFCV_example_state01_M23_18_2,PASS,,
route_C_MFCV_example_state01_M23_18_3,PASS,,
route_C_MFCV_example_state01_M23_18_4,PASS,,
route_C_MFCV_example_state01_M23_18_5,PASS,,
route_C_MFCV_example_state01_M23_18_6,PASS,,
route_C_MFCV_example_state01_M23_18_7,PASS,,
route_C_MFCV_example_state01_M23_18_8,PASS,,
route_C_MFCV_example_state01_M23_18_9,PASS,,
route_C_MFCV_example_state01_M23_18_10,PASS,,
route_C_MFCV_example_state01_M23_18_11,PASS,,
route_C_MFCV_example_state01_M23_18_12,PASS,,
route_C_MFCV_example_state01_M23_18_13,PASS,,
route_C_MFCV_example_state01_M23_18_14,PASS,,
route_C_MFCV_example_state01_M23_18_15,PASS,,
route_C_MFCV_example_state01_M23_18_16,PASS,,
route_C_MFCV_example_state01_M23_18_17,PASS,,
route_C_MFCV_example_state01_M23_18_18,PASS,,
route_C_MFCV_example_state01_M23_18_19,PASS,,
route_C_MFCV_example_state01_M23_18_20,PASS,,
route_C_MFCV_example_state01_M23_18_21,PASS,,
route_C_MFCV_example_state01_M23_18_22,PASS,,
route_C_MFCV_example_state01_M23_18_23,PASS,,
route_C_MFCV_example_state01_M23_18_24,PASS,,
route_C_MFCV_example_state01_M23_18_25,PASS,,
route_C_MFCV_example_state01_M23_18_26,PASS,,
route_C_MFCV_example_state01_M23_18_27,PASS,,
route_C_MFCV_example_state01_M23_18_28,PASS,,
route_C_MFCV_example_state01_M23_18_29,PASS,,
route_C_MFCV_example_state01_M23_18_30,PASS,,
route_C_MFCV_example_state01_M23_18_31,PASS,,
route_C_MFCV_example_state01_M23_18_32,PASS,,
route_C_MFCV_example_state01_M23_18_33,PASS,,
route_C_MFCV_example_state01_M23_31_1,PASS,,
route_C_MFCV_example_state01_M23_31_2,PASS,,
route_C_MFCV_example_state01_M23_31_3,PASS,,
route_C_MFCV_example_state01_M23_31_4,PASS,,
route_C_MFCV_example_state01_M23_31_5,PASS,,
route_C_MFCV_example_state01_M23_31_6,PASS,,
route_C_MFCV_example_state01_M23_31_7,PASS,,
route_C_MFCV_example_state01_M23_31_8,PASS,,
route_C_MFCV_example_state01_M23_31_9,PASS,,
route_C_MFCV_example_state01_M23_31_10,PASS,,
route_C_MFCV_example_state01_M23_31_11,PASS,,
route_C_MFCV_example_state01_M23_31_12,PASS,,
route_C_MFCV_example_state01_M23_31_13,PASS,,
route_C_MFCV_example_state01_M23_31_14,PASS,,
route_C_MFCV_example_state01_M23_31_15,PASS,,
route_C_MFCV_example_state01_M23_31_16,PASS,,
route_C_MFCV_example_state01_M23_31_17,PASS,,
route_C_MFCV_example_state01_M23_31_18,PASS,,
route_C_MFCV_example_state01_M23_31_19,PASS,,
route_C_MFCV_example_state01_M23_31_20,PASS,,
route_C_MFCV_example_state01_M23_31_21,PASS,,
route_C_MFCV_example_state01_M23_31_22,PASS,,
route_C_MFCV_example_state01_M23_31_23,PASS,,
route_C_MFCV_example_state01_M23_31_24,PASS,,
route_C_MFCV_example_state01_M23_31_25,PASS,,
route_C_MFCV_example_state01_M23_31_26,PASS,,
route_C_MFCV_example_state01_M23_31_27,PASS,,
route_C_MFCV_example_state01_M23_31_28,PASS,,
route_C_MFCV_example_state01_M23_31_29,PASS,,
route_C_MFCV_example_state01_M23_31_30,PASS,,
route_C_MFCV_example_state01_M23_31_31,PASS,,
route_C_MFCV_example_state01_M23_31_32,PASS,,
route_C_MFCV_example_state01_M23_31_33,PASS,,
B2_reach_C_MFCV_example_state01_W1,PASS,,
B2_C_C_MFCV_example_state01_W1,PASS,0.0,1e-10
formal_source_C_MFCV_example_state01_W1,PASS,,
edge_time_C_MFCV_example_state01_W1,PASS,,
route_C_MFCV_example_state01_W1_24_1,PASS,,
route_C_MFCV_example_state01_W1_24_2,PASS,,
route_C_MFCV_example_state01_W1_24_3,PASS,,
route_C_MFCV_example_state01_W1_24_4,PASS,,
route_C_MFCV_example_state01_W1_24_5,PASS,,
route_C_MFCV_example_state01_W1_24_6,PASS,,
route_C_MFCV_example_state01_W1_24_7,PASS,,
route_C_MFCV_example_state01_W1_24_8,PASS,,
route_C_MFCV_example_state01_W1_24_9,PASS,,
route_C_MFCV_example_state01_W1_24_10,PASS,,
route_C_MFCV_example_state01_W1_24_11,PASS,,
route_C_MFCV_example_state01_W1_24_12,PASS,,
route_C_MFCV_example_state01_W1_24_13,PASS,,
route_C_MFCV_example_state01_W1_24_14,PASS,,
route_C_MFCV_example_state01_W1_24_15,PASS,,
route_C_MFCV_example_state01_W1_24_16,PASS,,
route_C_MFCV_example_state01_W1_24_17,PASS,,
route_C_MFCV_example_state01_W1_24_18,PASS,,
route_C_MFCV_example_state01_W1_24_19,PASS,,
route_C_MFCV_example_state01_W1_24_20,PASS,,
route_C_MFCV_example_state01_W1_24_21,PASS,,
route_C_MFCV_example_state01_W1_24_22,PASS,,
route_C_MFCV_example_state01_W1_24_23,PASS,,
route_C_MFCV_example_state01_W1_24_24,PASS,,
route_C_MFCV_example_state01_W1_24_25,PASS,,
route_C_MFCV_example_state01_W1_24_26,PASS,,
route_C_MFCV_example_state01_W1_24_27,PASS,,
route_C_MFCV_example_state01_W1_24_28,PASS,,
route_C_MFCV_example_state01_W1_24_29,PASS,,
route_C_MFCV_example_state01_W1_24_30,PASS,,
route_C_MFCV_example_state01_W1_24_31,PASS,,
route_C_MFCV_example_state01_W1_24_32,PASS,,
route_C_MFCV_example_state01_W1_24_33,PASS,,
route_C_MFCV_example_state01_W1_14_1,PASS,,
route_C_MFCV_example_state01_W1_14_2,PASS,,
route_C_MFCV_example_state01_W1_14_3,PASS,,
route_C_MFCV_example_state01_W1_14_4,PASS,,
route_C_MFCV_example_state01_W1_14_5,PASS,,
route_C_MFCV_example_state01_W1_14_6,PASS,,
route_C_MFCV_example_state01_W1_14_7,PASS,,
route_C_MFCV_example_state01_W1_14_8,PASS,,
route_C_MFCV_example_state01_W1_14_9,PASS,,
route_C_MFCV_example_state01_W1_14_10,PASS,,
route_C_MFCV_example_state01_W1_14_11,PASS,,
route_C_MFCV_example_state01_W1_14_12,PASS,,
route_C_MFCV_example_state01_W1_14_13,PASS,,
route_C_MFCV_example_state01_W1_14_14,PASS,,
route_C_MFCV_example_state01_W1_14_15,PASS,,
route_C_MFCV_example_state01_W1_14_16,PASS,,
route_C_MFCV_example_state01_W1_14_17,PASS,,
route_C_MFCV_example_state01_W1_14_18,PASS,,
route_C_MFCV_example_state01_W1_14_19,PASS,,
route_C_MFCV_example_state01_W1_14_20,PASS,,
route_C_MFCV_example_state01_W1_14_21,PASS,,
route_C_MFCV_example_state01_W1_14_22,PASS,,
route_C_MFCV_example_state01_W1_14_23,PASS,,
route_C_MFCV_example_state01_W1_14_24,PASS,,
route_C_MFCV_example_state01_W1_14_25,PASS,,
route_C_MFCV_example_state01_W1_14_26,PASS,,
route_C_MFCV_example_state01_W1_14_27,PASS,,
route_C_MFCV_example_state01_W1_14_28,PASS,,
route_C_MFCV_example_state01_W1_14_29,PASS,,
route_C_MFCV_example_state01_W1_14_30,PASS,,
route_C_MFCV_example_state01_W1_14_31,PASS,,
route_C_MFCV_example_state01_W1_14_32,PASS,,
route_C_MFCV_example_state01_W1_14_33,PASS,,
route_C_MFCV_example_state01_W1_18_1,PASS,,
route_C_MFCV_example_state01_W1_18_2,PASS,,
route_C_MFCV_example_state01_W1_18_3,PASS,,
route_C_MFCV_example_state01_W1_18_4,PASS,,
route_C_MFCV_example_state01_W1_18_5,PASS,,
route_C_MFCV_example_state01_W1_18_6,PASS,,
route_C_MFCV_example_state01_W1_18_7,PASS,,
route_C_MFCV_example_state01_W1_18_8,PASS,,
route_C_MFCV_example_state01_W1_18_9,PASS,,
route_C_MFCV_example_state01_W1_18_10,PASS,,
route_C_MFCV_example_state01_W1_18_11,PASS,,
route_C_MFCV_example_state01_W1_18_12,PASS,,
route_C_MFCV_example_state01_W1_18_13,PASS,,
route_C_MFCV_example_state01_W1_18_14,PASS,,
route_C_MFCV_example_state01_W1_18_15,PASS,,
route_C_MFCV_example_state01_W1_18_16,PASS,,
route_C_MFCV_example_state01_W1_18_17,PASS,,
route_C_MFCV_example_state01_W1_18_18,PASS,,
route_C_MFCV_example_state01_W1_18_19,PASS,,
route_C_MFCV_example_state01_W1_18_20,PASS,,
route_C_MFCV_example_state01_W1_18_21,PASS,,
route_C_MFCV_example_state01_W1_18_22,PASS,,
route_C_MFCV_example_state01_W1_18_23,PASS,,
route_C_MFCV_example_state01_W1_18_24,PASS,,
route_C_MFCV_example_state01_W1_18_25,PASS,,
route_C_MFCV_example_state01_W1_18_26,PASS,,
route_C_MFCV_example_state01_W1_18_27,PASS,,
route_C_MFCV_example_state01_W1_18_28,PASS,,
route_C_MFCV_example_state01_W1_18_29,PASS,,
route_C_MFCV_example_state01_W1_18_30,PASS,,
route_C_MFCV_example_state01_W1_18_31,PASS,,
route_C_MFCV_example_state01_W1_18_32,PASS,,
route_C_MFCV_example_state01_W1_18_33,PASS,,
route_C_MFCV_example_state01_W1_31_1,PASS,,
route_C_MFCV_example_state01_W1_31_2,PASS,,
route_C_MFCV_example_state01_W1_31_3,PASS,,
route_C_MFCV_example_state01_W1_31_4,PASS,,
route_C_MFCV_example_state01_W1_31_5,PASS,,
route_C_MFCV_example_state01_W1_31_6,PASS,,
route_C_MFCV_example_state01_W1_31_7,PASS,,
route_C_MFCV_example_state01_W1_31_8,PASS,,
route_C_MFCV_example_state01_W1_31_9,PASS,,
route_C_MFCV_example_state01_W1_31_10,PASS,,
route_C_MFCV_example_state01_W1_31_11,PASS,,
route_C_MFCV_example_state01_W1_31_12,PASS,,
route_C_MFCV_example_state01_W1_31_13,PASS,,
route_C_MFCV_example_state01_W1_31_14,PASS,,
route_C_MFCV_example_state01_W1_31_15,PASS,,
route_C_MFCV_example_state01_W1_31_16,PASS,,
route_C_MFCV_example_state01_W1_31_17,PASS,,
route_C_MFCV_example_state01_W1_31_18,PASS,,
route_C_MFCV_example_state01_W1_31_19,PASS,,
route_C_MFCV_example_state01_W1_31_20,PASS,,
route_C_MFCV_example_state01_W1_31_21,PASS,,
route_C_MFCV_example_state01_W1_31_22,PASS,,
route_C_MFCV_example_state01_W1_31_23,PASS,,
route_C_MFCV_example_state01_W1_31_24,PASS,,
route_C_MFCV_example_state01_W1_31_25,PASS,,
route_C_MFCV_example_state01_W1_31_26,PASS,,
route_C_MFCV_example_state01_W1_31_27,PASS,,
route_C_MFCV_example_state01_W1_31_28,PASS,,
route_C_MFCV_example_state01_W1_31_29,PASS,,
route_C_MFCV_example_state01_W1_31_30,PASS,,
route_C_MFCV_example_state01_W1_31_31,PASS,,
route_C_MFCV_example_state01_W1_31_32,PASS,,
route_C_MFCV_example_state01_W1_31_33,PASS,,
B2_reach_C_MFCV_example_state01_W2,PASS,,
B2_C_C_MFCV_example_state01_W2,PASS,0.0,1e-10
formal_source_C_MFCV_example_state01_W2,PASS,,
edge_time_C_MFCV_example_state01_W2,PASS,,
route_C_MFCV_example_state01_W2_24_1,PASS,,
route_C_MFCV_example_state01_W2_24_2,PASS,,
route_C_MFCV_example_state01_W2_24_3,PASS,,
route_C_MFCV_example_state01_W2_24_4,PASS,,
route_C_MFCV_example_state01_W2_24_5,PASS,,
route_C_MFCV_example_state01_W2_24_6,PASS,,
route_C_MFCV_example_state01_W2_24_7,PASS,,
route_C_MFCV_example_state01_W2_24_8,PASS,,
route_C_MFCV_example_state01_W2_24_9,PASS,,
route_C_MFCV_example_state01_W2_24_10,PASS,,
route_C_MFCV_example_state01_W2_24_11,PASS,,
route_C_MFCV_example_state01_W2_24_12,PASS,,
route_C_MFCV_example_state01_W2_24_13,PASS,,
route_C_MFCV_example_state01_W2_24_14,PASS,,
route_C_MFCV_example_state01_W2_24_15,PASS,,
route_C_MFCV_example_state01_W2_24_16,PASS,,
route_C_MFCV_example_state01_W2_24_17,PASS,,
route_C_MFCV_example_state01_W2_24_18,PASS,,
route_C_MFCV_example_state01_W2_24_19,PASS,,
route_C_MFCV_example_state01_W2_24_20,PASS,,
route_C_MFCV_example_state01_W2_24_21,PASS,,
route_C_MFCV_example_state01_W2_24_22,PASS,,
route_C_MFCV_example_state01_W2_24_23,PASS,,
route_C_MFCV_example_state01_W2_24_24,PASS,,
route_C_MFCV_example_state01_W2_24_25,PASS,,
route_C_MFCV_example_state01_W2_24_26,PASS,,
route_C_MFCV_example_state01_W2_24_27,PASS,,
route_C_MFCV_example_state01_W2_24_28,PASS,,
route_C_MFCV_example_state01_W2_24_29,PASS,,
route_C_MFCV_example_state01_W2_24_30,PASS,,
route_C_MFCV_example_state01_W2_24_31,PASS,,
route_C_MFCV_example_state01_W2_24_32,PASS,,
route_C_MFCV_example_state01_W2_24_33,PASS,,
route_C_MFCV_example_state01_W2_14_1,PASS,,
route_C_MFCV_example_state01_W2_14_2,PASS,,
route_C_MFCV_example_state01_W2_14_3,PASS,,
route_C_MFCV_example_state01_W2_14_4,PASS,,
route_C_MFCV_example_state01_W2_14_5,PASS,,
route_C_MFCV_example_state01_W2_14_6,PASS,,
route_C_MFCV_example_state01_W2_14_7,PASS,,
route_C_MFCV_example_state01_W2_14_8,PASS,,
route_C_MFCV_example_state01_W2_14_9,PASS,,
route_C_MFCV_example_state01_W2_14_10,PASS,,
route_C_MFCV_example_state01_W2_14_11,PASS,,
route_C_MFCV_example_state01_W2_14_12,PASS,,
route_C_MFCV_example_state01_W2_14_13,PASS,,
route_C_MFCV_example_state01_W2_14_14,PASS,,
route_C_MFCV_example_state01_W2_14_15,PASS,,
route_C_MFCV_example_state01_W2_14_16,PASS,,
route_C_MFCV_example_state01_W2_14_17,PASS,,
route_C_MFCV_example_state01_W2_14_18,PASS,,
route_C_MFCV_example_state01_W2_14_19,PASS,,
route_C_MFCV_example_state01_W2_14_20,PASS,,
route_C_MFCV_example_state01_W2_14_21,PASS,,
route_C_MFCV_example_state01_W2_14_22,PASS,,
route_C_MFCV_example_state01_W2_14_23,PASS,,
route_C_MFCV_example_state01_W2_14_24,PASS,,
route_C_MFCV_example_state01_W2_14_25,PASS,,
route_C_MFCV_example_state01_W2_14_26,PASS,,
route_C_MFCV_example_state01_W2_14_27,PASS,,
route_C_MFCV_example_state01_W2_14_28,PASS,,
route_C_MFCV_example_state01_W2_14_29,PASS,,
route_C_MFCV_example_state01_W2_14_30,PASS,,
route_C_MFCV_example_state01_W2_14_31,PASS,,
route_C_MFCV_example_state01_W2_14_32,PASS,,
route_C_MFCV_example_state01_W2_14_33,PASS,,
route_C_MFCV_example_state01_W2_18_1,PASS,,
route_C_MFCV_example_state01_W2_18_2,PASS,,
route_C_MFCV_example_state01_W2_18_3,PASS,,
route_C_MFCV_example_state01_W2_18_4,PASS,,
route_C_MFCV_example_state01_W2_18_5,PASS,,
route_C_MFCV_example_state01_W2_18_6,PASS,,
route_C_MFCV_example_state01_W2_18_7,PASS,,
route_C_MFCV_example_state01_W2_18_8,PASS,,
route_C_MFCV_example_state01_W2_18_9,PASS,,
route_C_MFCV_example_state01_W2_18_10,PASS,,
route_C_MFCV_example_state01_W2_18_11,PASS,,
route_C_MFCV_example_state01_W2_18_12,PASS,,
route_C_MFCV_example_state01_W2_18_13,PASS,,
route_C_MFCV_example_state01_W2_18_14,PASS,,
route_C_MFCV_example_state01_W2_18_15,PASS,,
route_C_MFCV_example_state01_W2_18_16,PASS,,
route_C_MFCV_example_state01_W2_18_17,PASS,,
route_C_MFCV_example_state01_W2_18_18,PASS,,
route_C_MFCV_example_state01_W2_18_19,PASS,,
route_C_MFCV_example_state01_W2_18_20,PASS,,
route_C_MFCV_example_state01_W2_18_21,PASS,,
route_C_MFCV_example_state01_W2_18_22,PASS,,
route_C_MFCV_example_state01_W2_18_23,PASS,,
route_C_MFCV_example_state01_W2_18_24,PASS,,
route_C_MFCV_example_state01_W2_18_25,PASS,,
route_C_MFCV_example_state01_W2_18_26,PASS,,
route_C_MFCV_example_state01_W2_18_27,PASS,,
route_C_MFCV_example_state01_W2_18_28,PASS,,
route_C_MFCV_example_state01_W2_18_29,PASS,,
route_C_MFCV_example_state01_W2_18_30,PASS,,
route_C_MFCV_example_state01_W2_18_31,PASS,,
route_C_MFCV_example_state01_W2_18_32,PASS,,
route_C_MFCV_example_state01_W2_18_33,PASS,,
route_C_MFCV_example_state01_W2_31_1,PASS,,
route_C_MFCV_example_state01_W2_31_2,PASS,,
route_C_MFCV_example_state01_W2_31_3,PASS,,
route_C_MFCV_example_state01_W2_31_4,PASS,,
route_C_MFCV_example_state01_W2_31_5,PASS,,
route_C_MFCV_example_state01_W2_31_6,PASS,,
route_C_MFCV_example_state01_W2_31_7,PASS,,
route_C_MFCV_example_state01_W2_31_8,PASS,,
route_C_MFCV_example_state01_W2_31_9,PASS,,
route_C_MFCV_example_state01_W2_31_10,PASS,,
route_C_MFCV_example_state01_W2_31_11,PASS,,
route_C_MFCV_example_state01_W2_31_12,PASS,,
route_C_MFCV_example_state01_W2_31_13,PASS,,
route_C_MFCV_example_state01_W2_31_14,PASS,,
route_C_MFCV_example_state01_W2_31_15,PASS,,
route_C_MFCV_example_state01_W2_31_16,PASS,,
route_C_MFCV_example_state01_W2_31_17,PASS,,
route_C_MFCV_example_state01_W2_31_18,PASS,,
route_C_MFCV_example_state01_W2_31_19,PASS,,
route_C_MFCV_example_state01_W2_31_20,PASS,,
route_C_MFCV_example_state01_W2_31_21,PASS,,
route_C_MFCV_example_state01_W2_31_22,PASS,,
route_C_MFCV_example_state01_W2_31_23,PASS,,
route_C_MFCV_example_state01_W2_31_24,PASS,,
route_C_MFCV_example_state01_W2_31_25,PASS,,
route_C_MFCV_example_state01_W2_31_26,PASS,,
route_C_MFCV_example_state01_W2_31_27,PASS,,
route_C_MFCV_example_state01_W2_31_28,PASS,,
route_C_MFCV_example_state01_W2_31_29,PASS,,
route_C_MFCV_example_state01_W2_31_30,PASS,,
route_C_MFCV_example_state01_W2_31_31,PASS,,
route_C_MFCV_example_state01_W2_31_32,PASS,,
route_C_MFCV_example_state01_W2_31_33,PASS,,
B2_reach_C_MFCV_example_state01_W3,PASS,,
B2_C_C_MFCV_example_state01_W3,PASS,0.0,1e-10
formal_source_C_MFCV_example_state01_W3,PASS,,
edge_time_C_MFCV_example_state01_W3,PASS,,
route_C_MFCV_example_state01_W3_24_1,PASS,,
route_C_MFCV_example_state01_W3_24_2,PASS,,
route_C_MFCV_example_state01_W3_24_3,PASS,,
route_C_MFCV_example_state01_W3_24_4,PASS,,
route_C_MFCV_example_state01_W3_24_5,PASS,,
route_C_MFCV_example_state01_W3_24_6,PASS,,
route_C_MFCV_example_state01_W3_24_7,PASS,,
route_C_MFCV_example_state01_W3_24_8,PASS,,
route_C_MFCV_example_state01_W3_24_9,PASS,,
route_C_MFCV_example_state01_W3_24_10,PASS,,
route_C_MFCV_example_state01_W3_24_11,PASS,,
route_C_MFCV_example_state01_W3_24_12,PASS,,
route_C_MFCV_example_state01_W3_24_13,PASS,,
route_C_MFCV_example_state01_W3_24_14,PASS,,
route_C_MFCV_example_state01_W3_24_15,PASS,,
route_C_MFCV_example_state01_W3_24_16,PASS,,
route_C_MFCV_example_state01_W3_24_17,PASS,,
route_C_MFCV_example_state01_W3_24_18,PASS,,
route_C_MFCV_example_state01_W3_24_19,PASS,,
route_C_MFCV_example_state01_W3_24_20,PASS,,
route_C_MFCV_example_state01_W3_24_21,PASS,,
route_C_MFCV_example_state01_W3_24_22,PASS,,
route_C_MFCV_example_state01_W3_24_23,PASS,,
route_C_MFCV_example_state01_W3_24_24,PASS,,
route_C_MFCV_example_state01_W3_24_25,PASS,,
route_C_MFCV_example_state01_W3_24_26,PASS,,
route_C_MFCV_example_state01_W3_24_27,PASS,,
route_C_MFCV_example_state01_W3_24_28,PASS,,
route_C_MFCV_example_state01_W3_24_29,PASS,,
route_C_MFCV_example_state01_W3_24_30,PASS,,
route_C_MFCV_example_state01_W3_24_31,PASS,,
route_C_MFCV_example_state01_W3_24_32,PASS,,
route_C_MFCV_example_state01_W3_24_33,PASS,,
route_C_MFCV_example_state01_W3_14_1,PASS,,
route_C_MFCV_example_state01_W3_14_2,PASS,,
route_C_MFCV_example_state01_W3_14_3,PASS,,
route_C_MFCV_example_state01_W3_14_4,PASS,,
route_C_MFCV_example_state01_W3_14_5,PASS,,
route_C_MFCV_example_state01_W3_14_6,PASS,,
route_C_MFCV_example_state01_W3_14_7,PASS,,
route_C_MFCV_example_state01_W3_14_8,PASS,,
route_C_MFCV_example_state01_W3_14_9,PASS,,
route_C_MFCV_example_state01_W3_14_10,PASS,,
route_C_MFCV_example_state01_W3_14_11,PASS,,
route_C_MFCV_example_state01_W3_14_12,PASS,,
route_C_MFCV_example_state01_W3_14_13,PASS,,
route_C_MFCV_example_state01_W3_14_14,PASS,,
route_C_MFCV_example_state01_W3_14_15,PASS,,
route_C_MFCV_example_state01_W3_14_16,PASS,,
route_C_MFCV_example_state01_W3_14_17,PASS,,
route_C_MFCV_example_state01_W3_14_18,PASS,,
route_C_MFCV_example_state01_W3_14_19,PASS,,
route_C_MFCV_example_state01_W3_14_20,PASS,,
route_C_MFCV_example_state01_W3_14_21,PASS,,
route_C_MFCV_example_state01_W3_14_22,PASS,,
route_C_MFCV_example_state01_W3_14_23,PASS,,
route_C_MFCV_example_state01_W3_14_24,PASS,,
route_C_MFCV_example_state01_W3_14_25,PASS,,
route_C_MFCV_example_state01_W3_14_26,PASS,,
route_C_MFCV_example_state01_W3_14_27,PASS,,
route_C_MFCV_example_state01_W3_14_28,PASS,,
route_C_MFCV_example_state01_W3_14_29,PASS,,
route_C_MFCV_example_state01_W3_14_30,PASS,,
route_C_MFCV_example_state01_W3_14_31,PASS,,
route_C_MFCV_example_state01_W3_14_32,PASS,,
route_C_MFCV_example_state01_W3_14_33,PASS,,
route_C_MFCV_example_state01_W3_18_1,PASS,,
route_C_MFCV_example_state01_W3_18_2,PASS,,
route_C_MFCV_example_state01_W3_18_3,PASS,,
route_C_MFCV_example_state01_W3_18_4,PASS,,
route_C_MFCV_example_state01_W3_18_5,PASS,,
route_C_MFCV_example_state01_W3_18_6,PASS,,
route_C_MFCV_example_state01_W3_18_7,PASS,,
route_C_MFCV_example_state01_W3_18_8,PASS,,
route_C_MFCV_example_state01_W3_18_9,PASS,,
route_C_MFCV_example_state01_W3_18_10,PASS,,
route_C_MFCV_example_state01_W3_18_11,PASS,,
route_C_MFCV_example_state01_W3_18_12,PASS,,
route_C_MFCV_example_state01_W3_18_13,PASS,,
route_C_MFCV_example_state01_W3_18_14,PASS,,
route_C_MFCV_example_state01_W3_18_15,PASS,,
route_C_MFCV_example_state01_W3_18_16,PASS,,
route_C_MFCV_example_state01_W3_18_17,PASS,,
route_C_MFCV_example_state01_W3_18_18,PASS,,
route_C_MFCV_example_state01_W3_18_19,PASS,,
route_C_MFCV_example_state01_W3_18_20,PASS,,
route_C_MFCV_example_state01_W3_18_21,PASS,,
route_C_MFCV_example_state01_W3_18_22,PASS,,
route_C_MFCV_example_state01_W3_18_23,PASS,,
route_C_MFCV_example_state01_W3_18_24,PASS,,
route_C_MFCV_example_state01_W3_18_25,PASS,,
route_C_MFCV_example_state01_W3_18_26,PASS,,
route_C_MFCV_example_state01_W3_18_27,PASS,,
route_C_MFCV_example_state01_W3_18_28,PASS,,
route_C_MFCV_example_state01_W3_18_29,PASS,,
route_C_MFCV_example_state01_W3_18_30,PASS,,
route_C_MFCV_example_state01_W3_18_31,PASS,,
route_C_MFCV_example_state01_W3_18_32,PASS,,
route_C_MFCV_example_state01_W3_18_33,PASS,,
route_C_MFCV_example_state01_W3_31_1,PASS,,
route_C_MFCV_example_state01_W3_31_2,PASS,,
route_C_MFCV_example_state01_W3_31_3,PASS,,
route_C_MFCV_example_state01_W3_31_4,PASS,,
route_C_MFCV_example_state01_W3_31_5,PASS,,
route_C_MFCV_example_state01_W3_31_6,PASS,,
route_C_MFCV_example_state01_W3_31_7,PASS,,
route_C_MFCV_example_state01_W3_31_8,PASS,,
route_C_MFCV_example_state01_W3_31_9,PASS,,
route_C_MFCV_example_state01_W3_31_10,PASS,,
route_C_MFCV_example_state01_W3_31_11,PASS,,
route_C_MFCV_example_state01_W3_31_12,PASS,,
route_C_MFCV_example_state01_W3_31_13,PASS,,
route_C_MFCV_example_state01_W3_31_14,PASS,,
route_C_MFCV_example_state01_W3_31_15,PASS,,
route_C_MFCV_example_state01_W3_31_16,PASS,,
route_C_MFCV_example_state01_W3_31_17,PASS,,
route_C_MFCV_example_state01_W3_31_18,PASS,,
route_C_MFCV_example_state01_W3_31_19,PASS,,
route_C_MFCV_example_state01_W3_31_20,PASS,,
route_C_MFCV_example_state01_W3_31_21,PASS,,
route_C_MFCV_example_state01_W3_31_22,PASS,,
route_C_MFCV_example_state01_W3_31_23,PASS,,
route_C_MFCV_example_state01_W3_31_24,PASS,,
route_C_MFCV_example_state01_W3_31_25,PASS,,
route_C_MFCV_example_state01_W3_31_26,PASS,,
route_C_MFCV_example_state01_W3_31_27,PASS,,
route_C_MFCV_example_state01_W3_31_28,PASS,,
route_C_MFCV_example_state01_W3_31_29,PASS,,
route_C_MFCV_example_state01_W3_31_30,PASS,,
route_C_MFCV_example_state01_W3_31_31,PASS,,
route_C_MFCV_example_state01_W3_31_32,PASS,,
route_C_MFCV_example_state01_W3_31_33,PASS,,
B2_reach_C_MFCV_example_state18_M12,PASS,,
B2_C_C_MFCV_example_state18_M12,PASS,0.0,1e-10
formal_source_C_MFCV_example_state18_M12,PASS,,
edge_time_C_MFCV_example_state18_M12,PASS,,
route_C_MFCV_example_state18_M12_24_1,PASS,,
route_C_MFCV_example_state18_M12_24_2,PASS,,
route_C_MFCV_example_state18_M12_24_3,PASS,,
route_C_MFCV_example_state18_M12_24_4,PASS,,
route_C_MFCV_example_state18_M12_24_5,PASS,,
route_C_MFCV_example_state18_M12_24_6,PASS,,
route_C_MFCV_example_state18_M12_24_7,PASS,,
route_C_MFCV_example_state18_M12_24_8,PASS,,
route_C_MFCV_example_state18_M12_24_9,PASS,,
route_C_MFCV_example_state18_M12_24_10,PASS,,
route_C_MFCV_example_state18_M12_24_11,PASS,,
route_C_MFCV_example_state18_M12_24_12,PASS,,
route_C_MFCV_example_state18_M12_24_13,PASS,,
route_C_MFCV_example_state18_M12_24_14,PASS,,
route_C_MFCV_example_state18_M12_24_15,PASS,,
route_C_MFCV_example_state18_M12_24_16,PASS,,
route_C_MFCV_example_state18_M12_24_17,PASS,,
route_C_MFCV_example_state18_M12_24_18,PASS,,
route_C_MFCV_example_state18_M12_24_19,PASS,,
route_C_MFCV_example_state18_M12_24_20,PASS,,
route_C_MFCV_example_state18_M12_24_21,PASS,,
route_C_MFCV_example_state18_M12_24_22,PASS,,
route_C_MFCV_example_state18_M12_24_23,PASS,,
route_C_MFCV_example_state18_M12_24_24,PASS,,
route_C_MFCV_example_state18_M12_24_25,PASS,,
route_C_MFCV_example_state18_M12_24_26,PASS,,
route_C_MFCV_example_state18_M12_24_27,PASS,,
route_C_MFCV_example_state18_M12_24_28,PASS,,
route_C_MFCV_example_state18_M12_24_29,PASS,,
route_C_MFCV_example_state18_M12_24_30,PASS,,
route_C_MFCV_example_state18_M12_24_31,PASS,,
route_C_MFCV_example_state18_M12_24_32,PASS,,
route_C_MFCV_example_state18_M12_24_33,PASS,,
route_C_MFCV_example_state18_M12_14_1,PASS,,
route_C_MFCV_example_state18_M12_14_2,PASS,,
route_C_MFCV_example_state18_M12_14_3,PASS,,
route_C_MFCV_example_state18_M12_14_4,PASS,,
route_C_MFCV_example_state18_M12_14_5,PASS,,
route_C_MFCV_example_state18_M12_14_6,PASS,,
route_C_MFCV_example_state18_M12_14_7,PASS,,
route_C_MFCV_example_state18_M12_14_8,PASS,,
route_C_MFCV_example_state18_M12_14_9,PASS,,
route_C_MFCV_example_state18_M12_14_10,PASS,,
route_C_MFCV_example_state18_M12_14_11,PASS,,
route_C_MFCV_example_state18_M12_14_12,PASS,,
route_C_MFCV_example_state18_M12_14_13,PASS,,
route_C_MFCV_example_state18_M12_14_14,PASS,,
route_C_MFCV_example_state18_M12_14_15,PASS,,
route_C_MFCV_example_state18_M12_14_16,PASS,,
route_C_MFCV_example_state18_M12_14_17,PASS,,
route_C_MFCV_example_state18_M12_14_18,PASS,,
route_C_MFCV_example_state18_M12_14_19,PASS,,
route_C_MFCV_example_state18_M12_14_20,PASS,,
route_C_MFCV_example_state18_M12_14_21,PASS,,
route_C_MFCV_example_state18_M12_14_22,PASS,,
route_C_MFCV_example_state18_M12_14_23,PASS,,
route_C_MFCV_example_state18_M12_14_24,PASS,,
route_C_MFCV_example_state18_M12_14_25,PASS,,
route_C_MFCV_example_state18_M12_14_26,PASS,,
route_C_MFCV_example_state18_M12_14_27,PASS,,
route_C_MFCV_example_state18_M12_14_28,PASS,,
route_C_MFCV_example_state18_M12_14_29,PASS,,
route_C_MFCV_example_state18_M12_14_30,PASS,,
route_C_MFCV_example_state18_M12_14_31,PASS,,
route_C_MFCV_example_state18_M12_14_32,PASS,,
route_C_MFCV_example_state18_M12_14_33,PASS,,
route_C_MFCV_example_state18_M12_18_1,PASS,,
route_C_MFCV_example_state18_M12_18_2,PASS,,
route_C_MFCV_example_state18_M12_18_3,PASS,,
route_C_MFCV_example_state18_M12_18_4,PASS,,
route_C_MFCV_example_state18_M12_18_5,PASS,,
route_C_MFCV_example_state18_M12_18_6,PASS,,
route_C_MFCV_example_state18_M12_18_7,PASS,,
route_C_MFCV_example_state18_M12_18_8,PASS,,
route_C_MFCV_example_state18_M12_18_9,PASS,,
route_C_MFCV_example_state18_M12_18_10,PASS,,
route_C_MFCV_example_state18_M12_18_11,PASS,,
route_C_MFCV_example_state18_M12_18_12,PASS,,
route_C_MFCV_example_state18_M12_18_13,PASS,,
route_C_MFCV_example_state18_M12_18_14,PASS,,
route_C_MFCV_example_state18_M12_18_15,PASS,,
route_C_MFCV_example_state18_M12_18_16,PASS,,
route_C_MFCV_example_state18_M12_18_17,PASS,,
route_C_MFCV_example_state18_M12_18_18,PASS,,
route_C_MFCV_example_state18_M12_18_19,PASS,,
route_C_MFCV_example_state18_M12_18_20,PASS,,
route_C_MFCV_example_state18_M12_18_21,PASS,,
route_C_MFCV_example_state18_M12_18_22,PASS,,
route_C_MFCV_example_state18_M12_18_23,PASS,,
route_C_MFCV_example_state18_M12_18_24,PASS,,
route_C_MFCV_example_state18_M12_18_25,PASS,,
route_C_MFCV_example_state18_M12_18_26,PASS,,
route_C_MFCV_example_state18_M12_18_27,PASS,,
route_C_MFCV_example_state18_M12_18_28,PASS,,
route_C_MFCV_example_state18_M12_18_29,PASS,,
route_C_MFCV_example_state18_M12_18_30,PASS,,
route_C_MFCV_example_state18_M12_18_31,PASS,,
route_C_MFCV_example_state18_M12_18_32,PASS,,
route_C_MFCV_example_state18_M12_18_33,PASS,,
route_C_MFCV_example_state18_M12_31_1,PASS,,
route_C_MFCV_example_state18_M12_31_2,PASS,,
route_C_MFCV_example_state18_M12_31_3,PASS,,
route_C_MFCV_example_state18_M12_31_4,PASS,,
route_C_MFCV_example_state18_M12_31_5,PASS,,
route_C_MFCV_example_state18_M12_31_6,PASS,,
route_C_MFCV_example_state18_M12_31_7,PASS,,
route_C_MFCV_example_state18_M12_31_8,PASS,,
route_C_MFCV_example_state18_M12_31_9,PASS,,
route_C_MFCV_example_state18_M12_31_10,PASS,,
route_C_MFCV_example_state18_M12_31_11,PASS,,
route_C_MFCV_example_state18_M12_31_12,PASS,,
route_C_MFCV_example_state18_M12_31_13,PASS,,
route_C_MFCV_example_state18_M12_31_14,PASS,,
route_C_MFCV_example_state18_M12_31_15,PASS,,
route_C_MFCV_example_state18_M12_31_16,PASS,,
route_C_MFCV_example_state18_M12_31_17,PASS,,
route_C_MFCV_example_state18_M12_31_18,PASS,,
route_C_MFCV_example_state18_M12_31_19,PASS,,
route_C_MFCV_example_state18_M12_31_20,PASS,,
route_C_MFCV_example_state18_M12_31_21,PASS,,
route_C_MFCV_example_state18_M12_31_22,PASS,,
route_C_MFCV_example_state18_M12_31_23,PASS,,
route_C_MFCV_example_state18_M12_31_24,PASS,,
route_C_MFCV_example_state18_M12_31_25,PASS,,
route_C_MFCV_example_state18_M12_31_26,PASS,,
route_C_MFCV_example_state18_M12_31_27,PASS,,
route_C_MFCV_example_state18_M12_31_28,PASS,,
route_C_MFCV_example_state18_M12_31_29,PASS,,
route_C_MFCV_example_state18_M12_31_30,PASS,,
route_C_MFCV_example_state18_M12_31_31,PASS,,
route_C_MFCV_example_state18_M12_31_32,PASS,,
route_C_MFCV_example_state18_M12_31_33,PASS,,
B2_reach_C_MFCV_example_state18_M23,PASS,,
B2_C_C_MFCV_example_state18_M23,PASS,0.0,1e-10
formal_source_C_MFCV_example_state18_M23,PASS,,
edge_time_C_MFCV_example_state18_M23,PASS,,
route_C_MFCV_example_state18_M23_24_1,PASS,,
route_C_MFCV_example_state18_M23_24_2,PASS,,
route_C_MFCV_example_state18_M23_24_3,PASS,,
route_C_MFCV_example_state18_M23_24_4,PASS,,
route_C_MFCV_example_state18_M23_24_5,PASS,,
route_C_MFCV_example_state18_M23_24_6,PASS,,
route_C_MFCV_example_state18_M23_24_7,PASS,,
route_C_MFCV_example_state18_M23_24_8,PASS,,
route_C_MFCV_example_state18_M23_24_9,PASS,,
route_C_MFCV_example_state18_M23_24_10,PASS,,
route_C_MFCV_example_state18_M23_24_11,PASS,,
route_C_MFCV_example_state18_M23_24_12,PASS,,
route_C_MFCV_example_state18_M23_24_13,PASS,,
route_C_MFCV_example_state18_M23_24_14,PASS,,
route_C_MFCV_example_state18_M23_24_15,PASS,,
route_C_MFCV_example_state18_M23_24_16,PASS,,
route_C_MFCV_example_state18_M23_24_17,PASS,,
route_C_MFCV_example_state18_M23_24_18,PASS,,
route_C_MFCV_example_state18_M23_24_19,PASS,,
route_C_MFCV_example_state18_M23_24_20,PASS,,
route_C_MFCV_example_state18_M23_24_21,PASS,,
route_C_MFCV_example_state18_M23_24_22,PASS,,
route_C_MFCV_example_state18_M23_24_23,PASS,,
route_C_MFCV_example_state18_M23_24_24,PASS,,
route_C_MFCV_example_state18_M23_24_25,PASS,,
route_C_MFCV_example_state18_M23_24_26,PASS,,
route_C_MFCV_example_state18_M23_24_27,PASS,,
route_C_MFCV_example_state18_M23_24_28,PASS,,
route_C_MFCV_example_state18_M23_24_29,PASS,,
route_C_MFCV_example_state18_M23_24_30,PASS,,
route_C_MFCV_example_state18_M23_24_31,PASS,,
route_C_MFCV_example_state18_M23_24_32,PASS,,
route_C_MFCV_example_state18_M23_24_33,PASS,,
route_C_MFCV_example_state18_M23_14_1,PASS,,
route_C_MFCV_example_state18_M23_14_2,PASS,,
route_C_MFCV_example_state18_M23_14_3,PASS,,
route_C_MFCV_example_state18_M23_14_4,PASS,,
route_C_MFCV_example_state18_M23_14_5,PASS,,
route_C_MFCV_example_state18_M23_14_6,PASS,,
route_C_MFCV_example_state18_M23_14_7,PASS,,
route_C_MFCV_example_state18_M23_14_8,PASS,,
route_C_MFCV_example_state18_M23_14_9,PASS,,
route_C_MFCV_example_state18_M23_14_10,PASS,,
route_C_MFCV_example_state18_M23_14_11,PASS,,
route_C_MFCV_example_state18_M23_14_12,PASS,,
route_C_MFCV_example_state18_M23_14_13,PASS,,
route_C_MFCV_example_state18_M23_14_14,PASS,,
route_C_MFCV_example_state18_M23_14_15,PASS,,
route_C_MFCV_example_state18_M23_14_16,PASS,,
route_C_MFCV_example_state18_M23_14_17,PASS,,
route_C_MFCV_example_state18_M23_14_18,PASS,,
route_C_MFCV_example_state18_M23_14_19,PASS,,
route_C_MFCV_example_state18_M23_14_20,PASS,,
route_C_MFCV_example_state18_M23_14_21,PASS,,
route_C_MFCV_example_state18_M23_14_22,PASS,,
route_C_MFCV_example_state18_M23_14_23,PASS,,
route_C_MFCV_example_state18_M23_14_24,PASS,,
route_C_MFCV_example_state18_M23_14_25,PASS,,
route_C_MFCV_example_state18_M23_14_26,PASS,,
route_C_MFCV_example_state18_M23_14_27,PASS,,
route_C_MFCV_example_state18_M23_14_28,PASS,,
route_C_MFCV_example_state18_M23_14_29,PASS,,
route_C_MFCV_example_state18_M23_14_30,PASS,,
route_C_MFCV_example_state18_M23_14_31,PASS,,
route_C_MFCV_example_state18_M23_14_32,PASS,,
route_C_MFCV_example_state18_M23_14_33,PASS,,
route_C_MFCV_example_state18_M23_18_1,PASS,,
route_C_MFCV_example_state18_M23_18_2,PASS,,
route_C_MFCV_example_state18_M23_18_3,PASS,,
route_C_MFCV_example_state18_M23_18_4,PASS,,
route_C_MFCV_example_state18_M23_18_5,PASS,,
route_C_MFCV_example_state18_M23_18_6,PASS,,
route_C_MFCV_example_state18_M23_18_7,PASS,,
route_C_MFCV_example_state18_M23_18_8,PASS,,
route_C_MFCV_example_state18_M23_18_9,PASS,,
route_C_MFCV_example_state18_M23_18_10,PASS,,
route_C_MFCV_example_state18_M23_18_11,PASS,,
route_C_MFCV_example_state18_M23_18_12,PASS,,
route_C_MFCV_example_state18_M23_18_13,PASS,,
route_C_MFCV_example_state18_M23_18_14,PASS,,
route_C_MFCV_example_state18_M23_18_15,PASS,,
route_C_MFCV_example_state18_M23_18_16,PASS,,
route_C_MFCV_example_state18_M23_18_17,PASS,,
route_C_MFCV_example_state18_M23_18_18,PASS,,
route_C_MFCV_example_state18_M23_18_19,PASS,,
route_C_MFCV_example_state18_M23_18_20,PASS,,
route_C_MFCV_example_state18_M23_18_21,PASS,,
route_C_MFCV_example_state18_M23_18_22,PASS,,
route_C_MFCV_example_state18_M23_18_23,PASS,,
route_C_MFCV_example_state18_M23_18_24,PASS,,
route_C_MFCV_example_state18_M23_18_25,PASS,,
route_C_MFCV_example_state18_M23_18_26,PASS,,
route_C_MFCV_example_state18_M23_18_27,PASS,,
route_C_MFCV_example_state18_M23_18_28,PASS,,
route_C_MFCV_example_state18_M23_18_29,PASS,,
route_C_MFCV_example_state18_M23_18_30,PASS,,
route_C_MFCV_example_state18_M23_18_31,PASS,,
route_C_MFCV_example_state18_M23_18_32,PASS,,
route_C_MFCV_example_state18_M23_18_33,PASS,,
route_C_MFCV_example_state18_M23_31_1,PASS,,
route_C_MFCV_example_state18_M23_31_2,PASS,,
route_C_MFCV_example_state18_M23_31_3,PASS,,
route_C_MFCV_example_state18_M23_31_4,PASS,,
route_C_MFCV_example_state18_M23_31_5,PASS,,
route_C_MFCV_example_state18_M23_31_6,PASS,,
route_C_MFCV_example_state18_M23_31_7,PASS,,
route_C_MFCV_example_state18_M23_31_8,PASS,,
route_C_MFCV_example_state18_M23_31_9,PASS,,
route_C_MFCV_example_state18_M23_31_10,PASS,,
route_C_MFCV_example_state18_M23_31_11,PASS,,
route_C_MFCV_example_state18_M23_31_12,PASS,,
route_C_MFCV_example_state18_M23_31_13,PASS,,
route_C_MFCV_example_state18_M23_31_14,PASS,,
route_C_MFCV_example_state18_M23_31_15,PASS,,
route_C_MFCV_example_state18_M23_31_16,PASS,,
route_C_MFCV_example_state18_M23_31_17,PASS,,
route_C_MFCV_example_state18_M23_31_18,PASS,,
route_C_MFCV_example_state18_M23_31_19,PASS,,
route_C_MFCV_example_state18_M23_31_20,PASS,,
route_C_MFCV_example_state18_M23_31_21,PASS,,
route_C_MFCV_example_state18_M23_31_22,PASS,,
route_C_MFCV_example_state18_M23_31_23,PASS,,
route_C_MFCV_example_state18_M23_31_24,PASS,,
route_C_MFCV_example_state18_M23_31_25,PASS,,
route_C_MFCV_example_state18_M23_31_26,PASS,,
route_C_MFCV_example_state18_M23_31_27,PASS,,
route_C_MFCV_example_state18_M23_31_28,PASS,,
route_C_MFCV_example_state18_M23_31_29,PASS,,
route_C_MFCV_example_state18_M23_31_30,PASS,,
route_C_MFCV_example_state18_M23_31_31,PASS,,
route_C_MFCV_example_state18_M23_31_32,PASS,,
route_C_MFCV_example_state18_M23_31_33,PASS,,
B2_reach_C_MFCV_example_state18_W1,PASS,,
B2_C_C_MFCV_example_state18_W1,PASS,0.0,1e-10
formal_source_C_MFCV_example_state18_W1,PASS,,
edge_time_C_MFCV_example_state18_W1,PASS,,
route_C_MFCV_example_state18_W1_24_1,PASS,,
route_C_MFCV_example_state18_W1_24_2,PASS,,
route_C_MFCV_example_state18_W1_24_3,PASS,,
route_C_MFCV_example_state18_W1_24_4,PASS,,
route_C_MFCV_example_state18_W1_24_5,PASS,,
route_C_MFCV_example_state18_W1_24_6,PASS,,
route_C_MFCV_example_state18_W1_24_7,PASS,,
route_C_MFCV_example_state18_W1_24_8,PASS,,
route_C_MFCV_example_state18_W1_24_9,PASS,,
route_C_MFCV_example_state18_W1_24_10,PASS,,
route_C_MFCV_example_state18_W1_24_11,PASS,,
route_C_MFCV_example_state18_W1_24_12,PASS,,
route_C_MFCV_example_state18_W1_24_13,PASS,,
route_C_MFCV_example_state18_W1_24_14,PASS,,
route_C_MFCV_example_state18_W1_24_15,PASS,,
route_C_MFCV_example_state18_W1_24_16,PASS,,
route_C_MFCV_example_state18_W1_24_17,PASS,,
route_C_MFCV_example_state18_W1_24_18,PASS,,
route_C_MFCV_example_state18_W1_24_19,PASS,,
route_C_MFCV_example_state18_W1_24_20,PASS,,
route_C_MFCV_example_state18_W1_24_21,PASS,,
route_C_MFCV_example_state18_W1_24_22,PASS,,
route_C_MFCV_example_state18_W1_24_23,PASS,,
route_C_MFCV_example_state18_W1_24_24,PASS,,
route_C_MFCV_example_state18_W1_24_25,PASS,,
route_C_MFCV_example_state18_W1_24_26,PASS,,
route_C_MFCV_example_state18_W1_24_27,PASS,,
route_C_MFCV_example_state18_W1_24_28,PASS,,
route_C_MFCV_example_state18_W1_24_29,PASS,,
route_C_MFCV_example_state18_W1_24_30,PASS,,
route_C_MFCV_example_state18_W1_24_31,PASS,,
route_C_MFCV_example_state18_W1_24_32,PASS,,
route_C_MFCV_example_state18_W1_24_33,PASS,,
route_C_MFCV_example_state18_W1_14_1,PASS,,
route_C_MFCV_example_state18_W1_14_2,PASS,,
route_C_MFCV_example_state18_W1_14_3,PASS,,
route_C_MFCV_example_state18_W1_14_4,PASS,,
route_C_MFCV_example_state18_W1_14_5,PASS,,
route_C_MFCV_example_state18_W1_14_6,PASS,,
route_C_MFCV_example_state18_W1_14_7,PASS,,
route_C_MFCV_example_state18_W1_14_8,PASS,,
route_C_MFCV_example_state18_W1_14_9,PASS,,
route_C_MFCV_example_state18_W1_14_10,PASS,,
route_C_MFCV_example_state18_W1_14_11,PASS,,
route_C_MFCV_example_state18_W1_14_12,PASS,,
route_C_MFCV_example_state18_W1_14_13,PASS,,
route_C_MFCV_example_state18_W1_14_14,PASS,,
route_C_MFCV_example_state18_W1_14_15,PASS,,
route_C_MFCV_example_state18_W1_14_16,PASS,,
route_C_MFCV_example_state18_W1_14_17,PASS,,
route_C_MFCV_example_state18_W1_14_18,PASS,,
route_C_MFCV_example_state18_W1_14_19,PASS,,
route_C_MFCV_example_state18_W1_14_20,PASS,,
route_C_MFCV_example_state18_W1_14_21,PASS,,
route_C_MFCV_example_state18_W1_14_22,PASS,,
route_C_MFCV_example_state18_W1_14_23,PASS,,
route_C_MFCV_example_state18_W1_14_24,PASS,,
route_C_MFCV_example_state18_W1_14_25,PASS,,
route_C_MFCV_example_state18_W1_14_26,PASS,,
route_C_MFCV_example_state18_W1_14_27,PASS,,
route_C_MFCV_example_state18_W1_14_28,PASS,,
route_C_MFCV_example_state18_W1_14_29,PASS,,
route_C_MFCV_example_state18_W1_14_30,PASS,,
route_C_MFCV_example_state18_W1_14_31,PASS,,
route_C_MFCV_example_state18_W1_14_32,PASS,,
route_C_MFCV_example_state18_W1_14_33,PASS,,
route_C_MFCV_example_state18_W1_18_1,PASS,,
route_C_MFCV_example_state18_W1_18_2,PASS,,
route_C_MFCV_example_state18_W1_18_3,PASS,,
route_C_MFCV_example_state18_W1_18_4,PASS,,
route_C_MFCV_example_state18_W1_18_5,PASS,,
route_C_MFCV_example_state18_W1_18_6,PASS,,
route_C_MFCV_example_state18_W1_18_7,PASS,,
route_C_MFCV_example_state18_W1_18_8,PASS,,
route_C_MFCV_example_state18_W1_18_9,PASS,,
route_C_MFCV_example_state18_W1_18_10,PASS,,
route_C_MFCV_example_state18_W1_18_11,PASS,,
route_C_MFCV_example_state18_W1_18_12,PASS,,
route_C_MFCV_example_state18_W1_18_13,PASS,,
route_C_MFCV_example_state18_W1_18_14,PASS,,
route_C_MFCV_example_state18_W1_18_15,PASS,,
route_C_MFCV_example_state18_W1_18_16,PASS,,
route_C_MFCV_example_state18_W1_18_17,PASS,,
route_C_MFCV_example_state18_W1_18_18,PASS,,
route_C_MFCV_example_state18_W1_18_19,PASS,,
route_C_MFCV_example_state18_W1_18_20,PASS,,
route_C_MFCV_example_state18_W1_18_21,PASS,,
route_C_MFCV_example_state18_W1_18_22,PASS,,
route_C_MFCV_example_state18_W1_18_23,PASS,,
route_C_MFCV_example_state18_W1_18_24,PASS,,
route_C_MFCV_example_state18_W1_18_25,PASS,,
route_C_MFCV_example_state18_W1_18_26,PASS,,
route_C_MFCV_example_state18_W1_18_27,PASS,,
route_C_MFCV_example_state18_W1_18_28,PASS,,
route_C_MFCV_example_state18_W1_18_29,PASS,,
route_C_MFCV_example_state18_W1_18_30,PASS,,
route_C_MFCV_example_state18_W1_18_31,PASS,,
route_C_MFCV_example_state18_W1_18_32,PASS,,
route_C_MFCV_example_state18_W1_18_33,PASS,,
route_C_MFCV_example_state18_W1_31_1,PASS,,
route_C_MFCV_example_state18_W1_31_2,PASS,,
route_C_MFCV_example_state18_W1_31_3,PASS,,
route_C_MFCV_example_state18_W1_31_4,PASS,,
route_C_MFCV_example_state18_W1_31_5,PASS,,
route_C_MFCV_example_state18_W1_31_6,PASS,,
route_C_MFCV_example_state18_W1_31_7,PASS,,
route_C_MFCV_example_state18_W1_31_8,PASS,,
route_C_MFCV_example_state18_W1_31_9,PASS,,
route_C_MFCV_example_state18_W1_31_10,PASS,,
route_C_MFCV_example_state18_W1_31_11,PASS,,
route_C_MFCV_example_state18_W1_31_12,PASS,,
route_C_MFCV_example_state18_W1_31_13,PASS,,
route_C_MFCV_example_state18_W1_31_14,PASS,,
route_C_MFCV_example_state18_W1_31_15,PASS,,
route_C_MFCV_example_state18_W1_31_16,PASS,,
route_C_MFCV_example_state18_W1_31_17,PASS,,
route_C_MFCV_example_state18_W1_31_18,PASS,,
route_C_MFCV_example_state18_W1_31_19,PASS,,
route_C_MFCV_example_state18_W1_31_20,PASS,,
route_C_MFCV_example_state18_W1_31_21,PASS,,
route_C_MFCV_example_state18_W1_31_22,PASS,,
route_C_MFCV_example_state18_W1_31_23,PASS,,
route_C_MFCV_example_state18_W1_31_24,PASS,,
route_C_MFCV_example_state18_W1_31_25,PASS,,
route_C_MFCV_example_state18_W1_31_26,PASS,,
route_C_MFCV_example_state18_W1_31_27,PASS,,
route_C_MFCV_example_state18_W1_31_28,PASS,,
route_C_MFCV_example_state18_W1_31_29,PASS,,
route_C_MFCV_example_state18_W1_31_30,PASS,,
route_C_MFCV_example_state18_W1_31_31,PASS,,
route_C_MFCV_example_state18_W1_31_32,PASS,,
route_C_MFCV_example_state18_W1_31_33,PASS,,
B2_reach_C_MFCV_example_state18_W2,PASS,,
B2_C_C_MFCV_example_state18_W2,PASS,0.0,1e-10
formal_source_C_MFCV_example_state18_W2,PASS,,
edge_time_C_MFCV_example_state18_W2,PASS,,
route_C_MFCV_example_state18_W2_24_1,PASS,,
route_C_MFCV_example_state18_W2_24_2,PASS,,
route_C_MFCV_example_state18_W2_24_3,PASS,,
route_C_MFCV_example_state18_W2_24_4,PASS,,
route_C_MFCV_example_state18_W2_24_5,PASS,,
route_C_MFCV_example_state18_W2_24_6,PASS,,
route_C_MFCV_example_state18_W2_24_7,PASS,,
route_C_MFCV_example_state18_W2_24_8,PASS,,
route_C_MFCV_example_state18_W2_24_9,PASS,,
route_C_MFCV_example_state18_W2_24_10,PASS,,
route_C_MFCV_example_state18_W2_24_11,PASS,,
route_C_MFCV_example_state18_W2_24_12,PASS,,
route_C_MFCV_example_state18_W2_24_13,PASS,,
route_C_MFCV_example_state18_W2_24_14,PASS,,
route_C_MFCV_example_state18_W2_24_15,PASS,,
route_C_MFCV_example_state18_W2_24_16,PASS,,
route_C_MFCV_example_state18_W2_24_17,PASS,,
route_C_MFCV_example_state18_W2_24_18,PASS,,
route_C_MFCV_example_state18_W2_24_19,PASS,,
route_C_MFCV_example_state18_W2_24_20,PASS,,
route_C_MFCV_example_state18_W2_24_21,PASS,,
route_C_MFCV_example_state18_W2_24_22,PASS,,
route_C_MFCV_example_state18_W2_24_23,PASS,,
route_C_MFCV_example_state18_W2_24_24,PASS,,
route_C_MFCV_example_state18_W2_24_25,PASS,,
route_C_MFCV_example_state18_W2_24_26,PASS,,
route_C_MFCV_example_state18_W2_24_27,PASS,,
route_C_MFCV_example_state18_W2_24_28,PASS,,
route_C_MFCV_example_state18_W2_24_29,PASS,,
route_C_MFCV_example_state18_W2_24_30,PASS,,
route_C_MFCV_example_state18_W2_24_31,PASS,,
route_C_MFCV_example_state18_W2_24_32,PASS,,
route_C_MFCV_example_state18_W2_24_33,PASS,,
route_C_MFCV_example_state18_W2_14_1,PASS,,
route_C_MFCV_example_state18_W2_14_2,PASS,,
route_C_MFCV_example_state18_W2_14_3,PASS,,
route_C_MFCV_example_state18_W2_14_4,PASS,,
route_C_MFCV_example_state18_W2_14_5,PASS,,
route_C_MFCV_example_state18_W2_14_6,PASS,,
route_C_MFCV_example_state18_W2_14_7,PASS,,
route_C_MFCV_example_state18_W2_14_8,PASS,,
route_C_MFCV_example_state18_W2_14_9,PASS,,
route_C_MFCV_example_state18_W2_14_10,PASS,,
route_C_MFCV_example_state18_W2_14_11,PASS,,
route_C_MFCV_example_state18_W2_14_12,PASS,,
route_C_MFCV_example_state18_W2_14_13,PASS,,
route_C_MFCV_example_state18_W2_14_14,PASS,,
route_C_MFCV_example_state18_W2_14_15,PASS,,
route_C_MFCV_example_state18_W2_14_16,PASS,,
route_C_MFCV_example_state18_W2_14_17,PASS,,
route_C_MFCV_example_state18_W2_14_18,PASS,,
route_C_MFCV_example_state18_W2_14_19,PASS,,
route_C_MFCV_example_state18_W2_14_20,PASS,,
route_C_MFCV_example_state18_W2_14_21,PASS,,
route_C_MFCV_example_state18_W2_14_22,PASS,,
route_C_MFCV_example_state18_W2_14_23,PASS,,
route_C_MFCV_example_state18_W2_14_24,PASS,,
route_C_MFCV_example_state18_W2_14_25,PASS,,
route_C_MFCV_example_state18_W2_14_26,PASS,,
route_C_MFCV_example_state18_W2_14_27,PASS,,
route_C_MFCV_example_state18_W2_14_28,PASS,,
route_C_MFCV_example_state18_W2_14_29,PASS,,
route_C_MFCV_example_state18_W2_14_30,PASS,,
route_C_MFCV_example_state18_W2_14_31,PASS,,
route_C_MFCV_example_state18_W2_14_32,PASS,,
route_C_MFCV_example_state18_W2_14_33,PASS,,
route_C_MFCV_example_state18_W2_18_1,PASS,,
route_C_MFCV_example_state18_W2_18_2,PASS,,
route_C_MFCV_example_state18_W2_18_3,PASS,,
route_C_MFCV_example_state18_W2_18_4,PASS,,
route_C_MFCV_example_state18_W2_18_5,PASS,,
route_C_MFCV_example_state18_W2_18_6,PASS,,
route_C_MFCV_example_state18_W2_18_7,PASS,,
route_C_MFCV_example_state18_W2_18_8,PASS,,
route_C_MFCV_example_state18_W2_18_9,PASS,,
route_C_MFCV_example_state18_W2_18_10,PASS,,
route_C_MFCV_example_state18_W2_18_11,PASS,,
route_C_MFCV_example_state18_W2_18_12,PASS,,
route_C_MFCV_example_state18_W2_18_13,PASS,,
route_C_MFCV_example_state18_W2_18_14,PASS,,
route_C_MFCV_example_state18_W2_18_15,PASS,,
route_C_MFCV_example_state18_W2_18_16,PASS,,
route_C_MFCV_example_state18_W2_18_17,PASS,,
route_C_MFCV_example_state18_W2_18_18,PASS,,
route_C_MFCV_example_state18_W2_18_19,PASS,,
route_C_MFCV_example_state18_W2_18_20,PASS,,
route_C_MFCV_example_state18_W2_18_21,PASS,,
route_C_MFCV_example_state18_W2_18_22,PASS,,
route_C_MFCV_example_state18_W2_18_23,PASS,,
route_C_MFCV_example_state18_W2_18_24,PASS,,
route_C_MFCV_example_state18_W2_18_25,PASS,,
route_C_MFCV_example_state18_W2_18_26,PASS,,
route_C_MFCV_example_state18_W2_18_27,PASS,,
route_C_MFCV_example_state18_W2_18_28,PASS,,
route_C_MFCV_example_state18_W2_18_29,PASS,,
route_C_MFCV_example_state18_W2_18_30,PASS,,
route_C_MFCV_example_state18_W2_18_31,PASS,,
route_C_MFCV_example_state18_W2_18_32,PASS,,
route_C_MFCV_example_state18_W2_18_33,PASS,,
route_C_MFCV_example_state18_W2_31_1,PASS,,
route_C_MFCV_example_state18_W2_31_2,PASS,,
route_C_MFCV_example_state18_W2_31_3,PASS,,
route_C_MFCV_example_state18_W2_31_4,PASS,,
route_C_MFCV_example_state18_W2_31_5,PASS,,
route_C_MFCV_example_state18_W2_31_6,PASS,,
route_C_MFCV_example_state18_W2_31_7,PASS,,
route_C_MFCV_example_state18_W2_31_8,PASS,,
route_C_MFCV_example_state18_W2_31_9,PASS,,
route_C_MFCV_example_state18_W2_31_10,PASS,,
route_C_MFCV_example_state18_W2_31_11,PASS,,
route_C_MFCV_example_state18_W2_31_12,PASS,,
route_C_MFCV_example_state18_W2_31_13,PASS,,
route_C_MFCV_example_state18_W2_31_14,PASS,,
route_C_MFCV_example_state18_W2_31_15,PASS,,
route_C_MFCV_example_state18_W2_31_16,PASS,,
route_C_MFCV_example_state18_W2_31_17,PASS,,
route_C_MFCV_example_state18_W2_31_18,PASS,,
route_C_MFCV_example_state18_W2_31_19,PASS,,
route_C_MFCV_example_state18_W2_31_20,PASS,,
route_C_MFCV_example_state18_W2_31_21,PASS,,
route_C_MFCV_example_state18_W2_31_22,PASS,,
route_C_MFCV_example_state18_W2_31_23,PASS,,
route_C_MFCV_example_state18_W2_31_24,PASS,,
route_C_MFCV_example_state18_W2_31_25,PASS,,
route_C_MFCV_example_state18_W2_31_26,PASS,,
route_C_MFCV_example_state18_W2_31_27,PASS,,
route_C_MFCV_example_state18_W2_31_28,PASS,,
route_C_MFCV_example_state18_W2_31_29,PASS,,
route_C_MFCV_example_state18_W2_31_30,PASS,,
route_C_MFCV_example_state18_W2_31_31,PASS,,
route_C_MFCV_example_state18_W2_31_32,PASS,,
route_C_MFCV_example_state18_W2_31_33,PASS,,
B2_reach_C_MFCV_example_state18_W3,PASS,,
B2_C_C_MFCV_example_state18_W3,PASS,0.0,1e-10
formal_source_C_MFCV_example_state18_W3,PASS,,
edge_time_C_MFCV_example_state18_W3,PASS,,
route_C_MFCV_example_state18_W3_24_1,PASS,,
route_C_MFCV_example_state18_W3_24_2,PASS,,
route_C_MFCV_example_state18_W3_24_3,PASS,,
route_C_MFCV_example_state18_W3_24_4,PASS,,
route_C_MFCV_example_state18_W3_24_5,PASS,,
route_C_MFCV_example_state18_W3_24_6,PASS,,
route_C_MFCV_example_state18_W3_24_7,PASS,,
route_C_MFCV_example_state18_W3_24_8,PASS,,
route_C_MFCV_example_state18_W3_24_9,PASS,,
route_C_MFCV_example_state18_W3_24_10,PASS,,
route_C_MFCV_example_state18_W3_24_11,PASS,,
route_C_MFCV_example_state18_W3_24_12,PASS,,
route_C_MFCV_example_state18_W3_24_13,PASS,,
route_C_MFCV_example_state18_W3_24_14,PASS,,
route_C_MFCV_example_state18_W3_24_15,PASS,,
route_C_MFCV_example_state18_W3_24_16,PASS,,
route_C_MFCV_example_state18_W3_24_17,PASS,,
route_C_MFCV_example_state18_W3_24_18,PASS,,
route_C_MFCV_example_state18_W3_24_19,PASS,,
route_C_MFCV_example_state18_W3_24_20,PASS,,
route_C_MFCV_example_state18_W3_24_21,PASS,,
route_C_MFCV_example_state18_W3_24_22,PASS,,
route_C_MFCV_example_state18_W3_24_23,PASS,,
route_C_MFCV_example_state18_W3_24_24,PASS,,
route_C_MFCV_example_state18_W3_24_25,PASS,,
route_C_MFCV_example_state18_W3_24_26,PASS,,
route_C_MFCV_example_state18_W3_24_27,PASS,,
route_C_MFCV_example_state18_W3_24_28,PASS,,
route_C_MFCV_example_state18_W3_24_29,PASS,,
route_C_MFCV_example_state18_W3_24_30,PASS,,
route_C_MFCV_example_state18_W3_24_31,PASS,,
route_C_MFCV_example_state18_W3_24_32,PASS,,
route_C_MFCV_example_state18_W3_24_33,PASS,,
route_C_MFCV_example_state18_W3_14_1,PASS,,
route_C_MFCV_example_state18_W3_14_2,PASS,,
route_C_MFCV_example_state18_W3_14_3,PASS,,
route_C_MFCV_example_state18_W3_14_4,PASS,,
route_C_MFCV_example_state18_W3_14_5,PASS,,
route_C_MFCV_example_state18_W3_14_6,PASS,,
route_C_MFCV_example_state18_W3_14_7,PASS,,
route_C_MFCV_example_state18_W3_14_8,PASS,,
route_C_MFCV_example_state18_W3_14_9,PASS,,
route_C_MFCV_example_state18_W3_14_10,PASS,,
route_C_MFCV_example_state18_W3_14_11,PASS,,
route_C_MFCV_example_state18_W3_14_12,PASS,,
route_C_MFCV_example_state18_W3_14_13,PASS,,
route_C_MFCV_example_state18_W3_14_14,PASS,,
route_C_MFCV_example_state18_W3_14_15,PASS,,
route_C_MFCV_example_state18_W3_14_16,PASS,,
route_C_MFCV_example_state18_W3_14_17,PASS,,
route_C_MFCV_example_state18_W3_14_18,PASS,,
route_C_MFCV_example_state18_W3_14_19,PASS,,
route_C_MFCV_example_state18_W3_14_20,PASS,,
route_C_MFCV_example_state18_W3_14_21,PASS,,
route_C_MFCV_example_state18_W3_14_22,PASS,,
route_C_MFCV_example_state18_W3_14_23,PASS,,
route_C_MFCV_example_state18_W3_14_24,PASS,,
route_C_MFCV_example_state18_W3_14_25,PASS,,
route_C_MFCV_example_state18_W3_14_26,PASS,,
route_C_MFCV_example_state18_W3_14_27,PASS,,
route_C_MFCV_example_state18_W3_14_28,PASS,,
route_C_MFCV_example_state18_W3_14_29,PASS,,
route_C_MFCV_example_state18_W3_14_30,PASS,,
route_C_MFCV_example_state18_W3_14_31,PASS,,
route_C_MFCV_example_state18_W3_14_32,PASS,,
route_C_MFCV_example_state18_W3_14_33,PASS,,
route_C_MFCV_example_state18_W3_18_1,PASS,,
route_C_MFCV_example_state18_W3_18_2,PASS,,
route_C_MFCV_example_state18_W3_18_3,PASS,,
route_C_MFCV_example_state18_W3_18_4,PASS,,
route_C_MFCV_example_state18_W3_18_5,PASS,,
route_C_MFCV_example_state18_W3_18_6,PASS,,
route_C_MFCV_example_state18_W3_18_7,PASS,,
route_C_MFCV_example_state18_W3_18_8,PASS,,
route_C_MFCV_example_state18_W3_18_9,PASS,,
route_C_MFCV_example_state18_W3_18_10,PASS,,
route_C_MFCV_example_state18_W3_18_11,PASS,,
route_C_MFCV_example_state18_W3_18_12,PASS,,
route_C_MFCV_example_state18_W3_18_13,PASS,,
route_C_MFCV_example_state18_W3_18_14,PASS,,
route_C_MFCV_example_state18_W3_18_15,PASS,,
route_C_MFCV_example_state18_W3_18_16,PASS,,
route_C_MFCV_example_state18_W3_18_17,PASS,,
route_C_MFCV_example_state18_W3_18_18,PASS,,
route_C_MFCV_example_state18_W3_18_19,PASS,,
route_C_MFCV_example_state18_W3_18_20,PASS,,
route_C_MFCV_example_state18_W3_18_21,PASS,,
route_C_MFCV_example_state18_W3_18_22,PASS,,
route_C_MFCV_example_state18_W3_18_23,PASS,,
route_C_MFCV_example_state18_W3_18_24,PASS,,
route_C_MFCV_example_state18_W3_18_25,PASS,,
route_C_MFCV_example_state18_W3_18_26,PASS,,
route_C_MFCV_example_state18_W3_18_27,PASS,,
route_C_MFCV_example_state18_W3_18_28,PASS,,
route_C_MFCV_example_state18_W3_18_29,PASS,,
route_C_MFCV_example_state18_W3_18_30,PASS,,
route_C_MFCV_example_state18_W3_18_31,PASS,,
route_C_MFCV_example_state18_W3_18_32,PASS,,
route_C_MFCV_example_state18_W3_18_33,PASS,,
route_C_MFCV_example_state18_W3_31_1,PASS,,
route_C_MFCV_example_state18_W3_31_2,PASS,,
route_C_MFCV_example_state18_W3_31_3,PASS,,
route_C_MFCV_example_state18_W3_31_4,PASS,,
route_C_MFCV_example_state18_W3_31_5,PASS,,
route_C_MFCV_example_state18_W3_31_6,PASS,,
route_C_MFCV_example_state18_W3_31_7,PASS,,
route_C_MFCV_example_state18_W3_31_8,PASS,,
route_C_MFCV_example_state18_W3_31_9,PASS,,
route_C_MFCV_example_state18_W3_31_10,PASS,,
route_C_MFCV_example_state18_W3_31_11,PASS,,
route_C_MFCV_example_state18_W3_31_12,PASS,,
route_C_MFCV_example_state18_W3_31_13,PASS,,
route_C_MFCV_example_state18_W3_31_14,PASS,,
route_C_MFCV_example_state18_W3_31_15,PASS,,
route_C_MFCV_example_state18_W3_31_16,PASS,,
route_C_MFCV_example_state18_W3_31_17,PASS,,
route_C_MFCV_example_state18_W3_31_18,PASS,,
route_C_MFCV_example_state18_W3_31_19,PASS,,
route_C_MFCV_example_state18_W3_31_20,PASS,,
route_C_MFCV_example_state18_W3_31_21,PASS,,
route_C_MFCV_example_state18_W3_31_22,PASS,,
route_C_MFCV_example_state18_W3_31_23,PASS,,
route_C_MFCV_example_state18_W3_31_24,PASS,,
route_C_MFCV_example_state18_W3_31_25,PASS,,
route_C_MFCV_example_state18_W3_31_26,PASS,,
route_C_MFCV_example_state18_W3_31_27,PASS,,
route_C_MFCV_example_state18_W3_31_28,PASS,,
route_C_MFCV_example_state18_W3_31_29,PASS,,
route_C_MFCV_example_state18_W3_31_30,PASS,,
route_C_MFCV_example_state18_W3_31_31,PASS,,
route_C_MFCV_example_state18_W3_31_32,PASS,,
route_C_MFCV_example_state18_W3_31_33,PASS,,
B2_reach_C_MFCV_example_state35_M12,PASS,,
B2_C_C_MFCV_example_state35_M12,PASS,0.0,1e-10
formal_source_C_MFCV_example_state35_M12,PASS,,
edge_time_C_MFCV_example_state35_M12,PASS,,
route_C_MFCV_example_state35_M12_24_1,PASS,,
route_C_MFCV_example_state35_M12_24_2,PASS,,
route_C_MFCV_example_state35_M12_24_3,PASS,,
route_C_MFCV_example_state35_M12_24_4,PASS,,
route_C_MFCV_example_state35_M12_24_5,PASS,,
route_C_MFCV_example_state35_M12_24_6,PASS,,
route_C_MFCV_example_state35_M12_24_7,PASS,,
route_C_MFCV_example_state35_M12_24_8,PASS,,
route_C_MFCV_example_state35_M12_24_9,PASS,,
route_C_MFCV_example_state35_M12_24_10,PASS,,
route_C_MFCV_example_state35_M12_24_11,PASS,,
route_C_MFCV_example_state35_M12_24_12,PASS,,
route_C_MFCV_example_state35_M12_24_13,PASS,,
route_C_MFCV_example_state35_M12_24_14,PASS,,
route_C_MFCV_example_state35_M12_24_15,PASS,,
route_C_MFCV_example_state35_M12_24_16,PASS,,
route_C_MFCV_example_state35_M12_24_17,PASS,,
route_C_MFCV_example_state35_M12_24_18,PASS,,
route_C_MFCV_example_state35_M12_24_19,PASS,,
route_C_MFCV_example_state35_M12_24_20,PASS,,
route_C_MFCV_example_state35_M12_24_21,PASS,,
route_C_MFCV_example_state35_M12_24_22,PASS,,
route_C_MFCV_example_state35_M12_24_23,PASS,,
route_C_MFCV_example_state35_M12_24_24,PASS,,
route_C_MFCV_example_state35_M12_24_25,PASS,,
route_C_MFCV_example_state35_M12_24_26,PASS,,
route_C_MFCV_example_state35_M12_24_27,PASS,,
route_C_MFCV_example_state35_M12_24_28,PASS,,
route_C_MFCV_example_state35_M12_24_29,PASS,,
route_C_MFCV_example_state35_M12_24_30,PASS,,
route_C_MFCV_example_state35_M12_24_31,PASS,,
route_C_MFCV_example_state35_M12_24_32,PASS,,
route_C_MFCV_example_state35_M12_24_33,PASS,,
route_C_MFCV_example_state35_M12_14_1,PASS,,
route_C_MFCV_example_state35_M12_14_2,PASS,,
route_C_MFCV_example_state35_M12_14_3,PASS,,
route_C_MFCV_example_state35_M12_14_4,PASS,,
route_C_MFCV_example_state35_M12_14_5,PASS,,
route_C_MFCV_example_state35_M12_14_6,PASS,,
route_C_MFCV_example_state35_M12_14_7,PASS,,
route_C_MFCV_example_state35_M12_14_8,PASS,,
route_C_MFCV_example_state35_M12_14_9,PASS,,
route_C_MFCV_example_state35_M12_14_10,PASS,,
route_C_MFCV_example_state35_M12_14_11,PASS,,
route_C_MFCV_example_state35_M12_14_12,PASS,,
route_C_MFCV_example_state35_M12_14_13,PASS,,
route_C_MFCV_example_state35_M12_14_14,PASS,,
route_C_MFCV_example_state35_M12_14_15,PASS,,
route_C_MFCV_example_state35_M12_14_16,PASS,,
route_C_MFCV_example_state35_M12_14_17,PASS,,
route_C_MFCV_example_state35_M12_14_18,PASS,,
route_C_MFCV_example_state35_M12_14_19,PASS,,
route_C_MFCV_example_state35_M12_14_20,PASS,,
route_C_MFCV_example_state35_M12_14_21,PASS,,
route_C_MFCV_example_state35_M12_14_22,PASS,,
route_C_MFCV_example_state35_M12_14_23,PASS,,
route_C_MFCV_example_state35_M12_14_24,PASS,,
route_C_MFCV_example_state35_M12_14_25,PASS,,
route_C_MFCV_example_state35_M12_14_26,PASS,,
route_C_MFCV_example_state35_M12_14_27,PASS,,
route_C_MFCV_example_state35_M12_14_28,PASS,,
route_C_MFCV_example_state35_M12_14_29,PASS,,
route_C_MFCV_example_state35_M12_14_30,PASS,,
route_C_MFCV_example_state35_M12_14_31,PASS,,
route_C_MFCV_example_state35_M12_14_32,PASS,,
route_C_MFCV_example_state35_M12_14_33,PASS,,
route_C_MFCV_example_state35_M12_18_1,PASS,,
route_C_MFCV_example_state35_M12_18_2,PASS,,
route_C_MFCV_example_state35_M12_18_3,PASS,,
route_C_MFCV_example_state35_M12_18_4,PASS,,
route_C_MFCV_example_state35_M12_18_5,PASS,,
route_C_MFCV_example_state35_M12_18_6,PASS,,
route_C_MFCV_example_state35_M12_18_7,PASS,,
route_C_MFCV_example_state35_M12_18_8,PASS,,
route_C_MFCV_example_state35_M12_18_9,PASS,,
route_C_MFCV_example_state35_M12_18_10,PASS,,
route_C_MFCV_example_state35_M12_18_11,PASS,,
route_C_MFCV_example_state35_M12_18_12,PASS,,
route_C_MFCV_example_state35_M12_18_13,PASS,,
route_C_MFCV_example_state35_M12_18_14,PASS,,
route_C_MFCV_example_state35_M12_18_15,PASS,,
route_C_MFCV_example_state35_M12_18_16,PASS,,
route_C_MFCV_example_state35_M12_18_17,PASS,,
route_C_MFCV_example_state35_M12_18_18,PASS,,
route_C_MFCV_example_state35_M12_18_19,PASS,,
route_C_MFCV_example_state35_M12_18_20,PASS,,
route_C_MFCV_example_state35_M12_18_21,PASS,,
route_C_MFCV_example_state35_M12_18_22,PASS,,
route_C_MFCV_example_state35_M12_18_23,PASS,,
route_C_MFCV_example_state35_M12_18_24,PASS,,
route_C_MFCV_example_state35_M12_18_25,PASS,,
route_C_MFCV_example_state35_M12_18_26,PASS,,
route_C_MFCV_example_state35_M12_18_27,PASS,,
route_C_MFCV_example_state35_M12_18_28,PASS,,
route_C_MFCV_example_state35_M12_18_29,PASS,,
route_C_MFCV_example_state35_M12_18_30,PASS,,
route_C_MFCV_example_state35_M12_18_31,PASS,,
route_C_MFCV_example_state35_M12_18_32,PASS,,
route_C_MFCV_example_state35_M12_18_33,PASS,,
route_C_MFCV_example_state35_M12_31_1,PASS,,
route_C_MFCV_example_state35_M12_31_2,PASS,,
route_C_MFCV_example_state35_M12_31_3,PASS,,
route_C_MFCV_example_state35_M12_31_4,PASS,,
route_C_MFCV_example_state35_M12_31_5,PASS,,
route_C_MFCV_example_state35_M12_31_6,PASS,,
route_C_MFCV_example_state35_M12_31_7,PASS,,
route_C_MFCV_example_state35_M12_31_8,PASS,,
route_C_MFCV_example_state35_M12_31_9,PASS,,
route_C_MFCV_example_state35_M12_31_10,PASS,,
route_C_MFCV_example_state35_M12_31_11,PASS,,
route_C_MFCV_example_state35_M12_31_12,PASS,,
route_C_MFCV_example_state35_M12_31_13,PASS,,
route_C_MFCV_example_state35_M12_31_14,PASS,,
route_C_MFCV_example_state35_M12_31_15,PASS,,
route_C_MFCV_example_state35_M12_31_16,PASS,,
route_C_MFCV_example_state35_M12_31_17,PASS,,
route_C_MFCV_example_state35_M12_31_18,PASS,,
route_C_MFCV_example_state35_M12_31_19,PASS,,
route_C_MFCV_example_state35_M12_31_20,PASS,,
route_C_MFCV_example_state35_M12_31_21,PASS,,
route_C_MFCV_example_state35_M12_31_22,PASS,,
route_C_MFCV_example_state35_M12_31_23,PASS,,
route_C_MFCV_example_state35_M12_31_24,PASS,,
route_C_MFCV_example_state35_M12_31_25,PASS,,
route_C_MFCV_example_state35_M12_31_26,PASS,,
route_C_MFCV_example_state35_M12_31_27,PASS,,
route_C_MFCV_example_state35_M12_31_28,PASS,,
route_C_MFCV_example_state35_M12_31_29,PASS,,
route_C_MFCV_example_state35_M12_31_30,PASS,,
route_C_MFCV_example_state35_M12_31_31,PASS,,
route_C_MFCV_example_state35_M12_31_32,PASS,,
route_C_MFCV_example_state35_M12_31_33,PASS,,
B2_reach_C_MFCV_example_state35_M23,PASS,,
B2_C_C_MFCV_example_state35_M23,PASS,0.0,1e-10
formal_source_C_MFCV_example_state35_M23,PASS,,
edge_time_C_MFCV_example_state35_M23,PASS,,
route_C_MFCV_example_state35_M23_24_1,PASS,,
route_C_MFCV_example_state35_M23_24_2,PASS,,
route_C_MFCV_example_state35_M23_24_3,PASS,,
route_C_MFCV_example_state35_M23_24_4,PASS,,
route_C_MFCV_example_state35_M23_24_5,PASS,,
route_C_MFCV_example_state35_M23_24_6,PASS,,
route_C_MFCV_example_state35_M23_24_7,PASS,,
route_C_MFCV_example_state35_M23_24_8,PASS,,
route_C_MFCV_example_state35_M23_24_9,PASS,,
route_C_MFCV_example_state35_M23_24_10,PASS,,
route_C_MFCV_example_state35_M23_24_11,PASS,,
route_C_MFCV_example_state35_M23_24_12,PASS,,
route_C_MFCV_example_state35_M23_24_13,PASS,,
route_C_MFCV_example_state35_M23_24_14,PASS,,
route_C_MFCV_example_state35_M23_24_15,PASS,,
route_C_MFCV_example_state35_M23_24_16,PASS,,
route_C_MFCV_example_state35_M23_24_17,PASS,,
route_C_MFCV_example_state35_M23_24_18,PASS,,
route_C_MFCV_example_state35_M23_24_19,PASS,,
route_C_MFCV_example_state35_M23_24_20,PASS,,
route_C_MFCV_example_state35_M23_24_21,PASS,,
route_C_MFCV_example_state35_M23_24_22,PASS,,
route_C_MFCV_example_state35_M23_24_23,PASS,,
route_C_MFCV_example_state35_M23_24_24,PASS,,
route_C_MFCV_example_state35_M23_24_25,PASS,,
route_C_MFCV_example_state35_M23_24_26,PASS,,
route_C_MFCV_example_state35_M23_24_27,PASS,,
route_C_MFCV_example_state35_M23_24_28,PASS,,
route_C_MFCV_example_state35_M23_24_29,PASS,,
route_C_MFCV_example_state35_M23_24_30,PASS,,
route_C_MFCV_example_state35_M23_24_31,PASS,,
route_C_MFCV_example_state35_M23_24_32,PASS,,
route_C_MFCV_example_state35_M23_24_33,PASS,,
route_C_MFCV_example_state35_M23_14_1,PASS,,
route_C_MFCV_example_state35_M23_14_2,PASS,,
route_C_MFCV_example_state35_M23_14_3,PASS,,
route_C_MFCV_example_state35_M23_14_4,PASS,,
route_C_MFCV_example_state35_M23_14_5,PASS,,
route_C_MFCV_example_state35_M23_14_6,PASS,,
route_C_MFCV_example_state35_M23_14_7,PASS,,
route_C_MFCV_example_state35_M23_14_8,PASS,,
route_C_MFCV_example_state35_M23_14_9,PASS,,
route_C_MFCV_example_state35_M23_14_10,PASS,,
route_C_MFCV_example_state35_M23_14_11,PASS,,
route_C_MFCV_example_state35_M23_14_12,PASS,,
route_C_MFCV_example_state35_M23_14_13,PASS,,
route_C_MFCV_example_state35_M23_14_14,PASS,,
route_C_MFCV_example_state35_M23_14_15,PASS,,
route_C_MFCV_example_state35_M23_14_16,PASS,,
route_C_MFCV_example_state35_M23_14_17,PASS,,
route_C_MFCV_example_state35_M23_14_18,PASS,,
route_C_MFCV_example_state35_M23_14_19,PASS,,
route_C_MFCV_example_state35_M23_14_20,PASS,,
route_C_MFCV_example_state35_M23_14_21,PASS,,
route_C_MFCV_example_state35_M23_14_22,PASS,,
route_C_MFCV_example_state35_M23_14_23,PASS,,
route_C_MFCV_example_state35_M23_14_24,PASS,,
route_C_MFCV_example_state35_M23_14_25,PASS,,
route_C_MFCV_example_state35_M23_14_26,PASS,,
route_C_MFCV_example_state35_M23_14_27,PASS,,
route_C_MFCV_example_state35_M23_14_28,PASS,,
route_C_MFCV_example_state35_M23_14_29,PASS,,
route_C_MFCV_example_state35_M23_14_30,PASS,,
route_C_MFCV_example_state35_M23_14_31,PASS,,
route_C_MFCV_example_state35_M23_14_32,PASS,,
route_C_MFCV_example_state35_M23_14_33,PASS,,
route_C_MFCV_example_state35_M23_18_1,PASS,,
route_C_MFCV_example_state35_M23_18_2,PASS,,
route_C_MFCV_example_state35_M23_18_3,PASS,,
route_C_MFCV_example_state35_M23_18_4,PASS,,
route_C_MFCV_example_state35_M23_18_5,PASS,,
route_C_MFCV_example_state35_M23_18_6,PASS,,
route_C_MFCV_example_state35_M23_18_7,PASS,,
route_C_MFCV_example_state35_M23_18_8,PASS,,
route_C_MFCV_example_state35_M23_18_9,PASS,,
route_C_MFCV_example_state35_M23_18_10,PASS,,
route_C_MFCV_example_state35_M23_18_11,PASS,,
route_C_MFCV_example_state35_M23_18_12,PASS,,
route_C_MFCV_example_state35_M23_18_13,PASS,,
route_C_MFCV_example_state35_M23_18_14,PASS,,
route_C_MFCV_example_state35_M23_18_15,PASS,,
route_C_MFCV_example_state35_M23_18_16,PASS,,
route_C_MFCV_example_state35_M23_18_17,PASS,,
route_C_MFCV_example_state35_M23_18_18,PASS,,
route_C_MFCV_example_state35_M23_18_19,PASS,,
route_C_MFCV_example_state35_M23_18_20,PASS,,
route_C_MFCV_example_state35_M23_18_21,PASS,,
route_C_MFCV_example_state35_M23_18_22,PASS,,
route_C_MFCV_example_state35_M23_18_23,PASS,,
route_C_MFCV_example_state35_M23_18_24,PASS,,
route_C_MFCV_example_state35_M23_18_25,PASS,,
route_C_MFCV_example_state35_M23_18_26,PASS,,
route_C_MFCV_example_state35_M23_18_27,PASS,,
route_C_MFCV_example_state35_M23_18_28,PASS,,
route_C_MFCV_example_state35_M23_18_29,PASS,,
route_C_MFCV_example_state35_M23_18_30,PASS,,
route_C_MFCV_example_state35_M23_18_31,PASS,,
route_C_MFCV_example_state35_M23_18_32,PASS,,
route_C_MFCV_example_state35_M23_18_33,PASS,,
route_C_MFCV_example_state35_M23_31_1,PASS,,
route_C_MFCV_example_state35_M23_31_2,PASS,,
route_C_MFCV_example_state35_M23_31_3,PASS,,
route_C_MFCV_example_state35_M23_31_4,PASS,,
route_C_MFCV_example_state35_M23_31_5,PASS,,
route_C_MFCV_example_state35_M23_31_6,PASS,,
route_C_MFCV_example_state35_M23_31_7,PASS,,
route_C_MFCV_example_state35_M23_31_8,PASS,,
route_C_MFCV_example_state35_M23_31_9,PASS,,
route_C_MFCV_example_state35_M23_31_10,PASS,,
route_C_MFCV_example_state35_M23_31_11,PASS,,
route_C_MFCV_example_state35_M23_31_12,PASS,,
route_C_MFCV_example_state35_M23_31_13,PASS,,
route_C_MFCV_example_state35_M23_31_14,PASS,,
route_C_MFCV_example_state35_M23_31_15,PASS,,
route_C_MFCV_example_state35_M23_31_16,PASS,,
route_C_MFCV_example_state35_M23_31_17,PASS,,
route_C_MFCV_example_state35_M23_31_18,PASS,,
route_C_MFCV_example_state35_M23_31_19,PASS,,
route_C_MFCV_example_state35_M23_31_20,PASS,,
route_C_MFCV_example_state35_M23_31_21,PASS,,
route_C_MFCV_example_state35_M23_31_22,PASS,,
route_C_MFCV_example_state35_M23_31_23,PASS,,
route_C_MFCV_example_state35_M23_31_24,PASS,,
route_C_MFCV_example_state35_M23_31_25,PASS,,
route_C_MFCV_example_state35_M23_31_26,PASS,,
route_C_MFCV_example_state35_M23_31_27,PASS,,
route_C_MFCV_example_state35_M23_31_28,PASS,,
route_C_MFCV_example_state35_M23_31_29,PASS,,
route_C_MFCV_example_state35_M23_31_30,PASS,,
route_C_MFCV_example_state35_M23_31_31,PASS,,
route_C_MFCV_example_state35_M23_31_32,PASS,,
route_C_MFCV_example_state35_M23_31_33,PASS,,
B2_reach_C_MFCV_example_state35_W1,PASS,,
B2_C_C_MFCV_example_state35_W1,PASS,0.0,1e-10
formal_source_C_MFCV_example_state35_W1,PASS,,
edge_time_C_MFCV_example_state35_W1,PASS,,
route_C_MFCV_example_state35_W1_24_1,PASS,,
route_C_MFCV_example_state35_W1_24_2,PASS,,
route_C_MFCV_example_state35_W1_24_3,PASS,,
route_C_MFCV_example_state35_W1_24_4,PASS,,
route_C_MFCV_example_state35_W1_24_5,PASS,,
route_C_MFCV_example_state35_W1_24_6,PASS,,
route_C_MFCV_example_state35_W1_24_7,PASS,,
route_C_MFCV_example_state35_W1_24_8,PASS,,
route_C_MFCV_example_state35_W1_24_9,PASS,,
route_C_MFCV_example_state35_W1_24_10,PASS,,
route_C_MFCV_example_state35_W1_24_11,PASS,,
route_C_MFCV_example_state35_W1_24_12,PASS,,
route_C_MFCV_example_state35_W1_24_13,PASS,,
route_C_MFCV_example_state35_W1_24_14,PASS,,
route_C_MFCV_example_state35_W1_24_15,PASS,,
route_C_MFCV_example_state35_W1_24_16,PASS,,
route_C_MFCV_example_state35_W1_24_17,PASS,,
route_C_MFCV_example_state35_W1_24_18,PASS,,
route_C_MFCV_example_state35_W1_24_19,PASS,,
route_C_MFCV_example_state35_W1_24_20,PASS,,
route_C_MFCV_example_state35_W1_24_21,PASS,,
route_C_MFCV_example_state35_W1_24_22,PASS,,
route_C_MFCV_example_state35_W1_24_23,PASS,,
route_C_MFCV_example_state35_W1_24_24,PASS,,
route_C_MFCV_example_state35_W1_24_25,PASS,,
route_C_MFCV_example_state35_W1_24_26,PASS,,
route_C_MFCV_example_state35_W1_24_27,PASS,,
route_C_MFCV_example_state35_W1_24_28,PASS,,
route_C_MFCV_example_state35_W1_24_29,PASS,,
route_C_MFCV_example_state35_W1_24_30,PASS,,
route_C_MFCV_example_state35_W1_24_31,PASS,,
route_C_MFCV_example_state35_W1_24_32,PASS,,
route_C_MFCV_example_state35_W1_24_33,PASS,,
route_C_MFCV_example_state35_W1_14_1,PASS,,
route_C_MFCV_example_state35_W1_14_2,PASS,,
route_C_MFCV_example_state35_W1_14_3,PASS,,
route_C_MFCV_example_state35_W1_14_4,PASS,,
route_C_MFCV_example_state35_W1_14_5,PASS,,
route_C_MFCV_example_state35_W1_14_6,PASS,,
route_C_MFCV_example_state35_W1_14_7,PASS,,
route_C_MFCV_example_state35_W1_14_8,PASS,,
route_C_MFCV_example_state35_W1_14_9,PASS,,
route_C_MFCV_example_state35_W1_14_10,PASS,,
route_C_MFCV_example_state35_W1_14_11,PASS,,
route_C_MFCV_example_state35_W1_14_12,PASS,,
route_C_MFCV_example_state35_W1_14_13,PASS,,
route_C_MFCV_example_state35_W1_14_14,PASS,,
route_C_MFCV_example_state35_W1_14_15,PASS,,
route_C_MFCV_example_state35_W1_14_16,PASS,,
route_C_MFCV_example_state35_W1_14_17,PASS,,
route_C_MFCV_example_state35_W1_14_18,PASS,,
route_C_MFCV_example_state35_W1_14_19,PASS,,
route_C_MFCV_example_state35_W1_14_20,PASS,,
route_C_MFCV_example_state35_W1_14_21,PASS,,
route_C_MFCV_example_state35_W1_14_22,PASS,,
route_C_MFCV_example_state35_W1_14_23,PASS,,
route_C_MFCV_example_state35_W1_14_24,PASS,,
route_C_MFCV_example_state35_W1_14_25,PASS,,
route_C_MFCV_example_state35_W1_14_26,PASS,,
route_C_MFCV_example_state35_W1_14_27,PASS,,
route_C_MFCV_example_state35_W1_14_28,PASS,,
route_C_MFCV_example_state35_W1_14_29,PASS,,
route_C_MFCV_example_state35_W1_14_30,PASS,,
route_C_MFCV_example_state35_W1_14_31,PASS,,
route_C_MFCV_example_state35_W1_14_32,PASS,,
route_C_MFCV_example_state35_W1_14_33,PASS,,
route_C_MFCV_example_state35_W1_18_1,PASS,,
route_C_MFCV_example_state35_W1_18_2,PASS,,
route_C_MFCV_example_state35_W1_18_3,PASS,,
route_C_MFCV_example_state35_W1_18_4,PASS,,
route_C_MFCV_example_state35_W1_18_5,PASS,,
route_C_MFCV_example_state35_W1_18_6,PASS,,
route_C_MFCV_example_state35_W1_18_7,PASS,,
route_C_MFCV_example_state35_W1_18_8,PASS,,
route_C_MFCV_example_state35_W1_18_9,PASS,,
route_C_MFCV_example_state35_W1_18_10,PASS,,
route_C_MFCV_example_state35_W1_18_11,PASS,,
route_C_MFCV_example_state35_W1_18_12,PASS,,
route_C_MFCV_example_state35_W1_18_13,PASS,,
route_C_MFCV_example_state35_W1_18_14,PASS,,
route_C_MFCV_example_state35_W1_18_15,PASS,,
route_C_MFCV_example_state35_W1_18_16,PASS,,
route_C_MFCV_example_state35_W1_18_17,PASS,,
route_C_MFCV_example_state35_W1_18_18,PASS,,
route_C_MFCV_example_state35_W1_18_19,PASS,,
route_C_MFCV_example_state35_W1_18_20,PASS,,
route_C_MFCV_example_state35_W1_18_21,PASS,,
route_C_MFCV_example_state35_W1_18_22,PASS,,
route_C_MFCV_example_state35_W1_18_23,PASS,,
route_C_MFCV_example_state35_W1_18_24,PASS,,
route_C_MFCV_example_state35_W1_18_25,PASS,,
route_C_MFCV_example_state35_W1_18_26,PASS,,
route_C_MFCV_example_state35_W1_18_27,PASS,,
route_C_MFCV_example_state35_W1_18_28,PASS,,
route_C_MFCV_example_state35_W1_18_29,PASS,,
route_C_MFCV_example_state35_W1_18_30,PASS,,
route_C_MFCV_example_state35_W1_18_31,PASS,,
route_C_MFCV_example_state35_W1_18_32,PASS,,
route_C_MFCV_example_state35_W1_18_33,PASS,,
route_C_MFCV_example_state35_W1_31_1,PASS,,
route_C_MFCV_example_state35_W1_31_2,PASS,,
route_C_MFCV_example_state35_W1_31_3,PASS,,
route_C_MFCV_example_state35_W1_31_4,PASS,,
route_C_MFCV_example_state35_W1_31_5,PASS,,
route_C_MFCV_example_state35_W1_31_6,PASS,,
route_C_MFCV_example_state35_W1_31_7,PASS,,
route_C_MFCV_example_state35_W1_31_8,PASS,,
route_C_MFCV_example_state35_W1_31_9,PASS,,
route_C_MFCV_example_state35_W1_31_10,PASS,,
route_C_MFCV_example_state35_W1_31_11,PASS,,
route_C_MFCV_example_state35_W1_31_12,PASS,,
route_C_MFCV_example_state35_W1_31_13,PASS,,
route_C_MFCV_example_state35_W1_31_14,PASS,,
route_C_MFCV_example_state35_W1_31_15,PASS,,
route_C_MFCV_example_state35_W1_31_16,PASS,,
route_C_MFCV_example_state35_W1_31_17,PASS,,
route_C_MFCV_example_state35_W1_31_18,PASS,,
route_C_MFCV_example_state35_W1_31_19,PASS,,
route_C_MFCV_example_state35_W1_31_20,PASS,,
route_C_MFCV_example_state35_W1_31_21,PASS,,
route_C_MFCV_example_state35_W1_31_22,PASS,,
route_C_MFCV_example_state35_W1_31_23,PASS,,
route_C_MFCV_example_state35_W1_31_24,PASS,,
route_C_MFCV_example_state35_W1_31_25,PASS,,
route_C_MFCV_example_state35_W1_31_26,PASS,,
route_C_MFCV_example_state35_W1_31_27,PASS,,
route_C_MFCV_example_state35_W1_31_28,PASS,,
route_C_MFCV_example_state35_W1_31_29,PASS,,
route_C_MFCV_example_state35_W1_31_30,PASS,,
route_C_MFCV_example_state35_W1_31_31,PASS,,
route_C_MFCV_example_state35_W1_31_32,PASS,,
route_C_MFCV_example_state35_W1_31_33,PASS,,
B2_reach_C_MFCV_example_state35_W2,PASS,,
B2_C_C_MFCV_example_state35_W2,PASS,0.0,1e-10
formal_source_C_MFCV_example_state35_W2,PASS,,
edge_time_C_MFCV_example_state35_W2,PASS,,
route_C_MFCV_example_state35_W2_24_1,PASS,,
route_C_MFCV_example_state35_W2_24_2,PASS,,
route_C_MFCV_example_state35_W2_24_3,PASS,,
route_C_MFCV_example_state35_W2_24_4,PASS,,
route_C_MFCV_example_state35_W2_24_5,PASS,,
route_C_MFCV_example_state35_W2_24_6,PASS,,
route_C_MFCV_example_state35_W2_24_7,PASS,,
route_C_MFCV_example_state35_W2_24_8,PASS,,
route_C_MFCV_example_state35_W2_24_9,PASS,,
route_C_MFCV_example_state35_W2_24_10,PASS,,
route_C_MFCV_example_state35_W2_24_11,PASS,,
route_C_MFCV_example_state35_W2_24_12,PASS,,
route_C_MFCV_example_state35_W2_24_13,PASS,,
route_C_MFCV_example_state35_W2_24_14,PASS,,
route_C_MFCV_example_state35_W2_24_15,PASS,,
route_C_MFCV_example_state35_W2_24_16,PASS,,
route_C_MFCV_example_state35_W2_24_17,PASS,,
route_C_MFCV_example_state35_W2_24_18,PASS,,
route_C_MFCV_example_state35_W2_24_19,PASS,,
route_C_MFCV_example_state35_W2_24_20,PASS,,
route_C_MFCV_example_state35_W2_24_21,PASS,,
route_C_MFCV_example_state35_W2_24_22,PASS,,
route_C_MFCV_example_state35_W2_24_23,PASS,,
route_C_MFCV_example_state35_W2_24_24,PASS,,
route_C_MFCV_example_state35_W2_24_25,PASS,,
route_C_MFCV_example_state35_W2_24_26,PASS,,
route_C_MFCV_example_state35_W2_24_27,PASS,,
route_C_MFCV_example_state35_W2_24_28,PASS,,
route_C_MFCV_example_state35_W2_24_29,PASS,,
route_C_MFCV_example_state35_W2_24_30,PASS,,
route_C_MFCV_example_state35_W2_24_31,PASS,,
route_C_MFCV_example_state35_W2_24_32,PASS,,
route_C_MFCV_example_state35_W2_24_33,PASS,,
route_C_MFCV_example_state35_W2_14_1,PASS,,
route_C_MFCV_example_state35_W2_14_2,PASS,,
route_C_MFCV_example_state35_W2_14_3,PASS,,
route_C_MFCV_example_state35_W2_14_4,PASS,,
route_C_MFCV_example_state35_W2_14_5,PASS,,
route_C_MFCV_example_state35_W2_14_6,PASS,,
route_C_MFCV_example_state35_W2_14_7,PASS,,
route_C_MFCV_example_state35_W2_14_8,PASS,,
route_C_MFCV_example_state35_W2_14_9,PASS,,
route_C_MFCV_example_state35_W2_14_10,PASS,,
route_C_MFCV_example_state35_W2_14_11,PASS,,
route_C_MFCV_example_state35_W2_14_12,PASS,,
route_C_MFCV_example_state35_W2_14_13,PASS,,
route_C_MFCV_example_state35_W2_14_14,PASS,,
route_C_MFCV_example_state35_W2_14_15,PASS,,
route_C_MFCV_example_state35_W2_14_16,PASS,,
route_C_MFCV_example_state35_W2_14_17,PASS,,
route_C_MFCV_example_state35_W2_14_18,PASS,,
route_C_MFCV_example_state35_W2_14_19,PASS,,
route_C_MFCV_example_state35_W2_14_20,PASS,,
route_C_MFCV_example_state35_W2_14_21,PASS,,
route_C_MFCV_example_state35_W2_14_22,PASS,,
route_C_MFCV_example_state35_W2_14_23,PASS,,
route_C_MFCV_example_state35_W2_14_24,PASS,,
route_C_MFCV_example_state35_W2_14_25,PASS,,
route_C_MFCV_example_state35_W2_14_26,PASS,,
route_C_MFCV_example_state35_W2_14_27,PASS,,
route_C_MFCV_example_state35_W2_14_28,PASS,,
route_C_MFCV_example_state35_W2_14_29,PASS,,
route_C_MFCV_example_state35_W2_14_30,PASS,,
route_C_MFCV_example_state35_W2_14_31,PASS,,
route_C_MFCV_example_state35_W2_14_32,PASS,,
route_C_MFCV_example_state35_W2_14_33,PASS,,
route_C_MFCV_example_state35_W2_18_1,PASS,,
route_C_MFCV_example_state35_W2_18_2,PASS,,
route_C_MFCV_example_state35_W2_18_3,PASS,,
route_C_MFCV_example_state35_W2_18_4,PASS,,
route_C_MFCV_example_state35_W2_18_5,PASS,,
route_C_MFCV_example_state35_W2_18_6,PASS,,
route_C_MFCV_example_state35_W2_18_7,PASS,,
route_C_MFCV_example_state35_W2_18_8,PASS,,
route_C_MFCV_example_state35_W2_18_9,PASS,,
route_C_MFCV_example_state35_W2_18_10,PASS,,
route_C_MFCV_example_state35_W2_18_11,PASS,,
route_C_MFCV_example_state35_W2_18_12,PASS,,
route_C_MFCV_example_state35_W2_18_13,PASS,,
route_C_MFCV_example_state35_W2_18_14,PASS,,
route_C_MFCV_example_state35_W2_18_15,PASS,,
route_C_MFCV_example_state35_W2_18_16,PASS,,
route_C_MFCV_example_state35_W2_18_17,PASS,,
route_C_MFCV_example_state35_W2_18_18,PASS,,
route_C_MFCV_example_state35_W2_18_19,PASS,,
route_C_MFCV_example_state35_W2_18_20,PASS,,
route_C_MFCV_example_state35_W2_18_21,PASS,,
route_C_MFCV_example_state35_W2_18_22,PASS,,
route_C_MFCV_example_state35_W2_18_23,PASS,,
route_C_MFCV_example_state35_W2_18_24,PASS,,
route_C_MFCV_example_state35_W2_18_25,PASS,,
route_C_MFCV_example_state35_W2_18_26,PASS,,
route_C_MFCV_example_state35_W2_18_27,PASS,,
route_C_MFCV_example_state35_W2_18_28,PASS,,
route_C_MFCV_example_state35_W2_18_29,PASS,,
route_C_MFCV_example_state35_W2_18_30,PASS,,
route_C_MFCV_example_state35_W2_18_31,PASS,,
route_C_MFCV_example_state35_W2_18_32,PASS,,
route_C_MFCV_example_state35_W2_18_33,PASS,,
route_C_MFCV_example_state35_W2_31_1,PASS,,
route_C_MFCV_example_state35_W2_31_2,PASS,,
route_C_MFCV_example_state35_W2_31_3,PASS,,
route_C_MFCV_example_state35_W2_31_4,PASS,,
route_C_MFCV_example_state35_W2_31_5,PASS,,
route_C_MFCV_example_state35_W2_31_6,PASS,,
route_C_MFCV_example_state35_W2_31_7,PASS,,
route_C_MFCV_example_state35_W2_31_8,PASS,,
route_C_MFCV_example_state35_W2_31_9,PASS,,
route_C_MFCV_example_state35_W2_31_10,PASS,,
route_C_MFCV_example_state35_W2_31_11,PASS,,
route_C_MFCV_example_state35_W2_31_12,PASS,,
route_C_MFCV_example_state35_W2_31_13,PASS,,
route_C_MFCV_example_state35_W2_31_14,PASS,,
route_C_MFCV_example_state35_W2_31_15,PASS,,
route_C_MFCV_example_state35_W2_31_16,PASS,,
route_C_MFCV_example_state35_W2_31_17,PASS,,
route_C_MFCV_example_state35_W2_31_18,PASS,,
route_C_MFCV_example_state35_W2_31_19,PASS,,
route_C_MFCV_example_state35_W2_31_20,PASS,,
route_C_MFCV_example_state35_W2_31_21,PASS,,
route_C_MFCV_example_state35_W2_31_22,PASS,,
route_C_MFCV_example_state35_W2_31_23,PASS,,
route_C_MFCV_example_state35_W2_31_24,PASS,,
route_C_MFCV_example_state35_W2_31_25,PASS,,
route_C_MFCV_example_state35_W2_31_26,PASS,,
route_C_MFCV_example_state35_W2_31_27,PASS,,
route_C_MFCV_example_state35_W2_31_28,PASS,,
route_C_MFCV_example_state35_W2_31_29,PASS,,
route_C_MFCV_example_state35_W2_31_30,PASS,,
route_C_MFCV_example_state35_W2_31_31,PASS,,
route_C_MFCV_example_state35_W2_31_32,PASS,,
route_C_MFCV_example_state35_W2_31_33,PASS,,
B2_reach_C_MFCV_example_state35_W3,PASS,,
B2_C_C_MFCV_example_state35_W3,PASS,0.0,1e-10
formal_source_C_MFCV_example_state35_W3,PASS,,
edge_time_C_MFCV_example_state35_W3,PASS,,
route_C_MFCV_example_state35_W3_24_1,PASS,,
route_C_MFCV_example_state35_W3_24_2,PASS,,
route_C_MFCV_example_state35_W3_24_3,PASS,,
route_C_MFCV_example_state35_W3_24_4,PASS,,
route_C_MFCV_example_state35_W3_24_5,PASS,,
route_C_MFCV_example_state35_W3_24_6,PASS,,
route_C_MFCV_example_state35_W3_24_7,PASS,,
route_C_MFCV_example_state35_W3_24_8,PASS,,
route_C_MFCV_example_state35_W3_24_9,PASS,,
route_C_MFCV_example_state35_W3_24_10,PASS,,
route_C_MFCV_example_state35_W3_24_11,PASS,,
route_C_MFCV_example_state35_W3_24_12,PASS,,
route_C_MFCV_example_state35_W3_24_13,PASS,,
route_C_MFCV_example_state35_W3_24_14,PASS,,
route_C_MFCV_example_state35_W3_24_15,PASS,,
route_C_MFCV_example_state35_W3_24_16,PASS,,
route_C_MFCV_example_state35_W3_24_17,PASS,,
route_C_MFCV_example_state35_W3_24_18,PASS,,
route_C_MFCV_example_state35_W3_24_19,PASS,,
route_C_MFCV_example_state35_W3_24_20,PASS,,
route_C_MFCV_example_state35_W3_24_21,PASS,,
route_C_MFCV_example_state35_W3_24_22,PASS,,
route_C_MFCV_example_state35_W3_24_23,PASS,,
route_C_MFCV_example_state35_W3_24_24,PASS,,
route_C_MFCV_example_state35_W3_24_25,PASS,,
route_C_MFCV_example_state35_W3_24_26,PASS,,
route_C_MFCV_example_state35_W3_24_27,PASS,,
route_C_MFCV_example_state35_W3_24_28,PASS,,
route_C_MFCV_example_state35_W3_24_29,PASS,,
route_C_MFCV_example_state35_W3_24_30,PASS,,
route_C_MFCV_example_state35_W3_24_31,PASS,,
route_C_MFCV_example_state35_W3_24_32,PASS,,
route_C_MFCV_example_state35_W3_24_33,PASS,,
route_C_MFCV_example_state35_W3_14_1,PASS,,
route_C_MFCV_example_state35_W3_14_2,PASS,,
route_C_MFCV_example_state35_W3_14_3,PASS,,
route_C_MFCV_example_state35_W3_14_4,PASS,,
route_C_MFCV_example_state35_W3_14_5,PASS,,
route_C_MFCV_example_state35_W3_14_6,PASS,,
route_C_MFCV_example_state35_W3_14_7,PASS,,
route_C_MFCV_example_state35_W3_14_8,PASS,,
route_C_MFCV_example_state35_W3_14_9,PASS,,
route_C_MFCV_example_state35_W3_14_10,PASS,,
route_C_MFCV_example_state35_W3_14_11,PASS,,
route_C_MFCV_example_state35_W3_14_12,PASS,,
route_C_MFCV_example_state35_W3_14_13,PASS,,
route_C_MFCV_example_state35_W3_14_14,PASS,,
route_C_MFCV_example_state35_W3_14_15,PASS,,
route_C_MFCV_example_state35_W3_14_16,PASS,,
route_C_MFCV_example_state35_W3_14_17,PASS,,
route_C_MFCV_example_state35_W3_14_18,PASS,,
route_C_MFCV_example_state35_W3_14_19,PASS,,
route_C_MFCV_example_state35_W3_14_20,PASS,,
route_C_MFCV_example_state35_W3_14_21,PASS,,
route_C_MFCV_example_state35_W3_14_22,PASS,,
route_C_MFCV_example_state35_W3_14_23,PASS,,
route_C_MFCV_example_state35_W3_14_24,PASS,,
route_C_MFCV_example_state35_W3_14_25,PASS,,
route_C_MFCV_example_state35_W3_14_26,PASS,,
route_C_MFCV_example_state35_W3_14_27,PASS,,
route_C_MFCV_example_state35_W3_14_28,PASS,,
route_C_MFCV_example_state35_W3_14_29,PASS,,
route_C_MFCV_example_state35_W3_14_30,PASS,,
route_C_MFCV_example_state35_W3_14_31,PASS,,
route_C_MFCV_example_state35_W3_14_32,PASS,,
route_C_MFCV_example_state35_W3_14_33,PASS,,
route_C_MFCV_example_state35_W3_18_1,PASS,,
route_C_MFCV_example_state35_W3_18_2,PASS,,
route_C_MFCV_example_state35_W3_18_3,PASS,,
route_C_MFCV_example_state35_W3_18_4,PASS,,
route_C_MFCV_example_state35_W3_18_5,PASS,,
route_C_MFCV_example_state35_W3_18_6,PASS,,
route_C_MFCV_example_state35_W3_18_7,PASS,,
route_C_MFCV_example_state35_W3_18_8,PASS,,
route_C_MFCV_example_state35_W3_18_9,PASS,,
route_C_MFCV_example_state35_W3_18_10,PASS,,
route_C_MFCV_example_state35_W3_18_11,PASS,,
route_C_MFCV_example_state35_W3_18_12,PASS,,
route_C_MFCV_example_state35_W3_18_13,PASS,,
route_C_MFCV_example_state35_W3_18_14,PASS,,
route_C_MFCV_example_state35_W3_18_15,PASS,,
route_C_MFCV_example_state35_W3_18_16,PASS,,
route_C_MFCV_example_state35_W3_18_17,PASS,,
route_C_MFCV_example_state35_W3_18_18,PASS,,
route_C_MFCV_example_state35_W3_18_19,PASS,,
route_C_MFCV_example_state35_W3_18_20,PASS,,
route_C_MFCV_example_state35_W3_18_21,PASS,,
route_C_MFCV_example_state35_W3_18_22,PASS,,
route_C_MFCV_example_state35_W3_18_23,PASS,,
route_C_MFCV_example_state35_W3_18_24,PASS,,
route_C_MFCV_example_state35_W3_18_25,PASS,,
route_C_MFCV_example_state35_W3_18_26,PASS,,
route_C_MFCV_example_state35_W3_18_27,PASS,,
route_C_MFCV_example_state35_W3_18_28,PASS,,
route_C_MFCV_example_state35_W3_18_29,PASS,,
route_C_MFCV_example_state35_W3_18_30,PASS,,
route_C_MFCV_example_state35_W3_18_31,PASS,,
route_C_MFCV_example_state35_W3_18_32,PASS,,
route_C_MFCV_example_state35_W3_18_33,PASS,,
route_C_MFCV_example_state35_W3_31_1,PASS,,
route_C_MFCV_example_state35_W3_31_2,PASS,,
route_C_MFCV_example_state35_W3_31_3,PASS,,
route_C_MFCV_example_state35_W3_31_4,PASS,,
route_C_MFCV_example_state35_W3_31_5,PASS,,
route_C_MFCV_example_state35_W3_31_6,PASS,,
route_C_MFCV_example_state35_W3_31_7,PASS,,
route_C_MFCV_example_state35_W3_31_8,PASS,,
route_C_MFCV_example_state35_W3_31_9,PASS,,
route_C_MFCV_example_state35_W3_31_10,PASS,,
route_C_MFCV_example_state35_W3_31_11,PASS,,
route_C_MFCV_example_state35_W3_31_12,PASS,,
route_C_MFCV_example_state35_W3_31_13,PASS,,
route_C_MFCV_example_state35_W3_31_14,PASS,,
route_C_MFCV_example_state35_W3_31_15,PASS,,
route_C_MFCV_example_state35_W3_31_16,PASS,,
route_C_MFCV_example_state35_W3_31_17,PASS,,
route_C_MFCV_example_state35_W3_31_18,PASS,,
route_C_MFCV_example_state35_W3_31_19,PASS,,
route_C_MFCV_example_state35_W3_31_20,PASS,,
route_C_MFCV_example_state35_W3_31_21,PASS,,
route_C_MFCV_example_state35_W3_31_22,PASS,,
route_C_MFCV_example_state35_W3_31_23,PASS,,
route_C_MFCV_example_state35_W3_31_24,PASS,,
route_C_MFCV_example_state35_W3_31_25,PASS,,
route_C_MFCV_example_state35_W3_31_26,PASS,,
route_C_MFCV_example_state35_W3_31_27,PASS,,
route_C_MFCV_example_state35_W3_31_28,PASS,,
route_C_MFCV_example_state35_W3_31_29,PASS,,
route_C_MFCV_example_state35_W3_31_30,PASS,,
route_C_MFCV_example_state35_W3_31_31,PASS,,
route_C_MFCV_example_state35_W3_31_32,PASS,,
route_C_MFCV_example_state35_W3_31_33,PASS,,
B2_W0,PASS,,
actual_inventory_hash,PASS,,
CASE1_13min,PASS,12.999999999999998,13.0
CASE2_31min,PASS,,
CASE2_12plus1min,PASS,,
CASE2_progress_carry,PASS,,
CASE3_arrival,PASS,,
CASE3_next_state,PASS,,
CASE4_complete_current_closed_edge,PASS,,
CASE4_reroute,PASS,,
CASE5_unreachable,PASS,,
CASE5_reroute,PASS,,
CASE6_site1,PASS,,
CASE6_site2,PASS,,
CASE6_site3,PASS,,
CASE6_site4,PASS,,
CASE7_instant,PASS,,
CASE7_transfer,PASS,,
CASE8_atomic_reject,PASS,,
CASE9_energy,PASS,66.0,66.0
CASE9_hydrogen,PASS,3.6003600360036003,3.6003600360036
CASE9_no_moving_generation,PASS,,
CASE10_no_double_use,PASS,,
initial_shared_overallocation,PASS,,
initial_overcapacity,PASS,,
negative_inventory,PASS,,
nonfinite_action,PASS,,
moving_power_request,PASS,,
service_over_Pmax,PASS,,
fuel_exact_energy,PASS,,
offsite_reject,PASS,,
boundary_before_entry,PASS,,
horizon_preserves_transit,PASS,,
concurrent_service_energy,PASS,,
frozen_single_path_C_0,PASS,,
frozen_single_path_C_1,PASS,,
frozen_single_path_C_2,PASS,,
frozen_single_path_C_3,PASS,,
frozen_single_path_C_4,PASS,,
real_multiple_relocations,PASS,,
CASE-1_mass,PASS,,
CASE-1_contiguous_1,PASS,,
CASE-1_contiguous_2,PASS,,
CASE-1_contiguous_3,PASS,,
CASE-1_contiguous_4,PASS,,
CASE-1_contiguous_5,PASS,,
CASE-1_contiguous_6,PASS,,
CASE-1_split_2130,PASS,,
CASE-1_energy_2131,PASS,,
CASE-1_moving_2132,PASS,,
CASE-1_split_2133,PASS,,
CASE-1_energy_2134,PASS,,
CASE-1_split_2135,PASS,,
CASE-1_energy_2136,PASS,,
CASE-1_split_2137,PASS,,
CASE-1_energy_2138,PASS,,
CASE-1_split_2139,PASS,,
CASE-1_energy_2140,PASS,,
CASE-1_split_2141,PASS,,
CASE-1_energy_2142,PASS,,
CASE-1_split_2143,PASS,,
CASE-1_energy_2144,PASS,,
CASE-1_split_2145,PASS,,
CASE-1_energy_2146,PASS,,
CASE-1_split_2147,PASS,,
CASE-1_energy_2148,PASS,,
CASE-1_split_2149,PASS,,
CASE-1_energy_2150,PASS,,
CASE-1_split_2151,PASS,,
CASE-1_energy_2152,PASS,,
CASE-1_split_2153,PASS,,
CASE-1_energy_2154,PASS,,
CASE-1_open_entry_2155,PASS,,
CASE-2_mass,PASS,,
CASE-2_contiguous_1,PASS,,
CASE-2_contiguous_2,PASS,,
CASE-2_contiguous_3,PASS,,
CASE-2_contiguous_4,PASS,,
CASE-2_contiguous_5,PASS,,
CASE-2_contiguous_6,PASS,,
CASE-2_split_2163,PASS,,
CASE-2_energy_2164,PASS,,
CASE-2_split_2165,PASS,,
CASE-2_energy_2166,PASS,,
CASE-2_split_2167,PASS,,
CASE-2_energy_2168,PASS,,
CASE-2_split_2169,PASS,,
CASE-2_energy_2170,PASS,,
CASE-2_split_2171,PASS,,
CASE-2_energy_2172,PASS,,
CASE-2_split_2173,PASS,,
CASE-2_energy_2174,PASS,,
CASE-2_split_2175,PASS,,
CASE-2_energy_2176,PASS,,
CASE-2_moving_2177,PASS,,
CASE-2_split_2178,PASS,,
CASE-2_energy_2179,PASS,,
CASE-2_split_2180,PASS,,
CASE-2_energy_2181,PASS,,
CASE-2_split_2182,PASS,,
CASE-2_energy_2183,PASS,,
CASE-2_split_2184,PASS,,
CASE-2_energy_2185,PASS,,
CASE-2_split_2186,PASS,,
CASE-2_energy_2187,PASS,,
CASE-2_split_2188,PASS,,
CASE-2_energy_2189,PASS,,
CASE-2_moving_2190,PASS,,
CASE-2_split_2191,PASS,,
CASE-2_energy_2192,PASS,,
CASE-2_split_2193,PASS,,
CASE-2_energy_2194,PASS,,
CASE-2_split_2195,PASS,,
CASE-2_energy_2196,PASS,,
CASE-2_split_2197,PASS,,
CASE-2_energy_2198,PASS,,
CASE-2_split_2199,PASS,,
CASE-2_energy_2200,PASS,,
CASE-2_split_2201,PASS,,
CASE-2_energy_2202,PASS,,
CASE-2_split_2203,PASS,,
CASE-2_energy_2204,PASS,,
CASE-2_split_2205,PASS,,
CASE-2_energy_2206,PASS,,
CASE-2_split_2207,PASS,,
CASE-2_energy_2208,PASS,,
CASE-2_split_2209,PASS,,
CASE-2_energy_2210,PASS,,
CASE-2_split_2211,PASS,,
CASE-2_energy_2212,PASS,,
CASE-2_open_entry_2213,PASS,,
CASE-3_mass,PASS,,
CASE-3_contiguous_1,PASS,,
CASE-3_contiguous_2,PASS,,
CASE-3_contiguous_3,PASS,,
CASE-3_contiguous_4,PASS,,
CASE-3_contiguous_5,PASS,,
CASE-3_contiguous_6,PASS,,
CASE-3_split_2221,PASS,,
CASE-3_energy_2222,PASS,,
CASE-3_split_2223,PASS,,
CASE-3_energy_2224,PASS,,
CASE-3_split_2225,PASS,,
CASE-3_energy_2226,PASS,,
CASE-3_split_2227,PASS,,
CASE-3_energy_2228,PASS,,
CASE-3_split_2229,PASS,,
CASE-3_energy_2230,PASS,,
CASE-3_split_2231,PASS,,
CASE-3_energy_2232,PASS,,
CASE-3_split_2233,PASS,,
CASE-3_energy_2234,PASS,,
CASE-3_split_2235,PASS,,
CASE-3_energy_2236,PASS,,
CASE-3_split_2237,PASS,,
CASE-3_energy_2238,PASS,,
CASE-3_split_2239,PASS,,
CASE-3_energy_2240,PASS,,
CASE-3_split_2241,PASS,,
CASE-3_energy_2242,PASS,,
CASE-3_split_2243,PASS,,
CASE-3_energy_2244,PASS,,
CASE-3_split_2245,PASS,,
CASE-3_energy_2246,PASS,,
CASE-3_split_2247,PASS,,
CASE-3_energy_2248,PASS,,
CASE-3_split_2249,PASS,,
CASE-3_energy_2250,PASS,,
CASE-3_split_2251,PASS,,
CASE-3_energy_2252,PASS,,
CASE-3_split_2253,PASS,,
CASE-3_energy_2254,PASS,,
CASE-3_split_2255,PASS,,
CASE-3_energy_2256,PASS,,
CASE-3_split_2257,PASS,,
CASE-3_energy_2258,PASS,,
CASE-3_moving_2259,PASS,,
CASE-3_split_2260,PASS,,
CASE-3_energy_2261,PASS,,
CASE-3_split_2262,PASS,,
CASE-3_energy_2263,PASS,,
CASE-3_split_2264,PASS,,
CASE-3_energy_2265,PASS,,
CASE-3_split_2266,PASS,,
CASE-3_energy_2267,PASS,,
CASE-3_split_2268,PASS,,
CASE-3_energy_2269,PASS,,
CASE-3_split_2270,PASS,,
CASE-3_energy_2271,PASS,,
CASE-3_moving_2272,PASS,,
CASE-3_split_2273,PASS,,
CASE-3_energy_2274,PASS,,
CASE-3_split_2275,PASS,,
CASE-3_energy_2276,PASS,,
CASE-3_split_2277,PASS,,
CASE-3_energy_2278,PASS,,
CASE-3_split_2279,PASS,,
CASE-3_energy_2280,PASS,,
CASE-3_split_2281,PASS,,
CASE-3_energy_2282,PASS,,
CASE-3_split_2283,PASS,,
CASE-3_energy_2284,PASS,,
CASE-3_moving_2285,PASS,,
CASE-3_split_2286,PASS,,
CASE-3_energy_2287,PASS,,
CASE-3_split_2288,PASS,,
CASE-3_energy_2289,PASS,,
CASE-3_split_2290,PASS,,
CASE-3_energy_2291,PASS,,
CASE-3_split_2292,PASS,,
CASE-3_energy_2293,PASS,,
CASE-3_split_2294,PASS,,
CASE-3_energy_2295,PASS,,
CASE-3_split_2296,PASS,,
CASE-3_energy_2297,PASS,,
CASE-3_split_2298,PASS,,
CASE-3_energy_2299,PASS,,
CASE-3_split_2300,PASS,,
CASE-3_energy_2301,PASS,,
CASE-3_split_2302,PASS,,
CASE-3_energy_2303,PASS,,
CASE-3_split_2304,PASS,,
CASE-3_energy_2305,PASS,,
CASE-3_split_2306,PASS,,
CASE-3_energy_2307,PASS,,
CASE-3_open_entry_2308,PASS,,
CASE-3_open_entry_2309,PASS,,
CASE-4_mass,PASS,,
CASE-4_contiguous_1,PASS,,
CASE-4_contiguous_2,PASS,,
CASE-4_contiguous_3,PASS,,
CASE-4_contiguous_4,PASS,,
CASE-4_contiguous_5,PASS,,
CASE-4_contiguous_6,PASS,,
CASE-4_split_2317,PASS,,
CASE-4_energy_2318,PASS,,
CASE-4_split_2319,PASS,,
CASE-4_energy_2320,PASS,,
CASE-4_split_2321,PASS,,
CASE-4_energy_2322,PASS,,
CASE-4_split_2323,PASS,,
CASE-4_energy_2324,PASS,,
CASE-4_split_2325,PASS,,
CASE-4_energy_2326,PASS,,
CASE-4_split_2327,PASS,,
CASE-4_energy_2328,PASS,,
CASE-4_split_2329,PASS,,
CASE-4_energy_2330,PASS,,
CASE-4_split_2331,PASS,,
CASE-4_energy_2332,PASS,,
CASE-4_split_2333,PASS,,
CASE-4_energy_2334,PASS,,
CASE-4_split_2335,PASS,,
CASE-4_energy_2336,PASS,,
CASE-4_split_2337,PASS,,
CASE-4_energy_2338,PASS,,
CASE-4_split_2339,PASS,,
CASE-4_energy_2340,PASS,,
CASE-4_split_2341,PASS,,
CASE-4_energy_2342,PASS,,
CASE-4_split_2343,PASS,,
CASE-4_energy_2344,PASS,,
CASE-4_split_2345,PASS,,
CASE-4_energy_2346,PASS,,
CASE-4_split_2347,PASS,,
CASE-4_energy_2348,PASS,,
CASE-4_split_2349,PASS,,
CASE-4_energy_2350,PASS,,
CASE-4_split_2351,PASS,,
CASE-4_energy_2352,PASS,,
CASE-4_split_2353,PASS,,
CASE-4_energy_2354,PASS,,
CASE-4_moving_2355,PASS,,
CASE-4_split_2356,PASS,,
CASE-4_energy_2357,PASS,,
CASE-4_split_2358,PASS,,
CASE-4_energy_2359,PASS,,
CASE-4_split_2360,PASS,,
CASE-4_energy_2361,PASS,,
CASE-4_split_2362,PASS,,
CASE-4_energy_2363,PASS,,
CASE-4_split_2364,PASS,,
CASE-4_energy_2365,PASS,,
CASE-4_split_2366,PASS,,
CASE-4_energy_2367,PASS,,
CASE-4_moving_2368,PASS,,
CASE-4_split_2369,PASS,,
CASE-4_energy_2370,PASS,,
CASE-4_split_2371,PASS,,
CASE-4_energy_2372,PASS,,
CASE-4_split_2373,PASS,,
CASE-4_energy_2374,PASS,,
CASE-4_split_2375,PASS,,
CASE-4_energy_2376,PASS,,
CASE-4_split_2377,PASS,,
CASE-4_energy_2378,PASS,,
CASE-4_split_2379,PASS,,
CASE-4_energy_2380,PASS,,
CASE-4_moving_2381,PASS,,
CASE-4_split_2382,PASS,,
CASE-4_energy_2383,PASS,,
CASE-4_split_2384,PASS,,
CASE-4_energy_2385,PASS,,
CASE-4_split_2386,PASS,,
CASE-4_energy_2387,PASS,,
CASE-4_split_2388,PASS,,
CASE-4_energy_2389,PASS,,
CASE-4_split_2390,PASS,,
CASE-4_energy_2391,PASS,,
CASE-4_split_2392,PASS,,
CASE-4_energy_2393,PASS,,
CASE-4_moving_2394,PASS,,
CASE-4_split_2395,PASS,,
CASE-4_energy_2396,PASS,,
CASE-4_split_2397,PASS,,
CASE-4_energy_2398,PASS,,
CASE-4_split_2399,PASS,,
CASE-4_energy_2400,PASS,,
CASE-4_split_2401,PASS,,
CASE-4_energy_2402,PASS,,
CASE-4_split_2403,PASS,,
CASE-4_energy_2404,PASS,,
CASE-4_split_2405,PASS,,
CASE-4_energy_2406,PASS,,
CASE-4_split_2407,PASS,,
CASE-4_energy_2408,PASS,,
CASE-4_split_2409,PASS,,
CASE-4_energy_2410,PASS,,
CASE-4_split_2411,PASS,,
CASE-4_energy_2412,PASS,,
CASE-4_split_2413,PASS,,
CASE-4_energy_2414,PASS,,
CASE-4_split_2415,PASS,,
CASE-4_energy_2416,PASS,,
CASE-4_open_entry_2417,PASS,,
CASE-4_open_entry_2418,PASS,,
CASE-4_open_entry_2419,PASS,,
CASE-5-unreachable_mass,PASS,,
CASE-5-unreachable_contiguous_1,PASS,,
CASE-5-unreachable_contiguous_2,PASS,,
CASE-5-unreachable_contiguous_3,PASS,,
CASE-5-unreachable_contiguous_4,PASS,,
CASE-5-unreachable_contiguous_5,PASS,,
CASE-5-unreachable_contiguous_6,PASS,,
CASE-5-unreachable_split_2427,PASS,,
CASE-5-unreachable_energy_2428,PASS,,
CASE-5-unreachable_split_2429,PASS,,
CASE-5-unreachable_energy_2430,PASS,,
CASE-5-unreachable_split_2431,PASS,,
CASE-5-unreachable_energy_2432,PASS,,
CASE-5-unreachable_split_2433,PASS,,
CASE-5-unreachable_energy_2434,PASS,,
CASE-5-unreachable_split_2435,PASS,,
CASE-5-unreachable_energy_2436,PASS,,
CASE-5-unreachable_split_2437,PASS,,
CASE-5-unreachable_energy_2438,PASS,,
CASE-5-unreachable_split_2439,PASS,,
CASE-5-unreachable_energy_2440,PASS,,
CASE-5-unreachable_split_2441,PASS,,
CASE-5-unreachable_energy_2442,PASS,,
CASE-5-unreachable_split_2443,PASS,,
CASE-5-unreachable_energy_2444,PASS,,
CASE-5-unreachable_split_2445,PASS,,
CASE-5-unreachable_energy_2446,PASS,,
CASE-5-unreachable_split_2447,PASS,,
CASE-5-unreachable_energy_2448,PASS,,
CASE-5-unreachable_split_2449,PASS,,
CASE-5-unreachable_energy_2450,PASS,,
CASE-5-unreachable_split_2451,PASS,,
CASE-5-unreachable_energy_2452,PASS,,
CASE-5-unreachable_split_2453,PASS,,
CASE-5-unreachable_energy_2454,PASS,,
CASE-5-unreachable_split_2455,PASS,,
CASE-5-unreachable_energy_2456,PASS,,
CASE-5-unreachable_split_2457,PASS,,
CASE-5-unreachable_energy_2458,PASS,,
CASE-5-unreachable_split_2459,PASS,,
CASE-5-unreachable_energy_2460,PASS,,
CASE-5-unreachable_split_2461,PASS,,
CASE-5-unreachable_energy_2462,PASS,,
CASE-5-unreachable_split_2463,PASS,,
CASE-5-unreachable_energy_2464,PASS,,
CASE-5-unreachable_moving_2465,PASS,,
CASE-5-unreachable_split_2466,PASS,,
CASE-5-unreachable_energy_2467,PASS,,
CASE-5-unreachable_split_2468,PASS,,
CASE-5-unreachable_energy_2469,PASS,,
CASE-5-unreachable_split_2470,PASS,,
CASE-5-unreachable_energy_2471,PASS,,
CASE-5-unreachable_split_2472,PASS,,
CASE-5-unreachable_energy_2473,PASS,,
CASE-5-unreachable_split_2474,PASS,,
CASE-5-unreachable_energy_2475,PASS,,
CASE-5-unreachable_split_2476,PASS,,
CASE-5-unreachable_energy_2477,PASS,,
CASE-5-unreachable_moving_2478,PASS,,
CASE-5-unreachable_split_2479,PASS,,
CASE-5-unreachable_energy_2480,PASS,,
CASE-5-unreachable_split_2481,PASS,,
CASE-5-unreachable_energy_2482,PASS,,
CASE-5-unreachable_split_2483,PASS,,
CASE-5-unreachable_energy_2484,PASS,,
CASE-5-unreachable_split_2485,PASS,,
CASE-5-unreachable_energy_2486,PASS,,
CASE-5-unreachable_split_2487,PASS,,
CASE-5-unreachable_energy_2488,PASS,,
CASE-5-unreachable_split_2489,PASS,,
CASE-5-unreachable_energy_2490,PASS,,
CASE-5-unreachable_split_2491,PASS,,
CASE-5-unreachable_energy_2492,PASS,,
CASE-5-unreachable_split_2493,PASS,,
CASE-5-unreachable_energy_2494,PASS,,
CASE-5-unreachable_split_2495,PASS,,
CASE-5-unreachable_energy_2496,PASS,,
CASE-5-unreachable_split_2497,PASS,,
CASE-5-unreachable_energy_2498,PASS,,
CASE-5-unreachable_split_2499,PASS,,
CASE-5-unreachable_energy_2500,PASS,,
CASE-5-unreachable_split_2501,PASS,,
CASE-5-unreachable_energy_2502,PASS,,
CASE-5-unreachable_open_entry_2503,PASS,,
CASE-5-reroute_mass,PASS,,
CASE-5-reroute_contiguous_1,PASS,,
CASE-5-reroute_contiguous_2,PASS,,
CASE-5-reroute_contiguous_3,PASS,,
CASE-5-reroute_contiguous_4,PASS,,
CASE-5-reroute_contiguous_5,PASS,,
CASE-5-reroute_contiguous_6,PASS,,
CASE-5-reroute_split_2511,PASS,,
CASE-5-reroute_energy_2512,PASS,,
CASE-5-reroute_split_2513,PASS,,
CASE-5-reroute_energy_2514,PASS,,
CASE-5-reroute_split_2515,PASS,,
CASE-5-reroute_energy_2516,PASS,,
CASE-5-reroute_split_2517,PASS,,
CASE-5-reroute_energy_2518,PASS,,
CASE-5-reroute_split_2519,PASS,,
CASE-5-reroute_energy_2520,PASS,,
CASE-5-reroute_split_2521,PASS,,
CASE-5-reroute_energy_2522,PASS,,
CASE-5-reroute_split_2523,PASS,,
CASE-5-reroute_energy_2524,PASS,,
CASE-5-reroute_split_2525,PASS,,
CASE-5-reroute_energy_2526,PASS,,
CASE-5-reroute_split_2527,PASS,,
CASE-5-reroute_energy_2528,PASS,,
CASE-5-reroute_split_2529,PASS,,
CASE-5-reroute_energy_2530,PASS,,
CASE-5-reroute_split_2531,PASS,,
CASE-5-reroute_energy_2532,PASS,,
CASE-5-reroute_split_2533,PASS,,
CASE-5-reroute_energy_2534,PASS,,
CASE-5-reroute_split_2535,PASS,,
CASE-5-reroute_energy_2536,PASS,,
CASE-5-reroute_split_2537,PASS,,
CASE-5-reroute_energy_2538,PASS,,
CASE-5-reroute_split_2539,PASS,,
CASE-5-reroute_energy_2540,PASS,,
CASE-5-reroute_split_2541,PASS,,
CASE-5-reroute_energy_2542,PASS,,
CASE-5-reroute_split_2543,PASS,,
CASE-5-reroute_energy_2544,PASS,,
CASE-5-reroute_split_2545,PASS,,
CASE-5-reroute_energy_2546,PASS,,
CASE-5-reroute_split_2547,PASS,,
CASE-5-reroute_energy_2548,PASS,,
CASE-5-reroute_moving_2549,PASS,,
CASE-5-reroute_split_2550,PASS,,
CASE-5-reroute_energy_2551,PASS,,
CASE-5-reroute_split_2552,PASS,,
CASE-5-reroute_energy_2553,PASS,,
CASE-5-reroute_split_2554,PASS,,
CASE-5-reroute_energy_2555,PASS,,
CASE-5-reroute_split_2556,PASS,,
CASE-5-reroute_energy_2557,PASS,,
CASE-5-reroute_split_2558,PASS,,
CASE-5-reroute_energy_2559,PASS,,
CASE-5-reroute_split_2560,PASS,,
CASE-5-reroute_energy_2561,PASS,,
CASE-5-reroute_moving_2562,PASS,,
CASE-5-reroute_split_2563,PASS,,
CASE-5-reroute_energy_2564,PASS,,
CASE-5-reroute_split_2565,PASS,,
CASE-5-reroute_energy_2566,PASS,,
CASE-5-reroute_split_2567,PASS,,
CASE-5-reroute_energy_2568,PASS,,
CASE-5-reroute_split_2569,PASS,,
CASE-5-reroute_energy_2570,PASS,,
CASE-5-reroute_split_2571,PASS,,
CASE-5-reroute_energy_2572,PASS,,
CASE-5-reroute_split_2573,PASS,,
CASE-5-reroute_energy_2574,PASS,,
CASE-5-reroute_moving_2575,PASS,,
CASE-5-reroute_split_2576,PASS,,
CASE-5-reroute_energy_2577,PASS,,
CASE-5-reroute_split_2578,PASS,,
CASE-5-reroute_energy_2579,PASS,,
CASE-5-reroute_split_2580,PASS,,
CASE-5-reroute_energy_2581,PASS,,
CASE-5-reroute_split_2582,PASS,,
CASE-5-reroute_energy_2583,PASS,,
CASE-5-reroute_split_2584,PASS,,
CASE-5-reroute_energy_2585,PASS,,
CASE-5-reroute_split_2586,PASS,,
CASE-5-reroute_energy_2587,PASS,,
CASE-5-reroute_moving_2588,PASS,,
CASE-5-reroute_split_2589,PASS,,
CASE-5-reroute_energy_2590,PASS,,
CASE-5-reroute_split_2591,PASS,,
CASE-5-reroute_energy_2592,PASS,,
CASE-5-reroute_split_2593,PASS,,
CASE-5-reroute_energy_2594,PASS,,
CASE-5-reroute_split_2595,PASS,,
CASE-5-reroute_energy_2596,PASS,,
CASE-5-reroute_split_2597,PASS,,
CASE-5-reroute_energy_2598,PASS,,
CASE-5-reroute_split_2599,PASS,,
CASE-5-reroute_energy_2600,PASS,,
CASE-5-reroute_split_2601,PASS,,
CASE-5-reroute_energy_2602,PASS,,
CASE-5-reroute_split_2603,PASS,,
CASE-5-reroute_energy_2604,PASS,,
CASE-5-reroute_split_2605,PASS,,
CASE-5-reroute_energy_2606,PASS,,
CASE-5-reroute_split_2607,PASS,,
CASE-5-reroute_energy_2608,PASS,,
CASE-5-reroute_split_2609,PASS,,
CASE-5-reroute_energy_2610,PASS,,
CASE-5-reroute_open_entry_2611,PASS,,
CASE-5-reroute_open_entry_2612,PASS,,
CASE-5-reroute_open_entry_2613,PASS,,
CASE-6_mass,PASS,,
CASE-6_contiguous_1,PASS,,
CASE-6_contiguous_2,PASS,,
CASE-6_contiguous_3,PASS,,
CASE-6_contiguous_4,PASS,,
CASE-6_contiguous_5,PASS,,
CASE-6_contiguous_6,PASS,,
CASE-6_split_2621,PASS,,
CASE-6_energy_2622,PASS,,
CASE-6_split_2623,PASS,,
CASE-6_energy_2624,PASS,,
CASE-6_split_2625,PASS,,
CASE-6_energy_2626,PASS,,
CASE-6_split_2627,PASS,,
CASE-6_energy_2628,PASS,,
CASE-6_split_2629,PASS,,
CASE-6_energy_2630,PASS,,
CASE-6_split_2631,PASS,,
CASE-6_energy_2632,PASS,,
CASE-7_mass,PASS,,
CASE-7_contiguous_1,PASS,,
CASE-7_contiguous_2,PASS,,
CASE-7_contiguous_3,PASS,,
CASE-7_contiguous_4,PASS,,
CASE-7_contiguous_5,PASS,,
CASE-7_contiguous_6,PASS,,
CASE-7_split_2640,PASS,,
CASE-7_energy_2641,PASS,,
CASE-7_moving_2642,PASS,,
CASE-7_split_2643,PASS,,
CASE-7_energy_2644,PASS,,
CASE-7_split_2645,PASS,,
CASE-7_energy_2646,PASS,,
CASE-7_split_2647,PASS,,
CASE-7_energy_2648,PASS,,
CASE-7_split_2649,PASS,,
CASE-7_energy_2650,PASS,,
CASE-7_split_2651,PASS,,
CASE-7_energy_2652,PASS,,
CASE-7_split_2653,PASS,,
CASE-7_energy_2654,PASS,,
CASE-7_split_2655,PASS,,
CASE-7_energy_2656,PASS,,
CASE-7_split_2657,PASS,,
CASE-7_energy_2658,PASS,,
CASE-7_split_2659,PASS,,
CASE-7_energy_2660,PASS,,
CASE-7_split_2661,PASS,,
CASE-7_energy_2662,PASS,,
CASE-7_split_2663,PASS,,
CASE-7_energy_2664,PASS,,
CASE-7_split_2665,PASS,,
CASE-7_energy_2666,PASS,,
CASE-7_open_entry_2667,PASS,,
CASE-8_mass,PASS,,
CASE-8_contiguous_1,PASS,,
CASE-8_contiguous_2,PASS,,
CASE-8_contiguous_3,PASS,,
CASE-8_contiguous_4,PASS,,
CASE-8_contiguous_5,PASS,,
CASE-8_contiguous_6,PASS,,
CASE-8_split_2675,PASS,,
CASE-8_energy_2676,PASS,,
CASE-8_split_2677,PASS,,
CASE-8_energy_2678,PASS,,
CASE-8_split_2679,PASS,,
CASE-8_energy_2680,PASS,,
CASE-8_split_2681,PASS,,
CASE-8_energy_2682,PASS,,
CASE-8_split_2683,PASS,,
CASE-8_energy_2684,PASS,,
CASE-8_split_2685,PASS,,
CASE-8_energy_2686,PASS,,
CASE-8_split_2687,PASS,,
CASE-8_energy_2688,PASS,,
CASE-8_split_2689,PASS,,
CASE-8_energy_2690,PASS,,
CASE-9_mass,PASS,,
CASE-9_contiguous_1,PASS,,
CASE-9_contiguous_2,PASS,,
CASE-9_contiguous_3,PASS,,
CASE-9_contiguous_4,PASS,,
CASE-9_contiguous_5,PASS,,
CASE-9_contiguous_6,PASS,,
CASE-9_split_2698,PASS,,
CASE-9_energy_2699,PASS,,
CASE-9_split_2700,PASS,,
CASE-9_energy_2701,PASS,,
CASE-9_split_2702,PASS,,
CASE-9_energy_2703,PASS,,
CASE-9_split_2704,PASS,,
CASE-9_energy_2705,PASS,,
CASE-9_split_2706,PASS,,
CASE-9_energy_2707,PASS,,
CASE-9_split_2708,PASS,,
CASE-9_energy_2709,PASS,,
CASE-9_split_2710,PASS,,
CASE-9_energy_2711,PASS,,
CASE-9_moving_2712,PASS,,
CASE-9_split_2713,PASS,,
CASE-9_energy_2714,PASS,,
CASE-9_split_2715,PASS,,
CASE-9_energy_2716,PASS,,
CASE-9_split_2717,PASS,,
CASE-9_energy_2718,PASS,,
CASE-9_split_2719,PASS,,
CASE-9_energy_2720,PASS,,
CASE-9_split_2721,PASS,,
CASE-9_energy_2722,PASS,,
CASE-9_split_2723,PASS,,
CASE-9_energy_2724,PASS,,
CASE-9_moving_2725,PASS,,
CASE-9_split_2726,PASS,,
CASE-9_energy_2727,PASS,,
CASE-9_split_2728,PASS,,
CASE-9_energy_2729,PASS,,
CASE-9_split_2730,PASS,,
CASE-9_energy_2731,PASS,,
CASE-9_split_2732,PASS,,
CASE-9_energy_2733,PASS,,
CASE-9_split_2734,PASS,,
CASE-9_energy_2735,PASS,,
CASE-9_split_2736,PASS,,
CASE-9_energy_2737,PASS,,
CASE-9_split_2738,PASS,,
CASE-9_energy_2739,PASS,,
CASE-9_split_2740,PASS,,
CASE-9_energy_2741,PASS,,
CASE-9_split_2742,PASS,,
CASE-9_energy_2743,PASS,,
CASE-9_split_2744,PASS,,
CASE-9_energy_2745,PASS,,
CASE-9_split_2746,PASS,,
CASE-9_energy_2747,PASS,,
CASE-9_open_entry_2748,PASS,,
CASE-10_mass,PASS,,
CASE-10_contiguous_1,PASS,,
CASE-10_contiguous_2,PASS,,
CASE-10_contiguous_3,PASS,,
CASE-10_contiguous_4,PASS,,
CASE-10_contiguous_5,PASS,,
CASE-10_contiguous_6,PASS,,
CASE-10_split_2756,PASS,,
CASE-10_energy_2757,PASS,,
CASE-10_split_2758,PASS,,
CASE-10_energy_2759,PASS,,
CASE-10_split_2760,PASS,,
CASE-10_energy_2761,PASS,,
CASE-10_split_2762,PASS,,
CASE-10_energy_2763,PASS,,
CASE-10_split_2764,PASS,,
CASE-10_energy_2765,PASS,,
CASE-10_split_2766,PASS,,
CASE-10_energy_2767,PASS,,
CASE-10_split_2768,PASS,,
CASE-10_energy_2769,PASS,,
CASE-10_split_2770,PASS,,
CASE-10_energy_2771,PASS,,
EXTRA-fuel-exhaustion_mass,PASS,,
EXTRA-fuel-exhaustion_contiguous_1,PASS,,
EXTRA-fuel-exhaustion_contiguous_2,PASS,,
EXTRA-fuel-exhaustion_contiguous_3,PASS,,
EXTRA-fuel-exhaustion_contiguous_4,PASS,,
EXTRA-fuel-exhaustion_contiguous_5,PASS,,
EXTRA-fuel-exhaustion_contiguous_6,PASS,,
EXTRA-fuel-exhaustion_split_2779,PASS,,
EXTRA-fuel-exhaustion_energy_2780,PASS,,
EXTRA-fuel-exhaustion_split_2781,PASS,,
EXTRA-fuel-exhaustion_energy_2782,PASS,,
EXTRA-fuel-exhaustion_split_2783,PASS,,
EXTRA-fuel-exhaustion_energy_2784,PASS,,
EXTRA-fuel-exhaustion_split_2785,PASS,,
EXTRA-fuel-exhaustion_energy_2786,PASS,,
EXTRA-fuel-exhaustion_split_2787,PASS,,
EXTRA-fuel-exhaustion_energy_2788,PASS,,
EXTRA-fuel-exhaustion_split_2789,PASS,,
EXTRA-fuel-exhaustion_energy_2790,PASS,,
EXTRA-fuel-exhaustion_split_2791,PASS,,
EXTRA-fuel-exhaustion_energy_2792,PASS,,
EXTRA-fuel-exhaustion_split_2793,PASS,,
EXTRA-fuel-exhaustion_energy_2794,PASS,,
EXTRA-fuel-exhaustion_split_2795,PASS,,
EXTRA-fuel-exhaustion_energy_2796,PASS,,
EXTRA-fuel-exhaustion_split_2797,PASS,,
EXTRA-fuel-exhaustion_energy_2798,PASS,,
EXTRA-fuel-exhaustion_split_2799,PASS,,
EXTRA-fuel-exhaustion_energy_2800,PASS,,
EXTRA-fuel-exhaustion_split_2801,PASS,,
EXTRA-fuel-exhaustion_energy_2802,PASS,,
EXTRA-fuel-exhaustion_split_2803,PASS,,
EXTRA-fuel-exhaustion_energy_2804,PASS,,
EXTRA-fuel-exhaustion_split_2805,PASS,,
EXTRA-fuel-exhaustion_energy_2806,PASS,,
EXTRA-fuel-exhaustion_split_2807,PASS,,
EXTRA-fuel-exhaustion_energy_2808,PASS,,
EXTRA-fuel-exhaustion_split_2809,PASS,,
EXTRA-fuel-exhaustion_energy_2810,PASS,,
EXTRA-fuel-exhaustion_split_2811,PASS,,
EXTRA-fuel-exhaustion_energy_2812,PASS,,
EXTRA-fuel-exhaustion_split_2813,PASS,,
EXTRA-fuel-exhaustion_energy_2814,PASS,,
EXTRA-offsite-refuel_mass,PASS,,
EXTRA-offsite-refuel_contiguous_1,PASS,,
EXTRA-offsite-refuel_contiguous_2,PASS,,
EXTRA-offsite-refuel_contiguous_3,PASS,,
EXTRA-offsite-refuel_contiguous_4,PASS,,
EXTRA-offsite-refuel_contiguous_5,PASS,,
EXTRA-offsite-refuel_contiguous_6,PASS,,
EXTRA-offsite-refuel_split_2822,PASS,,
EXTRA-offsite-refuel_energy_2823,PASS,,
EXTRA-offsite-refuel_moving_2824,PASS,,
EXTRA-offsite-refuel_split_2825,PASS,,
EXTRA-offsite-refuel_energy_2826,PASS,,
EXTRA-offsite-refuel_split_2827,PASS,,
EXTRA-offsite-refuel_energy_2828,PASS,,
EXTRA-offsite-refuel_split_2829,PASS,,
EXTRA-offsite-refuel_energy_2830,PASS,,
EXTRA-offsite-refuel_split_2831,PASS,,
EXTRA-offsite-refuel_energy_2832,PASS,,
EXTRA-offsite-refuel_split_2833,PASS,,
EXTRA-offsite-refuel_energy_2834,PASS,,
EXTRA-offsite-refuel_split_2835,PASS,,
EXTRA-offsite-refuel_energy_2836,PASS,,
EXTRA-offsite-refuel_split_2837,PASS,,
EXTRA-offsite-refuel_energy_2838,PASS,,
EXTRA-offsite-refuel_split_2839,PASS,,
EXTRA-offsite-refuel_energy_2840,PASS,,
EXTRA-offsite-refuel_split_2841,PASS,,
EXTRA-offsite-refuel_energy_2842,PASS,,
EXTRA-offsite-refuel_split_2843,PASS,,
EXTRA-offsite-refuel_energy_2844,PASS,,
EXTRA-offsite-refuel_split_2845,PASS,,
EXTRA-offsite-refuel_energy_2846,PASS,,
EXTRA-offsite-refuel_split_2847,PASS,,
EXTRA-offsite-refuel_energy_2848,PASS,,
EXTRA-offsite-refuel_open_entry_2849,PASS,,
EXTRA-boundary-arrival_mass,PASS,,
EXTRA-boundary-arrival_contiguous_1,PASS,,
EXTRA-boundary-arrival_contiguous_2,PASS,,
EXTRA-boundary-arrival_contiguous_3,PASS,,
EXTRA-boundary-arrival_contiguous_4,PASS,,
EXTRA-boundary-arrival_contiguous_5,PASS,,
EXTRA-boundary-arrival_contiguous_6,PASS,,
EXTRA-boundary-arrival_split_2857,PASS,,
EXTRA-boundary-arrival_energy_2858,PASS,,
EXTRA-boundary-arrival_split_2859,PASS,,
EXTRA-boundary-arrival_energy_2860,PASS,,
EXTRA-boundary-arrival_split_2861,PASS,,
EXTRA-boundary-arrival_energy_2862,PASS,,
EXTRA-boundary-arrival_split_2863,PASS,,
EXTRA-boundary-arrival_energy_2864,PASS,,
EXTRA-boundary-arrival_split_2865,PASS,,
EXTRA-boundary-arrival_energy_2866,PASS,,
EXTRA-boundary-arrival_split_2867,PASS,,
EXTRA-boundary-arrival_energy_2868,PASS,,
EXTRA-boundary-arrival_split_2869,PASS,,
EXTRA-boundary-arrival_energy_2870,PASS,,
EXTRA-boundary-arrival_split_2871,PASS,,
EXTRA-boundary-arrival_energy_2872,PASS,,
EXTRA-boundary-arrival_split_2873,PASS,,
EXTRA-boundary-arrival_energy_2874,PASS,,
EXTRA-boundary-arrival_split_2875,PASS,,
EXTRA-boundary-arrival_energy_2876,PASS,,
EXTRA-boundary-arrival_split_2877,PASS,,
EXTRA-boundary-arrival_energy_2878,PASS,,
EXTRA-boundary-arrival_split_2879,PASS,,
EXTRA-boundary-arrival_energy_2880,PASS,,
EXTRA-boundary-arrival_split_2881,PASS,,
EXTRA-boundary-arrival_energy_2882,PASS,,
EXTRA-boundary-arrival_split_2883,PASS,,
EXTRA-boundary-arrival_energy_2884,PASS,,
EXTRA-boundary-arrival_split_2885,PASS,,
EXTRA-boundary-arrival_energy_2886,PASS,,
EXTRA-boundary-arrival_split_2887,PASS,,
EXTRA-boundary-arrival_energy_2888,PASS,,
EXTRA-boundary-arrival_split_2889,PASS,,
EXTRA-boundary-arrival_energy_2890,PASS,,
EXTRA-boundary-arrival_split_2891,PASS,,
EXTRA-boundary-arrival_energy_2892,PASS,,
EXTRA-boundary-arrival_split_2893,PASS,,
EXTRA-boundary-arrival_energy_2894,PASS,,
EXTRA-boundary-arrival_moving_2895,PASS,,
EXTRA-boundary-arrival_split_2896,PASS,,
EXTRA-boundary-arrival_energy_2897,PASS,,
EXTRA-boundary-arrival_split_2898,PASS,,
EXTRA-boundary-arrival_energy_2899,PASS,,
EXTRA-boundary-arrival_split_2900,PASS,,
EXTRA-boundary-arrival_energy_2901,PASS,,
EXTRA-boundary-arrival_split_2902,PASS,,
EXTRA-boundary-arrival_energy_2903,PASS,,
EXTRA-boundary-arrival_split_2904,PASS,,
EXTRA-boundary-arrival_energy_2905,PASS,,
EXTRA-boundary-arrival_split_2906,PASS,,
EXTRA-boundary-arrival_energy_2907,PASS,,
EXTRA-boundary-arrival_split_2908,PASS,,
EXTRA-boundary-arrival_energy_2909,PASS,,
EXTRA-boundary-arrival_split_2910,PASS,,
EXTRA-boundary-arrival_energy_2911,PASS,,
EXTRA-boundary-arrival_split_2912,PASS,,
EXTRA-boundary-arrival_energy_2913,PASS,,
EXTRA-boundary-arrival_split_2914,PASS,,
EXTRA-boundary-arrival_energy_2915,PASS,,
EXTRA-boundary-arrival_split_2916,PASS,,
EXTRA-boundary-arrival_energy_2917,PASS,,
EXTRA-boundary-arrival_split_2918,PASS,,
EXTRA-boundary-arrival_energy_2919,PASS,,
EXTRA-boundary-arrival_open_entry_2920,PASS,,
EXTRA-horizon-in-transit_mass,PASS,,
EXTRA-horizon-in-transit_contiguous_1,PASS,,
EXTRA-horizon-in-transit_contiguous_2,PASS,,
EXTRA-horizon-in-transit_contiguous_3,PASS,,
EXTRA-horizon-in-transit_contiguous_4,PASS,,
EXTRA-horizon-in-transit_contiguous_5,PASS,,
EXTRA-horizon-in-transit_contiguous_6,PASS,,
EXTRA-horizon-in-transit_split_2928,PASS,,
EXTRA-horizon-in-transit_energy_2929,PASS,,
EXTRA-horizon-in-transit_split_2930,PASS,,
EXTRA-horizon-in-transit_energy_2931,PASS,,
EXTRA-horizon-in-transit_split_2932,PASS,,
EXTRA-horizon-in-transit_energy_2933,PASS,,
EXTRA-horizon-in-transit_split_2934,PASS,,
EXTRA-horizon-in-transit_energy_2935,PASS,,
EXTRA-horizon-in-transit_split_2936,PASS,,
EXTRA-horizon-in-transit_energy_2937,PASS,,
EXTRA-horizon-in-transit_split_2938,PASS,,
EXTRA-horizon-in-transit_energy_2939,PASS,,
EXTRA-horizon-in-transit_split_2940,PASS,,
EXTRA-horizon-in-transit_energy_2941,PASS,,
EXTRA-horizon-in-transit_split_2942,PASS,,
EXTRA-horizon-in-transit_energy_2943,PASS,,
EXTRA-horizon-in-transit_split_2944,PASS,,
EXTRA-horizon-in-transit_energy_2945,PASS,,
EXTRA-horizon-in-transit_split_2946,PASS,,
EXTRA-horizon-in-transit_energy_2947,PASS,,
EXTRA-horizon-in-transit_split_2948,PASS,,
EXTRA-horizon-in-transit_energy_2949,PASS,,
EXTRA-horizon-in-transit_split_2950,PASS,,
EXTRA-horizon-in-transit_energy_2951,PASS,,
EXTRA-horizon-in-transit_split_2952,PASS,,
EXTRA-horizon-in-transit_energy_2953,PASS,,
EXTRA-horizon-in-transit_split_2954,PASS,,
EXTRA-horizon-in-transit_energy_2955,PASS,,
EXTRA-horizon-in-transit_split_2956,PASS,,
EXTRA-horizon-in-transit_energy_2957,PASS,,
EXTRA-horizon-in-transit_split_2958,PASS,,
EXTRA-horizon-in-transit_energy_2959,PASS,,
EXTRA-horizon-in-transit_split_2960,PASS,,
EXTRA-horizon-in-transit_energy_2961,PASS,,
EXTRA-horizon-in-transit_split_2962,PASS,,
EXTRA-horizon-in-transit_energy_2963,PASS,,
EXTRA-horizon-in-transit_split_2964,PASS,,
EXTRA-horizon-in-transit_energy_2965,PASS,,
EXTRA-horizon-in-transit_split_2966,PASS,,
EXTRA-horizon-in-transit_energy_2967,PASS,,
EXTRA-horizon-in-transit_split_2968,PASS,,
EXTRA-horizon-in-transit_energy_2969,PASS,,
EXTRA-horizon-in-transit_split_2970,PASS,,
EXTRA-horizon-in-transit_energy_2971,PASS,,
EXTRA-horizon-in-transit_split_2972,PASS,,
EXTRA-horizon-in-transit_energy_2973,PASS,,
EXTRA-horizon-in-transit_split_2974,PASS,,
EXTRA-horizon-in-transit_energy_2975,PASS,,
EXTRA-horizon-in-transit_split_2976,PASS,,
EXTRA-horizon-in-transit_energy_2977,PASS,,
EXTRA-horizon-in-transit_split_2978,PASS,,
EXTRA-horizon-in-transit_energy_2979,PASS,,
EXTRA-horizon-in-transit_split_2980,PASS,,
EXTRA-horizon-in-transit_energy_2981,PASS,,
EXTRA-horizon-in-transit_split_2982,PASS,,
EXTRA-horizon-in-transit_energy_2983,PASS,,
EXTRA-horizon-in-transit_split_2984,PASS,,
EXTRA-horizon-in-transit_energy_2985,PASS,,
EXTRA-horizon-in-transit_split_2986,PASS,,
EXTRA-horizon-in-transit_energy_2987,PASS,,
EXTRA-horizon-in-transit_split_2988,PASS,,
EXTRA-horizon-in-transit_energy_2989,PASS,,
EXTRA-horizon-in-transit_split_2990,PASS,,
EXTRA-horizon-in-transit_energy_2991,PASS,,
EXTRA-horizon-in-transit_split_2992,PASS,,
EXTRA-horizon-in-transit_energy_2993,PASS,,
EXTRA-horizon-in-transit_split_2994,PASS,,
EXTRA-horizon-in-transit_energy_2995,PASS,,
EXTRA-horizon-in-transit_split_2996,PASS,,
EXTRA-horizon-in-transit_energy_2997,PASS,,
EXTRA-horizon-in-transit_split_2998,PASS,,
EXTRA-horizon-in-transit_energy_2999,PASS,,
EXTRA-horizon-in-transit_split_3000,PASS,,
EXTRA-horizon-in-transit_energy_3001,PASS,,
EXTRA-horizon-in-transit_split_3002,PASS,,
EXTRA-horizon-in-transit_energy_3003,PASS,,
EXTRA-horizon-in-transit_split_3004,PASS,,
EXTRA-horizon-in-transit_energy_3005,PASS,,
EXTRA-horizon-in-transit_split_3006,PASS,,
EXTRA-horizon-in-transit_energy_3007,PASS,,
EXTRA-horizon-in-transit_split_3008,PASS,,
EXTRA-horizon-in-transit_energy_3009,PASS,,
EXTRA-horizon-in-transit_split_3010,PASS,,
EXTRA-horizon-in-transit_energy_3011,PASS,,
EXTRA-horizon-in-transit_split_3012,PASS,,
EXTRA-horizon-in-transit_energy_3013,PASS,,
EXTRA-horizon-in-transit_moving_3014,PASS,,
EXTRA-horizon-in-transit_split_3015,PASS,,
EXTRA-horizon-in-transit_energy_3016,PASS,,
EXTRA-horizon-in-transit_split_3017,PASS,,
EXTRA-horizon-in-transit_energy_3018,PASS,,
EXTRA-horizon-in-transit_split_3019,PASS,,
EXTRA-horizon-in-transit_energy_3020,PASS,,
EXTRA-horizon-in-transit_split_3021,PASS,,
EXTRA-horizon-in-transit_energy_3022,PASS,,
EXTRA-horizon-in-transit_split_3023,PASS,,
EXTRA-horizon-in-transit_energy_3024,PASS,,
EXTRA-horizon-in-transit_open_entry_3025,PASS,,
EXTRA-concurrent-service_mass,PASS,,
EXTRA-concurrent-service_contiguous_1,PASS,,
EXTRA-concurrent-service_contiguous_2,PASS,,
EXTRA-concurrent-service_contiguous_3,PASS,,
EXTRA-concurrent-service_contiguous_4,PASS,,
EXTRA-concurrent-service_contiguous_5,PASS,,
EXTRA-concurrent-service_contiguous_6,PASS,,
EXTRA-concurrent-service_split_3033,PASS,,
EXTRA-concurrent-service_energy_3034,PASS,,
EXTRA-concurrent-service_split_3035,PASS,,
EXTRA-concurrent-service_energy_3036,PASS,,
EXTRA-concurrent-service_split_3037,PASS,,
EXTRA-concurrent-service_energy_3038,PASS,,
EXTRA-concurrent-service_split_3039,PASS,,
EXTRA-concurrent-service_energy_3040,PASS,,
EXTRA-concurrent-service_split_3041,PASS,,
EXTRA-concurrent-service_energy_3042,PASS,,
EXTRA-concurrent-service_split_3043,PASS,,
EXTRA-concurrent-service_energy_3044,PASS,,
EXTRA-concurrent-service_split_3045,PASS,,
EXTRA-concurrent-service_energy_3046,PASS,,
EXTRA-concurrent-service_split_3047,PASS,,
EXTRA-concurrent-service_energy_3048,PASS,,
EXTRA-concurrent-service_split_3049,PASS,,
EXTRA-concurrent-service_energy_3050,PASS,,
EXTRA-concurrent-service_split_3051,PASS,,
EXTRA-concurrent-service_energy_3052,PASS,,
EXTRA-concurrent-service_split_3053,PASS,,
EXTRA-concurrent-service_energy_3054,PASS,,
EXTRA-concurrent-service_split_3055,PASS,,
EXTRA-concurrent-service_energy_3056,PASS,,
FROZEN-INTEGRATION_mass,PASS,,
FROZEN-INTEGRATION_contiguous_1,PASS,,
FROZEN-INTEGRATION_contiguous_2,PASS,,
FROZEN-INTEGRATION_contiguous_3,PASS,,
FROZEN-INTEGRATION_contiguous_4,PASS,,
FROZEN-INTEGRATION_contiguous_5,PASS,,
FROZEN-INTEGRATION_contiguous_6,PASS,,
FROZEN-INTEGRATION_split_3064,PASS,,
FROZEN-INTEGRATION_energy_3065,PASS,,
FROZEN-INTEGRATION_split_3066,PASS,,
FROZEN-INTEGRATION_energy_3067,PASS,,
FROZEN-INTEGRATION_split_3068,PASS,,
FROZEN-INTEGRATION_energy_3069,PASS,,
FROZEN-INTEGRATION_split_3070,PASS,,
FROZEN-INTEGRATION_energy_3071,PASS,,
FROZEN-INTEGRATION_split_3072,PASS,,
FROZEN-INTEGRATION_energy_3073,PASS,,
FROZEN-INTEGRATION_split_3074,PASS,,
FROZEN-INTEGRATION_energy_3075,PASS,,
FROZEN-INTEGRATION_split_3076,PASS,,
FROZEN-INTEGRATION_energy_3077,PASS,,
FROZEN-INTEGRATION_moving_3078,PASS,,
FROZEN-INTEGRATION_split_3079,PASS,,
FROZEN-INTEGRATION_energy_3080,PASS,,
FROZEN-INTEGRATION_split_3081,PASS,,
FROZEN-INTEGRATION_energy_3082,PASS,,
FROZEN-INTEGRATION_split_3083,PASS,,
FROZEN-INTEGRATION_energy_3084,PASS,,
FROZEN-INTEGRATION_split_3085,PASS,,
FROZEN-INTEGRATION_energy_3086,PASS,,
FROZEN-INTEGRATION_split_3087,PASS,,
FROZEN-INTEGRATION_energy_3088,PASS,,
FROZEN-INTEGRATION_split_3089,PASS,,
FROZEN-INTEGRATION_energy_3090,PASS,,
FROZEN-INTEGRATION_moving_3091,PASS,,
FROZEN-INTEGRATION_split_3092,PASS,,
FROZEN-INTEGRATION_energy_3093,PASS,,
FROZEN-INTEGRATION_split_3094,PASS,,
FROZEN-INTEGRATION_energy_3095,PASS,,
FROZEN-INTEGRATION_split_3096,PASS,,
FROZEN-INTEGRATION_energy_3097,PASS,,
FROZEN-INTEGRATION_split_3098,PASS,,
FROZEN-INTEGRATION_energy_3099,PASS,,
FROZEN-INTEGRATION_split_3100,PASS,,
FROZEN-INTEGRATION_energy_3101,PASS,,
FROZEN-INTEGRATION_split_3102,PASS,,
FROZEN-INTEGRATION_energy_3103,PASS,,
FROZEN-INTEGRATION_moving_3104,PASS,,
FROZEN-INTEGRATION_split_3105,PASS,,
FROZEN-INTEGRATION_energy_3106,PASS,,
FROZEN-INTEGRATION_split_3107,PASS,,
FROZEN-INTEGRATION_energy_3108,PASS,,
FROZEN-INTEGRATION_split_3109,PASS,,
FROZEN-INTEGRATION_energy_3110,PASS,,
FROZEN-INTEGRATION_split_3111,PASS,,
FROZEN-INTEGRATION_energy_3112,PASS,,
FROZEN-INTEGRATION_split_3113,PASS,,
FROZEN-INTEGRATION_energy_3114,PASS,,
FROZEN-INTEGRATION_split_3115,PASS,,
FROZEN-INTEGRATION_energy_3116,PASS,,
FROZEN-INTEGRATION_moving_3117,PASS,,
FROZEN-INTEGRATION_split_3118,PASS,,
FROZEN-INTEGRATION_energy_3119,PASS,,
FROZEN-INTEGRATION_split_3120,PASS,,
FROZEN-INTEGRATION_energy_3121,PASS,,
FROZEN-INTEGRATION_split_3122,PASS,,
FROZEN-INTEGRATION_energy_3123,PASS,,
FROZEN-INTEGRATION_split_3124,PASS,,
FROZEN-INTEGRATION_energy_3125,PASS,,
FROZEN-INTEGRATION_split_3126,PASS,,
FROZEN-INTEGRATION_energy_3127,PASS,,
FROZEN-INTEGRATION_split_3128,PASS,,
FROZEN-INTEGRATION_energy_3129,PASS,,
FROZEN-INTEGRATION_moving_3130,PASS,,
FROZEN-INTEGRATION_split_3131,PASS,,
FROZEN-INTEGRATION_energy_3132,PASS,,
FROZEN-INTEGRATION_split_3133,PASS,,
FROZEN-INTEGRATION_energy_3134,PASS,,
FROZEN-INTEGRATION_split_3135,PASS,,
FROZEN-INTEGRATION_energy_3136,PASS,,
FROZEN-INTEGRATION_split_3137,PASS,,
FROZEN-INTEGRATION_energy_3138,PASS,,
FROZEN-INTEGRATION_split_3139,PASS,,
FROZEN-INTEGRATION_energy_3140,PASS,,
FROZEN-INTEGRATION_split_3141,PASS,,
FROZEN-INTEGRATION_energy_3142,PASS,,
FROZEN-INTEGRATION_moving_3143,PASS,,
FROZEN-INTEGRATION_split_3144,PASS,,
FROZEN-INTEGRATION_energy_3145,PASS,,
FROZEN-INTEGRATION_split_3146,PASS,,
FROZEN-INTEGRATION_energy_3147,PASS,,
FROZEN-INTEGRATION_split_3148,PASS,,
FROZEN-INTEGRATION_energy_3149,PASS,,
FROZEN-INTEGRATION_split_3150,PASS,,
FROZEN-INTEGRATION_energy_3151,PASS,,
FROZEN-INTEGRATION_split_3152,PASS,,
FROZEN-INTEGRATION_energy_3153,PASS,,
FROZEN-INTEGRATION_split_3154,PASS,,
FROZEN-INTEGRATION_energy_3155,PASS,,
FROZEN-INTEGRATION_moving_3156,PASS,,
FROZEN-INTEGRATION_split_3157,PASS,,
FROZEN-INTEGRATION_energy_3158,PASS,,
FROZEN-INTEGRATION_split_3159,PASS,,
FROZEN-INTEGRATION_energy_3160,PASS,,
FROZEN-INTEGRATION_split_3161,PASS,,
FROZEN-INTEGRATION_energy_3162,PASS,,
FROZEN-INTEGRATION_split_3163,PASS,,
FROZEN-INTEGRATION_energy_3164,PASS,,
FROZEN-INTEGRATION_split_3165,PASS,,
FROZEN-INTEGRATION_energy_3166,PASS,,
FROZEN-INTEGRATION_split_3167,PASS,,
FROZEN-INTEGRATION_energy_3168,PASS,,
FROZEN-INTEGRATION_moving_3169,PASS,,
FROZEN-INTEGRATION_split_3170,PASS,,
FROZEN-INTEGRATION_energy_3171,PASS,,
FROZEN-INTEGRATION_split_3172,PASS,,
FROZEN-INTEGRATION_energy_3173,PASS,,
FROZEN-INTEGRATION_split_3174,PASS,,
FROZEN-INTEGRATION_energy_3175,PASS,,
FROZEN-INTEGRATION_split_3176,PASS,,
FROZEN-INTEGRATION_energy_3177,PASS,,
FROZEN-INTEGRATION_split_3178,PASS,,
FROZEN-INTEGRATION_energy_3179,PASS,,
FROZEN-INTEGRATION_split_3180,PASS,,
FROZEN-INTEGRATION_energy_3181,PASS,,
FROZEN-INTEGRATION_moving_3182,PASS,,
FROZEN-INTEGRATION_split_3183,PASS,,
FROZEN-INTEGRATION_energy_3184,PASS,,
FROZEN-INTEGRATION_split_3185,PASS,,
FROZEN-INTEGRATION_energy_3186,PASS,,
FROZEN-INTEGRATION_split_3187,PASS,,
FROZEN-INTEGRATION_energy_3188,PASS,,
FROZEN-INTEGRATION_split_3189,PASS,,
FROZEN-INTEGRATION_energy_3190,PASS,,
FROZEN-INTEGRATION_split_3191,PASS,,
FROZEN-INTEGRATION_energy_3192,PASS,,
FROZEN-INTEGRATION_split_3193,PASS,,
FROZEN-INTEGRATION_energy_3194,PASS,,
FROZEN-INTEGRATION_moving_3195,PASS,,
FROZEN-INTEGRATION_split_3196,PASS,,
FROZEN-INTEGRATION_energy_3197,PASS,,
FROZEN-INTEGRATION_split_3198,PASS,,
FROZEN-INTEGRATION_energy_3199,PASS,,
FROZEN-INTEGRATION_split_3200,PASS,,
FROZEN-INTEGRATION_energy_3201,PASS,,
FROZEN-INTEGRATION_split_3202,PASS,,
FROZEN-INTEGRATION_energy_3203,PASS,,
FROZEN-INTEGRATION_split_3204,PASS,,
FROZEN-INTEGRATION_energy_3205,PASS,,
FROZEN-INTEGRATION_split_3206,PASS,,
FROZEN-INTEGRATION_energy_3207,PASS,,
FROZEN-INTEGRATION_split_3208,PASS,,
FROZEN-INTEGRATION_energy_3209,PASS,,
FROZEN-INTEGRATION_moving_3210,PASS,,
FROZEN-INTEGRATION_split_3211,PASS,,
FROZEN-INTEGRATION_energy_3212,PASS,,
FROZEN-INTEGRATION_split_3213,PASS,,
FROZEN-INTEGRATION_energy_3214,PASS,,
FROZEN-INTEGRATION_split_3215,PASS,,
FROZEN-INTEGRATION_energy_3216,PASS,,
FROZEN-INTEGRATION_split_3217,PASS,,
FROZEN-INTEGRATION_energy_3218,PASS,,
FROZEN-INTEGRATION_split_3219,PASS,,
FROZEN-INTEGRATION_energy_3220,PASS,,
FROZEN-INTEGRATION_split_3221,PASS,,
FROZEN-INTEGRATION_energy_3222,PASS,,
FROZEN-INTEGRATION_moving_3223,PASS,,
FROZEN-INTEGRATION_split_3224,PASS,,
FROZEN-INTEGRATION_energy_3225,PASS,,
FROZEN-INTEGRATION_split_3226,PASS,,
FROZEN-INTEGRATION_energy_3227,PASS,,
FROZEN-INTEGRATION_split_3228,PASS,,
FROZEN-INTEGRATION_energy_3229,PASS,,
FROZEN-INTEGRATION_split_3230,PASS,,
FROZEN-INTEGRATION_energy_3231,PASS,,
FROZEN-INTEGRATION_split_3232,PASS,,
FROZEN-INTEGRATION_energy_3233,PASS,,
FROZEN-INTEGRATION_split_3234,PASS,,
FROZEN-INTEGRATION_energy_3235,PASS,,
FROZEN-INTEGRATION_moving_3236,PASS,,
FROZEN-INTEGRATION_split_3237,PASS,,
FROZEN-INTEGRATION_energy_3238,PASS,,
FROZEN-INTEGRATION_split_3239,PASS,,
FROZEN-INTEGRATION_energy_3240,PASS,,
FROZEN-INTEGRATION_split_3241,PASS,,
FROZEN-INTEGRATION_energy_3242,PASS,,
FROZEN-INTEGRATION_split_3243,PASS,,
FROZEN-INTEGRATION_energy_3244,PASS,,
FROZEN-INTEGRATION_split_3245,PASS,,
FROZEN-INTEGRATION_energy_3246,PASS,,
FROZEN-INTEGRATION_split_3247,PASS,,
FROZEN-INTEGRATION_energy_3248,PASS,,
FROZEN-INTEGRATION_moving_3249,PASS,,
FROZEN-INTEGRATION_split_3250,PASS,,
FROZEN-INTEGRATION_energy_3251,PASS,,
FROZEN-INTEGRATION_split_3252,PASS,,
FROZEN-INTEGRATION_energy_3253,PASS,,
FROZEN-INTEGRATION_split_3254,PASS,,
FROZEN-INTEGRATION_energy_3255,PASS,,
FROZEN-INTEGRATION_split_3256,PASS,,
FROZEN-INTEGRATION_energy_3257,PASS,,
FROZEN-INTEGRATION_split_3258,PASS,,
FROZEN-INTEGRATION_energy_3259,PASS,,
FROZEN-INTEGRATION_split_3260,PASS,,
FROZEN-INTEGRATION_energy_3261,PASS,,
FROZEN-INTEGRATION_moving_3262,PASS,,
FROZEN-INTEGRATION_split_3263,PASS,,
FROZEN-INTEGRATION_energy_3264,PASS,,
FROZEN-INTEGRATION_split_3265,PASS,,
FROZEN-INTEGRATION_energy_3266,PASS,,
FROZEN-INTEGRATION_split_3267,PASS,,
FROZEN-INTEGRATION_energy_3268,PASS,,
FROZEN-INTEGRATION_moving_3269,PASS,,
FROZEN-INTEGRATION_split_3270,PASS,,
FROZEN-INTEGRATION_energy_3271,PASS,,
FROZEN-INTEGRATION_split_3272,PASS,,
FROZEN-INTEGRATION_energy_3273,PASS,,
FROZEN-INTEGRATION_split_3274,PASS,,
FROZEN-INTEGRATION_energy_3275,PASS,,
FROZEN-INTEGRATION_moving_3276,PASS,,
FROZEN-INTEGRATION_split_3277,PASS,,
FROZEN-INTEGRATION_energy_3278,PASS,,
FROZEN-INTEGRATION_split_3279,PASS,,
FROZEN-INTEGRATION_energy_3280,PASS,,
FROZEN-INTEGRATION_split_3281,PASS,,
FROZEN-INTEGRATION_energy_3282,PASS,,
FROZEN-INTEGRATION_moving_3283,PASS,,
FROZEN-INTEGRATION_split_3284,PASS,,
FROZEN-INTEGRATION_energy_3285,PASS,,
FROZEN-INTEGRATION_split_3286,PASS,,
FROZEN-INTEGRATION_energy_3287,PASS,,
FROZEN-INTEGRATION_split_3288,PASS,,
FROZEN-INTEGRATION_energy_3289,PASS,,
FROZEN-INTEGRATION_moving_3290,PASS,,
FROZEN-INTEGRATION_split_3291,PASS,,
FROZEN-INTEGRATION_energy_3292,PASS,,
FROZEN-INTEGRATION_split_3293,PASS,,
FROZEN-INTEGRATION_energy_3294,PASS,,
FROZEN-INTEGRATION_split_3295,PASS,,
FROZEN-INTEGRATION_energy_3296,PASS,,
FROZEN-INTEGRATION_moving_3297,PASS,,
FROZEN-INTEGRATION_split_3298,PASS,,
FROZEN-INTEGRATION_energy_3299,PASS,,
FROZEN-INTEGRATION_split_3300,PASS,,
FROZEN-INTEGRATION_energy_3301,PASS,,
FROZEN-INTEGRATION_split_3302,PASS,,
FROZEN-INTEGRATION_energy_3303,PASS,,
FROZEN-INTEGRATION_moving_3304,PASS,,
FROZEN-INTEGRATION_split_3305,PASS,,
FROZEN-INTEGRATION_energy_3306,PASS,,
FROZEN-INTEGRATION_moving_3307,PASS,,
FROZEN-INTEGRATION_split_3308,PASS,,
FROZEN-INTEGRATION_energy_3309,PASS,,
FROZEN-INTEGRATION_split_3310,PASS,,
FROZEN-INTEGRATION_energy_3311,PASS,,
FROZEN-INTEGRATION_moving_3312,PASS,,
FROZEN-INTEGRATION_split_3313,PASS,,
FROZEN-INTEGRATION_energy_3314,PASS,,
FROZEN-INTEGRATION_split_3315,PASS,,
FROZEN-INTEGRATION_energy_3316,PASS,,
FROZEN-INTEGRATION_split_3317,PASS,,
FROZEN-INTEGRATION_energy_3318,PASS,,
FROZEN-INTEGRATION_moving_3319,PASS,,
FROZEN-INTEGRATION_split_3320,PASS,,
FROZEN-INTEGRATION_energy_3321,PASS,,
FROZEN-INTEGRATION_moving_3322,PASS,,
FROZEN-INTEGRATION_split_3323,PASS,,
FROZEN-INTEGRATION_energy_3324,PASS,,
FROZEN-INTEGRATION_split_3325,PASS,,
FROZEN-INTEGRATION_energy_3326,PASS,,
FROZEN-INTEGRATION_moving_3327,PASS,,
FROZEN-INTEGRATION_split_3328,PASS,,
FROZEN-INTEGRATION_energy_3329,PASS,,
FROZEN-INTEGRATION_split_3330,PASS,,
FROZEN-INTEGRATION_energy_3331,PASS,,
FROZEN-INTEGRATION_split_3332,PASS,,
FROZEN-INTEGRATION_energy_3333,PASS,,
FROZEN-INTEGRATION_moving_3334,PASS,,
FROZEN-INTEGRATION_split_3335,PASS,,
FROZEN-INTEGRATION_energy_3336,PASS,,
FROZEN-INTEGRATION_moving_3337,PASS,,
FROZEN-INTEGRATION_split_3338,PASS,,
FROZEN-INTEGRATION_energy_3339,PASS,,
FROZEN-INTEGRATION_split_3340,PASS,,
FROZEN-INTEGRATION_energy_3341,PASS,,
FROZEN-INTEGRATION_moving_3342,PASS,,
FROZEN-INTEGRATION_split_3343,PASS,,
FROZEN-INTEGRATION_energy_3344,PASS,,
FROZEN-INTEGRATION_split_3345,PASS,,
FROZEN-INTEGRATION_energy_3346,PASS,,
FROZEN-INTEGRATION_split_3347,PASS,,
FROZEN-INTEGRATION_energy_3348,PASS,,
FROZEN-INTEGRATION_moving_3349,PASS,,
FROZEN-INTEGRATION_split_3350,PASS,,
FROZEN-INTEGRATION_energy_3351,PASS,,
FROZEN-INTEGRATION_moving_3352,PASS,,
FROZEN-INTEGRATION_split_3353,PASS,,
FROZEN-INTEGRATION_energy_3354,PASS,,
FROZEN-INTEGRATION_split_3355,PASS,,
FROZEN-INTEGRATION_energy_3356,PASS,,
FROZEN-INTEGRATION_moving_3357,PASS,,
FROZEN-INTEGRATION_split_3358,PASS,,
FROZEN-INTEGRATION_energy_3359,PASS,,
FROZEN-INTEGRATION_split_3360,PASS,,
FROZEN-INTEGRATION_energy_3361,PASS,,
FROZEN-INTEGRATION_split_3362,PASS,,
FROZEN-INTEGRATION_energy_3363,PASS,,
FROZEN-INTEGRATION_moving_3364,PASS,,
FROZEN-INTEGRATION_split_3365,PASS,,
FROZEN-INTEGRATION_energy_3366,PASS,,
FROZEN-INTEGRATION_moving_3367,PASS,,
FROZEN-INTEGRATION_split_3368,PASS,,
FROZEN-INTEGRATION_energy_3369,PASS,,
FROZEN-INTEGRATION_split_3370,PASS,,
FROZEN-INTEGRATION_energy_3371,PASS,,
FROZEN-INTEGRATION_moving_3372,PASS,,
FROZEN-INTEGRATION_split_3373,PASS,,
FROZEN-INTEGRATION_energy_3374,PASS,,
FROZEN-INTEGRATION_split_3375,PASS,,
FROZEN-INTEGRATION_energy_3376,PASS,,
FROZEN-INTEGRATION_split_3377,PASS,,
FROZEN-INTEGRATION_energy_3378,PASS,,
FROZEN-INTEGRATION_moving_3379,PASS,,
FROZEN-INTEGRATION_split_3380,PASS,,
FROZEN-INTEGRATION_energy_3381,PASS,,
FROZEN-INTEGRATION_moving_3382,PASS,,
FROZEN-INTEGRATION_split_3383,PASS,,
FROZEN-INTEGRATION_energy_3384,PASS,,
FROZEN-INTEGRATION_split_3385,PASS,,
FROZEN-INTEGRATION_energy_3386,PASS,,
FROZEN-INTEGRATION_moving_3387,PASS,,
FROZEN-INTEGRATION_split_3388,PASS,,
FROZEN-INTEGRATION_energy_3389,PASS,,
FROZEN-INTEGRATION_split_3390,PASS,,
FROZEN-INTEGRATION_energy_3391,PASS,,
FROZEN-INTEGRATION_split_3392,PASS,,
FROZEN-INTEGRATION_energy_3393,PASS,,
FROZEN-INTEGRATION_moving_3394,PASS,,
FROZEN-INTEGRATION_split_3395,PASS,,
FROZEN-INTEGRATION_energy_3396,PASS,,
FROZEN-INTEGRATION_moving_3397,PASS,,
FROZEN-INTEGRATION_split_3398,PASS,,
FROZEN-INTEGRATION_energy_3399,PASS,,
FROZEN-INTEGRATION_split_3400,PASS,,
FROZEN-INTEGRATION_energy_3401,PASS,,
FROZEN-INTEGRATION_moving_3402,PASS,,
FROZEN-INTEGRATION_split_3403,PASS,,
FROZEN-INTEGRATION_energy_3404,PASS,,
FROZEN-INTEGRATION_split_3405,PASS,,
FROZEN-INTEGRATION_energy_3406,PASS,,
FROZEN-INTEGRATION_split_3407,PASS,,
FROZEN-INTEGRATION_energy_3408,PASS,,
FROZEN-INTEGRATION_moving_3409,PASS,,
FROZEN-INTEGRATION_split_3410,PASS,,
FROZEN-INTEGRATION_energy_3411,PASS,,
FROZEN-INTEGRATION_moving_3412,PASS,,
FROZEN-INTEGRATION_split_3413,PASS,,
FROZEN-INTEGRATION_energy_3414,PASS,,
FROZEN-INTEGRATION_split_3415,PASS,,
FROZEN-INTEGRATION_energy_3416,PASS,,
FROZEN-INTEGRATION_moving_3417,PASS,,
FROZEN-INTEGRATION_split_3418,PASS,,
FROZEN-INTEGRATION_energy_3419,PASS,,
FROZEN-INTEGRATION_split_3420,PASS,,
FROZEN-INTEGRATION_energy_3421,PASS,,
FROZEN-INTEGRATION_split_3422,PASS,,
FROZEN-INTEGRATION_energy_3423,PASS,,
FROZEN-INTEGRATION_moving_3424,PASS,,
FROZEN-INTEGRATION_split_3425,PASS,,
FROZEN-INTEGRATION_energy_3426,PASS,,
FROZEN-INTEGRATION_moving_3427,PASS,,
FROZEN-INTEGRATION_split_3428,PASS,,
FROZEN-INTEGRATION_energy_3429,PASS,,
FROZEN-INTEGRATION_split_3430,PASS,,
FROZEN-INTEGRATION_energy_3431,PASS,,
FROZEN-INTEGRATION_moving_3432,PASS,,
FROZEN-INTEGRATION_split_3433,PASS,,
FROZEN-INTEGRATION_energy_3434,PASS,,
FROZEN-INTEGRATION_split_3435,PASS,,
FROZEN-INTEGRATION_energy_3436,PASS,,
FROZEN-INTEGRATION_split_3437,PASS,,
FROZEN-INTEGRATION_energy_3438,PASS,,
FROZEN-INTEGRATION_moving_3439,PASS,,
FROZEN-INTEGRATION_split_3440,PASS,,
FROZEN-INTEGRATION_energy_3441,PASS,,
FROZEN-INTEGRATION_moving_3442,PASS,,
FROZEN-INTEGRATION_split_3443,PASS,,
FROZEN-INTEGRATION_energy_3444,PASS,,
FROZEN-INTEGRATION_split_3445,PASS,,
FROZEN-INTEGRATION_energy_3446,PASS,,
FROZEN-INTEGRATION_moving_3447,PASS,,
FROZEN-INTEGRATION_split_3448,PASS,,
FROZEN-INTEGRATION_energy_3449,PASS,,
FROZEN-INTEGRATION_split_3450,PASS,,
FROZEN-INTEGRATION_energy_3451,PASS,,
FROZEN-INTEGRATION_split_3452,PASS,,
FROZEN-INTEGRATION_energy_3453,PASS,,
FROZEN-INTEGRATION_moving_3454,PASS,,
FROZEN-INTEGRATION_split_3455,PASS,,
FROZEN-INTEGRATION_energy_3456,PASS,,
FROZEN-INTEGRATION_moving_3457,PASS,,
FROZEN-INTEGRATION_split_3458,PASS,,
FROZEN-INTEGRATION_energy_3459,PASS,,
FROZEN-INTEGRATION_split_3460,PASS,,
FROZEN-INTEGRATION_energy_3461,PASS,,
FROZEN-INTEGRATION_moving_3462,PASS,,
FROZEN-INTEGRATION_split_3463,PASS,,
FROZEN-INTEGRATION_energy_3464,PASS,,
FROZEN-INTEGRATION_split_3465,PASS,,
FROZEN-INTEGRATION_energy_3466,PASS,,
FROZEN-INTEGRATION_split_3467,PASS,,
FROZEN-INTEGRATION_energy_3468,PASS,,
FROZEN-INTEGRATION_moving_3469,PASS,,
FROZEN-INTEGRATION_split_3470,PASS,,
FROZEN-INTEGRATION_energy_3471,PASS,,
FROZEN-INTEGRATION_moving_3472,PASS,,
FROZEN-INTEGRATION_split_3473,PASS,,
FROZEN-INTEGRATION_energy_3474,PASS,,
FROZEN-INTEGRATION_split_3475,PASS,,
FROZEN-INTEGRATION_energy_3476,PASS,,
FROZEN-INTEGRATION_moving_3477,PASS,,
FROZEN-INTEGRATION_split_3478,PASS,,
FROZEN-INTEGRATION_energy_3479,PASS,,
FROZEN-INTEGRATION_split_3480,PASS,,
FROZEN-INTEGRATION_energy_3481,PASS,,
FROZEN-INTEGRATION_split_3482,PASS,,
FROZEN-INTEGRATION_energy_3483,PASS,,
FROZEN-INTEGRATION_moving_3484,PASS,,
FROZEN-INTEGRATION_split_3485,PASS,,
FROZEN-INTEGRATION_energy_3486,PASS,,
FROZEN-INTEGRATION_moving_3487,PASS,,
FROZEN-INTEGRATION_split_3488,PASS,,
FROZEN-INTEGRATION_energy_3489,PASS,,
FROZEN-INTEGRATION_split_3490,PASS,,
FROZEN-INTEGRATION_energy_3491,PASS,,
FROZEN-INTEGRATION_moving_3492,PASS,,
FROZEN-INTEGRATION_split_3493,PASS,,
FROZEN-INTEGRATION_energy_3494,PASS,,
FROZEN-INTEGRATION_split_3495,PASS,,
FROZEN-INTEGRATION_energy_3496,PASS,,
FROZEN-INTEGRATION_split_3497,PASS,,
FROZEN-INTEGRATION_energy_3498,PASS,,
FROZEN-INTEGRATION_moving_3499,PASS,,
FROZEN-INTEGRATION_split_3500,PASS,,
FROZEN-INTEGRATION_energy_3501,PASS,,
FROZEN-INTEGRATION_moving_3502,PASS,,
FROZEN-INTEGRATION_split_3503,PASS,,
FROZEN-INTEGRATION_energy_3504,PASS,,
FROZEN-INTEGRATION_split_3505,PASS,,
FROZEN-INTEGRATION_energy_3506,PASS,,
FROZEN-INTEGRATION_moving_3507,PASS,,
FROZEN-INTEGRATION_split_3508,PASS,,
FROZEN-INTEGRATION_energy_3509,PASS,,
FROZEN-INTEGRATION_split_3510,PASS,,
FROZEN-INTEGRATION_energy_3511,PASS,,
FROZEN-INTEGRATION_split_3512,PASS,,
FROZEN-INTEGRATION_energy_3513,PASS,,
FROZEN-INTEGRATION_split_3514,PASS,,
FROZEN-INTEGRATION_energy_3515,PASS,,
FROZEN-INTEGRATION_moving_3516,PASS,,
FROZEN-INTEGRATION_split_3517,PASS,,
FROZEN-INTEGRATION_energy_3518,PASS,,
FROZEN-INTEGRATION_split_3519,PASS,,
FROZEN-INTEGRATION_energy_3520,PASS,,
FROZEN-INTEGRATION_moving_3521,PASS,,
FROZEN-INTEGRATION_split_3522,PASS,,
FROZEN-INTEGRATION_energy_3523,PASS,,
FROZEN-INTEGRATION_split_3524,PASS,,
FROZEN-INTEGRATION_energy_3525,PASS,,
FROZEN-INTEGRATION_split_3526,PASS,,
FROZEN-INTEGRATION_energy_3527,PASS,,
FROZEN-INTEGRATION_split_3528,PASS,,
FROZEN-INTEGRATION_energy_3529,PASS,,
FROZEN-INTEGRATION_moving_3530,PASS,,
FROZEN-INTEGRATION_split_3531,PASS,,
FROZEN-INTEGRATION_energy_3532,PASS,,
FROZEN-INTEGRATION_split_3533,PASS,,
FROZEN-INTEGRATION_energy_3534,PASS,,
FROZEN-INTEGRATION_moving_3535,PASS,,
FROZEN-INTEGRATION_split_3536,PASS,,
FROZEN-INTEGRATION_energy_3537,PASS,,
FROZEN-INTEGRATION_split_3538,PASS,,
FROZEN-INTEGRATION_energy_3539,PASS,,
FROZEN-INTEGRATION_split_3540,PASS,,
FROZEN-INTEGRATION_energy_3541,PASS,,
FROZEN-INTEGRATION_split_3542,PASS,,
FROZEN-INTEGRATION_energy_3543,PASS,,
FROZEN-INTEGRATION_moving_3544,PASS,,
FROZEN-INTEGRATION_split_3545,PASS,,
FROZEN-INTEGRATION_energy_3546,PASS,,
FROZEN-INTEGRATION_split_3547,PASS,,
FROZEN-INTEGRATION_energy_3548,PASS,,
FROZEN-INTEGRATION_moving_3549,PASS,,
FROZEN-INTEGRATION_split_3550,PASS,,
FROZEN-INTEGRATION_energy_3551,PASS,,
FROZEN-INTEGRATION_split_3552,PASS,,
FROZEN-INTEGRATION_energy_3553,PASS,,
FROZEN-INTEGRATION_split_3554,PASS,,
FROZEN-INTEGRATION_energy_3555,PASS,,
FROZEN-INTEGRATION_split_3556,PASS,,
FROZEN-INTEGRATION_energy_3557,PASS,,
FROZEN-INTEGRATION_moving_3558,PASS,,
FROZEN-INTEGRATION_split_3559,PASS,,
FROZEN-INTEGRATION_energy_3560,PASS,,
FROZEN-INTEGRATION_split_3561,PASS,,
FROZEN-INTEGRATION_energy_3562,PASS,,
FROZEN-INTEGRATION_moving_3563,PASS,,
FROZEN-INTEGRATION_split_3564,PASS,,
FROZEN-INTEGRATION_energy_3565,PASS,,
FROZEN-INTEGRATION_split_3566,PASS,,
FROZEN-INTEGRATION_energy_3567,PASS,,
FROZEN-INTEGRATION_split_3568,PASS,,
FROZEN-INTEGRATION_energy_3569,PASS,,
FROZEN-INTEGRATION_split_3570,PASS,,
FROZEN-INTEGRATION_energy_3571,PASS,,
FROZEN-INTEGRATION_moving_3572,PASS,,
FROZEN-INTEGRATION_split_3573,PASS,,
FROZEN-INTEGRATION_energy_3574,PASS,,
FROZEN-INTEGRATION_split_3575,PASS,,
FROZEN-INTEGRATION_energy_3576,PASS,,
FROZEN-INTEGRATION_moving_3577,PASS,,
FROZEN-INTEGRATION_split_3578,PASS,,
FROZEN-INTEGRATION_energy_3579,PASS,,
FROZEN-INTEGRATION_split_3580,PASS,,
FROZEN-INTEGRATION_energy_3581,PASS,,
FROZEN-INTEGRATION_split_3582,PASS,,
FROZEN-INTEGRATION_energy_3583,PASS,,
FROZEN-INTEGRATION_split_3584,PASS,,
FROZEN-INTEGRATION_energy_3585,PASS,,
FROZEN-INTEGRATION_moving_3586,PASS,,
FROZEN-INTEGRATION_split_3587,PASS,,
FROZEN-INTEGRATION_energy_3588,PASS,,
FROZEN-INTEGRATION_split_3589,PASS,,
FROZEN-INTEGRATION_energy_3590,PASS,,
FROZEN-INTEGRATION_moving_3591,PASS,,
FROZEN-INTEGRATION_split_3592,PASS,,
FROZEN-INTEGRATION_energy_3593,PASS,,
FROZEN-INTEGRATION_split_3594,PASS,,
FROZEN-INTEGRATION_energy_3595,PASS,,
FROZEN-INTEGRATION_split_3596,PASS,,
FROZEN-INTEGRATION_energy_3597,PASS,,
FROZEN-INTEGRATION_split_3598,PASS,,
FROZEN-INTEGRATION_energy_3599,PASS,,
FROZEN-INTEGRATION_moving_3600,PASS,,
FROZEN-INTEGRATION_split_3601,PASS,,
FROZEN-INTEGRATION_energy_3602,PASS,,
FROZEN-INTEGRATION_split_3603,PASS,,
FROZEN-INTEGRATION_energy_3604,PASS,,
FROZEN-INTEGRATION_moving_3605,PASS,,
FROZEN-INTEGRATION_split_3606,PASS,,
FROZEN-INTEGRATION_energy_3607,PASS,,
FROZEN-INTEGRATION_split_3608,PASS,,
FROZEN-INTEGRATION_energy_3609,PASS,,
FROZEN-INTEGRATION_split_3610,PASS,,
FROZEN-INTEGRATION_energy_3611,PASS,,
FROZEN-INTEGRATION_split_3612,PASS,,
FROZEN-INTEGRATION_energy_3613,PASS,,
FROZEN-INTEGRATION_moving_3614,PASS,,
FROZEN-INTEGRATION_split_3615,PASS,,
FROZEN-INTEGRATION_energy_3616,PASS,,
FROZEN-INTEGRATION_split_3617,PASS,,
FROZEN-INTEGRATION_energy_3618,PASS,,
FROZEN-INTEGRATION_split_3619,PASS,,
FROZEN-INTEGRATION_energy_3620,PASS,,
FROZEN-INTEGRATION_split_3621,PASS,,
FROZEN-INTEGRATION_energy_3622,PASS,,
FROZEN-INTEGRATION_split_3623,PASS,,
FROZEN-INTEGRATION_energy_3624,PASS,,
FROZEN-INTEGRATION_split_3625,PASS,,
FROZEN-INTEGRATION_energy_3626,PASS,,
FROZEN-INTEGRATION_split_3627,PASS,,
FROZEN-INTEGRATION_energy_3628,PASS,,
FROZEN-INTEGRATION_split_3629,PASS,,
FROZEN-INTEGRATION_energy_3630,PASS,,
FROZEN-INTEGRATION_split_3631,PASS,,
FROZEN-INTEGRATION_energy_3632,PASS,,
FROZEN-INTEGRATION_split_3633,PASS,,
FROZEN-INTEGRATION_energy_3634,PASS,,
FROZEN-INTEGRATION_split_3635,PASS,,
FROZEN-INTEGRATION_energy_3636,PASS,,
FROZEN-INTEGRATION_split_3637,PASS,,
FROZEN-INTEGRATION_energy_3638,PASS,,
FROZEN-INTEGRATION_split_3639,PASS,,
FROZEN-INTEGRATION_energy_3640,PASS,,
FROZEN-INTEGRATION_split_3641,PASS,,
FROZEN-INTEGRATION_energy_3642,PASS,,
FROZEN-INTEGRATION_split_3643,PASS,,
FROZEN-INTEGRATION_energy_3644,PASS,,
FROZEN-INTEGRATION_split_3645,PASS,,
FROZEN-INTEGRATION_energy_3646,PASS,,
FROZEN-INTEGRATION_split_3647,PASS,,
FROZEN-INTEGRATION_energy_3648,PASS,,
FROZEN-INTEGRATION_split_3649,PASS,,
FROZEN-INTEGRATION_energy_3650,PASS,,
FROZEN-INTEGRATION_split_3651,PASS,,
FROZEN-INTEGRATION_energy_3652,PASS,,
FROZEN-INTEGRATION_split_3653,PASS,,
FROZEN-INTEGRATION_energy_3654,PASS,,
FROZEN-INTEGRATION_split_3655,PASS,,
FROZEN-INTEGRATION_energy_3656,PASS,,
FROZEN-INTEGRATION_split_3657,PASS,,
FROZEN-INTEGRATION_energy_3658,PASS,,
FROZEN-INTEGRATION_open_entry_3659,PASS,,
FROZEN-INTEGRATION_open_entry_3660,PASS,,
FROZEN-INTEGRATION_open_entry_3661,PASS,,
FROZEN-INTEGRATION_open_entry_3662,PASS,,
FROZEN-INTEGRATION_open_entry_3663,PASS,,
FROZEN-INTEGRATION_open_entry_3664,PASS,,
FROZEN-INTEGRATION_open_entry_3665,PASS,,
FROZEN-INTEGRATION_open_entry_3666,PASS,,
FROZEN-INTEGRATION_open_entry_3667,PASS,,
FROZEN-INTEGRATION_open_entry_3668,PASS,,
FROZEN-INTEGRATION_open_entry_3669,PASS,,
FROZEN-INTEGRATION_open_entry_3670,PASS,,
FROZEN-INTEGRATION_open_entry_3671,PASS,,
FROZEN-INTEGRATION_open_entry_3672,PASS,,
FROZEN-INTEGRATION_open_entry_3673,PASS,,
FROZEN-INTEGRATION_open_entry_3674,PASS,,
FROZEN-INTEGRATION_open_entry_3675,PASS,,
FROZEN-INTEGRATION_open_entry_3676,PASS,,
FROZEN-INTEGRATION_open_entry_3677,PASS,,
FROZEN-INTEGRATION_open_entry_3678,PASS,,
FROZEN-INTEGRATION_open_entry_3679,PASS,,
FROZEN-INTEGRATION_open_entry_3680,PASS,,
FROZEN-INTEGRATION_open_entry_3681,PASS,,
FROZEN-INTEGRATION_open_entry_3682,PASS,,
FROZEN-INTEGRATION_open_entry_3683,PASS,,
FROZEN-INTEGRATION_open_entry_3684,PASS,,
FROZEN-INTEGRATION_open_entry_3685,PASS,,
FROZEN-INTEGRATION_open_entry_3686,PASS,,
FROZEN-INTEGRATION_open_entry_3687,PASS,,
FROZEN-INTEGRATION_open_entry_3688,PASS,,
FROZEN-INTEGRATION_open_entry_3689,PASS,,
source_preserved_results\task-002-stage2b-b3-smoke\w-oos-v1-b2-audit\run-001\C_MFCV_example_state35_W1.npz,PASS,,
source_preserved_terminalLoh_wdro\partial_temporal_refinement\grouped_bank_3p5h\state-009_six_segment_grouped.mat,PASS,,
source_preserved_terminalLoh_wdro\partial_temporal_refinement\grouped_bank_3p5h\state-031_six_segment_grouped.mat,PASS,,
source_preserved_results\task-002-stage2b-b3-smoke\w-oos-v1-b1-scale\run-001\analysis_qa.csv,PASS,,
source_preserved_terminalLoh_wdro\partial_temporal_refinement\consequences\state-017_five_point_consequence.h5,PASS,,
source_preserved_W_OOS\V1\src\engine.py,PASS,,
source_preserved_results\task-002-stage2b-b3-smoke\w-oos-v1-b2-audit\run-001\fleet_inventory_upper_bound.csv,PASS,,
source_preserved_terminalLoh_wdro\partial_temporal_refinement\config\w0_zero_3p5h_schema.json,PASS,,
source_preserved_results\task-002-stage2b-b3-smoke\w-oos-v1-b2-audit\run-001\closeout_source_manifest.csv,PASS,,
source_preserved_results\task-002-stage2b-b3-smoke\w-oos-v1-b2-audit\run-001\question_coverage.csv,PASS,,
source_preserved_terminalLoh_wdro\partial_temporal_refinement\consequences\state-030_five_point_consequence.h5,PASS,,
source_preserved_terminalLoh_wdro\partial_temporal_refinement\consequences\state-026_five_point_consequence.h5,PASS,,
source_preserved_results\task-002-stage2b-b3-smoke\w-oos-v1-b2-audit\run-001\summary.json,PASS,,
source_preserved_results\task-002-stage2b-b3-smoke\w-oos-v1-b1-scale\run-001\level_coverage_matrix.csv,PASS,,
source_preserved_W_OOS\V1\config\b3_nominal.json,PASS,,
source_preserved_scripts\audit_w_oos_v1_b2.py,PASS,,
source_preserved_terminalLoh_wdro\partial_temporal_refinement\consequences\state-004_five_point_consequence.h5,PASS,,
source_preserved_results\task-002-stage2b-b3-smoke\w-oos-v1-preflight\run-001\level_coverage_matrix.csv,PASS,,
source_preserved_terminalLoh_wdro\partial_temporal_refinement\grouped_bank_3p5h\state-023_six_segment_grouped.mat,PASS,,
source_preserved_results\task-002-stage2b-b3-smoke\w-oos-v1-b1-scale\run-001\inventory_correlations.csv,PASS,,
source_preserved_terminalLoh_wdro\partial_temporal_refinement\consequences\state-018_five_point_consequence.h5,PASS,,
source_preserved_terminalLoh_wdro\partial_temporal_refinement\consequences\state-003_five_point_consequence.h5,PASS,,
source_preserved_terminalLoh_wdro\partial_temporal_refinement\consequences\state-010_five_point_consequence.h5,PASS,,
source_preserved_results\task-002-stage2b-b3-smoke\w-oos-v1-b2-audit\run-001\edge_open_closed_QA.csv,PASS,,
source_preserved_codex_rule\core.md,PASS,,
source_preserved_terminalLoh_wdro\partial_temporal_refinement\grouped_bank_3p5h\state-020_six_segment_grouped.mat,PASS,,
source_preserved_results\task-002-stage2b-b3-smoke\w-oos-v1-b2-audit\run-001\continuous_boundary_exposure.csv,PASS,,
source_preserved_results\task-002-stage2b-b3-smoke\w-oos-v1-b2-audit\run-001\C_MFCV_W0_and_examples.npz,PASS,,
source_preserved_terminalLoh_wdro\partial_temporal_refinement\consequences\state-028_five_point_consequence.h5,PASS,,
source_preserved_terminalLoh_wdro\partial_temporal_refinement\consequences\state-011_five_point_consequence.h5,PASS,,
source_preserved_results\task-002-stage2b-b3-smoke\w-oos-v1-b2-audit\run-001\physical_edge_identity.csv,PASS,,
source_preserved_results\task-002-stage2b-b3-smoke\w-oos-v1-b1-scale\run-001\audit_metrics.json,PASS,,
source_preserved_results\task-002-stage2b-b3-smoke\w-oos-v1-b2-audit\run-001\C_MFCV_example_state18_M23.npz,PASS,,
source_preserved_results\task-002-stage2b-b3-smoke\w-oos-v1-b2-audit\run-001\source_manifest.csv,PASS,,
source_preserved_terminalLoh_wdro\partial_temporal_refinement\grouped_bank_3p5h\state-007_six_segment_grouped.mat,PASS,,
source_preserved_results\task-002-stage2b-b3-smoke\w-oos-v1-b2-audit\run-001\C_MFCV_example_state35_M12.npz,PASS,,
source_preserved_terminalLoh_wdro\partial_temporal_refinement\grouped_bank_3p5h\state-010_six_segment_grouped.mat,PASS,,
source_preserved_terminalLoh_wdro\partial_temporal_refinement\grouped_bank_3p5h\state-024_six_segment_grouped.mat,PASS,,
source_preserved_results\task-002-stage2b-b3-smoke\w-oos-v1-b1-scale\run-001\physical_road_edges.csv,PASS,,
source_preserved_terminalLoh_wdro\partial_temporal_refinement\grouped_bank_3p5h\state-028_six_segment_grouped.mat,PASS,,
source_preserved_results\task-002-stage2b-b3-smoke\w-oos-v1-b1-scale\run-001\closure_mask_point_frequency.npz,PASS,,
source_preserved_results\task-002-stage2b-b3-smoke\w-oos-v1-b2-audit\run-001\station_inventory_scale.csv,PASS,,
source_preserved_terminalLoh_wdro\partial_temporal_refinement\src\run_temporal_refinement.py,PASS,,
source_preserved_results\task-002-stage2b-b3-smoke\w-oos-v1-b1-scale\run-001\00_report_zh.md,PASS,,
source_preserved_results\task-002-stage2b-b3-smoke\w-oos-v1-b2-audit\run-001\C_MFCV_example_state01_W2.npz,PASS,,
source_preserved_terminalLoh_wdro\partial_temporal_refinement\consequences\state-015_five_point_consequence.h5,PASS,,
source_preserved_terminalLoh_wdro\partial_temporal_refinement\consequences\state-033_five_point_consequence.h5,PASS,,
source_preserved_terminalLoh_wdro\partial_temporal_refinement\consequences\state-008_five_point_consequence.h5,PASS,,
source_preserved_terminalLoh_wdro\partial_temporal_refinement\consequences\state-031_five_point_consequence.h5,PASS,,
source_preserved_terminalLoh_wdro\partial_temporal_refinement\grouped_bank_3p5h\state-005_six_segment_grouped.mat,PASS,,
source_preserved_results\task-002-stage2b-b3-smoke\w-oos-v1-preflight\run-001\bank_qa_by_state.csv,PASS,,
source_preserved_terminalLoh_wdro\partial_temporal_refinement\consequences\state-029_five_point_consequence.h5,PASS,,
source_preserved_results\task-002-stage2b-b3-smoke\w-oos-v1-b1-scale\run-001\physical_distance_quantiles.csv,PASS,,
source_preserved_AGENTS.md,PASS,,
source_preserved_results\task-002-stage2b-b3-smoke\w-oos-v1-b2-audit\run-001\preflight.json,PASS,,
source_preserved_results\task-002-stage2b-b3-smoke\w-oos-v1-b1-scale\run-001\inventory_cohort_path_detail.csv,PASS,,
source_preserved_results\task-002-stage2b-b3-smoke\w-oos-v1-b2-audit\run-001\P_H_joint_scale.csv,PASS,,
source_preserved_results\task-002-stage2b-b3-smoke\w-oos-v1-b1-scale\run-001\six_vehicle_loading_scale.csv,PASS,,
source_preserved_terminalLoh_wdro\partial_temporal_refinement\consequences\state-014_five_point_consequence.h5,PASS,,
source_preserved_terminalLoh_wdro\partial_temporal_refinement\consequences\state-002_five_point_consequence.h5,PASS,,
source_preserved_results\task-002-stage2b-b3-smoke\w-oos-v1-b2-audit\run-001\C_MFCV_example_state18_M12.npz,PASS,,
source_preserved_results\task-002-stage2b-b3-smoke\w-oos-v1-b2-audit\run-001\effective_speed_quantiles.csv,PASS,,
source_preserved_terminalLoh_wdro\partial_temporal_refinement\consequences\state-016_five_point_consequence.h5,PASS,,
source_preserved_results\task-002-stage2b-b3-smoke\w-oos-v1-b1-scale\run-001\data_preservation_qa.csv,PASS,,
source_preserved_terminalLoh_wdro\partial_temporal_refinement\grouped_bank_3p5h\six_segment_grouped_bank_manifest.csv,PASS,,
source_preserved_results\task-002-stage2b-b3-smoke\w-oos-v1-preflight\run-001\data_preservation_qa.csv,PASS,,
source_preserved_terminalLoh_wdro\partial_temporal_refinement\grouped_bank_3p5h\state-017_six_segment_grouped.mat,PASS,,
source_preserved_results\task-002-stage2b-b3-smoke\w-oos-v1-b2-audit\run-001\C_MFCV_example_state35_W2.npz,PASS,,
source_preserved_results\task-002-stage2b-b3-smoke\w-oos-v1-preflight\run-001\scale_exact_frequency_by_state.csv,PASS,,
source_preserved_results\task-002-stage2b-b3-smoke\w-oos-v1-b2-audit\run-001\loading_rate_scale.csv,PASS,,
source_preserved_results\task-002-stage2b-b3-smoke\w-oos-v1-b1-scale\run-001\output_manifest.csv,PASS,,
source_preserved_terminalLoh_wdro\partial_temporal_refinement\grouped_bank_3p5h\state-008_six_segment_grouped.mat,PASS,,
source_preserved_results\task-002-stage2b-b3-smoke\w-oos-v1-b2-audit\run-001\OD_travel_time_quantiles.csv,PASS,,
source_preserved_W_OOS\V1\src\road.py,PASS,,
source_preserved_results\task-002-stage2b-b3-smoke\w-oos-v1-preflight\run-001\output_manifest.csv,PASS,,
source_preserved_results\task-002-stage2b-b3-smoke\w-oos-v1-b1-scale\run-001\issue_by_issue_result_ledger.csv,PASS,,
source_preserved_results\task-002-stage2b-b3-smoke\w-oos-v1-b2-audit\run-001\independent_validation.csv,PASS,,
source_preserved_terminalLoh_wdro\partial_temporal_refinement\consequences\state-024_five_point_consequence.h5,PASS,,
source_preserved_results\task-002-stage2b-b3-smoke\w-oos-v1-b2-audit\run-001\C_MFCV_example_state01_M23.npz,PASS,,
source_preserved_terminalLoh_wdro\partial_temporal_refinement\consequences\state-023_five_point_consequence.h5,PASS,,
source_preserved_terminalLoh_wdro\partial_temporal_refinement\consequences\five_point_consequence_manifest.csv,PASS,,
source_preserved_results\task-002-stage2b-b3-smoke\w-oos-v1-b2-audit\run-001\C_MFCV_example_state35_M23.npz,PASS,,
source_preserved_results\task-002-stage2b-b3-smoke\w-oos-v1-preflight\run-001\issue_by_issue_result_ledger.csv,PASS,,
source_preserved_results\task-002-stage2b-b3-smoke\w-oos-v1-b1-scale\run-001\travel_time_quantiles_scale.csv,PASS,,
source_preserved_codex_rule\log.md,PASS,,
source_preserved_results\task-002-stage2b-b3-smoke\w-oos-v1-b2-audit\run-001\C_MFCV_example_state18_W3.npz,PASS,,
source_preserved_terminalLoh_wdro\current_w_mainline_stage88\src_snapshot\terminalLoh_wdro\src\run_stage88a_h2_bank_state_h2.m,PASS,,
source_preserved_results\task-002-stage2b-b3-smoke\w-oos-v1-b1-scale\run-001\independent_shortest_path_qa.csv,PASS,,
source_preserved_results\task-002-stage2b-b3-smoke\w-oos-v1-b1-scale\run-001\delivery_qa.json,PASS,,
source_preserved_terminalLoh_wdro\partial_temporal_refinement\grouped_bank_3p5h\state-022_six_segment_grouped.mat,PASS,,
source_preserved_terminalLoh_wdro\partial_temporal_refinement\consequences\state-027_five_point_consequence.h5,PASS,,
source_preserved_terminalLoh_wdro\partial_temporal_refinement\grouped_bank_3p5h\state-004_six_segment_grouped.mat,PASS,,
source_preserved_results\task-002-stage2b-b3-smoke\w-oos-v1-b2-audit\run-001\C_MFCV_example_state01_W3.npz,PASS,,
source_preserved_results\task-002-stage2b-b3-smoke\w-oos-v1-b1-scale\run-001\analysis_control_card.json,PASS,,
source_preserved_results\task-002-stage2b-b3-smoke\w-oos-v1-b1-scale\run-001\road_population_coverage.csv,PASS,,
source_preserved_results\task-002-stage2b-b3-smoke\w-oos-v1-b1-scale\run-001\final_closeout.json,PASS,,
source_preserved_terminalLoh_wdro\partial_temporal_refinement\grouped_bank_3p5h\state-016_six_segment_grouped.mat,PASS,,
source_preserved_results\task-002-stage2b-b3-smoke\w-oos-v1-preflight\run-001\road_edge_geometry_audit.csv,PASS,,
source_preserved_results\task-002-stage2b-b3-smoke\w-oos-v1-preflight\run-001\analysis_control_card.json,PASS,,
source_preserved_codex_rule\OOS_rule.md,PASS,,
source_preserved_terminalLoh_wdro\partial_temporal_refinement\consequences\state-005_five_point_consequence.h5,PASS,,
source_preserved_results\task-002-stage2b-b3-smoke\w-oos-v1-b1-scale\run-001\inventory_quantiles.csv,PASS,,
source_preserved_terminalLoh_wdro\partial_temporal_refinement\consequences\state-021_five_point_consequence.h5,PASS,,
source_preserved_results\task-002-stage2b-b3-smoke\w-oos-v1-preflight\run-001\scale_exact_frequency.csv,PASS,,
source_preserved_terminalLoh_wdro\partial_temporal_refinement\grouped_bank_3p5h\state-001_six_segment_grouped.mat,PASS,,
source_preserved_W_OOS\V1\tests\run_b3_smoke.py,PASS,,
source_preserved_terminalLoh_wdro\partial_temporal_refinement\grouped_bank_3p5h\state-018_six_segment_grouped.mat,PASS,,
source_preserved_terminalLoh_wdro\partial_temporal_refinement\grouped_bank_3p5h\state-011_six_segment_grouped.mat,PASS,,
source_preserved_terminalLoh_wdro\partial_temporal_refinement\consequences\state-012_five_point_consequence.h5,PASS,,
source_preserved_results\task-002-stage2b-b3-smoke\w-oos-v1-b1-scale\run-001\closeout_source_manifest.csv,PASS,,
source_preserved_terminalLoh_wdro\partial_temporal_refinement\consequences\state-006_five_point_consequence.h5,PASS,,
source_preserved_terminalLoh_wdro\partial_temporal_refinement\consequences\state-034_five_point_consequence.h5,PASS,,
source_preserved_terminalLoh_wdro\current_w_mainline_stage88\msp_bridge\near_stage_msp_input_stage88_cap200_candidate.mat,PASS,,
source_preserved_results\task-002-stage2b-b3-smoke\w-oos-v1-preflight\run-001\oos_interface_qa.csv,PASS,,
source_preserved_results\task-002-stage2b-b3-smoke\w-oos-v1-b1-scale\run-001\travel_time_threshold_shares.csv,PASS,,
source_preserved_results\task-002-stage2b-b3-smoke\w-oos-v1-b2-audit\run-001\C_MFCV_example_state01_W1.npz,PASS,,
source_preserved_results\task-002-stage2b-b3-smoke\w-oos-v1-preflight\run-001\scale_quantiles.csv,PASS,,
source_preserved_terminalLoh_wdro\partial_temporal_refinement\grouped_bank_3p5h\state-021_six_segment_grouped.mat,PASS,,
source_preserved_terminalLoh_wdro\partial_temporal_refinement\grouped_bank_3p5h\state-032_six_segment_grouped.mat,PASS,,
source_preserved_results\task-002-stage2b-b3-smoke\w-oos-v1-b2-audit\run-001\C_identity_full_QA.csv,PASS,,
source_preserved_terminalLoh_wdro\partial_temporal_refinement\grouped_bank_3p5h\state-012_six_segment_grouped.mat,PASS,,
source_preserved_results\task-002-stage2b-b3-smoke\w-oos-v1-preflight\run-001\BASE2-SAA_checkpoint_parameters.json,PASS,,
source_preserved_terminalLoh_wdro\partial_temporal_refinement\consequences\state-032_five_point_consequence.h5,PASS,,
source_preserved_terminalLoh_wdro\partial_temporal_refinement\src\run_step03_w0_zero_3p5h.py,PASS,,
source_preserved_terminalLoh_wdro\partial_temporal_refinement\consequences\state-013_five_point_consequence.h5,PASS,,
source_preserved_data\yuanqi\stage1_site_nodes.csv,PASS,,
source_preserved_results\task-002-stage2b-b3-smoke\w-oos-v1-b2-audit\run-001\C_MFCV_example_state18_W1.npz,PASS,,
source_preserved_results\task-002-stage2b-b3-smoke\w-oos-v1-b2-audit\run-001\00_report_zh.md,PASS,,
source_preserved_terminalLoh_wdro\partial_temporal_refinement\consequences\state-001_five_point_consequence.h5,PASS,,
source_preserved_results\task-002-stage2b-b3-smoke\w-oos-v1-preflight\run-001\scale_quantiles_by_state.csv,PASS,,
source_preserved_results\task-002-stage2b-b3-smoke\w-oos-v1-preflight\run-001\recovered_msp_inventory.csv,PASS,,
source_preserved_results\task-002-stage2b-b3-smoke\w-oos-v1-b1-scale\run-001\source_manifest.csv,PASS,,
source_preserved_terminalLoh_wdro\partial_temporal_refinement\grouped_bank_3p5h\state-033_six_segment_grouped.mat,PASS,,
source_preserved_terminalLoh_wdro\partial_temporal_refinement\consequences\state-009_five_point_consequence.h5,PASS,,
source_preserved_terminalLoh_wdro\partial_temporal_refinement\grouped_bank_3p5h\state-030_six_segment_grouped.mat,PASS,,
source_preserved_results\task-002-stage2b-b3-smoke\w-oos-v1-b1-scale\run-001\physical_distance_exact_frequency.csv,PASS,,
source_preserved_results\task-002-stage2b-b3-smoke\w-oos-v1-b2-audit\run-001\C_MFCV_example_state01_M12.npz,PASS,,
source_preserved_results\task-002-stage2b-b3-smoke\w-oos-v1-preflight\run-001\source_manifest.csv,PASS,,
source_preserved_terminalLoh_wdro\partial_temporal_refinement\consequences\state-025_five_point_consequence.h5,PASS,,
source_preserved_terminalLoh_wdro\partial_temporal_refinement\grouped_bank_3p5h\state-003_six_segment_grouped.mat,PASS,,
source_preserved_terminalLoh_wdro\partial_temporal_refinement\grouped_bank_3p5h\state-015_six_segment_grouped.mat,PASS,,
source_preserved_terminalLoh_wdro\partial_temporal_refinement\grouped_bank_3p5h\state-026_six_segment_grouped.mat,PASS,,
source_preserved_results\task-002-stage2b-b3-smoke\w-oos-v1-b2-audit\run-001\P_H_inventory_joint.csv,PASS,,
source_preserved_terminalLoh_wdro\partial_temporal_refinement\grouped_bank_3p5h\state-027_six_segment_grouped.mat,PASS,,
source_preserved_results\task-002-stage2b-b3-smoke\w-oos-v1-preflight\run-001\00_plain_language_summary_zh.md,PASS,,
source_preserved_terminalLoh_wdro\partial_temporal_refinement\consequences\state-019_five_point_consequence.h5,PASS,,
source_preserved_terminalLoh_wdro\partial_temporal_refinement\grouped_bank_3p5h\state-035_six_segment_grouped.mat,PASS,,
source_preserved_results\task-002-stage2b-b3-smoke\w-oos-v1-preflight\run-001\analysis_qa.csv,PASS,,
source_preserved_results\task-002-stage2b-b3-smoke\w-oos-v1-b1-scale\run-001\communication_qa.csv,PASS,,
source_preserved_data\yuanqi\near_stage_msp_input.mat,PASS,,
source_preserved_terminalLoh_wdro\partial_temporal_refinement\consequences\state-020_five_point_consequence.h5,PASS,,
source_preserved_results\task-002-stage2b-b3-smoke\w-oos-v1-b2-audit\run-001\OD_equivalent_distance_quantiles.csv,PASS,,
source_preserved_terminalLoh_wdro\partial_temporal_refinement\grouped_bank_3p5h\state-002_six_segment_grouped.mat,PASS,,
source_preserved_results\task-002-stage2b-b3-smoke\w-oos-v1-preflight\run-001\node_mapping_and_load.csv,PASS,,
source_preserved_results\task-002-stage2b-b3-smoke\w-oos-v1-preflight\run-001\communication_qa.csv,PASS,,
source_preserved_results\task-002-stage2b-b3-smoke\w-oos-v1-b2-audit\run-001\C_MFCV_example_state35_W3.npz,PASS,,
source_preserved_terminalLoh_wdro\partial_temporal_refinement\grouped_bank_3p5h\state-029_six_segment_grouped.mat,PASS,,
source_preserved_results\task-002-stage2b-b3-smoke\w-oos-v1-b2-audit\run-001\effective_speed_threshold_shares.csv,PASS,,
source_preserved_terminalLoh_wdro\partial_temporal_refinement\consequences\state-035_five_point_consequence.h5,PASS,,
source_preserved_results\task-002-stage2b-b3-smoke\w-oos-v1-b2-audit\run-001\output_manifest.csv,PASS,,
source_preserved_terminalLoh_wdro\partial_temporal_refinement\consequences\state-007_five_point_consequence.h5,PASS,,
source_preserved_results\task-002-stage2b-b3-smoke\w-oos-v1-b2-audit\run-001\prelog_QA.json,PASS,,
source_preserved_results\task-002-stage2b-b3-smoke\w-oos-v1-preflight\run-001\data_schema.csv,PASS,,
source_preserved_results\task-002-stage2b-b3-smoke\w-oos-v1-b1-scale\run-001\preflight.json,PASS,,
source_preserved_terminalLoh_wdro\partial_temporal_refinement\grouped_bank_3p5h\state-025_six_segment_grouped.mat,PASS,,
source_preserved_results\task-002-stage2b-b3-smoke\w-oos-v1-preflight\run-001\road_node_to_node_sample_qa.csv,PASS,,
source_preserved_data\yuanqi\stage1_road_edges.csv,PASS,,
source_preserved_terminalLoh_wdro\partial_temporal_refinement\grouped_bank_3p5h\state-006_six_segment_grouped.mat,PASS,,
source_preserved_results\task-002-stage2b-b3-smoke\w-oos-v1-preflight\run-001\BASE2-DRO_checkpoint_parameters.json,PASS,,
source_preserved_results\task-002-stage2b-b3-smoke\w-oos-v1-preflight\run-001\preflight.json,PASS,,
source_preserved_terminalLoh_wdro\partial_temporal_refinement\grouped_bank_3p5h\state-019_six_segment_grouped.mat,PASS,,
source_preserved_results\task-002-stage2b-b3-smoke\w-oos-v1-b2-audit\run-001\C_MFCV_example_state18_W2.npz,PASS,,
source_preserved_results\task-002-stage2b-b3-smoke\w-oos-v1-preflight\run-001\supplemental_source_manifest.csv,PASS,,
source_preserved_terminalLoh_wdro\partial_temporal_refinement\consequences\state-022_five_point_consequence.h5,PASS,,
source_preserved_terminalLoh_wdro\partial_temporal_refinement\grouped_bank_3p5h\state-013_six_segment_grouped.mat,PASS,,
source_preserved_results\task-002-stage2b-b3-smoke\w-oos-v1-b2-audit\run-001\OD_equivalent_distance_histogram.npz,PASS,,
source_preserved_results\task-002-stage2b-b3-smoke\w-oos-v1-b2-audit\run-001\independent_shortest_path_QA.csv,PASS,,
source_preserved_terminalLoh_wdro\partial_temporal_refinement\grouped_bank_3p5h\state-034_six_segment_grouped.mat,PASS,,
source_preserved_codex_rule\longtask.md,PASS,,
source_preserved_results\task-002-stage2b-b3-smoke\w-oos-v1-preflight\run-001\audit_metrics.json,PASS,,
source_preserved_terminalLoh_wdro\partial_temporal_refinement\grouped_bank_3p5h\state-014_six_segment_grouped.mat,PASS,,
source_preserved_results\task-002-stage2b-b3-smoke\w-oos-v1-b2-audit\run-001\analysis_control_card.json,PASS,,
source_preserved_results\task-002-stage2b-b3-smoke\w-oos-v1-b2-audit\run-001\final_closeout.json,PASS,,
source_preserved_results\task-002-stage2b-b3-smoke\w-oos-v1-preflight\run-001\closeout_qa.json,PASS,,
source_preserved_results\task-002-stage2b-b3-smoke\w-oos-v1-b2-audit\run-001\final_summary.json,PASS,,
